Date,Adj Close,Close,High,Low,Open,Volume
2015-01-02,2.050201416015625,3.1700000762939453,3.2699999809265137,3.1500000953674316,3.2699999809265137,21734100
2015-01-05,1.9941494464874268,3.0833330154418945,3.1533329486846924,3.0566658973693848,3.1433329582214355,34790100
2015-01-06,2.013551950454712,3.113332986831665,3.113332986831665,3.0333330631256104,3.0666658878326416,49214700
2015-01-07,2.093317985534668,3.236665964126587,3.2833330631256104,3.1266660690307617,3.1333329677581787,24006600
2015-01-08,2.0652918815612793,3.1933329105377197,3.299999952316284,3.190000057220459,3.296665906906128,22967700
2015-01-09,2.0113961696624756,3.109999895095825,3.2166659832000732,3.103332996368408,3.1966660022735596,17848800
2015-01-12,1.953188180923462,3.0199999809265137,3.123332977294922,3.0066659450531006,3.0999999046325684,37890600
2015-01-13,1.9574995040893555,3.0266659259796143,3.1266660690307617,3.0133330821990967,3.0166659355163574,29477700
2015-01-14,1.9963047504425049,3.0866661071777344,3.0933330059051514,2.983333110809326,3.0,18569100
2015-01-15,1.9876811504364014,3.0733330249786377,3.176666021347046,3.063333034515381,3.069999933242798,29427000
2015-01-16,2.0480446815490723,3.166666030883789,3.183332920074463,3.0899999141693115,3.0899999141693115,21628200
2015-01-19,1.9359420537948608,2.993333101272583,3.180000066757202,2.983333110809326,3.1433329582214355,29226900
2015-01-20,1.9747469425201416,3.053333044052124,3.113332986831665,3.0233330726623535,3.059999942779541,53613600
2015-01-21,2.0652918815612793,3.1933329105377197,3.200000047683716,3.0233330726623535,3.0666658878326416,40127400
2015-01-22,2.153681516647339,3.3299999237060547,3.3433330059051514,3.2133328914642334,3.2166659832000732,92274600
2015-01-23,2.117032289505005,3.2733330726623535,3.3299999237060547,3.233333110809326,3.3299999237060547,24373200
2015-01-26,2.0911617279052734,3.233333110809326,3.2633330821990967,3.1866660118103027,3.2166659832000732,27995100
2015-01-27,2.1299664974212646,3.293333053588867,3.3166658878326416,3.163332939147949,3.22666597366333,31176900
2015-01-28,2.0825393199920654,3.2200000286102295,3.2733330726623535,3.1700000762939453,3.25,24946500
2015-01-29,2.123499631881714,3.2833330631256104,3.2833330631256104,3.166666030883789,3.2100000381469727,29271000
2015-01-30,1.983370065689087,3.0666658878326416,3.2166659832000732,3.0299999713897705,3.2166659832000732,69632100
2015-02-02,2.009239912033081,3.106666088104248,3.119999885559082,3.036665916442871,3.0666658878326416,25132200
2015-02-03,2.0652918815612793,3.1933329105377197,3.2200000286102295,3.113332986831665,3.1566660404205322,38930100
2015-02-04,2.1019411087036133,3.25,3.2899999618530273,3.1333329677581787,3.2166659832000732,37300200
2015-02-05,2.086850166320801,3.22666597366333,3.2766659259796143,3.200000047683716,3.2300000190734863,34461600
2015-02-06,2.032953977584839,3.1433329582214355,3.2100000381469727,3.069999933242798,3.176666021347046,34916700
2015-02-09,2.032953977584839,3.1433329582214355,3.1600000858306885,3.109999895095825,3.1433329582214355,23987400
2015-02-10,2.013551950454712,3.113332986831665,3.1866660118103027,3.0999999046325684,3.123332977294922,20343000
2015-02-11,1.9337865114212036,2.990000009536743,3.0999999046325684,2.950000047683716,3.0999999046325684,88685700
2015-02-12,1.998461127281189,3.0899999141693115,3.0999999046325684,3.0299999713897705,3.0333330631256104,30471900
2015-02-13,2.022174835205078,3.1266660690307617,3.140000104904175,3.0866661071777344,3.106666088104248,26991900
2015-02-18,2.0782270431518555,3.2133328914642334,3.25,3.140000104904175,3.1433329582214355,49479000
2015-02-19,2.0825393199920654,3.2200000286102295,3.296665906906128,3.1866660118103027,3.2066659927368164,22229100
2015-02-20,2.093317985534668,3.236665964126587,3.25,3.1933329105377197,3.233333110809326,22827900
2015-02-23,2.0674474239349365,3.1966660022735596,3.259999990463257,3.166666030883789,3.190000057220459,17523000
2015-02-24,2.145057201385498,3.3166658878326416,3.3166658878326416,3.1700000762939453,3.2166659832000732,28132200
2015-02-25,2.1299664974212646,3.293333053588867,3.303333044052124,3.2233328819274902,3.25333309173584,23346900
2015-02-26,2.162304639816284,3.3433330059051514,3.3499999046325684,3.2566659450531006,3.309999942779541,34166700
2015-02-27,2.173084020614624,3.359999895095825,3.4033329486846924,3.313333034515381,3.3333330154418945,49483800
2015-03-02,2.0803825855255127,3.2166659832000732,3.366666078567505,3.1966660022735596,3.3233330249786377,42954000
2015-03-03,2.123499631881714,3.2833330631256104,3.3266661167144775,3.200000047683716,3.233333110809326,31415400
2015-03-04,2.1407456398010254,3.309999942779541,3.309999942779541,3.2166659832000732,3.2300000190734863,30936300
2015-03-05,2.0782270431518555,3.2133328914642334,3.3266661167144775,3.183332920074463,3.313333034515381,36041400
2015-03-06,2.0846948623657227,3.2233328819274902,3.25,3.1500000953674316,3.233333110809326,31528800
2015-03-09,2.071758985519409,3.2033329010009766,3.233333110809326,3.1366660594940186,3.200000047683716,30692100
2015-03-10,2.050201416015625,3.1700000762939453,3.2466659545898438,3.166666030883789,3.176666021347046,30436200
2015-03-11,2.099785089492798,3.2466659545898438,3.259999990463257,3.166666030883789,3.183332920074463,43041300
2015-03-12,2.07607102394104,3.2100000381469727,3.309999942779541,3.200000047683716,3.293333053588867,46352400
2015-03-13,2.0803825855255127,3.2166659832000732,3.2466659545898438,3.119999885559082,3.1533329486846924,52621200
2015-03-16,2.149369239807129,3.3233330249786377,3.3266661167144775,3.233333110809326,3.233333110809326,48949500
2015-03-17,2.3132131099700928,3.5766661167144775,3.5933330059051514,3.309999942779541,3.3166658878326416,109299900
2015-03-18,2.42531681060791,3.75,3.796665906906128,3.5866661071777344,3.5866661071777344,142158900
2015-03-19,2.388667583465576,3.6933329105377197,3.740000009536743,3.6600000858306885,3.7133328914642334,55851000
2015-03-20,2.4533424377441406,3.793333053588867,3.8766660690307617,3.740000009536743,3.75,71010900
2015-03-23,2.4188497066497803,3.740000009536743,3.8433330059051514,3.6700000762939453,3.8233330249786377,126922800
2015-03-24,2.362797737121582,3.6533329486846924,3.7566659450531006,3.5866661071777344,3.733333110809326,58778400
2015-03-25,2.336927652359009,3.613332986831665,3.7133328914642334,3.609999895095825,3.6566660404205322,46023900
2015-03-26,2.3778886795043945,3.676666021347046,3.7100000381469727,3.559999942779541,3.5766661167144775,58165800
2015-03-27,2.3994462490081787,3.7100000381469727,3.799999952316284,3.6266660690307617,3.6600000858306885,35216700
2015-03-30,2.4468746185302734,3.7833330631256104,3.8333330154418945,3.72666597366333,3.7566659450531006,27870900
2015-03-31,2.397289991378784,3.7066659927368164,3.8166658878326416,3.690000057220459,3.7566659450531006,34534800
2015-04-01,2.5266406536102295,3.9066660404205322,3.930000066757202,3.7633330821990967,3.7766659259796143,71051100
2015-04-02,2.5913164615631104,4.00666618347168,4.016665935516357,3.863332986831665,3.940000057220459,83285400
2015-04-06,2.5676021575927734,3.9700000286102295,4.050000190734863,3.916666030883789,3.97666597366333,63189600
2015-04-07,2.502926826477051,3.869999885559082,3.993333101272583,3.869999885559082,3.9666659832000732,33727200
2015-04-08,2.582693099975586,3.993333101272583,4.019999980926514,3.923332929611206,3.9433329105377197,89329800
2015-04-09,2.582693099975586,3.993333101272583,4.016665935516357,3.940000057220459,3.940000057220459,41054100
2015-04-10,2.606407642364502,4.03000020980835,4.043333053588867,3.97666597366333,3.9966659545898438,66959100
2015-04-13,2.619342565536499,4.050000190734863,4.070000171661377,4.0,4.013332843780518,27767100
2015-04-14,2.602094888687134,4.0233330726623535,4.059999942779541,4.0,4.059999942779541,25268400
2015-04-15,2.681861162185669,4.146666049957275,4.146666049957275,4.019999980926514,4.043333053588867,37895100
2015-04-16,2.6499407291412354,4.063333034515381,4.099999904632568,4.046666145324707,4.099999904632568,44035800
2015-04-17,2.6499407291412354,4.063333034515381,4.073332786560059,4.00333309173584,4.033332824707031,31774500
2015-04-20,2.612985134124756,4.00666618347168,4.039999961853027,3.986665964126587,4.03000020980835,41478600
2015-04-22,2.6542892456054688,4.070000171661377,4.076665878295898,4.016665935516357,4.016665935516357,27351000
2015-04-23,2.682549476623535,4.113333225250244,4.1433329582214355,4.00666618347168,4.050000190734863,36217200
2015-04-24,2.7738518714904785,4.25333309173584,4.286665916442871,4.113333225250244,4.163332939147949,38462700
2015-04-27,2.739069700241089,4.199999809265137,4.323332786560059,4.113333225250244,4.22333288192749,54852300
2015-04-28,2.7303738594055176,4.186666011810303,4.276666164398193,4.099999904632568,4.25,76164900
2015-04-29,2.6586363315582275,4.076665878295898,4.173333168029785,4.066666126251221,4.093332767486572,57158100
2015-04-30,2.704287528991699,4.146666049957275,4.146666049957275,4.076665878295898,4.0833330154418945,43942500
2015-05-04,2.76515531539917,4.239999771118164,4.28000020980835,4.1433329582214355,4.1966657638549805,43917900
2015-05-05,2.7781996726989746,4.260000228881836,4.316666126251221,4.233333110809326,4.236666202545166,20166000
2015-05-06,2.7781996726989746,4.260000228881836,4.28000020980835,4.199999809265137,4.243332862854004,18460200
2015-05-07,2.6912448406219482,4.126666069030762,4.266665935516357,4.099999904632568,4.203332901000977,26949600
2015-05-08,2.741243839263916,4.203332901000977,4.216666221618652,4.113333225250244,4.170000076293945,21491100
2015-05-11,2.7368946075439453,4.1966657638549805,4.246665954589844,4.156665802001953,4.230000019073486,16797900
2015-05-12,2.6673316955566406,4.090000152587891,4.173333168029785,4.066666126251221,4.159999847412109,35350200
2015-05-13,2.619507312774658,4.016665935516357,4.130000114440918,3.993333101272583,4.063333034515381,32409000
2015-05-14,2.6303765773773193,4.033332824707031,4.059999942779541,3.9533329010009766,4.016665935516357,23275500
2015-05-15,2.6651573181152344,4.086666107177734,4.163332939147949,4.0233330726623535,4.0233330726623535,27859800
2015-05-18,2.695591926574707,4.133333206176758,4.163332939147949,4.059999942779541,4.126666069030762,37647300
2015-05-19,2.7008869647979736,4.099999904632568,4.113333225250244,4.033332824707031,4.096665859222412,19414500
2015-05-20,2.6789281368255615,4.066666126251221,4.156665802001953,4.033332824707031,4.050000190734863,40229400
2015-05-21,2.6569697856903076,4.033332824707031,4.073332786560059,3.9600000381469727,4.059999942779541,32730300
2015-05-22,2.5954854488372803,3.940000057220459,4.039999961853027,3.8499999046325684,4.019999980926514,37187700
2015-05-25,2.571331739425659,3.9033329486846924,3.9533329010009766,3.8499999046325684,3.940000057220459,8910900
2015-05-26,2.540590524673462,3.856666088104248,3.8933329582214355,3.786665916442871,3.890000104904175,44069700
2015-05-27,2.5691356658935547,3.9000000953674316,3.986665964126587,3.813333034515381,3.8433330059051514,34619700
2015-05-28,2.538393497467041,3.853332996368408,3.9033329486846924,3.8333330154418945,3.8833329677581787,49463400
2015-05-29,2.459343433380127,3.733333110809326,3.9000000953674316,3.733333110809326,3.846666097640991,57883500
2015-06-01,2.54278564453125,3.859999895095825,3.9000000953674316,3.700000047683716,3.700000047683716,32675100
2015-06-02,2.5954854488372803,3.940000057220459,3.950000047683716,3.869999885559082,3.8833329677581787,76496100
2015-06-03,2.5845065116882324,3.923332929611206,3.9666659832000732,3.873332977294922,3.9566659927368164,66949200
2015-06-05,2.5779190063476562,3.913332939147949,3.9466660022735596,3.880000114440918,3.933332920074463,53925000
2015-06-08,2.5340020656585693,3.846666097640991,3.9566659927368164,3.8299999237060547,3.933332920074463,31019100
2015-06-09,2.5340020656585693,3.846666097640991,3.8966660499572754,3.7899999618530273,3.8766660690307617,25707000
2015-06-10,2.593289852142334,3.9366660118103027,3.9800000190734863,3.853332996368408,3.869999885559082,87623400
2015-06-11,2.593289852142334,3.9366660118103027,3.9733328819274902,3.8933329582214355,3.9600000381469727,22448100
2015-06-12,2.571331739425659,3.9033329486846924,3.926666021347046,3.859999895095825,3.9100000858306885,45711900
2015-06-15,2.575723886489868,3.9100000858306885,3.923332929611206,3.819999933242798,3.880000114440918,29837100
2015-06-16,2.5559613704681396,3.880000114440918,3.9366660118103027,3.866666078567505,3.880000114440918,28959000
2015-06-17,2.5471770763397217,3.866666078567505,3.930000066757202,3.8499999046325684,3.880000114440918,35743800
2015-06-18,2.571331739425659,3.9033329486846924,3.9533329010009766,3.873332977294922,3.8933329582214355,32027100
2015-06-19,2.529611349105835,3.8399999141693115,3.9000000953674316,3.8366661071777344,3.880000114440918,28550400
2015-06-22,2.538393497467041,3.853332996368408,3.9066660404205322,3.846666097640991,3.9000000953674316,33351300
2015-06-23,2.5054564476013184,3.803333044052124,3.890000104904175,3.803333044052124,3.890000104904175,29058300
2015-06-24,2.503260612487793,3.799999952316284,3.8333330154418945,3.7899999618530273,3.8166658878326416,44098200
2015-06-25,2.5274152755737305,3.8366661071777344,3.846666097640991,3.743333101272583,3.8166658878326416,29340600
2015-06-26,2.564744710922241,3.8933329582214355,3.923332929611206,3.793333053588867,3.813333034515381,17137800
2015-06-29,2.5230233669281006,3.8299999237060547,3.8866660594940186,3.8166658878326416,3.8166658878326416,21597900
2015-06-30,2.5625481605529785,3.890000104904175,3.916666030883789,3.8333330154418945,3.859999895095825,30503400
2015-07-01,2.5449814796447754,3.863332986831665,3.940000057220459,3.8333330154418945,3.890000104904175,17987400
2015-07-02,2.5361979007720947,3.8499999046325684,3.9100000858306885,3.8499999046325684,3.8933329582214355,24940200
2015-07-03,2.5120439529418945,3.813333034515381,3.8499999046325684,3.8066658973693848,3.8366661071777344,10749600
2015-07-06,2.5340020656585693,3.846666097640991,3.890000104904175,3.7833330631256104,3.796665906906128,18789300
2015-07-07,2.5779190063476562,3.913332939147949,3.913332939147949,3.7799999713897705,3.809999942779541,31836000
2015-07-08,2.540590524673462,3.856666088104248,3.933332920074463,3.8399999141693115,3.853332996368408,19153800
2015-07-10,2.5888991355895996,3.930000066757202,3.9733328819274902,3.8933329582214355,3.9000000953674316,16468200
2015-07-13,2.5976815223693848,3.9433329105377197,3.9700000286102295,3.913332939147949,3.9466660022735596,16408800
2015-07-14,2.643793821334839,4.013332843780518,4.043333053588867,3.926666021347046,3.9466660022735596,19975500
2015-07-15,2.602073907852173,3.950000047683716,4.0233330726623535,3.950000047683716,4.00666618347168,22539300
2015-07-16,2.6284234523773193,3.990000009536743,4.019999980926514,3.9366660118103027,4.00666618347168,13101900
2015-07-17,2.5735273361206055,3.9066660404205322,4.039999961853027,3.9033329486846924,3.986665964126587,34200300
2015-07-20,2.5164358615875244,3.819999933242798,3.950000047683716,3.803333044052124,3.933332920074463,43453200
2015-07-21,2.4725189208984375,3.75333309173584,3.8433330059051514,3.6966660022735596,3.8066658973693848,45100800
2015-07-22,2.441776752471924,3.7066659927368164,3.75,3.6566660404205322,3.700000047683716,35189700
2015-07-23,2.3495519161224365,3.5666658878326416,3.683332920074463,3.5066659450531006,3.663332939147949,46717200
2015-07-24,2.2990472316741943,3.490000009536743,3.559999942779541,3.390000104904175,3.536665916442871,42786600
2015-07-27,2.2836761474609375,3.4666659832000732,3.490000009536743,3.4100000858306885,3.4666659832000732,27953700
2015-07-28,2.261718273162842,3.433332920074463,3.5266659259796143,3.3266661167144775,3.50333309173584,37733400
2015-07-29,2.2441506385803223,3.4066660404205322,3.483333110809326,3.3833329677581787,3.4033329486846924,46884000
2015-07-30,2.2551300525665283,3.423332929611206,3.4733328819274902,3.3933329582214355,3.4366660118103027,26360700
2015-07-31,2.296851396560669,3.486665964126587,3.493333101272583,3.416666030883789,3.430000066757202,24563400
2015-08-03,2.2595221996307373,3.430000066757202,3.483333110809326,3.4000000953674316,3.450000047683716,17494500
2015-08-04,2.252934694290161,3.4200000762939453,3.4633328914642334,3.3833329677581787,3.433332920074463,16864500
2015-08-05,2.246346950531006,3.4100000858306885,3.4700000286102295,3.3866660594940186,3.4666659832000732,16104000
2015-08-06,2.2353665828704834,3.3933329582214355,3.4366660118103027,3.309999942779541,3.373332977294922,32209200
2015-08-07,2.2112135887145996,3.356666088104248,3.4433329105377197,3.356666088104248,3.4000000953674316,30026400
2015-08-10,2.272697687149048,3.450000047683716,3.47666597366333,3.373332977294922,3.3866660594940186,36293700
2015-08-11,2.3275935649871826,3.5333330631256104,3.5333330631256104,3.4000000953674316,3.423332929611206,33337800
2015-08-12,2.303438901901245,3.4966659545898438,3.546665906906128,3.4066660404205322,3.416666030883789,60896100
2015-08-13,2.3495519161224365,3.5666658878326416,3.5666658878326416,3.4200000762939453,3.50333309173584,55377900
2015-08-14,2.3232016563415527,3.5266659259796143,3.6866660118103027,3.5266659259796143,3.5999999046325684,127137000
2015-08-17,2.2946557998657227,3.483333110809326,3.553333044052124,3.4533329010009766,3.549999952316284,37902600
2015-08-18,2.3561387062072754,3.5766661167144775,3.630000114440918,3.4466660022735596,3.4566659927368164,49297500
2015-08-19,2.3319849967956543,3.5399999618530273,3.5933330059051514,3.4800000190734863,3.5266659259796143,33138000
2015-08-20,2.380293369293213,3.613332986831665,3.640000104904175,3.4966659545898438,3.559999942779541,37549800
2015-08-21,2.2946557998657227,3.483333110809326,3.5833330154418945,3.47666597366333,3.5799999237060547,32632500
2015-08-24,2.33756685256958,3.5,3.543333053588867,3.166666030883789,3.2233328819274902,61450200
2015-08-25,2.270780086517334,3.4000000953674316,3.5866661071777344,3.4000000953674316,3.5199999809265137,44234100
2015-08-26,2.4177119731903076,3.619999885559082,3.619999885559082,3.4600000381469727,3.486665964126587,54601800
2015-08-27,2.4822726249694824,3.7166659832000732,3.8166658878326416,3.623332977294922,3.6333329677581787,54679500
2015-08-28,2.439974069595337,3.6533329486846924,3.7066659927368164,3.606666088104248,3.6266660690307617,26428500
2015-08-31,2.3999013900756836,3.5933330059051514,3.640000104904175,3.486665964126587,3.5866661071777344,46000800
2015-09-01,2.304173469543457,3.450000047683716,3.5299999713897705,3.3833329677581787,3.490000009536743,31644900
2015-09-02,2.3197569847106934,3.4733328819274902,3.509999990463257,3.4033329486846924,3.493333101272583,27780000
2015-09-03,2.3464717864990234,3.5133330821990967,3.5733330249786377,3.390000104904175,3.509999990463257,31723500
2015-09-04,2.270780086517334,3.4000000953674316,3.493333101272583,3.359999895095825,3.433332920074463,38226600
2015-09-08,2.279683828353882,3.413332939147949,3.483333110809326,3.3933329582214355,3.47666597366333,25979400
2015-09-09,2.3665084838867188,3.543333053588867,3.623332977294922,3.509999990463257,3.5766661167144775,55248300
2015-09-10,2.4043540954589844,3.5999999046325684,3.5999999046325684,3.4066660404205322,3.4066660404205322,47466000
2015-09-11,2.373185873031616,3.553333044052124,3.6433329582214355,3.493333101272583,3.5999999046325684,29342100
2015-09-14,2.457784652709961,3.680000066757202,3.736665964126587,3.490000009536743,3.5666658878326416,37881900
2015-09-15,2.5379295349121094,3.799999952316284,3.8333330154418945,3.640000104904175,3.666666030883789,46962900
2015-09-16,2.644789934158325,3.9600000381469727,3.9800000190734863,3.813333034515381,3.8266661167144775,59867100
2015-09-17,2.531249761581421,3.7899999618530273,3.916666030883789,3.7899999618530273,3.8833329677581787,48745200
2015-09-18,2.484498977661133,3.7200000286102295,3.819999933242798,3.680000066757202,3.7666659355163574,25416000
2015-09-21,2.439974069595337,3.6533329486846924,3.740000009536743,3.6533329486846924,3.676666021347046,19284300
2015-09-22,2.4689152240753174,3.6966660022735596,3.7133328914642334,3.5833330154418945,3.5999999046325684,20963400
2015-09-23,2.435521125793457,3.6466660499572754,3.7633330821990967,3.613332986831665,3.7033329010009766,47576400
2015-09-24,2.4733684062957764,3.7033329010009766,3.7666659355163574,3.490000009536743,3.549999952316284,44850000
2015-09-25,2.446652412414551,3.663332939147949,3.7799999713897705,3.663332939147949,3.75,29395200
2015-09-28,2.3999013900756836,3.5933330059051514,3.690000057220459,3.5799999237060547,3.616666078567505,22461300
2015-09-29,2.3932225704193115,3.5833330154418945,3.6500000953674316,3.5333330631256104,3.5933330059051514,31294800
2015-09-30,2.466688871383667,3.6933329105377197,3.6933329105377197,3.5833330154418945,3.663332939147949,52498800
2015-10-01,2.5334763526916504,3.793333053588867,3.856666088104248,3.680000066757202,3.7166659832000732,35781600
2015-10-02,2.6225268840789795,3.926666021347046,3.940000057220459,3.75,3.7566659450531006,31573500
2015-10-05,2.5713229179382324,3.8499999046325684,3.9800000190734863,3.803333044052124,3.9733328819274902,25147800
2015-10-06,2.5690958499908447,3.846666097640991,3.890000104904175,3.7833330631256104,3.8366661071777344,22411500
2015-10-07,2.5757763385772705,3.856666088104248,3.986665964126587,3.7666659355163574,3.933332920074463,31295400
2015-10-08,2.5980379581451416,3.890000104904175,3.933332920074463,3.8233330249786377,3.8333330154418945,19333800
2015-10-09,2.6536943912506104,3.9733328819274902,3.986665964126587,3.8966660499572754,3.9566659927368164,32949000
2015-10-13,2.620300531387329,3.923332929611206,4.0,3.880000114440918,3.9433329105377197,41429400
2015-10-14,2.5156662464141846,3.7666659355163574,3.933332920074463,3.7633330821990967,3.8833329677581787,56097600
2015-10-15,2.5646450519561768,3.8399999141693115,3.856666088104248,3.7633330821990967,3.7799999713897705,16141200
2015-10-16,2.5468344688415527,3.813333034515381,3.8933329582214355,3.7633330821990967,3.8399999141693115,24971700
2015-10-19,2.5512869358062744,3.819999933242798,3.869999885559082,3.7766659259796143,3.8066658973693848,15406800
2015-10-20,2.5334763526916504,3.793333053588867,3.869999885559082,3.740000009536743,3.8299999237060547,26403300
2015-10-21,2.531249761581421,3.7899999618530273,3.8166658878326416,3.7699999809265137,3.793333053588867,16506900
2015-10-22,2.640336036682129,3.9533329010009766,3.983333110809326,3.7699999809265137,3.809999942779541,52311000
2015-10-23,2.6826353073120117,4.016665935516357,4.086666107177734,3.9600000381469727,3.986665964126587,58668300
2015-10-26,2.6870882511138916,4.0233330726623535,4.050000190734863,3.993333101272583,4.016665935516357,20624700
2015-10-27,2.6603734493255615,3.983333110809326,4.033332824707031,3.9533329010009766,4.013332843780518,24770100
2015-10-28,2.6670520305633545,3.993333101272583,3.9966659545898438,3.9666659832000732,3.9666659832000732,1564800
2015-10-29,2.5646450519561768,3.8399999141693115,3.9633328914642334,3.8399999141693115,3.940000057220459,14820000
2015-10-30,2.5379295349121094,3.799999952316284,3.880000114440918,3.7666659355163574,3.8366661071777344,22705500
2015-11-03,2.760554790496826,4.133333206176758,4.210000038146973,3.9433329105377197,3.9633328914642334,82421100
2015-11-04,2.7405178546905518,4.103332996368408,4.263332843780518,4.053332805633545,4.25,44352900
2015-11-05,2.7227084636688232,4.076665878295898,4.146666049957275,4.053332805633545,4.130000114440918,16190100
2015-11-06,2.6715047359466553,4.0,4.093332767486572,3.9000000953674316,4.053332805633545,37511400
2015-11-09,2.689314365386963,4.026666164398193,4.0833330154418945,3.9733328819274902,4.0,21161100
2015-11-10,2.7227084636688232,4.076665878295898,4.0833330154418945,3.9633328914642334,4.0,19486200
2015-11-11,2.7828168869018555,4.166666030883789,4.203332901000977,4.099999904632568,4.099999904632568,30846300
2015-11-12,2.720482349395752,4.073332786560059,4.216666221618652,4.039999961853027,4.170000076293945,35934600
2015-11-13,2.6715047359466553,4.0,4.0833330154418945,3.9633328914642334,4.073332786560059,44784600
2015-11-16,2.6737303733825684,4.00333309173584,4.073332786560059,3.9700000286102295,3.9700000286102295,39994500
2015-11-17,2.6915414333343506,4.03000020980835,4.106666088104248,4.016665935516357,4.050000190734863,44406600
2015-11-18,2.760554790496826,4.133333206176758,4.166666030883789,4.0233330726623535,4.039999961853027,42590700
2015-11-19,2.7182564735412598,4.070000171661377,4.193333148956299,4.050000190734863,4.186666011810303,45818700
2015-11-23,2.77168607711792,4.150000095367432,4.166666030883789,4.086666107177734,4.086666107177734,26338500
2015-11-24,2.7415499687194824,4.046666145324707,4.123332977294922,4.033332824707031,4.076665878295898,28504200
2015-11-25,2.7415499687194824,4.046666145324707,4.073332786560059,3.950000047683716,4.010000228881836,50548800
2015-11-26,2.718967914581299,4.013332843780518,4.076665878295898,4.00333309173584,4.036665916442871,22389300
2015-11-27,2.6557364463806152,3.9200000762939453,4.03000020980835,3.8866660594940186,3.9966659545898438,31810800
2015-11-30,2.567662477493286,3.7899999618530273,3.930000066757202,3.7899999618530273,3.8499999046325684,86900400
2015-12-01,2.619603157043457,3.866666078567505,3.8833329677581787,3.75333309173584,3.803333044052124,44334300
2015-12-02,2.6015374660491943,3.8399999141693115,3.8966660499572754,3.793333053588867,3.8333330154418945,50166000
2015-12-03,2.664769411087036,3.933332920074463,4.036665916442871,3.890000104904175,3.97666597366333,39812700
2015-12-04,2.610569953918457,3.853332996368408,3.9000000953674316,3.786665916442871,3.8766660690307617,47070600
2015-12-07,2.6083123683929443,3.8499999046325684,3.9066660404205322,3.8266661167144775,3.873332977294922,29971500
2015-12-08,2.5631463527679443,3.7833330631256104,3.866666078567505,3.7699999809265137,3.8499999046325684,22251000
2015-12-09,2.705418109893799,3.993333101272583,4.019999980926514,3.803333044052124,3.856666088104248,43242300
2015-12-10,2.7031595706939697,3.990000009536743,4.0233330726623535,3.926666021347046,4.0233330726623535,30160500
2015-12-11,2.709934711456299,4.0,4.090000152587891,3.9433329105377197,3.9433329105377197,39437400
2015-12-14,2.7035932540893555,3.9066660404205322,3.9533329010009766,3.8499999046325684,3.9533329010009766,20031000
2015-12-15,2.673604965209961,3.863332986831665,3.9533329010009766,3.863332986831665,3.916666030883789,23567700
2015-12-16,2.6759121417999268,3.866666078567505,3.8766660690307617,3.7566659450531006,3.8333330154418945,44964600
2015-12-17,2.701287269592285,3.9033329486846924,3.9566659927368164,3.863332986831665,3.933332920074463,48750900
2015-12-18,2.590559482574463,3.743333101272583,3.853332996368408,3.733333110809326,3.796665906906128,40751700
2015-12-21,2.5513432025909424,3.6866660118103027,3.7833330631256104,3.673332929611206,3.743333101272583,29202900
2015-12-22,2.5605714321136475,3.700000047683716,3.72666597366333,3.6700000762939453,3.6933329105377197,16921800
2015-12-23,2.549036741256714,3.683332920074463,3.7666659355163574,3.6433329582214355,3.743333101272583,15818100
2015-12-28,2.5167412757873535,3.6366660594940186,3.7100000381469727,3.616666078567505,3.6933329105377197,15461400
2015-12-29,2.521355628967285,3.6433329582214355,3.6966660022735596,3.6333329677581787,3.6533329486846924,16468800
2015-12-30,2.5121278762817383,3.630000114440918,3.6933329105377197,3.606666088104248,3.6333329677581787,21960900
2016-01-04,2.410628080368042,3.483333110809326,3.6500000953674316,3.47666597366333,3.5766661167144775,34184100
2016-01-05,2.502898931503296,3.616666078567505,3.6366660594940186,3.5,3.5,32522700
2016-01-06,2.500593662261963,3.613332986831665,3.6533329486846924,3.549999952316284,3.5866661071777344,21549600
2016-01-07,2.3967864513397217,3.4633328914642334,3.5899999141693115,3.440000057220459,3.5833330154418945,43765500
2016-01-08,2.4267754554748535,3.5066659450531006,3.5333330631256104,3.4800000190734863,3.4966659545898438,27389700
2016-01-11,2.422161340713501,3.5,3.5899999141693115,3.5,3.5266659259796143,41600400
2016-01-12,2.4060137271881104,3.47666597366333,3.549999952316284,3.430000066757202,3.5299999713897705,34346100
2016-01-13,2.4014008045196533,3.4700000286102295,3.5266659259796143,3.4200000762939453,3.4966659545898438,19974000
2016-01-14,2.452150821685791,3.543333053588867,3.553333044052124,3.4200000762939453,3.486665964126587,33691800
2016-01-15,2.4014008045196533,3.4700000286102295,3.5199999809265137,3.4433329105377197,3.483333110809326,40714800
2016-01-18,2.3990938663482666,3.4666659832000732,3.4966659545898438,3.4433329105377197,3.483333110809326,17318400
2016-01-19,2.4290823936462402,3.509999990463257,3.546665906906128,3.47666597366333,3.543333053588867,27198600
2016-01-20,2.3644914627075195,3.416666030883789,3.4966659545898438,3.3866660594940186,3.4633328914642334,35180400
2016-01-21,2.325275421142578,3.359999895095825,3.430000066757202,3.359999895095825,3.4200000762939453,33774000
2016-01-22,2.3160481452941895,3.346666097640991,3.413332939147949,3.3433330059051514,3.3933329582214355,43074300
2016-01-26,2.29528546333313,3.3166658878326416,3.3399999141693115,3.243333101272583,3.3299999237060547,55701300
2016-01-27,2.3667984008789062,3.4200000762939453,3.4966659545898438,3.303333044052124,3.3066658973693848,50339400
2016-01-28,2.3921730518341064,3.4566659927368164,3.483333110809326,3.3933329582214355,3.4466660022735596,24288000
2016-01-29,2.3667984008789062,3.4200000762939453,3.5333330631256104,3.356666088104248,3.5,90249900
2016-02-01,2.4152414798736572,3.490000009536743,3.490000009536743,3.380000114440918,3.3833329677581787,24746400
2016-02-02,2.3529582023620605,3.4000000953674316,3.4800000190734863,3.373332977294922,3.440000057220459,23735100
2016-02-03,2.3944807052612305,3.4600000381469727,3.4633328914642334,3.346666097640991,3.423332929611206,33669600
2016-02-04,2.4198546409606934,3.4966659545898438,3.509999990463257,3.4100000858306885,3.5,28668900
2016-02-05,2.3783328533172607,3.4366660118103027,3.5133330821990967,3.416666030883789,3.493333101272583,15387300
2016-02-10,2.382946014404297,3.4433329105377197,3.4800000190734863,3.3833329677581787,3.4066660404205322,16766100
2016-02-11,2.3529582023620605,3.4000000953674316,3.4100000858306885,3.3333330154418945,3.3933329582214355,14134800
2016-02-12,2.3414223194122314,3.3833329677581787,3.426666021347046,3.3366661071777344,3.416666030883789,27318900
2016-02-15,2.3944807052612305,3.4600000381469727,3.4600000381469727,3.3866660594940186,3.4366660118103027,10161000
2016-02-16,2.410628080368042,3.483333110809326,3.483333110809326,3.3833329677581787,3.433332920074463,22791300
2016-02-17,2.4267754554748535,3.5066659450531006,3.596666097640991,3.4433329105377197,3.483333110809326,33831000
2016-02-18,2.436002492904663,3.5199999809265137,3.5399999618530273,3.4600000381469727,3.483333110809326,17698200
2016-02-19,2.4336955547332764,3.5166659355163574,3.5666658878326416,3.4433329105377197,3.4800000190734863,20910000
2016-02-22,2.590559482574463,3.743333101272583,3.796665906906128,3.609999895095825,3.609999895095825,51062400
2016-02-23,2.5721054077148438,3.7166659832000732,3.7833330631256104,3.663332939147949,3.7233328819274902,38017200
2016-02-24,2.5790257453918457,3.72666597366333,3.72666597366333,3.596666097640991,3.6533329486846924,27858900
2016-02-25,2.5605714321136475,3.700000047683716,3.7466659545898438,3.6600000858306885,3.680000066757202,17988000
2016-02-26,2.583638906478882,3.733333110809326,3.799999952316284,3.7033329010009766,3.7566659450531006,17298000
2016-02-29,2.680525541305542,3.873332977294922,3.9000000953674316,3.733333110809326,3.796665906906128,31902000
2016-03-01,2.8120148181915283,4.063333034515381,4.063333034515381,3.856666088104248,3.9000000953674316,55152900
2016-03-02,2.8950600624084473,4.183332920074463,4.210000038146973,3.9966659545898438,4.056665897369385,67984800
2016-03-03,3.100367784500122,4.480000019073486,4.480000019073486,4.480000019073486,4.480000019073486,112233600
2016-03-04,3.4140946865081787,4.933332920074463,4.97666597366333,4.480000019073486,4.480000019073486,226953000
2016-03-07,3.231856107711792,4.670000076293945,4.960000038146973,4.606666088104248,4.900000095367432,89811600
2016-03-08,3.2456982135772705,4.690000057220459,4.809999942779541,4.623332977294922,4.633333206176758,104368200
2016-03-09,3.409480571746826,4.926665782928467,4.989999771118164,4.699999809265137,4.766665935516357,84384300
2016-03-10,3.566345453262329,5.1533331871032715,5.25666618347168,4.936666011810303,4.996665954589844,106879800
2016-03-11,3.644775629043579,5.266665935516357,5.313333034515381,4.933332920074463,5.166666030883789,79500300
2016-03-14,3.527127504348755,5.096665859222412,5.47333288192749,5.086666107177734,5.3333330154418945,75402000
2016-03-15,3.351811408996582,4.843332767486572,5.03000020980835,4.816666126251221,4.916666030883789,76559400
2016-03-16,3.432549238204956,4.960000038146973,4.960000038146973,4.75333309173584,4.78000020980835,46309500
2016-03-17,3.656310796737671,5.283332824707031,5.443333148956299,5.233333110809326,5.426665782928467,81017700
2016-03-18,3.5755720138549805,5.166666030883789,5.356666088104248,5.123332977294922,5.326665878295898,44096400
2016-03-21,3.5986406803131104,5.199999809265137,5.233333110809326,5.1433329582214355,5.173333168029785,45069600
2016-03-22,3.5709590911865234,5.159999847412109,5.303332805633545,5.130000114440918,5.163332939147949,25485300
2016-03-23,3.527127504348755,5.096665859222412,5.203332901000977,5.0233330726623535,5.093332767486572,32026500
2016-03-24,3.536356210708618,5.110000133514404,5.133333206176758,4.9633331298828125,5.010000228881836,23202300
2016-03-28,3.6332430839538574,5.25,5.28000020980835,5.1533331871032715,5.25,35325600
2016-03-29,3.5894134044647217,5.186666011810303,5.309999942779541,5.170000076293945,5.28000020980835,28357500
2016-03-30,3.6170945167541504,5.22666597366333,5.3333330154418945,5.119999885559082,5.246665954589844,31637700
2016-03-31,3.5409700870513916,5.116665840148926,5.116665840148926,5.116665840148926,5.116665840148926,10800
2016-04-01,3.5986406803131104,5.199999809265137,5.199999809265137,5.199999809265137,5.199999809265137,24300
2016-04-04,3.527127504348755,5.096665859222412,5.096665859222412,5.096665859222412,5.096665859222412,34200
2016-04-05,3.5917205810546875,5.190000057220459,5.190000057220459,5.190000057220459,5.190000057220459,42300
2016-04-06,3.409480571746826,4.926665782928467,4.926665782928467,4.926665782928467,4.926665782928467,791100
2016-04-07,3.4902186393737793,5.043333053588867,5.043333053588867,5.043333053588867,5.043333053588867,127500
2016-04-08,3.6678452491760254,5.300000190734863,5.486666202545166,5.199999809265137,5.266665935516357,37552200
2016-04-11,3.6170945167541504,5.22666597366333,5.22666597366333,5.22666597366333,5.22666597366333,39600
2016-04-12,3.7024476528167725,5.349999904632568,5.349999904632568,5.349999904632568,5.349999904632568,312000
2016-04-13,3.82932186126709,5.533332824707031,5.533332824707031,5.533332824707031,5.533332824707031,298500
2016-04-14,3.9215943813323975,5.666666030883789,5.72666597366333,5.486666202545166,5.566666126251221,45677700
2016-04-15,3.944664716720581,5.699999809265137,5.7733330726623535,5.6433329582214355,5.690000057220459,45424800
2016-04-18,3.7993335723876953,5.489999771118164,5.699999809265137,5.433332920074463,5.699999809265137,38249700
2016-04-19,3.857003688812256,5.573332786560059,5.573332786560059,5.573332786560059,5.573332786560059,81300
2016-04-20,3.9561972618103027,5.716666221618652,5.736666202545166,5.5,5.5,49386000
2016-04-22,3.9031412601470947,5.639999866485596,5.666666030883789,5.50333309173584,5.599999904632568,32942100
2016-04-25,3.850083351135254,5.563333034515381,5.630000114440918,5.519999980926514,5.626666069030762,20688900
2016-04-26,3.8616182804107666,5.579999923706055,5.619999885559082,5.47333288192749,5.576665878295898,22889100
2016-04-27,4.071539402008057,5.883333206176758,5.906665802001953,5.553332805633545,5.556665897369385,37386600
2016-04-28,4.149970054626465,5.996665954589844,6.066666126251221,5.820000171661377,5.916666030883789,32123700
2016-04-29,3.963118553161621,5.72666597366333,6.016665935516357,5.673333168029785,6.0,48537000
2016-05-02,3.953890562057495,5.7133331298828125,5.786665916442871,5.670000076293945,5.716666221618652,16167000
2016-05-03,3.8639237880706787,5.5833330154418945,5.730000019073486,5.559999942779541,5.683332920074463,23515200
2016-05-04,3.8593084812164307,5.576665878295898,5.6533331871032715,5.556665897369385,5.566666126251221,34776000
2016-05-05,3.817789077758789,5.516665935516357,5.646666049957275,5.483333110809326,5.633333206176758,21092700
2016-05-06,3.8016409873962402,5.493332862854004,5.5233330726623535,5.369999885559082,5.50333309173584,43219800
2016-05-09,3.8108673095703125,5.50666618347168,5.550000190734863,5.326665878295898,5.456665992736816,27294900
2016-05-10,4.032322406768799,5.826665878295898,5.8866658210754395,5.570000171661377,5.599999904632568,53881500
2016-05-11,4.05539083480835,5.860000133514404,6.026666164398193,5.75,5.9633331298828125,49047000
2016-05-12,4.170732021331787,6.026666164398193,6.076665878295898,5.849999904632568,5.889999866485596,30902700
2016-05-13,4.0923004150390625,5.913332939147949,6.076665878295898,5.829999923706055,5.993332862854004,24077700
2016-05-16,4.048470973968506,5.849999904632568,5.936666011810303,5.78000020980835,5.853332996368408,25009200
2016-05-17,3.852391242980957,5.566666126251221,5.896666049957275,5.533332824707031,5.866665840148926,36735300
2016-05-18,3.808561086654663,5.50333309173584,5.610000133514404,5.433332920074463,5.526666164398193,31318200
2016-05-19,3.806255578994751,5.5,5.516665935516357,5.416666030883789,5.456665992736816,32538600
2016-05-20,3.7831854820251465,5.466666221618652,5.606666088104248,5.443333148956299,5.550000190734863,13296900
2016-05-23,3.748582124710083,5.416666030883789,5.47333288192749,5.283332824707031,5.340000152587891,19498200
2016-05-24,3.749736785888672,5.3866658210754395,5.50666618347168,5.329999923706055,5.420000076293945,10922100
2016-05-25,3.7334952354431152,5.363333225250244,5.480000019073486,5.316666126251221,5.429999828338623,14460300
2016-05-27,3.7566988468170166,5.396666049957275,5.413332939147949,5.316666126251221,5.400000095367432,20199600
2016-05-30,3.7126102447509766,5.3333330154418945,5.396666049957275,5.326665878295898,5.356666088104248,4548300
2016-05-31,3.6940486431121826,5.306665897369385,5.3866658210754395,5.246665954589844,5.316666126251221,50202900
2016-06-01,3.7218918800354004,5.346665859222412,5.363333225250244,5.263332843780518,5.286665916442871,28506000
2016-06-02,3.759018898010254,5.400000095367432,5.449999809265137,5.320000171661377,5.340000152587891,23608800
2016-06-03,3.861116647720337,5.546666145324707,5.566666126251221,5.340000152587891,5.380000114440918,43849200
2016-06-06,3.814709424972534,5.480000019073486,5.5833330154418945,5.456665992736816,5.576665878295898,27145500
2016-06-07,3.7636606693267822,5.406665802001953,5.47666597366333,5.326665878295898,5.443333148956299,19035900
2016-06-08,3.8982431888580322,5.599999904632568,5.639999866485596,5.423333168029785,5.443333148956299,30942900
2016-06-09,3.8982431888580322,5.599999904632568,5.6366658210754395,5.539999961853027,5.579999923706055,27676500
2016-06-10,3.742777109146118,5.376666069030762,5.586666107177734,5.376666069030762,5.539999961853027,20866200
2016-06-13,3.6894078254699707,5.300000190734863,5.349999904632568,5.283332824707031,5.323332786560059,19967700
2016-06-14,3.670844316482544,5.2733330726623535,5.300000190734863,5.133333206176758,5.296666145324707,37986300
2016-06-15,3.7566988468170166,5.396666049957275,5.510000228881836,5.206665992736816,5.263332843780518,43961700
2016-06-16,3.742777109146118,5.376666069030762,5.376666069030762,5.2733330726623535,5.336666107177734,37266000
2016-06-17,3.728853464126587,5.356666088104248,5.440000057220459,5.349999904632568,5.429999828338623,40966500
2016-06-20,3.8634352684020996,5.550000190734863,5.613333225250244,5.443333148956299,5.46999979019165,29892000
2016-06-21,3.9284071922302246,5.6433329582214355,5.683332920074463,5.50333309173584,5.546666145324707,25045200
2016-06-22,3.937687635421753,5.656665802001953,5.783332824707031,5.539999961853027,5.633333206176758,22823400
2016-06-23,3.993377923965454,5.736666202545166,5.793333053588867,5.599999904632568,5.676665782928467,15094500
2016-06-24,3.9237661361694336,5.6366658210754395,5.693333148956299,5.449999809265137,5.5,25361400
2016-06-27,3.879678249359131,5.573332786560059,5.663332939147949,5.483333110809326,5.566666126251221,13708800
2016-06-28,3.9794559478759766,5.716666221618652,5.746665954589844,5.639999866485596,5.646666049957275,22782300
2016-06-29,3.991058588027954,5.733333110809326,5.873332977294922,5.733333110809326,5.783332824707031,26518500
2016-06-30,4.176688194274902,6.0,6.0,5.75333309173584,5.75333309173584,50132400
2016-07-01,4.15348482131958,5.966666221618652,6.0,5.9033331871032715,6.0,21598500
2016-07-04,4.176688194274902,6.0,6.056665897369385,5.936666011810303,6.0,11744100
2016-07-05,4.095473766326904,5.883333206176758,5.966666221618652,5.823332786560059,5.966666221618652,19255800
2016-07-06,4.060669422149658,5.8333330154418945,5.916666030883789,5.746665954589844,5.803332805633545,16938900
2016-07-07,4.09083366394043,5.876666069030762,5.936666011810303,5.803332805633545,5.840000152587891,16433100
2016-07-08,4.211493492126465,6.050000190734863,6.073332786560059,5.933332920074463,5.966666221618652,18443100
2016-07-11,4.274144649505615,6.139999866485596,6.163332939147949,6.073332786560059,6.0833330154418945,20811000
2016-07-12,4.339115142822266,6.233333110809326,6.300000190734863,6.150000095367432,6.166666030883789,17710800
2016-07-13,4.436572074890137,6.373332977294922,6.429999828338623,6.22666597366333,6.25,20929800
2016-07-14,4.598996639251709,6.606666088104248,6.666666030883789,6.409999847412109,6.466666221618652,35783100
2016-07-15,4.663968563079834,6.699999809265137,6.783332824707031,6.576665878295898,6.5833330154418945,20616000
2016-07-18,4.72661828994751,6.789999961853027,6.809999942779541,6.659999847412109,6.6966657638549805,37630500
2016-07-19,4.687173366546631,6.733333110809326,6.920000076293945,6.599999904632568,6.766665935516357,27699900
2016-07-20,4.489940643310547,6.449999809265137,6.766665935516357,6.433332920074463,6.75,44768700
2016-07-21,4.489940643310547,6.449999809265137,6.566666126251221,6.400000095367432,6.466666221618652,30903000
2016-07-22,4.4829792976379395,6.440000057220459,6.550000190734863,6.429999828338623,6.513332843780518,31037400
2016-07-25,4.455133438110352,6.400000095367432,6.50666618347168,6.320000171661377,6.449999809265137,16125000
2016-07-26,4.427289962768555,6.360000133514404,6.400000095367432,6.356666088104248,6.373332977294922,52531800
2016-07-27,4.3785600662231445,6.289999961853027,6.47666597366333,6.289999961853027,6.3866658210754395,62201100
2016-07-28,4.455133438110352,6.400000095367432,6.429999828338623,6.243332862854004,6.269999980926514,19932000
2016-07-29,4.429609298706055,6.363333225250244,6.47333288192749,6.3333330154418945,6.416666030883789,83863800
2016-08-01,4.355358123779297,6.25666618347168,6.423333168029785,6.199999809265137,6.416666030883789,27965700
2016-08-02,4.239338397979736,6.090000152587891,6.21999979019165,6.050000190734863,6.190000057220459,36883500
2016-08-03,4.223097324371338,6.066666126251221,6.156665802001953,5.936666011810303,6.046666145324707,44667000
2016-08-04,4.408726692199707,6.3333330154418945,6.409999847412109,6.070000171661377,6.123332977294922,36569400
2016-08-05,4.436572074890137,6.373332977294922,6.420000076293945,6.283332824707031,6.376666069030762,20759700
2016-08-08,4.348395824432373,6.246665954589844,6.3933329582214355,6.1966657638549805,6.3933329582214355,15434400
2016-08-09,4.415687561035156,6.343332767486572,6.436666011810303,6.203332901000977,6.25666618347168,16074900
2016-08-10,4.3321533203125,6.22333288192749,6.400000095367432,6.203332901000977,6.400000095367432,25085100
2016-08-11,4.443531513214111,6.383333206176758,6.413332939147949,6.206665992736816,6.206665992736816,29026500
2016-08-12,4.489940643310547,6.449999809265137,6.4633331298828125,6.340000152587891,6.383333206176758,29333700
2016-08-15,4.3530378341674805,6.25333309173584,6.5,6.236666202545166,6.496665954589844,42120600
2016-08-16,4.29038667678833,6.163332939147949,6.25,6.086666107177734,6.25,22038300
2016-08-17,4.3530378341674805,6.25333309173584,6.289999961853027,6.119999885559082,6.193333148956299,52247400
2016-08-18,4.257902145385742,6.116665840148926,6.239999771118164,6.043333053588867,6.193333148956299,26532000
2016-08-19,4.246301174163818,6.099999904632568,6.110000133514404,6.0,6.0833330154418945,11270400
2016-08-22,4.165086269378662,5.983333110809326,6.133333206176758,5.943333148956299,6.093332767486572,18248700
2016-08-23,4.204945087432861,6.0,6.050000190734863,5.953332901000977,5.966666221618652,18233400
2016-08-24,4.2002716064453125,5.993332862854004,6.046666145324707,5.863333225250244,5.933332920074463,20001000
2016-08-25,4.216625690460205,6.016665935516357,6.130000114440918,5.956665992736816,6.010000228881836,19996200
2016-08-26,4.197935104370117,5.989999771118164,6.159999847412109,5.923333168029785,6.063333034515381,24717900
2016-08-29,4.172238826751709,5.953332901000977,6.033332824707031,5.940000057220459,5.983333110809326,21700800
2016-08-30,4.228304862976074,6.033332824707031,6.039999961853027,5.800000190734863,5.9633331298828125,20073300
2016-08-31,4.183917999267578,5.96999979019165,6.076665878295898,5.849999904632568,6.046666145324707,33331500
2016-09-01,4.055436134338379,5.786665916442871,5.986666202545166,5.736666202545166,5.953332901000977,42790200
2016-09-02,4.2002716064453125,5.993332862854004,5.996665954589844,5.793333053588867,5.800000190734863,29544000
2016-09-05,4.181582450866699,5.966666221618652,6.033332824707031,5.906665802001953,6.03000020980835,7867200
2016-09-06,4.197935104370117,5.989999771118164,6.010000228881836,5.916666030883789,5.996665954589844,14559300
2016-09-08,4.144205093383789,5.913332939147949,5.9633331298828125,5.860000133514404,5.906665802001953,18459000
2016-09-09,3.954984426498413,5.6433329582214355,5.800000190734863,5.5833330154418945,5.796666145324707,58620300
2016-09-12,3.964327812194824,5.656665802001953,5.683332920074463,5.556665897369385,5.619999885559082,33940800
2016-09-13,3.831171751022339,5.466666221618652,5.563333034515381,5.400000095367432,5.556665897369385,59342700
2016-09-14,3.8708841800689697,5.5233330726623535,5.526666164398193,5.400000095367432,5.466666221618652,48013500
2016-09-15,4.006376266479492,5.716666221618652,5.760000228881836,5.493332862854004,5.5233330726623535,30687000
2016-09-16,3.976008415222168,5.673333168029785,5.743332862854004,5.556665897369385,5.703332901000977,30800100
2016-09-19,3.997032880783081,5.703332901000977,5.743332862854004,5.639999866485596,5.679999828338623,17307900
2016-09-20,3.983015298843384,5.683332920074463,5.733333110809326,5.6433329582214355,5.716666221618652,13646700
2016-09-21,4.015722274780273,5.730000019073486,5.786665916442871,5.539999961853027,5.703332901000977,20980800
2016-09-22,4.034409999847412,5.75666618347168,5.860000133514404,5.72333288192749,5.783332824707031,23682000
2016-09-23,3.9690005779266357,5.663332939147949,5.800000190734863,5.593332767486572,5.800000190734863,17236800
2016-09-26,3.9059255123138428,5.573332786560059,5.6366658210754395,5.536665916442871,5.616665840148926,11898900
2016-09-27,3.9339587688446045,5.613333225250244,5.679999828338623,5.456665992736816,5.573332786560059,33157800
2016-09-28,3.9690005779266357,5.663332939147949,5.7133331298828125,5.573332786560059,5.6366658210754395,18181800
2016-09-29,3.8825645446777344,5.539999961853027,5.693333148956299,5.539999961853027,5.683332920074463,32298900
2016-09-30,3.926949977874756,5.603332996368408,5.663332939147949,5.539999961853027,5.590000152587891,32601900
2016-10-03,4.064779281616211,5.800000190734863,5.813333034515381,5.603332996368408,5.603332996368408,45561900
2016-10-04,4.0297369956970215,5.75,5.823332786560059,5.72333288192749,5.806665897369385,32380500
2016-10-05,4.074122428894043,5.813333034515381,5.846665859222412,5.766665935516357,5.783332824707031,98464200
2016-10-06,4.088139533996582,5.8333330154418945,5.883333206176758,5.793333053588867,5.813333034515381,28604700
2016-10-07,4.160557746887207,5.936666011810303,5.97333288192749,5.820000171661377,5.900000095367432,72125700
2016-10-10,4.186256408691406,5.97333288192749,5.986666202545166,5.900000095367432,5.949999809265137,22545300
2016-10-11,4.085803031921387,5.829999923706055,5.9466657638549805,5.813333034515381,5.933332920074463,32159700
2016-10-13,4.109166145324707,5.863333225250244,5.873332977294922,5.546666145324707,5.829999923706055,45177000
2016-10-14,4.134860515594482,5.900000095367432,5.989999771118164,5.866665840148926,5.8866658210754395,37231500
2016-10-17,4.1582231521606445,5.933332920074463,5.953332901000977,5.869999885559082,5.896666049957275,23681100
2016-10-18,4.165231227874756,5.943333148956299,5.996665954589844,5.840000152587891,5.996665954589844,80525700
2016-10-19,4.258673191070557,6.076665878295898,6.093332767486572,5.916666030883789,5.943333148956299,31634100
2016-10-20,4.345108509063721,6.199999809265137,6.199999809265137,5.989999771118164,6.059999942779541,26483100
2016-10-21,4.345108509063721,6.199999809265137,6.233333110809326,6.146666049957275,6.179999828338623,37651200
2016-10-24,4.359124660491943,6.21999979019165,6.246665954589844,6.133333206176758,6.216666221618652,27536400
2016-10-25,4.298386573791504,6.133333206176758,6.2133331298828125,6.099999904632568,6.2133331298828125,26851200
2016-10-26,4.310067653656006,6.150000095367432,6.159999847412109,6.056665897369385,6.0833330154418945,30622200
2016-10-27,4.321746349334717,6.166666030883789,6.21999979019165,6.096665859222412,6.106666088104248,25565100
2016-10-28,4.275026321411133,6.099999904632568,6.183332920074463,6.059999942779541,6.1533331871032715,34308300
2016-10-31,4.391829967498779,6.266665935516357,6.336666107177734,6.086666107177734,6.099999904632568,35572800
2016-11-01,4.26334810256958,6.0833330154418945,6.320000171661377,6.00333309173584,6.266665935516357,48054900
2016-11-03,4.139532566070557,5.906665802001953,6.110000133514404,5.900000095367432,6.066666126251221,29254800
2016-11-04,4.109166145324707,5.863333225250244,6.050000190734863,5.840000152587891,5.896666049957275,24396900
2016-11-07,4.335763931274414,6.186666011810303,6.199999809265137,5.949999809265137,5.980000019073486,28452300
2016-11-08,4.298386573791504,6.133333206176758,6.230000019073486,6.090000152587891,6.103332996368408,18032400
2016-11-09,4.197935104370117,5.989999771118164,6.170000076293945,5.849999904632568,5.869999885559082,32533200
2016-11-10,4.055436134338379,5.786665916442871,6.073332786560059,5.586666107177734,6.066666126251221,49104600
2016-11-11,3.9713351726531982,5.666666030883789,5.8333330154418945,5.4033331871032715,5.666666030883789,83656800
2016-11-14,3.912933111190796,5.5833330154418945,5.606666088104248,5.400000095367432,5.5,75772500
2016-11-16,3.9152698516845703,5.586666107177734,5.683332920074463,5.47333288192749,5.650000095367432,63143400
2016-11-17,3.845186948776245,5.486666202545166,5.650000095367432,5.436666011810303,5.646666049957275,30174900
2016-11-18,3.8685479164123535,5.519999980926514,5.556665897369385,5.423333168029785,5.486666202545166,38586900
2016-11-21,3.8428516387939453,5.483333110809326,5.573332786560059,5.426665782928467,5.566666126251221,33313200
2016-11-22,3.8715155124664307,5.496665954589844,5.579999923706055,5.413332939147949,5.543333053588867,30352800
2016-11-23,3.826906681060791,5.433332920074463,5.5,5.383333206176758,5.5,20500500
2016-11-24,3.8362977504730225,5.4466657638549805,5.50666618347168,5.3333330154418945,5.416666030883789,20587800
2016-11-25,3.85508131980896,5.47333288192749,5.50333309173584,5.353332996368408,5.353332996368408,12460800
2016-11-28,3.911428689956665,5.553332805633545,5.563333034515381,5.466666221618652,5.466666221618652,20937900
2016-11-29,3.8715155124664307,5.496665954589844,5.550000190734863,5.489999771118164,5.5,16812900
2016-11-30,3.8996894359588623,5.536665916442871,5.626666069030762,5.466666221618652,5.526666164398193,34371900
2016-12-01,3.6907362937927246,5.239999771118164,5.239999771118164,5.239999771118164,5.239999771118164,51997200
2016-12-02,3.7564735412597656,5.3333330154418945,5.389999866485596,5.103332996368408,5.150000095367432,40225200
2016-12-05,3.6719532012939453,5.2133331298828125,5.373332977294922,5.186666011810303,5.363333225250244,29019000
2016-12-06,3.765864610671997,5.346665859222412,5.383333206176758,5.130000114440918,5.170000076293945,37627800
2016-12-07,3.812819719314575,5.413332939147949,5.453332901000977,5.320000171661377,5.380000114440918,25831200
2016-12-08,3.7869949340820312,5.376666069030762,5.47666597366333,5.336666107177734,5.449999809265137,25278300
2016-12-09,3.6954312324523926,5.246665954589844,5.413332939147949,5.22333288192749,5.413332939147949,31913400
2016-12-12,3.6320390701293945,5.156665802001953,5.22666597366333,5.110000133514404,5.1366658210754395,22409700
2016-12-13,3.6907362937927246,5.239999771118164,5.246665954589844,5.156665802001953,5.156665802001953,26960100
2016-12-14,3.568650484085083,5.066666126251221,5.233333110809326,5.046666145324707,5.233333110809326,39439500
2016-12-15,3.5216941833496094,5.0,5.093332767486572,4.980000019073486,5.019999980926514,57123600
2016-12-16,3.610910415649414,5.126666069030762,5.193333148956299,5.00666618347168,5.016665935516357,33308400
2016-12-19,3.6414334774017334,5.170000076293945,5.266665935516357,5.130000114440918,5.166666030883789,34873800
2016-12-20,3.674299955368042,5.216666221618652,5.293333053588867,5.139999866485596,5.233333110809326,19015800
2016-12-21,3.657867431640625,5.193333148956299,5.246665954589844,5.116665840148926,5.246665954589844,14681400
2016-12-22,3.6402337551116943,5.099999904632568,5.150000095367432,5.0233330726623535,5.103332996368408,28684800
2016-12-23,3.7449190616607666,5.246665954589844,5.323332786560059,5.086666107177734,5.133333206176758,25897200
2016-12-26,3.778228521347046,5.293333053588867,5.320000171661377,5.269999980926514,5.289999961853027,5151900
2016-12-27,3.8305726051330566,5.366665840148926,5.396666049957275,5.296666145324707,5.329999923706055,18427500
2016-12-28,3.9257419109344482,5.5,5.566666126251221,5.340000152587891,5.340000152587891,26896500
2016-12-29,3.9257419109344482,5.5,5.579999923706055,5.47333288192749,5.5,46954500
2017-01-02,3.8733978271484375,5.426665782928467,5.449999809265137,5.383333206176758,5.420000076293945,8419500
2017-01-03,4.032808303833008,5.650000095367432,5.679999828338623,5.449999809265137,5.449999809265137,43704600
2017-01-04,4.108943462371826,5.75666618347168,5.75666618347168,5.5833330154418945,5.633333206176758,28232400
2017-01-05,4.0589799880981445,5.686666011810303,5.763332843780518,5.656665802001953,5.760000228881836,35297700
2017-01-06,4.056600570678711,5.683332920074463,5.699999809265137,5.556665897369385,5.686666011810303,37683300
2017-01-09,4.056600570678711,5.683332920074463,5.75,5.639999866485596,5.693333148956299,39066900
2017-01-10,4.132735252380371,5.789999961853027,5.860000133514404,5.676665782928467,5.746665954589844,34750200
2017-01-11,4.151770114898682,5.816666126251221,5.889999866485596,5.793333053588867,5.8333330154418945,27420600
2017-01-12,4.261214256286621,5.96999979019165,6.110000133514404,5.9466657638549805,6.053332805633545,66362400
2017-01-13,4.2540764808654785,5.960000038146973,5.993332862854004,5.913332939147949,5.940000057220459,31941900
2017-01-16,4.227906227111816,5.923333168029785,5.97666597366333,5.860000133514404,5.960000038146973,16093500
2017-01-17,4.2540764808654785,5.960000038146973,6.026666164398193,5.866665840148926,5.936666011810303,29481000
2017-01-18,4.223146915435791,5.916666030883789,5.989999771118164,5.860000133514404,5.989999771118164,31814400
2017-01-19,4.246939659118652,5.949999809265137,5.9633331298828125,5.876666069030762,5.9033331871032715,24911400
2017-01-20,4.334969997406006,6.073332786560059,6.1433329582214355,5.906665802001953,5.966666221618652,36645600
2017-01-23,4.411105632781982,6.179999828338623,6.2133331298828125,6.0,6.033332824707031,38201400
2017-01-24,4.308798789978027,6.036665916442871,6.183332920074463,5.949999809265137,6.170000076293945,154205700
2017-01-26,4.354004859924316,6.099999904632568,6.173333168029785,6.013332843780518,6.093332767486572,34284000
2017-01-27,4.370660305023193,6.123332977294922,6.186666011810303,6.063333034515381,6.110000133514404,18788100
2017-01-30,4.327832221984863,6.063333034515381,6.090000152587891,5.980000019073486,6.063333034515381,20777100
2017-01-31,4.399209976196289,6.163332939147949,6.22666597366333,6.026666164398193,6.076665878295898,24267900
2017-02-01,4.411105632781982,6.179999828338623,6.260000228881836,6.123332977294922,6.199999809265137,21488400
2017-02-02,4.4134840965271,6.183332920074463,6.22333288192749,6.093332767486572,6.123332977294922,14770200
2017-02-03,4.451552391052246,6.236666202545166,6.306665897369385,6.156665802001953,6.186666011810303,22788300
2017-02-06,4.439657211303711,6.21999979019165,6.323332786560059,6.199999809265137,6.300000190734863,18235200
2017-02-07,4.463450908660889,6.25333309173584,6.320000171661377,6.210000038146973,6.269999980926514,16380900
2017-02-08,4.482483386993408,6.28000020980835,6.316666126251221,6.193333148956299,6.276666164398193,31075200
2017-02-09,4.468208312988281,6.260000228881836,6.316666126251221,6.203332901000977,6.313333034515381,16882800
2017-02-10,4.47296667098999,6.266665935516357,6.300000190734863,6.203332901000977,6.25333309173584,22325400
2017-02-13,4.496758460998535,6.300000190734863,6.3333330154418945,6.216666221618652,6.266665935516357,21303000
2017-02-14,4.47534704208374,6.269999980926514,6.316666126251221,6.25666618347168,6.300000190734863,22467900
2017-02-15,4.6537885665893555,6.519999980926514,6.53000020980835,6.28000020980835,6.326665878295898,95784000
2017-02-16,4.658546447753906,6.526666164398193,6.75333309173584,6.493332862854004,6.5233330726623535,43558500
2017-02-17,4.687098503112793,6.566666126251221,6.613333225250244,6.4033331871032715,6.489999771118164,28211700
2017-02-20,4.639514446258545,6.5,6.626666069030762,6.46999979019165,6.613333225250244,17555700
2017-02-21,4.758474826812744,6.666666030883789,6.666666030883789,6.50666618347168,6.533332824707031,18421800
2017-02-22,4.7656121253967285,6.676665782928467,6.730000019073486,6.576665878295898,6.596665859222412,20746200
2017-02-23,4.641892910003662,6.50333309173584,6.809999942779541,6.406665802001953,6.699999809265137,33502800
2017-02-24,4.525310516357422,6.340000152587891,6.483333110809326,6.233333110809326,6.433332920074463,19166100
2017-03-01,4.5443434715271,6.366665840148926,6.5233330726623535,6.366665840148926,6.383333206176758,25821300
2017-03-02,4.449174880981445,6.233333110809326,6.376666069030762,6.1533331871032715,6.340000152587891,22822500
2017-03-03,4.47296667098999,6.266665935516357,6.309999942779541,6.22666597366333,6.25,24418800
2017-03-06,4.4444169998168945,6.22666597366333,6.329999923706055,6.186666011810303,6.239999771118164,26613300
2017-03-07,4.394451141357422,6.156665802001953,6.296666145324707,6.139999866485596,6.206665992736816,14738700
2017-03-08,4.361142635345459,6.110000133514404,6.183332920074463,6.0,6.159999847412109,18601500
2017-03-09,4.330212116241455,6.066666126251221,6.159999847412109,6.00666618347168,6.019999980926514,26474400
2017-03-10,4.4467949867248535,6.230000019073486,6.25,6.103332996368408,6.103332996368408,22502400
2017-03-13,4.4991374015808105,6.303332805633545,6.326665878295898,6.203332901000977,6.263332843780518,15329400
2017-03-14,4.47296667098999,6.266665935516357,6.363333225250244,6.22666597366333,6.263332843780518,22334100
2017-03-15,4.587170124053955,6.426665782928467,6.433332920074463,6.103332996368408,6.293333053588867,44869200
2017-03-16,4.358762741088867,6.106666088104248,6.426665782928467,6.106666088104248,6.380000114440918,57393000
2017-03-17,4.332592487335205,6.070000171661377,6.206665992736816,5.986666202545166,6.150000095367432,61902600
2017-03-20,4.380175590515137,6.1366658210754395,6.216666221618652,5.996665954589844,6.033332824707031,23551200
2017-03-21,4.370660305023193,6.123332977294922,6.1533331871032715,5.940000057220459,6.139999866485596,33728700
2017-03-22,4.5062761306762695,6.313333034515381,6.556665897369385,6.010000228881836,6.099999904632568,74615400
2017-03-23,4.449174880981445,6.233333110809326,6.320000171661377,6.099999904632568,6.246665954589844,116647800
2017-03-24,4.451552391052246,6.236666202545166,6.266665935516357,6.183332920074463,6.230000019073486,49653300
2017-03-27,4.4444169998168945,6.22666597366333,6.236666202545166,6.063333034515381,6.173333168029785,35737500
2017-03-28,4.442035675048828,6.22333288192749,6.323332786560059,6.176665782928467,6.22666597366333,65990100
2017-03-29,4.603825092315674,6.449999809265137,6.493332862854004,6.170000076293945,6.170000076293945,172466700
2017-03-30,4.613340377807617,6.4633331298828125,6.579999923706055,6.409999847412109,6.5,36105900
2017-03-31,4.5895490646362305,6.429999828338623,6.493332862854004,6.313333034515381,6.466666221618652,30193200
2017-04-03,4.627616882324219,6.483333110809326,6.550000190734863,6.420000076293945,6.460000038146973,31493700
2017-04-04,4.684718608856201,6.563333034515381,6.5833330154418945,6.46999979019165,6.483333110809326,21591300
2017-04-05,4.6347527503967285,6.493332862854004,6.650000095367432,6.433332920074463,6.570000171661377,36186900
2017-04-06,4.556241035461426,6.383333206176758,6.5,6.309999942779541,6.4633331298828125,31279800
2017-04-07,4.629995822906494,6.486666202545166,6.556665897369385,6.323332786560059,6.326665878295898,23320200
2017-04-10,4.594308376312256,6.436666011810303,6.526666164398193,6.376666069030762,6.489999771118164,42619500
2017-04-11,4.553861141204834,6.380000114440918,6.516665935516357,6.300000190734863,6.516665935516357,41584200
2017-04-12,4.534826278686523,6.353332996368408,6.4633331298828125,6.326665878295898,6.363333225250244,36758400
2017-04-13,4.4039692878723145,6.170000076293945,6.3866658210754395,6.170000076293945,6.343332767486572,41162400
2017-04-17,4.651410102844238,6.516665935516357,6.516665935516357,6.1966657638549805,6.22333288192749,64202400
2017-04-18,4.687098503112793,6.566666126251221,6.606666088104248,6.409999847412109,6.4633331298828125,42984600
2017-04-19,4.594308376312256,6.436666011810303,6.610000133514404,6.376666069030762,6.599999904632568,39215100
2017-04-20,4.556241035461426,6.383333206176758,6.513332843780518,6.316666126251221,6.46999979019165,19623000
2017-04-24,4.525310516357422,6.340000152587891,6.5233330726623535,6.316666126251221,6.5233330726623535,122359500
2017-04-25,4.558618068695068,6.3866658210754395,6.400000095367432,6.239999771118164,6.340000152587891,30255300
2017-04-26,4.541965007781982,6.363333225250244,6.396666049957275,6.306665897369385,6.3933329582214355,22674000
2017-04-27,4.508654594421387,6.316666126251221,6.400000095367432,6.2733330726623535,6.389999866485596,32738700
2017-04-28,4.522930145263672,6.336666107177734,6.349999904632568,6.263332843780518,6.320000171661377,27256200
2017-05-02,4.651410102844238,6.516665935516357,6.536665916442871,6.346665859222412,6.363333225250244,34873800
2017-05-03,4.641892910003662,6.50333309173584,6.556665897369385,6.47666597366333,6.516665935516357,15413400
2017-05-04,4.591928005218506,6.433332920074463,6.5233330726623535,6.376666069030762,6.50333309173584,30371100
2017-05-05,4.627616882324219,6.483333110809326,6.496665954589844,6.440000057220459,6.440000057220459,13473300
2017-05-08,4.615720748901367,6.466666221618652,6.516665935516357,6.416666030883789,6.483333110809326,11280000
2017-05-09,4.6347527503967285,6.493332862854004,6.563333034515381,6.46999979019165,6.486666202545166,21118200
2017-05-10,4.737062931060791,6.6366658210754395,6.693333148956299,6.576665878295898,6.5833330154418945,31265100
2017-05-11,4.760854244232178,6.670000076293945,6.72333288192749,6.613333225250244,6.646666049957275,17933100
2017-05-12,4.79178524017334,6.7133331298828125,6.760000228881836,6.599999904632568,6.699999809265137,34463700
2017-05-15,4.848886489868164,6.793333053588867,6.809999942779541,6.676665782928467,6.763332843780518,21222900
2017-05-16,4.9107465744018555,6.880000114440918,6.929999828338623,6.75,6.823332786560059,34154400
2017-05-17,4.877438068389893,6.8333330154418945,6.906665802001953,6.75,6.826665878295898,27604800
2017-05-18,4.465829849243164,6.25666618347168,6.559999942779541,5.3866658210754395,5.466666221618652,152658000
2017-05-19,4.556241035461426,6.383333206176758,6.453332901000977,6.193333148956299,6.366665840148926,64522200
2017-05-22,4.4039692878723145,6.170000076293945,6.263332843780518,5.993332862854004,6.233333110809326,64643100
2017-05-23,4.439521312713623,6.1966657638549805,6.243332862854004,6.093332767486572,6.173333168029785,37200900
2017-05-24,4.4896721839904785,6.266665935516357,6.47333288192749,6.22666597366333,6.313333034515381,24516300
2017-05-25,4.425192356109619,6.176665782928467,6.3333330154418945,6.139999866485596,6.263332843780518,36743100
2017-05-26,4.566093444824219,6.373332977294922,6.389999866485596,6.199999809265137,6.239999771118164,28137300
2017-05-29,4.566093444824219,6.373332977294922,6.373332977294922,6.373332977294922,6.373332977294922,0
2017-05-30,4.523105621337891,6.313333034515381,6.396666049957275,6.283332824707031,6.3333330154418945,9353400
2017-05-31,4.398923397064209,6.139999866485596,6.380000114440918,6.139999866485596,6.329999923706055,44879400
2017-06-01,4.427580833435059,6.179999828338623,6.286665916442871,6.150000095367432,6.183332920074463,21665400
2017-06-02,4.4538493156433105,6.216666221618652,6.306665897369385,6.186666011810303,6.206665992736816,13862700
2017-06-05,4.4538493156433105,6.216666221618652,6.28000020980835,6.170000076293945,6.1966657638549805,13659300
2017-06-06,4.42996883392334,6.183332920074463,6.243332862854004,6.139999866485596,6.193333148956299,26623800
2017-06-07,4.4801201820373535,6.25333309173584,6.2733330726623535,6.176665782928467,6.216666221618652,22306200
2017-06-08,4.439521312713623,6.1966657638549805,6.246665954589844,6.1433329582214355,6.243332862854004,12474000
2017-06-09,4.42996883392334,6.183332920074463,6.289999961853027,6.146666049957275,6.233333110809326,19574100
2017-06-12,4.401311874389648,6.1433329582214355,6.2133331298828125,6.079999923706055,6.186666011810303,17957100
2017-06-13,4.42996883392334,6.183332920074463,6.233333110809326,6.146666049957275,6.166666030883789,16849500
2017-06-14,4.484895706176758,6.260000228881836,6.323332786560059,6.1433329582214355,6.2733330726623535,31041300
2017-06-15,4.484895706176758,6.260000228881836,6.260000228881836,6.260000228881836,6.260000228881836,0
2017-06-16,4.520718574523926,6.309999942779541,6.316666126251221,6.193333148956299,6.199999809265137,26427300
2017-06-19,4.6043009757995605,6.426665782928467,6.483333110809326,6.300000190734863,6.320000171661377,23396700
2017-06-20,4.494450092315674,6.2733330726623535,6.436666011810303,6.243332862854004,6.3933329582214355,26678100
2017-06-21,4.561315059661865,6.366665840148926,6.420000076293945,6.266665935516357,6.303332805633545,20346600
2017-06-22,4.532657623291016,6.326665878295898,6.406665802001953,6.276666164398193,6.4033331871032715,21177300
2017-06-23,4.504001140594482,6.286665916442871,6.356666088104248,6.2733330726623535,6.326665878295898,11382300
2017-06-26,4.630570411682129,6.4633331298828125,6.483333110809326,6.323332786560059,6.343332767486572,30899700
2017-06-27,4.597137451171875,6.416666030883789,6.480000019073486,6.383333206176758,6.4633331298828125,16200600
2017-06-28,4.637734889984131,6.47333288192749,6.483333110809326,6.3866658210754395,6.433332920074463,14228100
2017-06-29,4.66400671005249,6.510000228881836,6.539999961853027,6.453332901000977,6.5,15637800
2017-06-30,4.716543674468994,6.5833330154418945,6.623332977294922,6.510000228881836,6.510000228881836,18710100
2017-07-03,4.742814064025879,6.619999885559082,6.626666069030762,6.5233330726623535,6.5833330154418945,10719600
2017-07-04,4.738037109375,6.613333225250244,6.626666069030762,6.550000190734863,6.610000133514404,5782200
2017-07-05,4.733260154724121,6.606666088104248,6.703332901000977,6.533332824707031,6.603332996368408,21018900
2017-07-06,4.656840801239014,6.5,6.650000095367432,6.443333148956299,6.610000133514404,26704800
2017-07-07,4.611465930938721,6.436666011810303,6.586666107177734,6.413332939147949,6.566666126251221,14827800
2017-07-10,4.649676322937012,6.489999771118164,6.519999980926514,6.413332939147949,6.516665935516357,15560700
2017-07-11,4.7046027183532715,6.566666126251221,6.610000133514404,6.436666011810303,6.486666202545166,17937900
2017-07-12,4.809681415557861,6.7133331298828125,6.743332862854004,6.546666145324707,6.663332939147949,35863800
2017-07-13,4.883712291717529,6.816666126251221,6.820000171661377,6.716666221618652,6.72666597366333,16611300
2017-07-14,4.902817249298096,6.843332767486572,6.863333225250244,6.806665897369385,6.816666126251221,26348700
2017-07-17,4.936251640319824,6.889999866485596,6.900000095367432,6.809999942779541,6.840000152587891,22037100
2017-07-18,4.912369251251221,6.856666088104248,6.889999866485596,6.803332805633545,6.8866658210754395,19918200
2017-07-19,4.924310684204102,6.873332977294922,6.896666049957275,6.809999942779541,6.853332996368408,13760100
2017-07-20,4.962519645690918,6.926665782928467,6.949999809265137,6.856666088104248,6.856666088104248,14705100
2017-07-21,4.967296600341797,6.933332920074463,6.96999979019165,6.866665840148926,6.9033331871032715,29790000
2017-07-24,5.015059947967529,7.0,7.0,6.900000095367432,6.926665782928467,18520200
2017-07-25,4.979238033294678,6.949999809265137,7.033332824707031,6.920000076293945,7.0,32132700
2017-07-26,4.945803165435791,6.9033331871032715,6.966666221618652,6.829999923706055,6.933332920074463,21002100
2017-07-27,4.948192119598389,6.906665802001953,7.00666618347168,6.869999885559082,6.949999809265137,20070600
2017-07-28,4.943416595458984,6.900000095367432,6.929999828338623,6.813333034515381,6.900000095367432,15925500
2017-07-31,4.893265724182129,6.829999923706055,6.966666221618652,6.760000228881836,6.920000076293945,23710200
2017-08-01,4.991177082061768,6.966666221618652,7.0,6.803332805633545,6.826665878295898,22410300
2017-08-02,5.034164905548096,7.026666164398193,7.066666126251221,6.929999828338623,6.933332920074463,17363700
2017-08-03,5.0508809089660645,7.050000190734863,7.059999942779541,6.929999828338623,7.039999961853027,29833200
2017-08-04,5.029388904571533,7.019999980926514,7.079999923706055,7.013332843780518,7.059999942779541,18605700
2017-08-07,5.134464740753174,7.166666030883789,7.239999771118164,7.0,7.046666145324707,22171500
2017-08-08,5.093867301940918,7.110000133514404,7.190000057220459,7.050000190734863,7.166666030883789,33706200
2017-08-09,5.079538345336914,7.090000152587891,7.096665859222412,6.989999771118164,7.053332805633545,16336200
2017-08-10,5.038938999176025,7.033332824707031,7.066666126251221,6.953332901000977,7.00666618347168,32790900
2017-08-11,5.038938999176025,7.033332824707031,7.096665859222412,6.966666221618652,7.019999980926514,16395900
2017-08-14,5.122525215148926,7.150000095367432,7.286665916442871,7.036665916442871,7.096665859222412,24407700
2017-08-15,5.194168567657471,7.25,7.266665935516357,7.159999847412109,7.179999828338623,29268900
2017-08-16,5.151181221008301,7.190000057220459,7.276666164398193,7.093332767486572,7.266665935516357,26968500
2017-08-17,5.112971782684326,7.1366658210754395,7.269999980926514,7.086666107177734,7.166666030883789,14276400
2017-08-18,5.227601528167725,7.296666145324707,7.300000190734863,7.096665859222412,7.133333206176758,34288800
2017-08-21,5.232379913330078,7.303332805633545,7.400000095367432,7.269999980926514,7.293333053588867,17514000
2017-08-22,5.395073413848877,7.516665935516357,7.563333034515381,7.383333206176758,7.383333206176758,30255900
2017-08-23,5.464456081390381,7.613333225250244,7.659999847412109,7.5,7.550000190734863,22623300
2017-08-24,5.402251720428467,7.526666164398193,7.646666049957275,7.486666202545166,7.646666049957275,20685900
2017-08-25,5.342439651489258,7.443333148956299,7.576665878295898,7.369999885559082,7.519999980926514,22688100
2017-08-28,5.3448309898376465,7.4466657638549805,7.513332843780518,7.3866658210754395,7.423333168029785,16963500
2017-08-29,5.39268159866333,7.513332843780518,7.533332824707031,7.389999866485596,7.420000076293945,17179500
2017-08-30,5.349616050720215,7.453332901000977,7.526666164398193,7.376666069030762,7.519999980926514,11496600
2017-08-31,5.292198657989502,7.373332977294922,7.4633331298828125,7.309999942779541,7.453332901000977,34270500
2017-09-01,5.39028787612915,7.510000228881836,7.579999923706055,7.420000076293945,7.436666011810303,17112900
2017-09-04,5.395073413848877,7.516665935516357,7.539999961853027,7.453332901000977,7.466666221618652,7445100
2017-09-05,5.407036781311035,7.533332824707031,7.656665802001953,7.50666618347168,7.5833330154418945,26169000
2017-09-06,5.445316314697266,7.586666107177734,7.659999847412109,7.546666145324707,7.603332996368408,24612900
2017-09-07,5.445316314697266,7.586666107177734,7.586666107177734,7.586666107177734,7.586666107177734,0
2017-09-08,5.4883809089660645,7.646666049957275,7.673333168029785,7.543333053588867,7.599999904632568,18174300
2017-09-11,5.495556831359863,7.656665802001953,7.75,7.656665802001953,7.686666011810303,38682300
2017-09-12,5.478811740875244,7.633333206176758,7.693333148956299,7.5833330154418945,7.6533331871032715,34831800
2017-09-13,5.478811740875244,7.633333206176758,7.686666011810303,7.519999980926514,7.650000095367432,60318300
2017-09-14,5.591258525848389,7.789999961853027,7.8333330154418945,7.599999904632568,7.630000114440918,38237100
2017-09-15,5.653461933135986,7.876666069030762,8.0,7.760000228881836,7.8333330154418945,51594600
2017-09-18,5.689349174499512,7.926665782928467,8.013333320617676,7.820000171661377,7.909999847412109,20643600
2017-09-19,5.806583404541016,8.09000015258789,8.103333473205566,7.8866658210754395,7.949999809265137,19725000
2017-09-20,5.930992603302002,8.263333320617676,8.283332824707031,8.116665840148926,8.130000114440918,43665000
2017-09-21,5.9764509201049805,8.326665878295898,8.326665878295898,8.216666221618652,8.279999732971191,21727200
2017-09-22,5.978842258453369,8.329999923706055,8.363332748413086,8.173333168029785,8.216666221618652,28157400
2017-09-25,5.818543434143066,8.10666561126709,8.296666145324707,7.986666202545166,8.296666145324707,31723200
2017-09-26,5.74677038192749,8.00666618347168,8.183333396911621,8.00666618347168,8.123332977294922,20457000
2017-09-27,5.658247947692871,7.883333206176758,8.086666107177734,7.840000152587891,8.016666412353516,21763200
2017-09-28,5.605612277984619,7.809999942779541,7.940000057220459,7.75666618347168,7.913332939147949,21909000
2017-09-29,5.73002290725708,7.983333110809326,7.986666202545166,7.816666126251221,7.866665840148926,17128800
2017-10-02,5.7252373695373535,7.97666597366333,8.056666374206543,7.889999866485596,8.020000457763672,11565300
2017-10-03,5.854432106018066,8.156665802001953,8.173333168029785,7.909999847412109,8.0,30483900
2017-10-04,5.797013282775879,8.076665878295898,8.226666450500488,8.010000228881836,8.16333293914795,20250000
2017-10-05,5.718061923980713,7.966666221618652,8.186665534973145,7.913332939147949,8.146665573120117,47986500
2017-10-06,5.682171821594238,7.916666030883789,7.949999809265137,7.843332767486572,7.913332939147949,17881200
2017-10-09,5.643893241882324,7.863333225250244,7.940000057220459,7.816666126251221,7.926665782928467,11174400
2017-10-10,5.722845554351807,7.97333288192749,7.996665954589844,7.866665840148926,7.966666221618652,31156800
2017-10-11,5.751555919647217,8.013333320617676,8.066665649414062,7.953332901000977,8.066665649414062,20372400
2017-10-12,5.751555919647217,8.013333320617676,8.013333320617676,8.013333320617676,8.013333320617676,0
2017-10-13,5.684564113616943,7.920000076293945,8.0600004196167,7.873332977294922,8.0600004196167,28738200
2017-10-16,5.703704833984375,7.9466657638549805,7.989999771118164,7.8866658210754395,7.956665992736816,25287000
2017-10-17,5.727630138397217,7.980000019073486,8.023332595825195,7.75666618347168,7.966666221618652,21963900
2017-10-18,5.871181011199951,8.180000305175781,8.210000038146973,7.949999809265137,8.016666412353516,29888100
2017-10-19,5.849647045135498,8.149999618530273,8.166666030883789,8.036665916442871,8.100000381469727,14499900
2017-10-20,5.895103454589844,8.213333129882812,8.246665954589844,8.133333206176758,8.140000343322754,16574700
2017-10-23,5.83289909362793,8.126666069030762,8.223333358764648,8.09666633605957,8.223333358764648,33372000
2017-10-24,5.861608505249023,8.166666030883789,8.233332633972168,8.126666069030762,8.15999984741211,23203500
2017-10-25,6.041047096252441,8.416666030883789,8.426666259765625,8.176666259765625,8.199999809265137,54562800
2017-10-26,5.9716644287109375,8.319999694824219,8.600000381469727,8.270000457763672,8.433333396911621,18980400
2017-10-27,6.002765655517578,8.363332748413086,8.479999542236328,8.293333053588867,8.34666633605957,15045600
2017-10-30,5.811366081237793,8.09666633605957,8.366665840148926,8.0,8.353333473205566,24553200
2017-10-31,5.718061923980713,7.966666221618652,8.156665802001953,7.926665782928467,8.119999885559082,21797100
2017-11-01,5.713275909423828,7.960000038146973,8.100000381469727,7.916666030883789,8.029999732971191,13876200
2017-11-02,5.713275909423828,7.960000038146973,7.960000038146973,7.960000038146973,7.960000038146973,0
2017-11-03,5.584081172943115,7.78000020980835,8.0600004196167,7.7133331298828125,7.97333288192749,34870200
2017-11-06,5.586474418640137,7.783332824707031,7.900000095367432,7.746665954589844,7.806665897369385,23664600
2017-11-07,5.407036781311035,7.533332824707031,7.763332843780518,7.510000228881836,7.736666202545166,36075000
2017-11-08,5.555370807647705,7.739999771118164,7.856666088104248,7.486666202545166,7.543333053588867,34506900
2017-11-09,5.462063789367676,7.610000133514404,7.75,7.559999942779541,7.72333288192749,22711200
2017-11-10,5.35918664932251,7.466666221618652,7.650000095367432,7.466666221618652,7.650000095367432,21363300
2017-11-13,5.430961608886719,7.566666126251221,7.566666126251221,7.566666126251221,7.566666126251221,31669800
2017-11-14,5.342439651489258,7.443333148956299,7.6433329582214355,7.420000076293945,7.566666126251221,27156300
2017-11-15,5.342439651489258,7.443333148956299,7.443333148956299,7.443333148956299,7.443333148956299,0
2017-11-16,5.624752998352051,7.836666107177734,7.896666049957275,7.426665782928467,7.426665782928467,39919500
2017-11-17,5.665426254272461,7.8933329582214355,7.97666597366333,7.746665954589844,7.796666145324707,21026400
2017-11-20,5.665426254272461,7.8933329582214355,7.8933329582214355,7.8933329582214355,7.8933329582214355,0
2017-11-21,5.8089752197265625,8.09333324432373,8.170000076293945,7.943333148956299,7.956665992736816,41642700
2017-11-22,5.879184246063232,8.16333293914795,8.19666576385498,8.069999694824219,8.069999694824219,38528700
2017-11-23,5.874382495880127,8.156665802001953,8.210000038146973,8.020000457763672,8.133333206176758,8354100
2017-11-24,5.833572864532471,8.100000381469727,8.143333435058594,8.036665916442871,8.143333435058594,10106100
2017-11-27,5.826371192932129,8.09000015258789,8.09666633605957,7.966666221618652,8.016666412353516,15134700
2017-11-28,5.823968887329102,8.086666107177734,8.19333267211914,8.050000190734863,8.170000076293945,16260000
2017-11-29,5.641518592834473,7.8333330154418945,8.146665573120117,7.806665897369385,8.146665573120117,29510100
2017-11-30,5.579102516174316,7.746665954589844,7.836666107177734,7.573332786560059,7.766665935516357,44400600
2017-12-01,5.526289939880371,7.673333168029785,7.843332767486572,7.6366658210754395,7.673333168029785,23769300
2017-12-04,5.499881267547607,7.6366658210754395,7.733333110809326,7.5833330154418945,7.730000019073486,35700300
2017-12-05,5.44226598739624,7.556665897369385,7.743332862854004,7.510000228881836,7.599999904632568,18457500
2017-12-06,5.38945198059082,7.483333110809326,7.590000152587891,7.416666030883789,7.510000228881836,30645000
2017-12-07,5.291024208068848,7.346665859222412,7.47666597366333,7.2733330726623535,7.396666049957275,49680900
2017-12-08,5.2166056632995605,7.243332862854004,7.453332901000977,7.233333110809326,7.416666030883789,41944200
2017-12-11,5.291024208068848,7.346665859222412,7.389999866485596,7.2133331298828125,7.316666126251221,27386700
2017-12-12,5.401455402374268,7.5,7.5,7.203332901000977,7.323332786560059,26736900
2017-12-13,5.276621341705322,7.326665878295898,7.590000152587891,7.25666618347168,7.590000152587891,79630200
2017-12-14,5.2958269119262695,7.353332996368408,7.409999847412109,7.236666202545166,7.266665935516357,36831000
2017-12-15,5.274221897125244,7.323332786560059,7.400000095367432,7.276666164398193,7.276666164398193,48717600
2017-12-18,5.288625240325928,7.343332767486572,7.383333206176758,7.28000020980835,7.353332996368408,16935900
2017-12-19,5.25741720199585,7.300000190734863,7.346665859222412,7.25,7.306665897369385,29485200
2017-12-20,5.279021263122559,7.329999923706055,7.366665840148926,7.293333053588867,7.313333034515381,13708800
2017-12-21,5.3486409187316895,7.426665782928467,7.429999828338623,7.313333034515381,7.340000152587891,30667800
2017-12-22,5.41456413269043,7.429999828338623,7.449999809265137,7.320000171661377,7.383333206176758,12114900
2017-12-25,5.41456413269043,7.429999828338623,7.429999828338623,7.429999828338623,7.429999828338623,0
2017-12-26,5.431565761566162,7.453332901000977,7.486666202545166,7.376666069030762,7.420000076293945,12257700
2017-12-27,5.506870746612549,7.556665897369385,7.586666107177734,7.466666221618652,7.47333288192749,11873400
2017-12-28,5.533590316772461,7.593332767486572,7.633333206176758,7.5233330726623535,7.559999942779541,16779000
2017-12-29,5.533590316772461,7.593332767486572,7.593332767486572,7.593332767486572,7.593332767486572,0
2018-01-02,5.565169811248779,7.6366658210754395,7.78000020980835,7.603332996368408,7.630000114440918,29013300
2018-01-03,5.659907341003418,7.766665935516357,7.806665897369385,7.559999942779541,7.5833330154418945,18920100
2018-01-04,5.696343898773193,7.816666126251221,7.866665840148926,7.75666618347168,7.789999961853027,16965300
2018-01-05,5.778934955596924,7.929999828338623,7.929999828338623,7.776666164398193,7.800000190734863,21964800
2018-01-08,5.805654525756836,7.966666221618652,8.0600004196167,7.829999923706055,7.916666030883789,20775600
2018-01-09,5.7230634689331055,7.853332996368408,8.029999732971191,7.809999942779541,8.029999732971191,26400900
2018-01-10,5.672053337097168,7.783332824707031,7.8333330154418945,7.730000019073486,7.783332824707031,15398400
2018-01-11,5.764360427856445,7.909999847412109,7.909999847412109,7.75,7.8333330154418945,21197400
2018-01-12,5.735211372375488,7.869999885559082,7.900000095367432,7.776666164398193,7.880000114440918,16437900
2018-01-15,5.7522149085998535,7.8933329582214355,7.929999828338623,7.840000152587891,7.916666030883789,17349000
2018-01-16,5.791080951690674,7.9466657638549805,7.9633331298828125,7.863333225250244,7.900000095367432,15227100
2018-01-17,5.839662551879883,8.013333320617676,8.033332824707031,7.889999866485596,7.933332920074463,26711100
2018-01-18,5.907679557800293,8.10666561126709,8.116665840148926,7.966666221618652,7.980000019073486,25642500
2018-01-19,6.043712615966797,8.293333053588867,8.300000190734863,8.109999656677246,8.16333293914795,41801400
2018-01-22,6.0121331214904785,8.25,8.323332786560059,8.130000114440918,8.293333053588867,26079600
2018-01-23,5.970837116241455,8.19333267211914,8.263333320617676,8.029999732971191,8.260000228881836,30046800
2018-01-24,6.2841973304748535,8.623332977294922,8.626666069030762,8.183333396911621,8.233332633972168,48424200
2018-01-25,6.2841973304748535,8.623332977294922,8.623332977294922,8.623332977294922,8.623332977294922,0
2018-01-26,6.400794982910156,8.783332824707031,9.016666412353516,8.50666618347168,8.686665534973145,58887900
2018-01-29,6.410512924194336,8.796666145324707,8.796666145324707,8.609999656677246,8.75666618347168,26636700
2018-01-30,6.36436128616333,8.733332633972168,8.789999961853027,8.60666561126709,8.723333358764648,30083700
2018-01-31,6.335207939147949,8.69333267211914,8.84666633605957,8.646665573120117,8.836666107177734,33002400
2018-02-01,6.381362438201904,8.75666618347168,8.800000190734863,8.623332977294922,8.699999809265137,40254900
2018-02-02,6.3157758712768555,8.666666030883789,8.75666618347168,8.546666145324707,8.569999694824219,21531000
2018-02-05,6.050999641418457,8.303333282470703,8.603333473205566,8.303333282470703,8.546666145324707,38991900
2018-02-06,6.070432662963867,8.329999923706055,8.456665992736816,8.153332710266113,8.186665534973145,55308000
2018-02-07,5.992701053619385,8.223333358764648,8.44666576385498,8.223333358764648,8.390000343322754,27517800
2018-02-08,5.941688537597656,8.153332710266113,8.386666297912598,8.020000457763672,8.316665649414062,32218800
2018-02-09,5.827517986297607,7.996665954589844,8.149999618530273,7.7733330726623535,8.130000114440918,39497400
2018-02-14,5.936829090118408,8.146665573120117,8.273332595825195,7.986666202545166,8.170000076293945,40712100
2018-02-15,6.099580764770508,8.369999885559082,8.403332710266113,8.166666030883789,8.199999809265137,41969700
2018-02-16,6.204035758972168,8.513333320617676,8.513333320617676,8.286665916442871,8.373332977294922,26903400
2018-02-19,6.19431734085083,8.5,8.600000381469727,8.433333396911621,8.529999732971191,15461400
2018-02-20,6.2793378829956055,8.616665840148926,8.640000343322754,8.336666107177734,8.430000305175781,37635900
2018-02-21,6.47609806060791,8.886666297912598,9.083333015441895,8.600000381469727,8.616665840148926,74529300
2018-02-22,6.391080379486084,8.770000457763672,9.09000015258789,8.69333267211914,8.899999618530273,61907100
2018-02-23,6.561119556427002,9.00333309173584,9.00333309173584,8.800000190734863,8.816665649414062,31942500
2018-02-26,6.6097025871276855,9.069999694824219,9.140000343322754,9.010000228881836,9.046666145324707,26043600
2018-02-27,6.437232971191406,8.833333015441895,9.050000190734863,8.770000457763672,9.050000190734863,26531100
2018-02-28,6.2234697341918945,8.539999961853027,8.816665649414062,8.539999961853027,8.813332557678223,42457800
2018-03-01,6.216180324554443,8.529999732971191,8.666666030883789,8.399999618530273,8.520000457763672,22473900
2018-03-02,6.28662633895874,8.626666069030762,8.653332710266113,8.34666633605957,8.466666221618652,32560200
2018-03-05,6.36436128616333,8.733332633972168,8.789999961853027,8.573332786560059,8.600000381469727,20973300
2018-03-06,6.376504898071289,8.75,8.880000114440918,8.733332633972168,8.800000190734863,21160500
2018-03-07,6.352212905883789,8.716666221618652,8.75333309173584,8.546666145324707,8.75333309173584,21908100
2018-03-08,6.337637901306152,8.69666576385498,8.726666450500488,8.510000228881836,8.683333396911621,27915600
2018-03-09,6.558691501617432,9.0,9.033332824707031,8.656665802001953,8.716666221618652,19676100
2018-03-12,6.551402568817139,8.989999771118164,9.10666561126709,8.989999771118164,9.00333309173584,17066100
2018-03-13,6.536828994750977,8.970000267028809,9.069999694824219,8.883333206176758,9.033332824707031,14080500
2018-03-14,6.422657489776611,8.813332557678223,9.043333053588867,8.746665954589844,8.973333358764648,19140600
2018-03-15,6.3157758712768555,8.666666030883789,8.8100004196167,8.60666561126709,8.8100004196167,24093300
2018-03-16,6.255048751831055,8.583333015441895,8.723333358764648,8.583333015441895,8.673333168029785,32095500
2018-03-19,6.20889139175415,8.520000457763672,8.609999656677246,8.466666221618652,8.516666412353516,23521800
2018-03-20,6.330351829528809,8.686665534973145,8.69333267211914,8.533332824707031,8.543333053588867,16437300
2018-03-21,6.369217395782471,8.739999771118164,8.8100004196167,8.533332824707031,8.699999809265137,18440700
2018-03-22,6.310917377471924,8.65999984741211,8.829999923706055,8.566665649414062,8.760000228881836,17708100
2018-03-23,6.1773152351379395,8.476666450500488,8.673333168029785,8.473333358764648,8.583333015441895,21253500
2018-03-26,6.233184337615967,8.553333282470703,8.699999809265137,8.416666030883789,8.600000381469727,15137100
2018-03-27,6.216180324554443,8.529999732971191,8.633333206176758,8.483332633972168,8.59666633605957,11008200
2018-03-28,6.3400678634643555,8.699999809265137,8.766666412353516,8.386666297912598,8.433333396911621,24956700
2018-03-29,6.483386993408203,8.896665573120117,8.949999809265137,8.66333293914795,8.736665725708008,22453200
2018-04-02,6.4348039627075195,8.829999923706055,8.899999618530273,8.676666259765625,8.783332824707031,16908000
2018-04-03,6.425088882446289,8.816665649414062,8.996665954589844,8.6899995803833,8.859999656677246,25811400
2018-04-04,6.357071876525879,8.723333358764648,8.75,8.520000457763672,8.613332748413086,18963600
2018-04-05,6.50282096862793,8.923333168029785,9.050000190734863,8.823332786560059,8.933333396911621,25307400
2018-04-06,6.512537002563477,8.936665534973145,8.956665992736816,8.703332901000977,8.890000343322754,24650700
2018-04-09,6.36436128616333,8.733332633972168,8.993332862854004,8.656665802001953,8.993332862854004,19223700
2018-04-10,6.38379430770874,8.760000228881836,8.800000190734863,8.533332824707031,8.766666412353516,20749200
2018-04-11,6.449380397796631,8.850000381469727,8.863332748413086,8.633333206176758,8.739999771118164,17442300
2018-04-12,6.53196907043457,8.963333129882812,9.029999732971191,8.806666374206543,8.833333015441895,23610300
2018-04-13,6.417800426483154,8.806666374206543,8.9399995803833,8.706665992736816,8.899999618530273,31692300
2018-04-16,6.165168285369873,8.460000038146973,8.84000015258789,8.44666576385498,8.84000015258789,23166900
2018-04-17,6.23561429977417,8.556666374206543,8.616665840148926,8.300000190734863,8.483332633972168,29961300
2018-04-18,6.376504898071289,8.75,8.890000343322754,8.536665916442871,8.630000114440918,37932600
2018-04-19,6.330351829528809,8.686665534973145,8.770000457763672,8.583333015441895,8.723333358764648,15412200
2018-04-20,6.242901802062988,8.566665649414062,8.649999618530273,8.523332595825195,8.600000381469727,16987200
2018-04-23,6.252618789672852,8.579999923706055,8.579999923706055,8.44666576385498,8.516666412353516,18973500
2018-04-24,6.169209003448486,8.433333396911621,8.649999618530273,8.353333473205566,8.623332977294922,17004300
2018-04-25,6.110686302185059,8.353333473205566,8.420000076293945,8.25,8.319999694824219,21787200
2018-04-26,6.259428024291992,8.556666374206543,8.576665878295898,8.34666633605957,8.366665840148926,10528500
2018-04-27,6.298442363739014,8.609999656677246,8.66333293914795,8.536665916442871,8.646665573120117,11617500
2018-04-30,6.169209003448486,8.433333396911621,8.666666030883789,8.406665802001953,8.666666030883789,19695300
2018-05-02,6.0009565353393555,8.203332901000977,8.366665840148926,8.153332710266113,8.353333473205566,41768700
2018-05-03,5.891227722167969,8.053333282470703,8.229999542236328,8.039999961853027,8.133333206176758,36514800
2018-05-04,5.861966133117676,8.013333320617676,8.146665573120117,7.9033331871032715,8.033332824707031,27396900
2018-05-07,5.847336292266846,7.993332862854004,8.09000015258789,7.923333168029785,8.020000457763672,12980700
2018-05-08,5.825389385223389,7.9633331298828125,8.10666561126709,7.929999828338623,8.0,18279900
2018-05-09,5.866843223571777,8.020000457763672,8.050000190734863,7.869999885559082,7.96999979019165,22731900
2018-05-10,6.0180253982543945,8.226666450500488,8.239999771118164,8.023332595825195,8.069999694824219,37714500
2018-05-11,5.754674911499023,7.866665840148926,8.243332862854004,7.836666107177734,8.173333168029785,42809100
2018-05-14,5.679084300994873,7.763332843780518,7.896666049957275,7.593332767486572,7.889999866485596,45328800
2018-05-15,5.559603214263916,7.599999904632568,7.703332901000977,7.50333309173584,7.666666030883789,45393300
2018-05-16,5.627877712249756,7.693333148956299,7.846665859222412,7.546666145324707,7.546666145324707,23245500
2018-05-17,5.391351699829102,7.369999885559082,7.676665782928467,7.2733330726623535,7.586666107177734,56469300
2018-05-18,5.432804107666016,7.426665782928467,7.426665782928467,7.1533331871032715,7.276666164398193,42391200
2018-05-21,5.401104927062988,7.383333206176758,7.5,7.340000152587891,7.486666202545166,26393400
2018-05-22,5.693715572357178,7.783332824707031,7.826665878295898,7.426665782928467,7.456665992736816,42010500
2018-05-23,5.388912677764893,7.366665840148926,7.706665992736816,7.366665840148926,7.650000095367432,26270700
2018-05-24,5.2669901847839355,7.199999809265137,7.340000152587891,7.093332767486572,7.266665935516357,52399800
2018-05-25,5.125563144683838,7.00666618347168,7.286665916442871,6.949999809265137,7.22333288192749,62357700
2018-05-28,5.006078243255615,6.843332767486572,7.0,6.766665935516357,6.936666011810303,30807900
2018-05-29,5.054849147796631,6.909999847412109,7.246665954589844,6.849999904632568,7.033332824707031,48392400
2018-05-30,5.308444499969482,7.25666618347168,7.300000190734863,6.8333330154418945,6.836666107177734,64260000
2018-06-01,5.425488471984863,7.416666030883789,7.543333053588867,7.170000076293945,7.326665878295898,58439400
2018-06-04,5.564477920532227,7.606666088104248,7.690000057220459,7.440000057220459,7.496665954589844,53868000
2018-06-05,5.393789291381836,7.373332977294922,7.610000133514404,7.173333168029785,7.5,48615900
2018-06-06,5.220661163330078,7.1366658210754395,7.360000133514404,7.043333053588867,7.276666164398193,34543800
2018-06-07,4.8768439292907715,6.666666030883789,7.033332824707031,6.526666164398193,6.873332977294922,113960700
2018-06-08,5.081669330596924,6.9466657638549805,7.086666107177734,6.513332843780518,6.659999847412109,71068500
2018-06-11,4.979256629943848,6.806665897369385,7.110000133514404,6.683332920074463,7.033332824707031,21951000
2018-06-12,5.12068510055542,7.0,7.079999923706055,6.8333330154418945,6.896666049957275,46341000
2018-06-13,5.040218830108643,6.889999866485596,7.013332843780518,6.666666030883789,7.0,40896600
2018-06-14,4.913419246673584,6.716666221618652,6.96999979019165,6.676665782928467,6.916666030883789,49637100
2018-06-15,4.825638771057129,6.596665859222412,6.6966657638549805,6.436666011810303,6.666666030883789,71646300
2018-06-18,4.684208869934082,6.4033331871032715,6.556665897369385,6.366665840148926,6.5,31444200
2018-06-19,4.859776020050049,6.6433329582214355,6.743332862854004,6.306665897369385,6.316666126251221,75897000
2018-06-20,4.823198318481445,6.593332767486572,6.78000020980835,6.533332824707031,6.699999809265137,26361300
2018-06-21,4.771991729736328,6.5233330726623535,6.623332977294922,6.47666597366333,6.519999980926514,26095500
2018-06-22,4.869527816772461,6.656665802001953,6.659999847412109,6.496665954589844,6.550000190734863,25596900
2018-06-25,5.045095443725586,6.896666049957275,7.013332843780518,6.599999904632568,6.666666030883789,36795300
2018-06-26,5.032902240753174,6.880000114440918,6.983333110809326,6.806665897369385,6.940000057220459,34389300
2018-06-27,4.92561149597168,6.733333110809326,6.873332977294922,6.693333148956299,6.816666126251221,25961400
2018-06-28,5.059026718139648,6.840000152587891,6.853332996368408,6.603332996368408,6.699999809265137,23102400
2018-06-29,5.041768550872803,6.816666126251221,6.960000038146973,6.800000190734863,6.9466657638549805,29117100
2018-07-02,5.088612079620361,6.880000114440918,6.900000095367432,6.703332901000977,6.816666126251221,10821900
2018-07-03,5.150249004364014,6.9633331298828125,7.126666069030762,6.816666126251221,6.949999809265137,18852000
2018-07-04,5.211881637573242,7.046666145324707,7.050000190734863,6.856666088104248,6.933332920074463,8211300
2018-07-05,5.179832935333252,7.00333309173584,7.059999942779541,6.880000114440918,6.983333110809326,19614300
2018-07-06,5.362273216247559,7.25,7.323332786560059,7.0,7.016665935516357,23591400
2018-07-10,5.515128135681152,7.456665992736816,7.53000020980835,7.289999961853027,7.329999923706055,101908800
2018-07-11,5.517594337463379,7.460000038146973,7.550000190734863,7.400000095367432,7.400000095367432,35381100
2018-07-12,5.68524169921875,7.686666011810303,7.7133331298828125,7.483333110809326,7.496665954589844,28476000
2018-07-13,5.872613906860352,7.940000057220459,7.940000057220459,7.690000057220459,7.72666597366333,30768300
2018-07-16,5.793720722198486,7.8333330154418945,7.933332920074463,7.699999809265137,7.933332920074463,41895600
2018-07-17,5.902200222015381,7.980000019073486,8.09000015258789,7.776666164398193,7.800000190734863,40535100
2018-07-18,5.724690914154053,7.739999771118164,8.0,7.6966657638549805,7.9033331871032715,29085900
2018-07-19,5.695105075836182,7.699999809265137,7.699999809265137,7.510000228881836,7.666666030883789,51744300
2018-07-20,5.732086181640625,7.75,8.0,7.699999809265137,7.96999979019165,34470000
2018-07-23,5.667985439300537,7.663332939147949,7.7133331298828125,7.593332767486572,7.679999828338623,24777000
2018-07-24,5.72961950302124,7.746665954589844,7.816666126251221,7.686666011810303,7.746665954589844,17777100
2018-07-25,5.862752437591553,7.926665782928467,8.069999694824219,7.763332843780518,7.769999980926514,27557400
2018-07-26,5.806047439575195,7.849999904632568,8.026665687561035,7.75666618347168,7.849999904632568,15864300
2018-07-27,5.830702304840088,7.883333206176758,7.960000038146973,7.803332805633545,7.896666049957275,10003500
2018-07-30,5.855356693267822,7.916666030883789,7.993332862854004,7.776666164398193,7.960000038146973,16402500
2018-07-31,5.865220069885254,7.929999828338623,7.929999828338623,7.789999961853027,7.8333330154418945,21478500
2018-08-01,5.835633754730225,7.889999866485596,7.986666202545166,7.826665878295898,7.929999828338623,20598600
2018-08-02,5.941646099090576,8.033332824707031,8.156665802001953,7.786665916442871,7.8333330154418945,21369000
2018-08-03,6.151203155517578,8.316665649414062,8.35666561126709,8.046666145324707,8.100000381469727,34804500
2018-08-06,6.094500541687012,8.239999771118164,8.366665840148926,8.206665992736816,8.333333015441895,18038100
2018-08-07,5.9169921875,8.0,8.313332557678223,7.949999809265137,8.300000190734863,27900000
2018-08-08,5.776462554931641,7.809999942779541,8.09666633605957,7.706665992736816,7.960000038146973,48976800
2018-08-09,5.734550952911377,7.75333309173584,7.846665859222412,7.599999904632568,7.78000020980835,46320900
2018-08-10,5.6162109375,7.593332767486572,7.866665840148926,7.5,7.866665840148926,37475700
2018-08-13,5.645795822143555,7.633333206176758,7.659999847412109,7.466666221618652,7.5,35200800
2018-08-14,5.7518086433410645,7.776666164398193,7.796666145324707,7.623332977294922,7.760000228881836,17432400
2018-08-15,5.7172932624816895,7.730000019073486,7.783332824707031,7.570000171661377,7.6366658210754395,39278700
2018-08-16,5.724690914154053,7.739999771118164,7.806665897369385,7.550000190734863,7.733333110809326,15472800
2018-08-17,5.559505939483643,7.516665935516357,7.6966657638549805,7.5,7.596665859222412,18794100
2018-08-20,5.569367408752441,7.53000020980835,7.576665878295898,7.336666107177734,7.420000076293945,28434300
2018-08-21,5.473217010498047,7.400000095367432,7.486666202545166,7.336666107177734,7.436666011810303,28327800
2018-08-22,5.5299201011657715,7.47666597366333,7.47666597366333,7.286665916442871,7.289999961853027,31929000
2018-08-23,5.209417819976807,7.043333053588867,7.496665954589844,7.03000020980835,7.47666597366333,26541900
2018-08-24,5.206953525543213,7.039999961853027,7.260000228881836,6.940000057220459,7.206665992736816,26778300
2018-08-27,5.362273216247559,7.25,7.336666107177734,7.070000171661377,7.073332786560059,13851600
2018-08-28,5.34994649887085,7.233333110809326,7.269999980926514,7.139999866485596,7.1966657638549805,12690000
2018-08-29,5.485544204711914,7.416666030883789,7.489999771118164,7.236666202545166,7.243332862854004,18838800
2018-08-30,5.342549800872803,7.22333288192749,7.366665840148926,7.170000076293945,7.363333225250244,18185700
2018-08-31,5.364738941192627,7.25333309173584,7.360000133514404,7.103332996368408,7.233333110809326,24161700
2018-09-03,5.256259918212891,7.106666088104248,7.193333148956299,7.056665897369385,7.1366658210754395,9808200
2018-09-04,5.155178546905518,6.96999979019165,7.123332977294922,6.949999809265137,7.066666126251221,12770400
2018-09-05,5.379530906677246,7.2733330726623535,7.316666126251221,6.953332901000977,6.960000038146973,24375000
2018-09-06,5.384461879730225,7.28000020980835,7.380000114440918,7.090000152587891,7.320000171661377,26851800
2018-09-10,5.394323825836182,7.293333053588867,7.466666221618652,7.230000019073486,7.429999828338623,19395900
2018-09-11,5.192159175872803,7.019999980926514,7.123332977294922,6.889999866485596,7.123332977294922,32277600
2018-09-12,5.226675987243652,7.066666126251221,7.133333206176758,6.953332901000977,7.076665878295898,25377900
2018-09-13,5.226675987243652,7.066666126251221,7.133333206176758,7.0,7.053332805633545,25372800
2018-09-14,5.332688331604004,7.210000038146973,7.2733330726623535,7.039999961853027,7.039999961853027,29655300
2018-09-17,5.453494548797607,7.373332977294922,7.389999866485596,7.163332939147949,7.163332939147949,16729200
2018-09-18,5.473217010498047,7.400000095367432,7.47333288192749,7.320000171661377,7.3933329582214355,22163700
2018-09-19,5.50773286819458,7.4466657638549805,7.50333309173584,7.316666126251221,7.323332786560059,15594300
2018-09-20,5.589090824127197,7.556665897369385,7.5833330154418945,7.460000038146973,7.50666618347168,25571700
2018-09-21,5.695105075836182,7.699999809265137,7.796666145324707,7.550000190734863,7.599999904632568,49987200
2018-09-24,5.659360408782959,7.593332767486572,7.610000133514404,7.376666069030762,7.599999904632568,30160500
2018-09-25,5.584829330444336,7.493332862854004,7.563333034515381,7.389999866485596,7.429999828338623,31189200
2018-09-26,5.61464262008667,7.533332824707031,7.706665992736816,7.489999771118164,7.563333034515381,19428000
2018-09-27,5.805938720703125,7.789999961853027,7.869999885559082,7.550000190734863,7.550000190734863,42419100
2018-09-28,5.813391208648682,7.800000190734863,7.846665859222412,7.606666088104248,7.6433329582214355,26190600
2018-10-01,5.701594352722168,7.650000095367432,7.809999942779541,7.533332824707031,7.800000190734863,24711300
2018-10-02,5.9376091957092285,7.966666221618652,8.133333206176758,7.820000171661377,7.909999847412109,38606400
2018-10-03,6.0295305252075195,8.09000015258789,8.483332633972168,8.053333282470703,8.333333015441895,38317800
2018-10-04,6.0792155265808105,8.156665802001953,8.16333293914795,7.909999847412109,8.050000190734863,26465700
2018-10-05,6.024560928344727,8.083333015441895,8.300000190734863,7.949999809265137,8.233332633972168,27039600
2018-10-08,6.136356830596924,8.233332633972168,8.90999984741211,8.199999809265137,8.800000190734863,110932800
2018-10-09,6.23573112487793,8.366665840148926,8.489999771118164,8.143333435058594,8.243332862854004,38891700
2018-10-10,6.16119909286499,8.266666412353516,8.426666259765625,8.199999809265137,8.236665725708008,27198900
2018-10-11,5.917734622955322,7.940000057220459,8.333333015441895,7.916666030883789,8.333333015441895,51494700
2018-10-15,5.989780902862549,8.036665916442871,8.173333168029785,7.960000038146973,8.116665840148926,29059200
2018-10-16,6.210888862609863,8.333333015441895,8.380000114440918,8.153332710266113,8.16333293914795,31468800
2018-10-17,6.28541898727417,8.433333396911621,8.433333396911621,8.266666412353516,8.266666412353516,38461200
2018-10-18,6.0295305252075195,8.09000015258789,8.396665573120117,8.09000015258789,8.35666561126709,45586800
2018-10-19,5.974874973297119,8.016666412353516,8.25666618347168,7.953332901000977,8.216666221618652,23727900
2018-10-22,6.111513614654541,8.199999809265137,8.316665649414062,8.0600004196167,8.083333015441895,22370400
2018-10-23,6.210888862609863,8.333333015441895,8.373332977294922,8.023332595825195,8.056666374206543,22110600
2018-10-24,6.104060649871826,8.1899995803833,8.350000381469727,8.133333206176758,8.336666107177734,18875700
2018-10-25,6.086668014526367,8.166666030883789,8.396665573120117,8.156665802001953,8.246665954589844,40530900
2018-10-26,6.305293560028076,8.460000038146973,8.600000381469727,8.223333358764648,8.283332824707031,41625600
2018-10-29,6.23573112487793,8.366665840148926,8.706665992736816,8.216666221618652,8.576665878295898,89685000
2018-10-30,6.5586981773376465,8.800000190734863,8.833333015441895,8.466666221618652,8.526665687561035,64838700
2018-10-31,6.593478202819824,8.84666633605957,8.960000038146973,8.733332633972168,8.949999809265137,40821000
2018-11-01,6.8170695304870605,9.146665573120117,9.366665840148926,8.779999732971191,8.916666030883789,81056400
2018-11-05,6.769866466522217,9.083333015441895,9.276665687561035,9.013333320617676,9.100000381469727,29765700
2018-11-06,6.672977447509766,8.953332901000977,9.063332557678223,8.883333206176758,9.0,25939800
2018-11-07,6.446902751922607,8.649999618530273,9.09000015258789,8.603333473205566,9.066665649414062,32884800
2018-11-08,6.347527027130127,8.516666412353516,8.776665687561035,8.473333358764648,8.699999809265137,32883600
2018-11-09,6.382308483123779,8.563332557678223,8.733332633972168,8.4399995803833,8.470000267028809,32346000
2018-11-12,6.431995391845703,8.630000114440918,8.66333293914795,8.34000015258789,8.523332595825195,19904100
2018-11-13,6.397214889526367,8.583333015441895,8.736665725708008,8.479999542236328,8.616665840148926,34457700
2018-11-14,6.459323883056641,8.666666030883789,8.699999809265137,8.493332862854004,8.526665687561035,25522800
2018-11-16,6.779805660247803,9.09666633605957,9.09666633605957,8.579999923706055,8.699999809265137,32432400
2018-11-19,6.523915767669678,8.75333309173584,9.043333053588867,8.739999771118164,9.0,18831300
2018-11-21,6.6208062171936035,8.883333206176758,8.883333206176758,8.573332786560059,8.66333293914795,30164700
2018-11-22,6.605900287628174,8.863332748413086,8.899999618530273,8.770000457763672,8.899999618530273,8375400
2018-11-23,6.5586981773376465,8.800000190734863,8.863332748413086,8.649999618530273,8.863332748413086,16458000
2018-11-26,6.556212425231934,8.796666145324707,8.976666450500488,8.666666030883789,8.833333015441895,32177400
2018-11-27,6.9711012840271,9.353333473205566,9.353333473205566,8.800000190734863,8.800000190734863,36274800
2018-11-28,7.0058817863464355,9.399999618530273,9.489999771118164,9.136666297912598,9.303333282470703,29130000
2018-11-29,7.117678165435791,9.550000190734863,9.633333206176758,9.239999771118164,9.263333320617676,18330000
2018-11-30,7.0058817863464355,9.399999618530273,9.59000015258789,9.359999656677246,9.489999771118164,22675200
2018-12-03,6.993459701538086,9.383333206176758,9.600000381469727,9.273332595825195,9.529999732971191,33897000
2018-12-04,6.931351661682129,9.300000190734863,9.526665687561035,9.213333129882812,9.41333293914795,36799800
2018-12-05,7.008366107940674,9.403332710266113,9.470000267028809,9.236665725708008,9.353333473205566,12728100
2018-12-06,7.1027727127075195,9.529999732971191,9.569999694824219,9.183333396911621,9.229999542236328,35633400
2018-12-07,7.0804123878479,9.5,9.733332633972168,9.430000305175781,9.479999542236328,33498300
2018-12-10,6.834460735321045,9.170000076293945,9.553333282470703,9.170000076293945,9.460000038146973,21116400
2018-12-11,6.854336738586426,9.19666576385498,9.420000076293945,9.103333473205566,9.25666618347168,27075600
2018-12-12,6.993459701538086,9.383333206176758,9.496665954589844,9.266666412353516,9.323332786560059,28453200
2018-12-13,6.881665229797363,9.233332633972168,9.460000038146973,9.233332633972168,9.460000038146973,26981400
2018-12-14,6.7947096824646,9.116665840148926,9.289999961853027,9.0,9.233332633972168,20803500
2018-12-17,6.658071994781494,8.933333396911621,9.153332710266113,8.836666107177734,9.136666297912598,44665200
2018-12-18,6.6208062171936035,8.883333206176758,9.09000015258789,8.883333206176758,9.0,27048900
2018-12-19,6.499074935913086,8.720000267028809,9.046666145324707,8.720000267028809,8.916666030883789,35392500
2018-12-20,6.484167098999023,8.699999809265137,8.94666576385498,8.60666561126709,8.783332824707031,41170800
2018-12-21,6.643167495727539,8.91333293914795,9.013333320617676,8.626666069030762,8.699999809265137,66267900
2018-12-26,6.522215843200684,8.683333396911621,8.823332786560059,8.673333168029785,8.75333309173584,24277200
2018-12-27,6.549759387969971,8.720000267028809,8.770000457763672,8.539999961853027,8.670000076293945,28835400
2018-12-28,6.712498664855957,8.936665534973145,9.033332824707031,8.763333320617676,8.766666412353516,36834600
2019-01-02,6.9578680992126465,9.263333320617676,9.303333282470703,8.893333435058594,8.949999809265137,73845000
2019-01-03,7.2608160972595215,9.666666030883789,9.706665992736816,9.133333206176758,9.136666297912598,48211200
2019-01-04,6.997923851013184,9.316665649414062,9.75333309173584,9.279999732971191,9.5600004196167,65334600
2019-01-07,6.960370063781738,9.266666412353516,9.383333206176758,9.103333473205566,9.383333206176758,34563000
2019-01-08,6.980401039123535,9.293333053588867,9.399999618530273,9.183333396911621,9.319999694824219,34092300
2019-01-09,7.012945652008057,9.336666107177734,9.466666221618652,9.236665725708008,9.333333015441895,43927800
2019-01-10,7.078047275543213,9.423333168029785,9.460000038146973,9.266666412353516,9.350000381469727,37463400
2019-01-11,7.228267669677734,9.623332977294922,9.65999984741211,9.41333293914795,9.423333168029785,30136500
2019-01-14,7.38850736618042,9.836666107177734,9.916666030883789,9.613332748413086,9.630000114440918,46510800
2019-01-15,7.3159003257751465,9.739999771118164,9.880000114440918,9.646665573120117,9.816665649414062,27547200
2019-01-16,7.473635673522949,9.949999809265137,9.983332633972168,9.609999656677246,9.726666450500488,25323600
2019-01-17,7.511190891265869,10.0,10.013333320617676,9.783332824707031,9.966666221618652,28993200
2019-01-18,7.61134147644043,10.133333206176758,10.223333358764648,9.933333396911621,10.0,38361900
2019-01-21,7.636373996734619,10.166666030883789,10.210000038146973,9.920000076293945,10.050000190734863,24367800
2019-01-22,7.453605651855469,9.923333168029785,10.183333396911621,9.896665573120117,10.066665649414062,22506600
2019-01-23,7.691457748413086,10.239999771118164,10.386666297912598,9.956665992736816,10.0,35742300
2019-01-24,7.924305438995361,10.550000190734863,10.550000190734863,10.199999809265137,10.359999656677246,72752700
2019-01-28,8.069520950317383,10.743332862854004,10.743332862854004,10.363332748413086,10.466666221618652,53865900
2019-01-29,7.8992695808410645,10.516666412353516,10.866665840148926,10.453332901000977,10.826665878295898,29300100
2019-01-30,7.879240036010742,10.489999771118164,10.653332710266113,10.359999656677246,10.633333206176758,36645300
2019-01-31,7.879240036010742,10.489999771118164,10.603333473205566,10.399999618530273,10.536665916442871,34641900
2019-02-01,7.996912956237793,10.646665573120117,10.646665573120117,10.416666030883789,10.416666030883789,36630600
2019-02-04,8.079535484313965,10.75666618347168,10.776665687561035,10.433333396911621,10.626666069030762,23313900
2019-02-05,8.25730037689209,10.993332862854004,11.036665916442871,10.670000076293945,10.670000076293945,27119400
2019-02-06,8.062010765075684,10.733332633972168,10.866665840148926,10.66333293914795,10.866665840148926,54848100
2019-02-07,7.761563777923584,10.333333015441895,10.883333206176758,10.25333309173584,10.866665840148926,86789700
2019-02-08,7.844186782836914,10.44333267211914,10.526665687561035,10.243332862854004,10.266666412353516,38286900
2019-02-11,7.70648193359375,10.260000228881836,10.369999885559082,10.15999984741211,10.34333324432373,37454700
2019-02-12,7.791610240936279,10.373332977294922,10.466666221618652,10.236665725708008,10.34666633605957,35465400
2019-02-13,7.77157735824585,10.34666633605957,10.456665992736816,10.283332824707031,10.449999809265137,49510500
2019-02-14,8.102068901062012,10.786665916442871,10.789999961853027,10.233332633972168,10.283332824707031,33276600
2019-02-15,8.092055320739746,10.773332595825195,10.84666633605957,10.600000381469727,10.6899995803833,22616700
2019-02-18,8.004423141479492,10.656665802001953,10.713333129882812,10.566665649414062,10.633333206176758,19702200
2019-02-19,8.212234497070312,10.933333396911621,10.9399995803833,10.59000015258789,10.720000267028809,34859700
2019-02-20,8.149641036987305,10.850000381469727,11.026665687561035,10.766666412353516,10.890000343322754,42509100
2019-02-21,8.099564552307129,10.783332824707031,10.926666259765625,10.630000114440918,10.853333473205566,23302200
2019-02-22,8.3098783493042,11.063332557678223,11.100000381469727,10.84333324432373,10.966666221618652,23856900
2019-02-25,8.374979019165039,11.149999618530273,11.263333320617676,11.073332786560059,11.10666561126709,28860900
2019-02-26,8.475127220153809,11.283332824707031,11.329999923706055,11.153332710266113,11.156665802001953,21534900
2019-02-27,8.344931602478027,11.109999656677246,11.276665687561035,11.00333309173584,11.236665725708008,33839700
2019-02-28,8.209733009338379,10.930000305175781,11.213333129882812,10.876666069030762,11.143333435058594,29739600
2019-03-01,7.98189115524292,10.626666069030762,10.966666221618652,10.609999656677246,10.886666297912598,28874400
2019-03-06,7.914290428161621,10.536665916442871,10.733332633972168,10.536665916442871,10.69333267211914,16214400
2019-03-07,7.7840962409973145,10.363332748413086,10.550000190734863,10.25666618347168,10.510000228881836,41576400
2019-03-08,7.914290428161621,10.536665916442871,10.576665878295898,10.263333320617676,10.350000381469727,32046600
2019-03-11,8.237274169921875,10.966666221618652,10.983332633972168,10.563332557678223,10.616665840148926,29343900
2019-03-12,8.27482795715332,11.016666412353516,11.036665916442871,10.776665687561035,11.016666412353516,18810600
2019-03-13,8.332412719726562,11.09333324432373,11.203332901000977,10.853333473205566,10.983332633972168,30388200
2019-03-14,8.307377815246582,11.0600004196167,11.206665992736816,10.979999542236328,11.039999961853027,18288900
2019-03-15,8.480134963989258,11.289999961853027,11.366665840148926,11.036665916442871,11.100000381469727,42188700
2019-03-18,8.602815628051758,11.453332901000977,11.520000457763672,11.326665878295898,11.333333015441895,23386800
2019-03-19,8.682936668395996,11.5600004196167,11.583333015441895,11.323332786560059,11.466666221618652,17635800
2019-03-20,8.525203704833984,11.350000381469727,11.633333206176758,11.323332786560059,11.516666412353516,26807400
2019-03-21,8.379983901977539,11.156665802001953,11.369999885559082,10.84666633605957,11.333333015441895,28728600
2019-03-22,8.149641036987305,10.850000381469727,11.056666374206543,10.713333129882812,10.863332748413086,43600500
2019-03-25,8.13211441040039,10.826665878295898,10.986665725708008,10.586666107177734,10.766666412353516,22760700
2019-03-26,8.337422370910645,11.100000381469727,11.15999984741211,10.806666374206543,10.933333396911621,30936900
2019-03-27,7.874792098999023,10.423333168029785,10.880000114440918,10.303333282470703,10.819999694824219,42554100
2019-03-28,8.076255798339844,10.6899995803833,10.833333015441895,10.229999542236328,10.369999885559082,43207200
2019-03-29,8.088849067687988,10.706665992736816,10.806666374206543,10.536665916442871,10.806666374206543,27680400
2019-04-01,8.204695701599121,10.859999656677246,10.916666030883789,10.706665992736816,10.746665954589844,18089400
2019-04-02,8.22484302520752,10.886666297912598,10.966666221618652,10.75333309173584,10.966666221618652,17003100
2019-04-03,7.947824954986572,10.520000457763672,11.0,10.510000228881836,10.960000038146973,39501600
2019-04-04,8.244989395141602,10.91333293914795,10.91333293914795,10.456665992736816,10.619999885559082,33732000
2019-04-05,8.285280227661133,10.966666221618652,11.066665649414062,10.800000190734863,10.926666259765625,19423800
2019-04-08,8.310464859008789,11.0,11.083333015441895,10.873332977294922,10.963333129882812,14254800
2019-04-09,8.063666343688965,10.673333168029785,10.960000038146973,10.619999885559082,10.933333396911621,24893400
2019-04-10,8.093889236450195,10.713333129882812,10.796666145324707,10.573332786560059,10.720000267028809,19480500
2019-04-11,7.912569522857666,10.473333358764648,10.746665954589844,10.390000343322754,10.699999809265137,23495700
2019-04-12,7.726211071014404,10.226666450500488,10.579999923706055,10.183333396911621,10.35666561126709,22875900
2019-04-15,7.844574451446533,10.383333206176758,10.399999618530273,10.076665878295898,10.366665840148926,24966300
2019-04-16,7.920122146606445,10.483332633972168,10.646665573120117,10.333333015441895,10.376666069030762,23726100
2019-04-17,7.8319807052612305,10.366665840148926,10.573332786560059,10.066665649414062,10.553333282470703,43870500
2019-04-18,8.046038627624512,10.649999618530273,10.75666618347168,10.326665878295898,10.433333396911621,47255100
2019-04-22,8.046038627624512,10.649999618530273,10.710000038146973,10.533332824707031,10.600000381469727,12063300
2019-04-23,8.270169258117676,10.94666576385498,10.993332862854004,10.683333396911621,10.739999771118164,34509300
2019-04-24,8.43637752532959,11.166666030883789,11.166666030883789,10.836666107177734,10.930000305175781,59086500
2019-04-25,8.756205558776855,11.59000015258789,11.686665534973145,11.033332824707031,11.050000190734863,30819000
2019-04-26,8.592516899108887,11.373332977294922,11.529999732971191,11.229999542236328,11.529999732971191,18727800
2019-04-29,8.663028717041016,11.466666221618652,11.516666412353516,11.286665916442871,11.369999885559082,17555700
2019-04-30,8.675619125366211,11.483332633972168,11.600000381469727,11.333333015441895,11.483332633972168,23727600
2019-05-02,8.537111282348633,11.300000190734863,11.550000190734863,11.25,11.416666030883789,15633300
2019-05-03,8.579925537109375,11.35666561126709,11.44666576385498,11.300000190734863,11.326665878295898,17203500
2019-05-06,8.486743927001953,11.233332633972168,11.260000228881836,11.069999694824219,11.229999542236328,12279600
2019-05-07,8.476672172546387,11.220000267028809,11.233332633972168,10.936665534973145,11.113332748413086,26702100
2019-05-08,8.650436401367188,11.449999809265137,11.5600004196167,11.300000190734863,11.333333015441895,17428500
2019-05-09,8.537111282348633,11.300000190734863,11.373332977294922,11.170000076293945,11.316665649414062,15687600
2019-05-10,8.386015892028809,11.100000381469727,11.350000381469727,10.94666576385498,11.329999923706055,23719200
2019-05-13,8.144250869750977,10.779999732971191,10.983332633972168,10.713333129882812,10.85666561126709,21949500
2019-05-14,8.209731101989746,10.866665840148926,11.053333282470703,10.789999961853027,10.803333282470703,22562100
2019-05-15,8.18454647064209,10.833333015441895,10.869999885559082,10.566665649414062,10.603333473205566,41646000
2019-05-16,8.033449172973633,10.633333206176758,10.746665954589844,10.529999732971191,10.680000305175781,37843200
2019-05-17,7.983080863952637,10.566665649414062,10.903332710266113,10.420000076293945,10.470000267028809,32846100
2019-05-20,8.23742961883545,10.903332710266113,11.0,10.510000228881836,10.656665802001953,26321100
2019-05-21,8.642881393432617,11.4399995803833,11.553333282470703,10.923333168029785,10.976666450500488,40391700
2019-05-22,8.557255744934082,11.326665878295898,11.566665649414062,11.25666618347168,11.433333396911621,21654300
2019-05-23,8.647916793823242,11.44666576385498,11.483332633972168,11.206665992736816,11.233332633972168,25376400
2019-05-24,8.612663269042969,11.399999618530273,11.566665649414062,11.326665878295898,11.566665649414062,22659900
2019-05-27,8.741097450256348,11.569999694824219,11.680000305175781,11.430000305175781,11.5,14886300
2019-05-28,9.000484466552734,11.91333293914795,12.00333309173584,11.539999961853027,11.626666069030762,59054700
2019-05-29,9.093661308288574,12.036665916442871,12.036665916442871,11.816665649414062,11.866665840148926,28516800
2019-05-30,9.242242813110352,12.233332633972168,12.289999961853027,11.94333267211914,12.020000457763672,21859500
2019-05-31,9.209504127502441,12.1899995803833,12.529999732971191,12.076665878295898,12.166666030883789,39383700
2019-06-03,9.191877365112305,12.166666030883789,12.486665725708008,12.023332595825195,12.333333015441895,28697100
2019-06-04,9.154101371765137,12.116665840148926,12.319999694824219,12.053333282470703,12.279999732971191,19043400
2019-06-05,9.045812606811523,11.973333358764648,12.176666259765625,11.833333015441895,12.116665840148926,25174800
2019-06-06,9.393342018127441,12.433333396911621,12.44666576385498,11.989999771118164,12.0,26641500
2019-06-07,9.340457916259766,12.363332748413086,12.5,12.3100004196167,12.449999809265137,14523600
2019-06-10,9.380748748779297,12.416666030883789,12.5,12.296666145324707,12.390000343322754,17376000
2019-06-11,9.574660301208496,12.673333168029785,12.833333015441895,12.353333473205566,12.5,35185500
2019-06-12,9.478964805603027,12.546666145324707,12.763333320617676,12.416666030883789,12.666666030883789,45345000
2019-06-13,9.509183883666992,12.586666107177734,12.829999923706055,12.456665992736816,12.533332824707031,47564700
2019-06-14,9.003002166748047,11.916666030883789,12.613332748413086,11.803333282470703,12.579999923706055,84969300
2019-06-17,8.940044403076172,11.833333015441895,12.026665687561035,11.770000457763672,11.91333293914795,51404700
2019-06-18,9.597325325012207,12.703332901000977,12.703332901000977,12.199999809265137,12.263333320617676,56935500
2019-06-19,9.416009902954102,12.463333129882812,12.683333396911621,12.359999656677246,12.576665878295898,60546600
2019-06-21,10.010330200195312,13.25,13.25,12.426666259765625,12.466666221618652,67489800
2019-06-24,9.9977388381958,13.233332633972168,13.306666374206543,13.056666374206543,13.289999961853027,33701400
2019-06-25,9.484002113342285,12.553333282470703,13.15999984741211,12.550000190734863,13.083333015441895,54103200
2019-06-26,9.33984661102295,12.300000190734863,12.760000228881836,12.243332862854004,12.706665992736816,46427400
2019-06-27,9.514493942260742,12.529999732971191,12.576665878295898,12.140000343322754,12.186665534973145,26474700
2019-06-28,9.481587409973145,12.486665725708008,12.75,12.436665534973145,12.733332633972168,24124800
2019-07-01,9.656235694885254,12.716666221618652,12.779999732971191,12.553333282470703,12.666666030883789,25805100
2019-07-02,9.504368782043457,12.516666412353516,12.793333053588867,12.456665992736816,12.716666221618652,30580200
2019-07-03,9.719517707824707,12.800000190734863,12.800000190734863,12.533332824707031,12.533332824707031,35592000
2019-07-04,10.058686256408691,13.246665954589844,13.279999732971191,12.886666297912598,12.886666297912598,30513600
2019-07-05,10.252366065979004,13.466666221618652,13.470000267028809,13.036665916442871,13.166666030883789,36728400
2019-07-08,10.226987838745117,13.433333396911621,13.543333053588867,13.359999656677246,13.466666221618652,18608700
2019-07-10,10.683777809143066,14.033332824707031,14.333333015441895,13.59000015258789,13.649999618530273,53771400
2019-07-11,10.445231437683105,13.720000267028809,14.033332824707031,13.603333473205566,14.033332824707031,33111900
2019-07-12,10.074724197387695,13.233332633972168,13.823332786560059,13.210000038146973,13.75,37713300
2019-07-15,10.08487606048584,13.246665954589844,13.423333168029785,13.146665573120117,13.323332786560059,18889200
2019-07-16,10.404626846313477,13.666666030883789,13.793333053588867,13.333333015441895,13.350000381469727,41873400
2019-07-17,10.478221893310547,13.763333320617676,13.949999809265137,13.646665573120117,13.816665649414062,15840900
2019-07-18,10.412239074707031,13.676666259765625,13.899999618530273,13.640000343322754,13.800000190734863,26078100
2019-07-19,10.247288703918457,13.460000038146973,13.729999542236328,13.396665573120117,13.633333206176758,17694300
2019-07-22,10.493446350097656,13.783332824707031,13.803333282470703,13.586666107177734,13.626666069030762,10702800
2019-07-23,10.341187477111816,13.583333015441895,13.893333435058594,13.550000190734863,13.783332824707031,20164800
2019-07-24,10.792898178100586,14.176666259765625,14.176666259765625,13.626666069030762,13.630000114440918,23201400
2019-07-25,10.633023262023926,13.966666221618652,14.233332633972168,13.786665916442871,14.149999618530273,21772200
2019-07-26,10.693926811218262,14.046666145324707,14.140000343322754,13.826665878295898,14.140000343322754,15914400
2019-07-29,10.815733909606934,14.206665992736816,14.206665992736816,13.9399995803833,14.100000381469727,12600300
2019-07-30,10.945162773132324,14.376666069030762,14.453332901000977,14.0600004196167,14.130000114440918,16939200
2019-07-31,10.706615447998047,14.063332557678223,14.393333435058594,13.84666633605957,14.380000114440918,30289200
2019-08-01,10.874103546142578,14.283332824707031,14.666666030883789,14.076665878295898,14.15999984741211,40686900
2019-08-02,10.942621231079102,14.373332977294922,14.473333358764648,14.143333435058594,14.3100004196167,44697300
2019-08-05,10.52390193939209,13.823332786560059,14.166666030883789,13.75333309173584,14.100000381469727,36307800
2019-08-06,10.86141586303711,14.266666412353516,14.319999694824219,13.966666221618652,14.0,28109400
2019-08-07,11.023829460144043,14.479999542236328,14.633333206176758,13.920000076293945,14.076665878295898,25440900
2019-08-08,11.503457069396973,15.109999656677246,15.186665534973145,14.520000457763672,14.626666069030762,29943000
2019-08-09,11.546599388122559,15.166666030883789,15.166666030883789,14.766666412353516,14.833333015441895,27090300
2019-08-12,11.226845741271973,14.746665954589844,14.850000381469727,14.603333473205566,14.783332824707031,24594900
2019-08-13,11.637955665588379,15.286665916442871,15.393333435058594,14.633333206176758,14.65999984741211,31440300
2019-08-14,11.089811325073242,14.566665649414062,15.183333396911621,14.473333358764648,15.09333324432373,52656300
2019-08-15,11.000990867614746,14.449999809265137,14.713333129882812,14.276665687561035,14.666666030883789,29555700
2019-08-16,11.292825698852539,14.833333015441895,15.130000114440918,14.553333282470703,14.633333206176758,40022400
2019-08-19,11.546599388122559,15.166666030883789,15.59666633605957,14.986665725708008,15.016666412353516,48268500
2019-08-20,11.612578392028809,15.25333309173584,15.430000305175781,14.826665878295898,15.229999542236328,33436200
2019-08-21,11.627806663513184,15.273332595825195,15.386666297912598,15.100000381469727,15.326665878295898,25780800
2019-08-22,11.538985252380371,15.156665802001953,15.353333473205566,15.086666107177734,15.176666259765625,15178800
2019-08-23,11.122803688049316,14.609999656677246,15.076665878295898,14.399999618530273,14.983332633972168,31372800
2019-08-26,10.73453140258789,14.100000381469727,14.739999771118164,13.94333267211914,14.6899995803833,40347900
2019-08-27,10.912169456481934,14.333333015441895,14.616665840148926,14.050000190734863,14.233332633972168,73250700
2019-08-28,11.07204532623291,14.543333053588867,14.616665840148926,14.176666259765625,14.176666259765625,26244300
2019-08-29,11.239535331726074,14.763333320617676,14.920000076293945,14.40999984741211,14.670000076293945,27588000
2019-08-30,11.368959426879883,14.933333396911621,15.109999656677246,14.739999771118164,14.960000038146973,39487800
2019-09-02,11.150714874267578,14.646665573120117,14.933333396911621,14.579999923706055,14.833333015441895,13083600
2019-09-03,11.102499961853027,14.583333015441895,14.923333168029785,14.453332901000977,14.633333206176758,28326000
2019-09-04,11.325817108154297,14.876666069030762,14.899999618530273,14.586666107177734,14.743332862854004,25464900
2019-09-05,11.49584674835205,15.100000381469727,15.350000381469727,14.903332710266113,14.966666221618652,23778000
2019-09-06,11.64810562133789,15.300000190734863,15.323332786560059,15.153332710266113,15.246665954589844,19605900
2019-09-09,11.120260238647461,14.60666561126709,15.456665992736816,14.456665992736816,15.300000190734863,45550800
2019-09-10,11.140564918518066,14.633333206176758,14.710000038146973,14.300000190734863,14.553333282470703,29325000
2019-09-11,11.300440788269043,14.84333324432373,15.216666221618652,14.84333324432373,14.933333396911621,38119200
2019-09-12,11.28775405883789,14.826665878295898,15.116665840148926,14.710000038146973,14.9399995803833,31815300
2019-09-13,10.912169456481934,14.333333015441895,14.906665802001953,14.333333015441895,14.829999923706055,27317700
2019-09-16,10.92993450164795,14.35666561126709,14.460000038146973,14.203332901000977,14.433333396911621,22358100
2019-09-17,11.196393013000488,14.706665992736816,14.763333320617676,14.276665687561035,14.350000381469727,21891000
2019-09-18,11.39941120147705,14.973333358764648,14.973333358764648,14.66333293914795,14.6899995803833,14812200
2019-09-19,11.313129425048828,14.859999656677246,15.289999961853027,14.736665725708008,15.10666561126709,33310500
2019-09-20,11.500919342041016,15.10666561126709,15.133333206176758,14.779999732971191,14.933333396911621,39284700
2019-09-23,11.384186744689941,14.953332901000977,15.056666374206543,14.819999694824219,14.970000267028809,12484500
2019-09-24,11.242073059082031,14.766666412353516,15.10666561126709,14.6899995803833,15.029999732971191,18534000
2019-09-25,11.24913215637207,14.670000076293945,14.75,14.399999618530273,14.69666576385498,23843700
2019-09-26,11.443389892578125,14.923333168029785,15.033332824707031,14.653332710266113,14.699999809265137,19743000
2019-09-27,11.343703269958496,14.793333053588867,14.966666221618652,14.616665840148926,14.933333396911621,16953300
2019-09-30,11.151999473571777,14.543333053588867,14.886666297912598,14.533332824707031,14.800000190734863,20167800
2019-10-01,11.187785148620605,14.59000015258789,14.776665687561035,14.523332595825195,14.623332977294922,18818700
2019-10-02,11.016534805297852,14.366665840148926,14.516666412353516,14.183333396911621,14.473333358764648,21341700
2019-10-03,11.144331932067871,14.533332824707031,14.533332824707031,14.16333293914795,14.366665840148926,16682400
2019-10-04,11.387157440185547,14.850000381469727,14.869999885559082,14.366665840148926,14.466666221618652,30426300
2019-10-07,10.990968704223633,14.333333015441895,14.796666145324707,14.266666412353516,14.796666145324707,20408700
2019-10-08,11.067651748657227,14.433333396911621,14.746665954589844,14.270000457763672,14.393333435058594,40073700
2019-10-09,11.221014976501465,14.633333206176758,14.716666221618652,14.416666030883789,14.533332824707031,9340200
2019-10-10,11.261910438537598,14.686665534973145,14.850000381469727,14.473333358764648,14.543333053588867,17980200
2019-10-11,11.514958381652832,15.016666412353516,15.116665840148926,14.786665916442871,14.85666561126709,18713400
2019-10-14,11.543073654174805,15.053333282470703,15.130000114440918,14.9399995803833,15.0,15448500
2019-10-15,11.376933097839355,14.836666107177734,15.226666450500488,14.836666107177734,15.029999732971191,28770600
2019-10-16,11.553298950195312,15.066665649414062,15.09666633605957,14.720000267028809,14.836666107177734,26614500
2019-10-17,11.796121597290039,15.383333206176758,15.383333206176758,15.183333396911621,15.199999809265137,22557600
2019-10-18,11.87024974822998,15.479999542236328,15.496665954589844,15.266666412353516,15.266666412353516,18160800
2019-10-21,11.985270500183105,15.630000114440918,15.630000114440918,15.293333053588867,15.399999618530273,18636900
2019-10-22,12.148858070373535,15.84333324432373,15.906665802001953,15.550000190734863,15.566665649414062,29009700
2019-10-23,12.330334663391113,16.079999923706055,16.183332443237305,15.75,15.84333324432373,28879500
2019-10-24,12.427465438842773,16.206666946411133,16.273332595825195,15.966666221618652,16.083332061767578,20489100
2019-10-25,12.373785972595215,16.13666534423828,16.239999771118164,16.003332138061523,16.16666603088379,16563000
2019-10-28,12.460694313049316,16.25,16.25,16.03333282470703,16.116666793823242,13369200
2019-10-29,12.243430137634277,15.966666221618652,16.190000534057617,15.883333206176758,16.16666603088379,17026200
2019-10-30,12.39678955078125,16.16666603088379,16.183332443237305,15.836666107177734,15.966666221618652,20459400
2019-10-31,12.366120338439941,16.126665115356445,16.233333587646484,15.949999809265137,16.1299991607666,15746700
2019-11-01,12.575714111328125,16.399999618530273,16.49333381652832,16.1200008392334,16.170000076293945,19698000
2019-11-04,12.593605041503906,16.42333221435547,16.49333381652832,16.176666259765625,16.396665573120117,16377000
2019-11-05,12.601274490356445,16.433332443237305,16.446666717529297,16.183332443237305,16.42333221435547,18374700
2019-11-06,12.499034881591797,16.299999237060547,16.613332748413086,16.200000762939453,16.43000030517578,21724200
2019-11-07,12.626834869384766,16.466665267944336,16.600000381469727,16.233333587646484,16.350000381469727,14865300
2019-11-08,12.44791316986084,16.233333587646484,16.593332290649414,16.106666564941406,16.433332443237305,26497800
2019-11-11,12.805761337280273,16.700000762939453,16.700000762939453,16.06999969482422,16.10333251953125,23869500
2019-11-12,12.575714111328125,16.399999618530273,16.549999237060547,16.27666664123535,16.5,26646000
2019-11-13,12.660064697265625,16.510000228881836,16.510000228881836,16.18000030517578,16.25,23459700
2019-11-14,12.729077339172363,16.600000381469727,16.600000381469727,16.323333740234375,16.523332595825195,19743600
2019-11-18,12.534817695617676,16.34666633605957,16.799999237060547,16.286666870117188,16.706666946411133,30305100
2019-11-19,12.253653526306152,15.979999542236328,16.483333587646484,15.863332748413086,16.483333587646484,33955500
2019-11-21,12.49392032623291,16.293333053588867,16.293333053588867,15.84666633605957,15.979999542236328,32799300
2019-11-22,12.649839401245117,16.496665954589844,16.496665954589844,16.10333251953125,16.293333053588867,24955800
2019-11-25,12.210200309753418,15.923333168029785,16.42333221435547,15.886666297912598,16.42333221435547,38181000
2019-11-26,11.885583877563477,15.5,15.859999656677246,15.273332595825195,15.859999656677246,68288700
2019-11-27,12.128405570983887,15.816665649414062,15.94666576385498,15.420000076293945,15.630000114440918,30843300
2019-11-28,12.307331085205078,16.049999237060547,16.06999969482422,15.673333168029785,15.796666145324707,13985400
2019-11-29,12.197416305541992,15.906665802001953,16.123332977294922,15.773332595825195,16.04666519165039,17702700
2019-12-02,12.166749000549316,15.866665840148926,16.123332977294922,15.836666107177734,15.953332901000977,22399800
2019-12-03,12.297107696533203,16.036666870117188,16.036666870117188,15.673333168029785,15.926666259765625,14747700
2019-12-04,12.621723175048828,16.459999084472656,16.483333587646484,15.949999809265137,16.049999237060547,23739300
2019-12-05,12.588496208190918,16.41666603088379,16.453332901000977,16.239999771118164,16.450000762939453,19102200
2019-12-06,12.550155639648438,16.366666793823242,16.440000534057617,16.25666618347168,16.399999618530273,19980900
2019-12-09,12.17953109741211,15.883333206176758,16.426666259765625,15.859999656677246,16.383333206176758,34892100
2019-12-10,11.959712028503418,15.59666633605957,15.9399995803833,15.536665916442871,15.899999618530273,27294900
2019-12-11,11.808902740478516,15.399999618530273,15.739999771118164,15.289999961853027,15.673333168029785,44923800
2019-12-12,11.934146881103516,15.563332557678223,15.776665687561035,15.456665992736816,15.566665649414062,57205800
2019-12-13,11.860025405883789,15.466666221618652,15.716666221618652,15.333333015441895,15.666666030883789,47391300
2019-12-16,11.81401538848877,15.406665802001953,15.649999618530273,15.393333435058594,15.543333053588867,30416400
2019-12-17,12.215312957763672,15.930000305175781,15.930000305175781,15.453332901000977,15.5,35088000
2019-12-18,12.412126541137695,16.18666648864746,16.18666648864746,15.743332862854004,15.866665840148926,57071700
2019-12-19,12.412126541137695,16.18666648864746,16.333332061767578,15.936665534973145,16.066665649414062,34032600
2019-12-20,12.550155639648438,16.366666793823242,16.41666603088379,16.086666107177734,16.190000534057617,39438000
2019-12-23,11.980157852172852,15.623332977294922,15.873332977294922,15.303333282470703,15.739999771118164,102079500
2019-12-26,11.923927307128906,15.550000190734863,15.733332633972168,15.416666030883789,15.66333293914795,35685300
2019-12-27,11.300251007080078,14.736665725708008,15.666666030883789,14.666666030883789,15.666666030883789,71349000
2019-12-30,10.98330020904541,14.323332786560059,14.776665687561035,14.283332824707031,14.739999771118164,54656400
2020-01-02,11.626029968261719,15.036665916442871,15.036665916442871,14.393333435058594,14.393333435058594,59905800
2020-01-03,11.290987014770508,14.603333473205566,14.936665534973145,14.573332786560059,14.816665649414062,42734400
2020-01-06,11.182743072509766,14.463333129882812,14.960000038146973,14.359999656677246,14.556666374206543,60060900
2020-01-07,11.543560981750488,14.930000305175781,14.949999809265137,14.496665954589844,14.529999732971191,44786100
2020-01-08,11.512632369995117,14.890000343322754,15.119999885559082,14.766666412353516,14.916666030883789,40292100
2020-01-09,11.507478713989258,14.883333206176758,15.369999885559082,14.806666374206543,14.899999618530273,56515800
2020-01-10,11.41727352142334,14.766666412353516,15.066665649414062,14.553333282470703,14.903332710266113,45523500
2020-01-13,11.430158615112305,14.783332824707031,14.94666576385498,14.713333129882812,14.94666576385498,32348100
2020-01-14,11.507478713989258,14.883333206176758,14.956665992736816,14.746665954589844,14.789999961853027,31897800
2020-01-15,11.198206901550293,14.483332633972168,14.903332710266113,14.316665649414062,14.800000190734863,62392200
2020-01-16,11.327067375183105,14.649999618530273,14.723333358764648,14.436665534973145,14.649999618530273,40765800
2020-01-17,11.685308456420898,15.113332748413086,15.113332748413086,14.670000076293945,14.686665534973145,35982000
2020-01-20,11.726544380187988,15.166666030883789,15.166666030883789,14.920000076293945,15.0,17780100
2020-01-21,11.520363807678223,14.899999618530273,15.216666221618652,14.85666561126709,14.949999809265137,26238300
2020-01-22,12.241997718811035,15.833333015441895,15.833333015441895,14.966666221618652,14.966666221618652,49301700
2020-01-23,12.551268577575684,16.233333587646484,16.450000762939453,15.479999542236328,15.653332710266113,48479400
2020-01-24,12.626008987426758,16.329999923706055,16.329999923706055,16.086666107177734,16.216665267944336,32735400
2020-01-27,12.280657768249512,15.883333206176758,16.233333587646484,15.800000190734863,16.020000457763672,45873600
2020-01-28,12.649205207824707,16.360000610351562,16.43666648864746,15.923333168029785,15.949999809265137,22480200
2020-01-29,12.525497436523438,16.200000762939453,16.489999771118164,16.149999618530273,16.233333587646484,28514400
2020-01-30,12.577042579650879,16.266666412353516,16.299999237060547,15.729999542236328,15.970000267028809,34432800
2020-01-31,12.422405242919922,16.066665649414062,16.083332061767578,15.833333015441895,16.0,39107700
2020-02-03,12.909507751464844,16.696666717529297,16.786666870117188,15.949999809265137,16.16666603088379,31867200
2020-02-04,12.87600326538086,16.65333366394043,16.953332901000977,16.356666564941406,16.866666793823242,35039400
2020-02-05,12.718791961669922,16.450000762939453,16.829999923706055,16.18000030517578,16.766666412353516,47375700
2020-02-06,12.548690795898438,16.229999542236328,16.543333053588867,16.183332443237305,16.450000762939453,20852700
2020-02-07,12.448177337646484,16.100000381469727,16.266666412353516,15.813332557678223,16.086666107177734,25818000
2020-02-10,12.53322982788086,16.209999084472656,16.316665649414062,15.876666069030762,16.093332290649414,29114100
2020-02-11,12.602814674377441,16.299999237060547,16.483333587646484,16.113332748413086,16.350000381469727,18242700
2020-02-12,12.855382919311523,16.626665115356445,16.889999389648438,16.16666603088379,16.306665420532227,34566600
2020-02-13,12.778068542480469,16.52666664123535,16.656665802001953,16.236665725708008,16.236665725708008,29439300
2020-02-14,12.937861442565918,16.733333587646484,16.75666618347168,16.433332443237305,16.516666412353516,29980800
2020-02-17,13.321868896484375,17.229999542236328,17.450000762939453,16.66666603088379,16.790000915527344,36708000
2020-02-18,13.177544593811035,17.043333053588867,17.1299991607666,16.866666793823242,17.0,26186400
2020-02-19,13.692996978759766,17.709999084472656,17.736665725708008,16.866666793823242,16.899999618530273,34940400
2020-02-20,13.481660842895508,17.43666648864746,17.850000381469727,17.239999771118164,17.600000381469727,31245600
2020-02-21,13.414653778076172,17.350000381469727,17.350000381469727,17.073333740234375,17.110000610351562,24057300
2020-02-26,12.3579740524292,15.983332633972168,16.726665496826172,15.813332557678223,16.5,41703000
2020-02-27,11.865718841552734,15.34666633605957,16.196666717529297,15.34666633605957,15.600000381469727,53592000
2020-02-28,12.370862007141113,16.0,16.0,14.926666259765625,15.09000015258789,90220800
2020-03-02,12.886314392089844,16.66666603088379,16.68000030517578,15.746665954589844,15.899999618530273,47122200
2020-03-03,12.785799026489258,16.536666870117188,16.866666793823242,16.1200008392334,16.34000015258789,51300600
2020-03-04,12.832192420959473,16.59666633605957,16.79666519165039,16.190000534057617,16.79666519165039,51645000
2020-03-05,12.141485214233398,15.703332901000977,16.466665267944336,15.316665649414062,16.399999618530273,34200600
2020-03-06,11.979117393493652,15.493332862854004,15.633333206176758,14.553333282470703,15.166666030883789,66089700
2020-03-09,10.541003227233887,13.633333206176758,14.866665840148926,13.5600004196167,14.359999656677246,94470600
2020-03-10,11.85540771484375,15.333333015441895,15.386666297912598,13.75,14.466666221618652,80119500
2020-03-11,10.966255187988281,14.183333396911621,14.813332557678223,13.00333309173584,14.50333309173584,81869400
2020-03-12,9.507523536682129,12.296666145324707,12.333333015441895,10.666666030883789,12.0,101848500
2020-03-13,10.535850524902344,13.626666069030762,14.466666221618652,12.390000343322754,14.293333053588867,133324500
2020-03-16,8.837434768676758,11.430000305175781,12.649999618530273,11.216666221618652,11.34666633605957,79131300
2020-03-17,9.159590721130371,11.84666633605957,12.206665992736816,11.206665992736816,11.603333473205566,89647500
2020-03-18,8.453421592712402,10.933333396911621,11.243332862854004,10.036665916442871,10.833333015441895,121669200
2020-03-19,8.378679275512695,10.836666107177734,10.966666221618652,9.75333309173584,10.5,156998100
2020-03-20,8.360639572143555,10.813332557678223,11.966666221618652,10.40999984741211,11.316665649414062,99878400
2020-03-23,7.84776496887207,10.149999618530273,11.056666374206543,9.899999618530273,11.023332595825195,49879500
2020-03-24,9.358039855957031,12.103333473205566,12.313332557678223,11.116665840148926,11.143333435058594,79653000
2020-03-25,9.997200965881348,12.930000305175781,13.266666412353516,11.933333396911621,11.933333396911621,63947400
2020-03-26,10.122925758361816,12.880000114440918,13.173333168029785,12.119999885559082,12.966666221618652,74340600
2020-03-27,9.669698715209961,12.303333282470703,12.656665802001953,12.066665649414062,12.220000267028809,55817400
2020-03-30,9.693276405334473,12.333333015441895,12.686665534973145,12.100000381469727,12.25,49720800
2020-03-31,9.405097961425781,11.966666221618652,12.386666297912598,11.676666259765625,11.963333129882812,53709300
2020-04-01,9.07762336730957,11.550000190734863,11.640000343322754,11.053333282470703,11.50333309173584,39942000
2020-04-02,9.640881538391113,12.266666412353516,12.323332786560059,11.466666221618652,11.543333053588867,45177300
2020-04-03,9.392001152038574,11.949999809265137,12.19333267211914,11.710000038146973,12.136666297912598,57284700
2020-04-06,9.748291015625,12.403332710266113,13.270000457763672,12.220000267028809,12.890000343322754,40647300
2020-04-07,10.086250305175781,12.833333015441895,13.733332633972168,12.69666576385498,13.473333358764648,72496800
2020-04-08,10.29845142364502,13.103333473205566,13.34666633605957,12.626666069030762,12.766666412353516,24444900
2020-04-09,10.219857215881348,13.00333309173584,13.286665916442871,12.683333396911621,13.166666030883789,45843900
2020-04-13,10.306312561035156,13.113332748413086,13.25666618347168,12.579999923706055,12.84666633605957,23518500
2020-04-14,10.363945007324219,13.186665534973145,13.743332862854004,13.146665573120117,13.329999923706055,35454300
2020-04-15,10.458259582519531,13.306666374206543,13.433333396911621,12.703332901000977,12.703332901000977,46060800
2020-04-16,10.29845142364502,13.103333473205566,13.829999923706055,13.043333053588867,13.363332748413086,50020800
2020-04-17,10.356083869934082,13.176666259765625,13.453332901000977,13.083333015441895,13.333333015441895,30073200
2020-04-20,10.63378620147705,13.529999732971191,13.729999542236328,12.726666450500488,12.726666450500488,40095900
2020-04-22,11.00579833984375,14.00333309173584,14.420000076293945,13.600000381469727,13.643333435058594,48465000
2020-04-23,10.806693077087402,13.75,14.41333293914795,13.536665916442871,14.149999618530273,42014700
2020-04-24,9.693276405334473,12.333333015441895,13.529999732971191,11.786665916442871,13.473333358764648,102134100
2020-04-27,10.27749252319336,13.076665878295898,13.19333267211914,12.619999885559082,12.666666030883789,57568500
2020-04-28,10.426823616027832,13.266666412353516,14.136666297912598,13.233332633972168,13.586666107177734,52443900
2020-04-29,10.453021049499512,13.300000190734863,13.563332557678223,12.94666576385498,13.553333282470703,48500100
2020-04-30,10.065292358398438,12.806666374206543,13.216666221618652,12.676666259765625,13.09666633605957,43440300
2020-05-04,10.054811477661133,12.793333053588867,12.933333396911621,12.566665649414062,12.623332977294922,29671800
2020-05-05,10.149121284484863,12.91333293914795,13.319999694824219,12.84666633605957,12.850000381469727,20853000
2020-05-06,10.070528030395508,12.813332557678223,13.063332557678223,12.516666412353516,12.896665573120117,24495300
2020-05-07,9.653979301452637,12.283332824707031,13.0,12.283332824707031,12.9399995803833,47154900
2020-05-08,9.89238166809082,12.586666107177734,12.676666259765625,12.363332748413086,12.609999656677246,34391100
2020-05-11,9.640881538391113,12.266666412353516,12.550000190734863,12.146665573120117,12.533332824707031,39444600
2020-05-12,9.36056137084961,11.90999984741211,12.456665992736816,11.859999656677246,12.326665878295898,45011400
2020-05-13,9.473215103149414,12.053333282470703,12.520000457763672,12.020000457763672,12.149999618530273,47917800
2020-05-14,9.908098220825195,12.60666561126709,12.60666561126709,11.789999961853027,11.880000114440918,50092200
2020-05-15,10.358707427978516,13.180000305175781,13.489999771118164,12.823332786560059,13.0,78088500
2020-05-18,11.000557899475098,13.996665954589844,14.16333293914795,13.479999542236328,13.586666107177734,58184100
2020-05-19,10.667842864990234,13.573332786560059,14.186665534973145,13.573332786560059,13.766666412353516,45322500
2020-05-20,10.646886825561523,13.546666145324707,13.923333168029785,13.359999656677246,13.656665802001953,31793100
2020-05-21,11.427587509155273,14.539999961853027,14.539999961853027,13.603333473205566,13.69333267211914,48142800
2020-05-22,11.495702743530273,14.626666069030762,14.6899995803833,14.239999771118164,14.44666576385498,28015800
2020-05-25,12.182090759277344,15.5,15.613332748413086,15.00333309173584,15.050000190734863,29631000
2020-05-26,12.182090759277344,15.5,15.993332862854004,15.300000190734863,15.5,42049500
2020-05-27,12.205669403076172,15.529999732971191,15.833333015441895,15.323332786560059,15.796666145324707,33231000
2020-05-28,12.038002014160156,15.316665649414062,15.739999771118164,15.25,15.336666107177734,32046900
2020-05-29,11.933210372924805,15.183333396911621,15.466666221618652,14.873332977294922,15.333333015441895,89666700
2020-06-01,11.927969932556152,15.176666259765625,15.496665954589844,14.94333267211914,14.94333267211914,22511700
2020-06-02,12.171610832214355,15.486665725708008,15.5600004196167,15.1899995803833,15.333333015441895,41400300
2020-06-03,12.789884567260742,16.273332595825195,16.293333053588867,15.69333267211914,15.69333267211914,53175600
2020-06-04,12.98898983001709,16.52666664123535,16.613332748413086,15.970000267028809,16.10333251953125,39483300
2020-06-05,12.85538101196289,16.356666564941406,17.323333740234375,16.270000457763672,16.933332443237305,47232900
2020-06-08,13.549631118774414,17.239999771118164,17.273332595825195,16.450000762939453,16.450000762939453,30016500
2020-06-09,13.379342079162598,17.023332595825195,17.22333335876465,16.933332443237305,17.016666412353516,33944400
2020-06-10,13.292889595031738,16.913333892822266,17.233333587646484,16.780000686645508,17.200000762939453,38506800
2020-06-12,13.059724807739258,16.616666793823242,16.996665954589844,16.266666412353516,16.426666259765625,52032300
2020-06-15,12.970649719238281,16.503332138061523,16.649999618530273,16.133333206176758,16.333332061767578,34787100
2020-06-16,12.968031883239746,16.5,16.959999084472656,16.233333587646484,16.866666793823242,27763200
2020-06-17,13.41340160369873,17.066665649414062,17.163333892822266,16.566665649414062,16.663333892822266,52415100
2020-06-18,13.193336486816406,16.786666870117188,17.100000381469727,16.739999771118164,16.856666564941406,25965000
2020-06-19,13.361003875732422,17.0,17.059999465942383,16.713333129882812,17.01333236694336,42171000
2020-06-22,13.185473442077637,16.77666664123535,17.15999984741211,16.600000381469727,17.049999237060547,22384200
2020-06-23,13.696334838867188,17.426666259765625,17.54666519165039,16.883333206176758,16.94333267211914,40578300
2020-06-24,13.7932710647583,17.549999237060547,17.8799991607666,17.236665725708008,17.43666648864746,36292200
2020-06-25,14.408926010131836,18.333332061767578,18.356666564941406,17.54666519165039,17.600000381469727,32242200
2020-06-26,14.002856254577637,17.816665649414062,18.396665573120117,17.633333206176758,18.213333129882812,28312500
2020-06-29,14.398442268371582,18.31999969482422,18.31999969482422,17.809999465942383,17.940000534057617,26538600
2020-06-30,14.432502746582031,18.363332748413086,18.65999984741211,18.086666107177734,18.183332443237305,39472500
2020-07-01,14.717981338500977,18.676666259765625,18.97333335876465,18.38666534423828,18.486665725708008,32594100
2020-07-02,14.7626371383667,18.733333587646484,19.066665649414062,18.566665649414062,19.01333236694336,21828000
2020-07-03,14.841443061828613,18.833332061767578,18.84000015258789,18.610000610351562,18.79666519165039,7987200
2020-07-06,14.846697807312012,18.84000015258789,19.333332061767578,18.84000015258789,19.16666603088379,19884600
2020-07-07,15.017441749572754,19.056665420532227,19.200000762939453,18.75,18.850000381469727,27116400
2020-07-08,15.931568145751953,20.216665267944336,20.29666519165039,19.0766658782959,19.203332901000977,41541300
2020-07-09,15.469249725341797,19.6299991607666,20.323333740234375,19.479999542236328,20.323333740234375,40482000
2020-07-10,15.747693061828613,19.983333587646484,19.99333381652832,19.200000762939453,19.600000381469727,24051300
2020-07-13,15.731931686401367,19.963333129882812,20.520000457763672,19.866666793823242,20.116666793823242,29562300
2020-07-14,16.060277938842773,20.3799991607666,20.649999618530273,19.893333435058594,20.003332138061523,31139100
2020-07-15,16.257287979125977,20.6299991607666,20.76333236694336,20.42333221435547,20.700000762939453,31653300
2020-07-16,16.154848098754883,20.5,20.716665267944336,20.206666946411133,20.583332061767578,43119900
2020-07-17,16.782649993896484,21.29666519165039,21.350000381469727,20.573333740234375,20.716665267944336,38169000
2020-07-20,17.704662322998047,22.466665267944336,22.466665267944336,21.286666870117188,21.433332443237305,43989600
2020-07-21,17.371055603027344,22.043333053588867,23.25,21.8266658782959,22.716665267944336,44000100
2020-07-22,17.520782470703125,22.233333587646484,22.483333587646484,21.843332290649414,22.149999618530273,29861100
2020-07-23,17.21082305908203,21.84000015258789,22.5,21.600000381469727,22.40999984741211,27288000
2020-07-24,17.16616439819336,21.78333282470703,22.016666412353516,21.466665267944336,21.84666633605957,27299400
2020-07-27,17.397319793701172,22.0766658782959,22.29666519165039,21.753332138061523,21.799999237060547,26651100
2020-07-28,17.1346435546875,21.74333381652832,22.073333740234375,21.25,22.073333740234375,38831400
2020-07-29,16.977039337158203,21.543333053588867,21.873332977294922,21.286666870117188,21.833332061767578,31053600
2020-07-30,16.971782684326172,21.536666870117188,21.68666648864746,21.0,21.206666946411133,24228900
2020-07-31,16.66444969177246,21.146665573120117,21.780000686645508,20.896665573120117,21.780000686645508,36498600
2020-08-03,16.782649993896484,21.29666519165039,21.549999237060547,20.926666259765625,21.16666603088379,31266000
2020-08-04,16.606653213500977,21.073333740234375,21.43000030517578,20.69333267211914,21.0,37337700
2020-08-05,16.680206298828125,21.16666603088379,21.66666603088379,20.8700008392334,21.306665420532227,33279000
2020-08-06,16.824682235717773,21.350000381469727,21.516666412353516,20.976665496826172,21.18666648864746,19796100
2020-08-07,16.4306640625,20.850000381469727,21.329999923706055,20.593332290649414,21.0,29797800
2020-08-10,16.351858139038086,20.75,20.983333587646484,19.883333206176758,20.866666793823242,27525300
2020-08-11,15.981476783752441,20.280000686645508,21.106666564941406,20.18666648864746,21.066665649414062,36220800
2020-08-12,16.154848098754883,20.5,20.90999984741211,20.133333206176758,20.399999618530273,41732400
2020-08-13,15.931568145751953,20.216665267944336,20.946666717529297,19.983333587646484,20.75,41170200
2020-08-14,15.91055679321289,20.190000534057617,20.713333129882812,20.106666564941406,20.149999618530273,38304900
2020-08-17,15.26172924041748,19.366666793823242,20.396665573120117,19.043333053588867,20.29666519165039,53869800
2020-08-18,16.23365020751953,20.600000381469727,20.706666946411133,19.733333587646484,19.883333206176758,40185000
2020-08-19,15.647870063781738,19.856666564941406,20.703332901000977,19.770000457763672,20.670000076293945,32429100
2020-08-20,16.375497817993164,20.780000686645508,20.806665420532227,19.293333053588867,19.383333206176758,57553800
2020-08-21,16.015623092651367,20.323333740234375,20.54666519165039,20.040000915527344,20.496665954589844,34689600
2020-08-24,15.997238159179688,20.299999237060547,20.520000457763672,19.65999984741211,20.489999771118164,37251900
2020-08-25,16.246788024902344,20.616666793823242,20.766666412353516,20.206666946411133,20.280000686645508,34148100
2020-08-26,15.892166137695312,20.16666603088379,20.933332443237305,19.773332595825195,20.53333282470703,44922000
2020-08-27,15.834375381469727,20.093332290649414,20.376665115356445,19.833332061767578,20.206666946411133,27013200
2020-08-28,16.028757095336914,20.34000015258789,20.450000762939453,20.03333282470703,20.16666603088379,22101300
2020-08-31,15.445608139038086,19.600000381469727,20.206666946411133,19.543333053588867,20.176666259765625,53375700
2020-09-01,15.773959159851074,20.016666412353516,20.09666633605957,19.753332138061523,19.780000686645508,37691700
2020-09-02,15.752943992614746,19.989999771118164,20.116666793823242,19.66666603088379,20.03333282470703,21813300
2020-09-03,15.188182830810547,19.273332595825195,20.22333335876465,18.766666412353516,20.066665649414062,77640600
2020-09-04,15.322148323059082,19.44333267211914,19.44333267211914,18.700000762939453,19.333332061767578,91015200
2020-09-08,14.983287811279297,19.01333236694336,19.3700008392334,18.803333282470703,19.036666870117188,29706000
2020-09-09,15.303756713867188,19.420000076293945,19.53333282470703,18.876665115356445,19.253332138061523,32466600
2020-09-10,14.710102081298828,18.66666603088379,19.433332443237305,18.616666793823242,19.433332443237305,33435900
2020-09-11,14.71535587310791,18.67333221435547,18.97333335876465,18.503332138061523,18.700000762939453,32958300
2020-09-14,15.42722225189209,19.5766658782959,19.616666793823242,18.876665115356445,18.950000762939453,33909900
2020-09-15,15.046334266662598,19.093332290649414,19.663333892822266,19.056665420532227,19.633333206176758,22635600
2020-09-16,14.97803783416748,19.00666618347168,19.293333053588867,18.979999542236328,19.190000534057617,21608700
2020-09-17,14.888731956481934,18.893333435058594,18.963333129882812,18.616666793823242,18.766666412353516,25473000
2020-09-18,14.744253158569336,18.709999084472656,19.299999237060547,18.503332138061523,18.719999313354492,50925300
2020-09-21,14.736371994018555,18.700000762939453,18.700000762939453,18.149999618530273,18.35333251953125,34273500
2020-09-22,15.067347526550293,19.1200008392334,19.26333236694336,18.5766658782959,18.703332901000977,28196400
2020-09-23,14.6812105178833,18.6299991607666,19.190000534057617,18.483333587646484,18.933332443237305,29933700
2020-09-24,15.490264892578125,19.656665802001953,19.733333587646484,18.553333282470703,18.573333740234375,51120900
2020-09-25,15.271016120910645,19.116666793823242,19.309999465942383,18.873332977294922,19.26333236694336,24830100
2020-09-28,14.647924423217773,18.336666107177734,19.42333221435547,18.18666648864746,19.393333435058594,43539900
2020-09-29,14.285787582397461,17.883333206176758,18.719999313354492,17.77666664123535,18.343332290649414,42995100
2020-09-30,14.647924423217773,18.336666107177734,18.520000457763672,17.996665954589844,18.066665649414062,32257200
2020-10-01,14.520111083984375,18.176666259765625,18.44333267211914,17.933332443237305,18.44333267211914,34566600
2020-10-02,14.18193531036377,17.753332138061523,18.469999313354492,17.68666648864746,18.049999237060547,32609100
2020-10-05,14.84497356414795,18.583332061767578,18.606666564941406,17.729999542236328,17.76333236694336,34590000
2020-10-06,14.315079689025879,17.920000076293945,18.81999969482422,17.803333282470703,18.75,41465100
2020-10-07,14.301761627197266,17.90333366394043,18.229999542236328,17.736665725708008,18.083332061767578,46093200
2020-10-08,14.605321884155273,18.28333282470703,18.333332061767578,17.896665573120117,17.996665954589844,35885400
2020-10-09,14.568039894104004,18.236665725708008,18.469999313354492,18.010000228881836,18.209999084472656,22644000
2020-10-13,14.592008590698242,18.266666412353516,18.426666259765625,18.073333740234375,18.350000381469727,25704300
2020-10-14,15.012724876403809,18.793333053588867,18.93000030517578,18.343332290649414,18.41666603088379,38300100
2020-10-15,14.80769157409668,18.536666870117188,18.656665802001953,18.236665725708008,18.35333251953125,29257200
2020-10-16,14.469515800476074,18.113332748413086,18.68666648864746,18.100000381469727,18.356666564941406,29930400
2020-10-19,14.948817253112793,18.713333129882812,18.986665725708008,18.16666603088379,18.183332443237305,35115000
2020-10-20,15.417469024658203,19.299999237060547,19.303333282470703,18.713333129882812,18.719999313354492,42356400
2020-10-21,15.276339530944824,19.123332977294922,19.5,19.040000915527344,19.19333267211914,25784100
2020-10-22,14.930182456970215,18.690000534057617,19.219999313354492,18.639999389648438,19.17333221435547,44345700
2020-10-23,14.592008590698242,18.266666412353516,18.733333587646484,18.18666648864746,18.700000762939453,34829400
2020-10-26,14.639936447143555,18.3266658782959,18.616666793823242,17.950000762939453,18.246665954589844,26976000
2020-10-27,14.04613971710205,17.583332061767578,18.40999984741211,17.559999465942383,18.299999237060547,51000600
2020-10-28,13.668023109436035,17.110000610351562,17.466665267944336,16.94333267211914,17.233333587646484,53280300
2020-10-29,14.107383728027344,17.65999984741211,17.829999923706055,16.793333053588867,16.899999618530273,54701100
2020-10-30,13.593463897705078,17.016666412353516,17.566665649414062,16.896665573120117,17.5,35511000
2020-11-03,13.572164535522461,16.989999771118164,17.433332443237305,16.85333251953125,17.266666412353516,36482700
2020-11-04,14.405611038208008,18.03333282470703,18.079999923706055,17.163333892822266,17.170000076293945,45341400
2020-11-05,15.073966979980469,18.8700008392334,18.8799991607666,18.333332061767578,18.333332061767578,53381100
2020-11-06,15.07663345336914,18.873332977294922,18.959999084472656,18.440000534057617,18.610000610351562,25608600
2020-11-09,14.339046478271484,17.950000762939453,19.433332443237305,17.809999465942383,19.216665267944336,67880100
2020-11-10,14.405611038208008,18.03333282470703,18.700000762939453,17.873332977294922,17.950000762939453,49911900
2020-11-11,14.751768112182617,18.466665267944336,18.656665802001953,17.97333335876465,18.149999618530273,34095000
2020-11-12,14.320404052734375,17.926666259765625,18.56999969482422,17.77666664123535,18.523332595825195,47864700
2020-11-13,14.299100875854492,17.899999618530273,18.200000762939453,17.510000228881836,18.113332748413086,83554800
2020-11-16,14.219219207763672,17.799999237060547,18.290000915527344,17.606666564941406,18.083332061767578,57347100
2020-11-17,14.25915813446045,17.850000381469727,17.966665267944336,17.623332977294922,17.799999237060547,50178600
2020-11-18,14.392304420471191,18.016666412353516,18.290000915527344,17.676666259765625,17.833332061767578,60344400
2020-11-19,14.730467796325684,18.440000534057617,18.440000534057617,17.940000534057617,18.083332061767578,49595100
2020-11-23,14.402952194213867,18.030000686645508,18.329999923706055,17.866666793823242,18.206666946411133,24288900
2020-11-24,14.831659317016602,18.566665649414062,18.56999969482422,17.786666870117188,18.0,42837300
2020-11-25,15.073966979980469,18.8700008392334,18.90999984741211,18.47333335876465,18.54666519165039,33799200
2020-11-26,15.177821159362793,19.0,19.03333282470703,18.623332977294922,18.76333236694336,22242000
2020-11-27,15.151189804077148,18.966665267944336,19.09666633605957,18.78333282470703,19.03333282470703,32987400
2020-11-30,14.94615650177002,18.709999084472656,19.0,18.610000610351562,18.866666793823242,65483100
2020-12-01,15.119237899780273,18.926666259765625,19.06333351135254,18.726665496826172,18.933332443237305,31753800
2020-12-02,15.870139122009277,19.866666793823242,19.8799991607666,18.91666603088379,18.933332443237305,54265500
2020-12-03,15.681084632873535,19.6299991607666,20.139999389648438,19.486665725708008,19.959999084472656,45524700
2020-12-04,15.64913272857666,19.59000015258789,19.81999969482422,19.309999465942383,19.716665267944336,32813700
2020-12-07,15.566585540771484,19.486665725708008,19.703332901000977,19.15333366394043,19.476665496826172,33066900
2020-12-08,15.47604751586914,19.373332977294922,19.593332290649414,19.17333221435547,19.486665725708008,27848400
2020-12-09,15.084620475769043,18.883333206176758,19.38666534423828,18.760000228881836,19.266666412353516,48152700
2020-12-10,15.500015258789062,19.40333366394043,19.450000762939453,18.286666870117188,18.946666717529297,54659100
2020-12-11,15.667769432067871,19.613332748413086,19.72333335876465,19.079999923706055,19.366666793823242,33917400
2020-12-14,15.51865291595459,19.426666259765625,19.799999237060547,19.206666946411133,19.753332138061523,23907600
2020-12-15,15.678414344787598,19.626665115356445,19.74333381652832,19.323333740234375,19.426666259765625,28739100
2020-12-16,16.12310028076172,20.183332443237305,20.376665115356445,19.51333236694336,19.623332977294922,62851500
2020-12-17,16.096473693847656,20.149999618530273,20.51333236694336,20.003332138061523,20.200000762939453,36081600
2020-12-18,15.923399925231934,19.933332443237305,20.366666793823242,19.913333892822266,20.15999984741211,36326100
2020-12-21,15.710373878479004,19.66666603088379,19.926666259765625,19.25,19.5,30848700
2020-12-22,16.05120849609375,20.093332290649414,20.1299991607666,19.656665802001953,19.816665649414062,22586100
2020-12-23,15.97398567199707,19.996665954589844,20.280000686645508,19.966665267944336,20.133333206176758,15756300
2020-12-28,16.376068115234375,20.5,20.5,19.933332443237305,20.049999237060547,19548600
2020-12-29,16.461278915405273,20.606666564941406,20.656665802001953,20.34000015258789,20.516666412353516,17230500
2020-12-30,16.503881454467773,20.65999984741211,20.726665496826172,20.530000686645508,20.6299991607666,45151200
2021-01-04,16.384958267211914,20.3266658782959,20.863332748413086,20.206666946411133,20.713333129882812,25275300
2021-01-05,16.417198181152344,20.366666793823242,20.646665573120117,19.88666534423828,20.216665267944336,29802900
2021-01-06,16.148502349853516,20.03333282470703,20.41666603088379,19.676666259765625,20.3700008392334,51422400
2021-01-07,16.59990692138672,20.593332290649414,20.68000030517578,19.913333892822266,19.933332443237305,27802200
2021-01-08,16.844423294067383,20.896665573120117,21.280000686645508,20.496665954589844,20.656665802001953,41870100
2021-01-11,16.15119171142578,20.036666870117188,20.889999389648438,19.483333587646484,20.66666603088379,52273200
2021-01-12,16.61872100830078,20.616666793823242,20.72333335876465,19.863332748413086,20.156665802001953,34524900
2021-01-13,16.68589210510254,20.700000762939453,20.799999237060547,20.34666633605957,20.649999618530273,27266400
2021-01-14,16.567665100097656,20.553333282470703,21.0,20.433332443237305,20.79666519165039,23967600
2021-01-15,16.073266983032227,19.940000534057617,20.459999084472656,19.780000686645508,20.203332901000977,50916300
2021-01-18,16.33658790588379,20.266666412353516,20.483333587646484,19.97333335876465,20.02666664123535,24765600
2021-01-19,16.280170440673828,20.196666717529297,20.53333282470703,19.986665725708008,20.333332061767578,21468000
2021-01-20,16.12163543701172,20.0,20.453332901000977,19.833332061767578,20.27666664123535,24922500
2021-01-21,15.611112594604492,19.366666793823242,20.299999237060547,19.35333251953125,20.0,34180200
2021-01-22,15.732030868530273,19.516666412353516,19.696666717529297,18.93666648864746,19.163333892822266,39767700
2021-01-26,15.933548927307129,19.766666412353516,19.866666793823242,19.266666412353516,19.453332901000977,38531100
2021-01-27,15.855630874633789,19.670000076293945,19.963333129882812,19.566665649414062,19.656665802001953,31539900
2021-01-28,16.468246459960938,20.43000030517578,20.466665267944336,19.633333206176758,19.66666603088379,27892800
2021-01-29,16.06789779663086,19.933332443237305,20.329999923706055,19.683332443237305,20.16666603088379,46811400
2021-02-01,16.457504272460938,20.41666603088379,20.67333221435547,20.0,20.133333206176758,35937600
2021-02-02,16.844423294067383,20.896665573120117,21.226665496826172,20.626665115356445,20.66666603088379,41385000
2021-02-03,16.916969299316406,20.986665725708008,21.366666793823242,20.766666412353516,21.020000457763672,39844500
2021-02-04,16.777250289916992,20.81333351135254,20.979999542236328,20.56999969482422,20.966665267944336,20874900
2021-02-05,17.048629760742188,21.149999618530273,21.316665649414062,20.833332061767578,20.883333206176758,23159100
2021-02-08,16.79605484008789,20.836666107177734,21.1299991607666,20.670000076293945,20.93000030517578,25477800
2021-02-09,16.718137741088867,20.739999771118164,20.806665420532227,20.360000610351562,20.656665802001953,19773900
2021-02-10,16.135068893432617,20.016666412353516,20.91666603088379,19.966665267944336,20.77666664123535,40945200
2021-02-11,16.20761489868164,20.106666564941406,20.316665649414062,19.76333236694336,20.176666259765625,50835300
2021-02-12,16.084020614624023,19.953332901000977,20.093332290649414,19.700000762939453,20.03333282470703,35224800
2021-02-17,15.855630874633789,19.670000076293945,20.010000228881836,19.63666534423828,19.733333587646484,37897500
2021-02-18,15.589625358581543,19.34000015258789,19.806665420532227,19.299999237060547,19.566665649414062,49679100
2021-02-19,15.59768009185791,19.350000381469727,19.696666717529297,19.206666946411133,19.329999923706055,32793600
2021-02-22,14.976999282836914,18.579999923706055,18.799999237060547,17.976665496826172,18.683332443237305,99958200
2021-02-23,14.869519233703613,18.446666717529297,18.766666412353516,18.323333740234375,18.56999969482422,72004500
2021-02-24,14.944759368896484,18.540000915527344,18.719999313354492,18.0766658782959,18.600000381469727,44403600
2021-02-25,14.74860954284668,18.29666519165039,18.94333267211914,18.113332748413086,18.540000915527344,54887700
2021-02-26,14.590080261230469,18.100000381469727,18.893333435058594,18.100000381469727,18.3700008392334,88703700
2021-03-01,14.603510856628418,18.116666793823242,18.623332977294922,18.020000457763672,18.31999969482422,42576600
2021-03-02,15.049545288085938,18.670000076293945,18.97333335876465,17.299999237060547,17.976665496826172,107847900
2021-03-03,15.205389022827148,18.863332748413086,19.15333366394043,17.559999465942383,18.496665954589844,93766500
2021-03-04,14.909823417663574,18.496665954589844,19.100000381469727,18.15999984741211,18.860000610351562,92759100
2021-03-05,15.178520202636719,18.829999923706055,19.093332290649414,18.43666648864746,18.92333221435547,52371900
2021-03-08,14.15748405456543,17.56333351135254,18.65333366394043,17.413333892822266,18.333332061767578,83185500
2021-03-09,14.375123023986816,17.833332061767578,18.309999465942383,17.56999969482422,17.66666603088379,63468900
2021-03-10,14.861459732055664,18.43666648864746,18.600000381469727,17.69333267211914,17.92333221435547,54541500
2021-03-11,15.234946250915527,18.899999618530273,18.920000076293945,18.183332443237305,18.643333435058594,59833800
2021-03-12,14.869519233703613,18.446666717529297,18.623332977294922,18.273332595825195,18.623332977294922,34422000
2021-03-15,14.455732345581055,17.933332443237305,18.399999618530273,17.933332443237305,18.233333587646484,36171600
2021-03-16,14.092995643615723,17.483333587646484,18.020000457763672,17.333332061767578,17.950000762939453,56125500
2021-03-17,14.227346420288086,17.649999618530273,17.78333282470703,17.233333587646484,17.389999389648438,65064000
2021-03-18,14.436925888061523,17.90999984741211,18.466665267944336,17.713333129882812,17.799999237060547,79393500
2021-03-19,14.950128555297852,18.54666519165039,18.77666664123535,18.036666870117188,18.066665649414062,54991200
2021-03-22,14.783536911010742,18.34000015258789,18.623332977294922,18.253332138061523,18.43000030517578,33484500
2021-03-23,14.555148124694824,18.056665420532227,18.466665267944336,17.966665267944336,18.200000762939453,34502700
2021-03-24,14.453046798706055,17.93000030517578,18.42333221435547,17.8700008392334,18.0,45900900
2021-03-25,14.7181978225708,17.926666259765625,18.01333236694336,17.309999465942383,17.5,34303200
2021-03-26,14.781139373779297,18.003332138061523,18.413333892822266,17.793333053588867,17.816665649414062,32205300
2021-03-29,14.700095176696777,17.866666793823242,18.030000686645508,17.75666618347168,17.829999923706055,29028900
2021-03-30,14.672669410705566,17.833332061767578,18.1299991607666,17.649999618530273,17.76333236694336,49313400
2021-03-31,14.979835510253906,18.206666946411133,18.31999969482422,17.75666618347168,17.806665420532227,42446700
2021-04-01,14.702837944030762,17.8700008392334,18.34000015258789,17.770000457763672,18.333332061767578,27995100
2021-04-05,14.897562980651855,18.106666564941406,18.329999923706055,18.043333053588867,18.086666107177734,23059500
2021-04-06,15.103250503540039,18.356666564941406,18.486665725708008,18.06999969482422,18.213333129882812,19898700
2021-04-07,15.070342063903809,18.316665649414062,18.496665954589844,18.18666648864746,18.399999618530273,27727200
2021-04-08,15.317168235778809,18.616666793823242,18.933332443237305,18.333332061767578,18.350000381469727,46453500
2021-04-09,15.144389152526855,18.406665802001953,18.573333740234375,18.29666519165039,18.566665649414062,18773700
2021-04-12,15.2952299118042,18.59000015258789,18.75,18.396665573120117,18.469999313354492,23383500
2021-04-13,15.16633129119873,18.433332443237305,18.643333435058594,18.299999237060547,18.540000915527344,23930100
2021-04-14,15.092279434204102,18.343332290649414,18.639999389648438,18.273332595825195,18.49333381652832,34959900
2021-04-15,14.96338176727295,18.18666648864746,18.453332901000977,18.02666664123535,18.366666793823242,39201000
2021-04-16,15.19375228881836,18.466665267944336,18.59666633605957,18.110000610351562,18.15999984741211,38184300
2021-04-19,14.908531188964844,18.1200008392334,18.520000457763672,18.1200008392334,18.47333335876465,34848000
2021-04-20,14.733007431030273,17.906665802001953,18.126665115356445,17.843332290649414,18.03333282470703,31135500
2021-04-22,14.631528854370117,17.78333282470703,18.16666603088379,17.78333282470703,17.983333587646484,32290500
2021-04-23,14.733007431030273,17.906665802001953,18.280000686645508,17.843332290649414,17.899999618530273,28130700
2021-04-26,14.538284301757812,17.670000076293945,17.959999084472656,17.466665267944336,17.94333267211914,45154200
2021-04-27,14.521833419799805,17.649999618530273,17.809999465942383,17.51333236694336,17.703332901000977,55519800
2021-04-28,14.700095176696777,17.866666793823242,17.90999984741211,17.59000015258789,17.69333267211914,30664500
2021-04-29,14.412130355834961,17.516666412353516,17.959999084472656,17.450000762939453,17.899999618530273,29604900
2021-04-30,14.124159812927246,17.16666603088379,17.59000015258789,17.133333206176758,17.453332901000977,60168900
2021-05-03,14.121417045593262,17.163333892822266,17.459999084472656,17.100000381469727,17.336666107177734,36406500
2021-05-04,13.896525382995605,16.889999389648438,17.236665725708008,16.78333282470703,17.183332443237305,29767500
2021-05-05,14.124159812927246,17.16666603088379,17.273332595825195,16.876665115356445,16.933332443237305,27540900
2021-05-06,13.932178497314453,16.933332443237305,17.18000030517578,16.706666946411133,17.16666603088379,67174800
2021-05-07,14.628786087036133,17.780000686645508,17.85333251953125,17.13666534423828,17.149999618530273,61329300
2021-05-10,14.617818832397461,17.766666412353516,17.860000610351562,17.483333587646484,17.606666564941406,32760900
2021-05-11,14.494404792785645,17.616666793823242,17.639999389648438,17.38666534423828,17.43666648864746,45020700
2021-05-12,14.124159812927246,17.16666603088379,17.50666618347168,17.106666564941406,17.336666107177734,35110200
2021-05-13,14.192727088928223,17.25,17.566665649414062,17.200000762939453,17.286666870117188,44502600
2021-05-14,14.686383247375488,17.850000381469727,18.020000457763672,17.40333366394043,17.56333351135254,40553100
2021-05-17,14.464238166809082,17.579999923706055,18.0,17.469999313354492,18.0,23611000
2021-05-18,14.23386001586914,17.299999237060547,17.700000762939453,17.299999237060547,17.56999969482422,21302600
2021-05-19,14.16804027557373,17.219999313354492,17.399999618530273,17.079999923706055,17.149999618530273,24697100
2021-05-20,14.192727088928223,17.25,17.360000610351562,17.139999389648438,17.290000915527344,21881900
2021-05-21,14.27500057220459,17.350000381469727,17.399999618530273,16.959999084472656,17.34000015258789,32135000
2021-05-24,14.357278823852539,17.450000762939453,17.530000686645508,17.219999313354492,17.350000381469727,27524300
2021-05-25,13.987030982971191,17.0,17.600000381469727,16.81999969482422,17.479999542236328,61202200
2021-05-26,14.069310188293457,17.100000381469727,17.329999923706055,16.979999542236328,17.18000030517578,24114500
2021-05-27,13.970577239990234,16.979999542236328,17.18000030517578,16.790000915527344,17.170000076293945,67051000
2021-05-28,14.3819580078125,17.479999542236328,17.479999542236328,16.920000076293945,16.959999084472656,33933600
2021-05-31,14.431327819824219,17.540000915527344,17.6299991607666,17.299999237060547,17.360000610351562,22514500
2021-06-01,14.562968254089355,17.700000762939453,17.959999084472656,17.549999237060547,17.700000762939453,53503800
2021-06-02,13.995260238647461,17.010000228881836,17.290000915527344,16.6200008392334,17.239999771118164,133297700
2021-06-04,14.18449592590332,17.239999771118164,17.389999389648438,17.0,17.010000228881836,48800900
2021-06-07,14.225635528564453,17.290000915527344,17.299999237060547,17.030000686645508,17.200000762939453,29900700
2021-06-08,13.43578052520752,16.329999923706055,17.229999542236328,16.280000686645508,17.170000076293945,88534700
2021-06-09,13.49337100982666,16.399999618530273,16.450000762939453,15.8100004196167,16.399999618530273,111958600
2021-06-10,13.164263725280762,16.0,16.530000686645508,15.710000038146973,16.450000762939453,105103200
2021-06-11,13.271223068237305,16.1299991607666,16.25,15.819999694824219,16.079999923706055,66713700
2021-06-14,13.427550315856934,16.31999969482422,16.450000762939453,16.170000076293945,16.239999771118164,49076200
2021-06-15,13.715517044067383,16.670000076293945,16.760000228881836,16.280000686645508,16.3799991607666,67472700
2021-06-16,13.912981033325195,16.90999984741211,17.25,16.649999618530273,16.670000076293945,108820900
2021-06-17,14.126901626586914,17.170000076293945,17.170000076293945,16.889999389648438,17.059999465942383,54573400
2021-06-18,14.299681663513184,17.3799991607666,17.399999618530273,17.06999969482422,17.1200008392334,66759800
2021-06-21,14.044623374938965,17.06999969482422,17.43000030517578,16.920000076293945,17.34000015258789,36963700
2021-06-22,13.978803634643555,16.989999771118164,17.100000381469727,16.799999237060547,17.0,39503900
2021-06-23,14.003488540649414,17.020000457763672,17.219999313354492,16.899999618530273,16.899999618530273,30573600
2021-06-24,13.978803634643555,16.989999771118164,17.200000762939453,16.850000381469727,17.100000381469727,27126600
2021-06-25,13.731976509094238,16.690000534057617,17.079999923706055,16.440000534057617,16.989999771118164,48911900
2021-06-28,13.978803634643555,16.989999771118164,16.989999771118164,16.600000381469727,16.790000915527344,36045000
2021-06-29,14.01994514465332,17.040000915527344,17.110000610351562,16.850000381469727,16.93000030517578,27393100
2021-06-30,14.015482902526855,16.81999969482422,16.889999389648438,16.700000762939453,16.809999465942383,28469500
2021-07-01,13.59885311126709,16.31999969482422,16.829999923706055,16.239999771118164,16.700000762939453,45110000
2021-07-02,13.682178497314453,16.420000076293945,16.559999465942383,16.270000457763672,16.5,48691100
2021-07-05,13.423871040344238,16.110000610351562,16.399999618530273,16.110000610351562,16.31999969482422,15995600
2021-07-06,13.265548706054688,15.920000076293945,16.18000030517578,15.8100004196167,16.079999923706055,43574800
2021-07-07,13.557191848754883,16.270000457763672,16.290000915527344,15.920000076293945,16.059999465942383,23039400
2021-07-08,13.45720100402832,16.149999618530273,16.280000686645508,15.899999618530273,16.0,24676800
2021-07-12,13.923824310302734,16.709999084472656,16.75,16.209999084472656,16.25,29528000
2021-07-13,14.123812675476074,16.950000762939453,17.110000610351562,16.540000915527344,16.6200008392334,22787600
2021-07-14,14.265462875366211,17.1200008392334,17.25,17.040000915527344,17.139999389648438,53575300
2021-07-15,14.165471076965332,17.0,17.139999389648438,16.860000610351562,17.049999237060547,19767400
2021-07-16,13.823837280273438,16.59000015258789,17.040000915527344,16.540000915527344,17.040000915527344,30526700
2021-07-19,13.673847198486328,16.40999984741211,16.639999389648438,16.239999771118164,16.25,20942600
2021-07-20,13.682178497314453,16.420000076293945,16.559999465942383,16.010000228881836,16.260000228881836,30151000
2021-07-21,13.623854637145996,16.350000381469727,16.450000762939453,16.1200008392334,16.420000076293945,28883500
2021-07-22,13.748839378356934,16.5,16.6299991607666,16.260000228881836,16.299999237060547,38644100
2021-07-23,13.623854637145996,16.350000381469727,16.610000610351562,16.209999084472656,16.579999923706055,17963400
2021-07-26,13.673847198486328,16.40999984741211,16.479999542236328,16.219999313354492,16.280000686645508,14004700
2021-07-27,13.415536880493164,16.100000381469727,16.450000762939453,15.9399995803833,16.450000762939453,20774700
2021-07-28,13.19888687133789,15.84000015258789,16.290000915527344,15.59000015258789,16.209999084472656,60049400
2021-07-29,13.173890113830566,15.8100004196167,15.979999542236328,15.680000305175781,15.899999618530273,36601400
2021-07-30,12.70726203918457,15.25,16.049999237060547,15.25,15.670000076293945,46173900
2021-08-02,13.015569686889648,15.619999885559082,16.0,15.489999771118164,15.5,35301900
2021-08-03,13.340543746948242,16.010000228881836,16.079999923706055,15.470000267028809,15.640000343322754,41170800
2021-08-04,13.282214164733887,15.9399995803833,16.040000915527344,15.710000038146973,15.9399995803833,34095900
2021-08-05,13.090566635131836,15.710000038146973,16.280000686645508,15.710000038146973,16.059999465942383,24646000
2021-08-06,13.248884201049805,15.899999618530273,16.079999923706055,15.59000015258789,15.760000228881836,17494800
2021-08-09,13.140560150146484,15.770000457763672,16.059999465942383,15.680000305175781,15.869999885559082,17725500
2021-08-10,12.923910140991211,15.510000228881836,15.850000381469727,15.430000305175781,15.850000381469727,21423000
2021-08-11,12.540610313415527,15.050000190734863,15.569999694824219,15.050000190734863,15.489999771118164,48341300
2021-08-12,11.57402515411377,13.890000343322754,14.680000305175781,13.850000381469727,14.489999771118164,83053200
2021-08-13,12.19897174835205,14.640000343322754,14.720000267028809,13.670000076293945,14.100000381469727,83802900
2021-08-16,11.649016380310059,13.979999542236328,14.609999656677246,13.970000267028809,14.5,43295000
2021-08-17,11.51569652557373,13.819999694824219,14.109999656677246,13.539999961853027,13.960000038146973,38061000
2021-08-18,11.28238296508789,13.539999961853027,14.15999984741211,13.449999809265137,13.9399995803833,49187200
2021-08-19,11.81567096710205,14.180000305175781,14.220000267028809,13.399999618530273,13.40999984741211,35059300
2021-08-20,11.832332611083984,14.199999809265137,14.289999961853027,13.850000381469727,13.899999618530273,31296800
2021-08-23,11.374043464660645,13.649999618530273,14.300000190734863,13.59000015258789,14.239999771118164,36205000
2021-08-24,11.582355499267578,13.899999618530273,14.199999809265137,13.699999809265137,13.850000381469727,33260300
2021-08-25,11.657350540161133,13.989999771118164,13.989999771118164,13.699999809265137,13.850000381469727,20126000
2021-08-26,11.38237476348877,13.65999984741211,13.949999809265137,13.619999885559082,13.949999809265137,28614800
2021-08-27,11.615687370300293,13.9399995803833,13.9399995803833,13.699999809265137,13.75,23793100
2021-08-30,11.415702819824219,13.699999809265137,13.8100004196167,13.600000381469727,13.800000190734863,22561400
2021-08-31,11.724011421203613,14.069999694824219,14.069999694824219,13.680000305175781,13.75,48739900
2021-09-01,12.023987770080566,14.430000305175781,14.550000190734863,14.170000076293945,14.199999809265137,52051300
2021-09-02,11.724011421203613,14.069999694824219,14.329999923706055,13.960000038146973,14.289999961853027,47149900
2021-09-03,11.707345008850098,14.050000190734863,14.199999809265137,13.739999771118164,14.199999809265137,51109700
2021-09-06,11.932327270507812,14.319999694824219,14.350000381469727,13.930000305175781,14.029999732971191,14605300
2021-09-08,10.932413101196289,13.119999885559082,14.180000305175781,13.069999694824219,14.130000114440918,63466700
2021-09-09,11.357378005981445,13.630000114440918,13.800000190734863,13.149999618530273,13.149999618530273,58011400
2021-09-10,11.507365226745605,13.8100004196167,14.279999732971191,13.710000038146973,13.8100004196167,60589600
2021-09-13,11.832332611083984,14.199999809265137,14.390000343322754,13.930000305175781,14.109999656677246,36232300
2021-09-14,11.77401065826416,14.130000114440918,14.399999618530273,14.100000381469727,14.239999771118164,28742600
2021-09-15,11.707345008850098,14.050000190734863,14.239999771118164,13.789999961853027,14.239999771118164,26496700
2021-09-16,11.765674591064453,14.119999885559082,14.15999984741211,13.84000015258789,13.90999984741211,42661400
2021-09-17,11.81567096710205,14.180000305175781,14.229999542236328,13.949999809265137,14.020000457763672,70010200
2021-09-20,11.399042129516602,13.680000305175781,13.979999542236328,13.550000190734863,13.9399995803833,45113100
2021-09-21,11.290716171264648,13.550000190734863,13.84000015258789,13.550000190734863,13.800000190734863,67286600
2021-09-22,11.87399959564209,14.25,14.4399995803833,13.539999961853027,13.75,108149000
2021-09-23,11.590691566467285,13.90999984741211,14.229999542236328,13.739999771118164,14.199999809265137,53091800
2021-09-24,11.565691947937012,13.880000114440918,13.890000343322754,13.640000343322754,13.75,44537200
2021-09-27,11.399042129516602,13.680000305175781,13.989999771118164,13.470000267028809,13.899999618530273,44348800
2021-09-28,10.782425880432129,12.9399995803833,13.649999618530273,12.890000343322754,13.649999618530273,59678700
2021-09-29,10.624103546142578,12.75,13.020000457763672,12.65999984741211,12.920000076293945,44155500
2021-09-30,10.615772247314453,12.739999771118164,13.0,12.5600004196167,12.670000076293945,41870800
2021-10-01,11.024070739746094,13.229999542236328,13.390000343322754,12.800000190734863,12.8100004196167,59150700
2021-10-04,10.3324613571167,12.399999618530273,13.119999885559082,12.329999923706055,13.109999656677246,56757200
2021-10-05,10.1241455078125,12.149999618530273,12.579999923706055,12.149999618530273,12.569999694824219,30677800
2021-10-06,10.182475090026855,12.220000267028809,12.260000228881836,11.720000267028809,11.899999618530273,61558800
2021-10-07,10.215804100036621,12.260000228881836,12.539999961853027,12.170000076293945,12.239999771118164,38495700
2021-10-08,10.40745735168457,12.489999771118164,12.850000381469727,12.25,12.25,46120200
2021-10-11,10.107479095458984,12.130000114440918,12.550000190734863,11.949999809265137,12.430000305175781,60596300
2021-10-13,10.707429885864258,12.850000381469727,12.970000267028809,12.100000381469727,12.199999809265137,127162500
2021-10-14,10.607438087463379,12.729999542236328,13.130000114440918,12.65999984741211,13.010000228881836,46378200
2021-10-15,10.957409858703613,13.149999618530273,13.260000228881836,12.729999542236328,12.75,65203700
2021-10-18,10.765759468078613,12.920000076293945,13.1899995803833,12.850000381469727,13.170000076293945,40108700
2021-10-19,10.432455062866211,12.520000457763672,12.920000076293945,12.359999656677246,12.829999923706055,82966200
2021-10-20,10.949078559875488,13.140000343322754,13.270000457763672,12.670000076293945,12.720000267028809,82492500
2021-10-21,10.840752601623535,13.010000228881836,13.1899995803833,12.640000343322754,12.850000381469727,90673900
2021-10-22,10.515779495239258,12.619999885559082,12.949999809265137,12.210000038146973,12.949999809265137,75684300
2021-10-25,10.740762710571289,12.890000343322754,13.050000190734863,12.600000381469727,12.649999618530273,33953800
2021-10-26,10.1241455078125,12.149999618530273,12.710000038146973,12.140000343322754,12.649999618530273,52824000
2021-10-27,10.09914779663086,12.119999885559082,12.430000305175781,12.050000190734863,12.149999618530273,42613500
2021-10-28,10.032486915588379,12.039999961853027,12.279999732971191,11.800000190734863,12.0,33972100
2021-10-29,9.924162864685059,11.90999984741211,12.3100004196167,11.850000381469727,12.199999809265137,25194500
2021-11-01,9.982490539550781,11.979999542236328,12.149999618530273,11.869999885559082,11.949999809265137,23616800
2021-11-03,9.999157905578613,12.0,12.149999618530273,11.630000114440918,11.960000038146973,60895800
2021-11-04,9.949161529541016,11.9399995803833,12.020000457763672,11.770000457763672,11.920000076293945,25384000
2021-11-05,10.307465553283691,12.369999885559082,12.479999542236328,12.020000457763672,12.079999923706055,34580400
2021-11-08,10.199139595031738,12.239999771118164,12.300000190734863,12.069999694824219,12.260000228881836,19849400
2021-11-09,10.53244686126709,12.640000343322754,12.800000190734863,12.220000267028809,12.279999732971191,32675500
2021-11-10,10.557443618774414,12.670000076293945,12.880000114440918,12.5,12.5600004196167,41159000
2021-11-11,10.957409858703613,13.149999618530273,13.210000038146973,12.829999923706055,12.850000381469727,48066000
2021-11-12,10.874083518981934,13.050000190734863,13.289999961853027,12.890000343322754,13.1899995803833,37965000
2021-11-16,10.624103546142578,12.75,13.390000343322754,12.670000076293945,12.960000038146973,45374400
2021-11-17,10.549112319946289,12.65999984741211,13.020000457763672,12.399999618530273,12.869999885559082,54681400
2021-11-18,10.390790939331055,12.470000267028809,12.859999656677246,12.3100004196167,12.760000228881836,40061500
2021-11-19,10.390790939331055,12.470000267028809,12.75,12.359999656677246,12.5600004196167,37670500
2021-11-22,10.082483291625977,12.100000381469727,12.6899995803833,12.029999732971191,12.529999732971191,21141000
2021-11-23,9.982490539550781,11.979999542236328,12.1899995803833,11.710000038146973,12.149999618530273,44404300
2021-11-24,10.157475471496582,12.1899995803833,12.270000457763672,11.680000305175781,11.819999694824219,24597700
2021-11-25,10.307465553283691,12.369999885559082,12.470000267028809,12.170000076293945,12.1899995803833,14066600
2021-11-26,9.815836906433105,11.779999732971191,12.0600004196167,11.699999809265137,12.0,20776900
2021-11-29,9.582524299621582,11.5,11.880000114440918,11.210000038146973,11.850000381469727,54291200
2021-11-30,9.257552146911621,11.109999656677246,11.489999771118164,10.960000038146973,11.430000305175781,63350400
2021-12-01,9.174227714538574,11.010000228881836,11.510000228881836,10.989999771118164,11.289999961853027,34282100
2021-12-02,9.549192428588867,11.460000038146973,11.609999656677246,11.170000076293945,11.279999732971191,39238000
2021-12-03,9.690849304199219,11.630000114440918,11.880000114440918,11.420000076293945,11.449999809265137,32305400
2021-12-06,9.815836906433105,11.779999732971191,12.020000457763672,11.640000343322754,11.75,33061100
2021-12-07,10.04081916809082,12.050000190734863,12.319999694824219,11.90999984741211,12.010000228881836,37919100
2021-12-08,10.09914779663086,12.119999885559082,12.270000457763672,11.9399995803833,12.069999694824219,38567900
2021-12-09,9.757511138916016,11.710000038146973,12.09000015258789,11.619999885559082,12.029999732971191,33872800
2021-12-10,10.315797805786133,12.380000114440918,12.619999885559082,11.949999809265137,12.0,41867200
2021-12-13,10.1241455078125,12.149999618530273,12.479999542236328,12.149999618530273,12.4399995803833,33946900
2021-12-14,10.082483291625977,12.100000381469727,12.4399995803833,12.029999732971191,12.329999923706055,27329200
2021-12-15,10.049153327941895,12.0600004196167,12.239999771118164,11.880000114440918,12.239999771118164,67091300
2021-12-16,10.05748462677002,12.069999694824219,12.539999961853027,11.989999771118164,12.119999885559082,45439000
2021-12-17,10.257471084594727,12.3100004196167,12.399999618530273,11.899999618530273,11.949999809265137,53507900
2021-12-20,9.899166107177734,11.880000114440918,12.119999885559082,11.649999618530273,12.0600004196167,27057700
2021-12-21,9.594907760620117,11.369999885559082,11.859999656677246,11.279999732971191,11.829999923706055,27019000
2021-12-22,9.704608917236328,11.5,11.670000076293945,11.329999923706055,11.390000343322754,25447000
2021-12-23,9.60334300994873,11.380000114440918,11.529999732971191,11.300000190734863,11.510000228881836,38242300
2021-12-27,9.544272422790527,11.3100004196167,11.550000190734863,11.1899995803833,11.5,26053300
2021-12-28,9.417689323425293,11.15999984741211,11.329999923706055,11.100000381469727,11.329999923706055,15521100
2021-12-29,9.350180625915527,11.079999923706055,11.239999771118164,10.989999771118164,11.180000305175781,13617300
2021-12-30,9.400813102722168,11.140000343322754,11.289999961853027,11.050000190734863,11.149999618530273,17778000
2022-01-03,9.086989402770996,10.720000267028809,11.40999984741211,10.710000038146973,11.1899995803833,31212300
2022-01-04,9.281949996948242,10.949999809265137,11.010000228881836,10.619999885559082,10.760000228881836,42526400
2022-01-05,9.086989402770996,10.720000267028809,10.930000305175781,10.619999885559082,10.869999885559082,29393700
2022-01-06,9.307381629943848,10.979999542236328,10.979999542236328,10.579999923706055,10.600000381469727,55641200
2022-01-07,9.527775764465332,11.239999771118164,11.260000228881836,10.880000114440918,10.90999984741211,40712800
2022-01-10,9.47691535949707,11.180000305175781,11.25,10.970000267028809,11.100000381469727,24753100
2022-01-11,9.502345085144043,11.210000038146973,11.210000038146973,10.850000381469727,11.029999732971191,49955600
2022-01-12,9.841411590576172,11.609999656677246,11.640000343322754,11.140000343322754,11.270000457763672,51902800
2022-01-13,9.824457168579102,11.59000015258789,11.729999542236328,11.460000038146973,11.470000267028809,41573700
2022-01-14,10.358488082885742,12.220000267028809,12.289999961853027,11.5600004196167,11.630000114440918,58924300
2022-01-17,10.477161407470703,12.359999656677246,12.59000015258789,12.109999656677246,12.199999809265137,34504100
2022-01-18,10.434778213500977,12.3100004196167,12.399999618530273,12.039999961853027,12.350000381469727,27785000
2022-01-19,10.392394065856934,12.260000228881836,12.489999771118164,12.25,12.4399995803833,28462100
2022-01-20,11.231582641601562,13.25,13.319999694824219,12.279999732971191,12.329999923706055,86698700
2022-01-21,11.562175750732422,13.640000343322754,13.880000114440918,13.149999618530273,13.229999542236328,80553900
2022-01-24,11.070528984069824,13.0600004196167,13.529999732971191,12.84000015258789,13.489999771118164,87684000
2022-01-25,11.290921211242676,13.319999694824219,13.5600004196167,12.880000114440918,12.899999618530273,71382800
2022-01-26,11.680848121643066,13.779999732971191,14.100000381469727,13.5,13.5,71973700
2022-01-27,12.25726318359375,14.460000038146973,14.520000457763672,13.8100004196167,13.920000076293945,83843000
2022-01-28,12.494607925415039,14.739999771118164,14.770000457763672,14.0600004196167,14.289999961853027,80767700
2022-01-31,12.392889976501465,14.619999885559082,14.8100004196167,14.449999809265137,14.640000343322754,52205200
2022-02-01,12.087729454040527,14.260000228881836,14.65999984741211,14.149999618530273,14.619999885559082,35998000
2022-02-02,11.977532386779785,14.130000114440918,14.59000015258789,13.970000267028809,14.270000457763672,26420000
2022-02-03,11.986008644104004,14.140000343322754,14.369999885559082,14.029999732971191,14.109999656677246,24431600
2022-02-04,11.977532386779785,14.130000114440918,14.220000267028809,13.880000114440918,14.0600004196167,22866500
2022-02-07,11.613036155700684,13.699999809265137,14.199999809265137,13.600000381469727,14.130000114440918,32879200
2022-02-08,11.485884666442871,13.550000190734863,13.729999542236328,13.350000381469727,13.649999618530273,44067800
2022-02-09,12.002961158752441,14.15999984741211,14.25,13.670000076293945,13.710000038146973,39200100
2022-02-10,11.952102661132812,14.100000381469727,14.329999923706055,13.819999694824219,14.15999984741211,31062500
2022-02-11,11.799521446228027,13.920000076293945,14.3100004196167,13.739999771118164,14.300000190734863,36193800
2022-02-14,11.96905517578125,14.119999885559082,14.479999542236328,13.960000038146973,14.170000076293945,37045800
2022-02-15,12.375935554504395,14.600000381469727,15.130000114440918,14.239999771118164,14.4399995803833,43238600
2022-02-16,12.367459297180176,14.59000015258789,14.850000381469727,14.3100004196167,14.75,30914200
2022-02-17,12.036867141723633,14.199999809265137,14.729999542236328,14.140000343322754,14.619999885559082,39058000
2022-02-18,12.09620475769043,14.270000457763672,14.710000038146973,14.25,14.3100004196167,36694100
2022-02-21,11.92667293548584,14.069999694824219,14.569999694824219,13.970000267028809,14.350000381469727,21087500
2022-02-22,12.197925567626953,14.390000343322754,14.739999771118164,14.229999542236328,14.25,37226200
2022-02-23,12.367459297180176,14.59000015258789,14.9399995803833,14.390000343322754,14.390000343322754,44694100
2022-02-24,12.460702896118164,14.699999809265137,14.890000343322754,13.859999656677246,13.989999771118164,44249600
2022-02-25,12.358981132507324,14.579999923706055,14.890000343322754,14.470000267028809,14.550000190734863,57772500
2022-03-02,12.138588905334473,14.319999694824219,14.829999923706055,14.279999732971191,14.5,44776400
2022-03-03,12.520039558410645,14.770000457763672,14.819999694824219,14.180000305175781,14.260000228881836,24918400
2022-03-04,12.24030876159668,14.4399995803833,14.770000457763672,14.210000038146973,14.699999809265137,30019500
2022-03-07,11.782570838928223,13.899999618530273,14.3100004196167,13.770000457763672,14.270000457763672,39736100
2022-03-08,11.545222282409668,13.619999885559082,14.15999984741211,13.369999885559082,13.770000457763672,76144000
2022-03-09,11.697800636291504,13.800000190734863,14.069999694824219,13.699999809265137,13.8100004196167,62423800
2022-03-10,11.28244400024414,13.3100004196167,13.720000267028809,13.140000343322754,13.720000267028809,37166900
2022-03-11,11.240063667297363,13.260000228881836,13.600000381469727,13.140000343322754,13.430000305175781,35109900
2022-03-14,11.240063667297363,13.260000228881836,13.520000457763672,13.119999885559082,13.270000457763672,25198400
2022-03-15,11.273966789245605,13.300000190734863,13.510000228881836,13.170000076293945,13.210000038146973,32409100
2022-03-16,11.528270721435547,13.600000381469727,13.789999961853027,13.3100004196167,13.350000381469727,46566300
2022-03-17,11.782570838928223,13.899999618530273,13.930000305175781,13.449999809265137,13.720000267028809,37616600
2022-03-18,11.960577964782715,14.109999656677246,14.229999542236328,12.800000190734863,13.829999923706055,93450400
2022-03-21,11.76561450958252,13.880000114440918,14.270000457763672,13.649999618530273,14.0,29506800
2022-03-22,12.401365280151367,14.630000114440918,14.670000076293945,14.0600004196167,14.09000015258789,48585100
2022-03-23,12.51156234741211,14.760000228881836,15.079999923706055,14.420000076293945,14.630000114440918,35617600
2022-03-24,12.621760368347168,14.890000343322754,14.899999618530273,14.489999771118164,14.739999771118164,32405300
2022-03-25,12.992018699645996,15.140000343322754,15.380000114440918,14.75,14.75,43115300
2022-03-28,12.949111938476562,15.09000015258789,15.369999885559082,15.050000190734863,15.180000305175781,36224300
2022-03-29,13.3352689743042,15.539999961853027,15.819999694824219,15.25,15.510000228881836,39583800
2022-03-30,13.446825981140137,15.670000076293945,15.800000190734863,15.460000038146973,15.529999732971191,44860300
2022-03-31,13.48115062713623,15.710000038146973,15.8100004196167,15.529999732971191,15.770000457763672,27882200
2022-04-01,13.764331817626953,16.040000915527344,16.18000030517578,15.760000228881836,15.789999961853027,32532800
2022-04-04,13.850143432617188,16.139999389648438,16.190000534057617,15.84000015258789,16.010000228881836,35608100
2022-04-05,13.584124565124512,15.829999923706055,16.329999923706055,15.829999923706055,16.079999923706055,107169600
2022-04-06,13.618448257446289,15.869999885559082,16.100000381469727,15.460000038146973,15.699999809265137,46479100
2022-04-07,13.601287841796875,15.850000381469727,16.010000228881836,15.600000381469727,15.699999809265137,37641900
2022-04-08,13.386756896972656,15.600000381469727,15.829999923706055,15.5,15.649999618530273,23854100
2022-04-11,12.768905639648438,14.880000114440918,15.550000190734863,14.75,15.4399995803833,44122200
2022-04-12,12.31409740447998,14.350000381469727,15.229999542236328,14.220000267028809,15.130000114440918,74508900
2022-04-13,12.36558723449707,14.40999984741211,14.600000381469727,14.220000267028809,14.460000038146973,50627300
2022-04-14,12.434235572814941,14.489999771118164,14.489999771118164,14.180000305175781,14.430000305175781,32502300
2022-04-18,12.459980010986328,14.520000457763672,14.6899995803833,14.350000381469727,14.5,18488500
2022-04-19,12.477142333984375,14.539999961853027,14.59000015258789,14.220000267028809,14.369999885559082,27972000
2022-04-20,12.60586166381836,14.6899995803833,14.890000343322754,14.470000267028809,14.5,24264800
2022-04-22,12.322683334350586,14.359999656677246,14.890000343322754,14.260000228881836,14.539999961853027,31907300
2022-04-25,12.116729736328125,14.119999885559082,14.390000343322754,14.020000457763672,14.239999771118164,30535100
2022-04-26,11.679083824157715,13.609999656677246,14.130000114440918,13.59000015258789,14.020000457763672,45217300
2022-04-27,11.593274116516113,13.510000228881836,13.90999984741211,13.380000114440918,13.770000457763672,55728100
2022-04-28,11.653343200683594,13.579999923706055,13.819999694824219,13.4399995803833,13.520000457763672,30824100
2022-04-29,11.413066864013672,13.300000190734863,13.760000228881836,13.270000457763672,13.649999618530273,36218200
2022-05-02,10.984004974365234,12.800000190734863,13.529999732971191,12.539999961853027,13.239999771118164,67966900
2022-05-03,10.769472122192383,12.550000190734863,12.869999885559082,12.470000267028809,12.800000190734863,26941300
2022-05-04,10.855286598205566,12.649999618530273,12.720000267028809,12.109999656677246,12.430000305175781,44906500
2022-05-05,10.400480270385742,12.119999885559082,12.539999961853027,11.930000305175781,12.510000228881836,37977600
2022-05-06,10.100135803222656,11.770000457763672,12.100000381469727,11.680000305175781,11.970000267028809,35093000
2022-05-09,10.074392318725586,11.739999771118164,11.970000267028809,11.510000228881836,11.6899995803833,28656000
2022-05-10,9.928510665893555,11.569999694824219,11.850000381469727,11.40999984741211,11.819999694824219,32022300
2022-05-11,9.688236236572266,11.289999961853027,11.720000267028809,11.289999961853027,11.510000228881836,28501400
2022-05-12,10.211691856384277,11.899999618530273,12.0,11.180000305175781,11.180000305175781,57392200
2022-05-13,9.84269905090332,11.470000267028809,11.829999923706055,11.4399995803833,11.829999923706055,62235900
2022-05-16,9.84269905090332,11.470000267028809,11.470000267028809,11.470000267028809,11.470000267028809,0
2022-05-17,10.211691856384277,11.899999618530273,11.949999809265137,11.779999732971191,11.880000114440918,36755200
2022-05-18,9.911349296569824,11.550000190734863,11.819999694824219,11.470000267028809,11.720000267028809,45745200
2022-05-19,10.134459495544434,11.8100004196167,11.829999923706055,11.539999961853027,11.579999923706055,41572300
2022-05-20,10.331830978393555,12.039999961853027,12.229999542236328,11.84000015258789,11.930000305175781,70264100
2022-05-23,10.383317947387695,12.100000381469727,12.199999809265137,12.020000457763672,12.079999923706055,36324700
2022-05-24,10.314666748046875,12.020000457763672,12.050000190734863,11.779999732971191,12.0,36095300
2022-05-25,10.2202730178833,11.90999984741211,12.050000190734863,11.609999656677246,11.90999984741211,41659600
2022-05-26,10.649336814880371,12.40999984741211,12.449999809265137,11.899999618530273,11.899999618530273,59361700
2022-05-27,10.898192405700684,12.699999809265137,12.880000114440918,12.319999694824219,12.470000267028809,42111400
2022-05-30,10.984004974365234,12.800000190734863,13.119999885559082,12.699999809265137,12.819999694824219,26840000
2022-05-31,10.958261489868164,12.770000457763672,12.960000038146973,12.630000114440918,12.829999923706055,123018500
2022-06-01,10.726568222045898,12.5,12.829999923706055,12.489999771118164,12.770000457763672,23587800
2022-06-02,11.061235427856445,12.890000343322754,12.989999771118164,12.59000015258789,12.59000015258789,24931700
2022-06-03,10.87244701385498,12.670000076293945,12.920000076293945,12.59000015258789,12.850000381469727,16458000
2022-06-06,10.537779808044434,12.279999732971191,12.789999961853027,12.220000267028809,12.770000457763672,19795100
2022-06-07,10.203110694885254,11.890000343322754,12.25,11.8100004196167,12.170000076293945,37891200
2022-06-08,10.11729907989502,11.789999961853027,12.050000190734863,11.739999771118164,11.800000190734863,24974600
2022-06-09,10.254599571228027,11.949999809265137,12.15999984741211,11.760000228881836,11.779999732971191,27231900
2022-06-10,10.005741119384766,11.65999984741211,11.9399995803833,11.649999618530273,11.800000190734863,26284500
2022-06-13,9.902766227722168,11.539999961853027,11.680000305175781,11.3100004196167,11.489999771118164,36960800
2022-06-14,9.859862327575684,11.489999771118164,11.619999885559082,11.380000114440918,11.529999732971191,27288400
2022-06-15,9.962834358215332,11.609999656677246,11.800000190734863,11.449999809265137,11.710000038146973,31751100
2022-06-17,9.82553482055664,11.449999809265137,11.489999771118164,11.170000076293945,11.399999618530273,49425100
2022-06-20,9.911349296569824,11.550000190734863,11.619999885559082,11.289999961853027,11.460000038146973,12751100
2022-06-21,9.859862327575684,11.489999771118164,11.770000457763672,11.399999618530273,11.600000381469727,21414500
2022-06-22,9.997159004211426,11.649999618530273,11.670000076293945,11.350000381469727,11.479999542236328,27175500
2022-06-23,9.937090873718262,11.579999923706055,11.899999618530273,11.550000190734863,11.630000114440918,28228200
2022-06-24,9.954254150390625,11.600000381469727,11.819999694824219,11.539999961853027,11.739999771118164,19104100
2022-06-27,9.954254150390625,11.600000381469727,11.760000228881836,11.510000228881836,11.680000305175781,20702300
2022-06-28,9.671072959899902,11.270000457763672,11.819999694824219,11.180000305175781,11.640000343322754,26200200
2022-06-29,9.506787300109863,10.949999809265137,11.300000190734863,10.890000343322754,11.279999732971191,23510100
2022-06-30,9.515474319458008,10.960000038146973,11.079999923706055,10.619999885559082,10.630000114440918,53291500
2022-07-01,9.715155601501465,11.1899995803833,11.3100004196167,10.729999542236328,10.75,27211900
2022-07-04,9.619654655456543,11.079999923706055,11.350000381469727,11.020000457763672,11.109999656677246,11748300
2022-07-05,9.784613609313965,11.270000457763672,11.34000015258789,10.9399995803833,11.0,26123700
2022-07-06,9.64570140838623,11.109999656677246,11.430000305175781,10.90999984741211,11.229999542236328,50471100
2022-07-07,9.862751960754395,11.359999656677246,11.420000076293945,11.15999984741211,11.289999961853027,23833400
2022-07-08,9.932206153869629,11.4399995803833,11.529999732971191,11.319999694824219,11.390000343322754,20410600
2022-07-11,9.350513458251953,10.770000457763672,11.220000267028809,10.6899995803833,11.210000038146973,45053000
2022-07-12,9.150826454162598,10.539999961853027,10.819999694824219,10.420000076293945,10.819999694824219,37587600
2022-07-13,8.925095558166504,10.279999732971191,10.609999656677246,10.229999542236328,10.420000076293945,64624500
2022-07-14,8.925095558166504,10.279999732971191,10.359999656677246,9.710000038146973,10.069999694824219,72406700
2022-07-15,8.708044052124023,10.029999732971191,10.329999923706055,9.979999542236328,10.210000038146973,66586300
2022-07-18,8.916413307189941,10.270000457763672,10.4399995803833,10.020000457763672,10.09000015258789,39197600
2022-07-19,8.864319801330566,10.210000038146973,10.5,10.130000114440918,10.270000457763672,47346400
2022-07-20,9.150826454162598,10.539999961853027,10.59000015258789,10.140000343322754,10.1899995803833,62025800
2022-07-21,9.558881759643555,11.010000228881836,11.069999694824219,10.510000228881836,10.5600004196167,54553200
2022-07-22,9.307101249694824,10.720000267028809,11.180000305175781,10.619999885559082,11.079999923706055,50276200
2022-07-25,9.315786361694336,10.729999542236328,10.789999961853027,10.489999771118164,10.789999961853027,30968000
2022-07-26,9.315786361694336,10.729999542236328,10.850000381469727,10.649999618530273,10.720000267028809,34753400
2022-07-27,9.446012496948242,10.880000114440918,10.930000305175781,10.619999885559082,10.869999885559082,32123300
2022-07-28,9.775934219360352,11.260000228881836,11.369999885559082,10.739999771118164,10.75,26345100
2022-07-29,9.628338813781738,11.09000015258789,11.359999656677246,11.050000190734863,11.359999656677246,26771200
2022-08-01,9.437333106994629,10.869999885559082,11.119999885559082,10.710000038146973,11.020000457763672,26237600
2022-08-02,9.376562118530273,10.800000190734863,10.989999771118164,10.670000076293945,10.899999618530273,29130100
2022-08-03,9.68911075592041,11.15999984741211,11.199999809265137,10.680000305175781,10.789999961853027,29172900
2022-08-04,10.331579208374023,11.899999618530273,12.0,11.25,11.25,59880700
2022-08-05,10.47917366027832,12.069999694824219,12.1899995803833,11.619999885559082,11.9399995803833,32183700
2022-08-08,10.809089660644531,12.449999809265137,12.600000381469727,12.029999732971191,12.15999984741211,42688100
2022-08-09,10.635449409484863,12.25,12.680000305175781,12.170000076293945,12.520000457763672,42042800
2022-08-10,10.739631652832031,12.369999885559082,12.699999809265137,12.270000457763672,12.630000114440918,45312100
2022-08-11,10.548627853393555,12.149999618530273,12.529999732971191,11.989999771118164,12.4399995803833,34195200
2022-08-12,11.373417854309082,13.100000381469727,13.100000381469727,12.329999923706055,12.420000076293945,59351200
2022-08-15,11.460241317749023,13.199999809265137,13.279999732971191,12.829999923706055,13.100000381469727,21740700
2022-08-16,11.390782356262207,13.119999885559082,13.210000038146973,12.890000343322754,13.130000114440918,23841700
2022-08-17,11.17373275756836,12.869999885559082,13.15999984741211,12.8100004196167,13.0,49940200
2022-08-18,11.15636920928955,12.850000381469727,12.930000305175781,12.630000114440918,12.869999885559082,17097000
2022-08-19,10.86118221282959,12.510000228881836,12.84000015258789,12.270000457763672,12.699999809265137,41620300
2022-08-22,10.67885971069336,12.300000190734863,12.520000457763672,12.270000457763672,12.449999809265137,28907700
2022-08-23,10.791725158691406,12.430000305175781,12.479999542236328,12.079999923706055,12.300000190734863,30905000
2022-08-24,10.817771911621094,12.460000038146973,12.6899995803833,12.279999732971191,12.399999618530273,25584600
2022-08-25,11.08691120147705,12.770000457763672,12.819999694824219,12.479999542236328,12.569999694824219,17673600
2022-08-26,10.791725158691406,12.430000305175781,12.850000381469727,12.390000343322754,12.819999694824219,21823200
2022-08-29,10.713583946228027,12.34000015258789,12.59000015258789,12.279999732971191,12.460000038146973,20187300
2022-08-30,10.583356857299805,12.1899995803833,12.569999694824219,12.010000228881836,12.470000267028809,25350200
2022-08-31,10.288168907165527,11.850000381469727,12.319999694824219,11.850000381469727,12.170000076293945,51605400
2022-09-01,10.505220413208008,12.100000381469727,12.109999656677246,11.65999984741211,11.760000228881836,45098300
2022-09-02,10.974047660827637,12.640000343322754,12.979999542236328,12.079999923706055,12.119999885559082,76178400
2022-09-05,11.15636920928955,12.850000381469727,12.960000038146973,12.569999694824219,12.640000343322754,27073800
2022-09-06,10.756996154785156,12.390000343322754,12.619999885559082,12.239999771118164,12.600000381469727,45033200
2022-09-08,11.286598205566406,13.0,13.039999961853027,12.329999923706055,12.399999618530273,55191000
2022-09-09,11.243186950683594,12.949999809265137,13.220000267028809,12.880000114440918,13.050000190734863,25300300
2022-09-12,11.503647804260254,13.25,13.329999923706055,12.9399995803833,12.949999809265137,28719300
2022-09-13,11.182415962219238,12.880000114440918,13.1899995803833,12.779999732971191,13.0,20298200
2022-09-14,11.09559440612793,12.779999732971191,13.020000457763672,12.699999809265137,12.819999694824219,22001400
2022-09-15,10.904592514038086,12.5600004196167,12.880000114440918,12.449999809265137,12.75,23504300
2022-09-16,10.748315811157227,12.380000114440918,12.649999618530273,12.1899995803833,12.4399995803833,71825800
2022-09-19,11.477601051330566,13.220000267028809,13.350000381469727,12.039999961853027,12.199999809265137,57616200
2022-09-20,11.842247009277344,13.640000343322754,13.819999694824219,13.199999809265137,13.210000038146973,56083600
2022-09-21,11.564422607421875,13.319999694824219,13.729999542236328,13.270000457763672,13.699999809265137,36774800
2022-09-22,11.668606758117676,13.4399995803833,13.600000381469727,13.119999885559082,13.449999809265137,56032400
2022-09-23,11.697324752807617,13.390000343322754,13.390000343322754,13.010000228881836,13.029999732971191,48607100
2022-09-26,11.243059158325195,12.869999885559082,13.270000457763672,12.819999694824219,13.229999542236328,21406800
2022-09-27,11.13823127746582,12.75,12.859999656677246,12.569999694824219,12.619999885559082,65114400
2022-09-28,11.225589752197266,12.850000381469727,12.9399995803833,12.449999809265137,12.760000228881836,51750700
2022-09-29,11.00719165802002,12.600000381469727,12.6899995803833,12.220000267028809,12.550000190734863,43982600
2022-09-30,11.400307655334473,13.050000190734863,13.180000305175781,12.359999656677246,12.380000114440918,60495600
2022-10-03,12.125383377075195,13.880000114440918,14.279999732971191,13.630000114440918,14.09000015258789,87509200
2022-10-04,12.649534225463867,14.479999542236328,15.15999984741211,14.119999885559082,14.649999618530273,71455800
2022-10-05,12.86793041229248,14.729999542236328,14.970000267028809,14.010000228881836,14.300000190734863,65316100
2022-10-06,12.955291748046875,14.829999923706055,14.989999771118164,14.5600004196167,14.800000190734863,38746900
2022-10-07,12.929081916809082,14.800000190734863,14.949999809265137,14.640000343322754,14.819999694824219,15926100
2022-10-10,12.964028358459473,14.84000015258789,14.920000076293945,14.619999885559082,14.890000343322754,23633600
2022-10-11,12.535968780517578,14.350000381469727,14.8100004196167,14.210000038146973,14.800000190734863,35328900
2022-10-13,12.14285659790039,13.899999618530273,14.260000228881836,13.65999984741211,14.0,75195100
2022-10-14,12.13411808013916,13.890000343322754,14.220000267028809,13.65999984741211,14.020000457763672,61172000
2022-10-17,12.361251831054688,14.149999618530273,14.420000076293945,13.819999694824219,14.0,32624700
2022-10-18,12.230213165283203,14.0,14.40999984741211,13.84000015258789,14.390000343322754,48479200
2022-10-19,12.448609352111816,14.25,14.3100004196167,13.850000381469727,14.109999656677246,31144700
2022-10-20,12.230213165283203,14.0,14.430000305175781,13.869999885559082,14.34000015258789,68817500
2022-10-21,12.780573844909668,14.630000114440918,14.8100004196167,13.949999809265137,14.0,76677800
2022-10-24,12.265154838562012,14.039999961853027,14.520000457763672,13.9399995803833,14.399999618530273,39162400
2022-10-25,12.099175453186035,13.850000381469727,14.239999771118164,13.770000457763672,13.880000114440918,39314700
2022-10-26,11.513874053955078,13.180000305175781,13.8100004196167,13.109999656677246,13.65999984741211,58938700
2022-10-27,12.125383377075195,13.880000114440918,14.430000305175781,13.149999618530273,13.3100004196167,57273000
2022-10-28,12.387458801269531,14.180000305175781,14.25,13.609999656677246,13.779999732971191,53816500
2022-10-31,13.138742446899414,15.039999961853027,15.130000114440918,13.890000343322754,14.130000114440918,93369800
2022-11-01,13.20862865447998,15.119999885559082,15.4399995803833,14.699999809265137,15.020000457763672,43955100
2022-11-03,13.435760498046875,15.380000114440918,15.5,14.829999923706055,14.949999809265137,38761200
2022-11-04,13.627950668334961,15.600000381469727,15.979999542236328,15.430000305175781,15.5,35021800
2022-11-07,13.365875244140625,15.300000190734863,15.600000381469727,15.199999809265137,15.40999984741211,63757400
2022-11-08,13.392083168029785,15.329999923706055,15.65999984741211,15.170000076293945,15.260000228881836,62326600
2022-11-09,13.313461303710938,15.239999771118164,15.489999771118164,14.829999923706055,15.199999809265137,98960200
2022-11-10,11.62743854522705,13.3100004196167,14.949999809265137,13.100000381469727,14.899999618530273,131426800
2022-11-11,10.989720344543457,12.579999923706055,13.220000267028809,12.319999694824219,12.800000190734863,80262500
2022-11-14,10.89362621307373,12.470000267028809,12.8100004196167,12.350000381469727,12.699999809265137,46911100
2022-11-16,10.832474708557129,12.399999618530273,12.640000343322754,12.229999542236328,12.460000038146973,98671500
2022-11-17,10.17728328704834,11.649999618530273,12.109999656677246,11.279999732971191,12.029999732971191,276369600
2022-11-18,10.369474411010742,11.869999885559082,12.289999961853027,11.699999809265137,11.949999809265137,94746800
2022-11-21,10.526719093322754,12.050000190734863,12.420000076293945,11.850000381469727,12.039999961853027,69352000
2022-11-22,10.474305152893066,11.989999771118164,12.329999923706055,11.640000343322754,12.0600004196167,61014900
2022-11-23,10.474305152893066,11.989999771118164,12.300000190734863,11.649999618530273,11.699999809265137,34017900
2022-11-24,11.059606552124023,12.65999984741211,12.829999923706055,12.109999656677246,12.140000343322754,42778100
2022-11-25,10.526719093322754,12.050000190734863,12.449999809265137,11.90999984741211,12.350000381469727,38771600
2022-11-28,10.552927017211914,12.079999923706055,12.289999961853027,11.979999542236328,12.100000381469727,27142700
2022-11-29,10.96351146697998,12.550000190734863,12.9399995803833,12.149999618530273,12.369999885559082,53449900
2022-11-30,11.120756149291992,12.729999542236328,12.829999923706055,12.300000190734863,12.489999771118164,57073600
2022-12-01,10.841211318969727,12.40999984741211,12.65999984741211,12.180000305175781,12.529999732971191,44924700
2022-12-02,11.094550132751465,12.699999809265137,13.050000190734863,12.4399995803833,12.479999542236328,46834800
2022-12-05,10.614076614379883,12.149999618530273,12.670000076293945,12.020000457763672,12.460000038146973,35793100
2022-12-06,10.64028549194336,12.180000305175781,12.3100004196167,11.979999542236328,12.25,41261300
2022-12-07,10.701436996459961,12.25,12.479999542236328,12.0600004196167,12.100000381469727,35864200
2022-12-08,10.25590705871582,11.739999771118164,12.300000190734863,11.5600004196167,12.119999885559082,75114300
2022-12-09,10.25590705871582,11.739999771118164,12.020000457763672,11.609999656677246,11.84000015258789,34385300
2022-12-12,10.002569198608398,11.449999809265137,11.890000343322754,10.979999542236328,11.710000038146973,51820600
2022-12-13,9.950153350830078,11.390000343322754,12.029999732971191,11.279999732971191,11.59000015258789,79422100
2022-12-14,10.290850639343262,11.779999732971191,11.949999809265137,11.029999732971191,11.34000015258789,82829500
2022-12-15,10.072453498840332,11.529999732971191,12.020000457763672,11.399999618530273,11.489999771118164,43791700
2022-12-16,9.923944473266602,11.359999656677246,11.640000343322754,11.199999809265137,11.5,52477600
2022-12-19,10.561663627624512,12.09000015258789,12.210000038146973,11.390000343322754,11.40999984741211,51014700
2022-12-20,11.024662017822266,12.619999885559082,12.8100004196167,11.90999984741211,11.960000038146973,85870300
2022-12-21,10.972249984741211,12.5600004196167,12.979999542236328,12.430000305175781,12.699999809265137,33432500
2022-12-22,10.762588500976562,12.319999694824219,12.680000305175781,12.149999618530273,12.539999961853027,28640400
2022-12-23,11.685338020324707,13.350000381469727,13.390000343322754,12.319999694824219,12.34000015258789,55312400
2022-12-26,11.746611595153809,13.420000076293945,13.5,13.130000114440918,13.359999656677246,26468100
2022-12-27,11.335213661193848,12.949999809265137,13.479999542236328,12.84000015258789,13.460000038146973,51364200
2022-12-28,11.729103088378906,13.399999618530273,13.510000228881836,12.779999732971191,13.029999732971191,46427100
2022-12-29,11.56279468536377,13.210000038146973,13.649999618530273,13.09000015258789,13.470000267028809,54262600
2023-01-02,10.774687767028809,12.25,13.039999961853027,12.069999694824219,12.789999961853027,36463300
2023-01-03,10.414063453674316,11.84000015258789,12.4399995803833,11.640000343322754,12.1899995803833,55579600
2023-01-04,10.493227005004883,11.930000305175781,12.270000457763672,11.770000457763672,12.100000381469727,46600300
2023-01-05,10.818666458129883,12.300000190734863,12.380000114440918,11.920000076293945,12.029999732971191,42701200
2023-01-06,11.073738098144531,12.59000015258789,12.739999771118164,12.239999771118164,12.25,18701800
2023-01-09,10.924212455749512,12.420000076293945,12.609999656677246,12.119999885559082,12.5,29615300
2023-01-10,11.311222076416016,12.859999656677246,12.989999771118164,12.25,12.3100004196167,37173200
2023-01-11,11.830166816711426,13.449999809265137,13.5600004196167,12.850000381469727,12.850000381469727,45058400
2023-01-12,11.75979995727539,13.369999885559082,13.649999618530273,13.09000015258789,13.5,42650900
2023-01-13,11.575091361999512,13.15999984741211,13.279999732971191,12.920000076293945,13.010000228881836,34712800
2023-01-16,11.390384674072266,12.949999809265137,13.199999809265137,12.819999694824219,13.15999984741211,23945400
2023-01-17,11.443158149719238,13.010000228881836,13.140000343322754,12.670000076293945,13.0,55634500
2023-01-18,11.50472640991211,13.079999923706055,13.630000114440918,12.930000305175781,13.260000228881836,58779100
2023-01-19,11.407974243164062,12.970000267028809,13.069999694824219,12.569999694824219,12.899999618530273,37781400
2023-01-20,11.232061386108398,12.770000457763672,13.0,12.699999809265137,12.899999618530273,37915700
2023-01-23,11.126514434814453,12.649999618530273,12.880000114440918,12.529999732971191,12.800000190734863,28339700
2023-01-24,11.293630599975586,12.84000015258789,12.890000343322754,12.630000114440918,12.739999771118164,21956100
2023-01-25,11.531115531921387,13.109999656677246,13.260000228881836,12.720000267028809,12.84000015258789,22445500
2023-01-26,11.539910316467285,13.119999885559082,13.380000114440918,12.829999923706055,13.15999984741211,23534800
2023-01-27,11.179287910461426,12.710000038146973,13.210000038146973,12.640000343322754,13.109999656677246,28137500
2023-01-30,11.32001781463623,12.869999885559082,12.899999618530273,12.649999618530273,12.789999961853027,29716000
2023-01-31,11.39918041229248,12.960000038146973,13.220000267028809,12.800000190734863,12.9399995803833,34369400
2023-02-01,11.35520076751709,12.90999984741211,13.0600004196167,12.510000228881836,12.989999771118164,42421600
2023-02-02,11.434359550476074,13.0,13.289999961853027,12.739999771118164,12.739999771118164,37601000
2023-02-03,10.651545524597168,12.109999656677246,13.029999732971191,12.039999961853027,12.949999809265137,75213900
2023-02-06,10.651545524597168,12.109999656677246,12.149999618530273,11.729999542236328,11.989999771118164,30877600
2023-02-07,10.458044052124023,11.890000343322754,12.079999923706055,11.4399995803833,12.0,59353900
2023-02-08,10.660343170166016,12.119999885559082,12.359999656677246,11.890000343322754,11.890000343322754,36033200
2023-02-09,10.24694538116455,11.649999618530273,12.3100004196167,11.520000457763672,12.149999618530273,42040900
2023-02-10,10.378881454467773,11.800000190734863,11.880000114440918,11.520000457763672,11.520000457763672,34782700
2023-02-13,10.484432220458984,11.920000076293945,11.989999771118164,11.600000381469727,11.819999694824219,39949600
2023-02-14,10.062236785888672,11.4399995803833,11.970000267028809,11.359999656677246,11.930000305175781,48546800
2023-02-15,10.194174766540527,11.59000015258789,11.789999961853027,11.140000343322754,11.4399995803833,68664200
2023-02-16,10.000667572021484,11.369999885559082,11.390000343322754,10.859999656677246,11.300000190734863,75635800
2023-02-17,9.701615333557129,11.029999732971191,11.300000190734863,11.029999732971191,11.210000038146973,37832300
2023-02-22,9.543292999267578,10.850000381469727,10.869999885559082,10.550000190734863,10.800000190734863,34110900
2023-02-23,9.48172378540039,10.779999732971191,10.989999771118164,10.640000343322754,10.850000381469727,66824000
2023-02-24,9.169937133789062,10.390000343322754,10.819999694824219,10.369999885559082,10.739999771118164,36878600
2023-02-27,9.319975852966309,10.5600004196167,10.670000076293945,10.260000228881836,10.399999618530273,41493800
2023-02-28,9.31114673614502,10.550000190734863,10.739999771118164,10.430000305175781,10.5,41801300
2023-03-01,9.267019271850586,10.5,10.670000076293945,10.329999923706055,10.619999885559082,45694100
2023-03-02,9.346452713012695,10.59000015258789,10.9399995803833,10.449999809265137,10.510000228881836,74473100
2023-03-03,9.284672737121582,10.520000457763672,10.770000457763672,10.449999809265137,10.699999809265137,47367600
2023-03-06,9.673002243041992,10.960000038146973,11.079999923706055,10.619999885559082,10.680000305175781,38810600
2023-03-07,9.752434730529785,11.050000190734863,11.3100004196167,10.920000076293945,10.989999771118164,39682500
2023-03-08,10.281977653503418,11.649999618530273,11.710000038146973,11.100000381469727,11.149999618530273,74476900
2023-03-09,10.220197677612305,11.579999923706055,11.829999923706055,11.529999732971191,11.600000381469727,51003900
2023-03-10,9.937775611877441,11.260000228881836,11.600000381469727,11.180000305175781,11.579999923706055,49231100
2023-03-13,10.017205238342285,11.350000381469727,11.460000038146973,10.930000305175781,11.130000114440918,49440600
2023-03-14,10.096638679504395,11.4399995803833,11.779999732971191,11.329999923706055,11.380000114440918,50264800
2023-03-15,10.184895515441895,11.539999961853027,11.699999809265137,11.130000114440918,11.300000190734863,50275800
2023-03-16,10.467317581176758,11.859999656677246,11.960000038146973,11.470000267028809,11.5,66584200
2023-03-17,9.973076820373535,11.300000190734863,11.699999809265137,11.289999961853027,11.640000343322754,80769000
2023-03-20,9.867168426513672,11.180000305175781,11.5,11.029999732971191,11.319999694824219,34346700
2023-03-21,9.858343124389648,11.170000076293945,11.4399995803833,11.140000343322754,11.140000343322754,42280200
2023-03-22,9.743608474731445,11.039999961853027,11.430000305175781,11.039999961853027,11.25,64613000
2023-03-23,9.196412086486816,10.420000076293945,11.140000343322754,10.270000457763672,11.0600004196167,83232200
2023-03-24,9.319975852966309,10.5600004196167,10.75,10.34000015258789,10.539999961853027,44383700
2023-03-27,9.346452713012695,10.59000015258789,10.84000015258789,10.5,10.5600004196167,69951100
2023-03-28,9.425880432128906,10.680000305175781,10.819999694824219,10.380000114440918,10.619999885559082,97342300
2023-03-29,9.34620189666748,10.529999732971191,10.720000267028809,10.220000267028809,10.699999809265137,65619500
2023-03-30,9.585850715637207,10.800000190734863,11.069999694824219,10.649999618530273,10.75,72194000
2023-03-31,9.186439514160156,10.350000381469727,10.850000381469727,10.130000114440918,10.8100004196167,107873700
2023-04-03,9.390582084655762,10.579999923706055,10.680000305175781,10.1899995803833,10.350000381469727,50036600
2023-04-04,9.612478256225586,10.829999923706055,10.960000038146973,10.670000076293945,10.710000038146973,36717700
2023-04-05,9.576973915100098,10.789999961853027,10.90999984741211,10.619999885559082,10.859999656677246,37293000
2023-04-06,9.497091293334961,10.699999809265137,10.949999809265137,10.630000114440918,10.850000381469727,29384200
2023-04-10,9.68348217010498,10.90999984741211,10.930000305175781,10.760000228881836,10.800000190734863,34926800
2023-04-11,10.322541236877441,11.630000114440918,11.65999984741211,11.010000228881836,11.0600004196167,69830300
2023-04-12,10.526681900024414,11.859999656677246,12.300000190734863,11.720000267028809,11.739999771118164,91951300
2023-04-13,10.420172691345215,11.739999771118164,11.829999923706055,11.329999923706055,11.800000190734863,43949700
2023-04-14,10.624319076538086,11.970000267028809,12.010000228881836,11.5,11.5600004196167,28644400
2023-04-17,10.668696403503418,12.020000457763672,12.079999923706055,11.880000114440918,12.0,28178600
2023-04-18,10.553311347961426,11.890000343322754,12.100000381469727,11.739999771118164,12.079999923706055,27824800
2023-04-19,10.287036895751953,11.59000015258789,11.829999923706055,11.520000457763672,11.729999542236328,39349300
2023-04-20,10.34916877746582,11.65999984741211,11.75,11.460000038146973,11.649999618530273,43532000
2023-04-24,10.437926292419434,11.760000228881836,11.979999542236328,11.529999732971191,11.729999542236328,36709200
2023-04-25,10.473427772521973,11.800000190734863,11.880000114440918,11.5,11.600000381469727,23753500
2023-04-26,9.985261917114258,11.25,11.819999694824219,11.210000038146973,11.800000190734863,43132700
2023-04-27,10.18940258026123,11.479999542236328,11.520000457763672,11.149999618530273,11.270000457763672,31864200
2023-04-28,10.366920471191406,11.680000305175781,11.770000457763672,11.350000381469727,11.5,34079100
2023-05-02,10.056266784667969,11.329999923706055,11.640000343322754,11.25,11.640000343322754,29412600
2023-05-03,10.21603012084961,11.510000228881836,11.640000343322754,11.279999732971191,11.300000190734863,24304700
2023-05-04,10.500053405761719,11.829999923706055,12.039999961853027,11.489999771118164,11.609999656677246,34923200
2023-05-05,11.085857391357422,12.489999771118164,12.6899995803833,11.960000038146973,11.960000038146973,55158000
2023-05-08,11.041479110717773,12.4399995803833,12.779999732971191,12.350000381469727,12.609999656677246,39099200
2023-05-09,11.147991180419922,12.5600004196167,12.720000267028809,12.300000190734863,12.369999885559082,29485100
2023-05-10,11.13911247253418,12.550000190734863,12.729999542236328,12.479999542236328,12.489999771118164,29982900
2023-05-11,11.343257904052734,12.779999732971191,12.84000015258789,12.359999656677246,12.4399995803833,41535400
2023-05-12,11.387638092041016,12.829999923706055,13.319999694824219,12.75,13.100000381469727,45257700
2023-05-15,11.53852367401123,13.0,13.09000015258789,12.770000457763672,12.90999984741211,26238500
2023-05-16,11.369882583618164,12.8100004196167,13.260000228881836,12.75,13.0,52790600
2023-05-17,11.822547912597656,13.319999694824219,13.420000076293945,12.920000076293945,12.949999809265137,75038500
2023-05-18,11.973435401916504,13.489999771118164,13.59000015258789,13.199999809265137,13.270000457763672,34511600
2023-05-19,12.035568237304688,13.5600004196167,13.829999923706055,13.350000381469727,13.600000381469727,58067000
2023-05-22,11.884679794311523,13.390000343322754,13.829999923706055,13.3100004196167,13.520000457763672,23668700
2023-05-23,11.72491455078125,13.210000038146973,13.520000457763672,13.039999961853027,13.470000267028809,59858100
2023-05-24,11.414263725280762,12.859999656677246,13.09000015258789,12.720000267028809,13.039999961853027,41907700
2023-05-25,11.698287010192871,13.180000305175781,13.539999961853027,12.970000267028809,13.130000114440918,61049000
2023-05-26,12.124324798583984,13.65999984741211,13.779999732971191,13.350000381469727,13.5,39033400
2023-05-29,12.008939743041992,13.529999732971191,13.710000038146973,13.449999809265137,13.649999618530273,13634900
2023-05-30,11.849176406860352,13.350000381469727,13.789999961853027,13.289999961853027,13.699999809265137,32065000
2023-05-31,11.822547912597656,13.319999694824219,13.579999923706055,13.130000114440918,13.369999885559082,70207400
2023-06-01,12.692375183105469,14.300000190734863,14.420000076293945,13.380000114440918,13.449999809265137,62415600
2023-06-02,12.798885345458984,14.420000076293945,14.6899995803833,14.260000228881836,14.5,44298200
2023-06-05,12.83438777923584,14.460000038146973,14.5600004196167,14.15999984741211,14.460000038146973,38760200
2023-06-06,12.790008544921875,14.40999984741211,14.699999809265137,14.260000228881836,14.510000228881836,57545900
2023-06-07,13.08290958404541,14.739999771118164,14.9399995803833,14.460000038146973,14.600000381469727,52360700
2023-06-09,13.047407150268555,14.699999809265137,15.229999542236328,14.6899995803833,14.949999809265137,34786500
2023-06-12,13.224924087524414,14.899999618530273,15.029999732971191,14.710000038146973,14.710000038146973,24345700
2023-06-13,12.967524528503418,14.609999656677246,14.930000305175781,14.479999542236328,14.90999984741211,39692100
2023-06-14,13.508949279785156,15.220000267028809,15.260000228881836,14.609999656677246,14.699999809265137,62913200
2023-06-15,13.056282997131348,14.710000038146973,15.34000015258789,14.670000076293945,15.140000343322754,53533200
2023-06-16,12.976399421691895,14.619999885559082,14.859999656677246,14.520000457763672,14.609999656677246,68342600
2023-06-19,13.136165618896484,14.800000190734863,14.84000015258789,14.5600004196167,14.609999656677246,42441300
2023-06-20,13.074033737182617,14.729999542236328,14.930000305175781,14.479999542236328,14.8100004196167,47421200
2023-06-21,12.99415111541748,14.640000343322754,14.8100004196167,14.529999732971191,14.699999809265137,30520800
2023-06-22,12.603617668151855,14.199999809265137,14.600000381469727,14.109999656677246,14.59000015258789,49202600
2023-06-23,12.807761192321777,14.430000305175781,14.539999961853027,14.020000457763672,14.100000381469727,31737600
2023-06-26,12.47048282623291,14.050000190734863,14.4399995803833,13.880000114440918,14.289999961853027,29644200
2023-06-27,12.479358673095703,14.0600004196167,14.319999694824219,13.729999542236328,14.199999809265137,35632400
2023-06-28,12.484148979187012,13.949999809265137,14.180000305175781,13.819999694824219,13.949999809265137,22922900
2023-06-29,13.101642608642578,14.640000343322754,14.779999732971191,13.979999542236328,13.979999542236328,42656500
2023-06-30,13.074795722961426,14.609999656677246,14.960000038146973,14.539999961853027,14.8100004196167,38902400
2023-07-03,13.361170768737793,14.930000305175781,14.979999542236328,14.649999618530273,14.649999618530273,22343500
2023-07-04,13.19113540649414,14.739999771118164,14.989999771118164,14.6899995803833,14.989999771118164,10252000
2023-07-05,13.182186126708984,14.729999542236328,15.0,14.59000015258789,14.729999542236328,39425800
2023-07-06,12.689979553222656,14.180000305175781,14.729999542236328,14.109999656677246,14.59000015258789,43151400
2023-07-07,12.851066589355469,14.359999656677246,14.579999923706055,14.0600004196167,14.199999809265137,47396100
2023-07-10,12.60048770904541,14.079999923706055,14.350000381469727,13.930000305175781,14.329999923706055,25239000
2023-07-11,12.466252326965332,13.930000305175781,14.079999923706055,13.539999961853027,13.989999771118164,32768300
2023-07-12,12.75262451171875,14.25,14.569999694824219,14.210000038146973,14.210000038146973,37836700
2023-07-13,13.030049324035645,14.5600004196167,14.729999542236328,14.25,14.25,25340200
2023-07-14,12.931608200073242,14.449999809265137,14.600000381469727,14.1899995803833,14.5,32317300
2023-07-17,13.056896209716797,14.59000015258789,14.649999618530273,14.140000343322754,14.260000228881836,16540300
2023-07-18,13.164288520812988,14.710000038146973,14.800000190734863,14.399999618530273,14.40999984741211,22752800
2023-07-19,13.065847396850586,14.600000381469727,14.760000228881836,14.460000038146973,14.75,22543400
2023-07-20,13.074795722961426,14.609999656677246,14.800000190734863,14.550000190734863,14.699999809265137,27346100
2023-07-21,13.575952529907227,15.170000076293945,15.329999923706055,14.640000343322754,14.710000038146973,36324700
2023-07-24,13.513309478759766,15.100000381469727,15.300000190734863,14.890000343322754,15.210000038146973,35365600
2023-07-25,13.414865493774414,14.989999771118164,15.520000457763672,14.880000114440918,15.430000305175781,33907800
2023-07-26,13.379068374633789,14.949999809265137,15.029999732971191,14.699999809265137,14.829999923706055,16803100
2023-07-27,13.065847396850586,14.600000381469727,15.1899995803833,14.539999961853027,15.0,18122100
2023-07-28,13.173236846923828,14.720000267028809,14.920000076293945,14.5600004196167,14.850000381469727,20678900
2023-07-31,13.33432388305664,14.899999618530273,15.149999618530273,14.8100004196167,14.819999694824219,20469500
2023-08-01,13.19113540649414,14.739999771118164,14.869999885559082,14.579999923706055,14.789999961853027,29131900
2023-08-02,13.21798324584961,14.770000457763672,14.869999885559082,14.460000038146973,14.739999771118164,14511700
2023-08-03,13.307476043701172,14.869999885559082,15.319999694824219,14.779999732971191,14.930000305175781,32157800
2023-08-04,13.164288520812988,14.710000038146973,15.069999694824219,14.609999656677246,14.699999809265137,18993900
2023-08-07,13.092695236206055,14.630000114440918,14.789999961853027,14.550000190734863,14.6899995803833,17176300
2023-08-08,12.967405319213867,14.489999771118164,14.649999618530273,14.239999771118164,14.449999809265137,25580600
2023-08-09,12.797369956970215,14.300000190734863,14.630000114440918,14.270000457763672,14.300000190734863,37477400
2023-08-10,12.770523071289062,14.270000457763672,14.489999771118164,14.15999984741211,14.329999923706055,31159500
2023-08-11,12.707878112792969,14.199999809265137,14.4399995803833,13.960000038146973,14.199999809265137,29388400
2023-08-14,12.627337455749512,14.109999656677246,14.229999542236328,13.920000076293945,14.119999885559082,30624900
2023-08-15,12.546794891357422,14.020000457763672,14.210000038146973,13.920000076293945,14.210000038146973,27479400
2023-08-16,12.35886001586914,13.8100004196167,14.149999618530273,13.760000228881836,14.050000190734863,25879800
2023-08-17,12.018789291381836,13.430000305175781,13.930000305175781,13.399999618530273,13.850000381469727,32134200
2023-08-18,12.224620819091797,13.65999984741211,13.8100004196167,13.289999961853027,13.390000343322754,25224400
2023-08-21,12.063535690307617,13.479999542236328,13.65999984741211,13.449999809265137,13.550000190734863,16772100
2023-08-22,12.403604507446289,13.859999656677246,13.869999885559082,13.539999961853027,13.630000114440918,20905700
2023-08-23,12.707878112792969,14.199999809265137,14.210000038146973,13.819999694824219,13.859999656677246,30804700
2023-08-24,12.251469612121582,13.6899995803833,14.140000343322754,13.619999885559082,14.09000015258789,30727700
2023-08-25,12.07248306274414,13.489999771118164,13.770000457763672,13.359999656677246,13.649999618530273,28332000
2023-08-28,12.108281135559082,13.529999732971191,13.640000343322754,13.369999885559082,13.529999732971191,25801600
2023-08-29,12.144079208374023,13.569999694824219,13.710000038146973,13.369999885559082,13.640000343322754,40507700
2023-08-30,11.830856323242188,13.220000267028809,13.640000343322754,13.170000076293945,13.59000015258789,30929000
2023-08-31,11.571330070495605,12.930000305175781,13.149999618530273,12.84000015258789,13.149999618530273,42215000
2023-09-01,11.616074562072754,12.979999542236328,13.100000381469727,12.640000343322754,12.859999656677246,52408300
2023-09-04,11.687667846679688,13.0600004196167,13.239999771118164,12.960000038146973,13.010000228881836,19274900
2023-09-05,11.428142547607422,12.770000457763672,13.0,12.699999809265137,12.960000038146973,34042400
2023-09-06,11.222310066223145,12.539999961853027,12.850000381469727,12.529999732971191,12.760000228881836,27071200
2023-09-08,11.222310066223145,12.539999961853027,12.619999885559082,12.359999656677246,12.470000267028809,31896700
2023-09-11,11.553430557250977,12.90999984741211,12.970000267028809,12.579999923706055,12.640000343322754,32550700
2023-09-12,11.77716064453125,13.15999984741211,13.239999771118164,12.84000015258789,12.920000076293945,29782800
2023-09-13,11.821906089782715,13.210000038146973,13.430000305175781,13.050000190734863,13.229999542236328,28936200
2023-09-14,11.902450561523438,13.300000190734863,13.380000114440918,13.0,13.210000038146973,27146800
2023-09-15,11.812957763671875,13.199999809265137,13.390000343322754,13.1899995803833,13.319999694824219,36593100
2023-09-18,11.705565452575684,13.079999923706055,13.34000015258789,13.020000457763672,13.279999732971191,15670500
2023-09-19,11.562378883361816,12.920000076293945,13.149999618530273,12.8100004196167,13.079999923706055,21640500
2023-09-20,11.750311851501465,13.130000114440918,13.350000381469727,12.970000267028809,12.970000267028809,30619100
2023-09-21,11.26705551147461,12.59000015258789,12.989999771118164,12.569999694824219,12.84000015258789,40628500
2023-09-22,11.127809524536133,12.329999923706055,12.630000114440918,12.319999694824219,12.539999961853027,29941600
2023-09-25,11.136835098266602,12.34000015258789,12.479999542236328,12.3100004196167,12.4399995803833,30433600
2023-09-26,10.893159866333008,12.069999694824219,12.319999694824219,11.989999771118164,12.199999809265137,51265700
2023-09-27,10.85705852508545,12.029999732971191,12.289999961853027,11.880000114440918,12.109999656677246,44300700
2023-09-28,11.019508361816406,12.210000038146973,12.260000228881836,11.970000267028809,12.0600004196167,31834700
2023-09-29,11.09170913696289,12.289999961853027,12.489999771118164,12.130000114440918,12.420000076293945,23002700
2023-10-02,10.829984664916992,12.0,12.270000457763672,11.850000381469727,12.180000305175781,26431000
2023-10-03,10.369709968566895,11.489999771118164,11.960000038146973,11.329999923706055,11.880000114440918,51682100
2023-10-04,10.703635215759277,11.859999656677246,11.890000343322754,11.510000228881836,11.619999885559082,32895300
2023-10-05,10.586309432983398,11.729999542236328,12.0,11.539999961853027,11.850000381469727,25192200
2023-10-06,10.685585975646973,11.84000015258789,11.930000305175781,11.399999618530273,11.510000228881836,52568200
2023-10-09,10.63143253326416,11.779999732971191,11.880000114440918,11.5600004196167,11.75,34445400
2023-10-10,10.875109672546387,12.050000190734863,12.170000076293945,11.789999961853027,11.789999961853027,43373800
2023-10-11,10.85705852508545,12.029999732971191,12.130000114440918,11.90999984741211,12.119999885559082,25967000
2023-10-13,10.468986511230469,11.600000381469727,11.9399995803833,11.550000190734863,11.9399995803833,31360700
2023-10-16,10.595335006713867,11.739999771118164,11.880000114440918,11.649999618530273,11.670000076293945,18822000
2023-10-17,10.171160697937012,11.270000457763672,11.609999656677246,11.199999809265137,11.5600004196167,78125700
2023-10-18,10.044811248779297,11.130000114440918,11.34000015258789,11.029999732971191,11.149999618530273,71398700
2023-10-19,9.927486419677734,11.0,11.289999961853027,10.989999771118164,11.199999809265137,45432400
2023-10-20,10.062860488891602,11.149999618530273,11.210000038146973,10.949999809265137,10.979999542236328,40978900
2023-10-23,10.207258224487305,11.3100004196167,11.420000076293945,11.010000228881836,11.0600004196167,29667800
2023-10-24,10.468986511230469,11.600000381469727,11.720000267028809,11.3100004196167,11.399999618530273,54908300
2023-10-25,10.414834022521973,11.539999961853027,11.829999923706055,11.489999771118164,11.539999961853027,71753900
2023-10-26,10.586309432983398,11.729999542236328,11.789999961853027,11.520000457763672,11.65999984741211,45057800
2023-10-27,10.107983589172363,11.199999809265137,11.75,11.140000343322754,11.699999809265137,39597000
2023-10-30,9.999685287475586,11.079999923706055,11.369999885559082,11.039999961853027,11.300000190734863,39671100
2023-10-31,10.017736434936523,11.100000381469727,11.289999961853027,11.020000457763672,11.100000381469727,37086000
2023-11-01,10.423858642578125,11.550000190734863,11.649999618530273,11.130000114440918,11.140000343322754,44636800
2023-11-03,11.019508361816406,12.210000038146973,12.3100004196167,11.829999923706055,11.850000381469727,66501900
2023-11-06,11.04658317565918,12.239999771118164,12.34000015258789,12.050000190734863,12.329999923706055,33391600
2023-11-07,11.245133399963379,12.460000038146973,12.680000305175781,12.170000076293945,12.279999732971191,48835200
2023-11-08,11.254157066345215,12.470000267028809,12.630000114440918,12.3100004196167,12.579999923706055,28362600
2023-11-09,11.154884338378906,12.359999656677246,12.6899995803833,12.279999732971191,12.59000015258789,25942900
2023-11-10,11.69638442993164,12.960000038146973,12.989999771118164,12.34000015258789,12.359999656677246,36346300
2023-11-13,11.218058586120605,12.430000305175781,12.569999694824219,12.279999732971191,12.550000190734863,42165300
2023-11-14,11.425634384155273,12.65999984741211,12.970000267028809,12.359999656677246,12.5,45235100
2023-11-16,11.660284042358398,12.920000076293945,13.029999732971191,12.569999694824219,12.65999984741211,39109300
2023-11-17,11.48880672454834,12.729999542236328,13.029999732971191,12.729999542236328,13.0,44472400
2023-11-20,11.831756591796875,13.109999656677246,13.220000267028809,12.779999732971191,12.829999923706055,23900400
2023-11-21,11.588082313537598,12.84000015258789,13.100000381469727,12.800000190734863,13.020000457763672,25672000
2023-11-22,11.750535011291504,13.020000457763672,13.289999961853027,12.960000038146973,13.100000381469727,33864800
2023-11-23,11.885907173156738,13.170000076293945,13.229999542236328,13.010000228881836,13.069999694824219,7965100
2023-11-24,11.660284042358398,12.920000076293945,13.149999618530273,12.850000381469727,13.149999618530273,20559200
2023-11-27,11.660284042358398,12.920000076293945,13.0600004196167,12.680000305175781,12.989999771118164,27004700
2023-11-28,11.93103313446045,13.220000267028809,13.420000076293945,12.850000381469727,12.890000343322754,35096600
2023-11-29,11.958108901977539,13.25,13.449999809265137,13.1899995803833,13.359999656677246,57656100
2023-11-30,12.003233909606934,13.300000190734863,13.449999809265137,13.069999694824219,13.390000343322754,43356300
2023-12-01,12.210806846618652,13.529999732971191,13.5600004196167,13.180000305175781,13.329999923706055,28188700
2023-12-04,12.219833374023438,13.539999961853027,13.640000343322754,13.399999618530273,13.449999809265137,45646100
2023-12-05,12.138607025146484,13.449999809265137,13.539999961853027,13.25,13.25,40133100
2023-12-06,11.940056800842285,13.229999542236328,13.600000381469727,13.149999618530273,13.550000190734863,41140900
2023-12-07,11.994208335876465,13.289999961853027,13.399999618530273,13.15999984741211,13.279999732971191,19636000
2023-12-08,12.219833374023438,13.539999961853027,13.720000267028809,13.170000076293945,13.289999961853027,31813900
2023-12-11,12.571808815002441,13.930000305175781,13.930000305175781,13.479999542236328,13.5,39856100
2023-12-12,12.49960708618164,13.850000381469727,14.0,13.800000190734863,14.0,44275900
2023-12-13,13.023056030273438,14.430000305175781,14.5600004196167,13.609999656677246,13.789999961853027,64190500
2023-12-14,13.384056091308594,14.829999923706055,15.130000114440918,14.550000190734863,14.600000381469727,69818600
2023-12-15,13.239656448364258,14.670000076293945,14.949999809265137,14.5,14.899999618530273,52175400
2023-12-18,13.302830696105957,14.739999771118164,14.949999809265137,14.609999656677246,14.65999984741211,22756700
2023-12-19,13.131357192993164,14.550000190734863,14.90999984741211,14.520000457763672,14.75,30892100
2023-12-20,12.788407325744629,14.170000076293945,14.649999618530273,14.15999984741211,14.510000228881836,34277600
2023-12-21,13.077205657958984,14.489999771118164,14.569999694824219,14.300000190734863,14.479999542236328,29293900
2023-12-22,13.095255851745605,14.510000228881836,14.649999618530273,14.380000114440918,14.489999771118164,28239600
2023-12-26,13.230630874633789,14.65999984741211,14.739999771118164,14.520000457763672,14.579999923706055,10881600
2023-12-27,13.158432960510254,14.579999923706055,14.729999542236328,14.470000267028809,14.609999656677246,16243800
2023-12-28,13.131357192993164,14.550000190734863,14.670000076293945,14.449999809265137,14.520000457763672,20491200
2024-01-02,12.877370834350586,14.170000076293945,14.399999618530273,14.020000457763672,14.3100004196167,30729000
2024-01-03,12.841018676757812,14.130000114440918,14.279999732971191,13.979999542236328,14.180000305175781,43928000
2024-01-04,12.46842098236084,13.720000267028809,14.119999885559082,13.670000076293945,14.109999656677246,41789500
2024-01-05,12.6956148147583,13.970000267028809,14.069999694824219,13.640000343322754,13.670000076293945,39303900
2024-01-08,12.977336883544922,14.279999732971191,14.3100004196167,13.850000381469727,13.859999656677246,27469900
2024-01-09,12.777405738830566,14.0600004196167,14.140000343322754,13.930000305175781,14.069999694824219,30342700
2024-01-10,12.650177001953125,13.920000076293945,14.180000305175781,13.899999618530273,14.050000190734863,20165800
2024-01-11,12.677437782287598,13.949999809265137,14.050000190734863,13.65999984741211,13.9399995803833,23289000
2024-01-12,12.813756942749023,14.100000381469727,14.239999771118164,13.960000038146973,14.0,24421600
2024-01-15,12.841018676757812,14.130000114440918,14.149999618530273,13.989999771118164,14.100000381469727,13922400
2024-01-16,12.704703330993652,13.979999542236328,14.170000076293945,13.899999618530273,14.0,36138100
2024-01-17,12.477506637573242,13.729999542236328,14.0,13.710000038146973,13.970000267028809,26273900
2024-01-18,12.58656120300293,13.850000381469727,13.9399995803833,13.699999809265137,13.869999885559082,30560300
2024-01-19,12.532035827636719,13.789999961853027,13.960000038146973,13.539999961853027,13.850000381469727,36625000
2024-01-22,12.250313758850098,13.479999542236328,13.850000381469727,13.369999885559082,13.789999961853027,22740300
2024-01-23,12.477506637573242,13.729999542236328,13.819999694824219,13.5,13.579999923706055,30925900
2024-01-24,12.38663101196289,13.630000114440918,14.039999961853027,13.630000114440918,13.930000305175781,20000600
2024-01-25,12.204876899719238,13.430000305175781,13.75,13.420000076293945,13.630000114440918,24605800
2024-01-26,12.014032363891602,13.220000267028809,13.420000076293945,13.180000305175781,13.239999771118164,36744500
2024-01-29,12.004944801330566,13.210000038146973,13.319999694824219,13.09000015258789,13.25,19832000
2024-01-30,11.814103126525879,13.0,13.260000228881836,12.930000305175781,13.260000228881836,31869100
2024-01-31,11.895892143249512,13.09000015258789,13.359999656677246,13.010000228881836,13.020000457763672,29470800
2024-02-01,12.07764720916748,13.289999961853027,13.289999961853027,12.979999542236328,13.109999656677246,38297200
2024-02-02,11.968592643737793,13.170000076293945,13.369999885559082,12.979999542236328,13.260000228881836,52712700
2024-02-05,11.877714157104492,13.069999694824219,13.260000228881836,12.960000038146973,13.170000076293945,23037300
2024-02-06,12.004944801330566,13.210000038146973,13.380000114440918,13.079999923706055,13.100000381469727,39654300
2024-02-07,12.204876899719238,13.430000305175781,13.430000305175781,13.039999961853027,13.210000038146973,31385600
2024-02-08,11.95950698852539,13.15999984741211,13.5,13.119999885559082,13.489999771118164,30911000
2024-02-09,12.032209396362305,13.239999771118164,13.329999923706055,13.069999694824219,13.109999656677246,76235100
2024-02-14,11.686874389648438,12.859999656677246,13.1899995803833,12.829999923706055,13.100000381469727,37596000
2024-02-15,11.532380104064941,12.6899995803833,12.970000267028809,12.65999984741211,12.970000267028809,44655800
2024-02-16,11.568730354309082,12.729999542236328,12.789999961853027,12.600000381469727,12.75,66965300
2024-02-19,11.532380104064941,12.6899995803833,12.770000457763672,12.569999694824219,12.710000038146973,14486700
2024-02-20,11.759575843811035,12.9399995803833,12.989999771118164,12.609999656677246,12.609999656677246,47432000
2024-02-21,11.641432762145996,12.8100004196167,12.9399995803833,12.739999771118164,12.899999618530273,36621400
2024-02-22,11.496028900146484,12.649999618530273,12.930000305175781,12.640000343322754,12.930000305175781,27702400
2024-02-23,11.314274787902832,12.449999809265137,12.729999542236328,12.109999656677246,12.609999656677246,62080800
2024-02-26,11.341536521911621,12.479999542236328,12.579999923706055,12.430000305175781,12.449999809265137,31223700
2024-02-27,11.586907386779785,12.75,12.8100004196167,12.569999694824219,12.670000076293945,42297000
2024-02-28,11.492718696594238,12.579999923706055,12.649999618530273,12.369999885559082,12.59000015258789,25756200
2024-02-29,11.721110343933105,12.829999923706055,12.890000343322754,12.489999771118164,12.5600004196167,68497700
2024-03-01,11.34654712677002,12.420000076293945,12.760000228881836,12.420000076293945,12.520000457763672,69636300
2024-03-04,11.236918449401855,12.300000190734863,12.4399995803833,12.260000228881836,12.420000076293945,32530100
2024-03-05,11.136425018310547,12.1899995803833,12.40999984741211,12.109999656677246,12.390000343322754,41616100
2024-03-06,11.191239356994629,12.25,12.359999656677246,12.140000343322754,12.279999732971191,64366000
2024-03-07,11.255188941955566,12.319999694824219,12.399999618530273,12.109999656677246,12.239999771118164,43360500
2024-03-08,11.383088111877441,12.460000038146973,12.569999694824219,12.180000305175781,12.229999542236328,62540000
2024-03-11,11.492718696594238,12.579999923706055,12.720000267028809,12.359999656677246,12.359999656677246,34745900
2024-03-12,11.71197509765625,12.819999694824219,12.899999618530273,12.640000343322754,12.739999771118164,44590800
2024-03-13,11.657160758972168,12.760000228881836,12.960000038146973,12.729999542236328,12.739999771118164,32177000
2024-03-14,11.428768157958984,12.510000228881836,12.760000228881836,12.40999984741211,12.710000038146973,39623100
2024-03-15,11.264326095581055,12.329999923706055,12.59000015258789,12.3100004196167,12.470000267028809,46402500
2024-03-18,11.291733741760254,12.359999656677246,12.489999771118164,12.239999771118164,12.369999885559082,17929500
2024-03-19,11.246054649353027,12.3100004196167,12.460000038146973,12.180000305175781,12.399999618530273,21266300
2024-03-20,11.648024559020996,12.75,12.829999923706055,12.279999732971191,12.3100004196167,30160800
2024-03-21,11.328274726867676,12.399999618530273,12.779999732971191,12.399999618530273,12.770000457763672,34768100
2024-03-22,10.962848663330078,12.0,12.329999923706055,12.0,12.239999771118164,60130400
2024-03-25,10.871490478515625,11.899999618530273,12.109999656677246,11.899999618530273,11.979999542236328,43172300
2024-03-26,10.871490478515625,11.899999618530273,12.079999923706055,11.829999923706055,11.899999618530273,54494400
2024-03-27,11.029736518859863,12.020000457763672,12.020000457763672,11.779999732971191,11.819999694824219,22829000
2024-03-28,11.002206802368164,11.989999771118164,12.130000114440918,11.930000305175781,11.979999542236328,20303900
2024-04-01,10.800333023071289,11.770000457763672,12.109999656677246,11.729999542236328,12.0600004196167,48653200
2024-04-02,10.763626098632812,11.729999542236328,11.850000381469727,11.619999885559082,11.819999694824219,61624700
2024-04-03,10.736098289489746,11.699999809265137,11.779999732971191,11.510000228881836,11.760000228881836,61062600
2024-04-04,10.974678039550781,11.960000038146973,12.239999771118164,11.90999984741211,11.989999771118164,72579200
2024-04-05,11.011384010314941,12.0,12.199999809265137,11.90999984741211,12.130000114440918,45683100
2024-04-08,11.1306734085083,12.130000114440918,12.199999809265137,12.0,12.149999618530273,33474500
2024-04-09,11.369255065917969,12.390000343322754,12.40999984741211,11.979999542236328,12.130000114440918,37588600
2024-04-10,10.974678039550781,11.960000038146973,12.319999694824219,11.899999618530273,12.289999961853027,50523500
2024-04-11,10.993030548095703,11.979999542236328,12.0600004196167,11.829999923706055,11.9399995803833,37532200
2024-04-12,10.745274543762207,11.710000038146973,11.989999771118164,11.710000038146973,11.90999984741211,38489000
2024-04-15,10.534222602844238,11.479999542236328,11.770000457763672,11.34000015258789,11.720000267028809,51176300
2024-04-16,10.396580696105957,11.329999923706055,11.460000038146973,11.149999618530273,11.34000015258789,49107500
2024-04-17,10.313995361328125,11.239999771118164,11.489999771118164,11.140000343322754,11.369999885559082,48295800
2024-04-18,10.222234725952148,11.140000343322754,11.380000114440918,11.050000190734863,11.199999809265137,39453700
2024-04-19,10.258939743041992,11.180000305175781,11.329999923706055,11.119999885559082,11.140000343322754,39339300
2024-04-22,10.341524124145508,11.270000457763672,11.34000015258789,11.170000076293945,11.199999809265137,31325900
2024-04-23,10.17635440826416,11.09000015258789,11.239999771118164,11.039999961853027,11.149999618530273,44050500
2024-04-24,10.038711547851562,10.9399995803833,11.100000381469727,10.890000343322754,11.079999923706055,45024900
2024-04-25,9.937774658203125,10.829999923706055,10.9399995803833,10.75,10.90999984741211,32548600
2024-04-26,10.295642852783203,11.220000267028809,11.270000457763672,10.869999885559082,10.970000267028809,60635700
2024-04-29,10.222234725952148,11.140000343322754,11.3100004196167,11.09000015258789,11.199999809265137,43235700
2024-04-30,9.901068687438965,10.789999961853027,11.079999923706055,10.569999694824219,11.079999923706055,84850200
2024-05-02,10.148824691772461,11.0600004196167,11.119999885559082,10.800000190734863,10.979999542236328,45228600
2024-05-03,10.451637268066406,11.390000343322754,11.609999656677246,11.25,11.34000015258789,90899800
2024-05-06,10.561751365661621,11.510000228881836,11.579999923706055,11.34000015258789,11.359999656677246,42966900
2024-05-07,10.625984191894531,11.579999923706055,11.770000457763672,11.579999923706055,11.729999542236328,34889000
2024-05-08,10.708569526672363,11.670000076293945,11.710000038146973,11.470000267028809,11.520000457763672,31077900
2024-05-09,10.286466598510742,11.210000038146973,11.510000228881836,11.079999923706055,11.460000038146973,68966400
2024-05-10,10.038711547851562,10.9399995803833,11.4399995803833,10.920000076293945,11.149999618530273,118753800
2024-05-13,10.304818153381348,11.229999542236328,11.289999961853027,10.920000076293945,10.949999809265137,77187400
2024-05-14,10.525046348571777,11.470000267028809,11.600000381469727,11.289999961853027,11.300000190734863,67138300
2024-05-15,10.561751365661621,11.510000228881836,11.720000267028809,11.470000267028809,11.5,41176000
2024-05-16,10.625984191894531,11.579999923706055,11.670000076293945,11.449999809265137,11.600000381469727,32593500
2024-05-17,10.479166030883789,11.420000076293945,11.609999656677246,11.3100004196167,11.520000457763672,40678300
2024-05-20,10.48834228515625,11.430000305175781,11.5,11.170000076293945,11.270000457763672,44273000
2024-05-21,10.469989776611328,11.40999984741211,11.5,11.279999732971191,11.279999732971191,33561200
2024-05-22,10.148824691772461,11.0600004196167,11.380000114440918,11.050000190734863,11.289999961853027,57305300
2024-05-23,10.194705963134766,11.109999656677246,11.260000228881836,10.930000305175781,11.050000190734863,54028500
2024-05-24,10.222234725952148,11.140000343322754,11.220000267028809,11.010000228881836,11.079999923706055,26333100
2024-05-27,10.185530662536621,11.100000381469727,11.239999771118164,11.020000457763672,11.149999618530273,14463100
2024-05-28,10.158000946044922,11.069999694824219,11.260000228881836,11.029999732971191,11.210000038146973,39515600
2024-05-29,9.983654022216797,10.880000114440918,11.140000343322754,10.850000381469727,10.989999771118164,61738900
2024-05-31,9.818482398986816,10.699999809265137,10.880000114440918,10.699999809265137,10.880000114440918,74029300
2024-06-03,9.809307098388672,10.6899995803833,10.850000381469727,10.65999984741211,10.739999771118164,38467100
2024-06-04,9.827659606933594,10.710000038146973,10.819999694824219,10.640000343322754,10.699999809265137,23975600
2024-06-05,9.85518741607666,10.739999771118164,10.8100004196167,10.649999618530273,10.710000038146973,33540500
2024-06-06,10.167177200317383,11.079999923706055,11.149999618530273,10.720000267028809,10.739999771118164,37945300
2024-06-07,9.864364624023438,10.75,10.989999771118164,10.729999542236328,10.899999618530273,29214600
2024-06-10,9.625783920288086,10.489999771118164,10.770000457763672,10.489999771118164,10.75,31506500
2024-06-11,9.680842399597168,10.550000190734863,10.649999618530273,10.5,10.579999923706055,46968400
2024-06-12,9.543198585510254,10.399999618530273,10.729999542236328,10.270000457763672,10.699999809265137,53011400
2024-06-13,9.249560356140137,10.079999923706055,10.390000343322754,10.050000190734863,10.3100004196167,80030000
2024-06-14,9.515670776367188,10.369999885559082,10.420000076293945,10.050000190734863,10.100000381469727,33385900
2024-06-17,9.690017700195312,10.5600004196167,10.569999694824219,10.289999961853027,10.300000190734863,36269600
2024-06-18,9.735898971557617,10.609999656677246,10.710000038146973,10.460000038146973,10.5,39203100
2024-06-19,9.676769256591797,10.460000038146973,10.539999961853027,10.289999961853027,10.4399995803833,31571600
2024-06-20,9.547252655029297,10.319999694824219,10.649999618530273,10.300000190734863,10.609999656677246,35005600
2024-06-21,9.612011909484863,10.390000343322754,10.4399995803833,10.279999732971191,10.329999923706055,52259900
2024-06-24,9.723027229309082,10.510000228881836,10.670000076293945,10.380000114440918,10.470000267028809,25130500
2024-06-25,9.547252655029297,10.319999694824219,10.479999542236328,10.279999732971191,10.470000267028809,33772800
2024-06-26,9.454740524291992,10.220000267028809,10.279999732971191,10.069999694824219,10.140000343322754,47855200
2024-06-27,9.62126350402832,10.399999618530273,10.430000305175781,10.1899995803833,10.229999542236328,24010200
2024-06-28,9.473243713378906,10.239999771118164,10.430000305175781,10.140000343322754,10.390000343322754,25537700
2024-07-01,9.686022758483887,10.470000267028809,10.520000457763672,10.1899995803833,10.229999542236328,48451600
2024-07-02,9.667520523071289,10.449999809265137,10.550000190734863,10.40999984741211,10.489999771118164,44061200
2024-07-03,9.649016380310059,10.430000305175781,10.630000114440918,10.420000076293945,10.59000015258789,53846200
2024-07-04,9.787785530090332,10.579999923706055,10.649999618530273,10.460000038146973,10.489999771118164,42220000
2024-07-05,9.732277870178223,10.520000457763672,10.640000343322754,10.399999618530273,10.640000343322754,24797300
2024-07-08,9.889548301696777,10.6899995803833,10.760000228881836,10.430000305175781,10.430000305175781,45874000
2024-07-09,9.824790000915527,10.619999885559082,10.739999771118164,10.5600004196167,10.680000305175781,23203400
2024-07-10,9.926551818847656,10.729999542236328,10.729999542236328,10.630000114440918,10.699999809265137,44543000
2024-07-11,10.2225923538208,11.050000190734863,11.109999656677246,10.729999542236328,10.84000015258789,60570000
2024-07-12,10.648147583007812,11.510000228881836,11.520000457763672,11.029999732971191,11.050000190734863,69549900
2024-07-15,10.601893424987793,11.460000038146973,11.5600004196167,11.430000305175781,11.5,25362600
2024-07-16,10.620394706726074,11.479999542236328,11.6899995803833,11.449999809265137,11.449999809265137,27642600
2024-07-17,10.629645347595215,11.489999771118164,11.5600004196167,11.399999618530273,11.510000228881836,32806900
2024-07-18,10.333605766296387,11.170000076293945,11.510000228881836,11.130000114440918,11.420000076293945,46897800
2024-07-19,10.333605766296387,11.170000076293945,11.359999656677246,11.149999618530273,11.220000267028809,25877800
2024-07-22,10.444621086120605,11.289999961853027,11.4399995803833,11.130000114440918,11.180000305175781,17799800
2024-07-23,10.342859268188477,11.180000305175781,11.319999694824219,11.170000076293945,11.289999961853027,20302200
2024-07-24,10.204089164733887,11.029999732971191,11.15999984741211,11.029999732971191,11.109999656677246,18716400
2024-07-25,10.083823204040527,10.899999618530273,11.0600004196167,10.819999694824219,10.970000267028809,16615700
2024-07-26,10.13007926940918,10.949999809265137,11.039999961853027,10.8100004196167,10.880000114440918,19124000
2024-07-29,10.037567138671875,10.850000381469727,10.979999542236328,10.819999694824219,10.949999809265137,16649600
2024-07-30,9.954305648803711,10.760000228881836,10.84000015258789,10.680000305175781,10.779999732971191,21917500
2024-07-31,10.037567138671875,10.850000381469727,10.859999656677246,10.670000076293945,10.779999732971191,32559100
2024-08-01,10.056070327758789,10.869999885559082,11.260000228881836,10.770000457763672,10.869999885559082,46829600
2024-08-02,10.046820640563965,10.859999656677246,11.079999923706055,10.760000228881836,10.899999618530273,51921800
2024-08-05,10.046820640563965,10.859999656677246,10.869999885559082,10.430000305175781,10.470000267028809,39632900
2024-08-06,10.07457447052002,10.890000343322754,11.069999694824219,10.609999656677246,10.979999542236328,31887700
2024-08-07,10.305853843688965,11.140000343322754,11.170000076293945,10.920000076293945,10.979999542236328,26401800
2024-08-08,10.500129699707031,11.350000381469727,11.359999656677246,11.09000015258789,11.149999618530273,25036600
2024-08-09,11.11996078491211,12.020000457763672,12.130000114440918,11.609999656677246,11.710000038146973,57161200
2024-08-12,11.286482810974121,12.199999809265137,12.289999961853027,12.039999961853027,12.09000015258789,43079700
2024-08-13,11.693535804748535,12.640000343322754,12.640000343322754,12.239999771118164,12.289999961853027,42332500
2024-08-14,11.749042510986328,12.699999809265137,12.800000190734863,12.520000457763672,12.649999618530273,44443400
2024-08-15,11.758295059204102,12.710000038146973,12.829999923706055,12.609999656677246,12.699999809265137,25924400
2024-08-16,11.554766654968262,12.489999771118164,12.920000076293945,12.40999984741211,12.800000190734863,32001400
2024-08-19,11.832303047180176,12.789999961853027,12.90999984741211,12.550000190734863,12.609999656677246,31024400
2024-08-20,11.934064865112305,12.899999618530273,13.020000457763672,12.760000228881836,12.770000457763672,47554300
2024-08-21,11.989574432373047,12.960000038146973,12.960000038146973,12.829999923706055,12.960000038146973,55896700
2024-08-22,11.601024627685547,12.539999961853027,12.960000038146973,12.5,12.890000343322754,43486300
2024-08-23,11.786048889160156,12.739999771118164,12.850000381469727,12.539999961853027,12.649999618530273,58243700
2024-08-26,11.841554641723633,12.800000190734863,12.850000381469727,12.699999809265137,12.800000190734863,29501300
2024-08-27,11.70278549194336,12.649999618530273,12.829999923706055,12.619999885559082,12.800000190734863,39600600
2024-08-28,11.749042510986328,12.699999809265137,12.760000228881836,12.5600004196167,12.569999694824219,30210200
2024-08-29,11.601024627685547,12.539999961853027,12.670000076293945,12.430000305175781,12.600000381469727,39235500
2024-08-30,11.73054027557373,12.680000305175781,12.699999809265137,12.369999885559082,12.430000305175781,118454800
2024-09-02,11.499259948730469,12.430000305175781,12.640000343322754,12.369999885559082,12.59000015258789,15680500
2024-09-03,11.240226745605469,12.149999618530273,12.520000457763672,12.119999885559082,12.449999809265137,38221000
2024-09-04,11.610273361206055,12.550000190734863,12.770000457763672,12.119999885559082,12.119999885559082,44741500
2024-09-05,11.647279739379883,12.59000015258789,12.600000381469727,12.430000305175781,12.529999732971191,18944700
2024-09-06,11.31423568725586,12.229999542236328,12.550000190734863,12.220000267028809,12.510000228881836,27784200
2024-09-09,11.37899398803711,12.300000190734863,12.329999923706055,12.210000038146973,12.229999542236328,13782900
2024-09-10,11.508509635925293,12.4399995803833,12.460000038146973,12.170000076293945,12.220000267028809,70072700
2024-09-11,11.221722602844238,12.130000114440918,12.25,11.84000015258789,12.1899995803833,62897400
2024-09-12,11.147714614868164,12.050000190734863,12.279999732971191,11.9399995803833,12.149999618530273,47159100
2024-09-13,11.221722602844238,12.130000114440918,12.380000114440918,12.09000015258789,12.149999618530273,64866300
2024-09-16,11.249475479125977,12.15999984741211,12.239999771118164,12.100000381469727,12.199999809265137,24753700
2024-09-17,11.341989517211914,12.260000228881836,12.260000228881836,12.029999732971191,12.130000114440918,18077800
2024-09-18,11.221722602844238,12.130000114440918,12.380000114440918,12.09000015258789,12.180000305175781,42205300
2024-09-19,11.101458549499512,12.0,12.260000228881836,12.0,12.220000267028809,51993800
2024-09-20,10.731410026550293,11.600000381469727,12.0600004196167,11.569999694824219,12.0,55541400
2024-09-23,10.361359596252441,11.199999809265137,11.550000190734863,11.1899995803833,11.550000190734863,58376700
2024-09-24,10.40761661529541,11.25,11.420000076293945,11.170000076293945,11.359999656677246,84784300
2024-09-25,10.067667007446289,10.789999961853027,11.25,10.729999542236328,11.180000305175781,117931300
2024-09-26,10.123652458190918,10.850000381469727,10.970000267028809,10.760000228881836,10.859999656677246,167073900
2024-09-27,10.011683464050293,10.729999542236328,10.949999809265137,10.680000305175781,10.84000015258789,64574600
2024-09-30,9.993022918701172,10.710000038146973,10.800000190734863,10.59000015258789,10.680000305175781,60955500
2024-10-01,9.993022918701172,10.710000038146973,10.930000305175781,10.710000038146973,10.859999656677246,38491000
2024-10-02,10.207627296447754,10.9399995803833,10.979999542236328,10.779999732971191,10.899999618530273,61962200
2024-10-03,10.002354621887207,10.720000267028809,10.84000015258789,10.670000076293945,10.789999961853027,41875600
2024-10-04,10.030345916748047,10.75,10.760000228881836,10.649999618530273,10.699999809265137,42988300
2024-10-07,9.843734741210938,10.550000190734863,10.8100004196167,10.460000038146973,10.800000190734863,50239800
2024-10-08,9.983692169189453,10.699999809265137,10.779999732971191,10.630000114440918,10.65999984741211,46497200
2024-10-09,9.965031623840332,10.680000305175781,10.739999771118164,10.579999923706055,10.609999656677246,45895200
2024-10-10,10.030345916748047,10.75,10.829999923706055,10.699999809265137,10.710000038146973,37701700
2024-10-11,9.97436237335205,10.6899995803833,10.75,10.539999961853027,10.720000267028809,25480900
2024-10-14,10.151642799377441,10.880000114440918,10.979999542236328,10.65999984741211,10.6899995803833,35854800
2024-10-15,10.114320755004883,10.84000015258789,11.0,10.789999961853027,10.899999618530273,30199500
2024-10-16,10.244948387145996,10.979999542236328,11.010000228881836,10.75,10.850000381469727,41240600
2024-10-17,10.002354621887207,10.720000267028809,10.880000114440918,10.630000114440918,10.84000015258789,23156000
2024-10-18,9.937039375305176,10.649999618530273,10.819999694824219,10.59000015258789,10.779999732971191,30999400
2024-10-21,10.123652458190918,10.850000381469727,10.850000381469727,10.670000076293945,10.670000076293945,26633900
2024-10-22,9.899718284606934,10.609999656677246,10.8100004196167,10.550000190734863,10.739999771118164,29304400
2024-10-23,9.909048080444336,10.619999885559082,10.619999885559082,10.460000038146973,10.520000457763672,39674300
2024-10-24,10.05833625793457,10.779999732971191,10.779999732971191,10.510000228881836,10.619999885559082,34038300
2024-10-25,9.993022918701172,10.710000038146973,10.800000190734863,10.630000114440918,10.75,26411000
2024-10-28,10.16097354888916,10.890000343322754,10.949999809265137,10.770000457763672,10.779999732971191,29203800
2024-10-29,10.10499095916748,10.829999923706055,10.920000076293945,10.770000457763672,10.880000114440918,26229700
2024-10-30,10.05833625793457,10.779999732971191,10.869999885559082,10.720000267028809,10.850000381469727,26539600
2024-10-31,9.909048080444336,10.619999885559082,10.75,10.569999694824219,10.739999771118164,28075100
2024-11-01,9.722437858581543,10.420000076293945,10.649999618530273,10.329999923706055,10.649999618530273,33123200
2024-11-04,10.13298225402832,10.859999656677246,10.880000114440918,10.510000228881836,10.529999732971191,39785000
2024-11-05,10.235618591308594,10.970000267028809,10.979999542236328,10.619999885559082,10.720000267028809,28896400
2024-11-06,9.937039375305176,10.649999618530273,10.760000228881836,10.529999732971191,10.710000038146973,37995800
2024-11-07,9.993022918701172,10.710000038146973,11.010000228881836,10.489999771118164,10.600000381469727,55293600
2024-11-08,9.619800567626953,10.3100004196167,10.550000190734863,10.210000038146973,10.479999542236328,58652500
2024-11-11,9.479843139648438,10.15999984741211,10.270000457763672,10.069999694824219,10.25,66155900
2024-11-12,9.619800567626953,10.3100004196167,10.350000381469727,10.069999694824219,10.149999618530273,55851700
2024-11-13,9.545156478881836,10.229999542236328,10.359999656677246,10.079999923706055,10.329999923706055,73712300
2024-11-14,9.582479476928711,10.270000457763672,10.319999694824219,10.079999923706055,10.1899995803833,86415300
2024-11-18,9.330554008483887,10.0,10.180000305175781,9.9399995803833,10.130000114440918,88368100
2024-11-19,9.349215507507324,10.020000457763672,10.09000015258789,9.970000267028809,10.010000228881836,53425300
2024-11-21,9.162605285644531,9.819999694824219,9.920000076293945,9.800000190734863,9.890000343322754,67659300
2024-11-22,9.349215507507324,10.020000457763672,10.020000457763672,9.829999923706055,9.960000038146973,59138800
2024-11-25,9.461182594299316,10.140000343322754,10.1899995803833,9.970000267028809,10.039999961853027,85622700
2024-11-26,9.498504638671875,10.180000305175781,10.25,10.029999732971191,10.1899995803833,52418300
2024-11-27,9.106620788574219,9.760000228881836,10.1899995803833,9.760000228881836,10.130000114440918,57603000
2024-11-28,8.537456512451172,9.149999618530273,9.819999694824219,9.149999618530273,9.770000457763672,65340600
2024-11-29,8.640092849731445,9.260000228881836,9.34000015258789,8.989999771118164,9.199999809265137,81908200
2024-12-02,8.742729187011719,9.369999885559082,9.420000076293945,9.140000343322754,9.199999809265137,78340300
2024-12-03,8.826705932617188,9.460000038146973,9.489999771118164,9.3100004196167,9.399999618530273,39449100
2024-12-04,8.929340362548828,9.569999694824219,9.640000343322754,9.399999618530273,9.40999984741211,35039100
2024-12-05,9.125282287597656,9.779999732971191,9.850000381469727,9.670000076293945,9.710000038146973,54294600
2024-12-06,9.265242576599121,9.930000305175781,10.199999809265137,9.800000190734863,9.890000343322754,128262700
2024-12-09,9.330554008483887,10.0,10.109999656677246,9.899999618530273,9.920000076293945,61349800
2024-12-10,9.479843139648438,10.15999984741211,10.15999984741211,9.970000267028809,10.100000381469727,73907300
2024-12-11,9.694446563720703,10.390000343322754,10.619999885559082,10.039999961853027,10.149999618530273,90179100
2024-12-12,9.591809272766113,10.279999732971191,10.350000381469727,10.100000381469727,10.260000228881836,97737700
2024-12-13,9.535825729370117,10.220000267028809,10.470000267028809,10.170000076293945,10.25,149204900
2024-12-16,9.442520141601562,10.119999885559082,10.5,10.100000381469727,10.289999961853027,89670800
2024-12-17,9.442520141601562,10.119999885559082,10.289999961853027,10.0,10.119999885559082,67956300
2024-12-18,9.199925422668457,9.859999656677246,10.0600004196167,9.789999961853027,10.010000228881836,83174900
2024-12-19,9.311893463134766,9.979999542236328,10.109999656677246,9.800000190734863,9.869999885559082,58258000
2024-12-20,9.582479476928711,10.270000457763672,10.359999656677246,9.9399995803833,9.979999542236328,63902800
2024-12-23,9.573148727416992,10.260000228881836,10.359999656677246,10.140000343322754,10.15999984741211,37011700
2024-12-26,9.638461112976074,10.329999923706055,10.399999618530273,10.15999984741211,10.1899995803833,30737700
2024-12-27,9.66645336151123,10.359999656677246,10.5,10.34000015258789,10.399999618530273,44639700
2024-12-30,9.629130363464355,10.319999694824219,10.399999618530273,10.220000267028809,10.350000381469727,38408700
2025-01-02,9.57658576965332,10.199999809265137,10.329999923706055,10.149999618530273,10.319999694824219,29510200
2025-01-03,9.482697486877441,10.100000381469727,10.279999732971191,10.039999961853027,10.15999984741211,42817300
2025-01-06,9.745585441589355,10.380000114440918,10.4399995803833,10.15999984741211,10.25,39587600
2025-01-07,9.679862976074219,10.3100004196167,10.5600004196167,10.279999732971191,10.420000076293945,60452900
2025-01-08,9.6704740524292,10.300000190734863,10.359999656677246,10.210000038146973,10.229999542236328,38515300
2025-01-09,9.57658576965332,10.199999809265137,10.300000190734863,9.9399995803833,10.210000038146973,54212100
2025-01-10,9.201033592224121,9.800000190734863,10.1899995803833,9.800000190734863,10.15999984741211,36793100
2025-01-13,9.191645622253418,9.789999961853027,9.890000343322754,9.729999542236328,9.8100004196167,30436900
2025-01-14,9.238590240478516,9.84000015258789,9.930000305175781,9.710000038146973,9.789999961853027,39132200
2025-01-15,9.858251571655273,10.5,10.510000228881836,9.930000305175781,9.970000267028809,53092400
2025-01-16,9.642308235168457,10.270000457763672,10.479999542236328,10.180000305175781,10.460000038146973,26640800
2025-01-17,9.71741771697998,10.350000381469727,10.420000076293945,10.180000305175781,10.289999961853027,30748300
2025-01-20,9.689250946044922,10.319999694824219,10.460000038146973,10.199999809265137,10.199999809265137,11418100
2025-01-21,9.736196517944336,10.369999885559082,10.479999542236328,10.199999809265137,10.329999923706055,25403800
2025-01-22,9.792529106140137,10.430000305175781,10.5,10.329999923706055,10.479999542236328,47319900
2025-01-23,9.71741771697998,10.350000381469727,10.5,10.289999961853027,10.430000305175781,36718200
2025-01-24,9.736196517944336,10.369999885559082,10.399999618530273,10.260000228881836,10.350000381469727,45091300
2025-01-27,9.914584159851074,10.5600004196167,10.5600004196167,10.289999961853027,10.34000015258789,52771300
2025-01-28,9.905195236206055,10.550000190734863,10.609999656677246,10.430000305175781,10.5600004196167,45701800
2025-01-29,9.905195236206055,10.550000190734863,10.619999885559082,10.5,10.609999656677246,43636900
2025-01-30,10.412191390991211,11.09000015258789,11.170000076293945,10.5600004196167,10.5600004196167,98412200
2025-01-31,10.506078720092773,11.1899995803833,11.3100004196167,11.039999961853027,11.09000015258789,60632400
2025-02-03,10.477911949157715,11.15999984741211,11.380000114440918,11.069999694824219,11.199999809265137,42468600
2025-02-04,10.393412590026855,11.069999694824219,11.25,11.010000228881836,11.180000305175781,40751400
2025-02-05,10.318303108215332,10.989999771118164,11.09000015258789,10.890000343322754,11.079999923706055,36082500
2025-02-06,10.534245491027832,11.220000267028809,11.260000228881836,10.920000076293945,10.9399995803833,26547400
2025-02-07,10.290136337280273,10.960000038146973,11.260000228881836,10.90999984741211,11.210000038146973,34977500
2025-02-10,10.42158031463623,11.100000381469727,11.180000305175781,10.979999542236328,11.079999923706055,25229800
2025-02-11,10.49669075012207,11.180000305175781,11.329999923706055,11.109999656677246,11.199999809265137,29425200
2025-02-12,10.365246772766113,11.039999961853027,11.109999656677246,10.90999984741211,11.010000228881836,43189900
2025-02-13,10.48730182647705,11.170000076293945,11.239999771118164,10.979999542236328,10.989999771118164,21988200
2025-02-14,10.881631851196289,11.59000015258789,11.649999618530273,11.270000457763672,11.300000190734863,46583100
2025-02-17,10.87224292755127,11.579999923706055,11.710000038146973,11.510000228881836,11.649999618530273,36112100
2025-02-18,10.815910339355469,11.520000457763672,11.729999542236328,11.399999618530273,11.59000015258789,58285600
2025-02-19,10.675077438354492,11.369999885559082,11.4399995803833,11.25,11.399999618530273,38104400
2025-02-20,10.599966049194336,11.289999961853027,11.430000305175781,11.15999984741211,11.369999885559082,44076800
2025-02-21,10.534245491027832,11.220000267028809,11.300000190734863,10.9399995803833,11.039999961853027,94029400
2025-02-24,10.177470207214355,10.84000015258789,11.25,10.800000190734863,11.229999542236328,58518400
2025-02-25,10.139914512634277,10.800000190734863,10.9399995803833,10.729999542236328,10.880000114440918,76158600
2025-02-26,9.98969554901123,10.640000343322754,10.869999885559082,10.609999656677246,10.850000381469727,40355500
2025-02-27,10.046026229858398,10.699999809265137,10.869999885559082,10.630000114440918,10.640000343322754,32846300
2025-02-28,9.764363288879395,10.399999618530273,10.670000076293945,10.34000015258789,10.619999885559082,57805500
2025-03-05,9.8864164352417,10.529999732971191,10.579999923706055,10.170000076293945,10.229999542236328,46942500
2025-03-06,9.98969554901123,10.640000343322754,10.6899995803833,10.4399995803833,10.5,39802700
2025-03-07,10.046026229858398,10.699999809265137,10.84000015258789,10.520000457763672,10.600000381469727,41638200
2025-03-10,9.830084800720215,10.470000267028809,10.59000015258789,10.369999885559082,10.550000190734863,33483600
2025-03-11,9.764363288879395,10.399999618530273,10.510000228881836,10.34000015258789,10.489999771118164,26354600
2025-03-12,9.858251571655273,10.5,10.520000457763672,10.350000381469727,10.399999618530273,39894000
2025-03-13,10.891020774841309,11.600000381469727,11.630000114440918,10.930000305175781,10.979999542236328,111595000
2025-03-14,12.08339786529541,12.869999885559082,12.899999618530273,11.699999809265137,11.729999542236328,126026800
2025-03-17,11.660901069641113,12.420000076293945,12.869999885559082,12.40999984741211,12.869999885559082,89758000
2025-03-18,11.304128646850586,12.039999961853027,12.40999984741211,11.90999984741211,12.380000114440918,112067000
2025-03-19,11.59518051147461,12.350000381469727,12.4399995803833,12.0,12.180000305175781,41690500
2025-03-20,11.642123222351074,12.399999618530273,12.489999771118164,12.239999771118164,12.300000190734863,42754900
2025-03-21,11.792346954345703,12.5600004196167,12.569999694824219,12.329999923706055,12.520000457763672,46789800
2025-03-24,11.642123222351074,12.399999618530273,12.5600004196167,12.319999694824219,12.5600004196167,40560200
2025-03-25,11.632736206054688,12.390000343322754,12.600000381469727,12.3100004196167,12.470000267028809,25375500
2025-03-26,11.682588577270508,12.380000114440918,12.609999656677246,12.319999694824219,12.399999618530273,22029800
2025-03-27,11.692024230957031,12.390000343322754,12.479999542236328,12.3100004196167,12.40999984741211,27455400
2025-03-28,11.550474166870117,12.239999771118164,12.449999809265137,12.069999694824219,12.300000190734863,20197500
2025-03-31,11.456109046936035,12.140000343322754,12.289999961853027,12.0,12.140000343322754,29378400
2025-04-01,11.569348335266113,12.260000228881836,12.34000015258789,11.989999771118164,12.010000228881836,22267700
2025-04-02,11.720335006713867,12.420000076293945,12.4399995803833,12.1899995803833,12.270000457763672,20422100
2025-04-03,12.012870788574219,12.729999542236328,12.869999885559082,12.359999656677246,12.359999656677246,57239000
2025-04-04,11.371177673339844,12.050000190734863,12.5,12.039999961853027,12.420000076293945,38448800
2025-04-07,11.276811599731445,11.949999809265137,12.25,11.619999885559082,11.859999656677246,50560500
2025-04-08,11.078640937805176,11.739999771118164,12.170000076293945,11.649999618530273,12.020000457763672,35507800
2025-04-09,11.484418869018555,12.170000076293945,12.25,11.600000381469727,11.619999885559082,71372100
2025-04-10,11.191882133483887,11.859999656677246,12.170000076293945,11.75,12.15999984741211,37053200
2025-04-11,11.267373085021973,11.9399995803833,12.0,11.710000038146973,11.949999809265137,46094000
2025-04-14,11.484418869018555,12.170000076293945,12.25,11.9399995803833,12.229999542236328,35402500
2025-04-15,11.569348335266113,12.260000228881836,12.350000381469727,12.0600004196167,12.079999923706055,30452400
2025-04-16,11.380615234375,12.0600004196167,12.220000267028809,12.0,12.149999618530273,48582300
2025-04-17,11.493855476379395,12.180000305175781,12.25,11.960000038146973,12.010000228881836,16597800
2025-04-22,11.720335006713867,12.420000076293945,12.489999771118164,12.09000015258789,12.100000381469727,24950100
2025-04-23,11.937376976013184,12.649999618530273,12.84000015258789,12.529999732971191,12.529999732971191,34484400
2025-04-24,12.522452354431152,13.270000457763672,13.300000190734863,12.680000305175781,12.699999809265137,57242400
2025-04-25,12.635690689086914,13.390000343322754,13.4399995803833,13.039999961853027,13.109999656677246,37617800
2025-04-28,12.664000511169434,13.420000076293945,13.680000305175781,13.359999656677246,13.430000305175781,34401500
2025-04-29,12.484704971313477,13.229999542236328,13.59000015258789,13.229999542236328,13.319999694824219,46192900
2025-04-30,12.730057716369629,13.489999771118164,13.489999771118164,13.130000114440918,13.180000305175781,60556100
2025-05-02,12.560197830200195,13.3100004196167,13.479999542236328,13.260000228881836,13.40999984741211,35156600
2025-05-05,12.46583080291748,13.210000038146973,13.329999923706055,13.149999618530273,13.300000190734863,21723000
2025-05-06,12.418647766113281,13.15999984741211,13.220000267028809,13.069999694824219,13.199999809265137,38505300
2025-05-07,12.409210205078125,13.149999618530273,13.25,12.949999809265137,13.239999771118164,32650800
2025-05-08,13.447243690490723,14.25,14.529999732971191,13.460000038146973,13.479999542236328,206214600
2025-05-09,13.711470603942871,14.529999732971191,14.619999885559082,14.199999809265137,14.300000190734863,87134400
2025-05-12,13.551047325134277,14.359999656677246,14.59000015258789,14.260000228881836,14.510000228881836,71564100
2025-05-13,14.107810020446777,14.949999809265137,15.010000228881836,14.649999618530273,14.710000038146973,58164100
2025-05-14,13.82470989227295,14.649999618530273,15.109999656677246,14.479999542236328,14.890000343322754,47283900
2025-05-15,13.93795108795166,14.770000457763672,14.869999885559082,14.539999961853027,14.640000343322754,43622900
2025-05-16,13.93795108795166,14.770000457763672,14.899999618530273,14.609999656677246,14.640000343322754,24313700
2025-05-19,13.985133171081543,14.819999694824219,14.859999656677246,14.65999984741211,14.770000457763672,20967500
2025-05-20,14.107810020446777,14.949999809265137,14.949999809265137,14.649999618530273,14.829999923706055,23985800
2025-05-21,13.683161735534668,14.5,14.899999618530273,14.449999809265137,14.869999885559082,39859700
2025-05-22,13.532174110412598,14.34000015258789,14.619999885559082,14.210000038146973,14.569999694824219,42796000
2025-05-23,13.579358100891113,14.390000343322754,14.390000343322754,13.829999923706055,14.0600004196167,32278300
2025-05-26,13.522737503051758,14.329999923706055,14.470000267028809,14.199999809265137,14.470000267028809,12763500
2025-05-27,13.569920539855957,14.380000114440918,14.609999656677246,14.380000114440918,14.609999656677246,30670400
2025-05-28,13.494426727294922,14.300000190734863,14.4399995803833,14.149999618530273,14.390000343322754,31459400
2025-05-29,13.305693626403809,14.100000381469727,14.239999771118164,13.899999618530273,14.100000381469727,48897400
2025-05-30,13.164144515991211,13.949999809265137,14.1899995803833,13.760000228881836,14.149999618530273,82246300
2025-06-02,12.937664031982422,13.710000038146973,14.170000076293945,13.539999961853027,14.15999984741211,45794000
2025-06-03,13.381187438964844,14.180000305175781,14.1899995803833,13.649999618530273,13.649999618530273,44178300
2025-06-04,13.164144515991211,13.949999809265137,14.170000076293945,13.880000114440918,13.899999618530273,32415100
2025-06-05,12.814986228942871,13.579999923706055,13.949999809265137,13.5,13.819999694824219,44559500
2025-06-06,12.805550575256348,13.569999694824219,13.65999984741211,13.529999732971191,13.529999732971191,24936300
2025-06-09,12.418647766113281,13.15999984741211,13.369999885559082,13.069999694824219,13.199999809265137,80451800
2025-06-10,12.399773597717285,13.140000343322754,13.399999618530273,13.050000190734863,13.300000190734863,32255300
2025-06-11,12.494140625,13.239999771118164,13.430000305175781,12.899999618530273,13.069999694824219,61925500
2025-06-12,12.248786926269531,12.979999542236328,13.09000015258789,12.800000190734863,12.869999885559082,66355600
2025-06-13,12.314845085144043,13.050000190734863,13.100000381469727,12.699999809265137,12.75,52654600
2025-06-16,12.71118450164795,13.470000267028809,13.619999885559082,13.279999732971191,13.300000190734863,31235100
2025-06-17,12.767804145812988,13.529999732971191,13.630000114440918,13.449999809265137,13.59000015258789,29313700
2025-06-18,13.013157844543457,13.789999961853027,13.800000190734863,13.449999809265137,13.489999771118164,55485100
2025-06-20,12.852733612060547,13.619999885559082,13.699999809265137,13.4399995803833,13.600000381469727,52205800
2025-06-23,12.645126342773438,13.399999618530273,13.630000114440918,13.279999732971191,13.619999885559082,32994200
2025-06-24,12.828080177307129,13.520000457763672,13.680000305175781,13.359999656677246,13.479999542236328,23573800
2025-06-25,12.913473129272461,13.609999656677246,13.670000076293945,13.399999618530273,13.40999984741211,20218100
2025-06-26,13.378396034240723,14.100000381469727,14.199999809265137,13.600000381469727,13.720000267028809,33383200
2025-06-27,13.39737319946289,14.119999885559082,14.25,13.949999809265137,13.979999542236328,20422900
2025-06-30,13.833830833435059,14.579999923706055,14.600000381469727,14.039999961853027,14.0600004196167,34139300
2025-07-01,13.757926940917969,14.5,14.729999542236328,14.369999885559082,14.630000114440918,29418200
2025-07-02,13.710485458374023,14.449999809265137,14.65999984741211,14.1899995803833,14.489999771118164,43698400
2025-07-03,13.871783256530762,14.619999885559082,14.829999923706055,14.460000038146973,14.470000267028809,28673500
2025-07-04,13.95717716217041,14.710000038146973,14.850000381469727,14.510000228881836,14.510000228881836,7653900
2025-07-07,13.900248527526855,14.649999618530273,14.789999961853027,14.550000190734863,14.739999771118164,60133400
2025-07-08,13.8433198928833,14.59000015258789,14.640000343322754,14.430000305175781,14.609999656677246,32968400
2025-07-09,13.738947868347168,14.479999542236328,14.550000190734863,14.329999923706055,14.489999771118164,43324400
2025-07-10,13.36890983581543,14.09000015258789,14.300000190734863,13.84000015258789,14.270000457763672,54593600
2025-07-11,13.027332305908203,13.729999542236328,14.050000190734863,13.520000457763672,13.989999771118164,24753200
2025-07-14,12.913473129272461,13.609999656677246,13.670000076293945,13.40999984741211,13.670000076293945,16998500
2025-07-15,13.027332305908203,13.729999542236328,13.850000381469727,13.489999771118164,13.739999771118164,28427600
2025-07-16,12.97989273071289,13.680000305175781,13.8100004196167,13.569999694824219,13.770000457763672,21195700
2025-07-17,13.036820411682129,13.739999771118164,13.75,13.539999961853027,13.680000305175781,19252700
2025-07-18,12.306227684020996,12.970000267028809,13.569999694824219,12.949999809265137,13.390000343322754,110000600
2025-07-21,12.429574012756348,13.100000381469727,13.199999809265137,12.970000267028809,13.050000190734863,27833400
2025-07-22,12.401108741760254,13.069999694824219,13.239999771118164,13.029999732971191,13.149999618530273,17304600
2025-07-23,12.704732894897461,13.390000343322754,13.5,13.0600004196167,13.069999694824219,20683700
2025-07-24,12.4485502243042,13.119999885559082,13.25,13.050000190734863,13.220000267028809,20520300
2025-07-25,12.401108741760254,13.069999694824219,13.220000267028809,13.0600004196167,13.0600004196167,20299900
2025-07-28,12.050044059753418,12.699999809265137,13.1899995803833,12.579999923706055,13.140000343322754,22762200
2025-07-29,12.05953311920166,12.710000038146973,12.800000190734863,12.59000015258789,12.699999809265137,17195600
2025-07-30,12.09748649597168,12.75,12.869999885559082,12.520000457763672,12.59000015258789,22210300
2025-07-31,11.936186790466309,12.579999923706055,12.75,12.489999771118164,12.550000190734863,24010500
2025-08-01,11.945673942565918,12.59000015258789,12.90999984741211,12.420000076293945,12.710000038146973,22196200
2025-08-04,12.0310697555542,12.680000305175781,12.90999984741211,12.609999656677246,12.800000190734863,29274800
2025-08-05,11.936186790466309,12.579999923706055,12.8100004196167,12.5600004196167,12.710000038146973,16600500
2025-08-06,12.069023132324219,12.720000267028809,12.84000015258789,12.569999694824219,12.739999771118164,21662300
2025-08-07,12.249298095703125,12.90999984741211,12.989999771118164,12.600000381469727,12.699999809265137,43471800
2025-08-08,12.220833778381348,12.880000114440918,13.0600004196167,12.770000457763672,12.899999618530273,30494500
2025-08-11,12.106973648071289,12.760000228881836,12.9399995803833,12.670000076293945,12.930000305175781,21690500
2025-08-12,12.002603530883789,12.649999618530273,12.930000305175781,12.630000114440918,12.760000228881836,34054800
2025-08-13,12.050044059753418,12.699999809265137,12.779999732971191,12.569999694824219,12.640000343322754,34558200
2025-08-14,12.192368507385254,12.850000381469727,13.149999618530273,12.579999923706055,12.579999923706055,25411600
2025-08-15,12.477014541625977,13.149999618530273,13.15999984741211,12.770000457763672,12.770000457763672,25879800
2025-08-18,12.486503601074219,13.15999984741211,13.380000114440918,13.140000343322754,13.149999618530273,17580500
2025-08-19,11.888745307922363,12.529999732971191,13.079999923706055,12.479999542236328,13.050000190734863,37944900
2025-08-20,11.698981285095215,12.329999923706055,12.569999694824219,12.220000267028809,12.529999732971191,45171200
2025-08-21,11.623074531555176,12.25,12.390000343322754,12.119999885559082,12.149999618530273,26879900
2025-08-22,11.917210578918457,12.5600004196167,12.680000305175781,12.270000457763672,12.350000381469727,34681400
2025-08-25,11.907722473144531,12.550000190734863,12.779999732971191,12.510000228881836,12.600000381469727,21521500
2025-08-26,11.803350448608398,12.4399995803833,12.569999694824219,12.380000114440918,12.550000190734863,18756700
2025-08-27,12.021580696105957,12.670000076293945,12.670000076293945,12.390000343322754,12.449999809265137,23148600
2025-08-28,12.36315631866455,13.029999732971191,13.300000190734863,12.670000076293945,12.779999732971191,44836800
2025-08-29,12.315714836120605,12.979999542236328,13.270000457763672,12.970000267028809,13.180000305175781,27571700
2025-09-01,12.315714836120605,12.979999542236328,13.170000076293945,12.890000343322754,12.949999809265137,13726300
2025-09-02,12.09748649597168,12.75,12.90999984741211,12.630000114440918,12.819999694824219,15369600
2025-09-03,12.287250518798828,12.949999809265137,13.140000343322754,12.649999618530273,12.739999771118164,28385800
2025-09-04,12.420085906982422,13.09000015258789,13.15999984741211,12.920000076293945,12.960000038146973,19819200
2025-09-05,12.695244789123535,13.380000114440918,13.640000343322754,13.319999694824219,13.329999923706055,24940400
2025-09-08,12.46752643585205,13.140000343322754,13.430000305175781,13.109999656677246,13.380000114440918,16580600
2025-09-09,12.3441801071167,13.010000228881836,13.210000038146973,12.970000267028809,13.119999885559082,17176500
2025-09-10,12.306227684020996,12.970000267028809,13.239999771118164,12.949999809265137,12.960000038146973,27909700
2025-09-11,12.4485502243042,13.119999885559082,13.329999923706055,12.989999771118164,13.079999923706055,28319200
2025-09-12,12.287250518798828,12.949999809265137,13.15999984741211,12.880000114440918,13.0,25530500
2025-09-15,12.68575668334961,13.369999885559082,13.550000190734863,13.029999732971191,13.09000015258789,29161000
2025-09-16,12.790125846862793,13.479999542236328,13.529999732971191,13.380000114440918,13.460000038146973,19723200
2025-09-17,13.017844200134277,13.720000267028809,14.039999961853027,13.430000305175781,13.449999809265137,39739900
2025-09-18,13.027332305908203,13.729999542236328,13.770000457763672,13.550000190734863,13.649999618530273,33594400
2025-09-19,12.96091365814209,13.65999984741211,13.960000038146973,13.65999984741211,13.729999542236328,41804900
2025-09-22,12.809103012084961,13.5,13.670000076293945,13.359999656677246,13.59000015258789,52882400
2025-09-23,12.657291412353516,13.34000015258789,13.619999885559082,13.3100004196167,13.539999961853027,41427400
2025-09-24,12.56976318359375,13.170000076293945,13.34000015258789,13.09000015258789,13.34000015258789,37274300
2025-09-25,12.359789848327637,12.949999809265137,13.1899995803833,12.890000343322754,13.140000343322754,33539200
2025-09-26,12.617484092712402,13.220000267028809,13.289999961853027,12.930000305175781,13.010000228881836,37061500
2025-09-29,12.789280891418457,13.399999618530273,13.5600004196167,13.3100004196167,13.399999618530273,27585100
2025-09-30,12.789280891418457,13.399999618530273,13.569999694824219,13.260000228881836,13.539999961853027,31215100
2025-10-01,12.493409156799316,13.09000015258789,13.5600004196167,13.09000015258789,13.550000190734863,32626800
2025-10-02,12.254802703857422,12.84000015258789,13.180000305175781,12.84000015258789,13.0600004196167,28021800
2025-10-03,12.168905258178711,12.75,12.930000305175781,12.6899995803833,12.850000381469727,14804900
2025-10-06,12.063919067382812,12.640000343322754,12.829999923706055,12.579999923706055,12.779999732971191,13687600
2025-10-07,11.682148933410645,12.239999771118164,12.579999923706055,12.15999984741211,12.520000457763672,33534000
2025-10-08,12.083006858825684,12.65999984741211,12.6899995803833,12.260000228881836,12.279999732971191,43464100
2025-10-09,12.20708179473877,12.789999961853027,13.039999961853027,12.670000076293945,12.670000076293945,28855700
2025-10-10,12.025741577148438,12.600000381469727,12.880000114440918,12.4399995803833,12.850000381469727,27120300
2025-10-13,12.130728721618652,12.710000038146973,12.8100004196167,12.640000343322754,12.770000457763672,19134300
2025-10-14,11.978020668029785,12.550000190734863,12.729999542236328,12.520000457763672,12.65999984741211,21740700
2025-10-15,12.063919067382812,12.640000343322754,12.880000114440918,12.329999923706055,12.380000114440918,44926600
2025-10-16,12.025741577148438,12.600000381469727,12.729999542236328,12.420000076293945,12.569999694824219,33516100
2025-10-17,11.987565040588379,12.5600004196167,12.710000038146973,12.5,12.550000190734863,38344100
2025-10-20,12.083006858825684,12.65999984741211,12.800000190734863,12.539999961853027,12.640000343322754,19391000
2025-10-21,11.768047332763672,12.329999923706055,12.630000114440918,12.329999923706055,12.600000381469727,17862400
2025-10-22,11.88257884979248,12.449999809265137,12.630000114440918,12.300000190734863,12.399999618530273,42120000
2025-10-23,12.016197204589844,12.59000015258789,12.6899995803833,12.460000038146973,12.550000190734863,25108500
2025-10-24,11.930298805236816,12.5,12.979999542236328,12.5,12.770000457763672,26019700
2025-10-27,11.958931922912598,12.529999732971191,12.779999732971191,12.479999542236328,12.630000114440918,15181600
2025-10-28,12.054373741149902,12.630000114440918,12.760000228881836,12.449999809265137,12.489999771118164,20963800
2025-10-29,12.063919067382812,12.640000343322754,12.789999961853027,12.550000190734863,12.699999809265137,20173700
2025-10-30,12.025741577148438,12.600000381469727,12.75,12.40999984741211,12.5,14072300
2025-10-31,12.083006858825684,12.65999984741211,12.760000228881836,12.640000343322754,12.729999542236328,17872900
2025-11-03,12.254802703857422,12.84000015258789,12.9399995803833,12.680000305175781,12.789999961853027,27192300
2025-11-04,12.254802703857422,12.84000015258789,12.90999984741211,12.550000190734863,12.800000190734863,38086200
2025-11-05,12.598396301269531,13.199999809265137,13.25,12.789999961853027,12.84000015258789,32733700
2025-11-06,12.50295352935791,13.100000381469727,13.25,13.029999732971191,13.25,33002800
2025-11-07,12.388422966003418,12.979999542236328,13.149999618530273,12.930000305175781,13.079999923706055,21686600
2025-11-10,12.522042274475098,13.119999885559082,13.119999885559082,12.880000114440918,13.029999732971191,37328100
2025-11-11,12.913355827331543,13.529999732971191,13.649999618530273,13.170000076293945,13.229999542236328,66621000
2025-11-12,13.476466178894043,14.119999885559082,14.220000267028809,13.579999923706055,13.619999885559082,73999300
2025-11-13,13.810515403747559,14.470000267028809,14.5600004196167,14.050000190734863,14.0600004196167,66538000
2025-11-14,13.781881332397461,14.4399995803833,14.600000381469727,14.329999923706055,14.449999809265137,34127600
2025-11-17,13.514642715454102,14.15999984741211,14.579999923706055,14.020000457763672,14.380000114440918,39319600
2025-11-18,13.409656524658203,14.050000190734863,14.289999961853027,13.989999771118164,14.069999694824219,56692100
2025-11-19,13.218770980834961,13.850000381469727,14.0600004196167,13.779999732971191,14.050000190734863,34599400
2025-11-21,13.256948471069336,13.890000343322754,13.890000343322754,13.59000015258789,13.8100004196167,28389800
2025-11-24,13.342845916748047,13.979999542236328,14.100000381469727,13.850000381469727,13.880000114440918,39046200
2025-11-25,13.524187088012695,14.170000076293945,14.220000267028809,13.899999618530273,13.970000267028809,21263100
2025-11-26,14.039575576782227,14.710000038146973,14.720000267028809,14.15999984741211,14.170000076293945,35623400
2025-11-27,14.058663368225098,14.729999542236328,14.779999732971191,14.539999961853027,14.609999656677246,30241300
2025-11-28,14.278182029724121,14.960000038146973,15.109999656677246,14.720000267028809,14.720000267028809,31855300
2025-12-01,14.211373329162598,14.890000343322754,15.050000190734863,14.779999732971191,14.9399995803833,25552400
2025-12-02,14.411802291870117,15.100000381469727,15.170000076293945,14.699999809265137,14.90999984741211,56471500
2025-12-03,14.11592960357666,14.789999961853027,15.220000267028809,14.720000267028809,15.199999809265137,33323800
2025-12-04,14.335448265075684,15.020000457763672,15.140000343322754,14.84000015258789,14.890000343322754,41656800
2025-12-05,13.371479988098145,14.010000228881836,15.079999923706055,13.84000015258789,15.020000457763672,63305600
2025-12-08,13.69598388671875,14.350000381469727,14.5,14.079999923706055,14.119999885559082,42127300
2025-12-09,13.476466178894043,14.119999885559082,14.239999771118164,13.890000343322754,14.130000114440918,29507300
2025-12-10,13.56236457824707,14.210000038146973,14.319999694824219,14.010000228881836,14.170000076293945,23459000
2025-12-11,13.648262023925781,14.300000190734863,14.550000190734863,14.0600004196167,14.140000343322754,23197900
2025-12-12,13.676894187927246,14.329999923706055,14.65999984741211,14.229999542236328,14.369999885559082,30560500
2025-12-15,13.753249168395996,14.40999984741211,14.609999656677246,14.40999984741211,14.539999961853027,38100400
2025-12-16,13.094696044921875,13.720000267028809,14.300000190734863,13.670000076293945,14.300000190734863,60275300
2025-12-17,12.646117210388184,13.25,13.720000267028809,13.069999694824219,13.699999809265137,132381000
2025-12-18,12.693839073181152,13.300000190734863,13.399999618530273,13.130000114440918,13.15999984741211,38525400
2025-12-19,12.77973747253418,13.390000343322754,13.449999809265137,13.210000038146973,13.220000267028809,39377400
2025-12-22,12.63657283782959,13.239999771118164,13.449999809265137,13.1899995803833,13.390000343322754,25118500
2025-12-23,12.913355827331543,13.529999732971191,13.630000114440918,13.239999771118164,13.279999732971191,26819000
2025-12-26,13.094696044921875,13.720000267028809,13.829999923706055,13.40999984741211,13.529999732971191,24322100
2025-12-29,13.161505699157715,13.789999961853027,13.829999923706055,13.59000015258789,13.59000015258789,24699600
2025-12-30,13.256948471069336,13.890000343322754,14.039999961853027,13.819999694824219,13.829999923706055,24758000
2026-01-02,13.178906440734863,13.430000305175781,13.720000267028809,13.350000381469727,13.59000015258789,25030000
2026-01-05,13.689183235168457,13.949999809265137,14.039999961853027,13.489999771118164,13.5,26006500
2026-01-06,14.228900909423828,14.5,14.569999694824219,14.020000457763672,14.050000190734863,31323200
2026-01-07,14.01301383972168,14.279999732971191,14.609999656677246,14.100000381469727,14.489999771118164,28359300
2026-01-08,14.111144065856934,14.380000114440918,14.430000305175781,14.119999885559082,14.359999656677246,74915400
2026-01-09,14.189648628234863,14.460000038146973,14.8100004196167,14.350000381469727,14.399999618530273,51883500
2026-01-12,14.219087600708008,14.489999771118164,14.640000343322754,14.289999961853027,14.4399995803833,30178100
2026-01-13,14.04245376586914,14.3100004196167,14.449999809265137,14.229999542236328,14.359999656677246,26056900
2026-01-14,14.454599380493164,14.729999542236328,14.779999732971191,14.3100004196167,14.420000076293945,43356400
2026-01-15,14.837308883666992,15.119999885559082,15.199999809265137,14.630000114440918,14.789999961853027,51505100
2026-01-16,14.95506477355957,15.239999771118164,15.3100004196167,15.0,15.0,46183300
2026-01-19,14.817683219909668,15.100000381469727,15.270000457763672,14.930000305175781,15.180000305175781,17187300
2026-01-20,14.395722389221191,14.670000076293945,15.220000267028809,14.4399995803833,15.0600004196167,126606100
2026-01-21,15.210204124450684,15.5,15.65999984741211,14.859999656677246,15.0,81358100
2026-01-22,15.327960014343262,15.619999885559082,15.989999771118164,15.289999961853027,15.600000381469727,56650300
2026-01-23,15.524221420288086,15.819999694824219,16.139999389648438,15.329999923706055,15.65999984741211,46608800
2026-01-26,15.386838912963867,15.680000305175781,15.90999984741211,15.350000381469727,15.869999885559082,41590300
2026-01-27,15.857864379882812,16.15999984741211,16.25,15.789999961853027,15.850000381469727,53356200
2026-01-28,16.20132064819336,16.510000228881836,16.600000381469727,16.059999465942383,16.239999771118164,48570900
2026-01-29,16.36814308166504,16.68000030517578,16.81999969482422,16.219999313354492,16.68000030517578,118557100
2026-01-30,15.848050117492676,16.149999618530273,16.899999618530273,16.040000915527344,16.68000030517578,55423600
2026-02-02,16.044313430786133,16.350000381469727,16.610000610351562,16.239999771118164,16.260000228881836,35903500
2026-02-03,16.14244270324707,16.450000762939453,16.780000686645508,16.25,16.59000015258789,42608900
2026-02-04,15.4751558303833,15.770000457763672,16.440000534057617,15.649999618530273,16.31999969482422,35678700
2026-02-05,15.955994606018066,16.260000228881836,16.280000686645508,15.829999923706055,15.899999618530273,53976900
2026-02-06,16.721412658691406,17.040000915527344,17.09000015258789,16.3799991607666,16.450000762939453,62490400
2026-02-09,17.29056739807129,17.6200008392334,17.700000762939453,16.920000076293945,17.049999237060547,24451100
2026-02-10,17.123746871948242,17.450000762939453,17.6299991607666,17.079999923706055,17.31999969482422,55278200
2026-02-11,16.966737747192383,17.290000915527344,17.68000030517578,17.139999389648438,17.600000381469727,46555200
2026-02-12,17.035429000854492,17.360000610351562,17.489999771118164,17.110000610351562,17.190000534057617,39912500
2026-02-13,17.133556365966797,17.459999084472656,17.610000610351562,17.079999923706055,17.18000030517578,38407300
2026-02-18,17.2807559967041,17.610000610351562,17.75,17.459999084472656,17.479999542236328,38351500
2026-02-19,17.418136596679688,17.75,17.950000762939453,17.489999771118164,17.600000381469727,33377000
2026-02-20,17.741966247558594,18.079999923706055,18.190000534057617,17.450000762939453,17.540000915527344,28265400
2026-02-23,17.526081085205078,17.860000610351562,17.979999542236328,17.65999984741211,17.850000381469727,33070600
2026-02-24,17.879348754882812,18.219999313354492,18.31999969482422,17.799999237060547,17.8700008392334,33547600
2026-02-25,17.800844192504883,18.139999389648438,18.540000915527344,18.06999969482422,18.219999313354492,29596100
2026-02-26,17.614397048950195,17.950000762939453,18.360000610351562,17.84000015258789,18.149999618530273,24570400
2026-02-27,17.565330505371094,17.899999618530273,18.360000610351562,17.829999923706055,18.049999237060547,50947300
2026-03-02,18.144302368164062,18.489999771118164,18.6299991607666,17.489999771118164,17.56999969482422,33357000
2026-03-03,17.212064743041992,17.540000915527344,17.8700008392334,17.1299991607666,17.760000228881836,70126200
2026-03-04,17.820472717285156,18.15999984741211,18.280000686645508,17.739999771118164,17.899999618530273,36341300
2026-03-05,17.231689453125,17.559999465942383,18.270000457763672,17.43000030517578,18.149999618530273,71248600
2026-03-06,16.91767120361328,17.239999771118164,17.5,16.8799991607666,17.450000762939453,38256800
2026-03-09,16.99617576599121,17.31999969482422,17.540000915527344,16.579999923706055,17.239999771118164,37855700
2026-03-10,17.771406173706055,18.110000610351562,18.579999923706055,17.3700008392334,17.59000015258789,53328400
2026-03-11,17.653650283813477,17.989999771118164,18.420000076293945,17.799999237060547,17.899999618530273,23407700
2026-03-12,16.81954002380371,17.139999389648438,17.790000915527344,17.0,17.790000915527344,42337300
2026-03-13,16.564401626586914,16.8799991607666,17.600000381469727,16.850000381469727,17.34000015258789,19622000
2026-03-16,17.025615692138672,17.350000381469727,17.600000381469727,17.110000610351562,17.549999237060547,23771800
2026-03-17,17.27094268798828,17.600000381469727,18.100000381469727,17.219999313354492,17.270000457763672,30507800
2026-03-18,16.799917221069336,17.1200008392334,17.579999923706055,17.110000610351562,17.260000228881836,23216900
2026-03-19,16.603654861450195,16.920000076293945,17.149999618530273,16.3799991607666,16.59000015258789,59021100
2026-03-20,15.88730525970459,16.190000534057617,16.770000457763672,15.949999809265137,16.700000762939453,46586300
2026-03-23,16.937297821044922,17.260000228881836,17.43000030517578,16.65999984741211,16.770000457763672,38247900
2026-03-24,17.0550537109375,17.3799991607666,17.3799991607666,16.860000610351562,16.969999313354492,21699800
2026-03-25,17.663463592529297,18.0,18.309999465942383,17.780000686645508,17.850000381469727,44334400
2026-03-26,17.437763214111328,17.770000457763672,18.25,17.579999923706055,17.68000030517578,23557400
2026-03-27,16.88823127746582,17.209999084472656,17.81999969482422,17.209999084472656,17.610000610351562,42461100
2026-03-30,16.721412658691406,17.040000915527344,17.600000381469727,16.899999618530273,17.440000534057617,38391500
2026-03-31,18.05598258972168,18.399999618530273,18.489999771118164,17.31999969482422,17.520000457763672,54051300
2026-04-01,18.247465133666992,18.520000457763672,19.0,18.350000381469727,18.540000915527344,47320500
2026-04-02,18.316434860229492,18.59000015258789,18.719999313354492,17.760000228881836,17.979999542236328,27826400
2026-04-06,18.158788681030273,18.43000030517578,18.739999771118164,18.350000381469727,18.610000610351562,21583600
2026-04-07,17.784379959106445,18.049999237060547,18.309999465942383,17.790000915527344,18.239999771118164,42624300
2026-04-08,18.434667587280273,18.709999084472656,19.309999465942383,18.700000762939453,19.190000534057617,60763700
2026-04-09,18.8780460357666,19.15999984741211,19.280000686645508,18.670000076293945,18.860000610351562,40108400
2026-04-10,19.222896575927734,19.510000228881836,19.739999771118164,19.209999084472656,19.389999389648438,37802100
2026-04-13,18.97657585144043,19.260000228881836,19.40999984741211,18.809999465942383,19.399999618530273,67037700
2026-04-14,19.39039421081543,19.68000030517578,19.739999771118164,19.079999923706055,19.299999237060547,35228400
2026-04-15,19.54804039001465,19.84000015258789,19.8700008392334,19.549999237060547,19.68000030517578,39081700
2026-04-16,19.488924026489258,19.780000686645508,20.1200008392334,19.459999084472656,19.90999984741211,35870100
2026-04-17,19.144073486328125,19.43000030517578,20.329999923706055,19.40999984741211,20.200000762939453,45139000
2026-04-20,18.96672248840332,19.25,19.469999313354492,19.110000610351562,19.360000610351562,41040100
2026-04-22,18.789371490478516,19.06999969482422,19.18000030517578,18.899999618530273,19.149999618530273,24812000
2026-04-23,18.74995994567871,19.030000686645508,19.190000534057617,18.649999618530273,19.079999923706055,18613800
2026-04-24,18.700695037841797,18.979999542236328,19.06999969482422,18.649999618530273,19.06999969482422,41679200
2026-04-27,18.444520950317383,18.719999313354492,19.040000915527344,18.68000030517578,18.940000534057617,18924800
2026-04-28,18.2573184967041,18.530000686645508,18.540000915527344,18.06999969482422,18.399999618530273,24781800
2026-04-29,17.61688232421875,17.8799991607666,18.540000915527344,17.739999771118164,18.25,43626800
2026-04-30,17.76467514038086,18.030000686645508,18.270000457763672,17.8799991607666,18.1200008392334,23750100
2026-05-04,17.607030868530273,17.8700008392334,18.219999313354492,17.729999542236328,17.989999771118164,29385800
2026-05-05,17.744970321655273,18.010000228881836,18.059999465942383,17.729999542236328,17.920000076293945,20019200
2026-05-06,18.089818954467773,18.360000610351562,18.59000015258789,18.1299991607666,18.3700008392334,34599300
2026-05-07,17.518354415893555,17.780000686645508,18.489999771118164,17.709999084472656,18.309999465942383,26262200
2026-05-08,17.666147232055664,17.93000030517578,18.360000610351562,17.8700008392334,18.209999084472656,28496100
2026-05-11,17.33115005493164,17.59000015258789,18.049999237060547,17.43000030517578,17.709999084472656,28393600
2026-05-12,17.04541778564453,17.299999237060547,17.670000076293945,17.219999313354492,17.3799991607666,19014600
2026-05-13,16.395130157470703,16.639999389648438,17.350000381469727,16.459999084472656,17.209999084472656,70172800
2026-05-14,16.680862426757812,16.93000030517578,16.959999084472656,16.579999923706055,16.950000762939453,30947500
2026-05-15,16.454248428344727,16.700000762939453,16.84000015258789,16.450000762939453,16.530000686645508,23708600
2026-05-18,16.473953247070312,16.719999313354492,16.920000076293945,16.5,16.700000762939453,31340200
2026-05-19,15.656167030334473,15.890000343322754,16.290000915527344,15.8100004196167,16.290000915527344,63506400
2026-05-20,16.542922973632812,16.790000915527344,17.079999923706055,15.970000267028809,16.06999969482422,57502900
2026-05-21,16.76953887939453,17.020000457763672,17.149999618530273,16.510000228881836,16.600000381469727,26356400
2026-05-22,16.41483497619629,16.65999984741211,17.040000915527344,16.559999465942383,17.0,31892100
2026-05-25,17.006006240844727,17.260000228881836,17.43000030517578,16.780000686645508,16.920000076293945,16994700
2026-05-26,16.690715789794922,16.940000534057617,17.260000228881836,16.790000915527344,17.260000228881836,38370900
2026-05-27,16.237483978271484,16.479999542236328,17.280000686645508,16.479999542236328,17.149999618530273,22460000
2026-05-28,16.257190704345703,16.5,16.68000030517578,16.110000610351562,16.549999237060547,21661300
2026-05-29,16.257190704345703,16.5,16.639999389648438,16.219999313354492,16.530000686645508,48006500
2026-06-01,16.0108699798584,16.25,16.469999313354492,16.0,16.399999618530273,49561100
2026-06-02,16.040428161621094,16.280000686645508,16.65999984741211,16.280000686645508,16.420000076293945,38626900
2026-06-03,15.29161262512207,15.520000457763672,16.15999984741211,15.460000038146973,15.859999656677246,41255400
2026-06-05,15.18323040008545,15.40999984741211,15.680000305175781,15.260000228881836,15.430000305175781,30092100
2026-06-08,14.996026992797852,15.220000267028809,15.399999618530273,15.069999694824219,15.399999618530273,42510200
2026-06-09,15.163525581359863,15.390000343322754,15.529999732971191,15.140000343322754,15.34000015258789,48003700
2026-06-10,14.89749813079834,15.119999885559082,15.279999732971191,14.899999618530273,15.210000038146973,66313600
2026-06-11,15.212788581848145,15.4399995803833,15.520000457763672,14.949999809265137,15.079999923706055,76637700
2026-06-12,15.005879402160645,15.229999542236328,15.579999923706055,15.130000114440918,15.199999809265137,46559500
2026-06-15,14.917203903198242,15.140000343322754,15.779999732971191,15.109999656677246,15.5600004196167,38898400
2026-06-16,14.81867504119873,15.039999961853027,15.180000305175781,14.859999656677246,15.020000457763672,26364300
2026-06-17,14.395002365112305,14.609999656677246,15.25,14.5,15.25,48934200
2026-06-18,14.119123458862305,14.329999923706055,14.720000267028809,14.210000038146973,14.630000114440918,39787400
2026-06-19,14.197946548461914,14.40999984741211,14.5600004196167,14.260000228881836,14.319999694824219,70356900
2026-06-22,14.483678817749023,14.699999809265137,14.859999656677246,14.529999732971191,14.569999694824219,86034900
2026-06-23,14.503384590148926,14.720000267028809,14.989999771118164,14.4399995803833,14.4399995803833,65885100
2026-06-24,14.808822631835938,15.029999732971191,15.109999656677246,14.600000381469727,14.600000381469727,57903500
2026-06-25,14.609999656677246,14.609999656677246,15.069999694824219,14.609999656677246,14.9399995803833,47483000
2026-06-26,14.920000076293945,14.920000076293945,15.050000190734863,14.399999618530273,14.569999694824219,58177000
2026-06-29,14.710000038146973,14.710000038146973,14.989999771118164,14.670000076293945,14.920000076293945,27533600
2026-06-30,14.529999732971191,14.529999732971191,14.630000114440918,14.300000190734863,14.600000381469727,28205900
2026-07-01,14.399999618530273,14.399999618530273,14.59000015258789,14.199999809265137,14.40999984741211,38024600
2026-07-02,14.609999656677246,14.609999656677246,14.739999771118164,14.4399995803833,14.640000343322754,36634600
2026-07-03,14.760000228881836,14.760000228881836,14.989999771118164,14.65999984741211,14.75,14040900
2026-07-06,14.579999923706055,14.579999923706055,14.6899995803833,14.460000038146973,14.640000343322754,15650100
2026-07-07,14.529999732971191,14.529999732971191,14.880000114440918,14.460000038146973,14.59000015258789,23315900
2026-07-08,14.239999771118164,14.239999771118164,14.460000038146973,14.119999885559082,14.460000038146973,30287600
2026-07-09,14.789999961853027,14.789999961853027,14.800000190734863,14.359999656677246,14.399999618530273,22115500
2026-07-10,15.420000076293945,15.420000076293945,15.529999732971191,15.1899995803833,15.210000038146973,41457700
2026-07-13,15.119999885559082,15.119999885559082,15.430000305175781,14.930000305175781,15.289999961853027,24758100
2026-07-14,15.329999923706055,15.329999923706055,15.489999771118164,15.149999618530273,15.199999809265137,35943900
2026-07-15,15.6899995803833,15.6899995803833,15.850000381469727,15.420000076293945,15.460000038146973,36697700
2026-07-16,15.390000343322754,15.390000343322754,15.720000267028809,15.239999771118164,15.600000381469727,31046100
2026-07-17,15.199999809265137,15.199999809265137,15.369999885559082,15.170000076293945,15.3100004196167,48880800
2026-07-20,15.260000228881836,15.260000228881836,15.430000305175781,15.140000343322754,15.279999732971191,16308000
2026-07-21,15.170000076293945,15.170000076293945,15.319999694824219,14.949999809265137,15.170000076293945,29244400
2026-07-22,15.899999618530273,15.899999618530273,15.920000076293945,15.210000038146973,15.25,46053200
2026-07-23,15.649999618530273,15.649999618530273,15.819999694824219,15.479999542236328,15.789999961853027,41089800
2026-07-24,15.4399995803833,15.4399995803833,15.670000076293945,15.430000305175781,15.449999809265137,35227200
2026-07-27,15.729999542236328,15.729999542236328,15.800000190734863,15.5600004196167,15.640000343322754,14136000
