Date,Adj Close,Close,High,Low,Open,Volume
2015-01-02,7.020200252532959,13.445454597473145,13.911930084228516,13.378815650939941,13.62185287475586,20142053
2015-01-05,7.034677028656006,13.465055465698242,13.629693031311035,13.057378768920898,13.214177131652832,19878785
2015-01-06,7.266090393066406,13.90800952911377,13.90800952911377,13.382736206054688,13.488574028015137,26416610
2015-01-07,7.554851055145264,14.460723876953125,14.621441841125488,13.962888717651367,14.08832836151123,27833207
2015-01-08,7.593761444091797,14.535202980041504,14.664562225341797,14.229446411132812,14.503844261169434,15119805
2015-01-09,7.2640461921691895,13.90408992767334,14.476404190063477,13.829610824584961,14.394084930419922,16378492
2015-01-12,7.13502311706543,13.657133102416992,13.966809272766113,13.563054084777832,13.798251152038574,16489207
2015-01-13,7.157546520233154,13.700251579284668,14.084407806396484,13.700251579284668,13.759052276611328,21003287
2015-01-14,7.2333269119262695,13.845291137695312,14.053048133850098,13.465055465698242,13.52385425567627,19433117
2015-01-15,7.159599304199219,13.704172134399414,14.233366012573242,13.704172134399414,13.872730255126953,25751297
2015-01-16,7.229228973388672,13.837450981140137,13.880570411682129,13.602252960205078,13.778651237487793,33012089
2015-01-19,7.0776801109313965,13.54737377166748,13.974649429321289,13.445454597473145,13.759052276611328,16290226
2015-01-20,7.055150985717773,13.504254341125488,13.817851066589355,13.461134910583496,13.798251152038574,13588666
2015-01-21,7.227181911468506,13.833531379699707,13.931529998779297,13.445454597473145,13.708091735839844,21723447
2015-01-22,7.307052135467529,13.986409187316895,14.249046325683594,13.884490013122559,13.99424934387207,22345393
2015-01-23,7.243564605712891,13.864890098571777,14.249046325683594,13.633612632751465,13.99424934387207,15717515
2015-01-26,7.360296726226807,14.08832836151123,14.100088119506836,13.661052703857422,13.661052703857422,17672383
2015-01-27,7.372583866119385,14.111847877502441,14.213767051696777,13.719852447509766,13.884490013122559,24000768
2015-01-28,7.218990802764893,13.817851066589355,14.288246154785156,13.778651237487793,13.935449600219727,24958176
2015-01-29,7.120689868927002,13.629693031311035,14.084407806396484,13.414094924926758,13.955048561096191,25864053
2015-01-30,6.9077019691467285,13.222017288208008,13.480734825134277,13.124017715454102,13.445454597473145,27674022
2015-02-02,6.979377269744873,13.35921573638916,13.437615394592285,12.990739822387695,13.386655807495117,23727040
2015-02-03,7.237717628479004,13.845291137695312,13.872730255126953,13.531694412231445,13.719852447509766,23725510
2015-02-04,7.4200968742370605,14.194167137145996,14.319605827331543,13.696331977844238,13.845291137695312,27441876
2015-02-05,7.301246166229248,13.966809272766113,14.19024658203125,13.955048561096191,14.025609016418457,19437453
2015-02-06,7.331978797912598,14.025609016418457,14.037368774414062,13.680651664733887,13.935449600219727,18438718
2015-02-09,7.407802581787109,14.170646667480469,14.170646667480469,13.90017032623291,13.935449600219727,21732631
2015-02-10,7.252920627593994,13.813931465148926,14.229446411132812,13.813931465148926,14.072648048400879,16000937
2015-02-11,7.057394981384277,13.441534996032715,13.947210311889648,13.33569622039795,13.782570838928223,24872206
2015-02-12,7.337307453155518,13.974649429321289,13.974649429321289,13.578733444213867,13.680651664733887,17602995
2015-02-13,7.5328288078308105,14.347044944763184,14.370565414428711,13.970728874206543,14.09616756439209,18634639
2015-02-18,7.615159511566162,14.503844261169434,14.699840545654297,14.409765243530273,14.609682083129883,19939245
2015-02-19,7.598691940307617,14.47248363494873,14.644962310791016,14.350964546203613,14.47248363494873,11999108
2015-02-20,7.617216110229492,14.507762908935547,14.582242965698242,14.315686225891113,14.496004104614258,8144985
2015-02-23,7.69130802154541,14.648881912231445,14.692002296447754,14.323525428771973,14.327445030212402,12216457
2015-02-24,7.775691986083984,14.809599876403809,14.82919979095459,14.515603065490723,14.699840545654297,17895855
2015-02-25,7.818910598754883,14.891919136047363,14.891919136047363,14.550883293151855,14.629281997680664,20823438
2015-02-26,7.8353800773620605,14.92327880859375,14.935038566589355,14.719441413879395,14.895838737487793,12804729
2015-02-27,7.738645553588867,14.739041328430176,15.272154808044434,14.727280616760254,14.895838737487793,30611553
2015-03-02,7.6336750984191895,14.539122581481934,14.946799278259277,14.417604446411133,14.703761100769043,24428068
2015-03-03,7.650299072265625,14.562643051147461,14.590083122253418,14.394084930419922,14.527362823486328,20408127
2015-03-04,7.491731643676758,14.2608060836792,14.44896411895752,14.221607208251953,14.339204788208008,24165055
2015-03-05,7.479376792907715,14.237285614013672,14.401925086975098,14.06872844696045,14.288246154785156,33309541
2015-03-06,7.388767242431641,14.064807891845703,14.268646240234375,13.927610397338867,14.198086738586426,19781335
2015-03-09,7.1766581535339355,13.661052703857422,13.962888717651367,13.531694412231445,13.915849685668945,19038980
2015-03-10,6.937778472900391,13.206336975097656,13.700251579284668,13.206336975097656,13.461134910583496,28325304
2015-03-11,7.145767688751221,13.602252960205078,13.62185287475586,13.272976875305176,13.296497344970703,17377227
2015-03-12,7.018092155456543,13.35921573638916,13.821770668029785,13.347455978393555,13.798251152038574,25786246
2015-03-13,6.931600570678711,13.194578170776367,13.280817031860352,13.0024995803833,13.088739395141602,24809450
2015-03-16,7.034565448760986,13.390576362609863,13.421935081481934,13.17105770111084,13.327856063842773,19831590
2015-03-17,7.310505390167236,13.915849685668945,13.919770240783691,13.26121711730957,13.390576362609863,27340600
2015-03-18,7.598811149597168,14.464644432067871,14.464644432067871,13.649292945861816,13.911930084228516,23118871
2015-03-19,7.4711384773254395,14.221607208251953,14.382325172424316,14.045207977294922,14.358804702758789,15463686
2015-03-20,7.586457252502441,14.441123962402344,14.601841926574707,14.292165756225586,14.339204788208008,26047218
2015-03-23,7.567922115325928,14.405844688415527,14.601841926574707,14.296086311340332,14.386244773864746,11658033
2015-03-24,7.495850563049316,14.268646240234375,14.570483207702637,14.100088119506836,14.425443649291992,12732279
2015-03-25,7.4999680519104,14.27648639678955,14.492083549499512,14.115768432617188,14.386244773864746,28497755
2015-03-26,7.269322872161865,13.837450981140137,14.221607208251953,13.794330596923828,14.154967308044434,30557216
2015-03-27,7.067512512207031,13.45329475402832,13.84372329711914,13.26513671875,13.84372329711914,21210474
2015-03-30,7.21578311920166,13.7355318069458,13.754347801208496,13.382736206054688,13.52385425567627,20418586
2015-03-31,7.302276611328125,13.90017032623291,14.008360862731934,13.519149780273438,13.56148624420166,23138216
2015-04-01,7.539506435394287,14.351749420166016,14.59165096282959,14.055399894714355,14.140070915222168,19430481
2015-04-02,7.618380546569824,14.492868423461914,14.732769012451172,14.450531959533691,14.506979942321777,16688529
2015-04-06,7.692562580108643,14.633986473083496,14.808032035827637,14.563426971435547,14.676321983337402,12152554
2015-04-07,7.734595775604248,14.713953018188477,14.770401000976562,14.539907455444336,14.652802467346191,11705057
2015-04-08,7.732122898101807,14.709248542785645,14.897406578063965,14.671618461608887,14.77980899810791,18838850
2015-04-09,7.593650817871094,14.445828437805176,14.568131446838379,14.229446411132812,14.464644432067871,22461125
2015-04-10,7.623326301574707,14.502276420593262,14.652802467346191,14.257670402526855,14.351749420166016,14701263
2015-04-13,7.643104076385498,14.539907455444336,14.793919563293457,14.483460426330566,14.511683464050293,17276971
2015-04-14,7.749433517456055,14.74217700958252,14.74217700958252,14.40349292755127,14.74217700958252,18194923
2015-04-15,7.83350944519043,14.902111053466797,14.906814575195312,14.629281997680664,14.76569652557373,20660511
2015-04-16,7.835979461669922,14.906814575195312,14.906814575195312,14.704545021057129,14.897406578063965,15907483
2015-04-17,7.603543281555176,14.464644432067871,14.775105476379395,14.459939956665039,14.704545021057129,14982729
2015-04-20,7.561504364013672,14.384676933288574,14.629281997680664,14.27648639678955,14.535202980041504,11513304
2015-04-22,7.623326301574707,14.502276420593262,14.723361015319824,14.285894393920898,14.384676933288574,15283115
2015-04-23,7.818667411804199,14.87388801574707,15.047933578491211,14.361157417297363,14.502276420593262,19526357
2015-04-24,8.036266326904297,15.287835121154785,15.405433654785156,14.902111053466797,15.029117584228516,25262601
2015-04-27,7.885427474975586,15.000893592834473,15.405433654785156,14.958559036254883,15.132604598999023,23424996
2015-04-28,8.036266326904297,15.287835121154785,15.311354637145996,14.939743041992188,15.06674861907959,17621150
2015-04-29,7.796415328979492,14.831551551818848,15.301946640014648,14.8221435546875,15.19845962524414,27084474
2015-04-30,7.9571428298950195,15.137309074401855,15.142012596130371,14.798624038696289,14.831551551818848,19668578
2015-05-04,7.9967041015625,15.21257209777832,15.4336576461792,15.15612506866455,15.231388092041016,15003350
2015-05-05,8.028614044189453,15.264314651489258,15.396025657653809,14.911519050598145,15.06204605102539,19453653
2015-05-06,7.83068323135376,14.887998580932617,15.358393669128418,14.737472534179688,15.226683616638184,18592674
2015-05-07,7.800992965698242,14.831551551818848,14.906814575195312,14.657505989074707,14.746880531311035,10514356
2015-05-08,7.83068323135376,14.887998580932617,15.109085083007812,14.690434455871582,15.085564613342285,11142551
2015-05-11,7.805943012237549,14.840959548950195,15.0244140625,14.751585006713867,15.005598068237305,13034153
2015-05-12,7.7267680168151855,14.690434455871582,14.878591537475586,14.690434455871582,14.756288528442383,8403364
2015-05-13,7.650065898895264,14.544610977172852,14.784513473510742,14.483460426330566,14.699840545654297,12926159
2015-05-14,7.8257341384887695,14.878591537475586,14.897406578063965,14.469347953796387,14.582242965698242,11470148
2015-05-15,7.9618120193481445,15.137309074401855,15.184348106384277,14.77980899810791,14.87388801574707,12489930
2015-05-18,7.758937835693359,14.751585006713867,15.217275619506836,14.629281997680664,15.193756103515625,19821003
2015-05-19,7.689655780792236,14.619874000549316,14.83625602722168,14.356452941894531,14.798624038696289,12522881
2015-05-20,7.47192907333374,14.205926895141602,14.502276420593262,14.172999382019043,14.398789405822754,26212441
2015-05-21,7.382859230041504,14.036584854125977,14.144775390625,13.79197883605957,14.102439880371094,29149760
2015-05-22,7.17503023147583,13.64145278930664,13.923689842224121,13.594412803649902,13.88605785369873,39888821
2015-05-25,7.249251842498779,13.782570838928223,13.914281845092773,13.608525276184082,13.683788299560547,9096611
2015-05-26,6.98947286605835,13.288657188415527,13.721420288085938,13.288657188415527,13.69789981842041,28443333
2015-05-27,7.244309902191162,13.773162841796875,13.801386833190918,13.241617202758789,13.434478759765625,32395118
2015-05-28,7.160189151763916,13.613228797912598,13.669676780700684,13.37332820892334,13.632044792175293,29737777
2015-05-29,6.977100372314453,13.26513671875,13.632044792175293,13.255728721618652,13.632044792175293,32101110
2015-06-01,6.93503999710083,13.18517017364502,13.425070762634277,13.17105770111084,13.330991744995117,13990584
2015-06-02,7.172464847564697,13.627341270446777,13.632044792175293,13.316880226135254,13.345104217529297,20936662
2015-06-03,6.979348182678223,13.260433197021484,13.542670249938965,13.199281692504883,13.542670249938965,41764479
2015-06-05,6.830802917480469,12.978196144104004,13.218096733093262,12.954675674438477,13.17105770111084,18683449
2015-06-08,6.823373794555664,12.964083671569824,13.156946182250977,12.935859680175781,13.034643173217773,17814817
2015-06-09,6.783761024475098,12.88882064819336,13.100499153137207,12.780630111694336,13.001715660095215,23087620
2015-06-10,7.0313401222229,13.35921573638916,13.392143249511719,13.020530700683594,13.086386680603027,23233668
2015-06-11,7.021439075469971,13.340399742126465,13.495630264282227,13.114609718322754,13.410959243774414,20572500
2015-06-12,6.882790565490723,13.07697868347168,13.307472229003906,13.034643173217773,13.17105770111084,35310541
2015-06-15,6.855557441711426,13.025235176086426,13.072275161743164,12.747701644897461,12.98289966583252,20218117
2015-06-16,7.009061336517334,13.316880226135254,13.406254768371582,13.015828132629395,13.086386680603027,19183879
2015-06-17,6.860508441925049,13.034643173217773,13.26513671875,12.987604141235352,13.218096733093262,19279756
2015-06-18,7.117995738983154,13.52385425567627,13.60382080078125,12.992307662963867,13.175762176513672,17977446
2015-06-19,6.974398612976074,13.251025199890137,13.481518745422363,13.147538185119629,13.349807739257812,21684544
2015-06-22,7.04124641418457,13.378031730651855,13.486222267150879,13.218096733093262,13.354512214660645,19966413
2015-06-23,7.13344144821167,13.462702751159668,13.613228797912598,13.345104217529297,13.410959243774414,13328374
2015-06-24,7.178308010101318,13.54737377166748,13.594412803649902,13.37332820892334,13.490925788879395,9300907
2015-06-25,7.153380870819092,13.500333786010742,13.585004806518555,13.194578170776367,13.585004806518555,19715135
2015-06-26,7.258062362670898,13.69789981842041,13.726123809814453,13.439183235168457,13.439183235168457,14292245
2015-06-29,7.063651084899902,13.330991744995117,13.622636795043945,13.26513671875,13.45329475402832,14630046
2015-06-30,7.086082935333252,13.37332820892334,13.537965774536133,13.302767753601074,13.457999229431152,13637476
2015-07-01,7.063651084899902,13.330991744995117,13.52385425567627,13.26513671875,13.476815223693848,15810544
2015-07-02,7.208049297332764,13.594412803649902,13.632044792175293,13.392143249511719,13.476815223693848,13834119
2015-07-03,7.125748634338379,13.439183235168457,13.552078247070312,13.340399742126465,13.505038261413574,5045334
2015-07-06,6.986077308654785,13.175762176513672,13.392143249511719,13.09109115600586,13.222801208496094,16594566
2015-07-07,6.923721790313721,13.058162689208984,13.152241706848145,12.7947416305542,13.100499153137207,20006805
2015-07-08,6.816477298736572,12.8558931350708,13.199281692504883,12.851188659667969,12.992307662963867,11750551
2015-07-10,7.1082892417907715,13.406254768371582,13.434478759765625,13.07697868347168,13.156946182250977,16122409
2015-07-13,7.232998847961426,13.64145278930664,13.693196296691895,13.363920211791992,13.533262252807617,15811819
2015-07-14,7.277896404266357,13.726123809814453,13.810794830322266,13.476815223693848,13.594412803649902,13277778
2015-07-15,7.242971897125244,13.660268783569336,13.759052276611328,13.50974178314209,13.759052276611328,12485678
2015-07-16,7.208049297332764,13.594412803649902,13.824907302856445,13.52385425567627,13.796683311462402,13914265
2015-07-17,7.188104629516602,13.556781768798828,13.777867317199707,13.396846771240234,13.636749267578125,12068369
2015-07-20,7.048427581787109,13.293360710144043,13.50974178314209,13.241617202758789,13.4674072265625,9628079
2015-07-21,6.958641529083252,13.124017715454102,13.298065185546875,13.039346694946289,13.26513671875,13290534
2015-07-22,6.8713507652282715,12.959380149841309,13.095794677734375,12.8558931350708,13.020530700683594,12381085
2015-07-23,6.606966972351074,12.460762023925781,13.048754692077637,12.418425559997559,12.954675674438477,29973961
2015-07-24,6.6668267250061035,12.57365608215332,12.578359603881836,12.150300979614258,12.46546459197998,26456491
2015-07-27,6.759109973907471,12.747701644897461,12.822965621948242,12.512504577636719,12.55954360961914,20744695
2015-07-28,6.828948497772217,12.879412651062012,13.025235176086426,12.526617050170898,12.870004653930664,24679687
2015-07-29,6.8863139152526855,12.987604141235352,13.114609718322754,12.752406120300293,12.752406120300293,15997408
2015-07-30,6.709226608276367,12.6536226272583,13.07697868347168,12.634807586669922,13.07697868347168,18398794
2015-07-31,6.853887557983398,12.926451683044434,12.964083671569824,12.710070610046387,12.742998123168945,15595618
2015-08-03,6.562070369720459,12.376090049743652,12.554840087890625,12.27730655670166,12.484280586242676,36725735
2015-08-04,6.501916408538818,12.253787994384766,12.45605754852295,12.136189460754395,12.432538032531738,25414601
2015-08-05,6.4744553565979,12.202043533325195,12.42313003540039,12.042110443115234,12.324346542358398,20182402
2015-08-06,6.501916408538818,12.253787994384766,12.394906044006348,12.004478454589844,12.065629959106445,16584149
2015-08-07,6.319712162017822,11.910399436950684,12.267900466918945,11.835136413574219,12.093852996826172,22152661
2015-08-10,6.402076721191406,12.065629959106445,12.112668991088867,11.933918952941895,11.99036693572998,12383211
2015-08-11,6.509403228759766,12.267900466918945,12.267900466918945,11.816320419311523,12.089150428771973,17974895
2015-08-12,6.212386608123779,11.7081298828125,11.891584396362305,11.618755340576172,11.853952407836914,31201015
2015-08-13,6.065126895904541,11.430597305297852,11.7081298828125,11.392965316772461,11.67049789428711,23494300
2015-08-14,6.032680988311768,11.369444847106934,11.590531349182129,11.322405815124512,11.440004348754883,24487295
2015-08-17,5.930346965789795,11.176583290100098,11.505860328674316,11.138952255249023,11.317702293395996,11664878
2015-08-18,6.0501484870910645,11.402373313903809,11.661089897155762,10.97901725769043,11.148360252380371,39625213
2015-08-19,5.867946624755859,11.058984756469727,11.228326797485352,10.913162231445312,11.214215278625488,26103597
2015-08-20,5.83550500869751,10.997833251953125,11.0966157913208,10.856715202331543,10.983720779418945,28414421
2015-08-21,5.770605564117432,10.875531196594238,11.0966157913208,10.77204418182373,10.90845775604248,34968488
2015-08-24,5.7456464767456055,10.8284912109375,11.00253677368164,10.231088638305664,10.419246673583984,41371405
2015-08-25,5.643309593200684,10.635628700256348,11.134247779846191,10.635628700256348,11.07309627532959,32037546
2015-08-26,6.010216236114502,11.327110290527344,11.360036849975586,10.715596199035645,10.889641761779785,42639489
2015-08-27,6.1799421310424805,11.646978378295898,11.783392906188965,11.345925331115723,11.477636337280273,36234870
2015-08-28,5.982761859893799,11.275365829467773,11.684610366821289,11.190694808959961,11.392965316772461,29485223
2015-08-31,5.75313663482666,10.842602729797363,10.988425254821777,10.753228187561035,10.903754234313965,47472874
2015-09-01,5.588404655456543,10.53214168548584,10.69678020477295,10.442767143249512,10.48980712890625,32285423
2015-09-02,5.690567493438721,10.715596199035645,10.743820190429688,10.447470664978027,10.635628700256348,24532364
2015-09-03,5.832958221435547,10.983720779418945,10.983720779418945,10.527438163757324,10.809675216674805,34269926
2015-09-04,5.585646629333496,10.518030166625977,10.837899208068848,10.518030166625977,10.687373161315918,27342130
2015-09-08,5.715545654296875,10.762636184692383,10.833194732666016,10.67796516418457,10.833194732666016,22185825
2015-09-09,5.782992362976074,10.889641761779785,11.171878814697266,10.86612319946289,10.875531196594238,32067521
2015-09-10,5.658090114593506,10.654444694519043,10.856715202331543,10.428654670715332,10.579181671142578,31780953
2015-09-11,5.595639228820801,10.536846160888672,10.649741172790527,10.485102653503418,10.597997665405273,20467056
2015-09-14,5.845445156097412,11.007241249084473,11.054281234741211,10.48980712890625,10.565070152282715,24505152
2015-09-15,5.957860469818115,11.218918800354004,11.2988862991333,10.950794219970703,10.988425254821777,23103564
2015-09-16,6.180182456970215,11.63757038116455,11.642273902893066,11.294181823730469,11.294181823730469,28177811
2015-09-17,6.162696838378906,11.604642868041992,11.886879920959473,11.430597305297852,11.524676322937012,28564507
2015-09-18,5.8279619216918945,10.974312782287598,11.505860328674316,10.880234718322754,11.454115867614746,40512978
2015-09-21,5.648094654083252,10.635628700256348,11.049576759338379,10.54625415802002,10.931978225708008,27459478
2015-09-22,5.670582294464111,10.67796516418457,10.781452178955078,10.296944618225098,10.494510650634766,30349178
2015-09-23,5.478233814239502,10.315760612487793,10.800267219543457,10.315760612487793,10.654444694519043,25816604
2015-09-24,5.543179035186768,10.43806266784668,10.527438163757324,9.807733535766602,10.00529956817627,33828807
2015-09-25,5.415783405303955,10.198162078857422,10.645036697387695,10.118194580078125,10.56977367401123,21068041
2015-09-28,5.280885219573975,9.944149017333984,10.104083061218262,9.81714153289795,10.052338600158691,25345085
2015-09-29,5.248410224914551,9.882996559143066,10.165233612060547,9.859477043151855,9.958259582519531,26898886
2015-09-30,5.350830554962158,10.075859069824219,10.245201110839844,9.831254005432129,10.231088638305664,36160252
2015-10-01,5.423275947570801,10.212273597717285,10.278128623962402,10.028820037841797,10.11349105834961,21649467
2015-10-02,5.6280364990234375,10.588589668273926,10.588589668273926,10.047635078430176,10.127602577209473,27506460
2015-10-05,5.793053150177002,10.899049758911133,11.148360252380371,10.69678020477295,10.81437873840332,26285784
2015-10-06,5.848058223724365,11.00253677368164,11.054281234741211,10.79085922241211,10.856715202331543,22642250
2015-10-07,6.058077812194824,11.397668838500977,11.646978378295898,11.091912269592285,11.242439270019531,35821601
2015-10-08,6.063082218170166,11.407076835632324,11.501155853271484,11.214215278625488,11.256549835205078,27302164
2015-10-09,5.998078346252441,11.284773826599121,11.609347343444824,11.101320266723633,11.57641887664795,26861470
2015-10-13,5.67054557800293,10.668557167053223,11.030760765075684,10.461583137512207,11.030760765075684,41135221
2015-10-14,5.640541076660156,10.612109184265137,10.81437873840332,10.48980712890625,10.597997665405273,51218025
2015-10-15,5.620536804199219,10.574478149414062,10.701483726501465,10.353391647338867,10.635628700256348,20802094
2015-10-16,5.513026714324951,10.372207641601562,10.56977367401123,10.278128623962402,10.555662155151367,29063450
2015-10-19,5.505527019500732,10.3580961227417,10.54625415802002,10.329872131347656,10.409839630126953,30396585
2015-10-20,5.375514507293701,10.11349105834961,10.461583137512207,10.052338600158691,10.419246673583984,28517100
2015-10-21,5.383014678955078,10.127602577209473,10.235793113708496,9.995891571044922,10.11349105834961,20449837
2015-10-22,5.463022708892822,10.278128623962402,10.400431632995605,10.165233612060547,10.198162078857422,22130127
2015-10-23,5.388017177581787,10.137009620666504,10.560365676879883,10.11349105834961,10.527438163757324,21532969
2015-10-26,5.348011493682861,10.061746597290039,10.30164909362793,9.906517028808594,10.20757007598877,23713477
2015-10-27,5.3705153465271,10.104083061218262,10.132307052612305,9.953556060791016,10.066451072692871,25977957
2015-10-28,5.605535507202148,10.54625415802002,10.56977367401123,10.456878662109375,10.513325691223145,3599953
2015-10-29,5.260502338409424,9.897109031677246,10.38161563873291,9.897109031677246,10.11349105834961,31270957
2015-10-30,5.250499725341797,9.87829303741455,10.04293155670166,9.807733535766602,9.986483573913574,29438879
2015-11-03,5.528027534484863,10.400431632995605,10.419246673583984,9.850069999694824,9.972372055053711,36077768
2015-11-04,5.417665481567383,10.184049606323242,10.607404708862305,10.09937858581543,10.588589668273926,36021220
2015-11-05,5.565311431884766,10.461583137512207,10.461583137512207,10.132307052612305,10.221681594848633,24549158
2015-11-06,5.485230445861816,10.311057090759277,10.409839630126953,10.184049606323242,10.400431632995605,30273072
2015-11-09,5.362616062164307,10.080562591552734,10.306352615356445,10.04293155670166,10.259312629699707,31971644
2015-11-10,5.335090637207031,10.028820037841797,10.071154594421387,9.760695457458496,10.066451072692871,23922663
2015-11-11,5.46521520614624,10.273425102233887,10.320465087890625,10.047635078430176,10.127602577209473,24212420
2015-11-12,5.462709426879883,10.268720626831055,10.334575653076172,9.920628547668457,10.174641609191895,25191597
2015-11-13,5.382632255554199,10.118194580078125,10.235793113708496,10.00529956817627,10.122899055480957,28948227
2015-11-16,5.427677631378174,10.202865600585938,10.202865600585938,10.000596046447754,10.132307052612305,35215939
2015-11-17,5.630372047424316,10.58388614654541,10.743820190429688,10.24990463256836,10.24990463256836,34828393
2015-11-18,5.675412178039551,10.668557167053223,10.852010726928711,10.522733688354492,10.58388614654541,24426708
2015-11-19,5.855584144592285,11.007241249084473,11.007241249084473,10.73441219329834,10.819083213806152,26817252
2015-11-23,5.79802942276001,10.899049758911133,11.214215278625488,10.77204418182373,11.148360252380371,32983560
2015-11-24,5.757992744445801,10.823786735534668,10.88493824005127,10.560365676879883,10.77204418182373,22931794
2015-11-25,5.477725505828857,10.296944618225098,10.668557167053223,10.278128623962402,10.626220703125,36694059
2015-11-26,5.597840785980225,10.522733688354492,10.588589668273926,10.30164909362793,10.315760612487793,23376101
2015-11-27,5.392645359039307,10.137009620666504,10.447470664978027,10.094675064086914,10.433359146118164,29661245
2015-11-30,5.285037994384766,9.934741020202637,10.122899055480957,9.807733535766602,10.01941204071045,70247991
2015-12-01,5.255011081695557,9.87829303741455,10.052338600158691,9.793622016906738,9.934741020202637,29841732
2015-12-02,5.252250671386719,9.864180564880371,10.057043075561523,9.69013500213623,9.91122055053711,34518653
2015-12-03,5.4826788902282715,10.296944618225098,10.649741172790527,10.20757007598877,10.30164909362793,46562575
2015-12-04,5.407544136047363,10.1558256149292,10.273425102233887,9.995891571044922,10.273425102233887,27758164
2015-12-07,5.3524346351623535,10.052338600158691,10.423951148986816,10.028820037841797,10.254609107971191,17966604
2015-12-08,5.234717845916748,9.831254005432129,10.11349105834961,9.788917541503906,10.057043075561523,32786279
2015-12-09,5.497709274291992,10.325167655944824,10.405136108398438,9.972372055053711,9.986483573913574,51690181
2015-12-10,5.259763717651367,9.87829303741455,10.367504119873047,9.87829303741455,10.24990463256836,33822004
2015-12-11,5.2146806716918945,9.793622016906738,10.033523559570312,9.746582984924316,9.765398025512695,35564583
2015-12-14,5.12200927734375,9.619576454162598,9.760695457458496,9.563129425048828,9.755990982055664,28639551
2015-12-15,5.2021589279174805,9.770101547241211,9.915925025939941,9.67602252960205,9.69013500213623,19151991
2015-12-16,5.247241973876953,9.854774475097656,9.939444541931152,9.45964241027832,9.643095970153809,55544602
2015-12-17,5.3606390953063965,9.661911964416504,9.864180564880371,9.600760459899902,9.807733535766602,38863513
2015-12-18,5.128356456756592,9.243260383605957,9.520792961120605,9.153884887695312,9.342042922973633,48042395
2015-12-21,4.979595184326172,8.97513484954834,9.379674911499023,8.951615333557129,9.332634925842285,26976267
2015-12-22,5.023964881896973,9.055102348327637,9.210331916809082,8.984542846679688,9.040989875793457,19094167
2015-12-23,5.063113212585449,9.12566089630127,9.20092487335205,9.01276683807373,9.196221351623535,14549901
2015-12-28,5.112697601318359,9.215036392211914,9.247963905334473,9.064510345458984,9.172700881958008,13078797
2015-12-29,5.13879919052124,9.262076377868652,9.31381893157959,9.191516876220703,9.304410934448242,11689538
2015-12-30,5.031792640686035,9.0692138671875,9.285595893859863,9.03158187866211,9.285595893859863,17977234
2016-01-04,4.958714962005615,8.93750286102295,9.0692138671875,8.834016799926758,8.946910858154297,22798501
2016-01-05,4.9767351150512695,8.961023330688477,9.073918342590332,8.848128318786621,8.993950843811035,16877732
2016-01-06,4.90620231628418,8.834016799926758,8.93750286102295,8.683489799499512,8.829313278198242,31314962
2016-01-07,4.806928634643555,8.655265808105469,8.796384811401367,8.627042770385742,8.645858764648438,43702638
2016-01-08,4.712876796722412,8.485923767089844,8.78697681427002,8.467107772827148,8.758752822875977,26191820
2016-01-11,4.57964563369751,8.246023178100586,8.617634773254395,8.222502708435059,8.518852233886719,23604420
2016-01-12,4.553518295288086,8.198983192443848,8.368326187133789,8.151944160461426,8.349510192871094,24265567
2016-01-13,4.48820686340332,8.081384658813477,8.349510192871094,8.006120681762695,8.325989723205566,26244542
2016-01-14,4.624054431915283,8.325989723205566,8.325989723205566,8.006120681762695,8.137831687927246,26951607
2016-01-15,4.506492614746094,8.114312171936035,8.180168151855469,7.9637861251831055,8.180168151855469,34419162
2016-01-18,4.4673075675964355,8.043752670288086,8.184870719909668,8.043752670288086,8.11901569366455,19736394
2016-01-19,4.4986572265625,8.100199699401855,8.241318702697754,8.029641151428223,8.231910705566406,20056125
2016-01-20,4.5091071128845215,8.11901569366455,8.147239685058594,7.9637861251831055,8.006120681762695,34352410
2016-01-21,4.4437947273254395,8.00141716003418,8.198983192443848,7.9637861251831055,8.067273139953613,31875342
2016-01-22,4.5352301597595215,8.166055679321289,8.175463676452637,8.006120681762695,8.071976661682129,28205447
2016-01-26,4.482983112335205,8.071976661682129,8.156647682189941,8.006120681762695,8.057865142822266,24044688
2016-01-27,4.537845134735107,8.170760154724121,8.274247169494629,8.043752670288086,8.062568664550781,42961133
2016-01-28,4.545677661895752,8.184870719909668,8.274247169494629,8.100199699401855,8.274247169494629,28774756
2016-01-29,4.7416181564331055,8.537668228149414,8.537668228149414,8.166055679321289,8.22720718383789,45583398
2016-02-01,4.8643999099731445,8.758752822875977,8.763457298278809,8.37773323059082,8.476515769958496,28885727
2016-02-02,4.667996883392334,8.396549224853516,8.655265808105469,8.358918190002441,8.509444236755371,53295853
2016-02-03,4.892900466918945,8.8010892868042,8.979839324951172,8.63645076751709,8.843423843383789,106029201
2016-02-04,5.15964412689209,9.280892372131348,9.534905433654785,8.739937782287598,8.923392295837402,68902314
2016-02-05,5.107341289520264,9.186813354492188,9.42201042175293,9.130365371704102,9.280892372131348,34412147
2016-02-10,5.164871692657471,9.290300369262695,9.31381893157959,9.040989875793457,9.040989875793457,16781855
2016-02-11,5.031505584716797,9.050397872924805,9.20092487335205,8.951615333557129,9.111550331115723,21285943
2016-02-12,5.047192573547363,9.078621864318848,9.16329288482666,8.928094863891602,9.16329288482666,20533171
2016-02-15,5.047192573547363,9.078621864318848,9.290300369262695,9.059805870056152,9.196221351623535,11267765
2016-02-16,5.227637767791748,9.403194427490234,9.478458404541016,9.036286354064941,9.102142333984375,26978819
2016-02-17,5.285170555114746,9.506681442260742,9.746582984924316,9.276187896728516,9.469050407409668,42743019
2016-02-18,5.177948951721191,9.31381893157959,9.450234413146973,9.210331916809082,9.450234413146973,27180564
2016-02-19,5.198869705200195,9.35145092010498,9.436121940612793,9.172700881958008,9.21973991394043,23900767
2016-02-22,5.470841884613037,9.840662002563477,9.915925025939941,9.563129425048828,9.591352462768555,37900279
2016-02-23,5.418540000915527,9.746582984924316,9.967667579650879,9.657208442687988,9.685430526733398,24877393
2016-02-24,5.408078193664551,9.727766990661621,9.737174987792969,9.42201042175293,9.619576454162598,20443247
2016-02-25,5.392385482788086,9.699542999267578,9.901812553405762,9.563129425048828,9.638392448425293,22469204
2016-02-26,5.408078193664551,9.727766990661621,9.925333023071289,9.605463981628418,9.897109031677246,18230213
2016-02-29,5.580676078796387,10.038228034973145,10.085267066955566,9.770101547241211,9.873588562011719,43985379
2016-03-01,5.737581729888916,10.320465087890625,10.391023635864258,10.089970588684082,10.09937858581543,34267587
2016-03-02,5.862949371337891,10.536846160888672,10.536846160888672,10.221681594848633,10.296944618225098,32723991
2016-03-03,6.386430740356445,11.477636337280273,11.477636337280273,11.477636337280273,11.477636337280273,58264657
2016-03-04,7.0460100173950195,12.663030624389648,12.691254615783691,11.477636337280273,11.477636337280273,92716133
2016-03-07,6.8470940589904785,12.305530548095703,12.6536226272583,12.042110443115234,12.6536226272583,35402166
2016-03-08,6.881113529205322,12.366683006286621,12.677143096923828,12.164413452148438,12.230267524719238,49113623
2016-03-09,6.569645881652832,11.806913375854492,12.7947416305542,11.806913375854492,12.568951606750488,51949750
2016-03-10,6.7659502029418945,12.159708976745605,12.357275009155273,11.769281387329102,12.065629959106445,45017490
2016-03-11,7.006749629974365,12.592472076416016,12.64421558380127,12.131484985351562,12.159708976745605,41492367
2016-03-14,6.962254524230957,12.512504577636719,13.015828132629395,12.488985061645508,12.634807586669922,33809249
2016-03-15,6.595819473266602,11.853952407836914,12.22085952758789,11.679905891418457,12.051518440246582,33692539
2016-03-16,6.449247360229492,11.590531349182129,11.679905891418457,11.101320266723633,11.609347343444824,46399308
2016-03-17,7.289427280426025,13.100499153137207,13.156946182250977,12.173821449279785,12.7947416305542,71874072
2016-03-18,7.1925859451293945,12.926451683044434,13.218096733093262,12.630104064941406,13.039346694946289,47691626
2016-03-21,7.312988758087158,13.142833709716797,13.218096733093262,12.865301132202148,12.935859680175781,23422658
2016-03-22,7.23707914352417,13.006420135498047,13.166354179382324,12.917044639587402,13.025235176086426,30869379
2016-03-23,7.001513957977295,12.583064079284668,12.893525123596191,12.42313003540039,12.827670097351074,24105276
2016-03-24,6.873266220092773,12.352570533752441,12.470169067382812,12.192635536193848,12.230267524719238,19821641
2016-03-28,7.208287715911865,12.954675674438477,13.105202674865723,12.592472076416016,12.884117126464844,29838756
2016-03-29,7.333926677703857,13.180465698242188,13.26513671875,12.6536226272583,13.015828132629395,25745599
2016-03-30,7.344398021697998,13.199281692504883,13.54737377166748,13.124017715454102,13.293360710144043,25079776
2016-03-31,7.0826568603515625,12.728886604309082,12.728886604309082,12.728886604309082,12.728886604309082,151362
2016-04-01,7.223993301391602,12.98289966583252,12.98289966583252,12.98289966583252,12.98289966583252,31037
2016-04-04,6.930378437042236,12.446649551391602,12.446649551391602,12.446649551391602,12.446649551391602,247239
2016-04-05,6.961806774139404,12.503096580505371,12.503096580505371,12.503096580505371,12.503096580505371,54634
2016-04-06,6.778463363647461,12.173821449279785,12.173821449279785,12.173821449279785,12.173821449279785,124150
2016-04-07,6.830847263336182,12.267900466918945,12.267900466918945,12.267900466918945,12.267900466918945,19983
2016-04-08,7.179200172424316,12.893525123596191,13.001715660095215,12.681846618652344,12.747701644897461,22920739
2016-04-11,7.299680709838867,13.109907150268555,13.109907150268555,13.109907150268555,13.109907150268555,54422
2016-04-12,7.642796993255615,13.726123809814453,13.726123809814453,13.726123809814453,13.726123809814453,100978
2016-04-13,8.407073974609375,15.098735809326172,15.098735809326172,15.098735809326172,15.098735809326172,312503
2016-04-14,7.517080783843994,13.500333786010742,14.017768859863281,13.326288223266602,13.904873847961426,30188887
2016-04-15,7.55112361907959,13.56148624420166,13.6743803024292,13.410959243774414,13.599117279052734,24838915
2016-04-18,7.508169174194336,13.48434066772461,13.71201229095459,13.173879623413086,13.45329475402832,22452699
2016-04-19,7.525457859039307,13.515386581420898,13.515386581420898,13.515386581420898,13.515386581420898,38458
2016-04-20,7.519692420959473,13.505038261413574,13.556781768798828,13.23597240447998,13.442946434020996,20546757
2016-04-22,7.361235618591309,13.220449447631836,13.380853652954102,13.116962432861328,13.194578170776367,15283482
2016-04-25,7.191249370574951,12.915163040161133,13.318761825561523,12.83237361907959,13.194578170776367,16770433
2016-04-26,7.4505486488342285,13.380853652954102,13.4481201171875,12.87894344329834,13.013476371765137,15378180
2016-04-27,7.712728023529053,13.85171890258789,13.960380554199219,13.380853652954102,13.380853652954102,27109521
2016-04-28,7.554267406463623,13.567130088806152,13.810324668884277,13.251495361328125,13.45329475402832,40427150
2016-04-29,7.462069511413574,13.401551246643066,13.732708930969238,13.246320724487305,13.686140060424805,27196682
2016-05-02,7.315134048461914,13.137660026550293,13.468817710876465,12.982428550720215,13.406725883483887,17665039
2016-05-03,7.162024974822998,12.853071212768555,13.111787796020508,12.728886604309082,12.847896575927734,29212203
2016-05-04,7.467655181884766,13.401551246643066,13.401551246643066,12.909989356994629,12.915163040161133,25984741
2016-05-05,7.280242443084717,13.065218925476074,13.63439655303955,12.946208953857422,13.510212898254395,21580705
2016-05-06,7.314842700958252,13.127310752868652,13.318761825561523,12.909989356994629,12.930685997009277,12477136
2016-05-09,7.360973358154297,13.210101127624512,13.349807739257812,12.57883071899414,12.946208953857422,36473993
2016-05-10,7.678134441375732,13.779278755187988,13.779278755187988,13.282541275024414,13.365330696105957,23659036
2016-05-11,7.7530951499938965,13.913810729980469,14.193225860595703,13.789627075195312,13.965555191040039,24617225
2016-05-12,7.920321941375732,14.213923454284668,14.384676933288574,13.743058204650879,14.07421588897705,27377574
2016-05-13,7.600281715393066,13.639571189880371,14.208748817443848,13.401551246643066,14.11561107635498,24756759
2016-05-16,7.467655181884766,13.401551246643066,13.737883567810059,13.354982376098633,13.546433448791504,14136090
2016-05-17,7.225454807281494,12.96690559387207,13.530909538269043,12.951382637023926,13.473992347717285,14381918
2016-05-18,7.257179260253906,13.023823738098145,13.349807739257812,12.806502342224121,12.82719898223877,22923677
2016-05-19,7.107243537902832,12.75475788116455,12.946208953857422,12.651270866394043,12.909989356994629,17903524
2016-05-20,7.029396057128906,12.61505126953125,12.982428550720215,12.547784805297852,12.920336723327637,10308359
2016-05-23,7.049579620361328,12.651270866394043,12.780630111694336,12.258021354675293,12.345985412597656,15825579
2016-05-24,7.069760322570801,12.687492370605469,12.889290809631348,12.537435531616211,12.790979385375977,11777144
2016-05-25,7.040927410125732,12.635747909545898,12.951382637023926,12.61505126953125,12.806502342224121,12818435
2016-05-27,6.940013885498047,12.454646110534668,12.811676025390625,12.366683006286621,12.65644645690918,12230535
2016-05-30,6.9198317527771,12.418425559997559,12.547784805297852,12.330462455749512,12.418425559997559,4255998
2016-05-31,6.5738420486450195,11.797505378723145,12.511564254760742,11.502567291259766,12.340810775756836,58986410
2016-06-01,6.694938659667969,12.014826774597168,12.128663063049316,11.6888427734375,11.95273494720459,27542813
2016-06-02,6.911067962646484,12.39255428314209,12.470169067382812,11.926862716674805,12.004478454589844,22413274
2016-06-03,6.945690631866455,12.454646110534668,12.666793823242188,12.320113182067871,12.470169067382812,19384484
2016-06-06,6.905296325683594,12.382205963134766,12.547784805297852,12.13901138305664,12.516738891601562,15182213
2016-06-07,6.994743347167969,12.542610168457031,12.57365608215332,12.237323760986328,12.340810775756836,14177448
2016-06-08,7.214057922363281,12.935859680175781,13.034173011779785,12.547784805297852,12.625399589538574,26825234
2016-06-09,7.2256011962890625,12.956558227539062,12.997953414916992,12.65644645690918,12.858244895935059,14854249
2016-06-10,6.937034606933594,12.439123153686523,12.853071212768555,12.43394947052002,12.775456428527832,11750087
2016-06-13,7.052460670471191,12.646097183227539,12.718538284301758,12.232150077819824,12.340810775756836,16523059
2016-06-14,6.913947582244873,12.39772891998291,12.83237361907959,12.17523193359375,12.60987663269043,23603763
2016-06-15,6.925493240356445,12.418425559997559,12.640922546386719,12.232150077819824,12.470169067382812,36633433
2016-06-16,7.029374599456787,12.60470199584961,12.651270866394043,12.113140106201172,12.21662712097168,19819902
2016-06-17,6.986089706420898,12.527087211608887,12.847896575927734,12.382205963134766,12.780630111694336,23682034
2016-06-20,7.101518154144287,12.734061241149902,12.925512313842773,12.651270866394043,12.806502342224121,20459210
2016-06-21,7.185198783874512,12.884117126464844,12.935859680175781,12.506389617919922,12.594353675842285,20287401
2016-06-22,7.170766353607178,12.858244895935059,13.194578170776367,12.759933471679688,12.909989356994629,19817969
2016-06-23,7.406245708465576,13.179055213928223,13.298065185546875,12.816849708557129,12.982428550720215,15928201
2016-06-24,7.2230424880981445,12.853071212768555,12.909989356994629,12.594353675842285,12.646097183227539,32914894
2016-06-27,6.938081741333008,12.345985412597656,12.941035270690918,12.268369674682617,12.863419532775879,33925071
2016-06-28,7.109640121459961,12.651270866394043,12.75475788116455,12.470169067382812,12.671969413757324,20548110
2016-06-29,7.281207084655762,12.956558227539062,12.982428550720215,12.723711967468262,12.816849708557129,21027978
2016-06-30,7.321913242340088,13.028999328613281,13.26184368133545,12.83237361907959,12.889290809631348,38885892
2016-07-01,7.449857711791992,13.256669998168945,13.318761825561523,12.909989356994629,13.080741882324219,24447928
2016-07-04,7.481568336486816,13.303238868713379,13.468817710876465,13.287715911865234,13.354982376098633,7497954
2016-07-05,7.478659629821777,13.298065185546875,13.391202926635742,13.06004524230957,13.246320724487305,10983227
2016-07-06,7.478659629821777,13.298065185546875,13.344634056091309,12.946208953857422,13.168705940246582,14151937
2016-07-07,7.507760047912598,13.349807739257812,13.546433448791504,13.204925537109375,13.287715911865234,15144527
2016-07-08,7.714364051818848,13.717185974121094,13.732708930969238,13.380853652954102,13.45329475402832,21797350
2016-07-11,7.801669120788574,13.872417449951172,13.913810729980469,13.577479362487793,13.763754844665527,13592639
2016-07-12,7.73764705657959,13.758581161499023,14.048343658447266,13.70166301727295,13.970728874206543,22926189
2016-07-13,7.909337043762207,14.06386661529541,14.06386661529541,13.649920463562012,13.722360610961914,19348151
2016-07-14,8.235255241394043,14.643394470214844,14.648568153381348,14.229446411132812,14.229446411132812,39439972
2016-07-15,8.235255241394043,14.643394470214844,14.798624038696289,14.519209861755371,14.643394470214844,18994483
2016-07-18,8.406943321228027,14.94867992401123,15.005598068237305,14.601999282836914,14.622696876525879,24600024
2016-07-19,8.374931335449219,14.891762733459473,14.959029197692871,14.762404441833496,14.907285690307617,14239871
2016-07-20,8.447688102722168,15.02112102508545,15.083212852478027,14.726183891296387,14.95385456085205,18119783
2016-07-21,8.383663177490234,14.907285690307617,15.093562126159668,14.658917427062988,15.005598068237305,23175496
2016-07-22,8.438956260681152,15.005598068237305,15.109085083007812,14.783101081848145,14.907285690307617,13327292
2016-07-25,8.412762641906738,14.959029197692871,15.140130996704102,14.80379867553711,15.078039169311523,12337988
2016-07-26,8.345833778381348,14.840019226074219,15.046993255615234,14.80379867553711,14.95385456085205,11948373
2016-07-27,8.374931335449219,14.891762733459473,15.134957313537598,14.834844589233398,14.886588096618652,20073847
2016-07-28,8.002456665039062,14.229446411132812,14.798624038696289,14.089738845825195,14.746880531311035,46027280
2016-07-29,8.252715110778809,14.674440383911133,14.746880531311035,14.177702903747559,14.203575134277344,23099544
2016-08-01,8.264351844787598,14.695137023925781,14.995248794555664,14.658917427062988,14.721009254455566,13228342
2016-08-02,8.162138938903809,14.503686904907227,14.814146995544434,14.265666961669922,14.570953369140625,27382599
2016-08-03,8.35141372680664,14.840019226074219,14.855542182922363,14.384676933288574,14.436420440673828,17367417
2016-08-04,8.441681861877441,15.0004243850708,15.134957313537598,14.876239776611328,14.902111053466797,19956151
2016-08-05,8.494104385375977,15.093562126159668,15.155653953552246,14.80897331237793,15.03147029876709,14449366
2016-08-08,8.409648895263672,14.943506240844727,15.093562126159668,14.881414413452148,14.984901428222656,10702998
2016-08-09,8.365967750549316,14.865891456604004,15.093562126159668,14.793450355529785,14.99007511138916,12220485
2016-08-10,8.246580123901367,14.653742790222168,14.99007511138916,14.431245803833008,14.902111053466797,17840134
2016-08-11,8.491182327270508,15.088388442993164,15.098735809326172,14.55543041229248,14.669265747070312,18687198
2016-08-12,8.502835273742676,15.109085083007812,15.264314651489258,14.97972583770752,15.0004243850708,14100143
2016-08-15,8.628050804138184,15.331582069396973,15.404023170471191,15.093562126159668,15.155653953552246,10584336
2016-08-16,8.4970121383667,15.098735809326172,15.305709838867188,15.041818618774414,15.248791694641113,23168345
2016-08-17,8.593103408813477,15.269490242004395,15.269490242004395,14.865891456604004,15.052166938781738,18498962
2016-08-18,8.6163969039917,15.310884475708008,15.378150939941406,15.098735809326172,15.21257209777832,14335149
2016-08-19,8.56689453125,15.222921371459961,15.285013198852539,14.984901428222656,15.238444328308105,13751500
2016-08-22,8.336854934692383,14.814146995544434,15.21257209777832,14.757229804992676,15.16082763671875,11787966
2016-08-23,8.246580123901367,14.653742790222168,15.088388442993164,14.643394470214844,14.95385456085205,23305561
2016-08-24,8.18834400177002,14.55025577545166,14.689963340759277,14.395026206970215,14.59165096282959,13735653
2016-08-25,8.226202964782715,14.617522239685059,14.746880531311035,14.498512268066406,14.59165096282959,12534341
2016-08-26,8.339764595031738,14.819321632385254,15.067689895629883,14.55543041229248,14.721009254455566,22092074
2016-08-29,8.491182327270508,15.088388442993164,15.186699867248535,14.73135757446289,14.876239776611328,11415939
2016-08-30,8.5173921585083,15.134957313537598,15.207398414611816,14.959029197692871,15.16082763671875,9759497
2016-08-31,8.462061882019043,15.036643981933594,15.404023170471191,14.865891456604004,15.140130996704102,26165247
2016-09-01,8.377622604370117,14.886588096618652,15.124608039855957,14.80379867553711,15.098735809326172,23760691
2016-09-02,8.62208366394043,15.310884475708008,15.367801666259766,14.97972583770752,15.010771751403809,22081638
2016-09-05,8.651217460632324,15.362627983093262,15.512683868408203,15.186699867248535,15.367801666259766,7757697
2016-09-06,8.741555213928223,15.523033142089844,15.523033142089844,15.228095054626465,15.46611499786377,12818242
2016-09-08,8.858108520507812,15.730006217956543,15.761052131652832,15.305709838867188,15.46094036102295,26499009
2016-09-09,8.368578910827637,14.860715866088867,15.517857551574707,14.834844589233398,15.471288681030273,25256339
2016-09-12,8.397725105285645,14.912460327148438,14.917634010314941,14.617522239685059,14.788275718688965,21173117
2016-09-13,8.048053741455078,14.291539192199707,14.715834617614746,14.14665699005127,14.669265747070312,31728657
2016-09-14,8.11507797241211,14.41054916381836,14.565778732299805,14.281189918518066,14.431245803833008,21088662
2016-09-15,8.336525917053223,14.80379867553711,14.886588096618652,14.395026206970215,14.431245803833008,21344153
2016-09-16,8.18500804901123,14.534732818603516,14.77792739868164,14.374327659606934,14.705486297607422,29287188
2016-09-19,8.228717803955078,14.612347602844238,14.886588096618652,14.467466354370117,14.767578125,15799876
2016-09-20,8.319040298461914,14.77275276184082,14.855542182922363,14.664091110229492,14.721009254455566,14812118
2016-09-21,8.482219696044922,15.062516212463379,15.088388442993164,14.617522239685059,14.94867992401123,27672877
2016-09-22,8.645398139953613,15.352278709411621,15.419546127319336,15.17117691040039,15.222921371459961,16932580
2016-09-23,8.662879943847656,15.38332462310791,15.404023170471191,15.166003227233887,15.300536155700684,18691063
2016-09-26,8.555066108703613,15.191875457763672,15.25396728515625,15.124608039855957,15.191875457763672,8892720
2016-09-27,8.732810020446777,15.5075101852417,15.523033142089844,15.072864532470703,15.264314651489258,23310199
2016-09-28,8.785263061523438,15.600647926330566,15.65239143371582,15.341931343078613,15.543729782104492,18221052
2016-09-29,8.639568328857422,15.341931343078613,15.678262710571289,15.248791694641113,15.528206825256348,21240951
2016-09-30,8.645398139953613,15.352278709411621,15.548904418945312,15.24361801147461,15.336755752563477,18724884
2016-10-03,8.868144035339355,15.4143705368042,15.46094036102295,15.005598068237305,15.057341575622559,17791046
2016-10-04,8.995920181274414,15.626519203186035,15.667914390563965,15.378150939941406,15.419546127319336,41553670
2016-10-05,9.067414283752441,15.750703811645508,15.885236740112305,15.63686752319336,15.678262710571289,16715161
2016-10-06,9.067414283752441,15.750703811645508,15.823144912719727,15.626519203186035,15.755878448486328,21767782
2016-10-07,9.195497512817383,15.973200798034668,15.973200798034668,15.693785667419434,15.890411376953125,18620330
2016-10-10,9.19251823425293,15.968026161193848,16.16465187072754,15.911108016967773,16.04046630859375,13712268
2016-10-11,9.15975284576416,15.911108016967773,15.947328567504883,15.755878448486328,15.83349323272705,15691456
2016-10-13,9.171670913696289,15.931805610656738,16.024944305419922,15.595473289489746,15.735180854797363,27578566
2016-10-14,9.246138572692871,16.06116485595703,16.20087242126465,16.030118942260742,16.05599021911621,19806374
2016-10-17,9.430822372436523,16.381973266601562,16.381973266601562,15.993898391723633,16.10773277282715,24571422
2016-10-18,9.660189628601074,16.780397415161133,16.868362426757812,16.314706802368164,16.376798629760742,29082718
2016-10-19,9.5916748046875,16.661388397216797,16.93562889099121,16.60964584350586,16.702783584594727,17068635
2016-10-20,9.731678009033203,16.904582977294922,16.94597625732422,16.423368453979492,16.45441436767578,21212542
2016-10-21,9.639336585998535,16.744178771972656,16.89423370361328,16.702783584594727,16.785572052001953,12218939
2016-10-24,9.546993255615234,16.583772659301758,16.91493034362793,16.49063491821289,16.816619873046875,15456837
2016-10-25,9.502312660217285,16.50615882873535,16.630342483520508,16.278486251831055,16.48546028137207,19167645
2016-10-26,9.463589668273926,16.438892364501953,16.60964584350586,16.330230712890625,16.361276626586914,21969739
2016-10-27,9.621463775634766,16.713132858276367,16.868362426757812,16.428543090820312,16.428543090820312,17341907
2016-10-28,9.657208442687988,16.775224685668945,16.863187789916992,16.55790138244629,16.630342483520508,13992304
2016-10-31,9.961050033569336,17.303007125854492,17.33405303955078,16.89423370361328,16.89423370361328,24715788
2016-11-01,9.669123649597168,16.795921325683594,17.38579750061035,16.661388397216797,17.33405303955078,19360133
2016-11-03,9.43931770324707,16.387147903442383,17.023591995239258,16.340578079223633,16.697608947753906,22071008
2016-11-04,9.43931770324707,16.387147903442383,16.64069175720215,16.12843132019043,16.397497177124023,18425909
2016-11-07,9.767173767089844,16.95632553100586,17.04429054260254,16.645864486694336,16.847665786743164,17696734
2016-11-08,9.761214256286621,16.94597625732422,17.313356399536133,16.754526138305664,16.951152801513672,13842526
2016-11-09,9.492965698242188,16.48028564453125,16.96150016784668,16.206045150756836,16.206045150756836,27302589
2016-11-10,8.64649772644043,15.010771751403809,16.692434310913086,14.912460327148438,16.542377471923828,77904942
2016-11-11,8.66140079498291,15.036643981933594,15.39367389678955,14.472640991210938,14.95385456085205,58245446
2016-11-14,8.723986625671387,15.145304679870605,15.295360565185547,14.834844589233398,14.94867992401123,29182054
2016-11-16,8.85513973236084,15.372977256774902,15.65756607055664,15.109085083007812,15.341931343078613,22315290
2016-11-17,8.577946662902832,14.891762733459473,15.626519203186035,14.865891456604004,15.574775695800781,20415340
2016-11-18,8.726968765258789,15.150480270385742,15.248791694641113,14.80897331237793,14.881414413452148,21232255
2016-11-21,8.777640342712402,15.238444328308105,15.38332462310791,15.0004243850708,15.316059112548828,20275998
2016-11-22,8.837251663208008,15.341931343078613,15.621344566345215,15.119434356689453,15.512683868408203,21153791
2016-11-23,8.875997543334961,15.409196853637695,15.440242767333984,15.186699867248535,15.25396728515625,12491051
2016-11-24,8.7925443649292,15.264314651489258,15.42989444732666,15.191875457763672,15.419546127319336,5282794
2016-11-25,8.834274291992188,15.336755752563477,15.352278709411621,14.964202880859375,15.057341575622559,11782362
2016-11-28,8.94455623626709,15.528206825256348,15.585124969482422,15.176351547241211,15.341931343078613,12335862
2016-11-29,8.66140079498291,15.036643981933594,15.491987228393555,15.036643981933594,15.38332462310791,18552881
2016-11-30,8.867058753967285,15.39367389678955,15.559252738952637,15.233268737792969,15.310884475708008,18859587
2016-12-01,8.372293472290039,14.534732818603516,15.16082763671875,14.41054916381836,15.083212852478027,40935234
2016-12-02,8.50619888305664,14.757229804992676,14.860715866088867,14.198399543762207,14.36397933959961,23903704
2016-12-05,8.461461067199707,14.679614067077637,14.860715866088867,14.524383544921875,14.824496269226074,13405949
2016-12-06,8.643396377563477,14.995248794555664,15.072864532470703,14.446768760681152,14.524383544921875,21152438
2016-12-07,8.58970832824707,14.902111053466797,15.21257209777832,14.762404441833496,15.067689895629883,22511837
2016-12-08,8.500231742858887,14.746880531311035,15.046993255615234,14.689963340759277,15.0004243850708,13693329
2016-12-09,8.613572120666504,14.943506240844727,15.041818618774414,14.767578125,15.03147029876709,21613559
2016-12-12,8.255663871765137,14.322585105895996,14.834844589233398,14.229446411132812,14.715834617614746,17890382
2016-12-13,8.288472175598145,14.379502296447754,14.705486297607422,14.229446411132812,14.229446411132812,22231608
2016-12-14,8.190049171447754,14.208748817443848,14.51403522491455,14.208748817443848,14.405373573303223,25843853
2016-12-15,8.216886520385742,14.255317687988281,14.374327659606934,13.92933464050293,14.177702903747559,20723978
2016-12-16,8.17215633392334,14.177702903747559,14.472640991210938,14.162179946899414,14.374327659606934,24946735
2016-12-19,7.993200778961182,13.867241859436035,14.317410469055176,13.815499305725098,14.203575134277344,18388223
2016-12-20,8.166186332702637,14.167353630065918,14.343281745910645,13.970728874206543,13.97590446472168,18498962
2016-12-21,8.097591400146484,14.048343658447266,14.322585105895996,13.970728874206543,14.317410469055176,15881432
2016-12-22,8.062145233154297,13.841370582580566,13.965555191040039,13.67061710357666,13.92933464050293,20145547
2016-12-23,8.230923652648926,14.131134033203125,14.255317687988281,13.862068176269531,13.862068176269531,21059866
2016-12-26,8.381616592407227,14.389850616455078,14.420896530151367,14.120784759521484,14.120784759521484,4191642
2016-12-27,8.300241470336914,14.250144004821777,14.529558181762695,14.15700626373291,14.488163948059082,11211082
2016-12-28,8.598618507385254,14.762404441833496,14.798624038696289,14.291539192199707,14.322585105895996,13852383
2016-12-29,8.74027156829834,15.005598068237305,15.005598068237305,14.55025577545166,14.819321632385254,13093446
2017-01-02,8.679991722106934,14.902111053466797,14.902111053466797,14.746880531311035,14.886588096618652,5198726
2017-01-03,9.047623634338379,15.523033142089844,15.564427375793457,14.95385456085205,15.005598068237305,26106302
2017-01-04,8.990318298339844,15.42471981048584,15.574775695800781,15.347105026245117,15.388500213623047,15809152
2017-01-05,9.089838981628418,15.595473289489746,15.714483261108398,15.300536155700684,15.43506908416748,17786601
2017-01-06,9.147147178649902,15.693785667419434,15.693785667419434,15.476463317871094,15.60582160949707,10221778
2017-01-09,9.159207344055176,15.714483261108398,15.776575088500977,15.486811637878418,15.585124969482422,13939737
2017-01-10,9.159207344055176,15.714483261108398,15.86453914642334,15.61099624633789,15.781749725341797,12783841
2017-01-11,9.228575706481934,15.83349323272705,15.86453914642334,15.600647926330566,15.807621955871582,10811031
2017-01-12,9.445714950561523,16.206045150756836,16.376798629760742,16.143953323364258,16.221569061279297,31209751
2017-01-13,9.370323181152344,16.07668685913086,16.345752716064453,15.978375434875488,16.206045150756836,17513909
2017-01-16,9.38841724395752,16.10773277282715,16.190523147583008,15.936980247497559,16.09221076965332,9275571
2017-01-17,9.656826972961426,16.56825065612793,16.635517120361328,16.035293579101562,16.07151222229004,15900758
2017-01-18,9.560321807861328,16.402671813964844,16.60447120666504,16.309532165527344,16.56825065612793,12131585
2017-01-19,9.55127239227295,16.387147903442383,16.49063491821289,16.226743698120117,16.366451263427734,13241870
2017-01-20,9.506033897399902,16.309532165527344,16.51133155822754,16.16982650756836,16.475112915039062,20708903
2017-01-23,9.723176956176758,16.682086944580078,16.754526138305664,16.242265701293945,16.262964248657227,20906996
2017-01-24,9.686984062194824,16.619993209838867,16.754526138305664,16.433717727661133,16.661388397216797,13328258
2017-01-26,9.904129981994629,16.99254608154297,17.121904373168945,16.702783584594727,16.904582977294922,19825120
2017-01-27,9.934284210205078,17.04429054260254,17.142602920532227,16.847665786743164,16.92527961730957,11795697
2017-01-30,9.759366989135742,16.744178771972656,17.008068084716797,16.53203010559082,16.8994083404541,14959962
2017-01-31,9.861909866333008,16.920106887817383,16.98219871520996,16.573423385620117,16.770050048828125,11291672
2017-02-01,9.780478477478027,16.780397415161133,17.303007125854492,16.764875411987305,17.075336456298828,26636611
2017-02-02,9.415031433105469,16.143953323364258,16.262964248657227,15.890411376953125,16.05081558227539,50476346
2017-02-03,9.644378662109375,16.53720474243164,16.656213760375977,16.030118942260742,16.04046630859375,25759592
2017-02-06,9.445210456848145,16.195697784423828,16.671737670898438,16.10773277282715,16.588947296142578,23888823
2017-02-07,9.430123329162598,16.16982650756836,16.48546028137207,15.993898391723633,16.438892364501953,20375914
2017-02-08,9.605144500732422,16.469938278198242,16.469938278198242,16.04046630859375,16.190523147583008,14294564
2017-02-09,9.662480354309082,16.56825065612793,16.666563034057617,16.314706802368164,16.475112915039062,18701306
2017-02-10,9.80732536315918,16.816619873046875,16.920106887817383,16.52685546875,16.55272674560547,22402451
2017-02-13,9.834484100341797,16.863187789916992,16.94080352783203,16.583772659301758,16.920106887817383,17255519
2017-02-14,9.774130821228027,16.759700775146484,16.85283851623535,16.583772659301758,16.84248924255371,15699187
2017-02-15,9.98536491394043,17.121904373168945,17.189170837402344,16.837316513061523,16.84248924255371,24390143
2017-02-16,9.952174186706543,17.064987182617188,17.35992431640625,16.94597625732422,17.070161819458008,20673537
2017-02-17,9.931052207946777,17.028766632080078,17.080509185791016,16.759700775146484,16.93045425415039,10117417
2017-02-20,9.970285415649414,17.096033096313477,17.173648834228516,16.98737144470215,17.08568572998047,7602702
2017-02-21,10.250922203063965,17.577247619628906,17.618642807006836,17.142602920532227,17.142602920532227,16403237
2017-02-22,10.317303657531738,17.691083908081055,17.77387237548828,17.44271469116211,17.551376342773438,19062125
2017-02-23,10.160391807556152,17.422016143798828,17.86701011657715,17.246089935302734,17.794570922851562,24054641
2017-02-24,10.084948539733887,17.29265785217285,17.494457244873047,17.075336456298828,17.168474197387695,12713108
2017-03-01,9.994422912597656,17.137428283691406,17.42719078063965,17.090858459472656,17.349576950073242,10137129
2017-03-02,9.963916778564453,17.075336456298828,17.189170837402344,16.89423370361328,17.096033096313477,18873309
2017-03-03,10.199430465698242,17.47893524169922,17.525503158569336,17.106382369995117,17.121904373168945,13436484
2017-03-06,10.099786758422852,17.308181762695312,17.582422256469727,17.209869384765625,17.453062057495117,9644313
2017-03-07,9.963916778564453,17.075336456298828,17.38062286376953,17.04429054260254,17.38062286376953,18266275
2017-03-08,9.794832229614258,16.785572052001953,17.075336456298828,16.635517120361328,17.075336456298828,13215587
2017-03-09,9.707271575927734,16.635517120361328,16.878711700439453,16.52168083190918,16.60964584350586,20693056
2017-03-10,9.652921676635742,16.542377471923828,17.075336456298828,16.438892364501953,16.780397415161133,22677269
2017-03-13,9.773697853088379,16.749351501464844,16.87353515625,16.55790138244629,16.573423385620117,11704478
2017-03-14,9.692173957824707,16.60964584350586,16.88388442993164,16.583772659301758,16.630342483520508,12045777
2017-03-15,9.864277839660645,16.904582977294922,17.0339412689209,16.469938278198242,16.692434310913086,19100197
2017-03-16,9.818984031677246,16.826967239379883,16.99254608154297,16.52685546875,16.920106887817383,13849290
2017-03-17,9.517050743103027,16.309532165527344,17.018417358398438,16.299184799194336,17.01324462890625,31875342
2017-03-20,9.686138153076172,16.59929656982422,16.676910400390625,16.102558135986328,16.247440338134766,21741305
2017-03-21,9.399293899536133,16.10773277282715,16.60964584350586,15.962851524353027,16.60964584350586,24866725
2017-03-22,9.435527801513672,16.16982650756836,16.423368453979492,15.957677841186523,16.04046630859375,15341460
2017-03-23,9.444587707519531,16.185348510742188,16.330230712890625,15.942153930664062,15.988723754882812,13128426
2017-03-24,9.580456733703613,16.418193817138672,16.469938278198242,16.143953323364258,16.247440338134766,11653070
2017-03-27,9.6619873046875,16.55790138244629,16.57859992980957,16.174999237060547,16.330230712890625,8985099
2017-03-28,9.716324806213379,16.651039123535156,16.697608947753906,16.15947723388672,16.53203010559082,16014009
2017-03-29,9.918624877929688,16.99772071838379,17.116731643676758,16.51650619506836,16.52168083190918,18390156
2017-03-30,9.855218887329102,16.88905906677246,17.173648834228516,16.733829498291016,17.168474197387695,18144134
2017-03-31,9.776713371276855,16.754526138305664,16.99772071838379,16.666563034057617,16.811443328857422,13043005
2017-04-03,9.825023651123047,16.837316513061523,16.94597625732422,16.661388397216797,16.713132858276367,10093452
2017-04-04,9.90024471282959,16.95632553100586,17.023591995239258,16.713132858276367,16.764875411987305,11639349
2017-04-05,9.697824478149414,16.60964584350586,17.03911590576172,16.44923973083496,17.03911590576172,16092473
2017-04-06,9.595110893249512,16.433717727661133,16.64069175720215,16.226743698120117,16.48028564453125,17316590
2017-04-07,9.61625862121582,16.469938278198242,16.702783584594727,16.361276626586914,16.397497177124023,11775404
2017-04-10,9.676676750183105,16.573423385620117,16.671737670898438,16.340578079223633,16.469938278198242,34252842
2017-04-11,9.700849533081055,16.614818572998047,16.759700775146484,16.216394424438477,16.635517120361328,21709610
2017-04-12,9.604167938232422,16.44923973083496,16.682086944580078,16.376798629760742,16.583772659301758,25369204
2017-04-13,9.311127662658691,15.947328567504883,16.44923973083496,15.947328567504883,16.371625900268555,24990992
2017-04-17,9.72804069519043,16.661388397216797,16.739004135131836,16.04046630859375,16.09221076965332,25084530
2017-04-18,9.670636177062988,16.56307601928711,16.88388442993164,16.402671813964844,16.583772659301758,18618977
2017-04-19,9.573959350585938,16.397497177124023,16.759700775146484,16.288835525512695,16.713132858276367,13631872
2017-04-20,9.407795906066895,16.11290740966797,16.55272674560547,15.988723754882812,16.51133155822754,23396007
2017-04-24,9.579998970031738,16.40784454345703,16.64069175720215,16.299184799194336,16.44923973083496,25987833
2017-04-25,9.667621612548828,16.55790138244629,16.60964584350586,16.221569061279297,16.299184799194336,15305513
2017-04-26,9.830757141113281,16.837316513061523,17.008068084716797,16.402671813964844,16.45441436767578,32025120
2017-04-27,10.117767333984375,17.32887840270996,17.468585968017578,17.03911590576172,17.075336456298828,42093642
2017-04-28,10.093597412109375,17.28748321533203,17.32370376586914,17.075336456298828,17.282310485839844,20841867
2017-05-02,10.36519718170166,17.75265884399414,17.9177188873291,17.43960952758789,17.57621192932129,21791254
2017-05-03,10.358209609985352,17.729890823364258,17.809574127197266,17.445301055908203,17.718507766723633,21376797
2017-05-04,10.205241203308105,17.468069076538086,17.764041900634766,17.39976692199707,17.633129119873047,20653121
2017-05-05,10.21854305267334,17.490835189819336,17.621746063232422,17.39976692199707,17.49652862548828,10338068
2017-05-08,10.211894989013672,17.47945213317871,17.690048217773438,17.365617752075195,17.468069076538086,11538923
2017-05-09,10.30167293548584,17.633129119873047,17.77542495727539,17.50221824645996,17.650205612182617,11304901
2017-05-10,10.454639434814453,17.89495277404785,17.980329513549805,17.769733428955078,17.81526756286621,14828053
2017-05-11,10.517822265625,18.003095626831055,18.037246704101562,17.81526756286621,17.87218475341797,13937646
2017-05-12,10.624227523803711,18.185232162475586,18.316144943237305,18.09416389465332,18.11124038696289,18794827
2017-05-15,10.640852928161621,18.21369171142578,18.299068450927734,17.997404098510742,18.299068450927734,16892258
2017-05-16,10.65748119354248,18.242151260375977,18.299068450927734,18.0543212890625,18.281993865966797,11598131
2017-05-17,10.447989463806152,17.883567810058594,18.202308654785156,17.661588668823242,18.07139778137207,17191110
2017-05-18,9.077980041503906,15.538556098937988,16.278486251831055,14.536803245544434,14.536803245544434,90429550
2017-05-19,9.227615356445312,15.794686317443848,16.272794723510742,15.783302307128906,16.045124053955078,42561914
2017-05-22,8.964917182922363,15.3450345993042,15.67515754699707,15.060445785522461,15.578397750854492,36396003
2017-05-23,9.024775505065918,15.447486877441406,15.709308624267578,15.3450345993042,15.396261215209961,25250278
2017-05-24,9.127854347229004,15.623931884765625,16.039432525634766,15.595473289489746,15.715001106262207,20439480
2017-05-25,9.064674377441406,15.515788078308105,15.851602554321289,15.288117408752441,15.749151229858398,19232124
2017-05-26,9.274168014526367,15.874370574951172,15.982514381408691,15.538556098937988,15.646698951721191,16851673
2017-05-29,9.274168014526367,15.874370574951172,15.874370574951172,15.874370574951172,15.874370574951172,0
2017-05-30,9.327374458312988,15.965438842773438,15.982514381408691,15.709308624267578,15.709308624267578,11403113
2017-05-31,9.151134490966797,15.663775444030762,16.03373908996582,15.663775444030762,15.93128776550293,19832991
2017-06-01,9.101256370544434,15.578397750854492,15.806069374084473,15.447486877441406,15.743459701538086,12689530
2017-06-02,8.974465370178223,15.350727081298828,15.726384162902832,15.225507736206055,15.686541557312012,23255295
2017-06-05,8.96781063079834,15.339343070983887,15.481637954711914,15.16858959197998,15.225507736206055,9915178
2017-06-06,9.087604522705078,15.544246673583984,15.67515754699707,15.322267532348633,15.339343070983887,11464605
2017-06-07,9.234015464782715,15.794686317443848,15.823144912719727,15.618241310119629,15.794686317443848,11706357
2017-06-08,9.094259262084961,15.555630683898926,15.709308624267578,15.401952743530273,15.709308624267578,13345212
2017-06-09,8.907917022705078,15.23689079284668,15.65239143371582,15.225507736206055,15.65239143371582,14258284
2017-06-12,8.76483154296875,14.992144584655762,15.259657859802246,14.758782386779785,15.219816207885742,29742722
2017-06-13,8.694948196411133,14.8726167678833,15.16858959197998,14.855542182922363,15.049062728881836,28608455
2017-06-14,9.031030654907227,15.447486877441406,15.527172088623047,15.094596862792969,15.094596862792969,44258571
2017-06-15,9.031030654907227,15.447486877441406,15.447486877441406,15.447486877441406,15.447486877441406,0
2017-06-16,8.987776756286621,15.373494148254395,15.413335800170898,15.197049140930176,15.350727081298828,24328949
2017-06-19,9.011065483093262,15.413335800170898,15.589781761169434,15.288117408752441,15.327960014343262,8123295
2017-06-20,8.801433563232422,15.054754257202148,15.447486877441406,15.02629566192627,15.310884475708008,17963452
2017-06-21,8.751519203186035,14.969378471374512,15.248274803161621,14.8726167678833,15.157205581665039,14099458
2017-06-22,8.861326217651367,15.157205581665039,15.179973602294922,14.87830924987793,14.99783706665039,9682737
2017-06-23,8.788121223449707,15.031987190246582,15.248274803161621,14.98645305633545,15.100289344787598,6094755
2017-06-26,9.184103012084961,15.709308624267578,15.749151229858398,15.16858959197998,15.197049140930176,25899987
2017-06-27,9.080945014953613,15.53286361694336,15.783302307128906,15.447486877441406,15.67515754699707,24657493
2017-06-28,9.15748119354248,15.663775444030762,15.715001106262207,15.367801666259766,15.635315895080566,13164777
2017-06-29,9.200738906860352,15.737768173217773,15.817453384399414,15.453179359436035,15.76053524017334,11493770
2017-06-30,9.36711311340332,16.022357940673828,16.073583602905273,15.732075691223145,15.828836441040039,14842635
2017-07-03,9.447437286376953,16.05081558227539,16.136192321777344,15.885753631591797,16.005281448364258,12965191
2017-07-04,9.460505485534668,16.062198638916016,16.119117736816406,15.93128776550293,15.936980247497559,5349821
2017-07-05,9.463851928710938,16.067890167236328,16.141883850097656,15.800376892089844,16.102041244506836,13830649
2017-07-06,9.326403617858887,15.834527969360352,16.102041244506836,15.800376892089844,16.039432525634766,14871097
2017-07-07,9.336462020874023,15.851602554321289,15.982514381408691,15.612548828125,15.90282917022705,21390325
2017-07-10,9.440390586853027,16.02804946899414,16.096349716186523,15.828836441040039,15.914213180541992,21645430
2017-07-11,9.604657173156738,16.30694580078125,16.34678840637207,15.9483642578125,16.02804946899414,11721994
2017-07-12,9.859435081481934,16.739521026611328,16.78505516052246,16.375246047973633,16.50615882873535,29220214
2017-07-13,9.9465970993042,16.88750648498535,17.007034301757812,16.74521255493164,16.77936363220215,24366723
2017-07-14,9.956656455993652,16.904582977294922,17.024110794067383,16.81920623779297,17.007034301757812,17851712
2017-07-17,9.889610290527344,16.790746688842773,16.893199920654297,16.676910400390625,16.893199920654297,12200755
2017-07-18,10.013649940490723,17.0013427734375,17.0013427734375,16.608610153198242,16.773672103881836,13595574
2017-07-19,9.889610290527344,16.790746688842773,17.069644927978516,16.70536994934082,17.0013427734375,20218811
2017-07-20,9.856090545654297,16.733829498291016,17.0013427734375,16.72813606262207,16.796438217163086,16250455
2017-07-21,9.815853118896484,16.66552734375,16.813514709472656,16.574459075927734,16.733829498291016,11725859
2017-07-24,9.899669647216797,16.80782127380371,16.836280822753906,16.631376266479492,16.77936363220215,10448754
2017-07-25,10.060583114624023,17.08102798461914,17.115177154541016,16.847665786743164,16.876123428344727,29064024
2017-07-26,9.973423957824707,16.933040618896484,17.24039649963379,16.85904884338379,17.086719512939453,25062815
2017-07-27,9.960014343261719,16.910274505615234,17.092411041259766,16.750904083251953,17.075336456298828,16651209
2017-07-28,9.973423957824707,16.933040618896484,16.967191696166992,16.762287139892578,16.813514709472656,9378438
2017-07-31,10.120929718017578,17.18347930908203,17.189170837402344,16.8647403717041,16.98426628112793,16801250
2017-08-01,10.244967460632324,17.394075393676758,17.456684112548828,17.14363670349121,17.18347930908203,19170105
2017-08-02,10.385510444641113,17.621746063232422,17.701431274414062,17.314390182495117,17.354232788085938,22867895
2017-08-03,10.382157325744629,17.61605453491211,17.729890823364258,17.51929473876953,17.542062759399414,11301914
2017-08-04,10.392221450805664,17.633129119873047,17.707122802734375,17.55913734436035,17.61605453491211,12293344
2017-08-07,10.512981414794922,17.83803367614746,17.883567810058594,17.598979949951172,17.644514083862305,13046536
2017-08-08,10.623680114746094,18.025863647460938,18.264917373657227,17.764041900634766,17.803884506225586,23748990
2017-08-09,10.630393028259277,18.037246704101562,18.037246704101562,17.803884506225586,17.900644302368164,10366355
2017-08-10,10.529754638671875,17.866493225097656,18.09416389465332,17.701431274414062,18.09416389465332,11211082
2017-08-11,10.623680114746094,18.025863647460938,18.09416389465332,17.741273880004883,17.820959091186523,14456816
2017-08-14,10.835010528564453,18.384445190429688,18.458438873291016,17.957561492919922,17.986019134521484,18590321
2017-08-15,10.86185073852539,18.42997932434082,18.634883880615234,18.39013671875,18.46982192993164,12444967
2017-08-16,10.86185073852539,18.42997932434082,18.60642433166504,18.219383239746094,18.521047592163086,23259688
2017-08-17,10.77127742767334,18.27630043029785,18.441362380981445,18.20800018310547,18.327526092529297,11509231
2017-08-18,10.992667198181152,18.651958465576172,18.697492599487305,18.259225845336914,18.299068450927734,16628896
2017-08-21,10.989327430725098,18.64626693725586,18.782869338989258,18.5267391204834,18.691801071166992,11117965
2017-08-22,11.237553596496582,19.06745719909668,19.181293487548828,18.731643676757812,18.782869338989258,23973349
2017-08-23,11.3381929397583,19.23821258544922,19.34066390991211,19.010541915893555,19.06745719909668,16114997
2017-08-24,11.37508773803711,19.30082130432129,19.374814987182617,19.186986923217773,19.26667022705078,19674517
2017-08-25,11.385153770446777,19.31789779663086,19.386198043823242,19.198368072509766,19.31789779663086,12341660
2017-08-28,11.210715293884277,19.021923065185547,19.38050651550293,18.896705627441406,19.352046966552734,22816592
2017-08-29,11.4019193649292,19.346355438232422,19.346355438232422,18.839786529541016,18.98208236694336,13016141
2017-08-30,11.287869453430176,19.152835845947266,19.369123458862305,19.010541915893555,19.346355438232422,11425075
2017-08-31,11.264389038085938,19.112993240356445,19.26097869873047,18.930856704711914,19.22113609313965,14205752
2017-09-01,11.499204635620117,19.511417388916016,19.71632194519043,19.215444564819336,19.215444564819336,14556433
2017-09-04,11.495502471923828,19.494342803955078,19.50003433227539,19.30082130432129,19.448808670043945,7439853
2017-09-05,11.33104419708252,19.215444564819336,19.864307403564453,18.993465423583984,19.801698684692383,31203426
2017-09-06,11.502215385437012,19.505725860595703,19.6423282623291,19.3065128326416,19.369123458862305,26445335
2017-09-07,11.502215385437012,19.505725860595703,19.505725860595703,19.505725860595703,19.505725860595703,0
2017-09-08,11.411596298217773,19.352046966552734,19.59679412841797,19.3065128326416,19.58540916442871,14782197
2017-09-11,11.851275444030762,20.09766960144043,20.205814361572266,19.568334579467773,19.625253677368164,19469484
2017-09-12,11.834491729736328,20.069211959838867,20.39364242553711,19.983835220336914,19.983835220336914,17319717
2017-09-13,11.88484001159668,20.15458869934082,20.325342178344727,20.01229476928711,20.109054565429688,17968723
2017-09-14,11.79422378540039,20.00090980529785,20.245656967163086,19.9781436920166,20.040752410888672,14347887
2017-09-15,12.04594612121582,20.427793502807617,20.4505615234375,19.909841537475586,20.063520431518555,30785279
2017-09-18,12.149996757507324,20.604238510131836,20.72945785522461,20.33672523498535,20.33672523498535,16643303
2017-09-19,12.18691635131836,20.666847229003906,20.712383270263672,20.382259368896484,20.575780868530273,16197923
2017-09-20,12.116430282592773,20.547321319580078,20.80914306640625,20.143205642700195,20.68961524963379,16202316
2017-09-21,12.11978530883789,20.55301284790039,20.763608932495117,20.3594913482666,20.62700653076172,13241554
2017-09-22,12.089576721191406,20.501787185668945,20.68961524963379,20.3594913482666,20.575780868530273,9299904
2017-09-25,11.88484001159668,20.15458869934082,20.501787185668945,20.01229476928711,20.41071891784668,16666494
2017-09-26,11.871418952941895,20.131820678710938,20.427793502807617,20.09766960144043,20.262731552124023,12826745
2017-09-27,11.74722957611084,19.92122459411621,20.319650650024414,19.733396530151367,20.25704002380371,13946079
2017-09-28,11.5995454788208,19.670787811279297,19.92122459411621,19.56264305114746,19.92122459411621,15679281
2017-09-29,11.764013290405273,19.949684143066406,20.057828903198242,19.750471115112305,19.807390213012695,13329576
2017-10-02,11.881481170654297,20.148895263671875,20.17735481262207,19.784622192382812,19.89276695251465,14325222
2017-10-03,12.391578674316406,21.002662658691406,21.002662658691406,19.864307403564453,20.160280227661133,31477681
2017-10-04,12.310986518859863,20.866060256958008,20.996971130371094,20.735149383544922,20.962820053100586,17644747
2017-10-05,12.321061134338379,20.883136749267578,21.270177841186523,20.854677200317383,21.00835418701172,23437664
2017-10-06,12.193453788757324,20.666847229003906,20.820526123046875,20.541629791259766,20.820526123046875,9453635
2017-10-09,12.186735153198242,20.65546417236328,20.661157608032227,20.37087631225586,20.62700653076172,13474346
2017-10-10,12.465458869934082,21.12788200378418,21.22464370727539,20.814834594726562,20.877443313598633,17780733
2017-10-11,12.391578674316406,21.002662658691406,21.173416137695312,20.780683517456055,21.036813735961914,15744638
2017-10-12,12.391578674316406,21.002662658691406,21.002662658691406,21.002662658691406,21.002662658691406,0
2017-10-13,12.297553062438965,20.843292236328125,21.22464370727539,20.712383270263672,21.22464370727539,16488694
2017-10-16,12.263975143432617,20.786376953125,21.0311222076416,20.6953067779541,21.0311222076416,13063930
2017-10-17,12.23374080657959,20.735149383544922,20.843292236328125,20.547321319580078,20.803451538085938,11486567
2017-10-18,12.180014610290527,20.644081115722656,20.940053939819336,20.507478713989258,20.752225875854492,18147050
2017-10-19,12.12964916229248,20.558704376220703,20.575780868530273,20.2513484954834,20.490402221679688,9418672
2017-10-20,12.069202423095703,20.45625114440918,20.735149383544922,20.444868087768555,20.661157608032227,5760062
2017-10-23,11.9550142288208,20.262731552124023,20.570087432861328,20.126129150390625,20.43348503112793,13025629
2017-10-24,12.116206169128418,20.53593635559082,20.575780868530273,20.245656967163086,20.41071891784668,12634363
2017-10-25,12.153148651123047,20.598546981811523,20.683923721313477,20.200122833251953,20.575780868530273,9771461
2017-10-26,12.042330741882324,20.41071891784668,20.91159439086914,20.365184783935547,20.68961524963379,14582260
2017-10-27,12.018820762634277,20.37087631225586,20.60993194580078,20.2513484954834,20.461944580078125,13736127
2017-10-30,11.803898811340332,20.006601333618164,20.399335861206055,19.847232818603516,20.399335861206055,16746785
2017-10-31,11.646072387695312,19.73908805847168,20.126129150390625,19.505725860595703,20.023677825927734,23157611
2017-11-01,11.2833890914917,19.12437629699707,19.93260955810547,19.12437629699707,19.83584976196289,23069589
2017-11-02,11.2833890914917,19.12437629699707,19.12437629699707,19.12437629699707,19.12437629699707,0
2017-11-03,11.397287368774414,19.3065128326416,19.312204360961914,19.038999557495117,19.181293487548828,31975065
2017-11-06,11.397287368774414,19.3065128326416,19.3065128326416,19.3065128326416,19.3065128326416,0
2017-11-07,11.004158973693848,18.640575408935547,19.175601959228516,18.515356063842773,19.175601959228516,25837968
2017-11-08,11.40401554107666,19.31789779663086,19.397581100463867,18.61211585998535,18.754411697387695,20572127
2017-11-09,10.990718841552734,18.617807388305664,19.40327262878418,18.600732803344727,19.40327262878418,20734994
2017-11-10,11.00080680847168,18.634883880615234,18.76579475402832,18.31045150756836,18.720260620117188,16996795
2017-11-13,11.054559707641602,18.7259521484375,18.7259521484375,18.7259521484375,18.7259521484375,14364402
2017-11-14,10.819358825683594,18.327526092529297,18.88532257080078,18.293376922607422,18.7259521484375,15227225
2017-11-15,10.819358825683594,18.327526092529297,18.327526092529297,18.327526092529297,18.327526092529297,0
2017-11-16,11.101597785949707,18.80563735961914,18.993465423583984,18.31045150756836,18.384445190429688,14659037
2017-11-17,11.296487808227539,19.135759353637695,19.249595642089844,18.720260620117188,18.74871826171875,12236420
2017-11-20,11.296487808227539,19.135759353637695,19.135759353637695,19.135759353637695,19.135759353637695,0
2017-11-21,11.555209159851074,19.574026107788086,19.75616455078125,19.192678451538086,19.278053283691406,18544641
2017-11-22,11.42417049407959,19.352046966552734,19.670787811279297,19.175601959228516,19.670787811279297,20363405
2017-11-23,11.340167045593262,19.209753036499023,19.334972381591797,19.038999557495117,19.334972381591797,4794634
2017-11-24,11.239370346069336,19.038999557495117,19.272361755371094,19.038999557495117,19.209753036499023,7420703
2017-11-27,11.222563743591309,19.010541915893555,19.056074142456055,18.697492599487305,18.90808868408203,12436358
2017-11-28,11.256169319152832,19.06745719909668,19.352046966552734,18.913780212402344,19.181293487548828,14475615
2017-11-29,11.041122436523438,18.703184127807617,19.26097869873047,18.61211585998535,19.152835845947266,15736381
2017-11-30,10.970558166503906,18.583656311035156,18.743026733398438,18.327526092529297,18.57227325439453,29262908
2017-12-01,10.943679809570312,18.538122177124023,18.697492599487305,18.24784278869629,18.492589950561523,14198548
2017-12-04,11.131608963012695,18.845478057861328,19.090225219726562,18.61211585998535,18.737335205078125,18126670
2017-12-05,11.017295837402344,18.651958465576172,19.312204360961914,18.577964782714844,18.78856086730957,18589619
2017-12-06,11.131608963012695,18.845478057861328,18.92516326904297,18.299068450927734,18.45274543762207,13123313
2017-12-07,11.05091667175293,18.70887565612793,18.817020416259766,18.21369171142578,18.486896514892578,26804977
2017-12-08,11.081177711486816,18.760101318359375,19.06745719909668,18.731643676757812,19.010541915893555,15995526
2017-12-11,11.081177711486816,18.760101318359375,19.021923065185547,18.691801071166992,18.896705627441406,18095397
2017-12-12,11.299710273742676,19.130067825317383,19.130067825317383,18.42997932434082,18.66903305053711,18194663
2017-12-13,11.108073234558105,18.80563735961914,19.46019172668457,18.61211585998535,19.31789779663086,29550691
2017-12-14,11.020660400390625,18.657649993896484,18.76579475402832,18.441362380981445,18.62919044494629,18741768
2017-12-15,10.976953506469727,18.583656311035156,18.851171493530273,18.503971099853516,18.657649993896484,23992850
2017-12-18,11.06436824798584,18.731643676757812,18.953622817993164,18.595041275024414,18.731643676757812,20710924
2017-12-19,10.993764877319336,18.61211585998535,18.703184127807617,18.418596267700195,18.697492599487305,13792349
2017-12-20,11.09462833404541,18.782869338989258,18.89101219177246,18.66903305053711,18.714567184448242,9314311
2017-12-21,11.420737266540527,19.334972381591797,19.454498291015625,18.640575408935547,18.822711944580078,17920759
2017-12-22,11.454361915588379,19.391889572143555,19.391889572143555,19.12437629699707,19.23821258544922,19216136
2017-12-25,11.454361915588379,19.391889572143555,19.391889572143555,19.391889572143555,19.391889572143555,0
2017-12-26,11.478453636169434,18.959314346313477,19.175601959228516,18.845478057861328,19.00484848022461,8691658
2017-12-27,11.492241859436035,18.98208236694336,19.169910430908203,18.9706974029541,19.016231536865234,8025434
2017-12-28,11.664530754089355,19.26667022705078,19.26667022705078,19.010541915893555,19.107301712036133,10960896
2017-12-29,11.664530754089355,19.26667022705078,19.26667022705078,19.26667022705078,19.26667022705078,0
2018-01-02,11.922985076904297,19.693553924560547,19.807390213012695,19.363431930541992,19.38050651550293,14794320
2018-01-03,11.97779369354248,19.773239135742188,19.93830108642578,19.55695152282715,19.670787811279297,9683264
2018-01-04,12.174315452575684,20.09766960144043,20.23427391052246,19.801698684692383,19.801698684692383,16803885
2018-01-05,12.24327278137207,20.211505889892578,20.211505889892578,19.881383895874023,20.046443939208984,11602172
2018-01-08,12.239824295043945,20.205814361572266,20.25704002380371,19.93830108642578,20.188739776611328,11357609
2018-01-09,12.126047134399414,20.017986297607422,20.205814361572266,19.89845848083496,20.205814361572266,9807303
2018-01-10,11.9984769821167,19.807390213012695,19.99521827697754,19.733396530151367,19.790313720703125,15648359
2018-01-11,12.239824295043945,20.205814361572266,20.205814361572266,19.81877326965332,19.909841537475586,11252369
2018-01-12,12.239824295043945,20.205814361572266,20.228580474853516,19.99521827697754,20.126129150390625,8755435
2018-01-15,12.326022148132324,20.348108291625977,20.348108291625977,20.15458869934082,20.23427391052246,11004644
2018-01-16,12.408771514892578,20.484710693359375,20.604238510131836,20.27980613708496,20.35379981994629,13154060
2018-01-17,12.71907901763916,20.996971130371094,20.996971130371094,20.33103370666504,20.496095657348633,13036697
2018-01-18,12.705283164978027,20.97420310974121,21.14495849609375,20.820526123046875,20.95143699645996,15550323
2018-01-19,12.794934272766113,21.122190475463867,21.196184158325195,20.87175178527832,21.042505264282227,19189958
2018-01-22,12.970769882202148,21.412471771240234,21.440929412841797,21.184799194335938,21.253101348876953,15453341
2018-01-23,13.029382705688477,21.509231567382812,21.776744842529297,21.292943954467773,21.292943954467773,33601622
2018-01-24,13.722397804260254,22.653278350830078,22.653278350830078,21.70275115966797,21.70275115966797,36601035
2018-01-25,13.722397804260254,22.653278350830078,22.653278350830078,22.653278350830078,22.653278350830078,0
2018-01-26,14.20509147644043,23.45012855529785,23.461511611938477,22.824031829833984,22.824031829833984,34145915
2018-01-29,13.791356086730957,22.767114639282227,23.29075813293457,22.67035484313965,23.279375076293945,21285261
2018-01-30,13.929258346557617,22.99478530883789,22.99478530883789,22.408533096313477,22.658971786499023,21703232
2018-01-31,14.049939155578613,23.193998336791992,23.888395309448242,22.93217658996582,23.347675323486328,31883178
2018-02-01,13.677574157714844,22.579286575317383,23.05170440673828,22.459758758544922,23.000478744506836,42657314
2018-02-02,13.252936363220215,21.867813110351562,22.35730743408203,21.714136123657227,22.27762222290039,34889093
2018-02-05,13.039064407348633,21.514923095703125,22.345922470092773,21.514923095703125,21.74259376525879,19859520
2018-02-06,13.34952449798584,22.027183532714844,22.141019821166992,21.070964813232422,21.150650024414062,56699497
2018-02-07,13.149446487426758,21.697059631347656,22.192245483398438,21.56614875793457,22.027183532714844,23766032
2018-02-08,12.987324714660645,21.429546356201172,22.123943328857422,21.241718292236328,21.771053314208984,21307574
2018-02-09,12.838998794555664,21.184799194335938,21.571840286254883,20.843292236328125,21.372629165649414,23947170
2018-02-14,13.308124542236328,21.958881378173828,21.987340927124023,21.361244201660156,21.594608306884766,25548954
2018-02-15,13.363316535949707,22.049951553344727,22.27762222290039,21.936115264892578,22.186552047729492,11886090
2018-02-16,13.339176177978516,22.010108947753906,22.141019821166992,21.913347244262695,22.09548568725586,12653337
2018-02-19,13.273621559143066,21.90196418762207,22.163785934448242,21.82227897644043,22.0841007232666,9525844
2018-02-20,13.677223205566406,22.567901611328125,22.584978103637695,21.74259376525879,21.74259376525879,20210553
2018-02-21,13.749661445617676,22.687429428100586,23.193998336791992,22.550827026367188,22.647586822509766,38791036
2018-02-22,13.832447052001953,22.824031829833984,23.05170440673828,22.641895294189453,22.761423110961914,16135026
2018-02-23,13.960070610046387,23.03462791442871,23.03462791442871,22.53375244140625,22.949251174926758,15156070
2018-02-26,13.960070610046387,23.03462791442871,23.205381393432617,22.835416793823242,23.097238540649414,13407407
2018-02-27,13.808309555053711,22.784189224243164,23.06877899169922,22.704505920410156,22.960634231567383,11935636
2018-02-28,13.373661994934082,22.067026138305664,22.784189224243164,22.067026138305664,22.7557315826416,32392334
2018-03-01,13.449551582336426,22.192245483398438,22.49390983581543,21.947498321533203,22.146711349487305,16457245
2018-03-02,13.535484313964844,22.323156356811523,22.323156356811523,21.75967025756836,21.987340927124023,13088702
2018-03-05,13.625204086303711,22.471141815185547,22.567901611328125,22.06133460998535,22.294696807861328,12496620
2018-03-06,13.649373054504395,22.510984420776367,22.795574188232422,22.505292892456055,22.795574188232422,13732789
2018-03-07,13.40778636932373,22.112560272216797,22.53375244140625,21.947498321533203,22.51667594909668,15425933
2018-03-08,13.231781959533691,21.82227897644043,22.35730743408203,21.651525497436523,22.35161590576172,17527209
2018-03-09,13.514774322509766,22.289005279541016,22.289005279541016,21.90196418762207,21.936115264892578,18565197
2018-03-12,13.621758460998535,22.465450286865234,22.471141815185547,22.232086181640625,22.39714813232422,11530490
2018-03-13,13.42503833770752,22.141019821166992,22.567901611328125,22.06133460998535,22.567901611328125,14128272
2018-03-14,13.35256576538086,22.02149200439453,22.249162673950195,21.765361785888672,22.1751708984375,13252271
2018-03-15,13.1593017578125,21.70275115966797,22.0841007232666,21.634450912475586,21.827970504760742,23401120
2018-03-16,13.193819046020508,21.75967025756836,22.01580047607422,21.65721893310547,21.71982765197754,34084950
2018-03-19,13.059220314025879,21.537689208984375,21.833663940429688,21.412471771240234,21.560457229614258,16808102
2018-03-20,13.045415878295898,21.514923095703125,21.68567657470703,21.3669376373291,21.67998504638672,12647715
2018-03-21,13.110992431640625,21.62306785583496,21.805204391479492,21.520614624023438,21.611684799194336,19658529
2018-03-22,13.190364837646484,21.753978729248047,21.930423736572266,21.492155075073242,21.600299835205078,17920408
2018-03-23,13.280088424682617,21.90196418762207,22.1751708984375,21.549074172973633,21.549074172973633,18935205
2018-03-26,13.3560209274292,22.027183532714844,22.249162673950195,21.71982765197754,22.19793701171875,14497752
2018-03-27,13.193819046020508,21.75967025756836,22.169477462768555,21.634450912475586,22.0841007232666,10027796
2018-03-28,13.280088424682617,21.90196418762207,21.993032455444336,21.514923095703125,21.571840286254883,12477294
2018-03-29,13.632111549377441,22.482526779174805,22.584978103637695,21.99872589111328,22.027183532714844,27092760
2018-04-02,13.507187843322754,22.2764835357666,22.583269119262695,22.176307678222656,22.320310592651367,12985715
2018-04-03,13.658723831176758,22.514400482177734,22.802404403686523,22.339092254638672,22.514400482177734,21676719
2018-04-04,13.54096794128418,22.320310592651367,22.426746368408203,21.91960906982422,22.282743453979492,12782391
2018-04-05,13.582761764526367,22.38918113708496,22.896318435668945,22.101177215576172,22.88379669189453,38537081
2018-04-06,13.54096794128418,22.320310592651367,22.50813865661621,21.98221778869629,22.38918113708496,13999458
2018-04-09,13.028205871582031,21.475080490112305,22.320310592651367,21.46255874633789,22.320310592651367,18329467
2018-04-10,13.138354301452637,21.656648635864258,21.788129806518555,21.318557739257812,21.656648635864258,20090060
2018-04-11,13.446014404296875,22.163785934448242,22.195091247558594,21.57525634765625,21.63786506652832,13541381
2018-04-12,13.20292854309082,21.763084411621094,22.163785934448242,21.568994522094727,22.163785934448242,28981992
2018-04-13,12.914260864257812,21.28725242614746,21.669170379638672,21.22464370727539,21.537689208984375,17707198
2018-04-16,12.6331787109375,20.82394027709961,21.387426376342773,20.717504501342773,21.337339401245117,15979826
2018-04-17,12.792716979980469,21.086902618408203,21.1745548248291,20.723766326904297,20.861507415771484,14813391
2018-04-18,13.221919059753418,21.794389724731445,21.875782012939453,21.16829490661621,21.274730682373047,38906833
2018-04-19,13.199135780334473,21.756824493408203,21.788129806518555,21.481342315673828,21.5439510345459,19068172
2018-04-20,13.013010025024414,21.450037002563477,21.738040924072266,21.387426376342773,21.51890754699707,11970215
2018-04-23,13.009221076965332,21.443775177001953,21.443775177001953,21.1745548248291,21.40620994567871,9100366
2018-04-24,13.031997680664062,21.481342315673828,21.738040924072266,21.362384796142578,21.66291046142578,11295398
2018-04-25,13.191536903381348,21.74430274963379,21.932130813598633,21.19333839416504,21.268468856811523,23200128
2018-04-26,13.191536903381348,21.74430274963379,22.044828414916992,21.42499351501465,21.925870895385742,34209628
2018-04-27,13.33586597442627,21.98221778869629,22.195091247558594,21.794389724731445,22.163785934448242,16047228
2018-04-30,13.130759239196777,21.644126892089844,22.088655471801758,21.556472778320312,21.9759578704834,13858425
2018-05-02,12.792716979980469,21.086902618408203,21.625343322753906,21.011770248413086,21.412471771240234,20946958
2018-05-03,12.530088424682617,20.64237403869629,21.149511337280273,20.56098175048828,21.043075561523438,21102845
2018-05-04,12.541487693786621,20.661157608032227,20.886550903320312,20.41697883605957,20.567241668701172,16202635
2018-05-07,12.427475929260254,20.47332763671875,20.76133155822754,20.460805892944336,20.59228515625,16279940
2018-05-08,12.362869262695312,20.366891860961914,20.510894775390625,20.12897491455078,20.285499572753906,22512054
2018-05-09,12.461674690246582,20.52967643737793,20.661157608032227,20.222890853881836,20.435762405395508,12173538
2018-05-10,12.712509155273438,20.942899703979492,21.124467849731445,20.579763412475586,20.598546981811523,14180101
2018-05-11,12.484482765197754,20.567241668701172,20.986726760864258,20.460805892944336,20.942899703979492,14556880
2018-05-14,12.30586051940918,20.272977828979492,20.930377960205078,20.060104370117188,20.629852294921875,18760072
2018-05-15,12.233656883239746,20.15401840209961,20.404457092285156,19.678186416625977,19.847232818603516,20378674
2018-05-16,12.431279182434082,20.479589462280273,20.579763412475586,20.03506088256836,20.141496658325195,12176094
2018-05-17,11.914417266845703,19.62809944152832,20.423240661621094,19.621837615966797,20.360631942749023,29459395
2018-05-18,11.967622756958008,19.71575164794922,19.784622192382812,18.782869338989258,19.246179580688477,42002207
2018-05-21,11.796600341796875,19.434009552001953,19.92236328125,19.31505012512207,19.753318786621094,31932340
2018-05-22,12.134842872619629,19.991233825683594,20.18532371520996,19.52166175842285,19.615577697753906,23688392
2018-05-23,11.815601348876953,19.465314865112305,19.909841537475586,19.415225982666016,19.722013473510742,18810703
2018-05-24,11.834604263305664,19.496618270874023,19.52166175842285,19.095916748046875,19.358877182006836,16767245
2018-05-25,11.598984718322754,19.10843849182129,19.60305404663086,18.883045196533203,19.584272384643555,23886285
2018-05-28,11.108719825744629,18.3007755279541,18.889305114746094,18.281993865966797,18.845478057861328,13660372
2018-05-29,11.154325485229492,18.37590789794922,18.845478057861328,18.281993865966797,18.595041275024414,20385063
2018-05-30,11.085914611816406,18.26321029663086,18.676433563232422,18.21312141418457,18.344602584838867,39316515
2018-06-01,11.355751037597656,18.707738876342773,18.93313217163086,18.231904983520508,18.53243064880371,23224246
2018-06-04,11.473245620727539,18.889305114746094,19.127222061157227,18.745304107666016,18.920610427856445,16451958
2018-06-05,10.921830177307129,17.98146629333496,18.92687225341797,17.900075912475586,18.7327823638916,24472458
2018-06-06,10.739289283752441,17.680940628051758,18.231904983520508,17.48685073852539,17.799898147583008,22191656
2018-06-07,10.549149513244629,17.36789321899414,17.42424201965332,16.560230255126953,17.261457443237305,34889396
2018-06-08,10.457880020141602,17.21763038635254,17.561983108520508,16.654144287109375,17.236412048339844,32059158
2018-06-11,10.260132789611816,16.892061233520508,17.443025588989258,16.76058006286621,17.267717361450195,16091151
2018-06-12,10.233514785766602,16.848234176635742,17.180065155029297,16.679187774658203,16.904582977294922,19028721
2018-06-13,10.024353981018066,16.503881454467773,16.9609317779541,16.190832138061523,16.9609317779541,22976680
2018-06-14,9.617453575134277,15.833958625793457,16.672927856445312,15.833958625793457,16.560230255126953,40013693
2018-06-15,9.788579940795898,16.11570167541504,16.11570167541504,15.570999145507812,15.808915138244629,53285466
2018-06-18,9.472942352294922,15.59604263305664,15.965438842773438,15.539693832397461,15.934133529663086,22808974
2018-06-19,9.963512420654297,16.403705596923828,16.635360717773438,15.458301544189453,15.477084159851074,35212989
2018-06-20,10.176472663879395,16.75432014465332,17.01728057861328,16.328575134277344,16.66666603088379,28603615
2018-06-21,9.754354476928711,16.05935287475586,16.84197235107422,15.965438842773438,16.622838973999023,21106359
2018-06-22,9.940691947937012,16.366140365600586,16.478836059570312,16.05935287475586,16.309791564941406,31857272
2018-06-25,9.925482749938965,16.341096878051758,16.541446685791016,15.927872657775879,16.49761962890625,27012645
2018-06-26,9.872245788574219,16.253442764282227,16.535186767578125,16.00300407409668,16.46631622314453,23741419
2018-06-27,9.7125244140625,15.990483283996582,16.403705596923828,15.859003067016602,16.25970458984375,19255523
2018-06-28,10.043370246887207,16.535186767578125,16.629100799560547,15.952917098999023,15.952917098999023,15723315
2018-06-29,10.229707717895508,16.84197235107422,16.923364639282227,16.503881454467773,16.672927856445312,23760266
2018-07-02,10.096607208251953,16.622838973999023,16.685449600219727,16.422489166259766,16.478836059570312,15750468
2018-07-03,10.56430721282959,17.380414962768555,17.493112564086914,16.735536575317383,16.798145294189453,20965805
2018-07-04,10.712728500366211,17.62459373474121,17.65589714050293,17.21763038635254,17.405458450317383,12568366
2018-07-05,10.689889907836914,17.587026596069336,17.71224594116211,17.16128158569336,17.705984115600586,20764398
2018-07-06,10.720335006713867,17.637113571166992,17.674680709838867,17.27397918701172,17.530677795410156,16017999
2018-07-10,10.5795259475708,17.405458450317383,17.91259765625,17.15502166748047,17.737289428710938,25825126
2018-07-11,10.537670135498047,17.336589813232422,17.530677795410156,17.092411041259766,17.24893569946289,19724461
2018-07-12,10.845918655395508,17.843725204467773,17.843725204467773,17.48685073852539,17.53693962097168,23753558
2018-07-13,11.062846183776855,18.20060157775879,18.275732040405273,17.699724197387695,17.781116485595703,26517513
2018-07-16,11.112314224243164,18.281993865966797,18.35712432861328,18.03781509399414,18.18181800842285,15271308
2018-07-17,11.431981086730957,18.807912826538086,18.895566940307617,18.163034439086914,18.23816680908203,21778940
2018-07-18,11.150368690490723,18.344602584838867,18.90808868408203,18.219383239746094,18.739042282104492,18886890
2018-07-19,11.291173934936523,18.576257705688477,18.576257705688477,17.868770599365234,18.056598663330078,22265926
2018-07-20,11.683145523071289,19.22113609313965,19.527923583984375,18.9706974029541,19.214876174926758,43679107
2018-07-23,11.549951553344727,19.002002716064453,19.127222061157227,18.87678337097168,19.02078628540039,20498624
2018-07-24,11.721209526062012,19.28374671936035,19.383920669555664,19.095916748046875,19.22113609313965,20255051
2018-07-25,11.93431568145752,19.63435935974121,19.83470916748047,19.25244140625,19.415225982666016,48499137
2018-07-26,11.629871368408203,19.13348388671875,19.878536224365234,18.889305114746094,19.878536224365234,33913986
2018-07-27,11.759257316589355,19.346355438232422,19.42774772644043,19.10843849182129,19.290006637573242,26784884
2018-07-30,11.846787452697754,19.490358352661133,19.60305404663086,19.246179580688477,19.408964157104492,14686254
2018-07-31,11.618453979492188,19.114700317382812,19.502880096435547,19.033308029174805,19.408964157104492,17103456
2018-08-01,11.770676612854004,19.365137100219727,19.51540184020996,18.90808868408203,18.93313217163086,18553075
2018-08-02,11.77409553527832,19.358877182006836,19.45905303955078,19.033308029174805,19.158527374267578,12988909
2018-08-03,12.223426818847656,20.09766960144043,20.222890853881836,19.47783660888672,19.47783660888672,32439611
2018-08-06,12.139652252197266,19.959928512573242,20.21036720275879,19.840970993041992,20.160280227661133,13496659
2018-08-07,11.956879615783691,19.65940284729004,20.172801971435547,19.440269470214844,20.03506088256836,23513818
2018-08-08,11.671289443969727,19.18983268737793,19.903581619262695,19.089656829833984,19.62809944152832,21775106
2018-08-09,11.549426078796387,18.98948097229004,19.496618270874023,18.87678337097168,19.177310943603516,14525895
2018-08-10,10.974430084228516,18.044076919555664,18.75782585144043,17.931379318237305,18.739042282104492,29139316
2018-08-13,11.187673568725586,18.394689559936523,18.444778442382812,17.85624885559082,17.88755226135254,14440604
2018-08-14,11.378070831298828,18.707738876342773,18.807912826538086,18.3007755279541,18.64512825012207,18507075
2018-08-15,11.240984916687012,18.482343673706055,18.682693481445312,18.288253784179688,18.407211303710938,24697503
2018-08-16,11.240984916687012,18.482343673706055,18.682693481445312,18.307037353515625,18.482343673706055,12794051
2018-08-17,10.898272514343262,17.91885757446289,18.325820922851562,17.88129234313965,18.18181800842285,20858952
2018-08-20,10.966815948486328,18.03155517578125,18.11920738220215,17.731029510498047,17.906335830688477,16861480
2018-08-21,10.700262069702148,17.59328842163086,18.14425277709961,17.405458450317383,17.937639236450195,31138691
2018-08-22,10.9630126953125,18.025293350219727,18.056598663330078,17.24893569946289,17.468069076538086,18825876
2018-08-23,10.688837051391602,17.574504852294922,18.169296264648438,17.436763763427734,18.0002498626709,21177434
2018-08-24,10.784032821655273,17.731029510498047,17.968944549560547,17.6308536529541,17.968944549560547,11641511
2018-08-27,11.073436737060547,18.20686149597168,18.325820922851562,17.80615997314453,17.906335830688477,14927431
2018-08-28,11.004895210266113,18.09416389465332,18.256948471069336,17.893814086914062,18.137990951538086,13109178
2018-08-29,11.13817024230957,18.313297271728516,18.463560104370117,18.163034439086914,18.219383239746094,12102942
2018-08-30,10.662187576293945,17.530677795410156,18.225643157958984,17.530677795410156,18.11920738220215,24706927
2018-08-31,10.806882858276367,17.76859474182129,17.91259765625,17.455547332763672,17.561983108520508,18953812
2018-09-03,10.711687088012695,17.612070083618164,17.68720245361328,17.342849731445312,17.54319953918457,8012194
2018-09-04,10.471231460571289,17.205108642578125,17.555721282958984,17.092411041259766,17.530677795410156,14768509
2018-09-05,10.53601360321045,17.31154441833496,17.399198532104492,17.004758834838867,17.186325073242188,18032228
2018-09-06,10.837041854858398,17.80615997314453,17.85624885559082,17.180065155029297,17.411720275878906,20384265
2018-09-10,10.87895679473877,17.875030517578125,18.131729125976562,17.674680709838867,18.025293350219727,33457187
2018-09-11,10.551257133483887,17.336589813232422,17.455547332763672,17.10493278503418,17.455547332763672,21427396
2018-09-12,10.555066108703613,17.342849731445312,17.637113571166992,17.24893569946289,17.411720275878906,23259704
2018-09-13,10.513152122497559,17.27397918701172,17.4805908203125,17.092411041259766,17.461807250976562,13329113
2018-09-14,10.558876037597656,17.349109649658203,17.505634307861328,17.048585891723633,17.186325073242188,21348334
2018-09-17,10.859902381896973,17.843725204467773,17.993989944458008,17.24893569946289,17.25519561767578,15075491
2018-09-18,10.947547912597656,17.987728118896484,18.194339752197266,17.781116485595703,17.843725204467773,19103470
2018-09-19,10.997079849243164,18.069120407104492,18.244426727294922,17.68720245361328,17.843725204467773,21024582
2018-09-20,10.97421932220459,18.03155517578125,18.369646072387695,17.875030517578125,18.156774520874023,15624129
2018-09-21,11.149497032165527,18.31955909729004,18.43851661682129,18.0002498626709,18.163034439086914,28994770
2018-09-24,10.852283477783203,17.83120346069336,18.344602584838867,17.74355125427246,18.325820922851562,15144490
2018-09-25,10.859902381896973,17.843725204467773,17.843725204467773,17.436763763427734,17.59954833984375,31067137
2018-09-26,10.886574745178223,17.88755226135254,18.163034439086914,17.76859474182129,17.962684631347656,24086574
2018-09-27,11.134259223937988,18.29451560974121,18.3007755279541,18.006511688232422,18.006511688232422,21252662
2018-09-28,10.9246826171875,17.950162887573242,18.156774520874023,17.80615997314453,18.03155517578125,15520950
2018-10-01,10.802749633789062,17.74981117248535,18.006511688232422,17.56824493408203,17.931379318237305,12234711
2018-10-02,11.43913459777832,18.782869338989258,18.895566940307617,18.1505126953125,18.225643157958984,34841959
2018-10-03,11.93482494354248,19.59679412841797,20.341848373413086,19.390182495117188,20.254194259643555,59115885
2018-10-04,11.992027282714844,19.69070816040039,19.703229904174805,19.22113609313965,19.48409652709961,24886771
2018-10-05,11.81281566619873,19.396442413330078,20.028799057006836,19.277484893798828,19.972450256347656,31184691
2018-10-08,12.613554000854492,20.711244583129883,21.28725242614746,20.454544067382812,21.28725242614746,61743918
2018-10-09,12.659309387207031,20.786376953125,21.011770248413086,20.348108291625977,20.711244583129883,35844362
2018-10-10,12.247493743896484,20.110191345214844,20.58602523803711,20.047582626342773,20.479589462280273,29962034
2018-10-11,12.175052642822266,19.991233825683594,20.348108291625977,19.640621185302734,20.348108291625977,27053852
2018-10-15,12.239870071411133,20.09766960144043,20.32306480407715,20.047582626342773,20.216629028320312,23334932
2018-10-16,12.823275566101074,21.05559730529785,21.05559730529785,20.291759490966797,20.291759490966797,30352549
2018-10-17,12.838521957397461,21.08064079284668,21.205860137939453,20.773853302001953,20.81768035888672,30397271
2018-10-18,12.483906745910645,20.498371124267578,20.97420310974121,20.498371124267578,20.892812728881836,22166740
2018-10-19,12.525850296020508,20.567241668701172,20.8740291595459,20.366891860961914,20.70498275756836,11544561
2018-10-22,12.678374290466309,20.81768035888672,20.99298667907715,20.686199188232422,20.723766326904297,14200705
2018-10-23,12.724129676818848,20.892812728881836,21.005508422851562,20.448284149169922,20.479589462280273,15043547
2018-10-24,12.419090270996094,20.391935348510742,20.980464935302734,20.391935348510742,20.786376953125,22560609
2018-10-25,12.77751636505127,20.980464935302734,21.324817657470703,20.554719924926758,20.598546981811523,29407646
2018-10-26,12.998671531677246,21.34360122680664,21.34360122680664,20.76133155822754,21.243425369262695,39156955
2018-10-29,12.754632949829102,20.942899703979492,21.318557739257812,20.58602523803711,21.099422454833984,49942846
2018-10-30,13.250329971313477,21.756824493408203,21.831954956054688,20.58602523803711,21.036813735961914,40421298
2018-10-31,13.078743934631348,21.475080490112305,22.163785934448242,21.118206024169922,22.03856658935547,31402070
2018-11-01,13.826096534729004,22.702228546142578,22.702228546142578,21.875782012939453,22.044828414916992,64765661
2018-11-05,14.123285293579102,23.17806053161621,23.340845108032227,22.433006286621094,22.6458797454834,32364862
2018-11-06,13.970681190490723,22.927623748779297,23.05910301208496,22.53318214416504,22.73353385925293,31382743
2018-11-07,13.699810981750488,22.483095169067383,23.14049530029297,22.314048767089844,23.040319442749023,33333564
2018-11-08,13.41368293762207,22.01352310180664,22.821186065673828,21.9759578704834,22.746055603027344,25262912
2018-11-09,13.612070083618164,22.339092254638672,22.364137649536133,21.763084411621094,21.882043838500977,24888848
2018-11-12,13.60061264038086,22.320310592651367,22.44552993774414,22.001001358032227,22.35787582397461,18200573
2018-11-13,13.35646915435791,21.91960906982422,22.464311599731445,21.712997436523438,22.320310592651367,20710892
2018-11-14,13.543394088745117,22.226396560668945,22.295265197753906,21.74430274963379,22.03856658935547,33974999
2018-11-16,14.199580192565918,23.303279876708984,23.303279876708984,22.24517822265625,22.42048454284668,36361535
2018-11-19,14.1385498046875,23.203105926513672,23.23440933227539,22.802404403686523,23.165538787841797,15467923
2018-11-21,13.982122421264648,22.9464054107666,23.015275955200195,22.670923233032227,22.758577346801758,21664899
2018-11-22,14.039355278015137,23.040319442749023,23.11545181274414,22.871274948120117,22.9464054107666,10421570
2018-11-23,14.008825302124023,22.990232467651367,23.153017044067383,22.871274948120117,22.9464054107666,16182191
2018-11-26,13.806634902954102,22.658401489257812,23.409717559814453,22.370397567749023,23.159278869628906,25024769
2018-11-27,14.371255874633789,23.585023880004883,23.585023880004883,22.62083625793457,22.73353385925293,20574331
2018-11-28,14.665020942687988,24.06711769104004,24.142248153686523,23.127973556518555,23.49736976623535,27309245
2018-11-29,14.848139762878418,24.367643356323242,24.367643356323242,23.760330200195312,23.822940826416016,22266086
2018-11-30,14.672650337219238,24.079639434814453,24.56173324584961,24.054595947265625,24.16729164123535,25225537
2018-12-03,14.420854568481445,23.66641616821289,24.4177303314209,23.509891510009766,24.4177303314209,36888452
2018-12-04,14.38229751586914,23.591283798217773,23.854244232177734,23.184322357177734,23.772851943969727,29335772
2018-12-05,14.374659538269043,23.57876205444336,23.66641616821289,23.284496307373047,23.603805541992188,9515638
2018-12-06,14.531160354614258,23.83546257019043,23.860504150390625,22.9464054107666,23.23440933227539,18354223
2018-12-07,14.462440490722656,23.722763061523438,24.198596954345703,23.52241325378418,23.791635513305664,17569519
2018-12-10,14.183813095092773,23.265714645385742,23.885549545288086,23.209365844726562,23.791635513305664,30698663
2018-12-11,14.347938537597656,23.534936904907227,23.703981399536133,23.165538787841797,23.603805541992188,26426312
2018-12-12,14.443367958068848,23.69145965576172,23.90433120727539,23.372150421142578,23.69145965576172,38736731
2018-12-13,14.825065612792969,24.317554473876953,24.317554473876953,23.603805541992188,23.647632598876953,13205809
2018-12-14,14.65711498260498,24.042072296142578,24.311294555664062,23.854244232177734,24.01702880859375,19249294
2018-12-17,14.370844841003418,23.572500228881836,24.154769897460938,23.534936904907227,24.01076889038086,18087171
2018-12-18,14.638032913208008,24.01076889038086,24.142248153686523,23.597545623779297,23.66641616821289,14721072
2018-12-19,14.428093910217285,23.66641616821289,24.398948669433594,23.66641616821289,24.16729164123535,16838800
2018-12-20,14.50444221496582,23.791635513305664,24.054595947265625,23.6163272857666,23.948158264160156,23420542
2018-12-21,14.393745422363281,23.61006736755371,23.941898345947266,23.40345573425293,23.822940826416016,36331827
2018-12-26,14.245923042297363,22.91510009765625,23.065364837646484,22.495616912841797,22.796142578125,21125046
2018-12-27,14.576756477355957,23.447282791137695,23.478586196899414,22.877534866333008,22.91510009765625,17595394
2018-12-28,15.043843269348145,24.198596954345703,24.267467498779297,23.603805541992188,23.75406837463379,19362695
2019-01-02,15.721107482910156,25.28800392150879,25.538442611694336,24.054595947265625,24.198596954345703,37247502
2019-01-03,15.880362510681152,25.532180786132812,25.601051330566406,24.94365119934082,25.23165512084961,31131823
2019-01-04,15.755755424499512,25.331829071044922,25.83896827697754,25.043825149536133,25.32556915283203,23808981
2019-01-07,15.942676544189453,25.632356643676758,25.851490020751953,25.26296043395996,25.26296043395996,30560665
2019-01-08,16.040023803710938,25.78887939453125,25.795141220092773,25.037565231323242,25.70122718811035,33927722
2019-01-09,16.316499710083008,26.233407974243164,26.233407974243164,25.832706451416016,25.970447540283203,27569588
2019-01-10,16.26589012145996,26.152015686035156,26.521411895751953,25.920360565185547,26.05183982849121,29781071
2019-01-11,16.160741806030273,25.982969284057617,26.152015686035156,25.770097732543945,26.033056259155273,17275155
2019-01-14,16.351558685302734,26.289756774902344,26.289756774902344,25.87653350830078,26.04557991027832,13903785
2019-01-15,16.320419311523438,26.239669799804688,26.296018600463867,25.895315170288086,26.139493942260742,20090699
2019-01-16,16.39829444885254,26.364887237548828,26.471324920654297,26.1019287109375,26.114450454711914,17328981
2019-01-17,16.45280647277832,26.45254135131836,26.60280418395996,26.114450454711914,26.327322006225586,15448757
2019-01-18,16.620258331298828,26.721763610839844,26.897069931030273,26.48384666442871,26.646631240844727,20097727
2019-01-21,16.429447174072266,26.414976119995117,26.784372329711914,26.17079734802246,26.702980041503906,12483555
2019-01-22,16.35545539855957,26.296018600463867,26.596542358398438,26.089405059814453,26.414976119995117,15685941
2019-01-23,16.635845184326172,26.74680519104004,26.74680519104004,26.296018600463867,26.38993263244629,17293203
2019-01-24,16.803285598754883,27.016027450561523,27.016027450561523,26.590282440185547,26.590282440185547,25768905
2019-01-28,16.939573287963867,27.23516082763672,27.422990798950195,26.671674728393555,26.671674728393555,26271224
2019-01-29,16.721506118774414,26.884546279907227,27.573253631591797,26.884546279907227,27.516904830932617,21450715
2019-01-30,16.682565689086914,26.821937561035156,27.172550201416016,26.321060180664062,27.084897994995117,34294439
2019-01-31,17.62494468688965,28.33708953857422,28.762834548950195,27.679689407348633,27.892560958862305,50802779
2019-02-01,17.406869888305664,27.98647689819336,28.330827713012695,27.685949325561523,28.324567794799805,26545304
2019-02-04,17.79216957092285,28.593788146972656,28.77535629272461,27.566991806030273,27.742298126220703,28072546
2019-02-05,17.799957275390625,28.606311798095703,28.919357299804688,28.27448081970215,28.449787139892578,27787606
2019-02-06,16.962360382080078,27.260204315185547,28.305784225463867,27.134986877441406,28.19934844970703,27403000
2019-02-07,17.21947479248047,27.67342758178711,27.892560958862305,27.084897994995117,27.560731887817383,30796731
2019-02-08,17.40258026123047,27.967693328857422,28.324567794799805,27.372901916503906,27.579513549804688,29588609
2019-02-11,17.301292419433594,27.804908752441406,28.042823791503906,27.422990798950195,27.917604446411133,16768204
2019-02-12,17.64801597595215,28.362133026123047,28.700225830078125,27.930126190185547,28.230653762817383,32518832
2019-02-13,17.375307083129883,27.923866271972656,28.587528228759766,27.861257553100586,28.531179428100586,36950583
2019-02-14,18.037599563598633,28.988229751586914,29.019533157348633,27.397945404052734,28.017780303955078,34746766
2019-02-15,17.920724868774414,28.800399780273438,29.113447189331055,28.581266403198242,28.900575637817383,24143434
2019-02-18,17.51166343688965,28.14299964904785,28.769094467163086,27.917604446411133,28.606311798095703,15755259
2019-02-19,17.659700393676758,28.380916595458984,28.75031280517578,28.236913681030273,28.362133026123047,24445625
2019-02-20,17.367521286010742,27.911344528198242,28.75031280517578,27.911344528198242,28.612571716308594,22781981
2019-02-21,17.519458770751953,28.155521392822266,28.230653762817383,27.736038208007812,28.0240421295166,37820577
2019-02-22,17.375307083129883,27.923866271972656,28.418481826782227,27.560731887817383,28.362133026123047,44009248
2019-02-25,17.200008392333984,27.642122268676758,28.08039093017578,27.523164749145508,27.98647689819336,24582824
2019-02-26,17.507768630981445,28.13673973083496,28.14299964904785,27.52942657470703,27.64838409423828,26716683
2019-02-27,17.31297492980957,27.82369041442871,28.174304962158203,27.736038208007812,28.067867279052734,16541880
2019-02-28,16.857168197631836,27.09115982055664,27.923866271972656,27.022289276123047,27.886301040649414,26590345
2019-03-01,16.576671600341797,26.640369415283203,27.260204315185547,26.51515007019043,27.260204315185547,26155268
2019-03-06,16.451539993286133,26.42749786376953,26.821937561035156,26.270973205566406,26.74680519104004,13570769
2019-03-07,16.56846809387207,26.615325927734375,26.677936553955078,26.22714614868164,26.33984375,20419722
2019-03-08,16.798425674438477,26.984722137451172,27.016027450561523,26.183319091796875,26.54645538330078,16822509
2019-03-11,17.480499267578125,28.08039093017578,28.08039093017578,27.016027450561523,27.047332763671875,26233850
2019-03-12,17.53117561340332,28.16178321838379,28.16178321838379,27.7235164642334,28.086650848388672,21300099
2019-03-13,17.698762893676758,28.43100357055664,28.57500648498535,27.873779296875,28.099172592163086,28321710
2019-03-14,17.737741470336914,28.49361228942871,28.49361228942871,28.030302047729492,28.33708953857422,24349473
2019-03-15,17.81178855895996,28.612571716308594,28.71274757385254,28.418481826782227,28.42474365234375,22256023
2019-03-18,17.905336380004883,28.762834548950195,28.81292152404785,28.51239585876465,28.71900749206543,10846425
2019-03-19,17.519479751586914,28.14299964904785,28.787878036499023,28.124216079711914,28.787878036499023,34472687
2019-03-20,17.043973922729492,27.37916374206543,28.324567794799805,27.335336685180664,28.236913681030273,36744384
2019-03-21,16.669803619384766,26.77811050415039,27.548208236694336,26.39619255065918,27.4417724609375,25797175
2019-03-22,16.08127784729004,25.832706451416016,26.42123794555664,25.532180786132812,26.377410888671875,39760377
2019-03-25,16.11635971069336,25.889055252075195,26.22714614868164,25.61357307434082,25.63861656188965,20953507
2019-03-26,16.221590042114258,26.058101654052734,26.321060180664062,25.889055252075195,26.202102661132812,23256190
2019-03-27,15.660350799560547,25.156522750854492,25.78261947631836,25.137741088867188,25.619834899902344,35715308
2019-03-28,16.455442428588867,26.433759689331055,26.571500778198242,25.043825149536133,25.169044494628906,36142879
2019-03-29,16.73607063293457,26.884546279907227,26.884546279907227,26.471324920654297,26.734283447265625,26932625
2019-04-01,16.870145797729492,27.099924087524414,27.640871047973633,26.942148208618164,27.34034538269043,22168736
2019-04-02,16.654409408569336,26.73929214477539,27.212621688842773,26.318557739257812,27.212621688842773,17454734
2019-04-03,16.46721649169922,26.438766479492188,27.129976272583008,26.183319091796875,26.949661254882812,16439979
2019-04-04,16.89305877685547,27.12246322631836,27.152515411376953,26.378662109375,26.769346237182617,22280008
2019-04-05,17.033443450927734,27.347858428955078,27.49812126159668,26.874530792236328,27.205108642578125,16063572
2019-04-08,17.056842803955078,27.38542366027832,27.49812126159668,27.01728057861328,27.422990798950195,11535510
2019-04-09,16.991336822509766,27.28023910522461,27.28023910522461,26.75432014465332,27.212621688842773,19063380
2019-04-10,16.748003005981445,26.889556884765625,27.415477752685547,26.86701774597168,27.415477752685547,15823859
2019-04-11,16.481264114379883,26.461307525634766,27.01728057861328,26.160781860351562,26.836963653564453,13487156
2019-04-12,16.33151626586914,26.22088623046875,26.829450607299805,26.00300407409668,26.190832138061523,28133480
2019-04-15,16.294078826904297,26.160781860351562,26.521411895751953,25.972951889038086,26.48384666442871,22395938
2019-04-16,16.266006469726562,26.11570167541504,26.476333618164062,25.95792579650879,26.130727767944336,14552089
2019-04-17,16.041393280029297,25.75507164001465,26.280990600585938,25.326820373535156,26.2283992767334,32402928
2019-04-18,16.26133155822754,26.10818862915039,26.446279525756836,25.544702529907227,25.987977981567383,18296325
2019-04-22,16.397043228149414,26.32607078552246,26.5439510345459,25.80014991760254,26.100675582885742,14163703
2019-04-23,16.79478645324707,26.96468734741211,27.12246322631836,26.42374038696289,26.49135971069336,20794079
2019-04-24,16.68248748779297,26.784372329711914,26.95717430114746,26.296018600463867,26.934635162353516,21182731
2019-04-25,16.879026412963867,27.099924087524414,27.099924087524414,26.025543212890625,26.897069931030273,41204964
2019-04-26,16.827556610107422,27.01728057861328,27.212621688842773,26.85950469970703,27.02479362487793,13804998
2019-04-29,16.60761070251465,26.664161682128906,27.27272605895996,26.58902931213379,27.167543411254883,18010825
2019-04-30,16.64972686767578,26.731779098510742,26.927122116088867,26.378662109375,26.70172882080078,12718104
2019-05-02,16.65907859802246,26.74680519104004,26.91209602355957,26.33358383178711,26.551464080810547,17284232
2019-05-03,16.836523056030273,27.01728057861328,27.152515411376953,26.731779098510742,26.814424514770508,20207508
2019-05-06,16.382375717163086,26.288503646850586,26.889556884765625,26.258451461791992,26.821937561035156,15218520
2019-05-07,16.279369354248047,26.123214721679688,26.235912322998047,25.52967643737793,26.2133731842041,22871371
2019-05-08,16.616466522216797,26.664161682128906,26.994739532470703,26.2283992767334,26.235912322998047,21069596
2019-05-09,16.32617950439453,26.198347091674805,26.438766479492188,25.95792579650879,26.37114906311035,13867555
2019-05-10,16.181032180786133,25.965438842773438,26.356122970581055,25.68745231628418,26.123214721679688,14566197
2019-05-13,15.778390884399414,25.319307327270508,25.657400131225586,25.221637725830078,25.46957015991211,18722777
2019-05-14,15.731561660766602,25.244176864624023,25.559728622436523,25.093914031982422,25.46957015991211,16503601
2019-05-15,15.563024520874023,24.973703384399414,25.063861846923828,24.583019256591797,24.958677291870117,24808509
2019-05-16,15.380414962768555,24.68069076538086,24.95116424560547,24.335086822509766,24.725770950317383,29397264
2019-05-17,15.497459411621094,24.868518829345703,24.973703384399414,24.365137100219727,24.590532302856445,32340771
2019-05-20,15.918842315673828,25.544702529907227,25.544702529907227,24.695716857910156,24.876033782958984,19525370
2019-05-21,16.57433319091797,26.596542358398438,26.679187774658203,25.42449188232422,25.694965362548828,29764620
2019-05-22,16.279369354248047,26.123214721679688,26.679187774658203,26.048084259033203,26.664161682128906,20361504
2019-05-23,16.19977378845215,25.995492935180664,26.198347091674805,25.552215576171875,25.920360565185547,18735954
2019-05-24,16.040584564208984,25.74004554748535,26.22088623046875,25.537189483642578,26.205860137939453,12938251
2019-05-27,16.270000457763672,26.10818862915039,26.378662109375,25.815176010131836,25.980464935302734,11599798
2019-05-28,16.719472885131836,26.829450607299805,26.882043838500977,25.935386657714844,26.033056259155273,43920338
2019-05-29,17.051897048950195,27.362884521484375,27.475582122802734,26.619083404541016,26.664161682128906,27660575
2019-05-30,17.36558723449707,27.86626434326172,27.86626434326172,27.099924087524414,27.190082550048828,18513145
2019-05-31,17.32344627380371,27.798646926879883,28.08414649963379,27.61081886291504,27.64838409423828,18205284
2019-06-03,17.267269134521484,27.70848846435547,28.01652717590332,27.528173446655273,27.86626434326172,24380060
2019-06-04,17.35579490661621,27.836212158203125,27.993989944458008,27.580766677856445,27.896318435668945,19514323
2019-06-05,17.088783264160156,27.407962799072266,28.0240421295166,27.137489318847656,27.851238250732422,14948061
2019-06-06,17.463531494140625,28.009014129638672,28.106685638427734,27.468069076538086,27.783620834350586,16194277
2019-06-07,17.46821403503418,28.01652717590332,28.369646072387695,27.91885757446289,27.956422805786133,15805092
2019-06-10,17.262107849121094,27.685949325561523,27.85875129699707,27.084897994995117,27.76859474182129,19707850
2019-06-11,17.341732025146484,27.81367301940918,27.97896385192871,27.44552993774414,27.873779296875,26825772
2019-06-12,17.14030647277832,27.49060821533203,28.13673973083496,27.38542366027832,27.873779296875,28634335
2019-06-13,16.952924728393555,27.190082550048828,27.573253631591797,26.76183319091797,27.460554122924805,44256548
2019-06-14,16.924827575683594,27.145002365112305,27.287752151489258,26.79939842224121,27.084897994995117,16948155
2019-06-17,16.882665634155273,27.07738494873047,27.34034538269043,26.897069931030273,27.092411041259766,18445929
2019-06-18,17.027883529663086,27.310293197631836,27.528173446655273,27.167543411254883,27.34034538269043,26954347
2019-06-19,17.23868179321289,27.64838409423828,27.7235164642334,26.86701774597168,27.22764778137207,20888447
2019-06-21,17.627477645874023,28.271974563598633,28.271974563598633,27.791133880615234,27.798646926879883,23594503
2019-06-24,17.768016815185547,28.49736976623535,28.625093460083008,28.174304962158203,28.287002563476562,12982973
2019-06-25,17.618118286132812,28.256948471069336,28.66265869140625,27.933883666992188,28.422237396240234,20308531
2019-06-26,17.838281631469727,28.61006736755371,28.722763061523438,28.099172592163086,28.3546199798584,17154726
2019-06-27,17.753971099853516,28.474830627441406,28.640119552612305,27.97896385192871,28.3395938873291,13366833
2019-06-28,17.67901611328125,28.3546199798584,28.760330200195312,28.324567794799805,28.640119552612305,22523048
2019-07-01,17.716577529907227,28.271974563598633,28.692712783813477,28.13673973083496,28.625093460083008,15761435
2019-07-02,17.772626876831055,28.34710693359375,28.564987182617188,27.86626434326172,28.264461517333984,18177200
2019-07-03,18.088226318359375,28.850488662719727,28.88805389404297,28.106685638427734,28.18181800842285,15631130
2019-07-04,18.403837203979492,29.35386848449707,29.586776733398438,29.053342819213867,29.098421096801758,19060053
2019-07-05,18.563982009887695,29.609315872192383,29.714500427246094,29.04582977294922,29.26371192932129,17271854
2019-07-08,18.47920036315918,29.474079132080078,29.691959381103516,29.316303253173828,29.646881103515625,12413172
2019-07-10,18.3944149017334,29.338842391967773,30.00751304626465,29.241172790527344,29.752065658569336,27363230
2019-07-11,18.238962173461914,29.09090805053711,29.26371192932129,28.61758041381836,29.26371192932129,26312139
2019-07-12,17.899810791015625,28.54996109008789,29.30127716064453,28.5048828125,29.19609260559082,23367036
2019-07-15,17.82444190979004,28.429752349853516,28.760330200195312,28.271974563598633,28.760330200195312,15665736
2019-07-16,17.829145431518555,28.437265396118164,28.572500228881836,28.23440933227539,28.467317581176758,12215252
2019-07-17,17.73493003845215,28.287002563476562,28.632606506347656,28.287002563476562,28.5048828125,17275847
2019-07-18,18.121196746826172,28.903079986572266,28.97821044921875,28.324567794799805,28.39969825744629,18491716
2019-07-19,17.711395263671875,28.249435424804688,28.797895431518555,28.13673973083496,28.77535629272461,19097853
2019-07-22,17.956327438354492,28.640119552612305,28.918106079101562,28.324567794799805,28.3395938873291,18066062
2019-07-23,18.017574310302734,28.737791061401367,28.910593032836914,28.534936904907227,28.873027801513672,19371507
2019-07-24,18.356719970703125,29.278736114501953,29.278736114501953,28.797895431518555,28.81292152404785,23880802
2019-07-25,17.28744125366211,27.573253631591797,28.534936904907227,27.535686492919922,28.324567794799805,71658244
2019-07-26,17.066057205200195,27.220134735107422,27.92637062072754,27.220134735107422,27.911344528198242,33354860
2019-07-29,17.02836799621582,27.160030364990234,27.460554122924805,27.00225257873535,27.310293197631836,19152291
2019-07-30,16.675085067749023,26.596542358398438,27.00225257873535,26.348609924316406,26.979713439941406,40448158
2019-07-31,16.25114631652832,25.920360565185547,26.724266052246094,25.74755859375,26.671674728393555,42927545
2019-08-01,16.10982894897461,25.694965362548828,26.626596450805664,25.68745231628418,26.296018600463867,39146440
2019-08-02,16.156475067138672,25.75507164001465,26.153268814086914,25.477083206176758,25.785123825073242,32229765
2019-08-05,15.864258766174316,25.289255142211914,25.67993927001953,25.071374893188477,25.319307327270508,27430179
2019-08-06,16.10462188720703,25.672426223754883,25.815176010131836,25.349361419677734,25.544702529907227,37678081
2019-08-07,16.4439697265625,26.2133731842041,26.348609924316406,25.30428123474121,25.544702529907227,42189505
2019-08-08,16.524099349975586,26.341096878051758,26.5439510345459,26.033056259155273,26.43125343322754,25420635
2019-08-09,16.250732421875,25.90533447265625,26.468820571899414,25.80014991760254,26.27347755432129,19384018
2019-08-12,15.911396026611328,25.36438751220703,25.58226776123047,25.123966217041016,25.386926651000977,29025516
2019-08-13,16.071645736694336,25.619834899902344,26.085649490356445,25.199098587036133,25.244176864624023,22951098
2019-08-14,15.755859375,25.116453170776367,25.42449188232422,24.83846664428711,25.281742095947266,29252185
2019-08-15,15.647456169128418,24.94365119934082,25.356874465942383,24.63561248779297,25.25920295715332,29948032
2019-08-16,15.68045425415039,24.99624252319336,25.349361419677734,24.808414459228516,25.176557540893555,19358729
2019-08-19,15.454218864440918,24.63561248779297,25.221637725830078,24.46280860900879,25.21412467956543,32985640
2019-08-20,15.303404808044434,24.395191192626953,24.7182559967041,24.064613342285156,24.710742950439453,21706480
2019-08-21,15.6050443649292,24.876033782958984,24.94365119934082,24.507888793945312,24.748308181762695,25938128
2019-08-22,15.402379035949707,24.552967071533203,25.011268615722656,24.530427932739258,24.94365119934082,16565093
2019-08-23,15.067749977111816,24.019533157348633,24.492862701416016,23.756574630737305,24.132230758666992,29252451
2019-08-26,14.912212371826172,23.7716007232666,24.162282943725586,23.56123161315918,24.154769897460938,21668813
2019-08-27,15.100743293762207,24.072126388549805,24.30503273010254,23.688955307006836,23.92937660217285,32621345
2019-08-28,15.01119613647461,23.92937660217285,24.214876174926758,23.71149444580078,23.83170509338379,17731715
2019-08-29,15.293977737426758,24.380165100097656,24.56048011779785,23.921863555908203,24.132230758666992,21709275
2019-08-30,15.529635429382324,24.755821228027344,24.973703384399414,24.56048011779785,24.61307144165039,36239536
2019-09-02,15.369390487670898,24.500375747680664,25.041322708129883,24.492862701416016,24.906084060668945,12854798
2019-09-03,15.118967056274414,24.0871524810791,24.823440551757812,23.98948097229004,24.380165100097656,18683247
2019-09-04,15.307601928710938,24.387678146362305,24.51540184020996,24.177310943603516,24.47783660888672,17994853
2019-09-05,15.661276817321777,24.95116424560547,25.627347946166992,24.530427932739258,24.703229904174805,26544931
2019-09-06,16.316795349121094,25.995492935180664,25.995492935180664,25.10894012451172,25.116453170776367,32827784
2019-09-09,16.52428436279297,26.32607078552246,26.70924186706543,26.11570167541504,26.11570167541504,32587006
2019-09-10,16.231901168823242,25.860254287719727,26.408714294433594,25.627347946166992,26.2283992767334,27172365
2019-09-11,16.161157608032227,25.74755859375,26.05559730529785,25.58226776123047,25.980464935302734,19352473
2019-09-12,15.986676216125488,25.46957015991211,25.965438842773438,25.401952743530273,25.95792579650879,24002056
2019-09-13,15.779189109802246,25.138992309570312,25.627347946166992,24.99624252319336,25.57475471496582,28031259
2019-09-16,15.571682929992676,24.808414459228516,25.10894012451172,24.643125534057617,25.018781661987305,20793547
2019-09-17,15.986676216125488,25.46957015991211,25.46957015991211,24.695716857910156,24.7182559967041,24177215
2019-09-18,16.03383445739746,25.544702529907227,25.657400131225586,25.274229049682617,25.499624252319336,18018811
2019-09-19,15.840484619140625,25.236663818359375,25.9128475189209,25.199098587036133,25.73253059387207,19203534
2019-09-20,16.118722915649414,25.67993927001953,25.67993927001953,25.289255142211914,25.349361419677734,39010279
2019-09-23,16.1517276763916,25.73253059387207,25.73253059387207,25.176557540893555,25.58978271484375,17156323
2019-09-24,15.944235801696777,25.401952743530273,25.822689056396484,25.251689910888672,25.770097732543945,15409120
2019-09-25,16.04798698425293,25.567241668701172,25.612321853637695,25.10894012451172,25.334335327148438,12891001
2019-09-26,16.279064178466797,25.935386657714844,26.040569305419922,25.48459815979004,25.58978271484375,19977511
2019-09-27,16.269624710083008,25.920360565185547,26.130727767944336,25.544702529907227,25.90533447265625,18152444
2019-09-30,15.996099472045898,25.48459815979004,25.980464935302734,25.48459815979004,25.90533447265625,19269951
2019-10-01,15.779189109802246,25.138992309570312,25.785123825073242,24.98872947692871,25.75507164001465,18953040
2019-10-02,15.170004844665527,24.154769897460938,24.868518829345703,24.057098388671875,24.868518829345703,25454443
2019-10-03,15.212472915649414,24.222389221191406,24.395191192626953,23.86927032470703,24.169797897338867,22194291
2019-10-04,15.368186950683594,24.47032356262207,24.530427932739258,23.966941833496094,24.222389221191406,18406931
2019-10-07,15.269095420837402,24.312545776367188,24.981216430664062,24.29751968383789,24.79338836669922,29808410
2019-10-08,15.254942893981934,24.290006637573242,24.823440551757812,24.282493591308594,24.583019256591797,22898790
2019-10-09,15.689043998718262,24.981216430664062,25.169044494628906,24.4177303314209,24.545454025268555,18797979
2019-10-10,15.8683500289917,25.26671600341797,25.46957015991211,24.981216430664062,24.981216430664062,15544216
2019-10-11,16.047649383544922,25.552215576171875,25.80014991760254,25.4320068359375,25.4320068359375,21677863
2019-10-14,16.274127960205078,25.9128475189209,26.033056259155273,25.401952743530273,25.46957015991211,15452510
2019-10-15,16.4062557220459,26.123214721679688,26.318557739257812,25.777610778808594,25.927873611450195,26255439
2019-10-16,16.79789161682129,26.74680519104004,26.74680519104004,25.890308380126953,26.145755767822266,27560617
2019-10-17,16.51478385925293,26.296018600463867,27.009767532348633,26.243425369262695,26.74680519104004,28942595
2019-10-18,16.43381690979004,25.386926651000977,25.5972957611084,25.251689910888672,25.492111206054688,17146208
2019-10-21,16.55052947998047,25.567241668701172,25.64237403869629,25.184072494506836,25.401952743530273,16341086
2019-10-22,17.022302627563477,26.296018600463867,26.296018600463867,25.492111206054688,25.567241668701172,38381381
2019-10-23,17.168201446533203,26.521411895751953,26.897069931030273,25.995492935180664,26.10818862915039,36496419
2019-10-24,17.14874267578125,26.49135971069336,26.64913558959961,26.2283992767334,26.5439510345459,28947120
2019-10-25,17.372482299804688,26.836963653564453,26.949661254882812,26.446279525756836,26.5439510345459,21644988
2019-10-28,17.99987030029297,27.80615997314453,27.821186065673828,26.731779098510742,26.784372329711914,50467127
2019-10-29,17.751821517944336,27.422990798950195,27.76859474182129,27.23516082763672,27.685949325561523,27647665
2019-10-30,17.834508895874023,27.55071258544922,27.580766677856445,26.80691146850586,27.23516082763672,25465490
2019-10-31,17.10497283935547,26.42374038696289,26.889556884765625,26.2283992767334,26.664161682128906,51040389
2019-11-01,16.95907974243164,26.198347091674805,26.76183319091797,25.95792579650879,26.634109497070312,29501881
2019-11-04,16.978044509887695,26.2133731842041,26.498872756958008,26.153268814086914,26.33358383178711,15937394
2019-11-05,17.206754684448242,26.566490173339844,26.64913558959961,26.10818862915039,26.596542358398438,30057706
2019-11-06,17.114286422729492,26.42374038696289,26.821937561035156,26.22088623046875,26.566490173339844,16237800
2019-11-07,17.158079147338867,26.49135971069336,26.634109497070312,26.356122970581055,26.558977127075195,13497937
2019-11-08,16.661739349365234,25.725017547607422,26.446279525756836,25.612321853637695,26.303531646728516,29049873
2019-11-11,16.622804641723633,25.664913177490234,25.770097732543945,25.409465789794922,25.5972957611084,23574139
2019-11-12,16.467090606689453,25.42449188232422,25.725017547607422,25.123966217041016,25.499624252319336,19981903
2019-11-13,16.296770095825195,25.161531448364258,25.401952743530273,24.906084060668945,25.281742095947266,20086653
2019-11-14,16.228649139404297,25.05634880065918,25.26671600341797,24.913597106933594,25.018781661987305,24764985
2019-11-18,16.121604919433594,24.89105987548828,25.41697883605957,24.7332820892334,25.36438751220703,25034645
2019-11-19,16.0924072265625,24.845979690551758,25.071374893188477,24.650638580322266,24.94365119934082,15653092
2019-11-21,16.184850692749023,24.98872947692871,25.244176864624023,24.755821228027344,24.98872947692871,38837115
2019-11-22,16.452497482299805,25.401952743530273,25.41697883605957,24.928625106811523,25.026296615600586,22091538
2019-11-25,16.369766235351562,25.274229049682617,25.57475471496582,25.14650535583496,25.499624252319336,19302162
2019-11-26,16.019407272338867,24.7332820892334,25.20661163330078,24.643125534057617,25.05634880065918,42977457
2019-11-27,16.287033081054688,25.14650535583496,25.326820373535156,24.650638580322266,24.83846664428711,23903562
2019-11-28,16.160520553588867,24.95116424560547,25.063861846923828,24.590532302856445,24.79338836669922,20297750
2019-11-29,16.238386154174805,25.071374893188477,25.20661163330078,24.83846664428711,25.078887939453125,18767100
2019-12-02,16.345439910888672,25.236663818359375,25.454544067382812,25.086400985717773,25.14650535583496,15525848
2019-12-03,16.40337371826172,25.31179428100586,25.559728622436523,25.20661163330078,25.386926651000977,19495556
2019-12-04,16.82696533203125,25.965438842773438,25.965438842773438,25.319307327270508,25.394439697265625,22446117
2019-12-05,16.895130157470703,26.07062339782715,26.37114906311035,25.90533447265625,25.995492935180664,23276794
2019-12-06,16.70524024963379,25.777610778808594,26.311044692993164,25.75507164001465,26.07062339782715,26245855
2019-12-09,16.846439361572266,25.995492935180664,26.07062339782715,25.544702529907227,25.807662963867188,26372167
2019-12-10,16.78801155090332,25.90533447265625,26.153268814086914,25.770097732543945,25.995492935180664,29095660
2019-12-11,16.690645217895508,25.75507164001465,26.16829490661621,25.52216339111328,25.995492935180664,34195519
2019-12-12,16.914596557617188,26.100675582885742,26.130727767944336,25.73253059387207,25.882793426513672,18787597
2019-12-13,16.943815231323242,26.145755767822266,26.506385803222656,25.995492935180664,26.145755767822266,31059151
2019-12-16,16.64681053161621,25.68745231628418,26.42374038696289,25.68745231628418,26.296018600463867,35736817
2019-12-17,16.95355987548828,26.160781860351562,26.318557739257812,25.73253059387207,25.920360565185547,27434705
2019-12-18,17.42584991455078,26.889556884765625,27.032306671142578,26.085649490356445,26.160781860351562,64706165
2019-12-19,17.747188568115234,27.38542366027832,27.38542366027832,26.80691146850586,26.821937561035156,43858712
2019-12-20,17.645200729370117,26.814424514770508,26.994739532470703,26.64162254333496,26.91960906982422,29786715
2019-12-23,17.75396728515625,26.979713439941406,26.987226486206055,26.656648635864258,26.814424514770508,13666574
2019-12-26,17.976444244384766,27.317806243896484,27.415477752685547,26.91209602355957,26.994739532470703,13913608
2019-12-27,17.90723419189453,27.212621688842773,27.535686492919922,27.12246322631836,27.422990798950195,13847724
2019-12-30,17.88251304626465,27.17505645751953,27.415477752685547,27.01728057861328,27.317806243896484,9923270
2020-01-02,18.545005798339844,28.18181800842285,28.18181800842285,27.197595596313477,27.44552993774414,25031584
2020-01-03,18.55438995361328,28.18181800842285,28.54996109008789,27.70848846435547,27.7235164642334,39999078
2020-01-06,18.222978591918945,27.678436279296875,28.009014129638672,27.377910614013672,27.948909759521484,33675497
2020-01-07,17.90640640258789,27.197595596313477,27.76859474182129,27.047332763671875,27.61081886291504,19775066
2020-01-08,17.629404067993164,26.776859283447266,27.438016891479492,26.64162254333496,27.325319290161133,28306110
2020-01-09,17.34745216369629,26.348609924316406,26.96468734741211,26.085649490356445,26.882043838500977,30779241
2020-01-10,17.030874252319336,25.867767333984375,26.58151626586914,25.807662963867188,26.378662109375,26446970
2020-01-13,17.213895797729492,26.145755767822266,26.258451461791992,25.972951889038086,26.130727767944336,21719790
2020-01-14,17.194095611572266,26.11570167541504,26.183319091796875,25.80014991760254,26.16829490661621,18941860
2020-01-15,16.892370223999023,25.657400131225586,26.010517120361328,25.447032928466797,25.980464935302734,28302783
2020-01-16,17.134750366210938,26.025543212890625,26.22088623046875,25.657400131225586,25.75507164001465,32815006
2020-01-17,17.535409927368164,26.634109497070312,26.716754913330078,26.130727767944336,26.183319091796875,29995016
2020-01-20,17.194095611572266,26.11570167541504,26.558977127075195,26.00300407409668,26.49135971069336,18649572
2020-01-21,16.620309829711914,25.244176864624023,26.048084259033203,25.236663818359375,25.920360565185547,31255074
2020-01-22,16.679664611816406,25.334335327148438,25.649887084960938,25.199098587036133,25.544702529907227,23771926
2020-01-23,17.119903564453125,26.00300407409668,26.26596450805664,25.05634880065918,25.161531448364258,38929221
2020-01-24,16.991302490234375,25.807662963867188,26.205860137939453,25.514650344848633,26.085649490356445,17851638
2020-01-27,16.60052490234375,25.21412467956543,25.5972957611084,25.116453170776367,25.52967643737793,18971275
2020-01-28,16.620309829711914,25.244176864624023,25.567241668701172,25.078887939453125,25.4320068359375,16647083
2020-01-29,16.382871627807617,24.883546829223633,25.48459815979004,24.79338836669922,25.43951988220215,21514683
2020-01-30,16.546117782592773,25.131479263305664,25.191585540771484,24.47032356262207,24.583019256591797,21038983
2020-01-31,16.26910972595215,24.710742950439453,25.003755569458008,24.507888793945312,24.823440551757812,23105760
2020-02-03,16.37297821044922,24.868518829345703,25.161531448364258,24.650638580322266,24.78587532043457,20154401
2020-02-04,16.382375717163086,24.868518829345703,25.36438751220703,24.823440551757812,25.356874465942383,27380134
2020-02-05,16.699129104614258,25.349361419677734,25.995492935180664,25.31179428100586,25.559728622436523,52370324
2020-02-06,16.506103515625,25.05634880065918,25.74755859375,24.921110153198242,25.544702529907227,31171620
2020-02-07,16.694183349609375,25.341848373413086,25.694965362548828,24.913597106933594,24.94365119934082,30296088
2020-02-10,16.872352600097656,25.612321853637695,25.890308380126953,25.184072494506836,25.4320068359375,32551069
2020-02-11,17.020830154418945,25.83771514892578,26.198347091674805,25.627347946166992,25.935386657714844,36211052
2020-02-12,16.793174743652344,25.492111206054688,25.935386657714844,25.244176864624023,25.830202102661133,65565592
2020-02-13,16.471458435058594,25.003755569458008,25.31179428100586,24.815927505493164,25.31179428100586,25560923
2020-02-14,16.100255966186523,24.440269470214844,25.033809661865234,24.342599868774414,24.99624252319336,29435464
2020-02-17,15.966632843017578,24.237415313720703,24.5679931640625,24.237415313720703,24.51540184020996,14387045
2020-02-18,15.904159545898438,24.09466552734375,24.32006072998047,23.801652908325195,24.057098388671875,34812571
2020-02-19,16.132272720336914,24.440269470214844,24.79338836669922,23.906835556030273,23.959428787231445,36195879
2020-02-20,15.899195671081543,24.0871524810791,24.68069076538086,24.049585342407227,24.68069076538086,27882985
2020-02-21,15.775219917297363,23.899322509765625,24.079639434814453,23.67392921447754,23.966941833496094,21578305
2020-02-26,14.927190780639648,22.614574432373047,23.23816680908203,22.404207229614258,23.042823791503906,38676996
2020-02-27,14.862723350524902,22.516904830932617,23.373403549194336,22.321561813354492,22.321561813354492,47990536
2020-02-28,15.140440940856934,22.937639236450195,23.057851791381836,22.314048767089844,22.5920352935791,55779548
2020-03-02,15.343770980834961,23.24567985534668,23.35086441040039,22.629600524902344,22.952667236328125,44379000
2020-03-03,14.94627571105957,22.629600524902344,23.320810317993164,22.479337692260742,22.990232467651367,41219739
2020-03-04,15.11003589630127,22.877534866333008,23.012771606445312,22.336589813232422,22.97520637512207,38989515
2020-03-05,14.613807678222656,22.126220703125,22.832456588745117,21.930879592895508,22.652141571044922,32076434
2020-03-06,14.196975708007812,21.495115280151367,21.96844482421875,21.202102661132812,21.450037002563477,40149215
2020-03-09,13.174757957458496,19.947406768798828,20.62359046936035,19.646881103515625,20.037565231323242,61036066
2020-03-10,13.492338180541992,20.42824935913086,21.314800262451172,19.699474334716797,21.036813735961914,44294615
2020-03-11,12.400643348693848,18.77535629272461,20.11269760131836,18.0390682220459,19.909841537475586,47226275
2020-03-12,10.738296508789062,16.258451461791992,17.129976272583008,15.777609825134277,16.5289249420166,51490932
2020-03-13,12.549515724182129,19.000751495361328,19.338842391967773,16.53643798828125,19.30879020690918,79427025
2020-03-16,10.758146286010742,16.288503646850586,18.159278869628906,16.258451461791992,16.829450607299805,61220542
2020-03-17,11.621575355529785,17.595792770385742,18.45229148864746,16.26596450805664,16.791885375976562,72201692
2020-03-18,10.26688003540039,15.544702529907227,16.91209602355957,14.800901412963867,16.378662109375,78717070
2020-03-19,10.296655654907227,15.589781761169434,16.145755767822266,14.214876174926758,15.02629566192627,72420907
2020-03-20,9.547355651855469,14.45529556274414,16.303531646728516,14.244928359985352,16.17580795288086,67041671
2020-03-23,8.76828384399414,13.275732040405273,14.800901412963867,12.997746467590332,14.65063762664795,70904765
2020-03-24,10.088237762451172,15.274229049682617,15.484598159790039,14.214876174926758,14.282493591308594,49044688
2020-03-25,10.842504501342773,16.416227340698242,17.595792770385742,14.936138153076172,15.018781661987305,47534934
2020-03-26,11.070764541625977,16.76183319091797,17.483095169067383,16.048084259033203,16.679187774658203,51020557
2020-03-27,10.351236343383789,15.672426223754883,16.378662109375,15.559728622436523,15.927872657775879,42285204
2020-03-30,10.673785209655762,16.160781860351562,16.401201248168945,15.597294807434082,15.882794380187988,42414843
2020-03-31,10.306578636169434,15.60480785369873,16.145755767822266,15.326821327209473,15.965438842773438,52023599
2020-04-01,9.85501480102539,14.921111106872559,15.154019355773926,14.560480117797852,15.02629566192627,34088640
2020-04-02,9.909141540527344,14.988730430603027,15.311795234680176,14.740796089172363,14.91359806060791,39838294
2020-04-03,9.541585922241211,14.432757377624512,14.898571968078613,13.688955307006836,14.876032829284668,54433374
2020-04-06,10.445578575134277,15.800149917602539,16.0631103515625,15.424491882324219,15.507137298583984,75409934
2020-04-07,10.837969779968262,16.393688201904297,17.22764778137207,16.356122970581055,16.904582977294922,49370250
2020-04-08,11.126049995422363,16.829450607299805,17.145002365112305,16.32607078552246,16.453794479370117,45025201
2020-04-09,11.121086120605469,16.821937561035156,17.49060821533203,16.724266052246094,17.054845809936523,50273467
2020-04-13,11.409173965454102,17.257699966430664,17.257699966430664,16.378662109375,16.80691146850586,42999286
2020-04-14,11.533842086791992,17.446279525756836,18.231403350830078,17.446279525756836,17.76859474182129,41663446
2020-04-15,11.200560569763184,16.942148208618164,17.404958724975586,16.85950469970703,17.14049530029297,43839147
2020-04-16,10.91098403930664,16.504131317138672,17.223140716552734,16.454544067382812,17.20661163330078,35433640
2020-04-17,11.124069213867188,16.826446533203125,17.099172592163086,16.330577850341797,16.92561912536621,32352012
2020-04-20,10.763463020324707,16.280990600585938,16.595041275024414,16.157024383544922,16.429752349853516,50772084
2020-04-22,10.725220680236816,16.223140716552734,16.644628524780273,16.008264541625977,16.11570167541504,52473465
2020-04-23,10.572235107421875,15.991735458374023,16.652891159057617,15.727272033691406,16.446279525756836,51634451
2020-04-24,9.747214317321777,14.74380111694336,15.884297370910645,14.214876174926758,15.727272033691406,88260909
2020-04-27,10.031327247619629,15.173553466796875,15.752065658569336,15.0,15.40495777130127,53192084
2020-04-28,10.91098403930664,16.504131317138672,16.735536575317383,16.02479362487793,16.157024383544922,69331911
2020-04-29,11.277050018310547,17.057851791381836,17.132230758666992,16.438016891479492,16.966941833496094,44718333
2020-04-30,10.462961196899414,15.826445579528809,16.190082550048828,15.74380111694336,15.74380111694336,85093250
2020-05-04,9.998547554016113,15.123966217041016,15.487603187561035,14.942148208618164,15.462808609008789,53674269
2020-05-05,10.008922576904297,15.123966217041016,15.735536575317383,15.00826358795166,15.28925609588623,62144511
2020-05-06,9.80108642578125,14.809917449951172,15.239668846130371,14.619833946228027,15.157024383544922,50904216
2020-05-07,9.379949569702148,14.173553466796875,14.942148208618164,14.049586296081543,14.917354583740234,85305726
2020-05-08,9.80108642578125,14.809917449951172,14.983470916748047,14.438015937805176,14.578512191772461,48497526
2020-05-11,9.653416633605957,14.586775779724121,15.338842391967773,14.586775779724121,14.710742950439453,37148936
2020-05-12,9.352601051330566,14.132230758666992,14.851239204406738,14.132230758666992,14.809917449951172,49303265
2020-05-13,9.2705659866333,14.00826358795166,14.471074104309082,13.727272033691406,14.280990600585938,65038105
2020-05-14,9.779217720031738,14.776859283447266,14.801651954650879,13.314048767089844,13.776859283447266,82827525
2020-05-15,9.358073234558105,14.140495300292969,14.900826454162598,14.140495300292969,14.66115665435791,48846974
2020-05-18,9.850317001342773,14.884297370910645,14.933883666992188,14.413223266601562,14.834710121154785,58094641
2020-05-19,9.56043815612793,14.446279525756836,14.876032829284668,14.446279525756836,14.826445579528809,42144179
2020-05-20,9.658890724182129,14.595041275024414,14.727272033691406,14.355371475219727,14.545454025268555,33736010
2020-05-21,10.19488525390625,15.40495777130127,15.537190437316895,14.63636302947998,14.710742950439453,63209795
2020-05-22,10.255047798156738,15.495866775512695,15.702479362487793,15.066115379333496,15.231404304504395,51975913
2020-05-25,10.982473373413086,16.595041275024414,16.652891159057617,15.925619125366211,16.190082550048828,50529600
2020-05-26,10.506636619567871,15.876032829284668,16.97520637512207,15.760330200195312,16.933883666992188,73392187
2020-05-27,10.687128067016602,16.148759841918945,16.29751968383789,15.851239204406738,16.198347091674805,38394873
2020-05-28,10.446470260620117,15.785122871398926,16.24793243408203,15.752065658569336,16.008264541625977,44381711
2020-05-29,10.364434242248535,15.66115665435791,15.785122871398926,15.2644624710083,15.785122871398926,85059733
2020-06-01,10.829328536987305,16.363636016845703,16.479337692260742,15.528924942016602,15.611570358276367,73584335
2020-06-02,11.316008567810059,17.082643508911133,17.107437133789062,16.561983108520508,16.66942024230957,57911810
2020-06-03,11.819668769836426,17.842975616455078,18.18181800842285,17.652891159057617,17.884296417236328,92530636
2020-06-04,11.98938274383545,18.099172592163086,18.314048767089844,17.363636016845703,17.677684783935547,70904185
2020-06-05,12.208366394042969,18.429752349853516,19.5289249420166,18.330577850341797,19.289255142211914,88795971
2020-06-08,12.848894119262695,19.39669418334961,19.42148780822754,18.677684783935547,18.760330200195312,70020280
2020-06-09,12.564214706420898,18.966941833496094,19.34710693359375,18.702478408813477,18.892560958862305,62607457
2020-06-10,11.978436470031738,18.082643508911133,19.404958724975586,18.01652717590332,19.338842391967773,74329574
2020-06-12,11.841570854187012,17.876033782958984,18.049585342407227,17.51239585876465,17.644628524780273,89793858
2020-06-15,11.578788757324219,17.479337692260742,17.76859474182129,17.190082550048828,17.355371475219727,81559324
2020-06-16,12.060554504394531,18.20661163330078,18.413223266601562,17.760330200195312,18.173553466796875,63720657
2020-06-17,12.252169609069824,18.495866775512695,18.85950469970703,18.173553466796875,18.18181800842285,65846627
2020-06-18,12.208366394042969,18.429752349853516,18.809917449951172,18.14049530029297,18.27272605895996,66061281
2020-06-19,12.241216659545898,18.479337692260742,18.818180084228516,18.06611442565918,18.71900749206543,89256255
2020-06-22,11.814196586608887,17.83470916748047,18.57851219177246,17.752065658569336,18.504131317138672,45392424
2020-06-23,11.79778003692627,17.809917449951172,18.264461517333984,17.636362075805664,18.18181800842285,44536712
2020-06-24,11.414543151855469,17.231403350830078,17.876033782958984,17.11570167541504,17.710742950439453,55327613
2020-06-25,11.68828010559082,17.644628524780273,17.801652908325195,17.20661163330078,17.446279525756836,49717932
2020-06-26,11.326959609985352,17.099172592163086,17.619834899902344,17.049585342407227,17.388429641723633,55023540
2020-06-29,11.72113037109375,17.6942138671875,17.6942138671875,17.157024383544922,17.264461517333984,59291694
2020-06-30,11.332435607910156,17.107437133789062,17.595041275024414,17.0,17.537189483642578,54322829
2020-07-01,11.58426570892334,17.48760223388672,17.652891159057617,17.157024383544922,17.20661163330078,40633494
2020-07-02,11.62205982208252,17.5289249420166,18.082643508911133,17.51239585876465,17.867767333984375,45546578
2020-07-03,11.698770523071289,17.644628524780273,17.677684783935547,17.355371475219727,17.504131317138672,15265844
2020-07-06,12.411103248596191,18.71900749206543,18.760330200195312,17.958677291870117,18.099172592163086,69057483
2020-07-07,11.896032333374023,17.942148208618164,18.66942024230957,17.942148208618164,18.55371856689453,67814208
2020-07-08,12.301518440246582,18.55371856689453,18.66942024230957,18.06611442565918,18.18181800842285,63011960
2020-07-09,12.02754020690918,18.14049530029297,18.776859283447266,18.06611442565918,18.652891159057617,97748398
2020-07-10,12.202885627746582,18.404958724975586,18.404958724975586,17.892560958862305,18.132230758666992,83139221
2020-07-13,12.033018112182617,18.148759841918945,18.66942024230957,18.148759841918945,18.586776733398438,45588807
2020-07-14,12.235762596130371,18.454544067382812,18.471073150634766,17.942148208618164,18.1652889251709,46757788
2020-07-15,12.438508987426758,18.760330200195312,19.123966217041016,18.595041275024414,18.677684783935547,57340932
2020-07-16,12.219324111938477,18.429752349853516,18.661157608032227,18.363636016845703,18.595041275024414,36847041
2020-07-17,12.279600143432617,18.520660400390625,18.785123825073242,18.471073150634766,18.57851219177246,54564466
2020-07-20,12.394667625427246,18.6942138671875,18.842975616455078,18.404958724975586,18.561983108520508,48562745
2020-07-21,12.72891902923584,19.198347091674805,19.404958724975586,18.851238250732422,19.008264541625977,77298188
2020-07-22,12.509744644165039,18.867767333984375,19.29751968383789,18.636362075805664,19.25619888305664,50483015
2020-07-23,12.328920364379883,18.595041275024414,18.917354583740234,18.537189483642578,18.917354583740234,37550656
2020-07-24,12.40562629699707,18.710742950439453,18.892560958862305,18.24793243408203,18.429752349853516,34986303
2020-07-27,12.975504875183105,19.570247650146484,19.611570358276367,18.867767333984375,18.917354583740234,66450296
2020-07-28,12.887825965881348,19.438016891479492,19.95041275024414,19.29751968383789,19.34710693359375,51909000
2020-07-29,13.293306350708008,20.049585342407227,20.082643508911133,19.752065658569336,19.752065658569336,56100440
2020-07-30,12.827554702758789,19.34710693359375,20.02479362487793,19.1652889251709,19.809917449951172,79453077
2020-07-31,12.296041488647461,18.545454025268555,19.561983108520508,18.413223266601562,19.504131317138672,92756543
2020-08-03,12.164529800415039,18.34710693359375,18.801652908325195,18.1652889251709,18.735536575317383,67604394
2020-08-04,11.911693572998047,17.95041275024414,18.5289249420166,17.62809944152832,18.123966217041016,82536278
2020-08-05,11.966536521911621,18.033056259155273,18.289255142211914,17.710742950439453,18.20661163330078,45419286
2020-08-06,12.048795700073242,18.157024383544922,18.39669418334961,17.818180084228516,18.099172592163086,50515322
2020-08-07,11.977503776550293,18.049585342407227,18.636362075805664,17.785123825073242,17.942148208618164,70822510
2020-08-10,12.081704139709473,18.20661163330078,18.37190055847168,17.917354583740234,18.14049530029297,35251898
2020-08-11,11.982992172241211,18.057851791381836,18.55371856689453,18.057851791381836,18.42148780822754,38937074
2020-08-12,11.873305320739746,17.892560958862305,18.34710693359375,17.710742950439453,18.190082550048828,53486114
2020-08-13,11.62651538848877,17.520660400390625,18.157024383544922,17.454544067382812,17.97520637512207,39513639
2020-08-14,11.642970085144043,17.545454025268555,17.74380111694336,17.404958724975586,17.586776733398438,40462037
2020-08-17,11.302946090698242,17.033056259155273,17.545454025268555,16.85950469970703,17.479337692260742,61115406
2020-08-18,11.423604011535645,17.214876174926758,17.479337692260742,17.11570167541504,17.429752349853516,50875902
2020-08-19,11.379730224609375,17.148759841918945,17.39669418334961,17.049585342407227,17.289255142211914,64540311
2020-08-20,11.352306365966797,17.107437133789062,17.20661163330078,16.760330200195312,16.842975616455078,41295606
2020-08-21,11.352306365966797,17.107437133789062,17.198347091674805,16.909090042114258,17.082643508911133,29621405
2020-08-24,11.610061645507812,17.495866775512695,17.702478408813477,17.280990600585938,17.289255142211914,38914326
2020-08-25,11.610061645507812,17.495866775512695,17.6942138671875,17.305784225463867,17.644628524780273,30182361
2020-08-26,11.36876392364502,17.132230758666992,17.586776733398438,16.942148208618164,17.479337692260742,46002990
2020-08-27,11.538765907287598,17.388429641723633,17.644628524780273,17.107437133789062,17.157024383544922,42850335
2020-08-28,11.774588584899902,17.74380111694336,17.83470916748047,17.446279525756836,17.55371856689453,43992212
2020-08-31,11.374239921569824,17.14049530029297,17.677684783935547,17.14049530029297,17.60330581665039,57366705
2020-09-01,11.604581832885742,17.48760223388672,17.619834899902344,17.330577850341797,17.39669418334961,50020311
2020-09-02,11.593035697937012,17.454544067382812,17.619834899902344,17.280990600585938,17.595041275024414,33742060
2020-09-03,12.048632621765137,18.14049530029297,18.42148780822754,17.39669418334961,17.404958724975586,129192789
2020-09-04,12.059610366821289,18.157024383544922,18.545454025268555,18.0,18.42148780822754,57514809
2020-09-08,11.8674955368042,17.867767333984375,18.041322708129883,17.76859474182129,17.909090042114258,33833173
2020-09-09,11.834553718566895,17.818180084228516,18.173553466796875,17.710742950439453,18.01652717590332,35740012
2020-09-10,11.444826126098633,17.231403350830078,17.90082550048828,17.198347091674805,17.785123825073242,56327799
2020-09-11,11.230753898620605,16.909090042114258,17.314048767089844,16.801652908325195,17.27272605895996,47278451
2020-09-14,11.362495422363281,17.107437133789062,17.173553466796875,16.710742950439453,17.07438087463379,68687586
2020-09-15,11.241727828979492,16.92561912536621,17.1652889251709,16.76859474182129,17.148759841918945,45286791
2020-09-16,11.263689994812012,16.958677291870117,17.239669799804688,16.85950469970703,16.92561912536621,42998197
2020-09-17,11.291136741638184,17.0,17.082643508911133,16.727272033691406,16.752065658569336,30859114
2020-09-18,11.02216625213623,16.595041275024414,16.95041275024414,16.561983108520508,16.917354583740234,76123157
2020-09-21,10.85749340057373,16.34710693359375,16.429752349853516,16.11570167541504,16.280990600585938,57832434
2020-09-22,10.923362731933594,16.446279525756836,16.644628524780273,16.264461517333984,16.380165100097656,30436824
2020-09-23,10.665372848510742,16.057851791381836,16.438016891479492,16.033056259155273,16.32231330871582,32262351
2020-09-24,10.868473052978516,16.363636016845703,16.504131317138672,16.02479362487793,16.06611442565918,41345700
2020-09-25,10.85749340057373,16.34710693359375,16.34710693359375,16.09090805053711,16.27272605895996,20911462
2020-09-28,10.82456111907959,16.29751968383789,17.02479362487793,16.198347091674805,16.570247650146484,83360409
2020-09-29,10.566571235656738,15.909090042114258,16.34710693359375,15.859503746032715,16.32231330871582,55956329
2020-09-30,10.654393196105957,16.041322708129883,16.190082550048828,15.917354583740234,15.991735458374023,39182704
2020-10-01,10.7037935256958,16.11570167541504,16.18181800842285,15.884297370910645,16.07438087463379,29290107
2020-10-02,10.791143417358398,16.231403350830078,16.818180084228516,15.983470916748047,16.041322708129883,62918911
2020-10-05,10.944993019104004,16.46280860900879,16.586776733398438,16.0,16.29751968383789,41923233
2020-10-06,10.906529426574707,16.404958724975586,16.826446533203125,16.29751968383789,16.652891159057617,36957998
2020-10-07,10.791143417358398,16.231403350830078,16.545454025268555,16.18181800842285,16.51239585876465,35786960
2020-10-08,11.346091270446777,17.06611442565918,17.1652889251709,16.198347091674805,16.24793243408203,79523136
2020-10-09,11.395536422729492,17.14049530029297,17.471073150634766,16.702478408813477,16.909090042114258,86877032
2020-10-13,11.461474418640137,17.239669799804688,17.39669418334961,17.041322708129883,17.214876174926758,36440965
2020-10-14,11.47245979309082,17.25619888305664,17.413223266601562,17.20661163330078,17.29751968383789,34703768
2020-10-15,11.395536422729492,17.14049530029297,17.404958724975586,16.92561912536621,17.0,41188642
2020-10-16,11.170267105102539,16.801652908325195,17.082643508911133,16.801652908325195,17.06611442565918,28485820
2020-10-19,11.324109077453613,17.033056259155273,17.413223266601562,16.785123825073242,16.933883666992188,62748180
2020-10-20,11.813117027282715,17.76859474182129,17.933883666992188,17.190082550048828,17.190082550048828,78651694
2020-10-21,11.934000968933105,17.95041275024414,18.198347091674805,17.55371856689453,17.76859474182129,76419244
2020-10-22,12.483443260192871,18.776859283447266,18.92561912536621,17.933883666992188,17.933883666992188,81425740
2020-10-23,12.428496360778809,18.6942138671875,19.29751968383789,18.545454025268555,18.842975616455078,77700150
2020-10-26,12.582344055175781,18.92561912536621,19.02479362487793,18.537189483642578,18.586776733398438,47649921
2020-10-27,12.230701446533203,18.39669418334961,19.42148780822754,18.280990600585938,19.330577850341797,94080404
2020-10-28,11.5383939743042,17.355371475219727,18.02479362487793,17.32231330871582,18.02479362487793,80850506
2020-10-29,11.423016548156738,17.18181800842285,17.27272605895996,16.504131317138672,17.190082550048828,118969499
2020-10-30,11.076861381530762,16.661157608032227,17.11570167541504,16.471073150634766,16.90082550048828,69347036
2020-11-03,11.455973625183105,17.231403350830078,17.37190055847168,16.801652908325195,16.97520637512207,70121073
2020-11-04,11.372919082641602,17.09090805053711,17.55371856689453,16.76859474182129,17.520660400390625,86799350
2020-11-05,11.548904418945312,17.355371475219727,17.471073150634766,16.966941833496094,17.39669418334961,59907463
2020-11-06,11.521407127380371,17.314048767089844,17.39669418334961,17.107437133789062,17.148759841918945,47718891
2020-11-09,12.615802764892578,18.958677291870117,19.223140716552734,18.06611442565918,18.305784225463867,144734997
2020-11-10,13.429723739624023,20.18181800842285,20.34710693359375,19.02479362487793,19.02479362487793,164328769
2020-11-11,13.374728202819824,20.099172592163086,20.32231330871582,19.520660400390625,20.132230758666992,92258144
2020-11-12,12.846780776977539,19.305784225463867,20.099172592163086,19.18181800842285,20.082643508911133,66495429
2020-11-13,13.303240776062012,19.991735458374023,19.991735458374023,19.280990600585938,19.51239585876465,67209934
2020-11-16,13.891684532165527,20.876033782958984,20.909090042114258,20.338842391967773,20.404958724975586,114690334
2020-11-17,13.968682289123535,20.991735458374023,20.991735458374023,20.429752349853516,20.661157608032227,76666205
2020-11-18,13.539718627929688,20.34710693359375,21.008264541625977,20.34710693359375,20.917354583740234,61293155
2020-11-19,13.550711631774902,20.363636016845703,20.752065658569336,20.280990600585938,20.355371475219727,39838161
2020-11-23,13.462724685668945,20.231403350830078,20.5289249420166,20.14049530029297,20.388429641723633,37882196
2020-11-24,14.067666053771973,21.14049530029297,21.446279525756836,20.42148780822754,20.429752349853516,89390444
2020-11-25,13.886183738708496,20.867767333984375,21.223140716552734,20.644628524780273,21.09090805053711,51217848
2020-11-26,13.660709381103516,20.5289249420166,20.801652908325195,20.413223266601562,20.76859474182129,25190627
2020-11-27,13.550711631774902,20.363636016845703,20.933883666992188,20.363636016845703,20.6942138671875,40041804
2020-11-30,13.363734245300293,20.082643508911133,20.520660400390625,20.02479362487793,20.27272605895996,61542657
2020-12-01,14.11165714263916,21.20661163330078,21.644628524780273,20.438016891479492,20.48760223388672,78138775
2020-12-02,14.2651948928833,21.42148780822754,21.561983108520508,21.02479362487793,21.404958724975586,54318715
2020-12-03,14.078070640563965,21.14049530029297,22.082643508911133,21.09090805053711,21.404958724975586,66249678
2020-12-04,14.19915771484375,21.32231330871582,21.55371856689453,21.033056259155273,21.504131317138672,48098226
2020-12-07,14.292716026306152,21.46280860900879,21.892560958862305,21.099172592163086,21.20661163330078,42097352
2020-12-08,14.122103691101074,21.20661163330078,21.760330200195312,21.107437133789062,21.39669418334961,41379459
2020-12-09,14.16063117980957,21.264461517333984,21.42148780822754,21.107437133789062,21.20661163330078,39119300
2020-12-10,14.744001388549805,22.14049530029297,22.231403350830078,21.438016891479492,21.446279525756836,74726938
2020-12-11,14.62842845916748,21.966941833496094,22.173553466796875,21.619834899902344,21.818180084228516,48451667
2020-12-14,14.551382064819336,21.851238250732422,22.314048767089844,21.851238250732422,22.107437133789062,36431285
2020-12-15,14.551382064819336,21.851238250732422,22.25619888305664,21.851238250732422,21.851238250732422,33169730
2020-12-16,14.881597518920898,22.34710693359375,22.710742950439453,21.74380111694336,21.958677291870117,57006367
2020-12-17,14.953141212463379,22.454544067382812,22.785123825073242,22.264461517333984,22.644628524780273,45968142
2020-12-18,14.980658531188965,22.495866775512695,22.801652908325195,22.32231330871582,22.42148780822754,54097164
2020-12-21,14.617423057556152,21.95041275024414,22.388429641723633,21.92561912536621,21.983470916748047,66521686
2020-12-22,14.9146146774292,22.39669418334961,22.520660400390625,22.11570167541504,22.11570167541504,38527126
2020-12-23,15.255830764770508,22.909090042114258,23.057851791381836,22.446279525756836,22.57851219177246,31883742
2020-12-28,15.404438018798828,23.132230758666992,23.355371475219727,23.07438087463379,23.223140716552734,45444938
2020-12-29,15.379451751708984,22.752065658569336,23.041322708129883,22.619834899902344,22.991735458374023,26853167
2020-12-30,15.16157054901123,22.429752349853516,22.92561912536621,22.429752349853516,22.83470916748047,26660051
2021-01-04,14.764932632446289,21.842975616455078,22.752065658569336,21.702478408813477,22.752065658569336,48196357
2021-01-05,14.674912452697754,21.6942138671875,21.818180084228516,21.223140716552734,21.652891159057617,47107478
2021-01-06,15.161284446716309,22.413223266601562,22.710742950439453,21.710742950439453,21.727272033691406,73317409
2021-01-07,15.563789367675781,23.008264541625977,23.123966217041016,22.280990600585938,22.454544067382812,56545599
2021-01-08,15.429618835449219,22.809917449951172,23.479337692260742,22.504131317138672,23.190082550048828,60861427
2021-01-11,15.155689239501953,22.404958724975586,22.636362075805664,22.107437133789062,22.413223266601562,44169961
2021-01-12,15.144514083862305,22.388429641723633,22.644628524780273,22.190082550048828,22.5289249420166,46567697
2021-01-13,14.91530704498291,22.049585342407227,22.55371856689453,21.702478408813477,22.446279525756836,56170741
2021-01-14,15.373714447021484,22.727272033691406,22.942148208618164,22.033056259155273,22.173553466796875,72262168
2021-01-15,14.94884204864502,22.099172592163086,22.545454025268555,22.041322708129883,22.39669418334961,53980036
2021-01-18,14.999163627624512,22.173553466796875,22.611570358276367,21.991735458374023,22.20661163330078,51058007
2021-01-19,14.758777618408203,21.818180084228516,22.413223266601562,21.611570358276367,22.380165100097656,38386524
2021-01-20,14.45130443572998,21.363636016845703,22.0,21.305784225463867,21.983470916748047,41861039
2021-01-21,14.244458198547363,21.057851791381836,21.495866775512695,20.85950469970703,21.413223266601562,43414921
2021-01-22,13.981698989868164,20.66942024230957,20.97520637512207,20.51239585876465,20.619834899902344,49504004
2021-01-26,13.646270751953125,20.173553466796875,21.18181800842285,20.07438087463379,20.636362075805664,70337058
2021-01-27,13.841938972473145,20.46280860900879,20.785123825073242,19.917354583740234,20.082643508911133,79338490
2021-01-28,14.272404670715332,21.099172592163086,21.34710693359375,20.42148780822754,20.471073150634766,62478350
2021-01-29,13.830756187438965,20.446279525756836,21.07438087463379,20.27272605895996,20.809917449951172,67913428
2021-02-01,14.11587142944336,20.867767333984375,21.107437133789062,20.677684783935547,20.809917449951172,54510500
2021-02-02,14.059347152709961,20.76859474182129,21.32231330871582,20.46280860900879,21.1652889251709,82720803
2021-02-03,14.126485824584961,20.867767333984375,21.173553466796875,20.710742950439453,20.92561912536621,45415172
2021-02-04,14.551678657531738,21.495866775512695,21.942148208618164,21.32231330871582,21.818180084228516,114781326
2021-02-05,14.473359107971191,21.380165100097656,21.652891159057617,21.264461517333984,21.495866775512695,49424023
2021-02-08,14.16564655303955,20.92561912536621,21.413223266601562,20.85950469970703,21.380165100097656,30201237
2021-02-09,14.238378524780273,21.033056259155273,21.338842391967773,20.586776733398438,20.785123825073242,54631621
2021-02-10,14.081732749938965,20.801652908325195,21.214876174926758,20.652891159057617,20.966941833496094,34475320
2021-02-11,14.0985107421875,20.826446533203125,21.14049530029297,20.6942138671875,20.966941833496094,29089005
2021-02-12,14.0985107421875,20.826446533203125,21.099172592163086,20.62809944152832,20.74380111694336,26965092
2021-02-17,14.087322235107422,20.809917449951172,20.942148208618164,20.561983108520508,20.685949325561523,20858827
2021-02-18,13.948348999023438,20.586776733398438,21.033056259155273,20.429752349853516,20.677684783935547,58438039
2021-02-19,13.830753326416016,20.413223266601562,20.884296417236328,20.338842391967773,20.537189483642578,36792107
2021-02-22,12.923641204833984,19.07438087463379,19.826446533203125,19.057851791381836,19.677684783935547,104356450
2021-02-23,13.539584159851074,19.983470916748047,20.20661163330078,19.37190055847168,19.42148780822754,58129852
2021-02-24,13.444393157958984,19.842975616455078,20.239669799804688,19.561983108520508,20.173553466796875,43288839
2021-02-25,13.15322494506836,19.413223266601562,20.01652717590332,19.289255142211914,19.785123825073242,43365553
2021-02-26,12.878843307495117,19.008264541625977,19.6942138671875,18.933883666992188,19.479337692260742,69104310
2021-03-01,12.45328140258789,18.380165100097656,19.404958724975586,18.363636016845703,19.338842391967773,70533925
2021-03-02,12.788959503173828,18.85950469970703,19.25619888305664,17.727272033691406,18.01652717590332,86893609
2021-03-03,12.901050567626953,19.02479362487793,19.355371475219727,18.363636016845703,18.85950469970703,68702348
2021-03-04,13.399829864501953,19.760330200195312,20.07438087463379,19.1652889251709,19.214876174926758,87727541
2021-03-05,14.033108711242676,20.6942138671875,20.842975616455078,19.801652908325195,19.917354583740234,94742879
2021-03-08,13.534339904785156,19.958677291870117,21.057851791381836,19.884296417236328,20.280990600585938,70396348
2021-03-09,13.646411895751953,20.123966217041016,20.479337692260742,19.661157608032227,19.966941833496094,51552413
2021-03-10,13.876194953918457,20.46280860900879,20.685949325561523,19.95041275024414,20.280990600585938,68433970
2021-03-11,14.117173194885254,20.818180084228516,21.041322708129883,20.264461517333984,20.760330200195312,69172433
2021-03-12,14.0219087600708,20.677684783935547,20.842975616455078,20.471073150634766,20.66942024230957,53786436
2021-03-15,14.218056678771973,20.966941833496094,21.033056259155273,20.48760223388672,20.537189483642578,37805845
2021-03-16,13.98267936706543,20.619834899902344,21.008264541625977,20.289255142211914,20.933883666992188,37929628
2021-03-17,14.565516471862793,21.479337692260742,21.48760223388672,20.438016891479492,20.471073150634766,73650280
2021-03-18,14.834532737731934,21.876033782958984,22.173553466796875,21.330577850341797,21.363636016845703,109927895
2021-03-19,14.985840797424316,22.099172592163086,22.25619888305664,21.62809944152832,22.06611442565918,96725464
2021-03-22,14.90738582611084,21.983470916748047,22.09090805053711,21.586776733398438,21.76859474182129,56779734
2021-03-23,14.744855880737305,21.74380111694336,22.18181800842285,21.6942138671875,21.702478408813477,44842358
2021-03-24,14.593537330627441,21.520660400390625,21.933883666992188,21.520660400390625,21.801652908325195,48280210
2021-03-25,14.918587684631348,22.0,22.033056259155273,21.330577850341797,21.48760223388672,66434203
2021-03-26,15.019462585449219,22.148759841918945,22.355371475219727,21.851238250732422,21.90082550048828,48706372
2021-03-29,15.081113815307617,22.239669799804688,22.330577850341797,21.884296417236328,22.198347091674805,50369880
2021-03-30,15.33330249786377,22.611570358276367,22.710742950439453,22.099172592163086,22.107437133789062,45199308
2021-03-31,15.002654075622559,22.123966217041016,22.644628524780273,21.85950469970703,22.644628524780273,48801357
2021-04-01,14.453434944152832,21.314048767089844,22.27272605895996,21.305784225463867,22.223140716552734,61328003
2021-04-05,14.587462425231934,21.495866775512695,21.71900749206543,21.32231330871582,21.586776733398438,39431722
2021-04-06,14.357515335083008,21.157024383544922,21.652891159057617,21.0,21.537189483642578,36674979
2021-04-07,14.200480461120605,20.92561912536621,21.289255142211914,20.83470916748047,21.07438087463379,40372497
2021-04-08,14.155613899230957,20.85950469970703,21.1652889251709,20.752065658569336,21.157024383544922,38028364
2021-04-09,14.133176803588867,20.826446533203125,21.24793243408203,20.710742950439453,20.74380111694336,38960911
2021-04-12,14.39677619934082,21.214876174926758,21.25619888305664,20.867767333984375,20.966941833496094,27353018
2021-04-13,14.30142879486084,21.07438087463379,21.239669799804688,20.826446533203125,21.07438087463379,34344035
2021-04-14,14.469680786132812,21.32231330871582,21.661157608032227,20.933883666992188,21.157024383544922,50114933
2021-04-15,14.469680786132812,21.32231330871582,21.619834899902344,21.041322708129883,21.413223266601562,33300410
2021-04-16,14.637935638427734,21.570247650146484,21.74380111694336,21.214876174926758,21.223140716552734,33964942
2021-04-19,14.571760177612305,21.472726821899414,21.709089279174805,21.3454532623291,21.709089279174805,34552870
2021-04-20,14.349658012390137,21.14545440673828,21.618181228637695,21.12727165222168,21.454544067382812,29159900
2021-04-22,14.250951766967773,21.0,21.363636016845703,20.918180465698242,21.227272033691406,29729150
2021-04-23,14.516230583190918,21.39090919494629,21.527271270751953,21.05454444885254,21.14545440673828,25618340
2021-04-26,14.528568267822266,21.409090042114258,21.92727279663086,21.190908432006836,21.718181610107422,39296070
2021-04-27,14.399019241333008,21.218181610107422,21.66363525390625,21.200000762939453,21.39090919494629,42098650
2021-04-28,15.170173645019531,22.35454559326172,22.42727279663086,21.527271270751953,21.563636779785156,62279250
2021-04-29,14.664299011230469,21.60909080505371,22.46363639831543,21.60909080505371,22.245454788208008,38657630
2021-04-30,14.713655471801758,21.68181800842285,21.954544067382812,21.39090919494629,21.53636360168457,63985680
2021-05-03,15.151663780212402,22.327272415161133,22.563636779785156,21.909090042114258,21.96363639831543,56953380
2021-05-04,14.694149017333984,21.636362075805664,22.600000381469727,21.581817626953125,22.545454025268555,54545480
2021-05-05,14.718852996826172,21.672727584838867,21.836362838745117,21.03636360168457,21.799999237060547,69076920
2021-05-06,14.792935371398926,21.781818389892578,21.790908813476562,21.4818172454834,21.5,48443120
2021-05-07,14.854683876037598,21.872726440429688,22.03636360168457,21.636362075805664,21.818180084228516,39517720
2021-05-10,15.212772369384766,22.399999618530273,22.399999618530273,21.66363525390625,21.8454532623291,60087170
2021-05-11,15.18808650970459,22.363636016845703,22.581817626953125,22.09090805053711,22.09090805053711,43745350
2021-05-12,14.879373550415039,21.909090042114258,22.190908432006836,21.672727584838867,22.10909080505371,47810290
2021-05-13,15.225112915039062,22.418180465698242,22.5,21.863636016845703,21.899999618530273,37995870
2021-05-14,15.367122650146484,22.62727165222168,22.8454532623291,22.281818389892578,22.62727165222168,42070930
2021-05-17,15.435027122497559,22.727272033691406,22.763635635375977,22.318180084228516,22.55454444885254,28853990
2021-05-18,15.681994438171387,23.09090805053711,23.136362075805664,22.563636779785156,22.64545440673828,47018290
2021-05-19,15.78695297241211,23.245454788208008,23.245454788208008,22.66363525390625,22.85454559326172,31737860
2021-05-20,15.93513298034668,23.46363639831543,23.46363639831543,23.118181228637695,23.18181800842285,35715570
2021-05-21,16.00922203063965,23.57272720336914,23.709089279174805,23.07272720336914,23.399999618530273,60487790
2021-05-24,15.966001510620117,23.509090423583984,23.763635635375977,23.418180465698242,23.636362075805664,25234770
2021-05-25,15.885741233825684,23.39090919494629,23.59090805053711,23.227272033691406,23.59090805053711,25695010
2021-05-26,16.250003814697266,23.92727279663086,23.972726821899414,23.42727279663086,23.472726821899414,42588260
2021-05-27,16.34878921508789,24.07272720336914,24.14545440673828,23.46363639831543,23.92727279663086,76937740
2021-05-28,16.385831832885742,24.12727165222168,24.245454788208008,23.836362838745117,23.872726440429688,30718600
2021-05-31,16.34878921508789,24.07272720336914,24.209089279174805,23.881818771362305,24.172727584838867,16464250
2021-06-01,16.719234466552734,24.618181228637695,24.618181228637695,24.16363525390625,24.299999237060547,54375970
2021-06-02,17.37350082397461,25.563636779785156,25.57272720336914,24.46363639831543,24.545454025268555,72726170
2021-06-04,17.354969024658203,25.53636360168457,25.73636245727539,25.136362075805664,25.372726440429688,40250650
2021-06-07,17.57120704650879,25.85454559326172,26.18181800842285,25.318180084228516,25.53636360168457,37756180
2021-06-08,17.44764518737793,25.672727584838867,26.045454025268555,25.4818172454834,25.77272605895996,34704120
2021-06-09,17.361141204833984,25.545454025268555,26.209089279174805,25.227272033691406,25.60909080505371,52013830
2021-06-10,17.392038345336914,25.59090805053711,25.936363220214844,25.472726821899414,25.68181800842285,35655950
2021-06-11,17.324071884155273,25.490909576416016,25.563636779785156,25.136362075805664,25.51818084716797,39460080
2021-06-14,17.24993133544922,25.381818771362305,25.727272033691406,25.14545440673828,25.62727165222168,28142400
2021-06-15,17.262290954589844,25.399999618530273,25.509090423583984,25.245454788208008,25.372726440429688,18155060
2021-06-16,17.34878921508789,25.527271270751953,25.96363639831543,25.290908813476562,25.454544067382812,72971470
2021-06-17,17.274662017822266,25.418180465698242,26.14545440673828,25.318180084228516,25.654544830322266,34797730
2021-06-18,17.05222511291504,25.09090805053711,25.454544067382812,24.909090042114258,25.27272605895996,35541330
2021-06-21,17.095481872558594,25.154544830322266,25.299999237060547,24.8454532623291,24.990909576416016,28258890
2021-06-22,16.78038215637207,24.690908432006836,25.10909080505371,24.53636360168457,25.0,43905180
2021-06-23,16.706239700317383,24.581817626953125,25.081817626953125,24.545454025268555,24.836362838745117,30743570
2021-06-24,16.829801559448242,24.763635635375977,24.863636016845703,24.436363220214844,24.836362838745117,23603690
2021-06-25,16.304645538330078,23.990909576416016,24.80908966064453,23.8454532623291,24.727272033691406,30688680
2021-06-28,16.224323272705078,23.872726440429688,24.136362075805664,23.57272720336914,24.0,32689800
2021-06-29,16.125476837158203,23.727272033691406,23.954544067382812,23.46363639831543,23.818180084228516,33584870
2021-06-30,15.896875381469727,23.39090919494629,23.8454532623291,23.336362838745117,23.581817626953125,43697390
2021-07-01,15.699172019958496,23.100000381469727,23.490909576416016,22.836362838745117,23.39090919494629,38459520
2021-07-02,16.075700759887695,23.636362075805664,23.636362075805664,23.0,23.281818389892578,39391330
2021-07-05,15.790955543518066,22.73636245727539,22.863636016845703,22.727272033691406,22.763635635375977,19020650
2021-07-06,15.59521484375,22.454544067382812,22.709089279174805,22.209089279174805,22.636362075805664,34748560
2021-07-07,15.708868026733398,22.618181228637695,22.709089279174805,22.27272605895996,22.66363525390625,33947100
2021-07-08,15.525765419006348,22.35454559326172,22.51818084716797,22.03636360168457,22.263635635375977,71023700
2021-07-12,15.91722583770752,22.918180465698242,23.05454444885254,22.445453643798828,22.472726821899414,34999910
2021-07-13,15.9045991897583,22.899999618530273,23.09090805053711,22.55454444885254,22.73636245727539,35166230
2021-07-14,15.97404956817627,23.0,23.62727165222168,22.827272415161133,23.18181800842285,68463230
2021-07-15,15.734121322631836,22.654544830322266,23.05454444885254,22.454544067382812,22.92727279663086,36420670
2021-07-16,15.734121322631836,22.654544830322266,22.781818389892578,22.118181228637695,22.718181610107422,37051630
2021-07-19,15.159564018249512,21.827272415161133,22.01818084716797,21.690908432006836,21.918180465698242,47496240
2021-07-20,15.393183708190918,22.16363525390625,22.18181800842285,21.66363525390625,21.836362838745117,50840460
2021-07-21,15.399484634399414,22.172727584838867,22.372726440429688,22.0,22.09090805053711,31971500
2021-07-22,15.27952766418457,22.0,22.209089279174805,21.790908813476562,22.172727584838867,29645220
2021-07-23,15.121684074401855,21.77272605895996,22.05454444885254,21.600000381469727,22.009090423583984,35162490
2021-07-26,15.24795913696289,21.954544067382812,22.045454025268555,21.73636245727539,21.745454788208008,33585200
2021-07-27,15.367923736572266,22.12727165222168,22.12727165222168,21.672727584838867,21.827272415161133,39891170
2021-07-28,15.727807998657227,22.64545440673828,22.799999237060547,22.154544830322266,22.327272415161133,52118660
2021-07-29,15.57626724243164,22.42727279663086,22.781818389892578,22.18181800842285,22.654544830322266,35160180
2021-07-30,15.311088562011719,22.045454025268555,22.64545440673828,22.009090423583984,22.281818389892578,40227000
2021-08-02,15.405803680419922,22.18181800842285,22.836362838745117,22.118181228637695,22.372726440429688,48047120
2021-08-03,15.493618965148926,22.290908813476562,22.472726821899414,21.80908966064453,22.454544067382812,59400990
2021-08-04,14.880698204040527,21.409090042114258,21.80908966064453,21.318180084228516,21.763635635375977,108007020
2021-08-05,14.659534454345703,21.09090805053711,21.66363525390625,20.954544067382812,21.59090805053711,69889160
2021-08-06,14.981793403625488,21.55454444885254,21.618181228637695,21.09090805053711,21.218181610107422,50173090
2021-08-09,14.975481986999512,21.545454025268555,21.881818771362305,21.454544067382812,21.454544067382812,38625510
2021-08-10,14.760635375976562,21.23636245727539,21.68181800842285,21.23636245727539,21.62727165222168,38955290
2021-08-11,14.817508697509766,21.318180084228516,21.672727584838867,21.0,21.23636245727539,30339760
2021-08-12,14.60898208618164,21.01818084716797,21.372726440429688,20.89090919494629,21.254545211791992,40036700
2021-08-13,14.678498268127441,21.118181228637695,21.18181800842285,20.763635635375977,21.045454025268555,42676590
2021-08-16,14.558439254760742,20.945453643798828,21.254545211791992,20.827272415161133,21.045454025268555,31897250
2021-08-17,14.501565933227539,20.863636016845703,21.09090805053711,20.618181228637695,20.9818172454834,45561120
2021-08-18,14.40678596496582,20.727272033691406,21.263635635375977,20.672727584838867,20.827272415161133,46310550
2021-08-19,14.37519645690918,20.68181800842285,20.945453643798828,20.381818771362305,20.563636779785156,56256860
2021-08-20,14.293050765991211,20.563636779785156,20.700000762939453,20.409090042114258,20.472726821899414,31478480
2021-08-23,14.394150733947754,20.709089279174805,20.827272415161133,20.527271270751953,20.68181800842285,31936080
2021-08-24,14.773279190063477,21.254545211791992,21.381818771362305,20.818180084228516,20.909090042114258,40907240
2021-08-25,14.79856014251709,21.290908813476562,21.336362838745117,21.01818084716797,21.227272033691406,20103600
2021-08-26,14.514203071594238,20.881818771362305,21.327272415161133,20.872726440429688,21.227272033691406,33102630
2021-08-27,14.70376968383789,21.154544830322266,21.200000762939453,20.790908813476562,21.0,22746900
2021-08-30,14.545807838439941,20.92727279663086,21.172727584838867,20.8454532623291,21.09090805053711,22814990
2021-08-31,14.627943992614746,21.045454025268555,21.290908813476562,20.85454559326172,20.972726821899414,35247850
2021-09-01,14.602670669555664,21.009090423583984,21.363636016845703,20.9818172454834,21.16363525390625,26944060
2021-09-02,14.089787483215332,20.254545211791992,20.936363220214844,20.154544830322266,20.909090042114258,42032980
2021-09-03,14.020219802856445,20.154544830322266,20.418180465698242,19.899999618530273,20.418180465698242,48821960
2021-09-06,14.165668487548828,20.363636016845703,20.445453643798828,19.9818172454834,20.009090423583984,17038560
2021-09-08,13.34987735748291,19.190908432006836,20.063636779785156,19.045454025268555,20.027271270751953,58961320
2021-09-09,13.406794548034668,19.27272605895996,19.5,18.77272605895996,19.263635635375977,76710590
2021-09-10,13.242372512817383,19.03636360168457,19.781818389892578,19.01818084716797,19.55454444885254,55216260
2021-09-13,13.514301300048828,19.42727279663086,19.581817626953125,19.136362075805664,19.363636016845703,41682960
2021-09-14,13.425763130187988,19.299999237060547,19.55454444885254,19.154544830322266,19.454544067382812,36636930
2021-09-15,13.305610656738281,19.12727165222168,19.363636016845703,19.009090423583984,19.363636016845703,18948050
2021-09-16,13.134861946105957,18.881818771362305,19.03636360168457,18.600000381469727,19.009090423583984,74356480
2021-09-17,12.660566329956055,18.200000762939453,18.818180084228516,18.200000762939453,18.818180084228516,88977020
2021-09-20,12.186271667480469,17.51818084716797,18.063636779785156,17.409090042114258,17.918180465698242,83070790
2021-09-21,12.363337516784668,17.77272605895996,18.009090423583984,17.436363220214844,17.700000762939453,54100090
2021-09-22,12.546735763549805,18.03636360168457,18.327272415161133,17.972726821899414,18.03636360168457,42577590
2021-09-23,13.103241920471191,18.836362838745117,18.909090042114258,18.07272720336914,18.12727165222168,51252410
2021-09-24,12.812338829040527,18.418180465698242,18.763635635375977,18.35454559326172,18.636362075805664,44736120
2021-09-27,13.198101997375488,18.972726821899414,19.281818389892578,18.227272033691406,18.372726440429688,89182170
2021-09-28,12.91985034942627,18.57272720336914,19.527271270751953,18.57272720336914,19.136362075805664,109024520
2021-09-29,13.153831481933594,18.909090042114258,19.12727165222168,18.600000381469727,18.763635635375977,63995360
2021-09-30,13.172808647155762,18.936363220214844,19.218181610107422,18.781818389892578,19.118181228637695,77271700
2021-10-01,13.501651763916016,19.409090042114258,19.509090423583984,18.96363639831543,19.009090423583984,46504920
2021-10-04,13.121225357055664,18.8454532623291,19.23636245727539,18.700000762939453,19.209089279174805,42585840
2021-10-05,13.342761993408203,19.16363525390625,19.399999618530273,18.799999237060547,19.03636360168457,35939200
2021-10-06,13.444038391113281,19.30908966064453,19.363636016845703,18.790908813476562,18.92727279663086,38029200
2021-10-07,13.108570098876953,18.827272415161133,19.618181228637695,18.827272415161133,19.436363220214844,63955540
2021-10-08,13.197181701660156,18.954544067382812,19.46363639831543,18.85454559326172,19.027271270751953,75912210
2021-10-11,12.956656455993652,18.60909080505371,19.118181228637695,18.55454444885254,19.03636360168457,39408270
2021-10-13,12.918680191040039,18.55454444885254,18.700000762939453,18.190908432006836,18.66363525390625,51281670
2021-10-14,12.798419952392578,18.381818771362305,18.66363525390625,18.254545211791992,18.66363525390625,49092780
2021-10-15,13.469355583190918,19.3454532623291,19.409090042114258,18.409090042114258,18.445453643798828,64975020
2021-10-18,13.70355224609375,19.68181800842285,19.790908813476562,19.09090805053711,19.23636245727539,40842340
2021-10-19,13.27946662902832,19.07272720336914,19.4818172454834,19.027271270751953,19.4818172454834,49452260
2021-10-20,13.735193252563477,19.727272033691406,19.763635635375977,19.081817626953125,19.281818389892578,53331080
2021-10-21,13.450366020202637,19.318180084228516,19.872726440429688,19.01818084716797,19.218181610107422,63172340
2021-10-22,12.944000244140625,18.59090805053711,19.254545211791992,17.918180465698242,19.254545211791992,85791750
2021-10-25,13.140213012695312,18.872726440429688,19.172727584838867,18.690908432006836,18.763635635375977,27476570
2021-10-26,12.842723846435547,18.445453643798828,18.799999237060547,18.409090042114258,18.790908813476562,40538850
2021-10-27,13.013627052307129,18.690908432006836,19.118181228637695,18.581817626953125,18.636362075805664,31750950
2021-10-28,12.969318389892578,18.62727165222168,18.799999237060547,18.318180084228516,18.636362075805664,29216880
2021-10-29,12.595874786376953,18.09090805053711,18.754545211791992,18.09090805053711,18.727272033691406,30768100
2021-11-01,13.032613754272461,18.718181610107422,18.8454532623291,18.263635635375977,18.399999618530273,30642040
2021-11-03,12.924263000488281,18.545454025268555,18.918180465698242,18.372726440429688,18.53636360168457,50494950
2021-11-04,12.068976402282715,17.318180084228516,18.727272033691406,17.318180084228516,18.64545440673828,78727770
2021-11-05,12.664506912231445,18.172727584838867,18.545454025268555,17.827272415161133,18.09090805053711,118130540
2021-11-08,12.373080253601074,17.754545211791992,18.51818084716797,17.754545211791992,18.0,56784310
2021-11-09,12.233697891235352,17.55454444885254,18.209089279174805,17.490909576416016,17.863636016845703,66943360
2021-11-10,12.917930603027344,18.53636360168457,18.954544067382812,17.51818084716797,17.55454444885254,96874910
2021-11-11,12.981281280517578,18.62727165222168,18.96363639831543,18.490909576416016,18.85454559326172,39270990
2021-11-12,13.107991218566895,18.80908966064453,18.954544067382812,18.372726440429688,18.836362838745117,46733060
2021-11-16,13.088985443115234,18.781818389892578,19.081817626953125,18.527271270751953,18.827272415161133,41142090
2021-11-17,13.14600658416748,18.863636016845703,19.09090805053711,18.690908432006836,18.918180465698242,43446370
2021-11-18,13.019294738769531,18.68181800842285,18.945453643798828,18.18181800842285,18.899999618530273,61360750
2021-11-19,13.006623268127441,18.66363525390625,18.799999237060547,18.372726440429688,18.581817626953125,43549440
2021-11-22,12.78487777709961,18.3454532623291,18.945453643798828,18.336362838745117,18.727272033691406,41808360
2021-11-23,13.031965255737305,18.700000762939453,18.700000762939453,18.09090805053711,18.51818084716797,41310170
2021-11-24,13.367742538452148,19.18181800842285,19.254545211791992,18.399999618530273,18.454544067382812,37099150
2021-11-25,13.475439071655273,19.336362838745117,19.545454025268555,19.12727165222168,19.245454788208008,17497370
2021-11-26,12.936934471130371,18.563636779785156,18.881818771362305,18.363636016845703,18.781818389892578,43187100
2021-11-29,12.841906547546387,18.42727279663086,18.89090919494629,18.42727279663086,18.863636016845703,30746980
2021-11-30,12.613823890686035,18.100000381469727,18.509090423583984,17.909090042114258,18.399999618530273,65055100
2021-12-01,12.563145637512207,18.027271270751953,18.690908432006836,18.009090423583984,18.372726440429688,42846430
2021-12-02,13.202978134155273,18.92727279663086,18.9818172454834,18.227272033691406,18.35454559326172,64814970
2021-12-03,13.164931297302246,18.872726440429688,19.35454559326172,18.763635635375977,18.909090042114258,41316880
2021-12-06,13.443962097167969,19.27272605895996,19.77272605895996,18.881818771362305,19.03636360168457,46710070
2021-12-07,13.285419464111328,19.045454025268555,19.636362075805664,18.89090919494629,19.636362075805664,47259850
2021-12-08,13.202978134155273,18.92727279663086,19.209089279174805,18.57272720336914,19.209089279174805,35081420
2021-12-09,12.866884231567383,18.445453643798828,18.80908966064453,18.327272415161133,18.80908966064453,28753890
2021-12-10,12.81615161895752,18.372726440429688,18.64545440673828,18.16363525390625,18.563636779785156,30212710
2021-12-13,12.581518173217773,18.03636360168457,18.672727584838867,18.03636360168457,18.445453643798828,33137500
2021-12-14,12.77176570892334,18.30908966064453,18.77272605895996,18.227272033691406,18.263635635375977,45201860
2021-12-15,12.77176570892334,18.30908966064453,18.454544067382812,18.0,18.318180084228516,44282040
2021-12-16,12.930302619934082,18.53636360168457,18.581817626953125,18.18181800842285,18.472726821899414,39404310
2021-12-17,12.568835258483887,18.01818084716797,18.509090423583984,17.990909576416016,18.3454532623291,62958720
2021-12-20,12.308836936950684,17.64545440673828,17.936363220214844,17.436363220214844,17.872726440429688,49098940
2021-12-21,12.256107330322266,17.35454559326172,17.763635635375977,17.327272415161133,17.545454025268555,24044790
2021-12-22,12.31389045715332,17.436363220214844,17.472726821899414,17.218181610107422,17.454544067382812,33019030
2021-12-23,12.35241413116455,17.490909576416016,17.745454788208008,17.318180084228516,17.5,29967190
2021-12-27,12.493657112121582,17.690908432006836,17.781818389892578,17.42727279663086,17.618181228637695,22208010
2021-12-28,12.448714256286621,17.62727165222168,17.781818389892578,17.53636360168457,17.73636245727539,19267820
2021-12-29,12.390931129455566,17.545454025268555,17.709089279174805,17.42727279663086,17.68181800842285,15056580
2021-12-30,12.33315658569336,17.46363639831543,17.636362075805664,17.254545211791992,17.62727165222168,36097050
2022-01-03,12.641321182250977,17.899999618530273,18.10909080505371,17.59090805053711,17.64545440673828,35620970
2022-01-04,12.724201202392578,18.0,18.10909080505371,17.790908813476562,17.89090919494629,110060060
2022-01-05,12.634235382080078,17.872726440429688,18.10909080505371,17.700000762939453,17.954544067382812,45808070
2022-01-06,12.814172744750977,18.12727165222168,18.172727584838867,17.77272605895996,17.80908966064453,36651120
2022-01-07,13.000534057617188,18.39090919494629,18.39090919494629,17.745454788208008,18.154544830322266,84778540
2022-01-10,13.045523643493652,18.454544067382812,18.563636779785156,18.136362075805664,18.227272033691406,51092910
2022-01-11,13.064797401428223,18.4818172454834,18.57272720336914,18.245454788208008,18.454544067382812,53026600
2022-01-12,12.968401908874512,18.3454532623291,18.636362075805664,18.227272033691406,18.4818172454834,49113570
2022-01-13,13.199756622314453,18.672727584838867,18.754545211791992,18.218181610107422,18.218181610107422,57497660
2022-01-14,13.411824226379395,18.972726821899414,19.027271270751953,18.60909080505371,18.66363525390625,56481590
2022-01-17,13.488938331604004,19.081817626953125,19.190908432006836,18.745454788208008,18.872726440429688,21673410
2022-01-18,13.733142852783203,19.42727279663086,19.42727279663086,18.909090042114258,18.9818172454834,74687690
2022-01-19,13.559632301330566,19.18181800842285,19.636362075805664,19.14545440673828,19.5,50084980
2022-01-20,13.546781539916992,19.16363525390625,19.318180084228516,19.045454025268555,19.23636245727539,28939130
2022-01-21,13.405394554138184,18.96363639831543,19.381818771362305,18.96363639831543,19.09090805053711,44387750
2022-01-24,13.688154220581055,19.363636016845703,19.51818084716797,18.96363639831543,18.990909576416016,86358580
2022-01-25,14.234403610229492,20.136362075805664,20.23636245727539,19.200000762939453,19.299999237060547,74485400
2022-01-26,14.247246742248535,20.154544830322266,20.409090042114258,19.945453643798828,20.35454559326172,75827730
2022-01-27,14.317947387695312,20.254545211791992,20.53636360168457,20.045454025268555,20.336362838745117,65708720
2022-01-28,14.52358341217041,20.545454025268555,20.59090805053711,20.045454025268555,20.14545440673828,49132160
2022-01-31,14.652115821838379,20.727272033691406,20.909090042114258,20.336362838745117,20.57272720336914,62474390
2022-02-01,14.703527450561523,20.799999237060547,20.945453643798828,20.636362075805664,20.690908432006836,29653910
2022-02-02,14.439164161682129,20.409090042114258,20.709089279174805,20.30908966064453,20.60909080505371,51841460
2022-02-03,14.651409149169922,20.709089279174805,20.818180084228516,20.245454788208008,20.563636779785156,42935860
2022-02-04,14.747884750366211,20.8454532623291,21.0,20.563636779785156,20.672727584838867,40621790
2022-02-07,14.696429252624512,20.77272605895996,21.01818084716797,20.68181800842285,20.89090919494629,33281710
2022-02-08,14.612820625305176,20.654544830322266,20.96363639831543,20.409090042114258,20.781818389892578,48921730
2022-02-09,13.35863971710205,18.881818771362305,19.781818389892578,18.818180084228516,19.46363639831543,226386930
2022-02-10,13.551590919494629,19.154544830322266,19.381818771362305,18.654544830322266,19.0,80558500
2022-02-11,13.596612930297852,19.218181610107422,19.618181228637695,19.07272720336914,19.35454559326172,89646920
2022-02-14,13.61590576171875,19.245454788208008,19.318180084228516,18.918180465698242,19.318180084228516,42557020
2022-02-15,13.628767967224121,19.263635635375977,19.436363220214844,19.218181610107422,19.27272605895996,45128050
2022-02-16,13.789565086364746,19.490909576416016,19.5,19.18181800842285,19.30908966064453,44218790
2022-02-17,13.628767967224121,19.263635635375977,19.545454025268555,19.190908432006836,19.42727279663086,25904450
2022-02-18,13.705948829650879,19.372726440429688,19.509090423583984,19.281818389892578,19.327272415161133,33335500
2022-02-21,13.545160293579102,19.14545440673828,19.409090042114258,19.0,19.372726440429688,22943580
2022-02-22,13.493704795837402,19.07272720336914,19.409090042114258,18.96363639831543,19.281818389892578,44470030
2022-02-23,13.429386138916016,18.9818172454834,19.27272605895996,18.945453643798828,19.09090805053711,26533320
2022-02-24,13.024190902709961,18.409090042114258,18.60909080505371,17.954544067382812,18.454544067382812,79078560
2022-02-25,13.088508605957031,18.5,18.66363525390625,18.23636245727539,18.318180084228516,55603460
2022-03-02,12.953441619873047,18.30908966064453,18.5,18.027271270751953,18.372726440429688,42620050
2022-03-03,13.203726768493652,18.64545440673828,18.85454559326172,18.23636245727539,18.23636245727539,42707830
2022-03-04,12.823902130126953,18.10909080505371,18.64545440673828,17.92727279663086,18.64545440673828,43527770
2022-03-07,12.495582580566406,17.64545440673828,18.172727584838867,17.5,17.990909576416016,52141650
2022-03-08,12.656522750854492,17.872726440429688,18.190908432006836,17.57272720336914,17.68181800842285,68288990
2022-03-09,13.467669486999512,19.01818084716797,19.081817626953125,18.16363525390625,18.218181610107422,62361860
2022-03-10,13.38398265838623,18.899999618530273,18.990909576416016,18.57272720336914,18.836362838745117,33495110
2022-03-11,13.32603931427002,18.818180084228516,19.16363525390625,18.727272033691406,18.9818172454834,42839830
2022-03-14,13.422608375549316,18.954544067382812,19.336362838745117,18.827272415161133,18.827272415161133,36692150
2022-03-15,13.390422821044922,18.909090042114258,19.10909080505371,18.563636779785156,18.945453643798828,51826390
2022-03-16,13.583551406860352,19.18181800842285,19.23636245727539,18.836362838745117,19.045454025268555,51718480
2022-03-17,13.63505744934082,19.254545211791992,19.381818771362305,18.945453643798828,19.281818389892578,52868970
2022-03-18,13.602859497070312,19.209089279174805,19.381818771362305,18.96363639831543,19.245454788208008,91396580
2022-03-21,13.924749374389648,19.66363525390625,19.66363525390625,19.227272033691406,19.27272605895996,46281290
2022-03-22,14.098565101623535,19.909090042114258,20.09090805053711,19.754545211791992,19.763635635375977,48284500
2022-03-23,14.00843620300293,19.781818389892578,19.990909576416016,19.654544830322266,19.954544067382812,30857860
2022-03-24,14.214447975158691,20.07272720336914,20.227272033691406,19.781818389892578,19.818180084228516,43444170
2022-03-25,14.343198776245117,20.254545211791992,20.372726440429688,19.990909576416016,20.172727584838867,40055180
2022-03-28,14.272383689880371,20.154544830322266,20.39090919494629,19.9818172454834,20.336362838745117,25232680
2022-03-29,14.529890060424805,20.51818084716797,20.66363525390625,20.372726440429688,20.409090042114258,54799690
2022-03-30,14.4397611618042,20.39090919494629,20.545454025268555,20.200000762939453,20.545454025268555,27442800
2022-03-31,14.304569244384766,20.200000762939453,20.51818084716797,19.954544067382812,20.39090919494629,36693250
2022-04-01,14.15007495880127,19.9818172454834,20.399999618530273,19.881818771362305,20.30908966064453,35110570
2022-04-04,14.091423988342285,19.881818771362305,19.990909576416016,19.62727165222168,19.954544067382812,22034760
2022-04-05,13.698381423950195,19.327272415161133,19.899999618530273,19.200000762939453,19.899999618530273,41254180
2022-04-06,13.627497673034668,19.227272033691406,19.327272415161133,18.9818172454834,19.23636245727539,44633160
2022-04-07,13.685490608215332,19.30908966064453,19.399999618530273,19.0,19.30908966064453,33112640
2022-04-08,13.840126991271973,19.527271270751953,19.64545440673828,19.200000762939453,19.23636245727539,37651020
2022-04-11,13.82079792022705,19.5,19.745454788208008,19.3454532623291,19.445453643798828,32351330
2022-04-12,13.698381423950195,19.327272415161133,19.745454788208008,19.290908813476562,19.68181800842285,29440620
2022-04-13,13.840126991271973,19.527271270751953,19.654544830322266,19.299999237060547,19.436363220214844,35077570
2022-04-14,13.807914733886719,19.4818172454834,19.60909080505371,19.35454559326172,19.51818084716797,30043860
2022-04-18,14.052762031555176,19.827272415161133,19.918180465698242,19.4818172454834,19.527271270751953,34271160
2022-04-19,13.870409965515137,19.56999969482422,20.010000228881836,19.309999465942383,19.899999618530273,32993200
2022-04-20,13.82079792022705,19.5,19.690000534057617,19.350000381469727,19.68000030517578,22521400
2022-04-22,13.622344970703125,19.219999313354492,19.31999969482422,19.020000457763672,19.219999313354492,35690800
2022-04-25,13.537299156188965,19.100000381469727,19.229999542236328,18.84000015258789,19.059999465942383,38839200
2022-04-26,12.956113815307617,18.280000686645508,18.850000381469727,18.1200008392334,18.81999969482422,66772900
2022-04-27,13.034075736999512,18.389999389648438,18.6200008392334,18.190000534057617,18.489999771118164,62402800
2022-04-28,12.913588523864746,18.219999313354492,18.469999313354492,18.06999969482422,18.399999618530273,66856100
2022-04-29,12.74348258972168,17.979999542236328,18.729999542236328,17.979999542236328,18.399999618530273,61884300
2022-05-02,12.736396789550781,17.969999313354492,18.170000076293945,17.729999542236328,18.0,43038200
2022-05-03,12.820807456970215,18.06999969482422,18.149999618530273,17.81999969482422,17.959999084472656,55511000
2022-05-04,13.005284309387207,18.329999923706055,18.40999984741211,17.799999237060547,17.920000076293945,54528700
2022-05-05,12.579577445983887,17.729999542236328,18.229999542236328,17.530000686645508,18.200000762939453,47513400
2022-05-06,12.842095375061035,18.100000381469727,18.549999237060547,17.649999618530273,17.950000762939453,73889800
2022-05-09,13.033660888671875,18.3700008392334,18.520000457763672,17.850000381469727,17.8799991607666,66525900
2022-05-10,13.161373138427734,18.549999237060547,18.709999084472656,18.399999618530273,18.520000457763672,57446300
2022-05-11,13.38841438293457,18.8700008392334,19.030000686645508,18.600000381469727,18.600000381469727,44034600
2022-05-12,13.473557472229004,18.989999771118164,19.09000015258789,18.75,18.770000457763672,25040300
2022-05-13,13.629651069641113,19.209999084472656,19.389999389648438,19.049999237060547,19.139999389648438,27983200
2022-05-16,13.856693267822266,19.530000686645508,19.639999389648438,19.149999618530273,19.290000915527344,29746400
2022-05-17,14.140497207641602,19.93000030517578,19.940000534057617,19.690000534057617,19.760000228881836,37015800
2022-05-18,13.877975463867188,19.559999465942383,19.950000762939453,19.469999313354492,19.829999923706055,45581800
2022-05-19,13.771549224853516,19.40999984741211,19.6200008392334,19.239999771118164,19.579999923706055,55752600
2022-05-20,13.956024169921875,19.670000076293945,19.8700008392334,19.530000686645508,19.579999923706055,38174000
2022-05-23,14.183069229125977,19.989999771118164,20.06999969482422,19.729999542236328,19.809999465942383,36222200
2022-05-24,14.481061935424805,20.40999984741211,20.420000076293945,19.780000686645508,19.8700008392334,40495800
2022-05-25,14.317873001098633,20.18000030517578,20.3700008392334,20.020000457763672,20.260000228881836,30288400
2022-05-26,14.395912170410156,20.290000915527344,20.399999618530273,20.020000457763672,20.190000534057617,39550400
2022-05-27,14.601673126220703,20.579999923706055,20.670000076293945,20.15999984741211,20.290000915527344,40497700
2022-05-30,14.459779739379883,20.3799991607666,20.68000030517578,20.260000228881836,20.600000381469727,16964100
2022-05-31,14.544918060302734,20.5,20.6299991607666,20.280000686645508,20.40999984741211,55770400
2022-06-01,14.28239917755127,20.1299991607666,20.530000686645508,20.010000228881836,20.530000686645508,35754500
2022-06-02,14.224858283996582,20.030000686645508,20.260000228881836,19.84000015258789,20.260000228881836,27083600
2022-06-03,14.139633178710938,19.90999984741211,20.049999237060547,19.739999771118164,20.0,17800100
2022-06-06,14.15384292602539,19.93000030517578,20.139999389648438,19.809999465942383,20.030000686645508,11405400
2022-06-07,14.033109664916992,19.760000228881836,19.940000534057617,19.649999618530273,19.780000686645508,21522200
2022-06-08,13.784543991088867,19.40999984741211,19.780000686645508,19.360000610351562,19.6200008392334,23629700
2022-06-09,13.777441024780273,19.399999618530273,19.639999389648438,19.280000686645508,19.420000076293945,40261700
2022-06-10,13.571492195129395,19.110000610351562,19.280000686645508,18.959999084472656,19.219999313354492,39495800
2022-06-13,13.372641563415527,18.829999923706055,19.049999237060547,18.670000076293945,18.920000076293945,28188100
2022-06-14,13.237707138061523,18.639999389648438,19.040000915527344,18.559999465942383,18.959999084472656,23589800
2022-06-15,13.33003044128418,18.770000457763672,18.979999542236328,18.6299991607666,18.899999618530273,42167500
2022-06-17,13.124079704284668,18.479999542236328,18.75,18.280000686645508,18.510000228881836,56517300
2022-06-20,13.472071647644043,18.969999313354492,19.139999389648438,18.6299991607666,18.65999984741211,38181500
2022-06-21,13.376336097717285,18.639999389648438,19.049999237060547,18.540000915527344,18.8799991607666,30440200
2022-06-22,13.318925857543945,18.559999465942383,18.68000030517578,18.40999984741211,18.639999389648438,35022300
2022-06-23,12.967294692993164,18.06999969482422,18.649999618530273,17.989999771118164,18.649999618530273,36957800
2022-06-24,12.859655380249023,17.920000076293945,18.190000534057617,17.920000076293945,18.190000534057617,34188700
2022-06-27,13.039055824279785,18.170000076293945,18.219999313354492,17.8799991607666,17.979999542236328,24748500
2022-06-28,12.852474212646484,17.90999984741211,18.34000015258789,17.790000915527344,18.25,31457800
2022-06-29,12.630016326904297,17.600000381469727,17.989999771118164,17.510000228881836,17.90999984741211,45403300
2022-06-30,12.342968940734863,17.200000762939453,17.43000030517578,17.1299991607666,17.34000015258789,42129000
2022-07-01,12.436263084411621,17.329999923706055,17.43000030517578,16.940000534057617,17.200000762939453,22723600
2022-07-04,12.306214332580566,17.1299991607666,17.299999237060547,17.059999465942383,17.239999771118164,10774200
2022-07-05,12.33494758605957,17.170000076293945,17.25,16.850000381469727,16.989999771118164,19873600
2022-07-06,12.234371185302734,17.030000686645508,17.299999237060547,16.93000030517578,17.110000610351562,20841700
2022-07-07,12.485811233520508,17.3799991607666,17.479999542236328,17.139999389648438,17.219999313354492,39176300
2022-07-08,12.492992401123047,17.389999389648438,17.639999389648438,17.270000457763672,17.43000030517578,19211100
2022-07-11,12.241555213928223,17.040000915527344,17.309999465942383,16.93000030517578,17.190000534057617,15202200
2022-07-12,12.291844367980957,17.110000610351562,17.31999969482422,16.850000381469727,17.059999465942383,25334600
2022-07-13,12.011667251586914,16.719999313354492,17.1299991607666,16.719999313354492,17.040000915527344,30571100
2022-07-14,11.73867130279541,16.34000015258789,16.479999542236328,16.18000030517578,16.479999542236328,45285000
2022-07-15,11.810515403747559,16.440000534057617,16.649999618530273,16.219999313354492,16.440000534057617,39165900
2022-07-18,11.961379051208496,16.649999618530273,16.850000381469727,16.459999084472656,16.59000015258789,27541200
2022-07-19,12.399598121643066,17.260000228881836,17.290000915527344,16.649999618530273,16.790000915527344,32754800
2022-07-20,12.241555213928223,17.040000915527344,17.290000915527344,16.93000030517578,17.190000534057617,35322500
2022-07-21,12.406787872314453,17.270000457763672,17.350000381469727,16.8799991607666,16.940000534057617,28221100
2022-07-22,12.248739242553711,17.049999237060547,17.3799991607666,16.90999984741211,17.309999465942383,32676600
2022-07-25,12.413972854614258,17.280000686645508,17.3700008392334,17.059999465942383,17.06999969482422,24554900
2022-07-26,12.327762603759766,17.15999984741211,17.459999084472656,17.020000457763672,17.270000457763672,25712700
2022-07-27,12.399598121643066,17.260000228881836,17.329999923706055,17.06999969482422,17.219999313354492,20248300
2022-07-28,12.492992401123047,17.389999389648438,17.40999984741211,16.959999084472656,17.200000762939453,32776400
2022-07-29,12.521728515625,17.43000030517578,17.719999313354492,17.31999969482422,17.389999389648438,31334800
2022-08-01,12.492992401123047,17.389999389648438,17.56999969482422,17.280000686645508,17.450000762939453,22790100
2022-08-02,12.708011627197266,17.670000076293945,17.93000030517578,17.360000610351562,17.399999618530273,40541200
2022-08-03,12.90938949584961,17.950000762939453,18.040000915527344,17.559999465942383,17.760000228881836,28300300
2022-08-04,13.146717071533203,18.280000686645508,18.43000030517578,18.040000915527344,18.100000381469727,46297600
2022-08-05,13.304936408996582,18.5,18.670000076293945,17.780000686645508,18.100000381469727,70278300
2022-08-08,13.348085403442383,18.559999465942383,18.670000076293945,18.3799991607666,18.559999465942383,28027200
2022-08-09,13.542265892028809,18.829999923706055,18.920000076293945,18.40999984741211,18.600000381469727,33583700
2022-08-10,13.758020401000977,19.1299991607666,19.18000030517578,18.790000915527344,18.829999923706055,40650200
2022-08-11,13.873085021972656,19.290000915527344,19.489999771118164,19.239999771118164,19.31999969482422,38010400
2022-08-12,14.045702934265137,19.530000686645508,19.540000915527344,19.309999465942383,19.399999618530273,29995100
2022-08-15,13.973776817321777,19.43000030517578,19.5,19.170000076293945,19.25,30443000
2022-08-16,14.175148963928223,19.709999084472656,19.780000686645508,19.350000381469727,19.40999984741211,23972600
2022-08-17,14.196727752685547,19.739999771118164,19.8799991607666,19.520000457763672,19.579999923706055,23628000
2022-08-18,14.283031463623047,19.860000610351562,19.920000076293945,19.670000076293945,19.809999465942383,22363200
2022-08-19,14.10323715209961,19.610000610351562,19.799999237060547,19.40999984741211,19.709999084472656,22014600
2022-08-22,13.909056663513184,19.34000015258789,19.510000228881836,19.25,19.3700008392334,15569700
2022-08-23,14.009736061096191,19.479999542236328,19.549999237060547,19.299999237060547,19.309999465942383,12149300
2022-08-24,13.930634498596191,19.3700008392334,19.600000381469727,19.360000610351562,19.389999389648438,23308700
2022-08-25,14.0313138961792,19.510000228881836,19.68000030517578,19.350000381469727,19.459999084472656,33878200
2022-08-26,13.980973243713379,19.440000534057617,19.81999969482422,19.389999389648438,19.600000381469727,29014500
2022-08-29,14.0313138961792,19.510000228881836,19.6299991607666,19.1200008392334,19.299999237060547,19061800
2022-08-30,13.988165855407715,19.450000762939453,19.700000762939453,19.40999984741211,19.68000030517578,18597600
2022-08-31,13.63576602935791,18.959999084472656,19.610000610351562,18.8799991607666,19.530000686645508,50789500
2022-09-01,13.750831604003906,19.1200008392334,19.389999389648438,18.65999984741211,18.969999313354492,32988800
2022-09-02,13.901269912719727,19.309999465942383,19.65999984741211,19.1200008392334,19.170000076293945,49703800
2022-09-05,13.93006706237793,19.350000381469727,19.549999237060547,19.209999084472656,19.399999618530273,14188800
2022-09-06,13.843676567077637,19.229999542236328,19.450000762939453,19.049999237060547,19.350000381469727,35403700
2022-09-08,13.764492988586426,19.1200008392334,19.329999923706055,18.950000762939453,19.25,18121700
2022-09-09,13.951665878295898,19.3799991607666,19.559999465942383,19.270000457763672,19.309999465942383,17577500
2022-09-12,14.088440895080566,19.56999969482422,19.93000030517578,19.479999542236328,19.549999237060547,21459500
2022-09-13,13.980456352233887,19.420000076293945,19.600000381469727,19.299999237060547,19.459999084472656,20325400
2022-09-14,13.915669441223145,19.329999923706055,19.489999771118164,19.200000762939453,19.31999969482422,17631500
2022-09-15,13.865276336669922,19.260000228881836,19.489999771118164,19.1299991607666,19.350000381469727,17430800
2022-09-16,13.706901550292969,19.040000915527344,19.170000076293945,18.760000228881836,19.1200008392334,55848400
2022-09-19,14.059654235839844,19.530000686645508,19.610000610351562,18.93000030517578,19.030000686645508,47561500
2022-09-20,14.51318645477295,20.15999984741211,20.239999771118164,19.520000457763672,19.530000686645508,55045000
2022-09-21,14.426804542541504,20.040000915527344,20.299999237060547,19.90999984741211,20.190000534057617,36242300
2022-09-22,14.757954597473145,20.5,20.600000381469727,20.020000457763672,20.299999237060547,39088100
2022-09-23,14.469989776611328,20.100000381469727,20.290000915527344,19.739999771118164,20.219999313354492,38353600
2022-09-26,14.210831642150879,19.739999771118164,20.049999237060547,19.709999084472656,19.899999618530273,10591200
2022-09-27,14.124441146850586,19.6200008392334,19.790000915527344,19.579999923706055,19.690000534057617,29141500
2022-09-28,14.131640434265137,19.6299991607666,20.040000915527344,19.489999771118164,19.6200008392334,38504200
2022-09-29,14.23962688446045,19.780000686645508,19.959999084472656,19.389999389648438,19.40999984741211,36767300
2022-09-30,14.282815933227539,19.84000015258789,20.0,19.65999984741211,19.65999984741211,23472700
2022-10-03,15.269083023071289,21.209999084472656,21.309999465942383,20.149999618530273,20.239999771118164,72013900
2022-10-04,15.261138916015625,21.18000030517578,21.600000381469727,21.020000457763672,21.559999465942383,32759000
2022-10-05,15.42685604095459,21.40999984741211,21.639999389648438,21.030000686645508,21.239999771118164,28893000
2022-10-06,15.10982894897461,20.969999313354492,21.559999465942383,20.81999969482422,21.559999465942383,47265200
2022-10-07,14.749558448791504,20.469999313354492,20.670000076293945,20.059999465942383,20.649999618530273,73837200
2022-10-10,14.526183128356934,20.15999984741211,20.530000686645508,20.010000228881836,20.459999084472656,49206300
2022-10-11,14.490156173706055,20.110000610351562,20.229999542236328,19.979999542236328,20.010000228881836,32893900
2022-10-13,14.281200408935547,19.81999969482422,20.049999237060547,19.6200008392334,19.899999618530273,37633900
2022-10-14,14.187521934509277,19.690000534057617,20.100000381469727,19.56999969482422,19.84000015258789,26359800
2022-10-17,14.288406372070312,19.829999923706055,19.989999771118164,19.65999984741211,19.75,18923800
2022-10-18,14.396488189697266,19.979999542236328,20.149999618530273,19.770000457763672,20.040000915527344,44309400
2022-10-19,14.461336135864258,20.06999969482422,20.1200008392334,19.84000015258789,19.979999542236328,29547600
2022-10-20,14.627057075500488,20.299999237060547,20.3799991607666,20.0,20.100000381469727,49603500
2022-10-21,14.936890602111816,20.729999542236328,20.84000015258789,20.170000076293945,20.170000076293945,50452400
2022-10-24,14.302815437316895,19.850000381469727,20.559999465942383,19.709999084472656,20.469999313354492,41018300
2022-10-25,14.216346740722656,19.729999542236328,19.989999771118164,19.670000076293945,19.84000015258789,24860900
2022-10-26,13.596680641174316,18.8700008392334,19.31999969482422,18.829999923706055,19.040000915527344,55001100
2022-10-27,13.848872184753418,19.219999313354492,19.389999389648438,19.0,19.06999969482422,32956100
2022-10-28,13.928130149841309,19.329999923706055,19.420000076293945,19.1200008392334,19.229999542236328,23368600
2022-10-31,14.310018539428711,19.860000610351562,20.010000228881836,18.75,18.75,58768900
2022-11-01,14.389276504516602,19.969999313354492,20.559999465942383,19.760000228881836,20.100000381469727,48476000
2022-11-03,14.143321990966797,19.610000610351562,19.770000457763672,19.350000381469727,19.600000381469727,31611800
2022-11-04,13.99185848236084,19.399999618530273,20.010000228881836,19.399999618530273,19.899999618530273,41996600
2022-11-07,13.530275344848633,18.760000228881836,19.399999618530273,18.739999771118164,19.270000457763672,52267000
2022-11-08,13.400453567504883,18.579999923706055,18.729999542236328,18.350000381469727,18.68000030517578,56009200
2022-11-09,11.070880889892578,15.350000381469727,17.25,15.25,17.200000762939453,499194800
2022-11-10,10.746323585510254,14.899999618530273,15.550000190734863,14.84000015258789,15.399999618530273,180563000
2022-11-11,10.9266357421875,15.149999618530273,15.5,14.699999809265137,15.0,121144900
2022-11-14,10.933845520019531,15.15999984741211,15.489999771118164,14.819999694824219,15.369999885559082,73637500
2022-11-16,10.969908714294434,15.210000038146973,15.4399995803833,15.010000228881836,15.289999961853027,69709700
2022-11-17,11.207917213439941,15.539999961853027,15.550000190734863,15.039999961853027,15.1899995803833,111982000
2022-11-18,11.258399963378906,15.609999656677246,16.020000457763672,15.579999923706055,15.75,76091400
2022-11-21,11.17906665802002,15.5,15.829999923706055,15.229999542236328,15.710000038146973,46728300
2022-11-22,11.13578987121582,15.4399995803833,15.699999809265137,15.300000190734863,15.579999923706055,40922700
2022-11-23,11.056455612182617,15.329999923706055,15.449999809265137,15.210000038146973,15.319999694824219,48131200
2022-11-24,11.280040740966797,15.640000343322754,15.800000190734863,15.390000343322754,15.5,25028500
2022-11-25,11.070880889892578,15.350000381469727,15.680000305175781,15.300000190734863,15.640000343322754,31535100
2022-11-28,11.056455612182617,15.329999923706055,15.4399995803833,15.239999771118164,15.380000114440918,35206100
2022-11-29,11.18627643585205,15.510000228881836,15.710000038146973,15.210000038146973,15.350000381469727,31529200
2022-11-30,11.236763000488281,15.579999923706055,15.640000343322754,15.239999771118164,15.449999809265137,39650500
2022-12-01,11.106940269470215,15.399999618530273,15.630000114440918,15.319999694824219,15.460000038146973,59654400
2022-12-02,11.098981857299805,15.369999885559082,15.75,15.149999618530273,15.399999618530273,86889800
2022-12-05,10.687372207641602,14.800000190734863,15.3100004196167,14.779999732971191,15.300000190734863,48011700
2022-12-06,10.940115928649902,15.149999618530273,15.149999618530273,14.75,14.930000305175781,73397300
2022-12-07,10.817351341247559,14.979999542236328,15.239999771118164,14.979999542236328,15.029999732971191,27019100
2022-12-08,10.506843566894531,14.550000190734863,14.979999542236328,14.479999542236328,14.979999542236328,40884200
2022-12-09,10.326313018798828,14.300000190734863,14.649999618530273,14.289999961853027,14.619999885559082,29843800
2022-12-12,10.210775375366211,14.140000343322754,14.350000381469727,13.800000190734863,14.289999961853027,62653000
2022-12-13,9.907482147216797,13.720000267028809,14.300000190734863,13.6899995803833,14.229999542236328,46700100
2022-12-14,10.116898536682129,14.010000228881836,14.149999618530273,13.4399995803833,13.600000381469727,76655700
2022-12-15,9.994135856628418,13.84000015258789,14.260000228881836,13.8100004196167,13.899999618530273,46986900
2022-12-16,9.979696273803711,13.819999694824219,13.970000267028809,13.720000267028809,13.850000381469727,50773500
2022-12-19,10.25410270690918,14.199999809265137,14.300000190734863,13.850000381469727,13.869999885559082,35317400
2022-12-20,10.622382164001465,14.710000038146973,14.970000267028809,14.130000114440918,14.180000305175781,84518300
2022-12-21,10.70903491973877,14.829999923706055,14.970000267028809,14.569999694824219,14.84000015258789,43956000
2022-12-22,10.745140075683594,14.880000114440918,15.0,14.680000305175781,14.899999618530273,20749500
2022-12-23,10.932890892028809,15.140000343322754,15.279999732971191,14.90999984741211,14.949999809265137,21104200
2022-12-26,10.672931671142578,14.779999732971191,15.130000114440918,14.739999771118164,15.09000015258789,13937200
2022-12-27,10.622382164001465,14.710000038146973,14.979999542236328,14.5600004196167,14.9399995803833,78235200
2022-12-28,10.947335243225098,15.15999984741211,15.229999542236328,14.6899995803833,14.75,45117800
2022-12-29,10.940115928649902,15.149999618530273,15.479999542236328,15.130000114440918,15.25,41911700
2023-01-02,10.651265144348145,14.75,14.989999771118164,14.65999984741211,14.899999618530273,24748300
2023-01-03,10.122700691223145,14.0,14.779999732971191,13.949999809265137,14.760000228881836,127764400
2023-01-04,10.151619911193848,14.039999961853027,14.229999542236328,13.65999984741211,14.149999618530273,153235200
2023-01-05,10.592684745788574,14.649999618530273,14.710000038146973,14.069999694824219,14.109999656677246,164949200
2023-01-06,10.889131546020508,15.0600004196167,15.079999923706055,14.5,14.65999984741211,86788300
2023-01-09,11.02708911895752,14.65999984741211,14.739999771118164,14.210000038146973,14.3100004196167,73674800
2023-01-10,11.358050346374512,15.100000381469727,15.199999809265137,14.420000076293945,14.510000228881836,118245200
2023-01-11,11.583707809448242,15.399999618530273,15.430000305175781,14.960000038146973,15.0,88295000
2023-01-12,11.312919616699219,15.039999961853027,15.350000381469727,14.899999618530273,15.3100004196167,97774200
2023-01-13,11.275310516357422,14.989999771118164,15.050000190734863,14.6899995803833,14.970000267028809,35872400
2023-01-16,10.929304122924805,14.529999732971191,14.800000190734863,14.4399995803833,14.710000038146973,44231400
2023-01-17,11.004524230957031,14.630000114440918,14.84000015258789,14.460000038146973,14.539999961853027,36676900
2023-01-18,11.170005798339844,14.850000381469727,14.970000267028809,14.6899995803833,14.800000190734863,46015200
2023-01-19,11.192570686340332,14.880000114440918,14.90999984741211,14.630000114440918,14.699999809265137,77758400
2023-01-20,11.0346097946167,14.670000076293945,14.960000038146973,14.649999618530273,14.850000381469727,39537400
2023-01-23,10.568252563476562,14.050000190734863,14.699999809265137,14.0,14.699999809265137,72241700
2023-01-24,10.681083679199219,14.199999809265137,14.289999961853027,14.09000015258789,14.15999984741211,32256100
2023-01-25,10.605866432189941,14.100000381469727,14.3100004196167,13.920000076293945,14.199999809265137,44253900
2023-01-26,10.635950088500977,14.140000343322754,14.239999771118164,13.970000267028809,14.100000381469727,36574500
2023-01-27,10.320032119750977,13.720000267028809,14.15999984741211,13.649999618530273,14.100000381469727,56910500
2023-01-30,10.37268352508545,13.789999961853027,13.789999961853027,13.489999771118164,13.619999885559082,58048100
2023-01-31,10.545686721801758,14.020000457763672,14.130000114440918,13.819999694824219,13.859999656677246,39064700
2023-02-01,10.342597007751465,13.75,14.050000190734863,13.65999984741211,14.020000457763672,37948600
2023-02-02,10.50000286102295,13.9399995803833,14.15999984741211,13.609999656677246,13.630000114440918,77873500
2023-02-03,10.266502380371094,13.630000114440918,14.050000190734863,13.569999694824219,13.850000381469727,39818600
2023-02-06,10.228838920593262,13.579999923706055,13.680000305175781,13.40999984741211,13.630000114440918,27231000
2023-02-07,10.16858196258545,13.5,13.65999984741211,13.380000114440918,13.649999618530273,32094700
2023-02-08,10.665711402893066,14.15999984741211,14.1899995803833,13.510000228881836,13.640000343322754,81945200
2023-02-09,10.394554138183594,13.800000190734863,14.430000305175781,13.789999961853027,14.199999809265137,58306600
2023-02-10,9.543404579162598,12.670000076293945,13.130000114440918,12.600000381469727,12.699999809265137,237891100
2023-02-13,9.882353782653809,13.119999885559082,13.1899995803833,12.630000114440918,12.699999809265137,87016300
2023-02-14,9.972740173339844,13.239999771118164,13.350000381469727,13.039999961853027,13.130000114440918,56512300
2023-02-15,10.364420890808105,13.760000228881836,13.850000381469727,13.15999984741211,13.229999542236328,85427900
2023-02-16,10.560259819030762,14.020000457763672,14.09000015258789,13.529999732971191,13.619999885559082,69398600
2023-02-17,10.50000286102295,13.9399995803833,14.069999694824219,13.760000228881836,13.989999771118164,38594300
2023-02-22,10.394554138183594,13.800000190734863,13.819999694824219,13.5600004196167,13.699999809265137,36666600
2023-02-23,10.349353790283203,13.739999771118164,13.989999771118164,13.699999809265137,13.829999923706055,42173800
2023-02-24,10.017937660217285,13.300000190734863,13.789999961853027,13.239999771118164,13.729999542236328,40443000
2023-02-27,9.920018196105957,13.170000076293945,13.430000305175781,13.09000015258789,13.369999885559082,24898500
2023-02-28,9.852227210998535,13.079999923706055,13.40999984741211,13.050000190734863,13.210000038146973,38059200
2023-03-01,9.776904106140137,12.979999542236328,13.180000305175781,12.75,13.180000305175781,43825000
2023-03-02,9.647893905639648,12.789999961853027,13.09000015258789,12.789999961853027,12.920000076293945,32975000
2023-03-03,9.700698852539062,12.859999656677246,12.949999809265137,12.729999542236328,12.84000015258789,31061100
2023-03-06,10.025056838989258,13.289999961853027,13.380000114440918,12.899999618530273,12.949999809265137,38725200
2023-03-07,10.258902549743652,13.600000381469727,13.630000114440918,13.199999809265137,13.270000457763672,58414500
2023-03-08,10.575719833374023,14.020000457763672,14.119999885559082,13.649999618530273,13.65999984741211,76198500
2023-03-09,10.538004875183105,13.970000267028809,14.15999984741211,13.869999885559082,13.989999771118164,61048300
2023-03-10,10.236270904541016,13.569999694824219,13.949999809265137,13.479999542236328,13.859999656677246,40235200
2023-03-13,10.123124122619629,13.420000076293945,13.579999923706055,13.25,13.5,33541200
2023-03-14,10.06277847290039,13.34000015258789,13.550000190734863,13.1899995803833,13.289999961853027,44785600
2023-03-15,10.206095695495605,13.529999732971191,13.59000015258789,12.949999809265137,13.140000343322754,70935100
2023-03-16,10.492745399475098,13.90999984741211,14.010000228881836,13.449999809265137,13.520000457763672,84701000
2023-03-17,10.0552339553833,13.329999923706055,13.819999694824219,13.329999923706055,13.779999732971191,76083800
2023-03-20,9.881735801696777,13.100000381469727,13.520000457763672,13.039999961853027,13.359999656677246,34593300
2023-03-21,9.911909103393555,13.140000343322754,13.369999885559082,13.09000015258789,13.1899995803833,38954800
2023-03-22,9.821393966674805,13.020000457763672,13.239999771118164,12.960000038146973,13.140000343322754,29424300
2023-03-23,9.481943130493164,12.569999694824219,13.119999885559082,12.4399995803833,13.069999694824219,61539500
2023-03-24,9.587544441223145,12.710000038146973,12.829999923706055,12.390000343322754,12.680000305175781,40452000
2023-03-27,9.761042594909668,12.9399995803833,13.020000457763672,12.760000228881836,12.859999656677246,45000300
2023-03-28,9.745959281921387,12.920000076293945,13.079999923706055,12.8100004196167,12.899999618530273,30254900
2023-03-29,9.798759460449219,12.989999771118164,13.1899995803833,12.699999809265137,12.960000038146973,58776800
2023-03-30,10.092947959899902,13.380000114440918,13.399999618530273,13.100000381469727,13.210000038146973,58758400
2023-03-31,9.934542655944824,13.170000076293945,13.470000267028809,13.050000190734863,13.369999885559082,60841800
2023-04-03,9.6856107711792,12.84000015258789,13.220000267028809,12.779999732971191,13.180000305175781,58954700
2023-04-04,9.903916358947754,13.109999656677246,13.180000305175781,12.880000114440918,12.930000305175781,46417800
2023-04-05,9.987015724182129,13.220000267028809,13.359999656677246,13.029999732971191,13.100000381469727,51710100
2023-04-06,9.84347915649414,13.029999732971191,13.3100004196167,12.949999809265137,13.229999542236328,32588600
2023-04-10,9.95679759979248,13.180000305175781,13.25,13.039999961853027,13.079999923706055,24189300
2023-04-11,10.478056907653809,13.869999885559082,13.869999885559082,13.1899995803833,13.3100004196167,94873900
2023-04-12,10.425175666809082,13.800000190734863,14.199999809265137,13.770000457763672,13.890000343322754,63610500
2023-04-13,10.432729721069336,13.8100004196167,13.9399995803833,13.619999885559082,13.819999694824219,33003100
2023-04-14,10.417618751525879,13.789999961853027,13.9399995803833,13.600000381469727,13.729999542236328,41846400
2023-04-17,10.372294425964355,13.729999542236328,13.789999961853027,13.5600004196167,13.720000267028809,28114200
2023-04-18,10.304303169250488,13.640000343322754,13.859999656677246,13.479999542236328,13.789999961853027,45070000
2023-04-19,10.115443229675293,13.390000343322754,13.5600004196167,13.350000381469727,13.5,45391200
2023-04-20,10.206094741821289,13.510000228881836,13.520000457763672,13.15999984741211,13.420000076293945,61683400
2023-04-24,10.122994422912598,13.399999618530273,13.640000343322754,13.3100004196167,13.479999542236328,30197500
2023-04-25,10.34963321685791,13.699999809265137,13.720000267028809,13.270000457763672,13.270000457763672,66333300
2023-04-26,10.198539733886719,13.5,13.770000457763672,13.460000038146973,13.600000381469727,29344200
2023-04-27,10.394956588745117,13.760000228881836,13.819999694824219,13.489999771118164,13.529999732971191,66471700
2023-04-28,10.462945938110352,13.850000381469727,13.979999542236328,13.600000381469727,13.789999961853027,34292000
2023-05-02,10.311857223510742,13.649999618530273,13.890000343322754,13.430000305175781,13.869999885559082,76570500
2023-05-03,10.401863098144531,13.75,13.829999923706055,13.359999656677246,13.550000190734863,37376800
2023-05-04,10.643939018249512,14.069999694824219,14.220000267028809,13.819999694824219,13.819999694824219,71085400
2023-05-05,11.173486709594727,14.770000457763672,14.9399995803833,13.890000343322754,14.0600004196167,113562200
2023-05-08,11.58956527709961,15.319999694824219,15.420000076293945,14.819999694824219,14.819999694824219,119305500
2023-05-09,11.476092338562012,15.170000076293945,15.619999885559082,15.09000015258789,15.180000305175781,63086800
2023-05-10,11.498785972595215,15.199999809265137,15.279999732971191,15.020000457763672,15.149999618530273,34391600
2023-05-11,11.650084495544434,15.399999618530273,15.489999771118164,15.0600004196167,15.109999656677246,38711200
2023-05-12,11.703038215637207,15.470000267028809,15.529999732971191,15.239999771118164,15.25,33331100
2023-05-15,11.884596824645996,15.710000038146973,15.760000228881836,15.420000076293945,15.550000190734863,44270100
2023-05-16,11.892162322998047,15.720000267028809,15.869999885559082,15.539999961853027,15.670000076293945,29720900
2023-05-17,11.839212417602539,15.649999618530273,15.789999961853027,15.489999771118164,15.630000114440918,31306500
2023-05-18,11.877034187316895,15.699999809265137,15.739999771118164,15.510000228881836,15.600000381469727,30064600
2023-05-19,12.164501190185547,16.079999923706055,16.139999389648438,15.630000114440918,15.800000190734863,81459600
2023-05-22,12.043465614318848,15.920000076293945,16.290000915527344,15.899999618530273,16.049999237060547,24901500
2023-05-23,12.141805648803711,16.049999237060547,16.479999542236328,15.90999984741211,15.930000305175781,65141600
2023-05-24,11.771126747131348,15.5600004196167,15.989999771118164,15.449999809265137,15.960000038146973,84758000
2023-05-25,12.194764137268066,16.1200008392334,16.25,15.729999542236328,15.770000457763672,57019700
2023-05-26,12.194764137268066,16.1200008392334,16.5,15.960000038146973,16.3700008392334,34702600
2023-05-29,12.2098970413208,16.139999389648438,16.200000762939453,16.0,16.1200008392334,11951700
2023-05-30,11.877034187316895,15.699999809265137,16.299999237060547,15.640000343322754,16.280000686645508,46546900
2023-05-31,11.73330020904541,15.510000228881836,15.779999732971191,15.510000228881836,15.609999656677246,48483600
2023-06-01,11.937553405761719,15.779999732971191,15.970000267028809,15.529999732971191,15.550000190734863,33499600
2023-06-02,11.951926231384277,15.779999732971191,15.779999732971191,15.779999732971191,15.779999732971191,0
2023-06-05,12.36850357055664,16.329999923706055,16.420000076293945,15.970000267028809,16.200000762939453,37490300
2023-06-06,12.56543254852295,16.59000015258789,16.6299991607666,16.3799991607666,16.399999618530273,33361400
2023-06-07,12.557855606079102,16.579999923706055,16.760000228881836,16.440000534057617,16.739999771118164,25890200
2023-06-09,12.769928932189941,16.860000610351562,16.940000534057617,16.649999618530273,16.670000076293945,34371000
2023-06-12,12.66389274597168,16.719999313354492,16.979999542236328,16.6200008392334,16.950000762939453,38493000
2023-06-13,12.679039001464844,16.739999771118164,16.920000076293945,16.639999389648438,16.719999313354492,45002300
2023-06-14,12.762354850769043,16.850000381469727,16.959999084472656,16.59000015258789,16.84000015258789,60815500
2023-06-15,12.800223350524902,16.899999618530273,17.030000686645508,16.770000457763672,16.850000381469727,29023000
2023-06-16,12.838094711303711,16.950000762939453,17.020000457763672,16.770000457763672,16.8799991607666,41296400
2023-06-19,13.065313339233398,17.25,17.280000686645508,16.950000762939453,16.979999542236328,21307100
2023-06-20,13.095614433288574,17.290000915527344,17.290000915527344,17.059999465942383,17.190000534057617,28404300
2023-06-21,13.065313339233398,17.25,17.5,17.139999389648438,17.290000915527344,32294600
2023-06-22,12.724483489990234,16.799999237060547,17.15999984741211,16.68000030517578,17.110000610351562,36675900
2023-06-23,12.56543254852295,16.59000015258789,16.850000381469727,16.450000762939453,16.809999465942383,43608700
2023-06-26,12.504837989807129,16.510000228881836,16.760000228881836,16.299999237060547,16.600000381469727,36850700
2023-06-27,12.548452377319336,16.3700008392334,16.510000228881836,16.0,16.510000228881836,38301600
2023-06-28,12.341479301452637,16.100000381469727,16.350000381469727,15.989999771118164,16.329999923706055,48492800
2023-06-29,12.395140647888184,16.170000076293945,16.239999771118164,15.970000267028809,16.100000381469727,40903300
2023-06-30,12.609773635864258,16.450000762939453,16.6299991607666,16.309999465942383,16.309999465942383,41639400
2023-07-03,12.77074909210205,16.65999984741211,16.709999084472656,16.469999313354492,16.600000381469727,17915500
2023-07-04,12.69322395324707,16.540000915527344,16.649999618530273,16.489999771118164,16.59000015258789,10908500
2023-07-05,12.716242790222168,16.56999969482422,16.700000762939453,16.450000762939453,16.469999313354492,19944300
2023-07-06,12.409276008605957,16.170000076293945,16.5,16.110000610351562,16.43000030517578,40277700
2023-07-07,12.493691444396973,16.280000686645508,16.469999313354492,16.200000762939453,16.260000228881836,21703000
2023-07-10,12.501362800598145,16.290000915527344,16.399999618530273,16.18000030517578,16.34000015258789,19191400
2023-07-11,12.509037971496582,16.299999237060547,16.389999389648438,15.899999618530273,16.299999237060547,30173500
2023-07-12,12.39392375946045,16.149999618530273,16.440000534057617,16.139999389648438,16.3700008392334,18940500
2023-07-13,12.700896263122559,16.549999237060547,16.700000762939453,16.149999618530273,16.219999313354492,34783700
2023-07-14,12.608803749084473,16.43000030517578,16.690000534057617,16.280000686645508,16.610000610351562,30430600
2023-07-17,12.739266395568848,16.600000381469727,16.65999984741211,16.229999542236328,16.280000686645508,20090100
2023-07-18,12.716242790222168,16.56999969482422,16.760000228881836,16.479999542236328,16.65999984741211,22381500
2023-07-19,12.670199394226074,16.510000228881836,16.670000076293945,16.3799991607666,16.5,24524300
2023-07-20,12.677871704101562,16.520000457763672,16.690000534057617,16.40999984741211,16.670000076293945,47691600
2023-07-21,13.092280387878418,17.059999465942383,17.06999969482422,16.489999771118164,16.489999771118164,43331100
2023-07-24,12.739266395568848,16.600000381469727,17.15999984741211,16.479999542236328,17.059999465942383,62342600
2023-07-25,12.69322395324707,16.540000915527344,16.760000228881836,16.329999923706055,16.700000762939453,45514000
2023-07-26,12.823680877685547,16.709999084472656,16.739999771118164,16.3799991607666,16.489999771118164,22666000
2023-07-27,12.532061576843262,16.329999923706055,16.780000686645508,16.290000915527344,16.709999084472656,30083400
2023-07-28,12.670199394226074,16.510000228881836,16.6299991607666,16.309999465942383,16.360000610351562,25809200
2023-07-31,12.78531265258789,16.65999984741211,16.729999542236328,16.530000686645508,16.6200008392334,22318100
2023-08-01,12.754616737365723,16.6200008392334,16.690000534057617,16.420000076293945,16.579999923706055,26649900
2023-08-02,12.807609558105469,16.670000076293945,16.850000381469727,16.459999084472656,16.5,34593700
2023-08-03,12.715412139892578,16.549999237060547,17.020000457763672,16.489999771118164,16.899999618530273,52594900
2023-08-04,11.870279312133789,15.449999809265137,16.079999923706055,15.399999618530273,15.829999923706055,150660800
2023-08-07,11.78576374053955,15.34000015258789,15.729999542236328,15.260000228881836,15.5,45283000
2023-08-08,11.839548110961914,15.40999984741211,15.539999961853027,15.130000114440918,15.229999542236328,32711600
2023-08-09,11.778084754943848,15.329999923706055,15.40999984741211,15.100000381469727,15.40999984741211,37143300
2023-08-10,11.87796401977539,15.460000038146973,15.619999885559082,15.359999656677246,15.430000305175781,27521100
2023-08-11,11.808815956115723,15.369999885559082,15.569999694824219,15.279999732971191,15.5,44038100
2023-08-14,11.747352600097656,15.289999961853027,15.369999885559082,15.180000305175781,15.3100004196167,27965700
2023-08-15,11.778084754943848,15.329999923706055,15.380000114440918,15.149999618530273,15.350000381469727,30300300
2023-08-16,11.716621398925781,15.25,15.529999732971191,15.199999809265137,15.34000015258789,40641100
2023-08-17,11.59368896484375,15.09000015258789,15.319999694824219,14.949999809265137,15.319999694824219,49707800
2023-08-18,11.67052173614502,15.1899995803833,15.229999542236328,14.989999771118164,15.0600004196167,24526300
2023-08-21,11.586007118225098,15.079999923706055,15.199999809265137,14.979999542236328,15.1899995803833,18689900
2023-08-22,11.662836074829102,15.180000305175781,15.220000267028809,15.050000190734863,15.149999618530273,25653900
2023-08-23,11.824182510375977,15.390000343322754,15.430000305175781,15.09000015258789,15.170000076293945,26483400
2023-08-24,11.539909362792969,15.020000457763672,15.4399995803833,14.960000038146973,15.4399995803833,28986200
2023-08-25,11.39393138885498,14.829999923706055,15.100000381469727,14.739999771118164,15.069999694824219,21558900
2023-08-28,11.762717247009277,15.3100004196167,15.430000305175781,14.789999961853027,14.850000381469727,41896500
2023-08-29,11.901010513305664,15.489999771118164,15.720000267028809,15.329999923706055,15.399999618530273,28648200
2023-08-30,11.647473335266113,15.15999984741211,15.539999961853027,15.119999885559082,15.520000457763672,24566600
2023-08-31,11.486129760742188,14.949999809265137,15.130000114440918,14.859999656677246,15.109999656677246,47366800
2023-09-01,11.51685905456543,14.989999771118164,15.170000076293945,14.9399995803833,15.050000190734863,20774500
2023-09-04,11.462221145629883,14.899999618530273,15.039999961853027,14.8100004196167,14.9399995803833,12793700
2023-09-05,11.21605396270752,14.579999923706055,14.869999885559082,14.569999694824219,14.869999885559082,38596300
2023-09-06,11.062196731567383,14.380000114440918,14.670000076293945,14.369999885559082,14.65999984741211,30673700
2023-09-08,11.062196731567383,14.380000114440918,14.630000114440918,14.210000038146973,14.350000381469727,26255000
2023-09-11,11.26990032196045,14.649999618530273,14.75,14.430000305175781,14.520000457763672,27501400
2023-09-12,11.408370971679688,14.829999923706055,14.859999656677246,14.609999656677246,14.670000076293945,30070000
2023-09-13,11.45452880859375,14.890000343322754,15.0,14.739999771118164,14.789999961853027,38146100
2023-09-14,11.500685691833496,14.949999809265137,15.069999694824219,14.880000114440918,14.949999809265137,38099300
2023-09-15,11.477607727050781,14.920000076293945,15.0,14.789999961853027,14.90999984741211,38634100
2023-09-18,11.477607727050781,14.920000076293945,14.979999542236328,14.75,14.960000038146973,16752200
2023-09-19,11.346830368041992,14.75,14.90999984741211,14.670000076293945,14.869999885559082,25653600
2023-09-20,11.392985343933105,14.8100004196167,14.9399995803833,14.6899995803833,14.819999694824219,29633200
2023-09-21,10.969886779785156,14.260000228881836,14.609999656677246,14.199999809265137,14.5600004196167,52192300
2023-09-22,10.885265350341797,14.149999618530273,14.380000114440918,14.130000114440918,14.350000381469727,39166700
2023-09-25,10.854493141174316,14.109999656677246,14.260000228881836,14.0600004196167,14.15999984741211,29657400
2023-09-26,10.739100456237793,13.960000038146973,14.09000015258789,13.90999984741211,14.09000015258789,35395500
2023-09-27,10.708332061767578,13.920000076293945,14.270000457763672,13.84000015258789,13.989999771118164,41531600
2023-09-28,10.962190628051758,14.25,14.300000190734863,13.890000343322754,13.920000076293945,29948700
2023-09-29,11.000657081604004,14.300000190734863,14.380000114440918,14.140000343322754,14.329999923706055,20641500
2023-10-02,10.84679889678955,14.100000381469727,14.399999618530273,14.050000190734863,14.319999694824219,22179800
2023-10-03,10.715058326721191,13.90999984741211,14.09000015258789,13.869999885559082,14.039999961853027,23190500
2023-10-04,11.077103614807129,14.380000114440918,14.4399995803833,13.890000343322754,13.949999809265137,45563700
2023-10-05,11.123322486877441,14.4399995803833,14.739999771118164,14.300000190734863,14.640000343322754,40153400
2023-10-06,11.146431922912598,14.470000267028809,14.529999732971191,14.069999694824219,14.300000190734863,29367600
2023-10-09,11.04629135131836,14.34000015258789,14.40999984741211,14.199999809265137,14.399999618530273,20940600
2023-10-10,11.169544219970703,14.5,14.600000381469727,14.34000015258789,14.399999618530273,21013500
2023-10-11,11.331307411193848,14.710000038146973,14.720000267028809,14.380000114440918,14.479999542236328,31695400
2023-10-13,11.161840438842773,14.489999771118164,14.739999771118164,14.470000267028809,14.649999618530273,31324400
2023-10-16,11.277383804321289,14.640000343322754,14.720000267028809,14.470000267028809,14.579999923706055,24351900
2023-10-17,11.161840438842773,14.489999771118164,14.680000305175781,14.399999618530273,14.539999961853027,27989500
2023-10-18,11.061698913574219,14.359999656677246,14.59000015258789,14.329999923706055,14.420000076293945,32347600
2023-10-19,11.115619659423828,14.430000305175781,14.640000343322754,14.289999961853027,14.34000015258789,24267000
2023-10-20,10.907639503479004,14.15999984741211,14.510000228881836,14.15999984741211,14.399999618530273,29052700
2023-10-23,10.923044204711914,14.180000305175781,14.289999961853027,14.119999885559082,14.149999618530273,25208300
2023-10-24,10.923044204711914,14.180000305175781,14.399999618530273,14.020000457763672,14.300000190734863,35238200
2023-10-25,10.892229080200195,14.140000343322754,14.65999984741211,14.100000381469727,14.359999656677246,44133500
2023-10-26,11.169544219970703,14.5,14.520000457763672,14.109999656677246,14.1899995803833,52455700
2023-10-27,11.053997993469238,14.350000381469727,14.619999885559082,14.229999542236328,14.470000267028809,43153700
2023-10-30,10.930742263793945,14.1899995803833,14.479999542236328,14.100000381469727,14.430000305175781,37855700
2023-10-31,10.776680946350098,13.989999771118164,14.1899995803833,13.949999809265137,14.1899995803833,32793200
2023-11-01,10.876821517944336,14.119999885559082,14.1899995803833,13.960000038146973,14.0,42471800
2023-11-03,11.392836570739746,14.770000457763672,14.880000114440918,14.369999885559082,14.479999542236328,70577700
2023-11-06,11.385122299194336,14.760000228881836,14.890000343322754,14.609999656677246,14.869999885559082,23949400
2023-11-07,11.685951232910156,15.149999618530273,15.279999732971191,14.699999809265137,14.75,80300200
2023-11-08,11.747657775878906,15.229999542236328,15.3100004196167,15.010000228881836,15.149999618530273,33468600
2023-11-09,11.770800590515137,15.260000228881836,15.5,14.989999771118164,15.25,45228200
2023-11-10,11.601099967956543,15.039999961853027,15.119999885559082,14.6899995803833,14.869999885559082,66453700
2023-11-13,11.369695663452148,14.739999771118164,15.039999961853027,14.619999885559082,14.930000305175781,47338000
2023-11-14,11.608816146850586,15.050000190734863,15.09000015258789,14.710000038146973,14.800000190734863,42559800
2023-11-16,12.009916305541992,15.569999694824219,15.569999694824219,15.050000190734863,15.09000015258789,60626800
2023-11-17,11.901927947998047,15.430000305175781,15.600000381469727,15.350000381469727,15.569999694824219,34543100
2023-11-20,11.932783126831055,15.470000267028809,15.489999771118164,15.289999961853027,15.4399995803833,26702200
2023-11-21,11.886504173278809,15.40999984741211,15.529999732971191,15.319999694824219,15.460000038146973,17047900
2023-11-22,12.133333206176758,15.729999542236328,15.890000343322754,15.430000305175781,15.510000228881836,39082200
2023-11-23,12.457300186157227,16.149999618530273,16.649999618530273,16.1200008392334,16.3799991607666,70385300
2023-11-24,12.465014457702637,16.15999984741211,16.239999771118164,16.010000228881836,16.06999969482422,28854100
2023-11-27,12.387877464294434,16.059999465942383,16.229999542236328,15.960000038146973,16.18000030517578,25263900
2023-11-28,12.503582000732422,16.209999084472656,16.280000686645508,15.930000305175781,16.020000457763672,43584200
2023-11-29,12.441873550415039,16.1299991607666,16.489999771118164,16.1200008392334,16.3700008392334,36063500
2023-11-30,12.549863815307617,16.270000457763672,16.329999923706055,16.1299991607666,16.149999618530273,54061000
2023-12-01,12.588428497314453,16.31999969482422,16.34000015258789,16.100000381469727,16.299999237060547,43911800
2023-12-04,12.494969367980957,16.18000030517578,16.389999389648438,16.1200008392334,16.219999313354492,24320200
2023-12-05,12.610806465148926,16.329999923706055,16.43000030517578,16.170000076293945,16.25,33186200
2023-12-06,12.479524612426758,16.15999984741211,16.469999313354492,16.149999618530273,16.3700008392334,33542000
2023-12-07,12.51041316986084,16.200000762939453,16.309999465942383,16.09000015258789,16.25,26382800
2023-12-08,12.711196899414062,16.459999084472656,16.559999465942383,16.049999237060547,16.229999542236328,40696300
2023-12-11,12.610806465148926,16.329999923706055,16.510000228881836,16.270000457763672,16.3799991607666,17300300
2023-12-12,12.549027442932129,16.25,16.56999969482422,16.15999984741211,16.549999237060547,114069600
2023-12-13,13.097323417663574,16.959999084472656,17.010000228881836,16.25,16.280000686645508,73283800
2023-12-14,13.321271896362305,17.25,17.389999389648438,16.979999542236328,17.0,62827600
2023-12-15,13.452554702758789,17.420000076293945,17.510000228881836,17.229999542236328,17.239999771118164,74469300
2023-12-18,13.552950859069824,17.549999237060547,17.649999618530273,17.280000686645508,17.540000915527344,68532600
2023-12-19,13.552950859069824,17.549999237060547,17.739999771118164,17.389999389648438,17.549999237060547,31387900
2023-12-20,13.328996658325195,17.260000228881836,17.540000915527344,17.260000228881836,17.510000228881836,28935500
2023-12-21,13.33672046661377,17.270000457763672,17.479999542236328,17.149999618530273,17.420000076293945,30227000
2023-12-22,13.536952018737793,16.829999923706055,16.920000076293945,16.540000915527344,16.719999313354492,36672400
2023-12-26,13.577167510986328,16.8799991607666,16.93000030517578,16.799999237060547,16.829999923706055,13390200
2023-12-27,13.657602310180664,16.979999542236328,17.059999465942383,16.739999771118164,16.850000381469727,17838700
2023-12-28,13.746075630187988,17.09000015258789,17.1299991607666,16.950000762939453,17.0,14852700
2024-01-02,13.47260570526123,16.75,17.010000228881836,16.670000076293945,16.950000762939453,31715700
2024-01-03,13.487885475158691,16.75,16.940000534057617,16.65999984741211,16.690000534057617,20470600
2024-01-04,13.3026762008667,16.520000457763672,16.850000381469727,16.520000457763672,16.760000228881836,31294000
2024-01-05,13.592564582824707,16.8799991607666,16.959999084472656,16.450000762939453,16.520000457763672,30772400
2024-01-08,13.487885475158691,16.75,16.969999313354492,16.739999771118164,16.8799991607666,21044300
2024-01-09,13.125523567199707,16.299999237060547,16.549999237060547,16.229999542236328,16.510000228881836,49479300
2024-01-10,12.900053977966309,16.020000457763672,16.34000015258789,16.010000228881836,16.25,39455700
2024-01-11,12.835631370544434,15.9399995803833,16.1299991607666,15.859999656677246,16.0,30915500
2024-01-12,12.730955123901367,15.8100004196167,16.020000457763672,15.710000038146973,15.899999618530273,39595400
2024-01-15,12.779269218444824,15.869999885559082,15.890000343322754,15.649999618530273,15.75,11765400
2024-01-16,12.666531562805176,15.729999542236328,15.880000114440918,15.630000114440918,15.869999885559082,48307800
2024-01-17,12.690690994262695,15.760000228881836,15.890000343322754,15.65999984741211,15.710000038146973,35712900
2024-01-18,12.618216514587402,15.670000076293945,15.819999694824219,15.460000038146973,15.819999694824219,42665600
2024-01-19,12.5940580368042,15.640000343322754,15.770000457763672,15.4399995803833,15.699999809265137,61792500
2024-01-22,12.449115753173828,15.460000038146973,15.770000457763672,15.319999694824219,15.649999618530273,30906700
2024-01-23,12.384697914123535,15.380000114440918,15.5600004196167,15.329999923706055,15.550000190734863,37294600
2024-01-24,12.336382865905762,15.319999694824219,15.539999961853027,15.25,15.4399995803833,36308700
2024-01-25,12.368592262268066,15.359999656677246,15.449999809265137,15.300000190734863,15.34000015258789,30256900
2024-01-26,12.497431755065918,15.520000457763672,15.619999885559082,15.350000381469727,15.399999618530273,22825700
2024-01-29,12.384697914123535,15.380000114440918,15.520000457763672,15.34000015258789,15.5,17302700
2024-01-30,12.296119689941406,15.270000457763672,15.510000228881836,15.270000457763672,15.399999618530273,35419800
2024-01-31,12.360540390014648,15.350000381469727,15.59000015258789,15.220000267028809,15.25,32956700
2024-02-01,12.336382865905762,15.319999694824219,15.449999809265137,15.119999885559082,15.399999618530273,32717300
2024-02-02,12.35168170928955,15.319999694824219,15.430000305175781,15.069999694824219,15.300000190734863,41476600
2024-02-05,12.60161304473877,15.630000114440918,15.670000076293945,15.319999694824219,15.319999694824219,31582200
2024-02-06,13.38367748260498,16.600000381469727,16.639999389648438,15.6899995803833,15.789999961853027,99040100
2024-02-07,11.255186080932617,13.960000038146973,15.579999923706055,13.869999885559082,15.350000381469727,341120300
2024-02-08,10.93269157409668,13.5600004196167,14.069999694824219,13.359999656677246,13.880000114440918,156143100
2024-02-09,10.85206413269043,13.460000038146973,13.75,13.180000305175781,13.65999984741211,99727200
2024-02-14,10.779500961303711,13.369999885559082,13.539999961853027,13.220000267028809,13.420000076293945,46804300
2024-02-15,10.827875137329102,13.430000305175781,13.630000114440918,13.380000114440918,13.460000038146973,49860300
2024-02-16,10.868189811706543,13.479999542236328,13.619999885559082,13.350000381469727,13.520000457763672,55291600
2024-02-19,11.005250930786133,13.649999618530273,13.699999809265137,13.390000343322754,13.5,28026600
2024-02-20,11.263248443603516,13.970000267028809,14.020000457763672,13.630000114440918,13.699999809265137,85230500
2024-02-21,11.222935676574707,13.920000076293945,14.010000228881836,13.779999732971191,14.0,43236100
2024-02-22,11.287435531616211,14.0,14.109999656677246,13.90999984741211,13.960000038146973,42741200
2024-02-23,11.14231014251709,13.819999694824219,14.100000381469727,13.770000457763672,14.029999732971191,34751100
2024-02-26,11.126188278198242,13.800000190734863,13.850000381469727,13.65999984741211,13.850000381469727,21888800
2024-02-27,11.303560256958008,14.020000457763672,14.140000343322754,13.819999694824219,13.899999618530273,45546800
2024-02-28,11.255186080932617,13.960000038146973,14.100000381469727,13.880000114440918,13.989999771118164,22066700
2024-02-29,11.085874557495117,13.75,13.949999809265137,13.569999694824219,13.930000305175781,62632200
2024-03-01,11.126188278198242,13.800000190734863,13.859999656677246,13.6899995803833,13.789999961853027,29511700
2024-03-04,11.020403861999512,13.649999618530273,13.829999923706055,13.630000114440918,13.779999732971191,31807800
2024-03-05,11.07691764831543,13.720000267028809,13.8100004196167,13.579999923706055,13.65999984741211,31456000
2024-03-06,11.157651901245117,13.819999694824219,14.010000228881836,13.75,13.800000190734863,31614900
2024-03-07,11.109210968017578,13.760000228881836,13.869999885559082,13.699999809265137,13.829999923706055,21462000
2024-03-08,11.173802375793457,13.84000015258789,13.960000038146973,13.670000076293945,13.739999771118164,31663900
2024-03-11,11.238390922546387,13.920000076293945,13.970000267028809,13.779999732971191,13.8100004196167,27118300
2024-03-12,11.375640869140625,14.09000015258789,14.15999984741211,13.90999984741211,13.949999809265137,42760600
2024-03-13,11.49674129486084,14.239999771118164,14.399999618530273,14.079999923706055,14.09000015258789,25253000
2024-03-14,11.569403648376465,14.329999923706055,14.390000343322754,14.180000305175781,14.239999771118164,41564200
2024-03-15,11.39178466796875,14.109999656677246,14.390000343322754,14.100000381469727,14.34000015258789,30908700
2024-03-18,11.464447975158691,14.199999809265137,14.270000457763672,14.119999885559082,14.199999809265137,15035500
2024-03-19,11.399862289428711,14.119999885559082,14.300000190734863,14.079999923706055,14.25,16792800
2024-03-20,11.545185089111328,14.300000190734863,14.319999694824219,14.100000381469727,14.130000114440918,35020600
2024-03-21,11.416008949279785,14.140000343322754,14.3100004196167,14.109999656677246,14.300000190734863,19771200
2024-03-22,11.270685195922852,13.960000038146973,14.15999984741211,13.859999656677246,14.130000114440918,28438800
2024-03-25,11.254536628723145,13.9399995803833,14.069999694824219,13.84000015258789,13.9399995803833,31920500
2024-03-26,11.416008949279785,14.140000343322754,14.199999809265137,13.890000343322754,13.90999984741211,19219400
2024-03-27,11.593626976013184,14.359999656677246,14.460000038146973,14.029999732971191,14.140000343322754,35882600
2024-03-28,11.512890815734863,14.260000228881836,14.479999542236328,14.220000267028809,14.359999656677246,25925000
2024-04-01,11.407933235168457,14.130000114440918,14.390000343322754,14.039999961853027,14.359999656677246,24308100
2024-04-02,11.471779823303223,14.1899995803833,14.3100004196167,14.050000190734863,14.109999656677246,24862500
2024-04-03,11.698143005371094,14.470000267028809,14.579999923706055,14.09000015258789,14.199999809265137,50953400
2024-04-04,11.770906448364258,14.5600004196167,14.880000114440918,14.520000457763672,14.520000457763672,53741700
2024-04-05,11.738566398620605,14.520000457763672,14.640000343322754,14.40999984741211,14.579999923706055,18774100
2024-04-08,11.81941032409668,14.619999885559082,14.779999732971191,14.529999732971191,14.5600004196167,23453800
2024-04-09,11.892168045043945,14.710000038146973,14.8100004196167,14.619999885559082,14.670000076293945,23248900
2024-04-10,11.64155387878418,14.399999618530273,14.710000038146973,14.359999656677246,14.680000305175781,28689800
2024-04-11,11.633469581604004,14.390000343322754,14.4399995803833,14.229999542236328,14.359999656677246,20195300
2024-04-12,11.487950325012207,14.210000038146973,14.369999885559082,14.130000114440918,14.350000381469727,22530800
2024-04-15,11.318178176879883,14.0,14.289999961853027,13.949999809265137,14.25,30053000
2024-04-16,11.237332344055176,13.899999618530273,14.020000457763672,13.84000015258789,13.930000305175781,39993200
2024-04-17,11.180743217468262,13.829999923706055,13.970000267028809,13.680000305175781,13.930000305175781,27611500
2024-04-18,11.132235527038574,13.770000457763672,13.949999809265137,13.670000076293945,13.850000381469727,40788000
2024-04-19,11.02713680267334,13.640000343322754,13.800000190734863,13.609999656677246,13.720000267028809,49864000
2024-04-22,10.978631019592285,13.579999923706055,13.75,13.539999961853027,13.699999809265137,24572300
2024-04-23,11.051393508911133,13.670000076293945,13.75,13.470000267028809,13.5,29567700
2024-04-24,11.051393508911133,13.670000076293945,13.720000267028809,13.529999732971191,13.699999809265137,21669200
2024-04-25,11.043307304382324,13.65999984741211,13.779999732971191,13.609999656677246,13.649999618530273,18043100
2024-04-26,11.221163749694824,13.880000114440918,14.0,13.699999809265137,13.739999771118164,23755300
2024-04-29,11.366682052612305,14.0600004196167,14.0600004196167,13.84000015258789,13.890000343322754,25762000
2024-04-30,11.318178176879883,14.0,14.279999732971191,13.899999618530273,14.100000381469727,60459200
2024-05-02,11.188828468322754,13.84000015258789,14.319999694824219,13.680000305175781,14.319999694824219,79939800
2024-05-03,11.15561580657959,13.779999732971191,14.0600004196167,13.670000076293945,13.979999542236328,61196700
2024-05-06,11.147521018981934,13.770000457763672,13.84000015258789,13.6899995803833,13.770000457763672,30205500
2024-05-07,11.147521018981934,13.770000457763672,13.850000381469727,13.710000038146973,13.800000190734863,30097000
2024-05-08,11.171807289123535,13.800000190734863,13.84000015258789,13.5600004196167,13.6899995803833,23271100
2024-05-09,10.888463020324707,13.449999809265137,13.670000076293945,13.359999656677246,13.649999618530273,60548200
2024-05-10,10.823698997497559,13.369999885559082,13.579999923706055,13.350000381469727,13.449999809265137,38379100
2024-05-13,10.872272491455078,13.430000305175781,13.460000038146973,13.319999694824219,13.399999618530273,21216600
2024-05-14,10.864175796508789,13.420000076293945,13.479999542236328,13.270000457763672,13.430000305175781,41886100
2024-05-15,10.758935928344727,13.289999961853027,13.399999618530273,13.229999542236328,13.399999618530273,31232700
2024-05-16,10.815605163574219,13.359999656677246,13.399999618530273,13.239999771118164,13.350000381469727,30538600
2024-05-17,10.872272491455078,13.430000305175781,13.510000228881836,13.279999732971191,13.329999923706055,31448500
2024-05-20,10.791316032409668,13.329999923706055,13.449999809265137,13.319999694824219,13.399999618530273,27043700
2024-05-21,10.847986221313477,13.399999618530273,13.460000038146973,13.3100004196167,13.350000381469727,26225200
2024-05-22,10.605119705200195,13.100000381469727,13.350000381469727,13.100000381469727,13.329999923706055,36303200
2024-05-23,10.427018165588379,12.880000114440918,13.149999618530273,12.829999923706055,13.119999885559082,47524300
2024-05-24,10.499878883361816,12.970000267028809,13.050000190734863,12.869999885559082,12.920000076293945,34080500
2024-05-27,10.467495918273926,12.930000305175781,13.029999732971191,12.899999618530273,12.949999809265137,11028300
2024-05-28,10.459400177001953,12.920000076293945,13.069999694824219,12.859999656677246,13.0600004196167,26207100
2024-05-29,10.354158401489258,12.789999961853027,12.850000381469727,12.649999618530273,12.84000015258789,29552400
2024-05-31,10.257015228271484,12.670000076293945,12.880000114440918,12.670000076293945,12.779999732971191,50760400
2024-06-03,10.32177734375,12.75,12.850000381469727,12.65999984741211,12.720000267028809,30299600
2024-06-04,10.418237686157227,12.850000381469727,12.930000305175781,12.619999885559082,12.729999542236328,44292600
2024-06-05,10.361482620239258,12.779999732971191,12.90999984741211,12.739999771118164,12.84000015258789,23783000
2024-06-06,10.580389022827148,13.050000190734863,13.069999694824219,12.760000228881836,12.819999694824219,26997300
2024-06-07,10.499313354492188,12.949999809265137,13.109999656677246,12.920000076293945,12.989999771118164,131901800
2024-06-10,10.426346778869629,12.859999656677246,12.979999542236328,12.819999694824219,12.949999809265137,24749200
2024-06-11,10.483097076416016,12.930000305175781,13.010000228881836,12.880000114440918,12.90999984741211,24693700
2024-06-12,10.288516998291016,12.6899995803833,13.010000228881836,12.649999618530273,12.970000267028809,59033400
2024-06-13,10.296621322631836,12.699999809265137,12.850000381469727,12.680000305175781,12.699999809265137,42051200
2024-06-14,10.402021408081055,12.829999923706055,12.859999656677246,12.630000114440918,12.720000267028809,43737800
2024-06-17,10.515528678894043,12.970000267028809,13.010000228881836,12.8100004196167,12.850000381469727,59437200
2024-06-18,10.352507591247559,12.380000114440918,12.75,12.34000015258789,12.6899995803833,39586800
2024-06-19,10.402681350708008,12.4399995803833,12.460000038146973,12.180000305175781,12.399999618530273,29600400
2024-06-20,10.377594947814941,12.40999984741211,12.579999923706055,12.329999923706055,12.5,33487200
2024-06-21,10.369235038757324,12.399999618530273,12.5,12.329999923706055,12.329999923706055,63797400
2024-06-24,10.402681350708008,12.4399995803833,12.569999694824219,12.369999885559082,12.449999809265137,29037500
2024-06-25,10.319061279296875,12.34000015258789,12.449999809265137,12.3100004196167,12.449999809265137,26896300
2024-06-26,10.344147682189941,12.369999885559082,12.369999885559082,12.140000343322754,12.289999961853027,35848900
2024-06-27,10.385958671569824,12.420000076293945,12.460000038146973,12.270000457763672,12.390000343322754,20010000
2024-06-28,10.352507591247559,12.380000114440918,12.479999542236328,12.3100004196167,12.420000076293945,31675700
2024-07-01,10.260522842407227,12.270000457763672,12.479999542236328,12.229999542236328,12.430000305175781,18567800
2024-07-02,10.242913246154785,12.229999542236328,12.34000015258789,12.199999809265137,12.260000228881836,26562800
2024-07-03,10.276413917541504,12.270000457763672,12.380000114440918,12.229999542236328,12.319999694824219,31060900
2024-07-04,10.318292617797852,12.319999694824219,12.380000114440918,12.239999771118164,12.380000114440918,13768400
2024-07-05,10.435544967651367,12.460000038146973,12.5,12.25,12.34000015258789,41410800
2024-07-08,10.435544967651367,12.460000038146973,12.609999656677246,12.380000114440918,12.40999984741211,33661100
2024-07-09,10.435544967651367,12.460000038146973,12.5600004196167,12.350000381469727,12.420000076293945,18579400
2024-07-10,10.611425399780273,12.670000076293945,12.720000267028809,12.489999771118164,12.550000190734863,32909900
2024-07-11,10.611425399780273,12.670000076293945,12.789999961853027,12.609999656677246,12.720000267028809,35308200
2024-07-12,10.58630084991455,12.640000343322754,12.680000305175781,12.579999923706055,12.680000305175781,28892700
2024-07-15,10.561176300048828,12.609999656677246,12.699999809265137,12.579999923706055,12.680000305175781,18471500
2024-07-16,10.59467601776123,12.649999618530273,12.6899995803833,12.539999961853027,12.619999885559082,28351100
2024-07-17,10.720303535461426,12.800000190734863,12.800000190734863,12.609999656677246,12.640000343322754,23144800
2024-07-18,10.519298553466797,12.5600004196167,12.800000190734863,12.5600004196167,12.760000228881836,22829000
2024-07-19,10.460668563842773,12.489999771118164,12.699999809265137,12.489999771118164,12.649999618530273,31721300
2024-07-22,10.577924728393555,12.630000114440918,12.670000076293945,12.510000228881836,12.539999961853027,20828400
2024-07-23,10.502548217773438,12.539999961853027,12.630000114440918,12.510000228881836,12.609999656677246,22575300
2024-07-24,10.510920524597168,12.550000190734863,12.649999618530273,12.510000228881836,12.579999923706055,17329000
2024-07-25,10.343416213989258,12.350000381469727,12.5600004196167,12.34000015258789,12.510000228881836,27476800
2024-07-26,10.427170753479004,12.449999809265137,12.479999542236328,12.3100004196167,12.359999656677246,45675500
2024-07-29,10.469045639038086,12.5,12.520000457763672,12.350000381469727,12.449999809265137,20952000
2024-07-30,10.385295867919922,12.399999618530273,12.479999542236328,12.359999656677246,12.449999809265137,20995500
2024-07-31,10.410420417785645,12.430000305175781,12.479999542236328,12.380000114440918,12.399999618530273,32230200
2024-08-01,10.544425010681152,12.59000015258789,12.680000305175781,12.449999809265137,12.460000038146973,59113900
2024-08-02,10.610666275024414,12.649999618530273,12.75,12.520000457763672,12.65999984741211,57959900
2024-08-05,11.415902137756348,13.609999656677246,13.760000228881836,12.649999618530273,12.850000381469727,133145300
2024-08-06,11.79335880279541,14.0600004196167,14.180000305175781,13.800000190734863,13.859999656677246,104219100
2024-08-07,11.818524360656738,14.09000015258789,14.510000228881836,13.930000305175781,14.170000076293945,59096500
2024-08-08,11.952730178833008,14.25,14.390000343322754,14.0600004196167,14.079999923706055,44280800
2024-08-09,12.24630355834961,14.600000381469727,14.6899995803833,14.229999542236328,14.25,37787700
2024-08-12,12.330182075500488,14.699999809265137,14.739999771118164,14.5600004196167,14.619999885559082,24117200
2024-08-13,12.481165885925293,14.880000114440918,14.970000267028809,14.710000038146973,14.770000457763672,36761400
2024-08-14,12.59020709991455,15.010000228881836,15.119999885559082,14.850000381469727,14.850000381469727,53268600
2024-08-15,12.716023445129395,15.15999984741211,15.229999542236328,15.010000228881836,15.069999694824219,31738900
2024-08-16,12.556656837463379,14.970000267028809,15.289999961853027,14.850000381469727,15.229999542236328,49810300
2024-08-19,13.11864185333252,15.640000343322754,15.880000114440918,15.100000381469727,15.109999656677246,73702900
2024-08-20,13.168968200683594,15.699999809265137,15.789999961853027,15.40999984741211,15.760000228881836,30434800
2024-08-21,13.110254287719727,15.630000114440918,15.760000228881836,15.569999694824219,15.699999809265137,25842000
2024-08-22,13.017987251281738,15.520000457763672,15.630000114440918,15.470000267028809,15.579999923706055,33853100
2024-08-23,13.135418891906738,15.65999984741211,15.9399995803833,15.619999885559082,15.619999885559082,33620800
2024-08-26,13.093481063842773,15.609999656677246,15.6899995803833,15.569999694824219,15.65999984741211,13905900
2024-08-27,12.934110641479492,15.420000076293945,15.619999885559082,15.399999618530273,15.619999885559082,18690000
2024-08-28,13.143810272216797,15.670000076293945,15.770000457763672,15.170000076293945,15.300000190734863,27179000
2024-08-29,13.110254287719727,15.630000114440918,15.680000305175781,15.510000228881836,15.600000381469727,29559800
2024-08-30,13.11864185333252,15.640000343322754,15.670000076293945,15.489999771118164,15.539999961853027,51286000
2024-09-02,13.08509349822998,15.600000381469727,15.630000114440918,15.449999809265137,15.5,17133800
2024-09-03,13.226999282836914,15.75,15.890000343322754,15.600000381469727,15.600000381469727,26984600
2024-09-04,13.327777862548828,15.869999885559082,16.110000610351562,15.800000190734863,15.84000015258789,33458800
2024-09-05,13.445347785949707,16.010000228881836,16.149999618530273,15.779999732971191,15.829999923706055,29843800
2024-09-06,13.18500804901123,15.699999809265137,16.06999969482422,15.619999885559082,16.049999237060547,19284000
2024-09-09,13.226999282836914,15.75,15.880000114440918,15.670000076293945,15.699999809265137,16779800
2024-09-10,13.268988609313965,15.800000190734863,15.850000381469727,15.529999732971191,15.680000305175781,27410100
2024-09-11,13.11782169342041,15.619999885559082,15.829999923706055,15.579999923706055,15.789999961853027,19715400
2024-09-12,13.059038162231445,15.550000190734863,15.670000076293945,15.380000114440918,15.5600004196167,21793200
2024-09-13,13.059038162231445,15.550000190734863,15.770000457763672,15.399999618530273,15.5,27724900
2024-09-16,12.958258628845215,15.430000305175781,15.600000381469727,15.289999961853027,15.539999961853027,27880800
2024-09-17,12.874277114868164,15.329999923706055,15.380000114440918,15.220000267028809,15.350000381469727,34079400
2024-09-18,12.798690795898438,15.239999771118164,15.430000305175781,15.170000076293945,15.25,32088700
2024-09-19,12.622334480285645,15.029999732971191,15.300000190734863,14.989999771118164,15.300000190734863,38153100
2024-09-20,12.387191772460938,14.75,15.119999885559082,14.640000343322754,15.100000381469727,57966500
2024-09-23,12.068058967590332,14.369999885559082,14.680000305175781,14.329999923706055,14.680000305175781,45384200
2024-09-24,12.05126667022705,14.350000381469727,14.569999694824219,14.260000228881836,14.550000190734863,44927000
2024-09-25,12.126846313476562,14.4399995803833,14.529999732971191,14.350000381469727,14.399999618530273,44200800
2024-09-26,12.437579154968262,14.8100004196167,14.84000015258789,14.479999542236328,14.529999732971191,58564400
2024-09-27,12.54675006866455,14.9399995803833,15.15999984741211,14.729999542236328,14.779999732971191,44021100
2024-09-30,12.345197677612305,14.699999809265137,15.0,14.649999618530273,14.930000305175781,37058100
2024-10-01,12.504830360412598,14.6899995803833,14.819999694824219,14.510000228881836,14.619999885559082,29701400
2024-10-02,12.955703735351562,15.199999809265137,15.3100004196167,15.010000228881836,15.029999732971191,48598900
2024-10-03,12.819327354431152,15.039999961853027,15.210000038146973,14.9399995803833,15.100000381469727,34496900
2024-10-04,12.836374282836914,15.0600004196167,15.3100004196167,14.899999618530273,14.930000305175781,23637900
2024-10-07,12.955703735351562,15.199999809265137,15.430000305175781,15.119999885559082,15.199999809265137,28305600
2024-10-08,12.972747802734375,15.220000267028809,15.350000381469727,15.1899995803833,15.220000267028809,22407600
2024-10-09,12.717042922973633,14.920000076293945,15.199999809265137,14.829999923706055,15.119999885559082,31287500
2024-10-10,12.78523063659668,15.0,15.020000457763672,14.819999694824219,14.920000076293945,21996700
2024-10-11,12.614763259887695,14.800000190734863,15.0,14.729999542236328,14.979999542236328,35337900
2024-10-14,12.80228042602539,15.020000457763672,15.079999923706055,14.779999732971191,14.789999961853027,22762100
2024-10-15,12.9130859375,15.149999618530273,15.239999771118164,15.010000228881836,15.050000190734863,29965600
2024-10-16,12.870469093322754,15.100000381469727,15.260000228881836,14.970000267028809,15.109999656677246,55542100
2024-10-17,12.955703735351562,15.199999809265137,15.289999961853027,14.869999885559082,14.9399995803833,29445500
2024-10-18,13.057982444763184,15.319999694824219,15.4399995803833,15.119999885559082,15.25,39996000
2024-10-21,13.023889541625977,15.279999732971191,15.399999618530273,15.229999542236328,15.359999656677246,22922500
2024-10-22,12.938654899597168,15.180000305175781,15.390000343322754,15.029999732971191,15.100000381469727,32416400
2024-10-23,12.887516975402832,15.119999885559082,15.180000305175781,14.9399995803833,15.050000190734863,19789900
2024-10-24,12.9130859375,15.149999618530273,15.289999961853027,15.029999732971191,15.050000190734863,24512500
2024-10-25,12.725566864013672,14.930000305175781,15.210000038146973,14.869999885559082,15.15999984741211,31639200
2024-10-28,12.955703735351562,15.199999809265137,15.350000381469727,15.039999961853027,15.050000190734863,22941700
2024-10-29,12.76818561553955,14.979999542236328,15.390000343322754,14.960000038146973,15.289999961853027,32485200
2024-10-30,12.810802459716797,15.029999732971191,15.050000190734863,14.880000114440918,15.0,28738700
2024-10-31,12.248252868652344,14.369999885559082,14.720000267028809,14.25,14.5,84313700
2024-11-01,12.026643753051758,14.109999656677246,14.470000267028809,14.050000190734863,14.460000038146973,62202000
2024-11-04,12.042839050292969,14.109999656677246,14.300000190734863,13.9399995803833,14.199999809265137,34631600
2024-11-05,11.889206886291504,13.930000305175781,14.119999885559082,13.859999656677246,14.050000190734863,80715900
2024-11-06,11.786787986755371,13.8100004196167,13.850000381469727,13.550000190734863,13.789999961853027,61380900
2024-11-07,11.65876579284668,13.65999984741211,13.880000114440918,13.550000190734863,13.75,35235600
2024-11-08,11.530739784240723,13.510000228881836,13.5600004196167,13.359999656677246,13.550000190734863,44207900
2024-11-11,11.488066673278809,13.460000038146973,13.550000190734863,13.369999885559082,13.510000228881836,36639600
2024-11-12,11.428321838378906,13.390000343322754,13.489999771118164,13.319999694824219,13.489999771118164,30009000
2024-11-13,11.505133628845215,13.479999542236328,13.489999771118164,13.300000190734863,13.399999618530273,30372800
2024-11-14,11.547808647155762,13.529999732971191,13.710000038146973,13.350000381469727,13.489999771118164,38876900
2024-11-18,11.709978103637695,13.720000267028809,13.819999694824219,13.449999809265137,13.449999809265137,36262700
2024-11-19,11.795323371887207,13.819999694824219,13.880000114440918,13.65999984741211,13.710000038146973,20410500
2024-11-21,11.752650260925293,13.770000457763672,13.899999618530273,13.65999984741211,13.670000076293945,37207100
2024-11-22,11.778255462646484,13.800000190734863,13.850000381469727,13.65999984741211,13.84000015258789,20755200
2024-11-25,11.607553482055664,13.600000381469727,13.75,13.539999961853027,13.670000076293945,39191600
2024-11-26,11.684368133544922,13.6899995803833,13.859999656677246,13.5600004196167,13.619999885559082,26857200
2024-11-27,11.368576049804688,13.319999694824219,13.729999542236328,13.15999984741211,13.6899995803833,68995600
2024-11-28,10.890618324279785,12.760000228881836,13.329999923706055,12.75,13.300000190734863,57956800
2024-11-29,10.779661178588867,12.630000114440918,12.84000015258789,12.319999694824219,12.779999732971191,96013500
2024-12-02,10.549217224121094,12.359999656677246,12.640000343322754,12.300000190734863,12.600000381469727,65638300
2024-12-03,10.514147758483887,12.300000190734863,12.470000267028809,12.239999771118164,12.420000076293945,34013800
2024-12-04,10.633821487426758,12.4399995803833,12.510000228881836,12.270000457763672,12.279999732971191,33476400
2024-12-05,10.779139518737793,12.609999656677246,12.800000190734863,12.550000190734863,12.609999656677246,32611400
2024-12-06,10.531248092651367,12.319999694824219,12.619999885559082,12.279999732971191,12.609999656677246,26301100
2024-12-09,10.462861061096191,12.239999771118164,12.489999771118164,12.180000305175781,12.350000381469727,34547600
2024-12-10,10.668014526367188,12.479999542236328,12.569999694824219,12.180000305175781,12.300000190734863,32732400
2024-12-11,10.856073379516602,12.699999809265137,12.880000114440918,12.329999923706055,12.539999961853027,45892900
2024-12-12,10.479957580566406,12.260000228881836,12.600000381469727,12.199999809265137,12.600000381469727,48022200
2024-12-13,10.343188285827637,12.100000381469727,12.369999885559082,12.09000015258789,12.300000190734863,24692500
2024-12-16,10.172226905822754,11.899999618530273,12.140000343322754,11.819999694824219,12.130000114440918,52741800
2024-12-17,10.249156951904297,11.989999771118164,12.09000015258789,11.630000114440918,11.970000267028809,66961700
2024-12-18,9.82175350189209,11.489999771118164,11.90999984741211,11.359999656677246,11.90999984741211,70432300
2024-12-19,9.830299377441406,11.5,11.630000114440918,11.369999885559082,11.520000457763672,39732600
2024-12-20,10.052552223205566,11.760000228881836,11.899999618530273,11.479999542236328,11.569999694824219,63007200
2024-12-23,9.873040199279785,11.550000190734863,11.75,11.460000038146973,11.699999809265137,28062600
2024-12-26,9.949975967407227,11.640000343322754,11.75,11.529999732971191,11.569999694824219,17715100
2024-12-27,9.873040199279785,11.550000190734863,11.729999542236328,11.529999732971191,11.699999809265137,19364200
2024-12-30,9.881590843200684,11.5600004196167,11.6899995803833,11.539999961853027,11.670000076293945,24874700
2025-01-02,9.999104499816895,11.399999618530273,11.5,11.130000114440918,11.3100004196167,31243900
2025-01-03,9.84006118774414,11.199999809265137,11.4399995803833,11.130000114440918,11.399999618530273,27722400
2025-01-06,10.033345222473145,11.420000076293945,11.579999923706055,11.279999732971191,11.34000015258789,30587800
2025-01-07,10.17391586303711,11.579999923706055,11.699999809265137,11.460000038146973,11.529999732971191,31934700
2025-01-08,10.01577377319336,11.399999618530273,11.5600004196167,11.319999694824219,11.5,35250500
2025-01-09,9.945487022399902,11.319999694824219,11.420000076293945,11.279999732971191,11.399999618530273,18386900
2025-01-10,9.822486877441406,11.180000305175781,11.329999923706055,11.069999694824219,11.319999694824219,46311500
2025-01-13,9.857629776000977,11.220000267028809,11.380000114440918,11.100000381469727,11.109999656677246,36560700
2025-01-14,10.042131423950195,11.430000305175781,11.489999771118164,11.0600004196167,11.229999542236328,43570500
2025-01-15,10.393562316894531,11.829999923706055,11.890000343322754,11.510000228881836,11.529999732971191,42795800
2025-01-16,10.305704116821289,11.729999542236328,11.829999923706055,11.59000015258789,11.819999694824219,37429100
2025-01-17,10.182703018188477,11.59000015258789,11.800000190734863,11.5,11.770000457763672,60743100
2025-01-20,10.21784496307373,11.630000114440918,11.640000343322754,11.449999809265137,11.539999961853027,17924700
2025-01-21,10.22663402557373,11.640000343322754,11.720000267028809,11.579999923706055,11.649999618530273,25985500
2025-01-22,10.0860595703125,11.479999542236328,11.729999542236328,11.430000305175781,11.729999542236328,42528000
2025-01-23,10.006987571716309,11.390000343322754,11.65999984741211,11.3100004196167,11.5,36035600
2025-01-24,9.927915573120117,11.300000190734863,11.40999984741211,11.210000038146973,11.399999618530273,45727800
2025-01-27,10.17391586303711,11.579999923706055,11.579999923706055,11.279999732971191,11.319999694824219,80300500
2025-01-28,10.21784496307373,11.630000114440918,11.729999542236328,11.430000305175781,11.550000190734863,24844400
2025-01-29,10.11241626739502,11.510000228881836,11.729999542236328,11.470000267028809,11.729999542236328,33371500
2025-01-30,10.665923118591309,12.140000343322754,12.25,11.510000228881836,11.539999961853027,56868200
2025-01-31,10.621991157531738,12.09000015258789,12.449999809265137,12.010000228881836,12.140000343322754,37528400
2025-02-03,10.604421615600586,12.069999694824219,12.170000076293945,11.920000076293945,12.09000015258789,32339300
2025-02-04,10.585920333862305,12.029999732971191,12.170000076293945,11.880000114440918,12.029999732971191,36005500
2025-02-05,10.832308769226074,12.3100004196167,12.380000114440918,11.90999984741211,12.149999618530273,42185200
2025-02-06,10.981903076171875,12.479999542236328,12.579999923706055,12.100000381469727,12.229999542236328,45483400
2025-02-07,10.55072021484375,11.989999771118164,12.430000305175781,11.859999656677246,12.300000190734863,129620600
2025-02-10,10.559520721435547,12.0,12.369999885559082,11.979999542236328,12.0,31716900
2025-02-11,10.805910110473633,12.279999732971191,12.369999885559082,12.029999732971191,12.050000190734863,40337300
2025-02-12,10.313131332397461,11.720000267028809,12.050000190734863,11.420000076293945,12.050000190734863,123782500
2025-02-13,10.453927040100098,11.880000114440918,12.020000457763672,11.720000267028809,11.760000228881836,44812400
2025-02-14,10.726709365844727,12.1899995803833,12.25,11.970000267028809,11.979999542236328,46996800
2025-02-17,10.744309425354004,12.210000038146973,12.34000015258789,12.1899995803833,12.289999961853027,17475100
2025-02-18,10.73551082611084,12.199999809265137,12.34000015258789,12.119999885559082,12.270000457763672,25805300
2025-02-19,10.541922569274902,11.979999542236328,12.149999618530273,11.9399995803833,12.119999885559082,38006500
2025-02-20,10.515522956848145,11.949999809265137,12.100000381469727,11.920000076293945,12.010000228881836,26359900
2025-02-21,10.418725967407227,11.84000015258789,12.020000457763672,11.720000267028809,12.0,45757000
2025-02-24,10.233935356140137,11.630000114440918,11.859999656677246,11.579999923706055,11.859999656677246,30213900
2025-02-25,10.357129096984863,11.770000457763672,11.8100004196167,11.649999618530273,11.720000267028809,33494400
2025-02-26,10.154738426208496,11.539999961853027,11.9399995803833,11.479999542236328,11.899999618530273,51824900
2025-02-27,10.0931396484375,11.470000267028809,11.619999885559082,11.430000305175781,11.550000190734863,40713100
2025-02-28,9.890751838684082,11.239999771118164,11.479999542236328,11.210000038146973,11.449999809265137,84387200
2025-03-05,10.0931396484375,11.470000267028809,11.550000190734863,11.239999771118164,11.239999771118164,41379800
2025-03-06,10.180724143981934,11.550000190734863,11.630000114440918,11.289999961853027,11.420000076293945,44187500
2025-03-07,10.304126739501953,11.6899995803833,11.800000190734863,11.420000076293945,11.479999542236328,29808500
2025-03-10,10.154282569885254,11.520000457763672,11.619999885559082,11.420000076293945,11.5600004196167,42234700
2025-03-11,10.092582702636719,11.449999809265137,11.550000190734863,11.270000457763672,11.529999732971191,43087500
2025-03-12,10.092582702636719,11.449999809265137,11.520000457763672,11.329999923706055,11.460000038146973,31708500
2025-03-13,10.268869400024414,11.649999618530273,11.720000267028809,11.390000343322754,11.460000038146973,35174100
2025-03-14,10.691964149475098,12.130000114440918,12.199999809265137,11.6899995803833,11.720000267028809,42086800
2025-03-17,10.850625991821289,12.3100004196167,12.40999984741211,12.130000114440918,12.140000343322754,23901600
2025-03-18,10.841809272766113,12.300000190734863,12.399999618530273,12.220000267028809,12.34000015258789,19650500
2025-03-19,10.938770294189453,12.40999984741211,12.529999732971191,12.220000267028809,12.300000190734863,25791100
2025-03-20,10.885885238647461,12.350000381469727,12.489999771118164,12.239999771118164,12.40999984741211,31369300
2025-03-21,11.035731315612793,12.520000457763672,12.59000015258789,12.359999656677246,12.380000114440918,74318800
2025-03-24,11.150318145751953,12.649999618530273,12.729999542236328,12.470000267028809,12.539999961853027,44562300
2025-03-25,11.335420608520508,12.859999656677246,13.289999961853027,12.649999618530273,12.699999809265137,63764400
2025-03-26,11.520524978637695,13.069999694824219,13.149999618530273,12.899999618530273,12.979999542236328,49065500
2025-03-27,11.476452827453613,13.020000457763672,13.170000076293945,12.960000038146973,13.100000381469727,40588300
2025-03-28,11.317793846130371,12.84000015258789,13.039999961853027,12.789999961853027,13.0,25978000
2025-03-31,11.167947769165039,12.670000076293945,12.770000457763672,12.569999694824219,12.770000457763672,38613400
2025-04-01,11.183945655822754,12.460000038146973,12.65999984741211,12.380000114440918,12.449999809265137,20578300
2025-04-02,11.209993362426758,12.470000267028809,12.550000190734863,12.34000015258789,12.479999542236328,18113400
2025-04-03,11.425742149353027,12.710000038146973,12.869999885559082,12.350000381469727,12.350000381469727,46295700
2025-04-04,11.29988956451416,12.569999694824219,12.65999984741211,12.34000015258789,12.479999542236328,48847400
2025-04-07,11.11110782623291,12.359999656677246,12.670000076293945,12.140000343322754,12.390000343322754,50116900
2025-04-08,10.805463790893555,12.020000457763672,12.539999961853027,11.90999984741211,12.470000267028809,56053800
2025-04-09,11.209993362426758,12.470000267028809,12.619999885559082,11.819999694824219,11.90999984741211,64688900
2025-04-10,11.192015647888184,12.449999809265137,12.449999809265137,12.15999984741211,12.390000343322754,29807400
2025-04-11,11.344834327697754,12.619999885559082,12.800000190734863,12.449999809265137,12.520000457763672,28170600
2025-04-14,11.443721771240234,12.729999542236328,12.829999923706055,12.579999923706055,12.800000190734863,18681300
2025-04-15,11.452710151672363,12.739999771118164,12.850000381469727,12.699999809265137,12.720000267028809,20639200
2025-04-16,11.434733390808105,12.720000267028809,12.960000038146973,12.680000305175781,12.6899995803833,29640200
2025-04-17,11.488666534423828,12.779999732971191,12.890000343322754,12.609999656677246,12.770000457763672,26318600
2025-04-22,11.443721771240234,12.729999542236328,12.84000015258789,12.600000381469727,12.720000267028809,23746500
2025-04-23,11.821285247802734,13.149999618530273,13.229999542236328,12.819999694824219,12.819999694824219,38980300
2025-04-24,12.010063171386719,13.359999656677246,13.449999809265137,13.15999984741211,13.1899995803833,28878200
2025-04-25,12.028042793273926,13.380000114440918,13.510000228881836,13.289999961853027,13.350000381469727,26229400
2025-04-28,12.00107479095459,13.350000381469727,13.569999694824219,13.319999694824219,13.390000343322754,19185700
2025-04-29,12.135917663574219,13.5,13.640000343322754,13.329999923706055,13.34000015258789,29771000
2025-04-30,12.342679023742676,13.729999542236328,13.75,13.329999923706055,13.399999618530273,55291100
2025-05-02,12.08198070526123,13.4399995803833,13.75,13.420000076293945,13.670000076293945,27262900
2025-05-05,11.97303295135498,13.300000190734863,13.579999923706055,13.239999771118164,13.449999809265137,32690500
2025-05-06,11.919017791748047,13.239999771118164,13.289999961853027,13.119999885559082,13.25,26635800
2025-05-07,11.738971710205078,13.039999961853027,13.359999656677246,12.949999809265137,13.289999961853027,45197400
2025-05-08,13.575437545776367,15.079999923706055,15.289999961853027,14.5,14.5,218670200
2025-05-09,13.611446380615234,15.119999885559082,15.34000015258789,14.829999923706055,15.020000457763672,58078200
2025-05-12,13.413394927978516,14.899999618530273,15.199999809265137,14.789999961853027,15.15999984741211,28273600
2025-05-13,13.701468467712402,15.220000267028809,15.25,14.899999618530273,14.899999618530273,41967000
2025-05-14,13.683464050292969,15.199999809265137,15.390000343322754,15.149999618530273,15.210000038146973,44162100
2025-05-15,13.818500518798828,15.350000381469727,15.539999961853027,15.25,15.270000457763672,37314300
2025-05-16,13.863511085510254,15.399999618530273,15.4399995803833,15.1899995803833,15.25,35982000
2025-05-19,13.989541053771973,15.539999961853027,15.65999984741211,15.329999923706055,15.359999656677246,34562300
2025-05-20,14.1245756149292,15.6899995803833,15.710000038146973,15.460000038146973,15.550000190734863,27806300
2025-05-21,13.872512817382812,15.40999984741211,15.65999984741211,15.270000457763672,15.600000381469727,25605500
2025-05-22,13.90851879119873,15.449999809265137,15.6899995803833,15.279999732971191,15.34000015258789,46122600
2025-05-23,14.079565048217773,15.640000343322754,15.6899995803833,15.0,15.369999885559082,35866200
2025-05-26,14.151585578918457,15.720000267028809,15.850000381469727,15.5,15.600000381469727,16875000
2025-05-27,14.439656257629395,16.040000915527344,16.239999771118164,15.800000190734863,15.84000015258789,51944300
2025-05-28,14.538680076599121,16.149999618530273,16.31999969482422,16.040000915527344,16.049999237060547,53685300
2025-05-29,14.475663185119629,16.079999923706055,16.350000381469727,16.040000915527344,16.09000015258789,35789500
2025-05-30,14.58369255065918,16.200000762939453,16.219999313354492,15.84000015258789,16.040000915527344,55543700
2025-06-02,14.61970329284668,16.239999771118164,16.5,16.200000762939453,16.31999969482422,26220300
2025-06-03,14.871136665344238,16.5,16.540000915527344,16.209999084472656,16.34000015258789,50865800
2025-06-04,14.826072692871094,16.450000762939453,16.790000915527344,16.3700008392334,16.520000457763672,36692500
2025-06-05,14.393458366394043,15.970000267028809,16.5,15.899999618530273,16.5,36435500
2025-06-06,14.384446144104004,15.960000038146973,16.049999237060547,15.84000015258789,15.960000038146973,19352100
2025-06-09,14.276290893554688,15.84000015258789,16.030000686645508,15.550000190734863,15.9399995803833,28177300
2025-06-10,14.267277717590332,15.829999923706055,16.040000915527344,15.770000457763672,15.989999771118164,27623200
2025-06-11,14.708908081054688,16.31999969482422,16.360000610351562,15.649999618530273,15.770000457763672,48251000
2025-06-12,14.853109359741211,16.479999542236328,16.540000915527344,16.139999389648438,16.209999084472656,38328100
2025-06-13,14.681867599487305,16.290000915527344,16.450000762939453,16.139999389648438,16.260000228881836,29855200
2025-06-16,14.99731159210205,16.639999389648438,16.739999771118164,16.420000076293945,16.440000534057617,25238300
2025-06-17,15.222633361816406,16.889999389648438,16.889999389648438,16.610000610351562,16.6299991607666,33555400
2025-06-18,15.10546588897705,16.760000228881836,16.950000762939453,16.610000610351562,16.6299991607666,32449600
2025-06-20,14.979290962219238,16.6200008392334,16.739999771118164,16.489999771118164,16.6299991607666,39693200
2025-06-23,14.862122535705566,16.489999771118164,16.59000015258789,16.270000457763672,16.59000015258789,25046300
2025-06-24,14.907187461853027,16.540000915527344,16.809999465942383,16.510000228881836,16.600000381469727,32515100
2025-06-25,14.781010627746582,16.399999618530273,16.649999618530273,16.399999618530273,16.530000686645508,33727300
2025-06-26,14.916202545166016,16.549999237060547,16.549999237060547,16.229999542236328,16.469999313354492,27870800
2025-06-27,14.934226036071777,16.56999969482422,16.6299991607666,16.309999465942383,16.40999984741211,28697200
2025-06-30,15.168558120727539,16.829999923706055,16.829999923706055,16.479999542236328,16.530000686645508,30209500
2025-07-01,15.303574562072754,16.68000030517578,16.799999237060547,16.559999465942383,16.579999923706055,24480600
2025-07-02,15.027078628540039,16.360000610351562,16.68000030517578,16.200000762939453,16.68000030517578,29531300
2025-07-03,15.385303497314453,16.75,16.8799991607666,16.360000610351562,16.3799991607666,34023600
2025-07-04,15.311819076538086,16.670000076293945,16.790000915527344,16.6200008392334,16.65999984741211,11797800
2025-07-07,15.164857864379883,16.510000228881836,16.770000457763672,16.450000762939453,16.65999984741211,22852900
2025-07-08,15.20159912109375,16.549999237060547,16.549999237060547,16.40999984741211,16.520000457763672,18149600
2025-07-09,15.027078628540039,16.360000610351562,16.549999237060547,16.329999923706055,16.530000686645508,22687500
2025-07-10,14.825002670288086,16.139999389648438,16.190000534057617,16.040000915527344,16.149999618530273,24133500
2025-07-11,14.742335319519043,16.049999237060547,16.110000610351562,15.920000076293945,16.040000915527344,20943500
2025-07-14,14.797444343566895,16.110000610351562,16.15999984741211,15.949999809265137,16.010000228881836,16403700
2025-07-15,14.788264274597168,16.100000381469727,16.309999465942383,15.899999618530273,16.18000030517578,20723100
2025-07-16,14.751519203186035,16.059999465942383,16.190000534057617,15.90999984741211,16.149999618530273,18619600
2025-07-17,14.723963737487793,16.030000686645508,16.09000015258789,15.880000114440918,16.030000686645508,19360000
2025-07-18,14.393296241760254,15.670000076293945,15.960000038146973,15.609999656677246,15.930000305175781,43557800
2025-07-21,14.402478218078613,15.680000305175781,15.859999656677246,15.569999694824219,15.699999809265137,28460200
2025-07-22,14.356553077697754,15.630000114440918,15.8100004196167,15.569999694824219,15.720000267028809,22020400
2025-07-23,14.586185455322266,15.880000114440918,15.970000267028809,15.609999656677246,15.630000114440918,23447100
2025-07-24,14.402478218078613,15.680000305175781,15.789999961853027,15.5600004196167,15.789999961853027,40868200
2025-07-25,14.29226016998291,15.5600004196167,15.760000228881836,15.489999771118164,15.720000267028809,21825400
2025-07-28,14.182034492492676,15.4399995803833,15.649999618530273,15.270000457763672,15.609999656677246,24295500
2025-07-29,14.154478073120117,15.40999984741211,15.579999923706055,15.359999656677246,15.460000038146973,28054200
2025-07-30,14.384110450744629,15.65999984741211,15.800000190734863,15.319999694824219,15.34000015258789,45351600
2025-07-31,14.264700889587402,15.529999732971191,15.9399995803833,15.390000343322754,15.850000381469727,63011500
2025-08-01,14.29226016998291,15.5600004196167,15.850000381469727,15.510000228881836,15.710000038146973,30228600
2025-08-04,14.40167236328125,15.65999984741211,15.9399995803833,15.600000381469727,15.729999542236328,25590900
2025-08-05,14.42926025390625,15.6899995803833,15.880000114440918,15.609999656677246,15.609999656677246,31469200
2025-08-06,14.410867691040039,15.670000076293945,15.869999885559082,15.640000343322754,15.760000228881836,24917500
2025-08-07,14.521224975585938,15.789999961853027,15.800000190734863,15.619999885559082,15.720000267028809,27653400
2025-08-08,14.677566528320312,15.960000038146973,15.989999771118164,15.75,15.75,25120200
2025-08-11,14.622386932373047,15.899999618530273,15.960000038146973,15.8100004196167,15.949999809265137,13742600
2025-08-12,14.962654113769531,16.270000457763672,16.34000015258789,15.920000076293945,15.970000267028809,31596100
2025-08-13,14.833907127380371,16.1299991607666,16.360000610351562,16.040000915527344,16.18000030517578,29193000
2025-08-14,14.723550796508789,16.010000228881836,16.270000457763672,15.869999885559082,15.949999809265137,29789000
2025-08-15,14.741941452026367,16.030000686645508,16.09000015258789,15.880000114440918,15.930000305175781,20291000
2025-08-18,15.036230087280273,16.350000381469727,16.440000534057617,16.020000457763672,16.100000381469727,42207700
2025-08-19,14.521224975585938,15.789999961853027,16.06999969482422,15.699999809265137,16.059999465942383,44185500
2025-08-20,14.567206382751465,15.84000015258789,15.930000305175781,15.630000114440918,15.760000228881836,31984600
2025-08-21,14.521224975585938,15.789999961853027,15.859999656677246,15.630000114440918,15.65999984741211,26082100
2025-08-22,14.999444007873535,16.309999465942383,16.309999465942383,15.760000228881836,15.850000381469727,36922300
2025-08-25,15.036230087280273,16.350000381469727,16.389999389648438,16.229999542236328,16.34000015258789,24075600
2025-08-26,14.999444007873535,16.309999465942383,16.40999984741211,16.190000534057617,16.329999923706055,37241300
2025-08-27,15.109797477722168,16.43000030517578,16.469999313354492,16.139999389648438,16.31999969482422,20684700
2025-08-28,15.440872192382812,16.790000915527344,16.93000030517578,16.440000534057617,16.5,32140300
2025-08-29,15.477659225463867,16.829999923706055,16.889999389648438,16.729999542236328,16.799999237060547,32575000
2025-09-01,15.37649917602539,16.719999313354492,16.940000534057617,16.709999084472656,16.84000015258789,13494400
2025-09-02,15.200623512268066,16.510000228881836,16.59000015258789,16.280000686645508,16.459999084472656,25223800
2025-09-03,15.191414833068848,16.5,16.649999618530273,16.440000534057617,16.510000228881836,18858600
2025-09-04,15.495244979858398,16.829999923706055,16.899999618530273,16.440000534057617,16.459999084472656,22151800
2025-09-05,15.872729301452637,17.239999771118164,17.459999084472656,16.860000610351562,16.899999618530273,31586500
2025-09-08,15.789864540100098,17.149999618530273,17.309999465942383,16.969999313354492,17.260000228881836,21367000
2025-09-09,15.642558097839355,16.989999771118164,17.239999771118164,16.989999771118164,17.229999542236328,23027600
2025-09-10,15.532074928283691,16.8700008392334,17.190000534057617,16.84000015258789,17.0,26745800
2025-09-11,15.67938232421875,17.030000686645508,17.209999084472656,16.920000076293945,16.969999313354492,44461600
2025-09-12,15.495244979858398,16.829999923706055,17.030000686645508,16.81999969482422,16.989999771118164,26449500
2025-09-15,15.67938232421875,17.030000686645508,17.110000610351562,16.93000030517578,16.969999313354492,28565000
2025-09-16,15.642558097839355,16.989999771118164,17.110000610351562,16.90999984741211,17.100000381469727,27075700
2025-09-17,16.185758590698242,17.579999923706055,17.65999984741211,16.959999084472656,16.959999084472656,44010600
2025-09-18,16.020038604736328,17.399999618530273,17.559999465942383,17.329999923706055,17.5,25877600
2025-09-19,16.305452346801758,17.709999084472656,17.770000457763672,17.450000762939453,17.469999313354492,51887400
2025-09-22,16.333072662353516,17.739999771118164,17.780000686645508,17.43000030517578,17.600000381469727,31295400
2025-09-23,16.434350967407227,17.850000381469727,18.049999237060547,17.65999984741211,17.780000686645508,31896600
2025-09-24,16.305452346801758,17.709999084472656,17.889999389648438,17.709999084472656,17.860000610351562,24592400
2025-09-25,16.176555633544922,17.56999969482422,17.81999969482422,17.520000457763672,17.700000762939453,22322600
2025-09-26,16.259418487548828,17.65999984741211,17.75,17.520000457763672,17.549999237060547,17781600
2025-09-29,16.425142288208008,17.84000015258789,18.020000457763672,17.790000915527344,17.950000762939453,17152900
2025-09-30,16.562929153442383,17.690000534057617,17.90999984741211,17.610000610351562,17.81999969482422,31375900
2025-10-01,16.282041549682617,17.389999389648438,17.940000534057617,17.219999313354492,17.799999237060547,39717600
2025-10-02,16.018634796142578,17.09000015258789,17.40999984741211,17.030000686645508,17.309999465942383,32063000
2025-10-03,16.02800750732422,17.100000381469727,17.1299991607666,16.850000381469727,17.059999465942383,22193300
2025-10-06,15.934274673461914,17.0,17.09000015258789,16.799999237060547,17.040000915527344,25025200
2025-10-07,15.671828269958496,16.719999313354492,16.8799991607666,16.6200008392334,16.8799991607666,42904900
2025-10-08,15.92490291595459,16.989999771118164,17.040000915527344,16.739999771118164,16.790000915527344,25534300
2025-10-09,16.009258270263672,17.079999923706055,17.149999618530273,16.93000030517578,17.030000686645508,20125800
2025-10-10,15.793679237365723,16.850000381469727,17.219999313354492,16.790000915527344,17.149999618530273,28431400
2025-10-13,15.859289169311523,16.920000076293945,17.030000686645508,16.8799991607666,16.950000762939453,15538000
2025-10-14,16.084243774414062,17.15999984741211,17.350000381469727,16.969999313354492,17.020000457763672,38399800
2025-10-15,16.27170753479004,17.360000610351562,17.420000076293945,16.950000762939453,17.059999465942383,35955800
2025-10-16,16.459169387817383,17.559999465942383,17.700000762939453,17.209999084472656,17.260000228881836,43635200
2025-10-17,16.571643829345703,17.68000030517578,17.75,17.270000457763672,17.43000030517578,33720300
2025-10-20,16.880958557128906,18.010000228881836,18.15999984741211,17.68000030517578,17.68000030517578,19858100
2025-10-21,16.656003952026367,17.770000457763672,18.15999984741211,17.68000030517578,17.68000030517578,18340400
2025-10-22,16.67475128173828,17.790000915527344,17.950000762939453,17.75,17.860000610351562,17711400
2025-10-23,16.852840423583984,17.979999542236328,18.020000457763672,17.780000686645508,17.809999465942383,21199100
2025-10-24,16.946569442749023,18.079999923706055,18.200000762939453,17.950000762939453,18.030000686645508,17723600
2025-10-27,17.0871639251709,18.229999542236328,18.399999618530273,18.110000610351562,18.290000915527344,25859200
2025-10-28,17.096540451049805,18.239999771118164,18.389999389648438,18.09000015258789,18.25,33329500
2025-10-29,17.649551391601562,18.829999923706055,18.84000015258789,18.270000457763672,18.309999465942383,43232000
2025-10-30,16.965320587158203,18.100000381469727,18.3700008392334,17.940000534057617,18.1200008392334,66549800
2025-10-31,17.02155303955078,18.15999984741211,18.280000686645508,17.899999618530273,18.25,35036500
2025-11-03,17.20901870727539,18.360000610351562,18.6200008392334,18.15999984741211,18.34000015258789,35328300
2025-11-04,17.264352798461914,18.399999618530273,18.489999771118164,18.200000762939453,18.309999465942383,24920700
2025-11-05,17.63028335571289,18.790000915527344,18.829999923706055,18.350000381469727,18.399999618530273,32489600
2025-11-06,17.555217742919922,18.709999084472656,18.8700008392334,18.6299991607666,18.790000915527344,23203700
2025-11-07,17.573986053466797,18.729999542236328,18.729999542236328,18.469999313354492,18.65999984741211,15628600
2025-11-10,17.902381896972656,19.079999923706055,19.190000534057617,18.770000457763672,18.790000915527344,28034500
2025-11-11,18.287076950073242,19.489999771118164,19.6299991607666,19.09000015258789,19.1299991607666,39993600
2025-11-12,18.240163803100586,19.440000534057617,19.559999465942383,19.260000228881836,19.5,30776900
2025-11-13,18.277694702148438,19.479999542236328,19.84000015258789,19.3700008392334,19.389999389648438,32477500
2025-11-14,18.2683162689209,19.469999313354492,19.739999771118164,19.3799991607666,19.43000030517578,26233700
2025-11-17,18.1275691986084,19.31999969482422,19.5,19.18000030517578,19.43000030517578,27809900
2025-11-18,17.911767959594727,19.09000015258789,19.229999542236328,19.020000457763672,19.149999618530273,31226100
2025-11-19,17.73349380493164,18.899999618530273,19.18000030517578,18.860000610351562,19.010000228881836,25755800
2025-11-21,17.63028335571289,18.790000915527344,19.079999923706055,18.639999389648438,19.079999923706055,33815400
2025-11-24,17.639663696289062,18.799999237060547,18.889999389648438,18.700000762939453,18.790000915527344,32487300
2025-11-25,17.780406951904297,18.950000762939453,19.110000610351562,18.799999237060547,18.809999465942383,28601700
2025-11-26,18.315227508544922,19.520000457763672,19.600000381469727,18.979999542236328,19.030000686645508,33913900
2025-11-27,18.277694702148438,19.479999542236328,19.600000381469727,19.450000762939453,19.5,9964400
2025-11-28,18.437198638916016,19.649999618530273,19.809999465942383,19.479999542236328,19.510000228881836,25415300
2025-12-01,18.15572166442871,19.350000381469727,19.700000762939453,19.350000381469727,19.649999618530273,24721300
2025-12-02,18.351987838745117,19.540000915527344,19.579999923706055,19.3700008392334,19.3799991607666,23940400
2025-12-03,17.844818115234375,19.0,19.690000534057617,18.780000686645508,19.639999389648438,63797200
2025-12-04,18.098403930664062,19.270000457763672,19.3799991607666,19.06999969482422,19.1200008392334,35919800
2025-12-05,17.018321990966797,18.1200008392334,19.43000030517578,18.06999969482422,19.299999237060547,72531700
2025-12-08,17.140417098999023,18.25,18.3799991607666,18.049999237060547,18.329999923706055,34307900
2025-12-09,16.915008544921875,18.010000228881836,18.1299991607666,17.579999923706055,18.100000381469727,34063400
2025-12-10,17.21555519104004,18.329999923706055,18.420000076293945,18.020000457763672,18.020000457763672,26416600
2025-12-11,17.41278839111328,18.540000915527344,18.700000762939453,18.18000030517578,18.229999542236328,22571700
2025-12-12,17.52549171447754,18.65999984741211,18.780000686645508,18.520000457763672,18.6200008392334,29409300
2025-12-15,17.769681930541992,18.920000076293945,19.079999923706055,18.809999465942383,18.84000015258789,22821300
2025-12-16,17.281301498413086,18.399999618530273,18.84000015258789,18.360000610351562,18.799999237060547,30577300
2025-12-17,17.140417098999023,18.25,18.3700008392334,17.8700008392334,18.350000381469727,48096300
2025-12-18,17.21555519104004,18.329999923706055,18.469999313354492,18.06999969482422,18.06999969482422,22975800
2025-12-19,17.375219345092773,18.5,18.700000762939453,18.270000457763672,18.299999237060547,33688200
2025-12-22,17.131027221679688,18.239999771118164,18.489999771118164,18.170000076293945,18.450000762939453,19424900
2025-12-23,17.290691375732422,18.40999984741211,18.520000457763672,18.280000686645508,18.290000915527344,26477700
2025-12-26,17.281301498413086,18.399999618530273,18.440000534057617,18.1299991607666,18.270000457763672,18043500
2025-12-29,17.365829467773438,18.489999771118164,18.489999771118164,18.260000228881836,18.440000534057617,24923600
2025-12-30,17.448617935180664,18.190000534057617,18.5,18.190000534057617,18.389999389648438,18087700
2026-01-02,17.477399826049805,18.219999313354492,18.450000762939453,18.200000762939453,18.3700008392334,19380800
2026-01-05,18.21579933166504,18.969999313354492,18.969999313354492,18.170000076293945,18.200000762939453,50153200
2026-01-06,18.321426391601562,19.079999923706055,19.43000030517578,18.989999771118164,19.0,24993300
2026-01-07,18.090967178344727,18.84000015258789,19.100000381469727,18.700000762939453,19.0,17154200
2026-01-08,17.783689498901367,18.520000457763672,18.889999389648438,18.450000762939453,18.84000015258789,30919300
2026-01-09,17.80289649963379,18.540000915527344,18.719999313354492,18.43000030517578,18.530000686645508,16397800
2026-01-12,17.668460845947266,18.399999618530273,18.510000228881836,18.299999237060547,18.459999084472656,18972100
2026-01-13,17.466808319091797,18.190000534057617,18.3799991607666,18.059999465942383,18.350000381469727,25752700
2026-01-14,17.783689498901367,18.520000457763672,18.520000457763672,18.15999984741211,18.299999237060547,31867300
2026-01-15,18.14858055114746,18.899999618530273,19.06999969482422,18.530000686645508,18.59000015258789,37422400
2026-01-16,18.158185958862305,18.90999984741211,19.06999969482422,18.670000076293945,18.899999618530273,28353400
2026-01-19,18.14858055114746,18.899999618530273,19.079999923706055,18.829999923706055,18.899999618530273,10581700
2026-01-20,18.407848358154297,19.170000076293945,19.290000915527344,18.68000030517578,18.780000686645508,25010600
2026-01-21,18.974388122558594,19.760000228881836,19.81999969482422,19.350000381469727,19.389999389648438,74374300
2026-01-22,19.492918014526367,20.299999237060547,20.579999923706055,19.690000534057617,19.799999237060547,56520800
2026-01-23,19.96343994140625,20.790000915527344,20.979999542236328,20.290000915527344,20.34000015258789,37158300
2026-01-26,20.04986000061035,20.8799991607666,20.940000534057617,20.3799991607666,20.780000686645508,34782400
2026-01-27,20.57799530029297,21.43000030517578,21.670000076293945,21.15999984741211,21.15999984741211,34219200
2026-01-28,20.856462478637695,21.719999313354492,21.719999313354492,21.329999923706055,21.5,31338800
2026-01-29,20.58759880065918,21.440000534057617,22.020000457763672,21.15999984741211,21.84000015258789,31208200
2026-01-30,20.462764739990234,21.309999465942383,21.639999389648438,21.049999237060547,21.440000534057617,26351100
2026-02-02,20.72203254699707,21.579999923706055,21.600000381469727,21.309999465942383,21.3799991607666,25109800
2026-02-03,20.836376190185547,21.68000030517578,22.1200008392334,21.56999969482422,21.799999237060547,24905100
2026-02-04,20.163616180419922,20.979999542236328,21.420000076293945,20.65999984741211,21.280000686645508,46217700
2026-02-05,20.326997756958008,21.149999618530273,21.270000457763672,20.450000762939453,21.100000381469727,61032100
2026-02-06,19.808013916015625,20.610000610351562,20.700000762939453,19.829999923706055,20.0,94063600
2026-02-09,20.09634017944336,20.90999984741211,20.940000534057617,20.329999923706055,20.81999969482422,40230200
2026-02-10,20.10594940185547,20.920000076293945,21.18000030517578,20.75,20.8799991607666,25521200
2026-02-11,20.701824188232422,21.540000915527344,21.600000381469727,21.020000457763672,21.18000030517578,50967100
2026-02-12,20.403888702392578,21.229999542236328,21.6200008392334,21.229999542236328,21.389999389648438,32620300
2026-02-13,20.154003143310547,20.969999313354492,21.1200008392334,20.40999984741211,20.989999771118164,45493100
2026-02-18,20.09634017944336,20.90999984741211,21.170000076293945,20.700000762939453,21.049999237060547,28450400
2026-02-19,20.4999942779541,21.329999923706055,21.5,20.799999237060547,20.90999984741211,42690400
2026-02-20,20.913265228271484,21.760000228881836,21.850000381469727,21.040000915527344,21.09000015258789,36313800
2026-02-23,20.403888702392578,21.229999542236328,21.75,21.149999618530273,21.6299991607666,37464600
2026-02-24,20.567270278930664,21.399999618530273,21.510000228881836,21.049999237060547,21.31999969482422,30613800
2026-02-25,20.346223831176758,21.170000076293945,21.59000015258789,21.06999969482422,21.579999923706055,34124600
2026-02-26,20.163616180419922,20.979999542236328,21.3799991607666,20.700000762939453,21.190000534057617,40191400
2026-02-27,20.326997756958008,21.149999618530273,21.899999618530273,21.1200008392334,21.5,69034600
2026-03-02,20.403888702392578,21.229999542236328,21.360000610351562,20.5,20.950000762939453,32108900
2026-03-03,19.431337356567383,20.200000762939453,20.5,19.920000076293945,20.40999984741211,57300000
2026-03-04,19.71030044555664,20.489999771118164,20.690000534057617,20.149999618530273,20.549999237060547,64157000
2026-03-05,19.07541275024414,19.829999923706055,20.389999389648438,19.799999237060547,20.3700008392334,46790000
2026-03-06,18.806068420410156,19.549999237060547,19.829999923706055,19.34000015258789,19.709999084472656,37187000
2026-03-09,18.806068420410156,19.549999237060547,19.739999771118164,19.110000610351562,19.31999969482422,38655600
2026-03-10,19.267803192138672,20.030000686645508,20.25,19.68000030517578,19.799999237060547,32907500
2026-03-11,19.181228637695312,19.940000534057617,20.270000457763672,19.739999771118164,19.809999465942383,23976900
2026-03-12,18.652156829833984,19.389999389648438,19.59000015258789,19.15999984741211,19.559999465942383,45693900
2026-03-13,18.267377853393555,18.989999771118164,19.649999618530273,18.8700008392334,19.479999542236328,33706400
2026-03-16,18.276996612548828,19.0,19.479999542236328,19.0,19.34000015258789,34664900
2026-03-17,18.13270378112793,18.850000381469727,19.200000762939453,18.68000030517578,18.90999984741211,24004200
2026-03-18,17.92107582092285,18.6299991607666,18.93000030517578,18.600000381469727,18.719999313354492,26382300
2026-03-19,17.930696487426758,18.639999389648438,18.739999771118164,18.06999969482422,18.260000228881836,33436700
2026-03-20,17.632490158081055,18.329999923706055,18.709999084472656,18.1200008392334,18.639999389648438,53625700
2026-03-23,18.276996612548828,19.0,19.280000686645508,18.75,18.75,30955400
2026-03-24,18.219280242919922,18.940000534057617,18.940000534057617,18.6200008392334,18.84000015258789,23064400
2026-03-25,18.546344757080078,19.280000686645508,19.459999084472656,19.149999618530273,19.299999237060547,29470000
2026-03-26,18.103849411010742,18.81999969482422,19.200000762939453,18.799999237060547,19.040000915527344,50872800
2026-03-27,17.815263748168945,18.520000457763672,18.809999465942383,18.440000534057617,18.709999084472656,20727200
2026-03-30,17.76716423034668,18.469999313354492,18.790000915527344,18.3799991607666,18.770000457763672,32459400
2026-03-31,18.440528869628906,19.170000076293945,19.239999771118164,18.6299991607666,18.799999237060547,41297600
2026-04-01,18.69063377380371,19.43000030517578,19.6299991607666,19.18000030517578,19.200000762939453,48850400
2026-04-02,18.410411834716797,19.1200008392334,19.3799991607666,18.809999465942383,18.84000015258789,29291200
2026-04-06,18.61261749267578,19.329999923706055,19.3799991607666,19.139999389648438,19.18000030517578,27976500
2026-04-07,18.786041259765625,19.209999084472656,19.209999084472656,18.770000457763672,18.93000030517578,24923500
2026-04-08,19.724853515625,20.170000076293945,20.549999237060547,19.829999923706055,20.549999237060547,67537800
2026-04-09,19.842206954956055,20.290000915527344,20.3700008392334,19.989999771118164,20.200000762939453,32822000
2026-04-10,19.988895416259766,20.440000534057617,20.639999389648438,20.34000015258789,20.479999542236328,33816800
2026-04-13,20.13558578491211,20.59000015258789,20.709999084472656,20.1200008392334,20.229999542236328,34692500
2026-04-14,20.321392059326172,20.780000686645508,20.969999313354492,20.68000030517578,20.709999084472656,32893100
2026-04-15,20.34095001220703,20.799999237060547,20.979999542236328,20.610000610351562,20.65999984741211,37389800
2026-04-16,20.389846801757812,20.850000381469727,21.190000534057617,20.829999923706055,20.979999542236328,35466500
2026-04-17,20.79079818725586,21.260000228881836,21.59000015258789,21.1299991607666,21.299999237060547,49218700
2026-04-20,20.565874099731445,21.030000686645508,21.270000457763672,20.959999084472656,21.190000534057617,20455500
2026-04-22,19.959556579589844,20.40999984741211,20.889999389648438,20.350000381469727,20.790000915527344,35201800
2026-04-23,19.529268264770508,19.969999313354492,20.549999237060547,19.93000030517578,20.399999618530273,19189100
2026-04-24,19.480369567871094,19.920000076293945,20.139999389648438,19.829999923706055,20.040000915527344,21380800
2026-04-27,19.29456329345703,19.729999542236328,20.040000915527344,19.709999084472656,19.93000030517578,17874000
2026-04-28,19.13809585571289,19.56999969482422,19.649999618530273,19.350000381469727,19.43000030517578,26064600
2026-04-29,18.688249588012695,19.110000610351562,19.510000228881836,19.010000228881836,19.5,33825900
2026-04-30,18.893613815307617,19.31999969482422,19.479999542236328,19.209999084472656,19.239999771118164,24009300
2026-05-04,18.49266242980957,18.90999984741211,19.3799991607666,18.799999237060547,19.309999465942383,27527900
2026-05-05,18.78533363342285,19.190000534057617,19.209999084472656,18.889999389648438,18.979999542236328,23567700
2026-05-06,18.863645553588867,19.270000457763672,19.639999389648438,19.1299991607666,19.469999313354492,31056000
2026-05-07,18.12946128845215,18.520000457763672,18.899999618530273,18.420000076293945,18.899999618530273,53319900
2026-05-08,18.197986602783203,18.59000015258789,18.829999923706055,18.5,18.6200008392334,37000000
2026-05-11,17.708528518676758,18.09000015258789,18.540000915527344,18.040000915527344,18.459999084472656,33701700
2026-05-12,17.581268310546875,17.959999084472656,18.200000762939453,17.93000030517578,18.059999465942383,29020600
2026-05-13,17.277807235717773,17.649999618530273,18.260000228881836,17.639999389648438,17.920000076293945,54103500
2026-05-14,17.46380043029785,17.84000015258789,18.059999465942383,17.780000686645508,17.799999237060547,28467200
2026-05-15,17.316965103149414,17.690000534057617,17.739999771118164,17.469999313354492,17.530000686645508,34994000
2026-05-18,17.287595748901367,17.65999984741211,17.809999465942383,17.489999771118164,17.690000534057617,17534300
2026-05-19,17.02328872680664,17.389999389648438,17.65999984741211,17.260000228881836,17.479999542236328,37267200
2026-05-20,17.483379364013672,17.860000610351562,18.020000457763672,17.510000228881836,17.510000228881836,40845900
2026-05-21,17.522533416748047,17.899999618530273,18.09000015258789,17.639999389648438,17.709999084472656,20334500
2026-05-22,17.24843978881836,17.6200008392334,17.93000030517578,17.600000381469727,17.799999237060547,20095600
2026-05-25,17.68895149230957,18.06999969482422,18.06999969482422,17.739999771118164,17.760000228881836,13186100
2026-05-26,17.46380043029785,17.84000015258789,18.030000686645508,17.690000534057617,17.8799991607666,26326900
2026-05-27,17.620426177978516,18.0,18.200000762939453,17.920000076293945,18.100000381469727,23973800
2026-05-28,17.522533416748047,17.899999618530273,18.209999084472656,17.81999969482422,18.09000015258789,31080500
2026-05-29,17.326753616333008,17.700000762939453,17.950000762939453,17.700000762939453,17.940000534057617,59372500
2026-06-01,17.130970001220703,17.5,17.809999465942383,17.469999313354492,17.790000915527344,27399600
2026-06-02,17.394559860229492,17.75,17.899999618530273,17.56999969482422,17.600000381469727,21483700
2026-06-03,17.02216911315918,17.3700008392334,17.6200008392334,17.309999465942383,17.510000228881836,30635400
2026-06-05,17.12016487121582,17.469999313354492,17.56999969482422,17.31999969482422,17.40999984741211,24164700
2026-06-08,16.855573654174805,17.200000762939453,17.510000228881836,17.18000030517578,17.399999618530273,18139400
2026-06-09,17.08096694946289,17.43000030517578,17.6200008392334,17.25,17.329999923706055,26754000
2026-06-10,16.914371490478516,17.260000228881836,17.40999984741211,17.15999984741211,17.350000381469727,19825200
2026-06-11,17.325960159301758,17.68000030517578,17.75,17.170000076293945,17.219999313354492,31243100
2026-06-12,17.44355583190918,17.799999237060547,17.989999771118164,17.479999542236328,17.510000228881836,22078400
2026-06-15,17.29656219482422,17.649999618530273,18.270000457763672,17.540000915527344,18.06999969482422,18201800
2026-06-16,17.306360244750977,17.65999984741211,17.690000534057617,17.469999313354492,17.540000915527344,19627200
2026-06-17,17.198564529418945,17.549999237060547,17.979999542236328,17.5,17.75,30207900
2026-06-18,17.12016487121582,17.469999313354492,17.81999969482422,17.389999389648438,17.6200008392334,25189700
2026-06-19,17.12016487121582,17.469999313354492,17.59000015258789,17.399999618530273,17.520000457763672,20299600
2026-06-22,17.325960159301758,17.68000030517578,17.81999969482422,17.510000228881836,17.510000228881836,21753800
2026-06-23,17.482755661010742,17.84000015258789,17.93000030517578,17.469999313354492,17.489999771118164,21980600
2026-06-24,17.29656219482422,17.649999618530273,18.0,17.610000610351562,17.760000228881836,76122900
2026-06-25,17.267162322998047,17.6200008392334,18.06999969482422,17.540000915527344,17.790000915527344,51834700
2026-06-26,17.561153411865234,17.920000076293945,18.100000381469727,17.479999542236328,17.68000030517578,54809800
2026-06-29,17.806148529052734,18.170000076293945,18.25,17.829999923706055,17.969999313354492,18900500
2026-06-30,17.737550735473633,18.100000381469727,18.170000076293945,17.84000015258789,18.059999465942383,25467200
2026-07-01,17.757150650024414,18.1200008392334,18.219999313354492,17.84000015258789,17.90999984741211,56556800
2026-07-02,17.815004348754883,18.15999984741211,18.43000030517578,18.049999237060547,18.31999969482422,25735800
2026-07-03,17.913105010986328,18.260000228881836,18.389999389648438,18.200000762939453,18.299999237060547,11813000
2026-07-06,17.920000076293945,17.920000076293945,17.940000534057617,17.709999084472656,17.920000076293945,35102000
2026-07-07,17.81999969482422,17.81999969482422,18.149999618530273,17.719999313354492,17.93000030517578,22292100
2026-07-08,17.690000534057617,17.690000534057617,17.790000915527344,17.56999969482422,17.75,34277500
2026-07-09,18.0,18.0,18.049999237060547,17.719999313354492,17.75,20018900
2026-07-10,18.860000610351562,18.860000610351562,18.8700008392334,18.31999969482422,18.389999389648438,48063400
2026-07-13,18.770000457763672,18.770000457763672,19.0,18.690000534057617,18.799999237060547,24114300
2026-07-14,18.6299991607666,18.6299991607666,18.989999771118164,18.3799991607666,18.899999618530273,53143500
2026-07-15,18.600000381469727,18.600000381469727,18.68000030517578,18.479999542236328,18.6299991607666,22326000
2026-07-16,18.40999984741211,18.40999984741211,18.540000915527344,18.190000534057617,18.459999084472656,19600800
2026-07-17,18.290000915527344,18.290000915527344,18.479999542236328,18.209999084472656,18.420000076293945,55082500
2026-07-20,18.40999984741211,18.40999984741211,18.510000228881836,18.280000686645508,18.360000610351562,12804800
2026-07-21,18.549999237060547,18.549999237060547,18.639999389648438,18.350000381469727,18.420000076293945,19403200
2026-07-22,18.969999313354492,18.969999313354492,18.969999313354492,18.5,18.59000015258789,36477500
2026-07-23,18.719999313354492,18.719999313354492,18.989999771118164,18.68000030517578,18.799999237060547,19179800
2026-07-24,18.479999542236328,18.479999542236328,18.639999389648438,18.420000076293945,18.6200008392334,13967900
2026-07-27,18.700000762939453,18.700000762939453,18.780000686645508,18.579999923706055,18.649999618530273,7800500
