Date,Adj Close,Close,High,Low,Open,Volume
2015-01-02,6.918918609619141,13.334277153015137,13.771082878112793,13.147074699401855,13.197774887084961,4537888
2015-01-05,6.8336286544799805,13.162674903869629,13.455179214477539,12.955971717834473,13.053473472595215,4065586
2015-01-06,7.015863418579102,13.513680458068848,13.513680458068848,13.057374000549316,13.240675926208496,2543812
2015-01-07,7.325647830963135,14.110387802124023,14.235189437866211,13.408377647399902,13.603381156921387,2583811
2015-01-08,7.341847896575928,14.14158821105957,14.309289932250977,13.845184326171875,14.044087409973145,1257419
2015-01-09,7.084698677062988,13.646281242370605,14.176688194274902,13.494178771972656,14.11818790435791,2203816
2015-01-12,6.96523904800415,13.416177749633789,13.68918228149414,13.299177169799805,13.490279197692871,7674513
2015-01-13,6.894376277923584,13.27967643737793,13.759383201599121,13.27967643737793,13.377178192138672,2027408
2015-01-14,6.975366115570068,13.43567943572998,13.751583099365234,13.14317512512207,13.221176147460938,1756130
2015-01-15,6.924746036529541,13.338176727294922,13.860783576965332,13.338176727294922,13.43567943572998,2390224
2015-01-16,6.942966461181641,13.37327766418457,13.564379692077637,13.275775909423828,13.39667797088623,1972024
2015-01-19,6.760740756988525,13.022273063659668,13.451278686523438,12.885770797729492,13.201675415039062,1531005
2015-01-20,6.70606803894043,12.916972160339355,13.30307674407959,12.916972160339355,13.27967643737793,1334854
2015-01-21,7.015863418579102,13.513680458068848,13.587780952453613,12.916972160339355,13.065174102783203,2360994
2015-01-22,6.999663352966309,13.482479095458984,13.962185859680176,13.377178192138672,13.747682571411133,2275354
2015-01-23,6.932845115661621,13.353776931762695,13.962185859680176,13.21337604522705,13.747682571411133,1424596
2015-01-26,7.0097856521606445,13.501978874206543,13.552680015563965,13.108074188232422,13.108074188232422,2268431
2015-01-27,7.086727619171143,13.65018081665039,13.65018081665039,13.131475448608398,13.267975807189941,3374826
2015-01-28,6.9267706871032715,13.342077255249023,13.681382179260254,13.244576454162598,13.439579010009766,1869462
2015-01-29,6.876151084899902,13.244576454162598,13.55657958984375,13.022273063659668,13.357678413391113,3481235
2015-01-30,6.783015251159668,13.065174102783203,13.123674392700195,12.823369979858398,12.89747142791748,4384300
2015-02-02,6.9551191329956055,13.39667797088623,13.42007827758789,12.877970695495605,13.260175704956055,1921000
2015-02-03,7.0703535079956055,13.611181259155273,13.806183815002441,13.533180236816406,13.806183815002441,2450223
2015-02-04,7.151389122009277,13.767183303833008,13.985586166381836,13.48637866973877,13.720381736755371,2363814
2015-02-05,7.120997905731201,13.7086820602417,13.833483695983887,13.583881378173828,13.611181259155273,1928692
2015-02-06,7.13112735748291,13.728181838989258,13.774983406066895,13.377178192138672,13.540980339050293,1729976
2015-02-09,7.123027801513672,13.712581634521484,13.759383201599121,13.583881378173828,13.66578197479248,4137380
2015-02-10,7.015856742858887,13.451278686523438,13.798382759094238,13.451278686523438,13.55657958984375,2277918
2015-02-11,6.930418014526367,13.287476539611816,13.509779930114746,13.178275108337402,13.357678413391113,2228175
2015-02-12,7.233511447906494,13.868583679199219,13.868583679199219,13.447379112243652,13.447379112243652,2213303
2015-02-13,7.3372578620910645,14.067486763000488,14.168888092041016,13.634580612182617,13.700881958007812,2013819
2015-02-18,7.41658878326416,14.219589233398438,14.473092079162598,14.040186882019043,14.387290954589844,3545080
2015-02-19,7.406419277191162,14.200089454650879,14.449691772460938,14.067486763000488,14.114288330078125,743067
2015-02-20,7.369800567626953,14.129887580871582,14.266389846801758,14.00118637084961,14.21178913116455,1044088
2015-02-23,7.447098731994629,14.27808952331543,14.383391380310059,13.930985450744629,13.946584701538086,1093575
2015-02-24,7.56508207321167,14.504293441772461,14.504293441772461,14.149388313293457,14.391190528869629,1619722
2015-02-25,7.685100555419922,14.734395980834961,14.734395980834961,14.239089012145996,14.309289932250977,1485108
2015-02-26,7.589497089385986,14.551093101501465,14.812397003173828,14.41069221496582,14.812397003173828,2101510
2015-02-27,7.5955963134765625,14.562793731689453,15.085400581359863,14.52379322052002,14.62519359588623,3527132
2015-03-02,7.432860851287842,14.250788688659668,14.68759536743164,14.11818790435791,14.558894157409668,2724835
2015-03-03,7.448584079742432,14.274189949035645,14.320989608764648,14.10258674621582,14.305390357971191,1395878
2015-03-04,7.383457183837891,14.149388313293457,14.320989608764648,14.044087409973145,14.044087409973145,2476633
2015-03-05,7.326475620269775,14.040186882019043,14.293689727783203,13.946584701538086,14.219589233398438,2624836
2015-03-06,7.232860088348389,13.860783576965332,14.125988006591797,13.712581634521484,14.040186882019043,2406378
2015-03-09,7.141277313232422,13.685281753540039,13.739883422851562,13.572179794311523,13.693081855773926,3988408
2015-03-10,6.990678787231445,13.39667797088623,13.728181838989258,13.353776931762695,13.353776931762695,4346865
2015-03-11,7.133138179779053,13.669681549072266,13.743782997131348,13.416177749633789,13.540980339050293,2705604
2015-03-12,6.970325946807861,13.357678413391113,13.993386268615723,13.260175704956055,13.97778606414795,2254328
2015-03-13,6.8909592628479,13.205575942993164,13.334277153015137,12.975472450256348,12.975472450256348,2233559
2015-03-16,6.939804553985596,13.299177169799805,13.427878379821777,13.221176147460938,13.221176147460938,1701002
2015-03-17,7.245069980621338,13.884184837341309,14.00118637084961,13.314777374267578,13.377178192138672,4348147
2015-03-18,7.60935640335083,14.582294464111328,14.632994651794434,13.743782997131348,13.91928482055664,3006882
2015-03-19,7.470970153808594,14.317090034484863,14.562793731689453,14.106488227844238,14.562793731689453,980499
2015-03-20,7.562550067901611,14.492592811584473,14.742196083068848,14.422391891479492,14.566694259643555,4623528
2015-03-23,7.544236183166504,14.457491874694824,14.734395980834961,14.430191993713379,14.430191993713379,1278444
2015-03-24,7.525917053222656,14.422391891479492,14.730496406555176,14.239089012145996,14.473092079162598,1333059
2015-03-25,7.529989242553711,14.430191993713379,14.578393936157227,14.305390357971191,14.543292999267578,2626375
2015-03-26,7.342761039733887,14.07138729095459,14.402891159057617,13.923185348510742,14.313190460205078,2713040
2015-03-27,7.067607879638672,13.544099807739258,14.133788108825684,13.478578567504883,13.993386268615723,5521721
2015-03-30,7.197038650512695,13.792142868041992,13.867024421691895,13.478578567504883,13.633021354675293,2760005
2015-03-31,7.358219146728516,14.10102653503418,14.23206901550293,13.647061347961426,13.647061347961426,3171111
2015-04-01,7.607326984405518,14.578393936157227,14.77963638305664,14.236748695373535,14.297590255737305,2881158
2015-04-02,7.7703680992126465,14.882597923278809,14.97619915008545,14.611153602600098,14.611153602600098,2262363
2015-04-06,7.777695655822754,14.896637916564941,15.16340160369873,14.73283576965332,15.16340160369873,2248046
2015-04-07,7.723944664001465,14.79367733001709,15.013640403747559,14.695395469665527,14.859197616577148,1256607
2015-04-08,7.785028457641602,14.910677909851074,15.149360656738281,14.905998229980469,15.037039756774902,2674109
2015-04-09,7.623758316040039,14.601794242858887,14.91535758972168,14.442671775817871,14.798357009887695,2056169
2015-04-10,7.684844970703125,14.718795776367188,14.79367733001709,14.43331241607666,14.452032089233398,1542928
2015-04-13,7.672625541687012,14.695395469665527,14.910677909851074,14.540952682495117,14.68603515625,1928179
2015-04-14,7.594435214996338,14.545633316040039,14.859197616577148,14.414591789245605,14.859197616577148,3115343
2015-04-15,7.623758316040039,14.601794242858887,14.657955169677734,14.414591789245605,14.648594856262207,3505081
2015-04-16,7.613977909088135,14.583073616027832,14.59243392944336,14.400550842285156,14.59243392944336,1755745
2015-04-17,7.398951053619385,14.171228408813477,14.498832702636719,14.147828102111816,14.391190528869629,1752968
2015-04-20,7.364744186401367,14.105708122253418,14.320989608764648,13.890424728393555,14.194628715515137,1218146
2015-04-22,7.538231372833252,14.437992095947266,14.512872695922852,14.082306861877441,14.175908088684082,1896342
2015-04-23,7.565110206604004,14.489473342895508,14.578393936157227,14.203989028930664,14.386510848999023,4942028
2015-04-24,7.538231372833252,14.437992095947266,14.714116096496582,14.414591789245605,14.559674263000488,4118748
2015-04-27,7.462485313415527,14.292909622192383,14.620513916015625,14.288229942321777,14.43331241607666,3143975
2015-04-28,7.389183044433594,14.152507781982422,14.550312995910645,14.035507202148438,14.550312995910645,6544143
2015-04-29,7.350089073181152,14.077627182006836,14.246109008789062,13.857664108276367,14.246109008789062,4452718
2015-04-30,7.340310573577881,14.058906555175781,14.236748695373535,13.862343788146973,13.946584701538086,3142693
2015-05-04,7.291445255279541,13.965306282043457,14.409912109375,13.965306282043457,14.115068435668945,4299515
2015-05-05,7.398343086242676,14.16186809539795,14.241429328918457,13.810864448547363,13.960625648498535,2067493
2015-05-06,7.28831672668457,13.951265335083008,14.246109008789062,13.750022888183594,13.998065948486328,2809150
2015-05-07,7.315216064453125,14.002745628356934,14.002745628356934,13.7547025680542,13.829584121704102,1760232
2015-05-08,7.241870880126953,13.862343788146973,14.180588722229004,13.782782554626465,14.180588722229004,1442929
2015-05-11,7.224750995635986,13.829584121704102,14.016785621643066,13.759383201599121,13.9887056350708,2356806
2015-05-12,7.158738613128662,13.703222274780273,13.895105361938477,13.604941368103027,13.750022888183594,1297418
2015-05-13,7.058498859405518,13.511340141296387,13.740662574768066,13.431778907775879,13.61898136138916,1656601
2015-05-14,7.239423751831055,13.857664108276367,13.857664108276367,13.478578567504883,13.576860427856445,2001041
2015-05-15,7.290766716003418,13.95594596862793,13.969985961914062,13.707901954650879,13.876383781433105,1749976
2015-05-18,7.151404857635498,13.68918228149414,13.965306282043457,13.553460121154785,13.95594596862793,2585221
2015-05-19,7.168519973754883,13.721941947937012,13.721941947937012,13.34753704071045,13.5955810546875,2342490
2015-05-20,7.041385650634766,13.478578567504883,13.675142288208008,13.445818901062012,13.651741027832031,3295682
2015-05-21,6.894690036773682,13.197774887084961,13.413058280944824,13.118213653564453,13.408377647399902,2913422
2015-05-22,6.669755935668945,12.767210006713867,13.155654907226562,12.706369400024414,13.10417366027832,3106796
2015-05-25,6.7333245277404785,12.888891220092773,12.991852760314941,12.729768753051758,12.842090606689453,956611
2015-05-26,6.57195520401001,12.58000659942627,12.856130599975586,12.434925079345703,12.856130599975586,3129445
2015-05-27,6.701537132263184,12.828049659729004,12.888891220092773,12.406845092773438,12.551926612854004,3352519
2015-05-28,6.645309925079346,12.720409393310547,12.771889686584473,12.44428539276123,12.725089073181152,2917268
2015-05-29,6.405704498291016,12.261762619018555,12.725089073181152,12.261762619018555,12.636167526245117,7209091
2015-06-01,6.503497123718262,12.448965072631836,12.46768569946289,12.112001419067383,12.261762619018555,4257208
2015-06-02,6.630047798156738,12.682969093322754,12.682969093322754,12.45832633972168,12.533206939697266,2759792
2015-06-03,6.422090530395508,12.285162925720215,12.636167526245117,12.28048324584961,12.636167526245117,5778555
2015-06-05,6.341357707977295,12.130721092224121,12.303882598876953,12.051159858703613,12.112001419067383,5621506
2015-06-08,6.360934734344482,12.16816234588623,12.308564186096191,12.130721092224121,12.130721092224121,2106809
2015-06-09,6.390287399291992,12.224322319030762,12.224322319030762,12.065199851989746,12.16816234588623,4899507
2015-06-10,6.5444183349609375,12.519165992736816,12.631487846374512,12.3881254196167,12.406845092773438,2706801
2015-06-11,6.529741287231445,12.49108600616455,12.71104907989502,12.430245399475098,12.608087539672852,2949319
2015-06-12,6.500381946563721,12.434925079345703,12.49108600616455,12.308564186096191,12.355363845825195,2958293
2015-06-15,6.539525032043457,12.509805679321289,12.519165992736816,12.140081405639648,12.346003532409668,2768125
2015-06-16,6.642279624938965,12.706369400024414,12.771889686584473,12.523845672607422,12.598727226257324,2690348
2015-06-17,6.6496195793151855,12.720409393310547,12.846771240234375,12.533206939697266,12.682969093322754,4762116
2015-06-18,6.796411991119385,13.001213073730469,13.07141399383545,12.589366912841797,12.799969673156738,2532658
2015-06-19,6.678977966308594,12.776570320129395,12.959092140197754,12.701688766479492,12.860811233520508,2501248
2015-06-22,6.774390697479248,12.959092140197754,13.132254600524902,12.846771240234375,12.884210586547852,3084787
2015-06-23,6.7578043937683105,12.846771240234375,13.14161491394043,12.846771240234375,12.987173080444336,2370908
2015-06-24,6.8488922119140625,13.019932746887207,13.019932746887207,12.767210006713867,12.907611846923828,3270682
2015-06-25,6.819347858428955,12.96377182006836,13.09481430053711,12.715728759765625,13.019932746887207,4312335
2015-06-26,6.942442893981934,13.197774887084961,13.389657974243164,12.96377182006836,12.96377182006836,2844192
2015-06-29,6.829199314117432,12.98249340057373,13.150975227355957,12.870170593261719,13.057374000549316,1687798
2015-06-30,6.888284683227539,13.09481430053711,13.12757396697998,12.893570899963379,12.987173080444336,3449526
2015-07-01,6.84397029876709,13.010573387145996,13.21181583404541,12.949731826782227,13.010573387145996,2115997
2015-07-02,6.848219394683838,13.010573387145996,13.225855827331543,12.954412460327148,13.1743745803833,2361506
2015-07-03,6.867926120758057,13.048012733459473,13.085453987121582,12.879530906677246,12.945052146911621,1462801
2015-07-06,6.734902381896973,12.795289993286133,13.048012733459473,12.547246932983398,12.898250579833984,3833068
2015-07-07,6.744755744934082,12.814009666442871,12.902931213378906,12.514486312866211,12.706369400024414,5585822
2015-07-08,6.648684024810791,12.631487846374512,12.865490913391113,12.617447853088379,12.715728759765625,5770435
2015-07-10,6.81373405456543,12.945052146911621,13.019932746887207,12.739129066467285,12.85145092010498,2061297
2015-07-13,6.890096664428711,13.090133666992188,13.216496467590332,12.945052146911621,13.03397274017334,3653583
2015-07-14,6.976318359375,13.253935813903809,13.384978294372559,13.029293060302734,13.029293060302734,2008306
2015-07-15,7.013264179229736,13.324136734008789,13.342857360839844,13.085453987121582,13.249256134033203,3455936
2015-07-16,6.929512023925781,13.16501522064209,13.544099807739258,13.10417366027832,13.41773796081543,1416220
2015-07-17,6.872853755950928,13.057374000549316,13.324136734008789,12.977811813354492,13.188414573669434,1422203
2015-07-20,6.823580741882324,12.96377182006836,13.09481430053711,12.902931213378906,13.001213073730469,1390793
2015-07-21,6.7964911460876465,12.912291526794434,13.029293060302734,12.753169059753418,12.96377182006836,1744207
2015-07-22,6.779245853424072,12.879530906677246,13.005892753601074,12.636167526245117,12.814009666442871,2546547
2015-07-23,6.473788261413574,12.299202919006348,12.842090606689453,12.247722625732422,12.790610313415527,4352506
2015-07-24,6.483633995056152,12.317923545837402,12.45832633972168,11.948199272155762,12.210282325744629,2586290
2015-07-27,6.505807399749756,12.3600435256958,12.533206939697266,12.243042945861816,12.294523239135742,1791642
2015-07-28,6.624053478240967,12.584687232971191,12.720409393310547,12.266443252563477,12.533206939697266,2831158
2015-07-29,6.7964911460876465,12.912291526794434,12.912291526794434,12.472366333007812,12.472366333007812,3455082
2015-07-30,6.707800388336182,12.74380874633789,13.019932746887207,12.570647239685059,13.001213073730469,2555735
2015-07-31,6.81373405456543,12.945052146911621,12.977811813354492,12.67360782623291,12.739129066467285,3004660
2015-08-03,6.749685764312744,12.823369979858398,12.823369979858398,12.453644752502441,12.565966606140137,3670463
2015-08-04,6.68245267868042,12.68764877319336,12.842090606689453,12.537886619567871,12.823369979858398,5237109
2015-08-05,6.7144975662231445,12.748489379882812,12.823369979858398,12.556607246398926,12.776570320129395,2986925
2015-08-06,6.689847469329834,12.701688766479492,12.884210586547852,12.551926612854004,12.659567832946777,4913609
2015-08-07,6.519765377044678,12.378764152526855,12.636167526245117,12.271122932434082,12.542567253112793,5692659
2015-08-10,6.569060802459717,12.472366333007812,12.561286926269531,12.346003532409668,12.3881254196167,1887795
2015-08-11,6.571527481079102,12.477046012878418,12.547246932983398,12.233682632446289,12.416205406188965,3541405
2015-08-12,6.396523475646973,12.144761085510254,12.37408447265625,11.976279258728027,12.37408447265625,4468316
2015-08-13,6.307778835296631,11.976279258728027,12.16816234588623,11.877998352050781,12.16816234588623,4030288
2015-08-14,6.260946750640869,11.887357711791992,12.102641105651855,11.840557098388672,11.92011833190918,8863770
2015-08-17,6.147556304931641,11.672075271606445,11.999678611755371,11.672075271606445,11.793757438659668,2609794
2015-08-18,6.288063049316406,11.938838958740234,12.224322319030762,11.480193138122559,11.629955291748047,5576421
2015-08-19,6.162349700927734,11.700155258178711,11.831196784973145,11.503593444824219,11.756316184997559,4526221
2015-08-20,6.211647987365723,11.793757438659668,11.929478645324707,11.46615219116211,11.541032791137695,5566806
2015-08-21,6.063749313354492,11.51295280456543,11.840557098388672,11.395951271057129,11.71419620513916,3496748
2015-08-24,6.036638259887695,11.461471557617188,11.648674964904785,10.778182983398438,10.998146057128906,6559100
2015-08-25,6.083470344543457,11.550393104553223,11.999678611755371,11.51295280456543,11.817156791687012,4247806
2015-08-26,6.408844470977783,12.16816234588623,12.25708293914795,11.46615219116211,11.629955291748047,3992040
2015-08-27,6.655337333679199,12.636167526245117,12.865490913391113,12.205601692199707,12.35068416595459,6763371
2015-08-28,6.50990629196167,12.3600435256958,12.636167526245117,12.261762619018555,12.584687232971191,7788357
2015-08-31,6.20425271987915,11.779717445373535,12.041799545288086,11.700155258178711,12.041799545288086,8513775
2015-09-01,6.014455318450928,11.419351577758789,11.5737943649292,11.335110664367676,11.335110664367676,4423231
2015-09-02,6.134638786315918,11.639314651489258,11.732915878295898,11.395951271057129,11.46615219116211,3553585
2015-09-03,6.277711391448975,11.910758018493652,11.957558631896973,11.51295280456543,11.756316184997559,6328548
2015-09-04,6.016242027282715,11.414671897888184,11.798437118530273,11.391270637512207,11.67675495147705,6255685
2015-09-08,6.122309684753418,11.615914344787598,11.732915878295898,11.452112197875977,11.597193717956543,2777954
2015-09-09,6.1519060134887695,11.672075271606445,12.00436019897461,11.667394638061523,11.71419620513916,3820461
2015-09-10,6.043376922607422,11.46615219116211,11.662714958190918,11.147908210754395,11.22278881072998,4211909
2015-09-11,6.055709362030029,11.489553451538086,11.587834358215332,11.269590377807617,11.46615219116211,7970833
2015-09-14,6.3714447021484375,12.088601112365723,12.107320785522461,11.438072204589844,11.559754371643066,3264272
2015-09-15,6.484911918640137,12.303882598876953,12.303882598876953,11.948199272155762,12.06052017211914,3017481
2015-09-16,6.664977073669434,12.645527839660645,12.654888153076172,12.303882598876953,12.303882598876953,4656989
2015-09-17,6.625511646270752,12.570647239685059,12.907611846923828,12.322604179382324,12.472366333007812,2969618
2015-09-18,6.322113513946533,11.994998931884766,12.44428539276123,11.835877418518066,12.434925079345703,5147367
2015-09-21,6.206174373626709,11.775035858154297,11.999678611755371,11.58315372467041,11.994998931884766,4792884
2015-09-22,6.191374778747559,11.746955871582031,11.901397705078125,11.269590377807617,11.494233131408691,3125813
2015-09-23,5.994040489196777,11.372550964355469,11.793757438659668,11.307029724121094,11.71419620513916,4685834
2015-09-24,6.035977840423584,11.452112197875977,11.639314651489258,10.689262390136719,10.871784210205078,3576234
2015-09-25,5.907705783843994,11.208748817443848,11.751635551452637,11.133868217468262,11.592514038085938,3615977
2015-09-28,5.732570171356201,10.876463890075684,11.152587890625,10.815624237060547,11.049627304077148,2236081
2015-09-29,5.772037982940674,10.951345443725586,11.124507904052734,10.857744216918945,10.876463890075684,4432846
2015-09-30,5.826308250427246,11.054306983947754,11.381911277770996,10.904544830322266,11.241509437561035,5435397
2015-10-01,5.922508239746094,11.236828804016113,11.381911277770996,11.026226043701172,11.199389457702637,3483500
2015-10-02,6.173611164093018,11.704835891723633,11.817156791687012,11.12918758392334,11.147908210754395,3556790
2015-10-05,6.316786289215088,11.976279258728027,12.346003532409668,11.882678031921387,11.915437698364258,3072181
2015-10-06,6.393306255340576,12.121360778808594,12.196242332458496,11.854598045349121,12.009039878845215,3772812
2015-10-07,6.615464210510254,12.542567253112793,12.809329986572266,12.252403259277344,12.308564186096191,3473244
2015-10-08,6.627809524536133,12.565966606140137,12.725089073181152,12.392805099487305,12.430245399475098,4676219
2015-10-09,6.578437328338623,12.472366333007812,12.870170593261719,12.233682632446289,12.870170593261719,4177294
2015-10-13,6.210638523101807,11.775035858154297,12.341323852539062,11.639314651489258,12.341323852539062,3397176
2015-10-14,6.220511436462402,11.793757438659668,11.999678611755371,11.601874351501465,11.601874351501465,9904141
2015-10-15,6.178548812866211,11.71419620513916,11.924798011779785,11.51295280456543,11.793757438659668,3025600
2015-10-16,6.10696268081665,11.578474044799805,11.798437118530273,11.489553451538086,11.723555564880371,4610408
2015-10-19,6.089683532714844,11.545713424682617,11.78439712524414,11.545713424682617,11.550393104553223,4271951
2015-10-20,5.990946292877197,11.358510971069336,11.681434631347656,11.185349464416504,11.541032791137695,3587131
2015-10-21,5.946512222290039,11.274270057678223,11.44275188446045,11.152587890625,11.274270057678223,3293332
2015-10-22,6.018096446990967,11.409992218017578,11.555073738098145,11.288310050964355,11.480193138122559,3153163
2015-10-23,5.926766872406006,11.236828804016113,11.770356178283691,11.232149124145508,11.723555564880371,3501876
2015-10-26,5.946512222290039,11.274270057678223,11.391270637512207,11.105788230895996,11.264909744262695,3270469
2015-10-27,5.944045543670654,11.269590377807617,11.35383129119873,11.143227577209473,11.22278881072998,3485850
2015-10-28,6.0353779792785645,11.44275188446045,11.732915878295898,11.185349464416504,11.21342945098877,134186
2015-10-29,5.800876140594482,10.998146057128906,11.409992218017578,10.951345443725586,11.17598819732666,3487346
2015-10-30,5.786062717437744,10.97006607055664,11.147908210754395,10.951345443725586,11.049627304077148,2969618
2015-11-03,6.1217732429504395,11.60655403137207,11.695474624633789,11.012186050415039,11.138547897338867,4697586
2015-11-04,6.088983535766602,11.53635311126709,12.055839538574219,11.419351577758789,11.840557098388672,5160401
2015-11-05,6.158146858215332,11.667394638061523,11.770356178283691,11.419351577758789,11.531673431396484,2551461
2015-11-06,6.051933765411377,11.46615219116211,11.723555564880371,11.367871284484863,11.601874351501465,2471120
2015-11-09,5.876543045043945,11.133868217468262,11.489553451538086,11.133868217468262,11.409992218017578,2081168
2015-11-10,5.824673652648926,11.035587310791016,11.17598819732666,10.80626392364502,11.063667297363281,2508940
2015-11-11,5.906190395355225,11.19002914428711,11.461471557617188,11.105788230895996,11.17598819732666,2549324
2015-11-12,5.963005065917969,11.297670364379883,11.424032211303711,10.965386390686035,11.22278881072998,3736916
2015-11-13,5.8790154457092285,11.138547897338867,11.325750350952148,11.068346977233887,11.152587890625,3082223
2015-11-16,5.85678243637085,11.096426963806152,11.208748817443848,11.002825736999512,11.199389457702637,2767911
2015-11-17,6.126035690307617,11.60655403137207,11.8077974319458,11.232149124145508,11.232149124145508,4512760
2015-11-18,6.256951808929443,11.854598045349121,11.957558631896973,11.564434051513672,11.634634971618652,5271724
2015-11-19,6.407637596130371,12.140081405639648,12.25708293914795,11.971598625183105,12.00436019897461,3632430
2015-11-23,6.370581150054932,12.069879531860352,12.453644752502441,11.980958938598633,12.224322319030762,2485650
2015-11-24,6.397756576538086,12.121360778808594,12.163481712341309,11.798437118530273,11.985638618469238,2985216
2015-11-25,6.126035690307617,11.60655403137207,11.934159278869629,11.58315372467041,11.89671802520752,6996060
2015-11-26,6.274242877960205,11.887357711791992,11.910758018493652,11.625273704528809,11.686115264892578,2623682
2015-11-27,6.039578914642334,11.44275188446045,11.826517105102539,11.44275188446045,11.798437118530273,6020005
2015-11-30,5.933356285095215,11.241509437561035,11.47551155090332,11.147908210754395,11.255550384521484,11166945
2015-12-01,5.9580607414245605,11.288310050964355,11.358510971069336,11.152587890625,11.19002914428711,8070832
2015-12-02,5.979632377624512,11.321069717407227,11.424032211303711,11.101106643676758,11.250868797302246,4265114
2015-12-03,6.199635028839111,11.737595558166504,12.14944076538086,11.737595558166504,11.737595558166504,4879208
2015-12-04,6.0191850662231445,11.395951271057129,11.742276191711426,11.274270057678223,11.742276191711426,7072982
2015-12-07,6.004356384277344,11.367871284484863,11.672075271606445,11.297670364379883,11.47551155090332,4259131
2015-12-08,5.907944679260254,11.185349464416504,11.428711891174316,11.05898666381836,11.372550964355469,5201212
2015-12-09,6.090864658355713,11.531673431396484,11.681434631347656,11.321069717407227,11.321069717407227,5249075
2015-12-10,5.851089954376221,11.077707290649414,11.662714958190918,11.077707290649414,11.592514038085938,4492247
2015-12-11,5.752213001251221,10.890504837036133,11.19002914428711,10.890504837036133,10.998146057128906,4991813
2015-12-14,5.6360297203063965,10.670541763305664,10.895185470581055,10.633101463317871,10.815624237060547,3428159
2015-12-15,5.660749912261963,10.717342376708984,10.965386390686035,10.689262390136719,10.703302383422852,4330070
2015-12-16,5.690408229827881,10.773503303527832,10.941985130310059,10.441219329833984,10.614380836486816,10809898
2015-12-17,5.845820903778076,10.69862174987793,10.881144523620605,10.576939582824707,10.815624237060547,8259077
2015-12-18,5.520956039428711,10.104083061218262,10.480399131774902,10.00529956817627,10.419246673583984,8956303
2015-12-21,5.389871597290039,9.864180564880371,10.278128623962402,9.831254005432129,10.174641609191895,3399696
2015-12-22,5.40272331237793,9.887701034545898,10.1558256149292,9.882996559143066,9.934741020202637,5051074
2015-12-23,5.466981410980225,10.00529956817627,10.160530090332031,9.906517028808594,10.014707565307617,2458997
2015-12-28,5.508105754852295,10.080562591552734,10.137009620666504,9.9488525390625,10.01941204071045,1429649
2015-12-29,5.500392436981201,10.066451072692871,10.137009620666504,9.986483573913574,10.085267066955566,1701123
2015-12-30,5.269067764282227,9.643095970153809,10.104083061218262,9.643095970153809,10.061746597290039,6018772
2016-01-04,5.191957473754883,9.50197696685791,9.633687973022461,9.398489952087402,9.50197696685791,4196686
2016-01-05,5.2324137687683105,9.567832946777344,9.567832946777344,9.398489952087402,9.50197696685791,2977923
2016-01-06,5.139804363250732,9.398489952087402,9.586647987365723,9.304410934448242,9.440826416015625,2438801
2016-01-07,4.975162982940674,9.097437858581543,9.276187896728516,9.097437858581543,9.17740535736084,3045525
2016-01-08,4.964874744415283,9.078621864318848,9.247963905334473,8.928094863891602,9.182108879089355,3234941
2016-01-11,4.869693279266357,8.904576301574707,9.271484375,8.843423843383789,9.13977336883545,4026403
2016-01-12,4.90313196182251,8.965726852416992,9.059805870056152,8.876352310180664,8.946910858154297,3378862
2016-01-13,4.88512659072876,8.932799339294434,9.102142333984375,8.852831840515137,9.026878356933594,4095069
2016-01-14,4.939148426055908,9.03158187866211,9.03158187866211,8.819905281066895,8.970431327819824,2673710
2016-01-15,4.725636005401611,8.641155242919922,8.93750286102295,8.556483268737793,8.93750286102295,3894599
2016-01-18,4.699913024902344,8.594115257263184,8.744641304016113,8.594115257263184,8.6599702835083,1824211
2016-01-19,4.692193984985352,8.580002784729004,8.838720321655273,8.509444236755371,8.791681289672852,2327831
2016-01-20,4.720492839813232,8.631747245788574,8.702305793762207,8.420068740844727,8.420068740844727,2926051
2016-01-21,4.746217250823975,8.678786277770996,8.758752822875977,8.528260231018066,8.575299263000488,4888232
2016-01-22,4.759074687957764,8.702305793762207,8.876352310180664,8.69289779663086,8.796384811401367,2291691
2016-01-26,4.759074687957764,8.702305793762207,8.819905281066895,8.603523254394531,8.669378280639648,2641610
2016-01-27,4.856832981109619,8.88105583190918,9.003358840942383,8.664673805236816,8.810497283935547,4537251
2016-01-28,4.939148426055908,9.03158187866211,9.036286354064941,8.843423843383789,8.951615333557129,2767461
2016-01-29,5.039477348327637,9.215036392211914,9.295003890991211,8.993950843811035,9.120957374572754,6856366
2016-02-01,5.101217269897461,9.32793140411377,9.35145092010498,9.036286354064941,9.25737190246582,3678823
2016-02-02,4.89195442199707,8.93750286102295,9.262076377868652,8.93750286102295,9.13977336883545,3784904
2016-02-03,5.2009196281433105,9.50197696685791,9.628984451293945,9.022173881530762,9.022173881530762,3122057
2016-02-04,5.5485124588012695,10.137009620666504,10.38161563873291,9.50197696685791,9.605463981628418,6102106
2016-02-05,5.376001358032227,9.821846008300781,10.254609107971191,9.821846008300781,10.066451072692871,5641854
2016-02-10,5.412047386169434,9.887701034545898,9.972372055053711,9.718358993530273,9.755990982055664,1996407
2016-02-11,5.3193583488464355,9.718358993530273,9.854774475097656,9.643095970153809,9.7418794631958,3109939
2016-02-12,5.337381839752197,9.751287460327148,9.906517028808594,9.70424747467041,9.901812553405762,3845279
2016-02-15,5.360554218292236,9.793622016906738,10.057043075561523,9.793622016906738,9.915925025939941,1518511
2016-02-16,5.509886741638184,10.066451072692871,10.245201110839844,9.835957527160645,9.835957527160645,3628227
2016-02-17,5.558806419372559,10.1558256149292,10.508622169494629,9.991188049316406,10.141714096069336,5328076
2016-02-18,5.540783882141113,10.122899055480957,10.188754081726074,9.958259582519531,10.066451072692871,3380350
2016-02-19,5.561379909515381,10.160530090332031,10.278128623962402,9.9488525390625,9.972372055053711,3307220
2016-02-22,5.87034797668457,10.725004196166992,10.823786735534668,10.409839630126953,10.485102653503418,5019399
2016-02-23,5.826578140258789,10.645036697387695,10.833194732666016,10.54625415802002,10.560365676879883,3931589
2016-02-24,5.8291521072387695,10.649741172790527,10.701483726501465,10.334575653076172,10.480399131774902,2611847
2016-02-25,5.836873531341553,10.66385269165039,10.8284912109375,10.485102653503418,10.574478149414062,2568905
2016-02-26,5.7879557609558105,10.574478149414062,10.983720779418945,10.499215126037598,10.819083213806152,2223875
2016-02-29,5.991357803344727,10.946089744567871,10.993128776550293,10.715596199035645,10.743820190429688,6601899
2016-03-01,6.140696048736572,11.218918800354004,11.35533332824707,11.063689231872559,11.106023788452148,3824020
2016-03-02,6.312614917755127,11.524676322937012,11.61405086517334,11.185991287231445,11.218918800354004,5334453
2016-03-03,6.72744083404541,12.282011032104492,12.282011032104492,12.282011032104492,12.282011032104492,6069367
2016-03-04,7.255640029907227,13.246320724487305,13.500333786010742,12.282011032104492,12.282011032104492,8546648
2016-03-07,7.129387855529785,13.015828132629395,13.420367240905762,12.799446105957031,13.406254768371582,3661603
2016-03-08,7.219569683074951,13.180465698242188,13.585004806518555,12.949972152709961,12.959380149841309,5277692
2016-03-09,7.183496475219727,13.114609718322754,13.636749267578125,13.011123657226562,13.434478759765625,6693736
2016-03-10,7.417963981628418,13.542670249938965,13.84372329711914,13.100499153137207,13.387439727783203,8549411
2016-03-11,7.701388359069824,14.060104370117188,14.102439880371094,13.52385425567627,13.542670249938965,5082962
2016-03-14,7.6447038650512695,13.95661735534668,14.422307968139648,13.895465850830078,14.064807891845703,3225374
2016-03-15,7.224722862243652,13.189873695373535,13.664973258972168,13.067570686340332,13.18517017364502,3310622
2016-03-16,7.03663444519043,12.846485137939453,13.07697868347168,12.488985061645508,12.98289966583252,5189681
2016-03-17,7.886899948120117,14.398789405822754,14.657505989074707,13.580301284790039,13.881354331970215,9563665
2016-03-18,7.886899948120117,14.398789405822754,14.676321983337402,14.083623886108398,14.59165096282959,9476717
2016-03-21,8.051810264587402,14.699840545654297,14.732769012451172,14.342341423034668,14.431715965270996,2820608
2016-03-22,8.044079780578613,14.68572998046875,14.699840545654297,14.394084930419922,14.52109146118164,6715846
2016-03-23,7.786413669586182,14.21533489227295,14.596355438232422,14.027176856994629,14.488163948059082,3485156
2016-03-24,7.603476524353027,13.881354331970215,14.07421588897705,13.796683311462402,13.890762329101562,3130986
2016-03-28,7.853410243988037,14.337636947631836,14.615169525146484,14.168294906616211,14.394084930419922,2484508
2016-03-29,8.028618812561035,14.657505989074707,14.845664024353027,14.201223373413086,14.445828437805176,2713251
2016-03-30,8.028618812561035,14.657505989074707,15.085564613342285,14.605761528015137,14.83625602722168,2373537
2016-03-31,7.7503437995910645,14.149478912353516,14.582242965698242,14.125960350036621,14.469347953796387,212
2016-04-01,7.915249347686768,14.450531959533691,14.488163948059082,13.867241859436035,13.867241859436035,1062
2016-04-04,7.713446617126465,14.07421588897705,14.285894393920898,13.890762329101562,14.154183387756348,55485
2016-04-05,7.716033935546875,14.078920364379883,14.356452941894531,13.726123809814453,13.876649856567383,6165
2016-04-06,7.494315147399902,13.6743803024292,14.003657341003418,13.60382080078125,13.84372329711914,25935
2016-04-07,7.587127685546875,13.84372329711914,13.970728874206543,13.650860786437988,13.86253833770752,2017453
2016-04-08,7.91453742980957,14.441123962402344,14.511683464050293,14.262373924255371,14.347044944763184,3814666
2016-04-11,8.027970314025879,14.64809799194336,14.878591537475586,14.516386985778809,14.582242965698242,212
2016-04-12,8.257413864135742,15.06674861907959,15.287835121154785,14.76569652557373,14.911519050598145,5952
2016-04-13,8.355379104614258,15.245499610900879,15.598296165466309,15.17494010925293,15.504217147827148,31250
2016-04-14,8.213586807250977,14.98678207397461,15.447769165039062,14.883295059204102,15.367801666259766,3802549
2016-04-15,8.200695991516113,14.963262557983398,15.339578628540039,14.840959548950195,15.137309074401855,3708373
2016-04-18,8.172860145568848,14.912460327148438,15.155653953552246,14.633045196533203,14.824496269226074,3842998
2016-04-19,8.10195541381836,14.783101081848145,15.093562126159668,14.648568153381348,15.005598068237305,4251
2016-04-20,8.008378982543945,14.612347602844238,14.767578125,14.436420440673828,14.695137023925781,4801381
2016-04-22,7.931805610656738,14.472640991210938,14.570953369140625,14.213923454284668,14.28636360168457,3342065
2016-04-25,7.801358699798584,14.234621047973633,14.529558181762695,14.022473335266113,14.472640991210938,1977641
2016-04-26,8.045241355895996,14.679614067077637,14.80379867553711,14.151830673217773,14.322585105895996,1815882
2016-04-27,8.235241889953613,15.02629566192627,15.134957313537598,14.80897331237793,14.896937370300293,2718605
2016-04-28,8.10195541381836,14.783101081848145,14.902111053466797,14.472640991210938,14.762404441833496,3111118
2016-04-29,7.9658403396606445,14.534732818603516,14.886588096618652,14.317410469055176,14.876239776611328,4659334
2016-05-02,7.852405548095703,14.3277587890625,14.695137023925781,14.15700626373291,14.695137023925781,1931065
2016-05-03,7.658670425415039,13.965555191040039,14.229446411132812,13.836195945739746,14.048343658447266,2084322
2016-05-04,7.925403594970703,14.451943397521973,14.498512268066406,13.862068176269531,13.862068176269531,2005084
2016-05-05,7.735280990600586,14.10526180267334,14.726183891296387,14.032820701599121,14.617522239685059,1873474
2016-05-06,7.7664947509765625,14.162179946899414,14.451943397521973,13.97590446472168,13.97590446472168,1229141
2016-05-09,7.865811347961426,14.343281745910645,14.389850616455078,13.603350639343262,14.048343658447266,2048955
2016-05-10,8.10700511932373,14.783101081848145,14.783101081848145,14.193225860595703,14.477814674377441,3823093
2016-05-11,8.08714771270752,14.746880531311035,15.145304679870605,14.695137023925781,15.015947341918945,3034394
2016-05-12,8.280098915100098,15.098735809326172,15.316059112548828,14.638219833374023,14.933156967163086,2932545
2016-05-13,7.942427635192871,14.482989311218262,15.057341575622559,14.291539192199707,14.95385456085205,3586734
2016-05-16,7.8374342918396,14.291539192199707,14.58647632598877,14.193225860595703,14.41054916381836,1487144
2016-05-17,7.613266944885254,13.88276481628418,14.384676933288574,13.815499305725098,14.307062149047852,2275650
2016-05-18,7.61894416809082,13.89311408996582,14.270840644836426,13.722360610961914,13.815499305725098,2525923
2016-05-19,7.488413333892822,13.655094146728516,13.841370582580566,13.577479362487793,13.784453392028809,1600009
2016-05-20,7.408964157104492,13.510212898254395,13.846545219421387,13.48951530456543,13.789627075195312,1295429
2016-05-23,7.343697547912598,13.391202926635742,13.63439655303955,13.096264839172363,13.106614112854004,2206849
2016-05-24,7.3976149559021,13.48951530456543,13.660268783569336,13.334284782409668,13.561956405639648,1647165
2016-05-25,7.34653377532959,13.396376609802246,13.779278755187988,13.375679969787598,13.577479362487793,1648131
2016-05-27,7.247216701507568,13.215274810791016,13.582653045654297,13.127310752868652,13.354982376098633,1610252
2016-05-30,7.221678733825684,13.168705940246582,13.380853652954102,13.106614112854004,13.23079776763916,741929
2016-05-31,6.954944133758545,12.682317733764648,13.26184368133545,12.39772891998291,13.080741882324219,7094038
2016-06-01,7.031559467315674,12.822025299072266,13.003127098083496,12.630574226379395,12.728886604309082,3724723
2016-06-02,7.155720233917236,13.039346694946289,13.277366638183594,12.739234924316406,12.811676025390625,3011202
2016-06-03,7.286343574523926,13.277366638183594,13.45329475402832,13.054869651794434,13.225624084472656,2275650
2016-06-06,7.226708889007568,13.168705940246582,13.41189956665039,12.972081184387207,13.41189956665039,1523478
2016-06-07,7.243746757507324,13.199751853942871,13.298065185546875,12.987604141235352,13.065218925476074,1759836
2016-06-08,7.402767181396484,13.48951530456543,13.63439655303955,13.26184368133545,13.298065185546875,3662879
2016-06-09,7.416964054107666,13.515386581420898,13.618873596191406,13.339459419250488,13.48951530456543,2216126
2016-06-10,7.186957836151123,13.096264839172363,13.437771797180176,13.09109115600586,13.437771797180176,1763894
2016-06-13,7.2778239250183105,13.26184368133545,13.308412551879883,12.889290809631348,12.935859680175781,1829410
2016-06-14,7.16424036026001,13.054869651794434,13.406725883483887,12.8685941696167,13.23597240447998,3894792
2016-06-15,7.127326488494873,12.987604141235352,13.27219295501709,12.853071212768555,13.085915565490723,4910960
2016-06-16,7.223869800567627,13.163532257080078,13.220449447631836,12.703015327453613,12.935859680175781,2583129
2016-06-17,7.238067150115967,13.18940258026123,13.479166984558105,13.080741882324219,13.380853652954102,3901750
2016-06-20,7.343135356903076,13.380853652954102,13.582653045654297,13.31358814239502,13.582653045654297,2322806
2016-06-21,7.425479412078857,13.530909538269043,13.582653045654297,13.116962432861328,13.246320724487305,3010043
2016-06-22,7.451035976409912,13.577479362487793,13.815499305725098,13.401551246643066,13.45846939086914,2336141
2016-06-23,7.651845455169678,13.85171890258789,13.950032234191895,13.515386581420898,13.644745826721191,1923915
2016-06-24,7.520361423492432,13.613699913024902,13.722360610961914,13.349807739257812,13.422248840332031,3031688
2016-06-27,7.32313346862793,13.256669998168945,13.67579174041748,13.09109115600586,13.546433448791504,2250526
2016-06-28,7.491769313812256,13.561956405639648,13.70683765411377,13.375679969787598,13.48434066772461,1728721
2016-06-29,7.611825466156006,13.779278755187988,13.92416000366211,13.6809663772583,13.841370582580566,2924428
2016-06-30,7.720446586608887,13.97590446472168,14.110437393188477,13.665443420410156,13.779278755187988,2919210
2016-07-01,7.791903018951416,14.10526180267334,14.162179946899414,13.898287773132324,14.10526180267334,2220957
2016-07-04,7.773955345153809,14.06386661529541,14.234621047973633,13.991427421569824,14.167353630065918,706369
2016-07-05,7.7167487144470215,13.960380554199219,14.07421588897705,13.763754844665527,13.970728874206543,1395732
2016-07-06,7.679567337036133,13.89311408996582,14.012124061584473,13.6809663772583,13.815499305725098,2961148
2016-07-07,7.711030006408691,13.950032234191895,14.203575134277344,13.836195945739746,13.970728874206543,2246274
2016-07-08,7.8769211769104,14.250144004821777,14.405373573303223,14.06386661529541,14.141483306884766,2107126
2016-07-11,7.894085884094238,14.281189918518066,14.55543041229248,14.224271774291992,14.291539192199707,3515227
2016-07-12,7.905523300170898,14.301886558532715,14.51403522491455,14.198399543762207,14.467466354370117,3198472
2016-07-13,8.025649070739746,14.519209861755371,14.565778732299805,14.203575134277344,14.229446411132812,1978414
2016-07-14,8.294506072998047,15.005598068237305,15.098735809326172,14.741706848144531,14.741706848144531,3526630
2016-07-15,8.334556579589844,15.078039169311523,15.222921371459961,14.896937370300293,15.005598068237305,2315269
2016-07-18,8.46898365020752,15.321232795715332,15.388500213623047,14.969378471374512,15.005598068237305,7487711
2016-07-19,8.45181655883789,15.290186882019043,15.362627983093262,15.150480270385742,15.362627983093262,3028209
2016-07-20,8.523323059082031,15.419546127319336,15.476463317871094,15.124608039855957,15.290186882019043,2589120
2016-07-21,8.480420112609863,15.341931343078613,15.471288681030273,15.098735809326172,15.367801666259766,2502346
2016-07-22,8.494720458984375,15.367801666259766,15.46094036102295,15.233268737792969,15.310884475708008,2100362
2016-07-25,8.437512397766113,15.264314651489258,15.450592041015625,15.046993255615234,15.341931343078613,1873474
2016-07-26,8.408917427062988,15.21257209777832,15.367801666259766,15.181526184082031,15.24361801147461,1650064
2016-07-27,8.44037914276123,15.269490242004395,15.455765724182129,15.21257209777832,15.264314651489258,1730847
2016-07-28,8.197258949279785,14.829669952392578,15.20222282409668,14.576128005981445,15.197049140930176,3106867
2016-07-29,8.354567527770996,15.114258766174316,15.347105026245117,14.783101081848145,14.783101081848145,3412606
2016-08-01,8.437512397766113,15.264314651489258,15.502334594726562,15.114258766174316,15.119434356689453,1898018
2016-08-02,8.316529273986816,15.036643981933594,15.367801666259766,14.881414413452148,15.103911399841309,2281255
2016-08-03,8.388077735900879,15.166003227233887,15.264314651489258,14.865891456604004,14.917634010314941,2970038
2016-08-04,8.554065704345703,15.46611499786377,15.554079055786133,15.238444328308105,15.336755752563477,1943821
2016-08-05,8.534037590026855,15.42989444732666,15.533381462097168,15.259140968322754,15.476463317871094,1885842
2016-08-08,8.514002799987793,15.39367389678955,15.554079055786133,15.305709838867188,15.372977256774902,1170196
2016-08-09,8.548345565795898,15.455765724182129,15.569602012634277,15.331582069396973,15.533381462097168,1246534
2016-08-10,8.299359321594238,15.005598068237305,15.523033142089844,14.94867992401123,15.43506908416748,2981247
2016-08-11,8.499691009521484,15.367801666259766,15.419546127319336,14.922808647155762,14.933156967163086,3679113
2016-08-12,8.531170845031738,15.42471981048584,15.517857551574707,15.238444328308105,15.238444328308105,2796876
2016-08-15,8.662813186645508,15.662739753723145,15.792098045349121,15.42471981048584,15.450592041015625,1374280
2016-08-16,8.551202774047852,15.46094036102295,15.61099624633789,15.316059112548828,15.316059112548828,2914958
2016-08-17,8.602717399597168,15.554079055786133,15.564427375793457,15.109085083007812,15.336755752563477,2546602
2016-08-18,8.594130516052246,15.538556098937988,15.65239143371582,15.388500213623047,15.486811637878418,1752492
2016-08-19,8.531170845031738,15.42471981048584,15.559252738952637,15.279837608337402,15.46094036102295,2022091
2016-08-22,8.310808181762695,15.02629566192627,15.419546127319336,14.922808647155762,15.316059112548828,2043157
2016-08-23,8.193471908569336,14.814146995544434,15.228095054626465,14.715834617614746,15.010771751403809,1819167
2016-08-24,8.184883117675781,14.798624038696289,14.881414413452148,14.58130168914795,14.648568153381348,1835015
2016-08-25,8.199193000793457,14.824496269226074,15.078039169311523,14.783101081848145,14.798624038696289,1786699
2016-08-26,8.224952697753906,14.871065139770508,15.259140968322754,14.715834617614746,14.969378471374512,2185977
2016-08-29,8.445316314697266,15.269490242004395,15.367801666259766,14.850367546081543,14.865891456604004,1953870
2016-08-30,8.47393798828125,15.321232795715332,15.409196853637695,15.088388442993164,15.222921371459961,990656
2016-08-31,8.327980041503906,15.057341575622559,15.559252738952637,14.922808647155762,15.259140968322754,4064862
2016-09-01,8.348017692565918,15.093562126159668,15.24361801147461,14.907285690307617,15.062516212463379,3357720
2016-09-02,8.579172134399414,15.502334594726562,15.626519203186035,15.109085083007812,15.17117691040039,2358366
2016-09-05,8.627848625183105,15.590298652648926,15.678262710571289,15.398847579956055,15.512683868408203,759903
2016-09-06,8.682257652282715,15.68861198425293,15.776575088500977,15.476463317871094,15.626519203186035,2068667
2016-09-08,8.676531791687012,15.678262710571289,15.776575088500977,15.554079055786133,15.63686752319336,4737218
2016-09-09,8.218365669250488,14.850367546081543,15.512683868408203,14.798624038696289,15.43506908416748,3838940
2016-09-12,8.226956367492676,14.865891456604004,14.927983283996582,14.5606050491333,14.73135757446289,2173995
2016-09-13,7.960643291473389,14.384676933288574,14.643394470214844,14.270840644836426,14.643394470214844,3418983
2016-09-14,7.954917907714844,14.374327659606934,14.488163948059082,14.239794731140137,14.41054916381836,2794363
2016-09-15,8.060873031616211,14.565778732299805,14.653742790222168,14.276016235351562,14.400199890136719,2551047
2016-09-16,7.846104621887207,14.177702903747559,14.58647632598877,14.177702903747559,14.395026206970215,4536806
2016-09-19,7.9291510581970215,14.3277587890625,14.689963340759277,14.203575134277344,14.436420440673828,1961021
2016-09-20,8.043688774108887,14.534732818603516,14.612347602844238,14.36397933959961,14.488163948059082,1809504
2016-09-21,8.178279876708984,14.77792739868164,14.881414413452148,14.457118034362793,14.669265747070312,2973710
2016-09-22,8.232678413391113,14.876239776611328,15.057341575622559,14.726183891296387,15.057341575622559,2230427
2016-09-23,8.232678413391113,14.876239776611328,15.015947341918945,14.721009254455566,14.829669952392578,1770079
2016-09-26,8.172542572021484,14.767578125,14.829669952392578,14.607173919677734,14.726183891296387,1524830
2016-09-27,8.2097749710083,14.834844589233398,14.97972583770752,14.643394470214844,14.871065139770508,1792497
2016-09-28,8.258453369140625,14.922808647155762,15.010771751403809,14.73135757446289,14.850367546081543,8648438
2016-09-29,8.106691360473633,14.648568153381348,15.052166938781738,14.58130168914795,14.97972583770752,2066155
2016-09-30,8.11814022064209,14.669265747070312,14.860715866088867,14.55025577545166,14.726183891296387,2799001
2016-10-03,8.302584648132324,14.700311660766602,14.752055168151855,14.33293342590332,14.33293342590332,2585834
2016-10-04,8.39242935180664,14.850367546081543,14.917634010314941,14.684788703918457,14.689963340759277,2629318
2016-10-05,8.518169403076172,15.072864532470703,15.140130996704102,14.917634010314941,14.995248794555664,4099456
2016-10-06,8.556187629699707,15.140130996704102,15.217745780944824,14.943506240844727,15.005598068237305,1856853
2016-10-07,8.687774658203125,15.372977256774902,15.39367389678955,15.114258766174316,15.21257209777832,2960375
2016-10-10,8.737482070922852,15.46094036102295,15.63686752319336,15.419546127319336,15.419546127319336,1668810
2016-10-11,8.743334770202637,15.471288681030273,15.523033142089844,15.341931343078613,15.440242767333984,2897565
2016-10-13,8.757952690124512,15.497160911560059,15.626519203186035,15.295360565185547,15.39367389678955,5945874
2016-10-14,8.81935977935791,15.60582160949707,15.83349323272705,15.497160911560059,15.543729782104492,2511429
2016-10-17,8.912932395935059,15.771401405334473,15.911108016967773,15.564427375793457,15.68343734741211,2093405
2016-10-18,9.135172843933105,16.16465187072754,16.288835525512695,15.812795639038086,15.849016189575195,3371634
2016-10-19,9.073771476745605,16.05599021911621,16.242265701293945,15.90593433380127,16.16465187072754,2110992
2016-10-20,9.12347412109375,16.143953323364258,16.216394424438477,15.740354537963867,15.895585060119629,1535266
2016-10-21,9.044524192810059,16.004247665405273,16.16982650756836,15.936980247497559,16.06116485595703,1795010
2016-10-24,8.953869819641113,15.843841552734375,16.0870361328125,15.817970275878906,15.936980247497559,1310890
2016-10-25,8.918781280517578,15.781749725341797,15.921457290649414,15.548904418945312,15.843841552734375,1940922
2016-10-26,8.904162406921387,15.755878448486328,15.90593433380127,15.590298652648926,15.704134941101074,2146745
2016-10-27,9.035747528076172,15.988723754882812,16.16465187072754,15.745529174804688,15.745529174804688,2079103
2016-10-28,9.006508827209473,15.936980247497559,16.190523147583008,15.730006217956543,15.962851524353027,2758996
2016-10-31,9.278459548950195,16.418193817138672,16.50098419189453,15.993898391723633,15.993898391723633,3241570
2016-11-01,9.05036735534668,16.01459503173828,16.50615882873535,15.859365463256836,16.376798629760742,2673768
2016-11-03,8.865242004394531,15.678262710571289,16.294010162353516,15.678262710571289,15.968026161193848,2365517
2016-11-04,8.818429946899414,15.595473289489746,15.993898391723633,15.42471981048584,15.569602012634277,2764214
2016-11-07,9.111004829406738,16.11290740966797,16.216394424438477,15.802447319030762,15.921457290649414,2824319
2016-11-08,9.178304672241211,16.231918334960938,16.48546028137207,16.04564094543457,16.15947723388672,1397858
2016-11-09,8.985198974609375,15.890411376953125,16.278486251831055,15.450592041015625,15.678262710571289,3145132
2016-11-10,8.423444747924805,14.896937370300293,15.68861198425293,14.472640991210938,15.68861198425293,5397592
2016-11-11,8.154264450073242,14.420896530151367,15.145304679870605,14.229446411132812,14.700311660766602,5236605
2016-11-14,8.12793254852295,14.374327659606934,14.570953369140625,14.089738845825195,14.317410469055176,3890541
2016-11-16,8.294705390930176,14.669265747070312,14.881414413452148,14.198399543762207,14.617522239685059,3766660
2016-11-17,8.154264450073242,14.420896530151367,14.850367546081543,14.33810806274414,14.850367546081543,2109832
2016-11-18,8.283003807067871,14.648568153381348,14.77792739868164,14.36397933959961,14.36397933959961,1639821
2016-11-21,8.329816818237305,14.73135757446289,14.964202880859375,14.524383544921875,14.695137023925781,2374793
2016-11-22,8.484888076782227,15.005598068237305,15.124608039855957,14.705486297607422,15.057341575622559,3002506
2016-11-23,8.540473937988281,15.103911399841309,15.103911399841309,14.855542182922363,14.964202880859375,2133023
2016-11-24,8.443917274475098,14.933156967163086,15.109085083007812,14.829669952392578,15.103911399841309,774784
2016-11-25,8.467328071594238,14.974552154541016,15.02629566192627,14.633045196533203,14.850367546081543,1342392
2016-11-28,8.546331405639648,15.114258766174316,15.197049140930176,14.752055168151855,14.922808647155762,2057458
2016-11-29,8.367849349975586,14.798624038696289,15.155653953552246,14.788275718688965,15.0004243850708,2108286
2016-11-30,8.525849342346191,15.078039169311523,15.279837608337402,14.824496269226074,15.067689895629883,5017447
2016-12-01,8.028456687927246,14.198399543762207,14.674440383911133,14.022473335266113,14.596824645996094,7436304
2016-12-02,8.071565628051758,14.265666961669922,14.431245803833008,13.67061710357666,13.908637046813965,4150670
2016-12-05,8.077423095703125,14.276016235351562,14.400199890136719,14.084565162658691,14.358804702758789,1982280
2016-12-06,8.194525718688965,14.482989311218262,14.534732818603516,14.017297744750977,14.203575134277344,3329697
2016-12-07,8.080349922180176,14.281189918518066,14.700311660766602,14.281189918518066,14.700311660766602,5144613
2016-12-08,8.133047103881836,14.374327659606934,14.539907455444336,14.224271774291992,14.462291717529297,2906068
2016-12-09,8.220877647399902,14.529558181762695,14.565778732299805,14.234621047973633,14.488163948059082,2720731
2016-12-12,8.124262809753418,14.358804702758789,14.488163948059082,14.136307716369629,14.177702903747559,3855560
2016-12-13,8.150611877441406,14.405373573303223,14.58130168914795,14.198399543762207,14.229446411132812,2746821
2016-12-14,8.045209884643555,14.219098091125488,14.58647632598877,14.203575134277344,14.472640991210938,3553107
2016-12-15,8.051074028015137,14.229446411132812,14.36915397644043,14.089738845825195,14.229446411132812,3976349
2016-12-16,8.156464576721191,14.415722846984863,14.633045196533203,14.255317687988281,14.255317687988281,4013841
2016-12-19,7.9895920753479,14.120784759521484,14.51403522491455,14.037996292114258,14.405373573303223,2443981
2016-12-20,8.051074028015137,14.229446411132812,14.36915397644043,14.084565162658691,14.234621047973633,2039485
2016-12-21,7.904687404632568,13.970728874206543,14.374327659606934,13.944857597351074,14.322585105895996,5286853
2016-12-22,7.891899108886719,13.815499305725098,13.960380554199219,13.665443420410156,13.908637046813965,3637562
2016-12-23,8.081063270568848,14.14665699005127,14.260493278503418,13.903463363647461,13.908637046813965,2302320
2016-12-26,8.246582984924316,14.436420440673828,14.488163948059082,14.15700626373291,14.15700626373291,916637
2016-12-27,8.267280578613281,14.472640991210938,14.643394470214844,14.281189918518066,14.58647632598877,1171935
2016-12-28,8.459405899047852,14.80897331237793,14.99007511138916,14.384676933288574,14.41054916381836,2387162
2016-12-29,8.613102912902832,15.078039169311523,15.078039169311523,14.674440383911133,14.850367546081543,2349669
2017-01-02,8.518518447875977,14.912460327148438,15.150480270385742,14.819321632385254,14.912460327148438,1065642
2017-01-03,8.863739013671875,15.5075101852417,15.543729782104492,15.052166938781738,15.083212852478027,2493262
2017-01-04,8.860784530639648,15.502334594726562,15.574775695800781,15.357454299926758,15.357454299926758,1491010
2017-01-05,8.911059379577637,15.590298652648926,15.68343734741211,15.42989444732666,15.42989444732666,2644006
2017-01-06,8.979084968566895,15.709308624267578,15.771401405334473,15.564427375793457,15.678262710571289,1093858
2017-01-09,9.020490646362305,15.781749725341797,15.817970275878906,15.564427375793457,15.600647926330566,1449072
2017-01-10,9.020490646362305,15.781749725341797,15.880062103271484,15.65239143371582,15.781749725341797,1398244
2017-01-11,8.9317626953125,15.626519203186035,15.885236740112305,15.569602012634277,15.86971378326416,3367769
2017-01-12,9.144702911376953,15.999072074890137,16.242265701293945,15.916282653808594,16.11808204650879,4375240
2017-01-13,9.097378730773926,15.916282653808594,16.16465187072754,15.812795639038086,15.859365463256836,7669184
2017-01-16,9.132874488830566,15.978375434875488,16.035293579101562,15.797272682189941,15.802447319030762,1126712
2017-01-17,9.328070640563965,16.319881439208984,16.423368453979492,15.87488842010498,15.87488842010498,2861232
2017-01-18,9.22751522064209,16.143953323364258,16.402671813964844,16.07668685913086,16.402671813964844,1801580
2017-01-19,9.286662101745605,16.247440338134766,16.247440338134766,15.926630973815918,16.143953323364258,3590599
2017-01-20,9.319197654724121,16.304359436035156,16.438892364501953,16.185348510742188,16.438892364501953,1982086
2017-01-23,9.576502799987793,16.754526138305664,16.811443328857422,16.262964248657227,16.376798629760742,2685171
2017-01-24,9.558756828308105,16.723480224609375,16.863187789916992,16.469938278198242,16.749351501464844,2214193
2017-01-26,9.724384307861328,17.01324462890625,17.08568572998047,16.770050048828125,17.01324462890625,4207876
2017-01-27,9.671146392822266,16.920106887817383,17.04429054260254,16.801095962524414,17.028766632080078,2178633
2017-01-30,9.526223182678223,16.666563034057617,16.91493034362793,16.52685546875,16.84248924255371,1782254
2017-01-31,9.505524635314941,16.630342483520508,16.764875411987305,16.423368453979492,16.666563034057617,2497707
2017-02-01,9.472986221313477,16.573423385620117,16.821792602539062,16.573423385620117,16.816619873046875,2420210
2017-02-02,9.23840618133545,16.1543025970459,16.418193817138672,15.730006217956543,16.035293579101562,2783734
2017-02-03,9.460343360900879,16.542377471923828,16.8994083404541,16.11808204650879,16.13878059387207,3460535
2017-02-06,9.267999649047852,16.206045150756836,16.697608947753906,16.11290740966797,16.625167846679688,1655861
2017-02-07,9.315339088439941,16.288835525512695,16.438892364501953,16.143953323364258,16.371625900268555,1786893
2017-02-08,9.341974258422852,16.335405349731445,16.48546028137207,16.102558135986328,16.340578079223633,3184751
2017-02-09,9.318304061889648,16.294010162353516,16.423368453979492,16.226743698120117,16.356101989746094,2868769
2017-02-10,9.350850105285645,16.350927352905273,16.55272674560547,16.15947723388672,16.273313522338867,3331050
2017-02-13,9.336055755615234,16.325056076049805,16.464763641357422,16.257789611816406,16.350927352905273,2541578
2017-02-14,9.262077331542969,16.195697784423828,16.44923973083496,16.195697784423828,16.350927352905273,3321193
2017-02-15,9.439624786376953,16.50615882873535,16.60964584350586,16.190523147583008,16.361276626586914,4015387
2017-02-16,9.421873092651367,16.475112915039062,16.666563034057617,16.402671813964844,16.45441436767578,2876499
2017-02-17,9.433711051940918,16.49580955505371,16.54755210876465,16.180173873901367,16.309532165527344,1539905
2017-02-20,9.469216346740723,16.55790138244629,16.671737670898438,16.366451263427734,16.49580955505371,1070280
2017-02-21,9.756257057189941,17.059812545776367,17.101207733154297,16.53720474243164,16.64069175720215,2601875
2017-02-22,9.957469940185547,17.41166877746582,17.468585968017578,16.94597625732422,17.023591995239258,6093912
2017-02-23,9.78584098815918,17.111555099487305,17.675559997558594,17.00289535522461,17.499631881713867,2796682
2017-02-24,9.655644416809082,16.88388442993164,17.158124923706055,16.728654861450195,16.99772071838379,3881457
2017-03-01,9.439624786376953,16.50615882873535,17.03911590576172,16.438892364501953,17.023591995239258,3490104
2017-03-02,9.344069480895996,16.330230712890625,16.588947296142578,16.294010162353516,16.48028564453125,4100229
2017-03-03,9.474345207214355,16.55790138244629,16.630342483520508,16.397497177124023,16.418193817138672,7090946
2017-03-06,9.518755912780762,16.635517120361328,16.832141876220703,16.475112915039062,16.64069175720215,4390314
2017-03-07,9.444733619689941,16.50615882873535,16.775224685668945,16.45441436767578,16.775224685668945,4035293
2017-03-08,9.347027778625488,16.335405349731445,16.588947296142578,16.304359436035156,16.588947296142578,5570560
2017-03-09,9.385516166687012,16.402671813964844,16.55790138244629,16.273313522338867,16.356101989746094,2924235
2017-03-10,9.46545696258545,16.542377471923828,16.868362426757812,16.438892364501953,16.469938278198242,3862325
2017-03-13,9.577969551086426,16.739004135131836,16.832141876220703,16.423368453979492,16.5941219329834,2099782
2017-03-14,9.450654029846191,16.51650619506836,16.780397415161133,16.50615882873535,16.739004135131836,2545056
2017-03-15,9.598687171936035,16.775224685668945,16.95632553100586,16.41301918029785,16.583772659301758,4175214
2017-03-16,9.592769622802734,16.764875411987305,16.863187789916992,16.60447120666504,16.775224685668945,2675894
2017-03-17,9.376636505126953,16.387147903442383,16.920106887817383,16.387147903442383,16.84248924255371,7639808
2017-03-20,9.619415283203125,16.811443328857422,16.904582977294922,16.371625900268555,16.475112915039062,2666424
2017-03-21,9.281892776489258,16.221569061279297,16.795921325683594,16.06116485595703,16.790746688842773,4402683
2017-03-22,9.225640296936035,16.12325668334961,16.464763641357422,16.01459503173828,16.216394424438477,3139721
2017-03-23,9.28781795501709,16.231918334960938,16.345752716064453,15.885236740112305,15.942153930664062,1509563
2017-03-24,9.435851097106934,16.49063491821289,16.50615882873535,16.11290740966797,16.11290740966797,1614117
2017-03-27,9.509873390197754,16.619993209838867,16.754526138305664,16.257789611816406,16.40784454345703,1192614
2017-03-28,9.619415283203125,16.811443328857422,16.88905906677246,16.41301918029785,16.55272674560547,1838880
2017-03-29,9.651985168457031,16.868362426757812,16.99254608154297,16.60447120666504,16.826967239379883,3036713
2017-03-30,9.607573509216309,16.790746688842773,16.99772071838379,16.676910400390625,16.951152801513672,2299615
2017-03-31,9.489147186279297,16.583772659301758,17.023591995239258,16.53720474243164,16.5941219329834,2756484
2017-04-03,9.589811325073242,16.759700775146484,16.94597625732422,16.55272674560547,16.661388397216797,1474389
2017-04-04,9.66305160522461,16.878711700439453,16.878711700439453,16.542377471923828,16.666563034057617,1185077
2017-04-05,9.408297538757324,16.433717727661133,16.95632553100586,16.345752716064453,16.89423370361328,2565542
2017-04-06,9.322383880615234,16.283660888671875,16.49063491821289,16.035293579101562,16.44406509399414,2018999
2017-04-07,9.328309059143066,16.294010162353516,16.56825065612793,16.185348510742188,16.20087242126465,1453130
2017-04-10,9.36385726928711,16.356101989746094,16.48028564453125,16.00942039489746,16.252614974975586,3452804
2017-04-11,9.396443367004395,16.41301918029785,16.57859992980957,16.01459503173828,16.428543090820312,2875726
2017-04-12,9.334237098693848,16.304359436035156,16.583772659301758,16.195697784423828,16.397497177124023,4862258
2017-04-13,9.079479217529297,15.859365463256836,16.257789611816406,15.859365463256836,16.180173873901367,2615017
2017-04-17,9.434958457946777,16.48028564453125,16.60447120666504,15.87488842010498,15.87488842010498,1684657
2017-04-18,9.437919616699219,16.48546028137207,16.764875411987305,16.278486251831055,16.40784454345703,1042837
2017-04-19,9.289803504943848,16.226743698120117,16.573423385620117,16.11808204650879,16.542377471923828,1639048
2017-04-20,9.186121940612793,16.04564094543457,16.418193817138672,15.885236740112305,16.345752716064453,1806992
2017-04-24,9.36090087890625,16.350927352905273,16.433717727661133,16.180173873901367,16.211219787597656,2935444
2017-04-25,9.390518188476562,16.402671813964844,16.45441436767578,16.15947723388672,16.268138885498047,2980087
2017-04-26,9.420143127441406,16.45441436767578,16.676910400390625,16.252614974975586,16.252614974975586,1743216
2017-04-27,9.701560020446777,16.94597625732422,17.05463981628418,16.625167846679688,16.625167846679688,2407454
2017-04-28,9.642315864562988,16.84248924255371,16.904582977294922,16.682086944580078,16.904582977294922,3337041
2017-05-02,9.97114086151123,17.41684341430664,17.41684341430664,16.904582977294922,17.075336456298828,3330241
2017-05-03,9.869161605834961,17.229013442993164,17.57621192932129,16.96150016784668,17.348541259765625,1516221
2017-05-04,9.667019844055176,16.876123428344727,17.25747299194336,16.85904884338379,17.166404724121094,2892944
2017-05-05,9.715928077697754,16.96150016784668,17.172096252441406,16.88750648498535,17.04118537902832,1381641
2017-05-08,9.657241821289062,16.85904884338379,17.098102569580078,16.853357315063477,16.96150016784668,1186975
2017-05-09,9.69636344909668,16.927349090576172,17.18347930908203,16.927349090576172,17.035493850708008,1794342
2017-05-10,9.90177059173584,17.285932540893555,17.394075393676758,17.126562118530273,17.126562118530273,1819993
2017-05-11,9.898504257202148,17.28023910522461,17.433917999267578,17.075336456298828,17.285932540893555,4423046
2017-05-12,10.074568748474121,17.587596893310547,17.644514083862305,17.337158203125,17.547754287719727,2886619
2017-05-15,10.055004119873047,17.55344581604004,17.667280197143555,17.337158203125,17.51360321044922,2592159
2017-05-16,10.041962623596191,17.530677795410156,17.718507766723633,17.32008171081543,17.712814331054688,2707765
2017-05-17,9.78113842010498,17.075336456298828,17.49652862548828,16.847665786743164,17.35992431640625,4882832
2017-05-18,8.509589195251465,14.855542182922363,15.584090232849121,14.280672073364258,14.940918922424316,8791276
2017-05-19,8.770417213439941,15.310884475708008,15.561323165893555,15.014911651611328,15.123056411743164,6214577
2017-05-22,8.620442390441895,15.049062728881836,15.322267532348633,14.605104446411133,15.009220123291016,7143988
2017-05-23,8.708468437194824,15.202740669250488,15.396261215209961,15.02629566192627,15.088905334472656,3210244
2017-05-24,8.770417213439941,15.310884475708008,15.914213180541992,15.310884475708008,15.521479606628418,2357435
2017-05-25,8.763895988464355,15.299501419067383,15.589781761169434,15.094596862792969,15.384878158569336,2259047
2017-05-26,8.982337951660156,15.6808500289917,15.794686317443848,15.322267532348633,15.46456241607666,3268925
2017-05-29,8.982337951660156,15.6808500289917,15.6808500289917,15.6808500289917,15.6808500289917,0
2017-05-30,9.03124713897705,15.766226768493652,15.766226768493652,15.470253944396973,15.527172088623047,924139
2017-05-31,8.819318771362305,15.396261215209961,15.743459701538086,15.350727081298828,15.715001106262207,5041657
2017-06-01,8.770417213439941,15.310884475708008,15.521479606628418,15.157205581665039,15.521479606628418,1429781
2017-06-02,8.645544052124023,15.083212852478027,15.493021011352539,15.060445785522461,15.42471981048584,1608987
2017-06-05,8.661855697631836,15.111672401428223,15.322267532348633,14.923843383789062,14.95799446105957,900421
2017-06-06,8.74342155456543,15.25396728515625,15.350727081298828,14.975069999694824,15.054754257202148,2341271
2017-06-07,8.88044261932373,15.493021011352539,15.589781761169434,15.293808937072754,15.458870887756348,1428024
2017-06-08,8.782567024230957,15.322267532348633,15.379185676574707,15.179973602294922,15.379185676574707,880216
2017-06-09,8.642287254333496,15.077522277832031,15.430412292480469,14.889693260192871,15.31657600402832,1828953
2017-06-12,8.531360626220703,14.884000778198242,15.071829795837402,14.576644897460938,15.009220123291016,2293307
2017-06-13,8.521571159362793,14.866926193237305,15.009220123291016,14.747398376464844,14.940918922424316,1243196
2017-06-14,8.80866813659668,15.367801666259766,15.487330436706543,14.940918922424316,14.952301979064941,6469155
2017-06-15,8.80866813659668,15.367801666259766,15.367801666259766,15.367801666259766,15.367801666259766,0
2017-06-16,8.583556175231934,14.975069999694824,15.350727081298828,14.975069999694824,15.305192947387695,7450570
2017-06-19,8.727105140686035,15.225507736206055,15.248274803161621,15.077522277832031,15.083212852478027,1974778
2017-06-20,8.648808479309082,15.088905334472656,15.31657600402832,14.87830924987793,15.140130996704102,4711180
2017-06-21,8.586821556091309,14.98076057434082,15.276734352111816,14.775856971740723,15.049062728881836,1973548
2017-06-22,8.687956809997559,15.157205581665039,15.157205581665039,14.815699577331543,15.083212852478027,1357747
2017-06-23,8.586821556091309,14.98076057434082,15.259657859802246,14.963685989379883,15.259657859802246,1566294
2017-06-26,8.88044261932373,15.493021011352539,15.686541557312012,15.043371200561523,15.043371200561523,1315406
2017-06-27,8.798885345458984,15.350727081298828,15.555630683898926,15.276734352111816,15.53286361694336,2025553
2017-06-28,8.851082801818848,15.441795349121094,15.538556098937988,15.111672401428223,15.350727081298828,1863213
2017-06-29,8.86413288116455,15.46456241607666,15.561323165893555,15.282425880432129,15.481637954711914,967360
2017-06-30,9.004417419433594,15.709308624267578,15.777609825134277,15.538556098937988,15.629624366760254,1336489
2017-07-03,9.0938720703125,15.766226768493652,15.976822853088379,15.623931884765625,15.65239143371582,1278159
2017-07-04,9.086402893066406,15.743459701538086,15.851602554321289,15.669466972351074,15.669466972351074,388982
2017-07-05,9.106115341186523,15.777609825134277,15.936980247497559,15.527172088623047,15.84022045135498,1054503
2017-07-06,8.925436973571777,15.46456241607666,15.93128776550293,15.401952743530273,15.845911979675293,1826142
2017-07-07,8.961573600769043,15.527172088623047,15.703617095947266,15.305192947387695,15.498712539672852,1232127
2017-07-10,9.099540710449219,15.766226768493652,15.86867904663086,15.538556098937988,15.538556098937988,1017608
2017-07-11,9.224370956420898,15.982514381408691,16.153268814086914,15.658082962036133,15.76053524017334,1205071
2017-07-12,9.628434181213379,16.68260383605957,16.68260383605957,16.062198638916016,16.136192321777344,2811072
2017-07-13,9.736838340759277,16.870431900024414,16.944425582885742,16.62568473815918,16.68260383605957,1224046
2017-07-14,9.85181713104248,17.069644927978516,17.069644927978516,16.830589294433594,16.910274505615234,6033966
2017-07-17,9.782830238342285,16.950117111206055,17.069644927978516,16.790746688842773,16.989959716796875,1586674
2017-07-18,9.901092529296875,17.15502166748047,17.15502166748047,16.796438217163086,17.035493850708008,1535196
2017-07-19,9.772974967956543,16.933040618896484,17.24039649963379,16.70536994934082,17.166404724121094,1328055
2017-07-20,9.687561988830566,16.78505516052246,17.18347930908203,16.78505516052246,16.904582977294922,1094912
2017-07-21,9.687561988830566,16.78505516052246,16.938732147216797,16.62568473815918,16.78505516052246,784113
2017-07-24,9.749980926513672,16.893199920654297,16.893199920654297,16.671220779418945,16.671220779418945,1181177
2017-07-25,9.91094970703125,17.172096252441406,17.172096252441406,16.904582977294922,16.933040618896484,1465446
2017-07-26,9.772974967956543,16.933040618896484,17.246089935302734,16.80213165283203,17.08102798461914,1297485
2017-07-27,9.674419403076172,16.762287139892578,17.115177154541016,16.68260383605957,17.115177154541016,1720727
2017-07-28,9.772974967956543,16.933040618896484,16.933040618896484,16.676910400390625,16.796438217163086,740717
2017-07-31,9.904380798339844,17.16071319580078,17.16071319580078,16.762287139892578,16.927349090576172,1287646
2017-08-01,9.953656196594238,17.246089935302734,17.342849731445312,16.98426628112793,17.211938858032227,2557548
2017-08-02,10.057936668395996,17.41684341430664,17.542062759399414,17.166404724121094,17.274547576904297,2165403
2017-08-03,9.873863220214844,17.098102569580078,17.43960952758789,17.098102569580078,17.35992431640625,1695252
2017-08-04,9.946175575256348,17.22332191467285,17.251781463623047,17.052568435668945,17.1379451751709,1494084
2017-08-07,10.113807678222656,17.51360321044922,17.547754287719727,17.194862365722656,17.246089935302734,1335434
2017-08-08,10.156539916992188,17.587596893310547,17.957561492919922,17.49652862548828,17.51360321044922,1808924
2017-08-09,10.08422565460205,17.462377548217773,17.5819034576416,17.354232788085938,17.422534942626953,924491
2017-08-10,10.057936668395996,17.41684341430664,17.644514083862305,17.2005558013916,17.644514083862305,1450337
2017-08-11,10.163108825683594,17.598979949951172,17.621746063232422,17.285932540893555,17.428226470947266,1639030
2017-08-14,10.330739974975586,17.889259338378906,18.07139778137207,17.422534942626953,17.50221824645996,1896946
2017-08-15,10.396488189697266,18.003095626831055,18.21369171142578,17.843725204467773,17.963253021240234,1424335
2017-08-16,10.288018226623535,17.81526756286621,18.179540634155273,17.707122802734375,18.09416389465332,3102193
2017-08-17,10.149965286254883,17.57621192932129,17.860801696777344,17.57621192932129,17.83234214782715,712079
2017-08-18,10.531251907348633,18.236459732055664,18.236459732055664,17.661588668823242,17.661588668823242,2791921
2017-08-21,10.412915229797363,18.03155517578125,18.28768539428711,18.008787155151367,18.21369171142578,790965
2017-08-22,10.807340621948242,18.714567184448242,18.74871826171875,18.24784278869629,18.293376922607422,2032580
2017-08-23,10.84679126739502,18.782869338989258,18.799945831298828,18.53243064880371,18.600732803344727,1425389
2017-08-24,10.823774337768555,18.743026733398438,18.794252395629883,18.62350082397461,18.7259521484375,2413832
2017-08-25,10.882940292358398,18.845478057861328,18.8625545501709,18.663341522216797,18.74871826171875,1295904
2017-08-28,10.781050682067871,18.66903305053711,18.8625545501709,18.503971099853516,18.822711944580078,1061531
2017-08-29,10.928959846496582,18.92516326904297,18.92516326904297,18.44705581665039,18.61211585998535,1290809
2017-08-30,10.72516918182373,18.57227325439453,18.873937606811523,18.521047592163086,18.856863021850586,1747784
2017-08-31,10.600266456604004,18.355985641479492,18.651958465576172,18.344602584838867,18.57227325439453,2654354
2017-09-01,10.810632705688477,18.720260620117188,18.88532257080078,18.475513458251953,18.475513458251953,3210419
2017-09-04,10.688044548034668,18.498281478881836,18.70887565612793,18.492589950561523,18.555198669433594,1155877
2017-09-05,10.694622039794922,18.50966453552246,19.175601959228516,18.24784278869629,18.9706974029541,2709697
2017-09-06,10.91825008392334,18.896705627441406,19.010541915893555,18.61211585998535,18.61211585998535,2574063
2017-09-07,10.91825008392334,18.896705627441406,18.896705627441406,18.896705627441406,18.896705627441406,0
2017-09-08,10.951139450073242,18.953622817993164,19.033308029174805,18.771486282348633,18.913780212402344,1450688
2017-09-11,11.181334495544434,19.352046966552734,19.57971954345703,19.06745719909668,19.152835845947266,2276089
2017-09-12,11.07611083984375,19.169910430908203,19.528493881225586,19.169910430908203,19.31789779663086,4306913
2017-09-13,11.181334495544434,19.352046966552734,19.534183502197266,19.192678451538086,19.192678451538086,2101452
2017-09-14,11.15503215789795,19.3065128326416,19.448808670043945,19.130067825317383,19.215444564819336,2438253
2017-09-15,11.474028587341309,19.85861587524414,19.85861587524414,19.152835845947266,19.28374671936035,7387321
2017-09-18,11.385236740112305,19.704938888549805,20.069211959838867,19.60248565673828,19.89276695251465,2461796
2017-09-19,11.480610847473145,19.869998931884766,19.904150009155273,19.574026107788086,19.727705001831055,2440010
2017-09-20,11.388521194458008,19.710628509521484,19.943992614746094,19.312204360961914,19.796005249023438,1651680
2017-09-21,11.279997825622559,19.52280044555664,19.926916122436523,19.517108917236328,19.83584976196289,2071408
2017-09-22,11.28329086303711,19.528493881225586,19.784622192382812,19.454498291015625,19.528493881225586,1111427
2017-09-25,11.115571975708008,19.23821258544922,19.55695152282715,19.192678451538086,19.38050651550293,3855385
2017-09-26,11.053079605102539,19.130067825317383,19.426040649414062,19.130067825317383,19.369123458862305,2819680
2017-09-27,10.96757698059082,18.98208236694336,19.289438247680664,18.777177810668945,19.158527374267578,1981454
2017-09-28,10.819591522216797,18.7259521484375,18.993465423583984,18.66903305053711,18.930856704711914,2167336
2017-09-29,10.984031677246094,19.010541915893555,19.090225219726562,18.78856086730957,18.799945831298828,1482313
2017-10-02,11.122145652770996,19.249595642089844,19.249595642089844,18.834096908569336,19.00484848022461,1335961
2017-10-03,11.680594444274902,20.205814361572266,20.205814361572266,18.96500587463379,19.23821258544922,2842696
2017-10-04,11.51607608795166,19.92122459411621,20.103361129760742,19.767547607421875,20.103361129760742,2036621
2017-10-05,11.539106369018555,19.96106719970703,20.39364242553711,19.96106719970703,20.09766960144043,2176999
2017-10-06,11.470014572143555,19.84153938293457,19.943992614746094,19.59679412841797,19.864307403564453,1322960
2017-10-09,11.483176231384277,19.864307403564453,19.864307403564453,19.53987693786621,19.84153938293457,1186799
2017-10-10,11.618071556091309,20.09766960144043,20.308265686035156,19.864307403564453,20.080595016479492,1994104
2017-10-11,11.61150074005127,20.086286544799805,20.222890853881836,19.852924346923828,20.006601333618164,2187716
2017-10-12,11.61150074005127,20.086286544799805,20.086286544799805,20.086286544799805,20.086286544799805,0
2017-10-13,11.476593017578125,19.852924346923828,20.29119110107422,19.69924545288086,20.27980613708496,4349431
2017-10-16,11.384464263916016,19.693553924560547,19.95537567138672,19.65940284729004,19.95537567138672,6074902
2017-10-17,11.312076568603516,19.568334579467773,19.790313720703125,19.437423706054688,19.790313720703125,2691601
2017-10-18,11.269298553466797,19.494342803955078,19.722013473510742,19.323589324951172,19.63663673400879,12013994
2017-10-19,11.269298553466797,19.494342803955078,19.494342803955078,19.12437629699707,19.312204360961914,2075449
2017-10-20,11.226531028747559,19.42034912109375,19.630945205688477,19.312204360961914,19.52280044555664,796236
2017-10-23,11.09162425994873,19.186986923217773,19.57971954345703,19.021923065185547,19.386198043823242,1776597
2017-10-24,11.22982120513916,19.426040649414062,19.57971954345703,19.021923065185547,19.386198043823242,3331647
2017-10-25,11.187044143676758,19.352046966552734,19.511417388916016,18.92516326904297,19.437423706054688,2647327
2017-10-26,11.029115676879883,19.078842163085938,19.59679412841797,18.9706974029541,19.312204360961914,4639850
2017-10-27,11.088339805603027,19.181293487548828,19.26097869873047,18.839786529541016,19.101608276367188,4959960
2017-10-30,10.910664558410645,18.873937606811523,19.22113609313965,18.560890197753906,19.181293487548828,3310037
2017-10-31,10.785632133483887,18.657649993896484,18.913780212402344,18.333219528198242,18.782869338989258,3022956
2017-11-01,10.496084213256836,18.156774520874023,18.703184127807617,18.077089309692383,18.634883880615234,2695115
2017-11-02,10.496084213256836,18.156774520874023,18.156774520874023,18.156774520874023,18.156774520874023,0
2017-11-03,10.475422859191895,18.11124038696289,18.19661521911621,17.860801696777344,18.179540634155273,3501014
2017-11-06,10.475422859191895,18.11124038696289,18.11124038696289,18.11124038696289,18.11124038696289,0
2017-11-07,10.126461029052734,17.507911682128906,17.900644302368164,17.39976692199707,17.889259338378906,3836586
2017-11-08,10.402995109558105,17.986019134521484,18.042938232421875,17.308698654174805,17.507911682128906,4296372
2017-11-09,10.040874481201172,17.35992431640625,18.128314971923828,17.348541259765625,18.128314971923828,3151563
2017-11-10,10.083666801452637,17.433917999267578,17.644514083862305,17.069644927978516,17.468069076538086,5349645
2017-11-13,10.040874481201172,17.35992431640625,17.35992431640625,17.35992431640625,17.35992431640625,3036484
2017-11-14,9.879549026489258,17.08102798461914,17.547754287719727,17.024110794067383,17.35992431640625,3982586
2017-11-15,9.879549026489258,17.08102798461914,17.08102798461914,17.08102798461914,17.08102798461914,0
2017-11-16,10.096834182739258,17.456684112548828,17.627437591552734,17.08102798461914,17.08102798461914,3400167
2017-11-17,10.347034454345703,17.889259338378906,17.900644302368164,17.411151885986328,17.4737606048584,2170498
2017-11-20,10.347034454345703,17.889259338378906,17.889259338378906,17.889259338378906,17.889259338378906,0
2017-11-21,10.524801254272461,18.19661521911621,18.395828247070312,17.900644302368164,17.900644302368164,2878010
2017-11-22,10.402995109558105,17.986019134521484,18.23076629638672,17.79819107055664,18.219383239746094,2528734
2017-11-23,10.330573081970215,17.860801696777344,17.963253021240234,17.667280197143555,17.963253021240234,605786
2017-11-24,10.205472946166992,17.644514083862305,17.906335830688477,17.644514083862305,17.81526756286621,1261995
2017-11-27,10.271313667297363,17.75834846496582,17.83234214782715,17.35992431640625,17.530677795410156,1946667
2017-11-28,10.221935272216797,17.6729736328125,18.099855422973633,17.587596893310547,17.923410415649414,2202299
2017-11-29,10.106714248657227,17.4737606048584,18.008787155151367,17.303007125854492,17.860801696777344,3319173
2017-11-30,10.001358032226562,17.291622161865234,17.4737606048584,17.052568435668945,17.331466674804688,5344550
2017-12-01,10.060623168945312,17.394075393676758,17.394075393676758,17.046876907348633,17.21763038635254,3517353
2017-12-04,10.12559700012207,17.49652862548828,17.712814331054688,17.388383865356445,17.428226470947266,3255572
2017-12-05,9.997132301330566,17.274547576904297,17.87787628173828,17.21763038635254,17.303007125854492,2075625
2017-12-06,10.135478019714355,17.51360321044922,17.564828872680664,16.915966033935547,17.075336456298828,2478662
2017-12-07,10.046540260314941,17.35992431640625,17.388383865356445,16.80213165283203,17.22332191467285,2752215
2017-12-08,10.046540260314941,17.35992431640625,17.701431274414062,17.314390182495117,17.627437591552734,1726700
2017-12-11,10.053131103515625,17.371307373046875,17.667280197143555,17.32008171081543,17.41684341430664,1740404
2017-12-12,10.257354736328125,17.724199295043945,17.724199295043945,17.035493850708008,17.365617752075195,2878186
2017-12-13,10.10253620147705,17.456684112548828,18.025863647460938,17.166404724121094,17.809574127197266,4178307
2017-12-14,10.0037202835083,17.285932540893555,17.314390182495117,17.052568435668945,17.263164520263672,3797055
2017-12-15,9.977364540100098,17.24039649963379,17.445301055908203,17.14363670349121,17.291622161865234,4893373
2017-12-18,9.997132301330566,17.274547576904297,17.530677795410156,17.189170837402344,17.325773239135742,4095907
2017-12-19,9.904902458190918,17.115177154541016,17.246089935302734,16.89889144897461,17.21763038635254,1316635
2017-12-20,9.997132301330566,17.274547576904297,17.35992431640625,17.115177154541016,17.115177154541016,2083355
2017-12-21,10.349579811096191,17.883567810058594,18.003095626831055,17.21763038635254,17.342849731445312,1850212
2017-12-22,10.408869743347168,17.986019134521484,18.088472366333008,17.65589714050293,17.792499542236328,836118
2017-12-25,10.408869743347168,17.986019134521484,17.986019134521484,17.986019134521484,17.986019134521484,0
2017-12-26,10.531865119934082,17.764041900634766,17.87218475341797,17.50221824645996,17.644514083862305,1300472
2017-12-27,10.599349975585938,17.87787628173828,17.9177188873291,17.741273880004883,17.764041900634766,1245304
2017-12-28,10.81869888305664,18.24784278869629,18.24784278869629,17.820959091186523,17.87218475341797,1949302
2017-12-29,10.81869888305664,18.24784278869629,18.24784278869629,18.24784278869629,18.24784278869629,0
2018-01-02,10.892934799194336,18.37306022644043,18.5267391204834,18.236459732055664,18.37306022644043,2401533
2018-01-03,10.939276695251465,18.441362380981445,18.60642433166504,18.236459732055664,18.27630043029785,1143227
2018-01-04,11.138481140136719,18.777177810668945,18.896705627441406,18.441362380981445,18.441362380981445,2077733
2018-01-05,11.14184856414795,18.782869338989258,18.879629135131836,18.600732803344727,18.879629135131836,1437863
2018-01-08,11.14184856414795,18.782869338989258,18.817020416259766,18.577964782714844,18.777177810668945,2571076
2018-01-09,11.057448387145996,18.640575408935547,18.782869338989258,18.54950714111328,18.674726486206055,2026080
2018-01-10,10.986544609069824,18.521047592163086,18.617807388305664,18.344602584838867,18.46982192993164,814859
2018-01-11,11.14184856414795,18.782869338989258,18.80563735961914,18.46982192993164,18.46982192993164,3157888
2018-01-12,11.14184856414795,18.782869338989258,18.834096908569336,18.62919044494629,18.782869338989258,1707901
2018-01-15,11.168869972229004,18.82840347290039,18.879629135131836,18.760101318359375,18.760101318359375,2024674
2018-01-16,11.35456371307373,19.14145278930664,19.181293487548828,18.88532257080078,18.89101219177246,2001483
2018-01-17,11.702324867248535,19.727705001831055,19.727705001831055,18.953622817993164,19.06745719909668,2019930
2018-01-18,11.749597549438477,19.807390213012695,19.89276695251465,19.55695152282715,19.591102600097656,3174578
2018-01-19,11.817117691040039,19.92122459411621,19.92122459411621,19.727705001831055,19.909841537475586,1562780
2018-01-22,12.053467750549316,20.319650650024414,20.319650650024414,19.84153938293457,19.92122459411621,1730039
2018-01-23,12.060215950012207,20.33103370666504,20.490402221679688,20.19443130493164,20.302574157714844,3547748
2018-01-24,12.894166946411133,21.736902236938477,21.805204391479492,20.518861770629883,20.547321319580078,3632432
2018-01-25,12.894166946411133,21.736902236938477,21.736902236938477,21.736902236938477,21.736902236938477,0
2018-01-26,13.488397598266602,22.73865509033203,22.73865509033203,21.67998504638672,21.810895919799805,3219028
2018-01-29,13.100115776062012,22.0841007232666,22.5565185546875,21.78243637084961,22.5565185546875,2268886
2018-01-30,13.167649269104004,22.19793701171875,22.19793701171875,21.651525497436523,21.913347244262695,1783098
2018-01-31,13.279058456420898,22.385765075683594,23.040319442749023,22.385765075683594,22.573593139648438,2460917
2018-02-01,12.897541046142578,21.74259376525879,22.38007354736328,21.74259376525879,22.36299705505371,2871334
2018-02-02,12.582470893859863,21.201875686645508,21.7482852935791,21.167724609375,21.355554580688477,1950883
2018-02-05,12.30211353302002,20.72945785522461,21.617374420166016,20.72945785522461,21.059581756591797,2151348
2018-02-06,12.660161972045898,21.332786560058594,21.537689208984375,20.262731552124023,20.31395721435547,4593467
2018-02-07,12.34601879119873,20.803451538085938,21.42385482788086,20.723766326904297,21.34416961669922,2250087
2018-02-08,11.981210708618164,20.188739776611328,21.122190475463867,20.13751220703125,20.94574546813965,2836195
2018-02-09,11.937302589416504,20.11474609375,20.405025482177734,19.528493881225586,20.171663284301758,3076893
2018-02-14,12.2953462600708,20.718074798583984,20.894519805908203,20.496095657348633,20.666847229003906,4087650
2018-02-15,12.376429557800293,20.854677200317383,21.08803939819336,20.718074798583984,20.877443313598633,2121480
2018-02-16,12.31562328338623,20.752225875854492,21.036813735961914,20.718074798583984,21.036813735961914,2446159
2018-02-19,12.2953462600708,20.718074798583984,20.883136749267578,20.70669174194336,20.774991989135742,1234236
2018-02-20,12.592610359191895,21.218950271606445,21.395395278930664,20.518861770629883,20.518861770629883,2064556
2018-02-21,12.832429885864258,21.62306785583496,22.027183532714844,21.258792877197266,21.31001853942871,3156482
2018-02-22,12.967545509338379,21.850738525390625,21.936115264892578,21.531999588012695,21.577533721923828,1700347
2018-02-23,12.950654029846191,21.82227897644043,21.958881378173828,21.34986114501953,21.890581130981445,3075137
2018-02-26,12.923637390136719,21.776744842529297,21.99872589111328,21.628759384155273,21.856430053710938,3089016
2018-02-27,12.835805892944336,21.628759384155273,21.850738525390625,21.458005905151367,21.776744842529297,1377952
2018-02-28,12.440598487854004,20.962820053100586,21.628759384155273,20.962820053100586,21.54338264465332,10100181
2018-03-01,12.535186767578125,21.122190475463867,21.372629165649414,20.837602615356445,21.099422454833984,1974778
2018-03-02,12.686321258544922,21.3669376373291,21.3669376373291,20.644081115722656,20.917287826538086,1807519
2018-03-05,12.858677864074707,21.65721893310547,21.65721893310547,21.059581756591797,21.196184158325195,1952640
2018-03-06,12.993852615356445,21.884889602661133,22.067026138305664,21.628759384155273,21.856430053710938,2175594
2018-03-07,12.588323593139648,21.201875686645508,21.827970504760742,20.98558807373047,21.827970504760742,2920352
2018-03-08,12.3855619430542,20.860368728637695,21.40108871459961,20.757917404174805,21.34416961669922,1774137
2018-03-09,12.672807693481445,21.34416961669922,21.355554580688477,20.763608932495117,21.014047622680664,1948599
2018-03-12,12.824878692626953,21.600299835205078,21.651525497436523,21.253101348876953,21.34986114501953,1270955
2018-03-13,12.642393112182617,21.292943954467773,21.67998504638672,21.116498947143555,21.634450912475586,1962831
2018-03-14,12.571427345275879,21.173416137695312,21.469388961791992,20.883136749267578,21.446622848510742,1367586
2018-03-15,12.287551879882812,20.6953067779541,21.196184158325195,20.6953067779541,21.04819679260254,3232557
2018-03-16,12.345005989074707,20.79206657409668,21.110807418823242,20.6953067779541,20.6953067779541,5400069
2018-03-19,12.277416229248047,20.678232192993164,20.894519805908203,20.501787185668945,20.60993194580078,1660289
2018-03-20,12.2571382522583,20.644081115722656,20.820526123046875,20.518861770629883,20.718074798583984,1755690
2018-03-21,12.368653297424316,20.8319091796875,20.98558807373047,20.621313095092773,20.740840911865234,2566508
2018-03-22,12.554533004760742,21.14495849609375,21.315710067749023,20.803451538085938,20.97420310974121,3641743
2018-03-23,12.706597328186035,21.40108871459961,21.674293518066406,20.87175178527832,20.883136749267578,1863037
2018-03-26,12.828265190124512,21.60599136352539,21.708444595336914,21.179107666015625,21.67998504638672,1347557
2018-03-27,12.561285018920898,21.156341552734375,21.67998504638672,21.036813735961914,21.600299835205078,1069964
2018-03-28,12.682936668395996,21.361244201660156,21.361244201660156,20.88882827758789,20.88882827758789,1080154
2018-03-29,13.000617980957031,21.896272659301758,22.101177215576172,21.332786560058594,21.395395278930664,2202299
2018-04-02,12.676188468933105,21.34986114501953,22.057350158691406,21.280990600585938,21.719257354736328,1213552
2018-04-03,12.853690147399902,21.63786506652832,21.769346237182617,21.274730682373047,21.500125885009766,1165317
2018-04-04,12.905757904052734,21.72551918029785,21.72551918029785,20.930377960205078,21.14324951171875,868717
2018-04-05,12.664008140563965,21.318557739257812,22.226396560668945,21.036813735961914,22.170047760009766,73957068
2018-04-06,12.567307472229004,21.155771255493164,21.36864471435547,20.85524559020996,21.28725242614746,1748295
2018-04-09,11.95734977722168,20.12897491455078,21.162033081054688,19.972450256347656,21.13698959350586,7831231
2018-04-10,12.068928718566895,20.316804885864258,20.391935348510742,19.941146850585938,20.310543060302734,4558249
2018-04-11,12.366460800170898,20.81768035888672,20.81768035888672,20.116453170776367,20.460805892944336,3806606
2018-04-12,12.113555908203125,20.391935348510742,20.661157608032227,20.122713088989258,20.661157608032227,3446597
2018-04-13,11.84577751159668,19.941146850585938,20.379413604736328,19.759578704833984,20.379413604736328,3872571
2018-04-16,11.421772956848145,19.227397918701172,20.022539138793945,19.127222061157227,20.022539138793945,4658233
2018-04-17,11.663528442382812,19.63435935974121,19.63435935974121,19.19609260559082,19.28374671936035,2771780
2018-04-18,11.990821838378906,20.18532371520996,20.222890853881836,19.60305404663086,19.703229904174805,4333842
2018-04-19,12.06148624420166,20.30428123474121,20.348108291625977,19.828449249267578,19.947406768798828,3511124
2018-04-20,11.92015552520752,20.06636619567871,20.166540145874023,19.828449249267578,20.03506088256836,2385577
2018-04-23,11.949917793273926,20.116453170776367,20.116453170776367,19.7721004486084,19.95366859436035,2023332
2018-04-24,11.86436939239502,19.972450256347656,20.285499572753906,19.840970993041992,20.2041072845459,2451702
2018-04-25,12.046615600585938,20.279237747192383,20.341848373413086,19.646881103515625,19.69070816040039,1689837
2018-04-26,12.068928718566895,20.316804885864258,20.485849380493164,19.984973907470703,20.4420223236084,2546575
2018-04-27,12.09868049621582,20.366891860961914,20.58602523803711,20.229150772094727,20.47332763671875,1974298
2018-04-30,11.86436939239502,19.972450256347656,20.5046329498291,19.972450256347656,20.366891860961914,1338773
2018-05-02,11.674687385559082,19.65314292907715,20.041322708129883,19.565488815307617,19.815927505493164,3531089
2018-05-03,11.535982131958008,19.408964157104492,19.709491729736328,19.146005630493164,19.408964157104492,2729774
2018-05-04,11.49504566192627,19.34009552001953,19.57801055908203,19.089656829833984,19.16478729248047,4564957
2018-05-07,11.349915504455566,19.095916748046875,19.346355438232422,18.914350509643555,19.302528381347656,2090734
2018-05-08,11.37968921661377,19.146005630493164,19.152265548706055,18.626346588134766,19.02078628540039,5830259
2018-05-09,11.39456844329834,19.171049118041992,19.208614349365234,18.85173988342285,19.070873260498047,2633463
2018-05-10,11.677389144897461,19.646881103515625,19.7721004486084,19.177310943603516,19.177310943603516,2767787
2018-05-11,11.42434024810791,19.22113609313965,19.640621185302734,19.127222061157227,19.552967071533203,1631060
2018-05-14,11.2271146774292,18.889305114746094,19.471574783325195,18.707738876342773,19.346355438232422,2352835
2018-05-15,11.163849830627441,18.782869338989258,18.92687225341797,18.3007755279541,18.58251953125,3830245
2018-05-16,11.39456844329834,19.171049118041992,19.171049118041992,18.595041275024414,18.7327823638916,1736475
2018-05-17,10.776833534240723,18.131729125976562,19.114700317382812,18.131729125976562,18.920610427856445,3948597
2018-05-18,10.843812942504883,18.244426727294922,18.244426727294922,17.47433090209961,18.081642150878906,4341349
2018-05-21,10.494020462036133,17.65589714050293,18.394689559936523,17.65589714050293,18.20060157775879,4083241
2018-05-22,10.765667915344238,18.112947463989258,18.325820922851562,17.781116485595703,17.849987030029297,5016485
2018-05-23,10.456806182861328,17.59328842163086,17.987728118896484,17.555721282958984,17.849987030029297,2349481
2018-05-24,10.490299224853516,17.649635314941406,17.649635314941406,17.173803329467773,17.461807250976562,2717316
2018-05-25,10.270743370056152,17.28023910522461,17.837465286254883,17.036062240600586,17.668418884277344,3147442
2018-05-28,9.917222023010254,16.685449600219727,17.048585891723633,16.453794479370117,16.917104721069336,3168525
2018-05-29,9.831634521484375,16.541446685791016,16.979713439941406,16.366140365600586,16.904582977294922,5932320
2018-05-30,9.705107688903809,16.328575134277344,16.729276657104492,16.23465919494629,16.303531646728516,12953611
2018-06-01,10.084676742553711,16.967191696166992,17.054845809936523,16.5289249420166,16.535186767578125,4517201
2018-06-04,10.202812194824219,17.15502166748047,17.261457443237305,16.954669952392578,16.979713439941406,2363856
2018-06-05,9.73363208770752,16.366140365600586,17.13623809814453,16.17205047607422,16.917104721069336,3206538
2018-06-06,9.480422973632812,15.94039535522461,16.46631622314453,15.702479362487793,16.197093963623047,3022860
2018-06-07,9.290520668029785,15.621086120605469,15.82769775390625,14.66316032409668,15.470823287963867,5374737
2018-06-08,9.327747344970703,15.683695793151855,15.802654266357422,14.994991302490234,15.414475440979004,3938216
2018-06-11,9.13784408569336,15.364386558532715,15.808915138244629,15.170297622680664,15.808915138244629,2539867
2018-06-12,9.08944034576416,15.282995223999023,15.527172088623047,15.063860893249512,15.270472526550293,2572450
2018-06-13,8.9293212890625,15.013773918151855,15.326821327209473,14.65063762664795,15.282995223999023,3879279
2018-06-14,8.4713134765625,14.24367618560791,15.095166206359863,14.24367618560791,15.095166206359863,4832168
2018-06-15,8.687284469604492,14.606810569763184,14.606810569763184,13.98071575164795,14.262458801269531,7617206
2018-06-18,8.452692985534668,14.212370872497559,14.437766075134277,14.068368911743164,14.343851089477539,5654567
2018-06-19,8.825058937072754,14.83846664428711,15.070121765136719,14.074629783630371,14.11219596862793,4661587
2018-06-20,8.880911827087402,14.932380676269531,15.326821327209473,14.71950912475586,15.020034790039062,3138977
2018-06-21,8.605366706848145,14.469070434570312,15.107687950134277,14.368894577026367,14.907337188720703,3476305
2018-06-22,8.787823677062988,14.775856971740723,14.825944900512695,14.450287818908691,14.606810569763184,3296940
2018-06-25,8.731969833374023,14.6819429397583,14.876032829284668,14.412721633911133,14.807162284851074,2461285
2018-06-26,8.73941707611084,14.694464683532715,14.876032829284668,14.444026947021484,14.857250213623047,2812349
2018-06-27,8.609091758728027,14.47533130645752,14.807162284851074,14.274980545043945,14.713248252868652,2292141
2018-06-28,8.880911827087402,14.932380676269531,14.96994686126709,14.356372833251953,14.450287818908691,2386855
2018-06-29,9.078269004821777,15.264211654663086,15.264211654663086,14.863511085510254,14.963685989379883,3999708
2018-07-02,9.022940635681152,15.063860893249512,15.132732391357422,14.732030868530273,14.932380676269531,2823051
2018-07-03,9.250831604003906,15.433258056640625,15.646129608154297,15.057600021362305,15.176557540893555,2894126
2018-07-04,9.44223403930664,15.75256633758545,15.75256633758545,15.445779800415039,15.59604263305664,2638574
2018-07-05,9.382180213928223,15.65239143371582,15.896568298339844,15.282995223999023,15.796393394470215,3088825
2018-07-06,9.45348834991455,15.77134895324707,15.846481323242188,15.426997184753418,15.702479362487793,1345321
2018-07-10,9.303373336791992,15.52091121673584,16.040569305419922,15.345603942871094,15.821436882019043,2105748
2018-07-11,9.273344039916992,15.470823287963867,15.677434921264648,15.358125686645508,15.395691871643066,1853710
2018-07-12,9.494769096374512,15.84022045135498,15.865263938903809,15.495866775512695,15.589781761169434,4073498
2018-07-13,9.663651466369629,16.121963500976562,16.26596450805664,15.740044593811035,15.783870697021484,3354758
2018-07-16,9.7387056350708,16.247182846069336,16.25970458984375,15.977960586547852,16.121963500976562,1966153
2018-07-17,10.076467514038086,16.8106689453125,16.829450607299805,16.0969181060791,16.26596450805664,2624678
2018-07-18,9.881316184997559,16.485097885131836,16.78562355041504,16.32231330871582,16.69797134399414,3017270
2018-07-19,9.847539901733398,16.428749084472656,16.428749084472656,15.909090042114258,16.184572219848633,4216288
2018-07-20,10.320401191711426,17.21763038635254,17.42424201965332,16.904582977294922,17.036062240600586,10225114
2018-07-23,10.264107704162598,17.123716354370117,17.21763038635254,17.023540496826172,17.13623809814453,6679490
2018-07-24,10.511797904968262,17.53693962097168,17.53693962097168,17.22389030456543,17.455547332763672,6291051
2018-07-25,10.770748138427734,17.968944549560547,18.112947463989258,17.518156051635742,17.518156051635742,7234996
2018-07-26,10.399213790893555,17.349109649658203,18.188079833984375,17.09867286682129,18.156774520874023,6728045
2018-07-27,10.474270820617676,17.47433090209961,17.493112564086914,17.205108642578125,17.37415313720703,2002249
2018-07-30,10.658159255981445,17.781116485595703,17.818681716918945,17.430503845214844,17.524417877197266,4149206
2018-07-31,10.463001251220703,17.455547332763672,17.7623348236084,17.361631393432617,17.7623348236084,3791433
2018-08-01,10.620631217956543,17.718507766723633,17.77485466003418,17.261457443237305,17.28023910522461,2886779
2018-08-02,10.582043647766113,17.643375396728516,17.649635314941406,17.31154441833496,17.499372482299805,1472618
2018-08-03,10.784828186035156,17.98146629333496,18.112947463989258,17.618331909179688,17.718507766723633,3580123
2018-08-06,10.664660453796387,17.781116485595703,18.069120407104492,17.756072998046875,18.069120407104492,1674344
2018-08-07,10.431838035583496,17.39293670654297,17.968944549560547,17.230152130126953,17.843725204467773,2223142
2018-08-08,10.240327835083008,17.073627471923828,17.65589714050293,16.87327766418457,17.549461364746094,3147442
2018-08-09,10.07509708404541,16.798145294189453,17.205108642578125,16.635360717773438,17.01728057861328,2574366
2018-08-10,9.549376487731934,15.921611785888672,16.672927856445312,15.896568298339844,16.5289249420166,2819537
2018-08-13,9.782197952270508,16.309791564941406,16.378662109375,15.765088081359863,15.859003067016602,1424862
2018-08-14,9.917380332946777,16.535186767578125,16.622838973999023,16.23465919494629,16.57901382446289,2243586
2018-08-15,9.853544235229492,16.428749084472656,16.460054397583008,16.103179931640625,16.222137451171875,3879758
2018-08-16,9.68832015991211,16.153268814086914,16.522663116455078,16.103179931640625,16.510141372680664,1707087
2018-08-17,9.42920970916748,15.721261978149414,16.134485244750977,15.715001106262207,15.90282917022705,2428702
2018-08-20,9.440479278564453,15.740044593811035,15.852742195129395,15.533432960510254,15.689956665039062,2663171
2018-08-21,9.125039100646973,15.214123725891113,15.846481323242188,15.138993263244629,15.589781761169434,3769711
2018-08-22,9.425460815429688,15.715001106262207,15.715001106262207,15.04507827758789,15.051339149475098,3467201
2018-08-23,9.181370735168457,15.308038711547852,15.796393394470215,15.15777587890625,15.65239143371582,2349800
2018-08-24,9.256475448608398,15.433258056640625,15.689956665039062,15.28925609588623,15.614825248718262,1628505
2018-08-27,9.575661659240723,15.965438842773438,16.05935287475586,15.527172088623047,15.646129608154297,1934848
2018-08-28,9.662025451660156,16.10944175720215,16.10944175720215,15.790131568908691,15.871524810791016,3057360
2018-08-29,9.714609146118164,16.197093963623047,16.460054397583008,16.053091049194336,16.14700698852539,2815863
2018-08-30,9.34284782409668,15.57726001739502,16.121963500976562,15.489605903625488,16.09065818786621,2601519
2018-08-31,9.42920970916748,15.721261978149414,15.984222412109375,15.458301544189453,15.508389472961426,7331307
2018-09-03,9.320313453674316,15.539693832397461,15.646129608154297,15.414475440979004,15.583520889282227,1185761
2018-09-04,9.033687591552734,15.051339149475098,15.477084159851074,14.938641548156738,15.477084159851074,3108151
2018-09-05,9.086295127868652,15.138993263244629,15.145254135131836,14.825944900512695,15.02629566192627,3521666
2018-09-06,9.349340438842773,15.57726001739502,15.59604263305664,14.944903373718262,15.22038459777832,2826085
2018-09-10,9.356854438781738,15.589781761169434,15.921611785888672,15.370648384094238,15.765088081359863,6389758
2018-09-11,9.018655776977539,15.02629566192627,15.257950782775879,14.844728469848633,15.257950782775879,1849877
2018-09-12,9.04871940612793,15.076382637023926,15.489605903625488,15.057600021362305,15.207862854003906,4552020
2018-09-13,9.033687591552734,15.051339149475098,15.23290729522705,14.857250213623047,15.182819366455078,1396431
2018-09-14,9.127629280090332,15.207862854003906,15.376909255981445,14.819684028625488,14.901076316833496,1658053
2018-09-17,9.383159637451172,15.633607864379883,15.84022045135498,15.063860893249512,15.138993263244629,2289266
2018-09-18,9.548501968383789,15.909090042114258,16.134485244750977,15.589781761169434,15.65239143371582,4125567
2018-09-19,9.548501968383789,15.909090042114258,16.184572219848633,15.602304458618164,15.82769775390625,3084033
2018-09-20,9.522197723388672,15.865263938903809,16.20961570739746,15.796393394470215,16.0969181060791,1603429
2018-09-21,9.717604637145996,16.190832138061523,16.328575134277344,15.896568298339844,16.02804946899414,4883439
2018-09-24,9.394439697265625,15.65239143371582,16.215877532958984,15.65239143371582,16.078136444091797,1379341
2018-09-25,9.499653816223145,15.82769775390625,15.984222412109375,15.426997184753418,15.426997184753418,3100644
2018-09-26,9.642450332641602,16.065614700317383,16.278486251831055,15.88404655456543,15.94039535522461,3210372
2018-09-27,9.860400199890137,16.428749084472656,16.49135971069336,16.14700698852539,16.253442764282227,2742392
2018-09-28,9.676265716552734,16.121963500976562,16.284748077392578,15.965438842773438,16.284748077392578,1783752
2018-10-01,9.597352981567383,15.990483283996582,16.09065818786621,15.783870697021484,15.996744155883789,2172830
2018-10-02,10.265655517578125,17.092411041259766,17.211368560791016,16.303531646728516,16.510141372680664,4724198
2018-10-03,10.762016296386719,17.91885757446289,18.31955909729004,17.724767684936523,18.09416389465332,7730607
2018-10-04,10.671771049499512,17.76859474182129,17.98146629333496,17.443025588989258,17.91259765625,2938368
2018-10-05,10.359663963317871,17.24893569946289,18.087902069091797,17.24893569946289,18.03155517578125,3682504
2018-10-08,10.904911994934082,18.156774520874023,18.720260620117188,18.03155517578125,18.344602584838867,14896605
2018-10-09,10.919955253601074,18.18181800842285,18.344602584838867,17.993989944458008,18.175556182861328,6593561
2018-10-10,10.45367431640625,17.405458450317383,17.98146629333496,17.405458450317383,17.849987030029297,3076526
2018-10-11,10.513834953308105,17.505634307861328,17.80615997314453,17.19258689880371,17.724767684936523,4790322
2018-10-15,10.622884750366211,17.68720245361328,17.962684631347656,17.680940628051758,17.718507766723633,2244864
2018-10-16,11.070362091064453,18.4322566986084,18.43851661682129,17.906335830688477,17.987728118896484,2996666
2018-10-17,11.07412052154541,18.43851661682129,18.58877944946289,18.137990951538086,18.31955909729004,3808044
2018-10-18,10.731934547424316,17.868770599365234,18.38216781616211,17.868770599365234,18.38216781616211,4017437
2018-10-19,10.750737190246582,17.900075912475586,18.38216781616211,17.77485466003418,18.38216781616211,1775447
2018-10-22,10.878585815429688,18.112947463989258,18.275732040405273,17.900075912475586,17.900075912475586,3017909
2018-10-23,10.908661842346191,18.163034439086914,18.369646072387695,17.799898147583008,17.875030517578125,3560797
2018-10-24,10.600323677062988,17.649635314941406,18.37590789794922,17.649635314941406,18.188079833984375,4040277
2018-10-25,11.055315017700195,18.407211303710938,18.70147705078125,17.787376403808594,17.837465286254883,5730434
2018-10-26,11.179417610168457,18.61382484436035,18.65138816833496,18.21312141418457,18.569997787475586,7330029
2018-10-29,10.950037002563477,18.231904983520508,18.607563018798828,17.931379318237305,18.4322566986084,6649463
2018-10-30,11.435111999511719,19.039569854736328,19.089656829833984,18.056598663330078,18.544952392578125,7447104
2018-10-31,11.374943733215332,18.93939208984375,19.4027042388916,18.595041275024414,19.327573776245117,5094908
2018-11-01,11.972838401794434,19.934886932373047,19.991233825683594,19.158527374267578,19.158527374267578,6950215
2018-11-05,12.415764808654785,20.661157608032227,20.786376953125,19.7721004486084,19.815927505493164,5591797
2018-11-06,12.201303482055664,20.30428123474121,20.598546981811523,20.116453170776367,20.191585540771484,3285759
2018-11-07,12.15239429473877,20.222890853881836,20.604808807373047,19.86601448059082,20.510894775390625,4246795
2018-11-08,11.70467758178711,19.47783660888672,20.341848373413086,19.415225982666016,20.285499572753906,3544825
2018-11-09,11.964276313781738,19.909841537475586,19.909841537475586,19.25244140625,19.408964157104492,3927674
2018-11-12,11.983091354370117,19.941146850585938,20.0726261138916,19.60305404663086,20.022539138793945,3392133
2018-11-13,11.7310152053833,19.52166175842285,20.053844451904297,19.264963150024414,20.028799057006836,2342932
2018-11-14,11.851411819458008,19.722013473510742,19.778362274169922,19.321311950683594,19.52166175842285,3859793
2018-11-16,12.509822845458984,20.81768035888672,20.81768035888672,19.703229904174805,19.941146850585938,5924813
2018-11-19,12.366843223571777,20.579763412475586,20.611068725585938,20.160280227661133,20.58602523803711,4445806
2018-11-21,12.250213623046875,20.38567352294922,20.448284149169922,20.110191345214844,20.197845458984375,4369460
2018-11-22,12.276556968688965,20.429500579833984,20.46706771850586,20.191585540771484,20.310543060302734,2455215
2018-11-23,12.30289363861084,20.47332763671875,20.485849380493164,20.21036720275879,20.341848373413086,4223316
2018-11-26,12.03952407836914,20.03506088256836,20.748809814453125,19.7721004486084,20.573503494262695,5658081
2018-11-27,12.528631210327148,20.84898567199707,21.036813735961914,20.047582626342773,20.0726261138916,4843668
2018-11-28,12.934967041015625,21.525169372558594,21.525169372558594,20.498371124267578,20.867767333984375,4823064
2018-11-29,13.025257110595703,21.675432205200195,21.83821678161621,21.212120056152344,21.25594711303711,3864105
2018-11-30,12.637740135192871,21.030553817749023,21.95091438293457,21.030553817749023,21.619083404541016,7862696
2018-12-03,12.59635066986084,20.961681365966797,21.562734603881836,20.723766326904297,21.562734603881836,4857085
2018-12-04,12.610369682312012,20.97420310974121,21.16829490661621,20.448284149169922,21.130727767944336,4142817
2018-12-05,12.655543327331543,21.049335479736328,21.049335479736328,20.742549896240234,20.97420310974121,1366883
2018-12-06,12.832467079162598,21.34360122680664,21.34360122680664,20.492111206054688,20.692461013793945,2734725
2018-12-07,12.666840553283691,21.068119049072266,21.644126892089844,20.8740291595459,21.105684280395508,4076693
2018-12-10,12.380758285522461,20.59228515625,21.25594711303711,20.567241668701172,21.08064079284668,3433021
2018-12-11,12.425921440124512,20.667417526245117,20.980464935302734,20.492111206054688,20.886550903320312,3211490
2018-12-12,12.53509521484375,20.84898567199707,21.155771255493164,20.598546981811523,20.84898567199707,5223003
2018-12-13,12.896464347839355,21.450037002563477,21.450037002563477,20.75507164001465,20.81768035888672,2756926
2018-12-14,12.738358497619629,21.187076568603516,21.43125343322754,20.99298667907715,21.22464370727539,2969673
2018-12-17,12.478625297546387,20.75507164001465,21.218381881713867,20.711244583129883,21.07438087463379,2749899
2018-12-18,12.681894302368164,21.093162536621094,21.205860137939453,20.773853302001953,20.91159439086914,3554089
2018-12-19,12.478625297546387,20.75507164001465,21.387426376342773,20.75507164001465,21.249685287475586,5193615
2018-12-20,12.610369682312012,20.97420310974121,20.99298667907715,20.661157608032227,20.917856216430664,3271704
2018-12-21,12.520030975341797,20.82394027709961,20.986726760864258,20.59228515625,20.96794319152832,6853904
2018-12-26,12.47541618347168,20.335586547851562,20.38567352294922,19.897319793701172,20.09766960144043,2830398
2018-12-27,12.790369033813477,20.84898567199707,20.84898567199707,20.216629028320312,20.310543060302734,2813946
2018-12-28,13.001617431640625,21.19333839416504,21.40620994567871,20.84898567199707,20.97420310974121,5062325
2019-01-02,13.739082336425781,22.39544105529785,22.608314514160156,21.005508422851562,21.274730682373047,5374737
2019-01-03,14.026236534118652,22.85249137878418,22.85249137878418,21.938392639160156,22.289005279541016,6143629
2019-01-04,13.718809127807617,22.35161590576172,22.94014549255371,22.195091247558594,22.382919311523438,7384813
2019-01-07,13.834094047546387,22.539443969726562,22.777360916137695,22.295265197753906,22.320310592651367,3454743
2019-01-08,13.987808227539062,22.78988265991211,22.78988265991211,22.088655471801758,22.539443969726562,3696879
2019-01-09,14.279863357543945,23.265714645385742,23.303279876708984,22.695966720581055,22.896318435668945,3795745
2019-01-10,14.32213306427002,23.334585189819336,23.57876205444336,22.96518898010254,22.996492385864258,2617970
2019-01-11,14.264484405517578,23.240671157836914,23.322063446044922,22.839969635009766,23.322063446044922,2713323
2019-01-14,14.279863357543945,23.265714645385742,23.422237396240234,23.00275421142578,23.02153778076172,2347884
2019-01-15,14.333662033081055,23.353368759155273,23.365890502929688,22.877534866333008,23.165538787841797,3299495
2019-01-16,14.410517692565918,23.478586196899414,23.534936904907227,23.17806053161621,23.34710693359375,3947799
2019-01-17,14.468157768249512,23.572500228881836,23.66641616821289,23.215627670288086,23.466064453125,2981972
2019-01-18,14.641079902648926,23.854244232177734,23.910593032836914,23.49736976623535,23.62885093688965,6294884
2019-01-21,14.387454986572266,23.441020965576172,23.7478084564209,23.190582275390625,23.660154342651367,2045534
2019-01-22,14.375930786132812,23.422237396240234,23.603805541992188,23.090408325195312,23.353368759155273,3243593
2019-01-23,14.648774147033691,23.86676597595215,23.86676597595215,23.328323364257812,23.453542709350586,3877203
2019-01-24,14.86396312713623,24.21738052368164,24.21738052368164,23.678937911987305,23.685199737548828,3646088
2019-01-28,15.213656425476074,24.787126541137695,24.787126541137695,23.791635513305664,24.01076889038086,5466417
2019-01-29,14.798643112182617,24.110944747924805,24.918607711791992,24.110944747924805,24.862258911132812,5283857
2019-01-30,14.917762756347656,24.30503273010254,24.405208587646484,23.509891510009766,24.292510986328125,5301106
2019-01-31,15.471137046813965,25.20661163330078,25.78261947631836,24.862258911132812,25.106435775756836,5793363
2019-02-01,15.286677360534668,24.906084060668945,25.34435272216797,24.51164436340332,25.26296043395996,5088200
2019-02-04,15.620092391967773,25.43826675415039,25.669921875,24.486600875854492,24.643125534057617,4108477
2019-02-05,15.608561515808105,25.419483184814453,25.8201847076416,25.250438690185547,25.513397216796875,3777697
2019-02-06,14.866568565368652,24.211118698120117,25.225393295288086,24.204858779907227,25.156522750854492,3228899
2019-02-07,15.081865310668945,24.56173324584961,24.780866622924805,24.110944747924805,24.355121612548828,4519756
2019-02-08,15.47400188446045,25.200349807739258,25.200349807739258,24.342599868774414,24.517906188964844,4929757
2019-02-11,15.174127578735352,24.711994171142578,25.20661163330078,24.42399024963379,25.05634880065918,5727878
2019-02-12,15.500909805297852,25.244176864624023,25.632356643676758,24.94991111755371,25.043825149536133,4176198
2019-02-13,15.370193481445312,25.03130340576172,25.563486099243164,24.85599708557129,25.244176864624023,6422820
2019-02-14,15.893033981323242,25.882793426513672,25.882793426513672,24.530427932739258,24.981216430664062,4480944
2019-02-15,15.681595802307129,25.538442611694336,26.05183982849121,25.413223266601562,25.770097732543945,5372022
2019-02-18,15.320211410522461,24.94991111755371,25.563486099243164,24.88730239868164,25.34435272216797,2748621
2019-02-19,15.570104598999023,25.356874465942383,25.55096435546875,25.06260871887207,25.212871551513672,4077012
2019-02-20,15.270233154296875,24.868518829345703,25.644878387451172,24.85599708557129,25.450788497924805,5557617
2019-02-21,15.454769134521484,25.169044494628906,25.212871551513672,24.605558395385742,25.093914031982422,4335918
2019-02-22,15.4240140914917,25.11895751953125,25.34435272216797,24.79964828491211,25.34435272216797,3529013
2019-02-25,15.316372871398926,24.94365119934082,25.225393295288086,24.77460479736328,25.11895751953125,2036589
2019-02-26,15.381730079650879,25.050086975097656,25.169044494628906,24.705734252929688,24.780866622924805,2358265
2019-02-27,15.281776428222656,24.88730239868164,25.131479263305664,24.62434196472168,24.993738174438477,2533957
2019-02-28,14.812746047973633,24.12346649169922,24.91234588623047,24.110944747924805,24.88730239868164,6882973
2019-03-01,14.378318786621094,23.415977478027344,24.36138153076172,23.415977478027344,24.330076217651367,3677073
2019-03-06,14.269576072692871,23.2281494140625,23.735286712646484,23.14675521850586,23.54745864868164,2605672
2019-03-07,14.400343894958496,23.441020965576172,23.66641616821289,23.12171173095703,23.271974563598633,5274753
2019-03-08,14.53880500793457,23.66641616821289,23.816679000854492,23.14049530029297,23.428499221801758,3525978
2019-03-11,15.131133079528809,24.630603790283203,24.686952590942383,23.804157257080078,23.84798240661621,3072373
2019-03-12,15.296525001525879,24.899824142456055,24.899824142456055,24.44903564453125,24.812171936035156,4762690
2019-03-13,15.288825035095215,24.88730239868164,25.156522750854492,24.593036651611328,24.724517822265625,7238031
2019-03-14,15.234972953796387,24.79964828491211,24.974956512451172,24.57425308227539,24.94365119934082,5318037
2019-03-15,15.308050155639648,24.918607711791992,24.981216430664062,24.74329948425293,24.77460479736328,6342481
2019-03-18,15.419600486755371,25.100175857543945,25.100175857543945,24.837215423583984,24.94365119934082,3710135
2019-03-19,15.115743637084961,24.605558395385742,25.100175857543945,24.605558395385742,24.981216430664062,3025575
2019-03-20,14.831119537353516,24.142248153686523,24.762083053588867,24.110944747924805,24.630603790283203,4904841
2019-03-21,14.365727424621582,23.384672164916992,24.24242401123047,23.11545181274414,24.142248153686523,4490208
2019-03-22,13.984951972961426,22.76483726501465,23.0778865814209,22.41422462463379,23.0778865814209,5439104
2019-03-25,14.038795471191406,22.85249137878418,23.040319442749023,22.42048454284668,22.458051681518555,4638907
2019-03-26,14.084953308105469,22.927623748779297,23.19684410095215,22.839969635009766,23.14675521850586,2872564
2019-03-27,13.638782501220703,22.201351165771484,22.721010208129883,22.051088333129883,22.539443969726562,4555693
2019-03-28,14.231108665466309,23.165538787841797,23.478586196899414,21.925870895385742,22.107437133789062,4978951
2019-03-29,14.55804443359375,23.697721481323242,23.697721481323242,23.14675521850586,23.372150421142578,4108317
2019-04-01,14.584964752197266,23.741546630859375,24.214876174926758,23.583770751953125,23.906835556030273,2837692
2019-04-02,14.454387664794922,23.51615333557129,23.77911376953125,23.215627670288086,23.77911376953125,2473264
2019-04-03,14.269664764404297,23.215627670288086,23.816679000854492,22.930126190185547,23.794139862060547,4556412
2019-04-04,14.500568389892578,23.591283798217773,23.764087677001953,23.215627670288086,23.51615333557129,4920840
2019-04-05,14.57907485961914,23.71900749206543,23.94440269470215,23.40345573425293,23.71149444580078,4046240
2019-04-08,14.629873275756836,23.801652908325195,23.914350509643555,23.471073150634766,23.749059677124023,3498267
2019-04-09,14.54212760925293,23.658903121948242,23.703981399536133,23.23816680908203,23.703981399536133,4297399
2019-04-10,14.408204078674316,23.441020965576172,23.741546630859375,23.260705947875977,23.741546630859375,1991708
2019-04-11,14.255807876586914,23.193086624145508,23.50112533569336,22.802404403686523,23.50112533569336,2628325
2019-04-12,14.084943771362305,22.91510009765625,23.373403549194336,22.65965461730957,22.885047912597656,4384846
2019-04-15,13.97410774230957,22.734785079956055,23.042823791503906,22.584522247314453,22.997745513916016,3933770
2019-04-16,13.964872360229492,22.719758987426758,22.990232467651367,22.629600524902344,22.629600524902344,3701377
2019-04-17,13.890985488891602,22.59954833984375,22.930126190185547,22.148759841918945,22.794891357421875,6712898
2019-04-18,14.06185531616211,22.877534866333008,23.02779769897461,22.44928550720215,22.727272033691406,3065159
2019-04-22,14.05723762512207,22.87002182006836,22.97520637512207,22.471824645996094,22.734785079956055,2729215
2019-04-23,14.315850257873535,23.29075813293457,23.531179428100586,22.87002182006836,22.952667236328125,4169756
2019-04-24,14.320462226867676,23.29827117919922,23.320810317993164,22.734785079956055,23.29075813293457,3433980
2019-04-25,14.315850257873535,23.29075813293457,23.365890502929688,22.637113571166992,23.365890502929688,5600182
2019-04-26,14.315850257873535,23.29075813293457,23.40345573425293,23.155521392822266,23.268218994140625,3699780
2019-04-29,14.274282455444336,23.223140716552734,23.55371856689453,22.990232467651367,23.55371856689453,3918597
2019-04-30,14.315850257873535,23.29075813293457,23.365890502929688,22.997745513916016,23.18557357788086,5488511
2019-05-02,14.371255874633789,23.380916595458984,23.49361228942871,22.937639236450195,23.08039093017578,4485603
2019-05-03,14.66108512878418,23.839218139648438,23.839218139648438,23.33583641052246,23.441020965576172,5379369
2019-05-06,14.185169219970703,23.065364837646484,23.726520538330078,22.990232467651367,23.61382484436035,3019107
2019-05-07,13.986478805541992,22.742298126220703,22.87002182006836,22.23891830444336,22.87002182006836,3667437
2019-05-08,14.314539909362793,23.275732040405273,23.65138816833496,22.877534866333008,22.900075912475586,3202119
2019-05-09,14.03268814086914,22.81743049621582,23.08039093017578,22.644628524780273,23.02779769897461,2331379
2019-05-10,13.88945198059082,22.584522247314453,22.937639236450195,22.336589813232422,22.689706802368164,3764999
2019-05-13,13.492082595825195,21.938392639160156,22.2764835357666,21.85574722290039,22.096168518066406,3344669
2019-05-14,13.376568794250488,21.75056266784668,22.126220703125,21.712997436523438,22.088655471801758,2720697
2019-05-15,13.25643253326416,21.555221557617188,21.69797134399414,21.21712875366211,21.48760223388672,4653042
2019-05-16,13.016157150268555,21.16453742980957,21.510141372680664,20.961681365966797,21.284748077392578,4189189
2019-05-17,13.122427940368652,21.337339401245117,21.570247650146484,21.036813735961914,21.141998291015625,4051164
2019-05-20,13.575250625610352,22.073627471923828,22.073627471923828,21.22464370727539,21.43501091003418,3185615
2019-05-21,14.16206169128418,23.02779769897461,23.087902069091797,21.945905685424805,22.148759841918945,4038120
2019-05-22,13.95875358581543,22.697219848632812,23.13298225402832,22.569496154785156,23.042823791503906,2445180
2019-05-23,13.963374137878418,22.70473289489746,22.82494354248047,22.306535720825195,22.48685073852539,3234063
2019-05-24,13.870965957641602,22.55447006225586,22.930126190185547,22.43425941467285,22.930126190185547,4143536
2019-05-27,14.069652557373047,22.877534866333008,23.148008346557617,22.644628524780273,22.76483726501465,2632718
2019-05-28,14.5409574508667,23.643875122070312,23.65138816833496,22.70473289489746,22.91510009765625,10458199
2019-05-29,14.80894660949707,24.079639434814453,24.19233512878418,23.39594268798828,23.49361228942871,4162170
2019-05-30,15.03997802734375,24.45529556274414,24.500375747680664,23.77911376953125,24.079639434814453,2969860
2019-05-31,15.086176872253418,24.530427932739258,24.710742950439453,24.24492835998535,24.25244140625,3712159
2019-06-03,15.141624450683594,24.620586395263672,24.710742950439453,24.282493591308594,24.605558395385742,3772320
2019-06-04,15.117242813110352,24.5679931640625,24.77084732055664,24.372652053833008,24.755821228027344,4179073
2019-06-05,14.94156551361084,24.282493591308594,24.703229904174805,24.02704620361328,24.583019256591797,3458470
2019-06-06,15.140356063842773,24.605558395385742,24.79338836669922,24.32006072998047,24.57550621032715,2160745
2019-06-07,15.232819557189941,24.755821228027344,25.041322708129883,24.492862701416016,24.703229904174805,2644563
2019-06-10,15.094123840332031,24.530427932739258,24.7332820892334,24.004507064819336,24.492862701416016,3073145
2019-06-11,15.131113052368164,24.590532302856445,24.78587532043457,24.365137100219727,24.643125534057617,4406674
2019-06-12,15.158856391906738,24.63561248779297,24.94365119934082,24.365137100219727,24.62809944152832,4670745
2019-06-13,14.997031211853027,24.372652053833008,24.61307144165039,23.87678337097168,24.45529556274414,4494787
2019-06-14,14.793635368347168,24.042072296142578,24.312545776367188,23.749059677124023,24.312545776367188,3574533
2019-06-17,14.710412979125977,23.906835556030273,24.274980545043945,23.86927032470703,23.94440269470215,2920080
2019-06-18,14.881467819213867,24.18482208251953,24.47032356262207,23.98948097229004,24.19233512878418,2992088
2019-06-19,15.228199005126953,24.748308181762695,24.748308181762695,23.94440269470215,24.350112915039062,3485755
2019-06-21,15.57953929901123,25.319307327270508,25.319307327270508,24.79338836669922,24.79338836669922,5294318
2019-06-24,15.648883819580078,25.4320068359375,25.544702529907227,25.138992309570312,25.386926651000977,3589440
2019-06-25,15.380759239196777,24.99624252319336,25.379413604736328,24.665664672851562,25.25920295715332,4635074
2019-06-26,15.4408540725708,25.093914031982422,25.289255142211914,24.755821228027344,25.018781661987305,6289241
2019-06-27,15.487074851989746,25.169044494628906,25.169044494628906,24.56048011779785,24.921110153198242,3556432
2019-06-28,15.463973045349121,25.131479263305664,25.4320068359375,25.131479263305664,25.386926651000977,3222617
2019-07-01,15.567371368408203,25.169044494628906,25.4320068359375,25.071374893188477,25.25920295715332,2599176
2019-07-02,15.55214786529541,25.131479263305664,25.37190055847168,24.800901412963867,25.326820373535156,2709649
2019-07-03,15.845061302185059,25.604808807373047,25.68745231628418,24.845979690551758,24.966190338134766,2898518
2019-07-04,16.198410034179688,26.17580795288086,26.288503646850586,25.807662963867188,25.90533447265625,2591457
2019-07-05,16.323945999145508,26.378662109375,26.468820571899414,25.867767333984375,26.123214721679688,2017796
2019-07-08,16.430883407592773,26.551464080810547,26.551464080810547,26.183319091796875,26.33358383178711,3064760
2019-07-10,16.319299697875977,26.37114906311035,26.96468734741211,26.318557739257812,26.664161682128906,5424889
2019-07-11,16.13332748413086,26.07062339782715,26.26596450805664,25.73253059387207,26.22088623046875,3681546
2019-07-12,15.812512397766113,25.552215576171875,26.243425369262695,25.552215576171875,26.190832138061523,2821853
2019-07-15,15.817168235778809,25.559728622436523,25.762584686279297,25.36438751220703,25.73253059387207,1868191
2019-07-16,15.677687644958496,25.334335327148438,25.67993927001953,25.244176864624023,25.492111206054688,1996100
2019-07-17,15.733477592468262,25.42449188232422,25.63486099243164,25.36438751220703,25.454544067382812,1949249
2019-07-18,16.02173614501953,25.890308380126953,26.025543212890625,25.394439697265625,25.492111206054688,1954041
2019-07-19,15.821807861328125,25.567241668701172,25.867767333984375,25.281742095947266,25.762584686279297,2309684
2019-07-22,15.989189147949219,25.83771514892578,26.07062339782715,25.552215576171875,25.64237403869629,2454630
2019-07-23,15.993844985961914,25.84522819519043,26.048084259033203,25.717504501342773,25.995492935180664,2961475
2019-07-24,16.286752700805664,26.318557739257812,26.42374038696289,25.920360565185547,26.00300407409668,3572936
2019-07-25,15.487051010131836,25.026296615600586,25.807662963867188,24.868518829345703,25.73253059387207,4334534
2019-07-26,15.235997200012207,24.620586395263672,25.244176864624023,24.620586395263672,25.244176864624023,4231648
2019-07-29,15.235997200012207,24.620586395263672,24.845979690551758,24.4027042388916,24.61307144165039,3396312
2019-07-30,14.970974922180176,24.19233512878418,24.51540184020996,23.82419204711914,24.4177303314209,3714821
2019-07-31,14.464200019836426,23.373403549194336,24.274980545043945,23.29827117919922,24.207361221313477,5968603
2019-08-01,14.338667869567871,23.170547485351562,24.117204666137695,23.125469207763672,23.425994873046875,6565556
2019-08-02,14.304814338684082,23.102930068969727,23.49361228942871,22.87002182006836,23.230653762817383,5613758
2019-08-05,14.007095336914062,22.622087478637695,22.967693328857422,22.479337692260742,22.70473289489746,5261443
2019-08-06,14.355996131896973,23.18557357788086,23.18557357788086,22.76483726501465,22.832456588745117,3870414
2019-08-07,14.560675621032715,23.51615333557129,23.538692474365234,22.697219848632812,22.877534866333008,4451130
2019-08-08,14.639762878417969,23.643875122070312,23.854244232177734,23.39594268798828,23.77911376953125,3844859
2019-08-09,14.337388038635254,23.155521392822266,23.66641616821289,23.155521392822266,23.658903121948242,2759296
2019-08-12,14.002439498901367,22.614574432373047,22.885047912597656,22.50939178466797,22.65965461730957,2710581
2019-08-13,14.174559593200684,22.892560958862305,23.29075813293457,22.539443969726562,22.539443969726562,3289433
2019-08-14,13.797754287719727,22.28399658203125,22.71224594116211,22.201351165771484,22.652141571044922,5455635
2019-08-15,13.727978706359863,22.17129898071289,22.561983108520508,21.885799407958984,22.539443969726562,3504389
2019-08-16,13.765181541442871,22.231403350830078,22.50939178466797,22.081140518188477,22.426746368408203,3058904
2019-08-19,13.537240982055664,21.86326026916504,22.464311599731445,21.712997436523438,22.38918113708496,3549643
2019-08-20,13.397686958312988,21.63786506652832,22.01352310180664,21.344852447509766,21.9759578704834,2704192
2019-08-21,13.727978706359863,22.17129898071289,22.17129898071289,21.74304962158203,21.953418731689453,3052382
2019-08-22,13.44420337677002,21.712997436523438,22.21637725830078,21.712997436523438,22.081140518188477,3380340
2019-08-23,13.095308303833008,21.149511337280273,21.728023529052734,20.991735458374023,21.450037002563477,6913613
2019-08-26,13.039480209350586,21.05935287475586,21.412471771240234,20.85649871826172,21.412471771240234,3555899
2019-08-27,13.202305793762207,21.32231330871582,21.450037002563477,20.89406394958496,21.07438087463379,7783688
2019-08-28,13.12786865234375,21.202102661132812,21.570247650146484,20.976709365844727,21.00676155090332,3325636
2019-08-29,13.546544075012207,21.878286361694336,22.051088333129883,21.284748077392578,21.359878540039062,5138059
2019-08-30,14.095481872558594,22.76483726501465,22.76483726501465,22.01352310180664,22.163785934448242,11668344
2019-09-02,13.779147148132324,22.253944396972656,22.674680709838867,22.253944396972656,22.54695701599121,4741421
2019-09-03,13.48461627960205,21.765588760375977,22.479337692260742,21.75056266784668,22.163785934448242,6786103
2019-09-04,13.68942928314209,22.096168518066406,22.253944396972656,21.983470916748047,22.141246795654297,2888536
2019-09-05,14.024564743041992,22.637113571166992,23.18557357788086,22.336589813232422,22.44928550720215,3796943
2019-09-06,14.56916332244873,23.51615333557129,23.568744659423828,22.832456588745117,22.832456588745117,4391767
2019-09-09,14.764664649963379,23.83170509338379,24.177310943603516,23.50864028930664,23.51615333557129,4142870
2019-09-10,14.666911125183105,23.67392921447754,23.974454879760742,23.425994873046875,23.816679000854492,4264390
2019-09-11,14.708806037902832,23.741546630859375,23.794139862060547,23.410968780517578,23.703981399536133,3662912
2019-09-12,14.587777137756348,23.546205520629883,23.87678337097168,23.305784225463867,23.839218139648438,4539375
2019-09-13,14.420215606689453,23.275732040405273,23.598796844482422,23.13298225402832,23.598796844482422,2805614
2019-09-16,14.289875030517578,23.065364837646484,23.253192901611328,22.81743049621582,23.208114624023438,3349062
2019-09-17,14.457444190979004,23.33583641052246,23.49361228942871,22.832456588745117,22.832456588745117,3997658
2019-09-18,14.56450366973877,23.50864028930664,23.681442260742188,23.29827117919922,23.365890502929688,3074343
2019-09-19,14.369009017944336,23.193086624145508,23.959428787231445,23.193086624145508,23.77911376953125,3108683
2019-09-20,14.848443031311035,23.966941833496094,23.966941833496094,23.328323364257812,23.35837745666504,8866190
2019-09-23,14.727417945861816,23.7716007232666,23.951915740966797,23.39594268798828,23.83170509338379,2798294
2019-09-24,14.56450366973877,23.50864028930664,23.87678337097168,23.418481826782227,23.71900749206543,2286524
2019-09-25,14.704147338867188,23.734033584594727,23.734033584594727,23.223140716552734,23.441020965576172,2720963
2019-09-26,14.829826354980469,23.9368896484375,24.064613342285156,23.568744659423828,23.726520538330078,2890665
2019-09-27,14.815857887268066,23.914350509643555,24.109691619873047,23.71149444580078,23.974454879760742,2602504
2019-09-30,14.54588508605957,23.478586196899414,24.0871524810791,23.478586196899414,24.03455924987793,3359444
2019-10-01,14.420215606689453,23.275732040405273,23.7716007232666,23.095415115356445,23.576257705688477,2537285
2019-10-02,13.864720344543457,22.366640090942383,23.155521392822266,22.306535720825195,22.952667236328125,3883325
2019-10-03,13.883347511291504,22.39669418334961,22.50939178466797,21.990983963012695,22.321561813354492,3623248
2019-10-04,13.939221382141113,22.48685073852539,22.584522247314453,22.02103614807129,22.39669418334961,2783919
2019-10-07,13.72499942779541,22.141246795654297,22.900075912475586,22.141246795654297,22.787376403808594,3502659
2019-10-08,13.780876159667969,22.231403350830078,22.809917449951172,22.231403350830078,22.38918113708496,3840999
2019-10-09,14.330440521240234,23.117956161499023,23.313297271728516,22.366640090942383,22.50939178466797,3103892
2019-10-10,14.414268493652344,23.253192901611328,23.51615333557129,22.997745513916016,23.02028465270996,2451302
2019-10-11,14.623851776123047,23.591283798217773,23.86927032470703,23.29827117919922,23.305784225463867,5631860
2019-10-14,14.838090896606445,23.9368896484375,23.9368896484375,23.478586196899414,23.809165954589844,2067708
2019-10-15,14.982458114624023,24.169797897338867,24.327573776245117,23.77911376953125,23.951915740966797,2899982
2019-10-16,15.438876152038574,24.906084060668945,24.906084060668945,23.9368896484375,24.25995445251465,4604195
2019-10-17,15.224631309509277,24.56048011779785,25.116453170776367,24.41021728515625,24.815927505493164,4240432
2019-10-18,15.080103874206543,23.621337890625,23.861757278442383,23.49361228942871,23.61382484436035,3097636
2019-10-21,15.315122604370117,23.98948097229004,23.98948097229004,23.35837745666504,23.66641616821289,2469670
2019-10-22,15.718038558959961,24.620586395263672,24.620586395263672,23.816679000854492,23.87678337097168,3812649
2019-10-23,15.881110191345215,24.876033782958984,25.011268615722656,24.380165100097656,24.52291488647461,3520228
2019-10-24,15.852326393127441,24.83095359802246,24.98872947692871,24.57550621032715,24.981216430664062,3397643
2019-10-25,15.977038383483887,25.026296615600586,25.176557540893555,24.815927505493164,24.94365119934082,3358778
2019-10-28,16.45189094543457,25.770097732543945,25.785123825073242,24.913597106933594,25.093914031982422,3649335
2019-10-29,16.269628524780273,25.48459815979004,25.67993927001953,25.296768188476562,25.67993927001953,3362239
2019-10-30,16.432703018188477,25.74004554748535,25.74004554748535,24.89105987548828,25.274229049682617,4008972
2019-10-31,15.756402015686035,24.68069076538086,25.251689910888672,24.45529556274414,25.161531448364258,5993359
2019-11-01,15.58373737335205,24.41021728515625,24.966190338134766,24.237415313720703,24.800901412963867,4167893
2019-11-04,15.663992881774902,24.52291488647461,24.688203811645508,24.365137100219727,24.365137100219727,2819191
2019-11-05,15.92794418334961,24.936138153076172,24.936138153076172,24.45529556274414,24.51540184020996,3229139
2019-11-06,15.707184791564941,24.590532302856445,25.14650535583496,24.447782516479492,24.906084060668945,3312592
2019-11-07,15.84636116027832,24.808414459228516,24.853492736816406,24.62809944152832,24.78587532043457,2377964
2019-11-08,15.371256828308105,24.064613342285156,24.658151626586914,23.816679000854492,24.507888793945312,3847255
2019-11-11,15.443246841430664,24.177310943603516,24.177310943603516,23.7866268157959,23.846731185913086,3939493
2019-11-12,15.22728157043457,23.839218139648438,24.057098388671875,23.44853401184082,24.004507064819336,3610071
2019-11-13,15.164898872375488,23.741546630859375,23.794139862060547,23.260705947875977,23.62885093688965,3323773
2019-11-14,15.064118385314941,23.583770751953125,23.764087677001953,23.35086441040039,23.51615333557129,3784964
2019-11-18,14.94893741607666,23.40345573425293,23.86927032470703,23.388429641723633,23.756574630737305,3134371
2019-11-19,14.92495059967041,23.365890502929688,23.576257705688477,23.087902069091797,23.576257705688477,2844613
2019-11-21,15.09770393371582,23.636362075805664,23.741546630859375,23.33583641052246,23.365890502929688,3846456
2019-11-22,15.352051734924316,24.03455924987793,24.03455924987793,23.50864028930664,23.531179428100586,2873362
2019-11-25,15.13129711151123,23.688955307006836,24.229902267456055,23.658903121948242,24.042072296142578,3831949
2019-11-26,14.656189918518066,22.945154190063477,23.67392921447754,22.945154190063477,23.441020965576172,9895319
2019-11-27,14.862558364868164,23.268218994140625,23.471073150634766,22.809917449951172,23.155521392822266,3933371
2019-11-28,14.848161697387695,23.24567985534668,23.433507919311523,22.937639236450195,23.005258560180664,3139296
2019-11-29,14.996923446655273,23.478586196899414,23.50112533569336,23.20060157775879,23.388429641723633,3474708
2019-12-02,15.145698547363281,23.71149444580078,23.83170509338379,23.50112533569336,23.523666381835938,3429321
2019-12-03,15.072357177734375,23.583770751953125,23.7866268157959,23.441020965576172,23.726520538330078,2920480
2019-12-04,15.41326904296875,24.117204666137695,24.117204666137695,23.576257705688477,23.62885093688965,7884844
2019-12-05,15.518899917602539,24.282493591308594,24.447782516479492,23.959428787231445,24.19233512878418,3701111
2019-12-06,15.509302139282227,24.267467498779297,24.67317771911621,24.154769897460938,24.447782516479492,3805329
2019-12-09,15.379659652709961,24.064613342285156,24.25995445251465,23.98196792602539,24.19233512878418,3687668
2019-12-10,15.322041511535645,23.974454879760742,24.372652053833008,23.86927032470703,24.154769897460938,4234310
2019-12-11,15.293229103088379,23.92937660217285,24.199848175048828,23.764087677001953,24.042072296142578,3791087
2019-12-12,15.475690841674805,24.214876174926758,24.29751968383789,23.921863555908203,24.079639434814453,2116423
2019-12-13,15.614937782287598,24.432756423950195,24.56048011779785,24.117204666137695,24.4027042388916,2337236
2019-12-16,15.379659652709961,24.064613342285156,24.590532302856445,24.064613342285156,24.56048011779785,2204934
2019-12-17,15.62453842163086,24.447782516479492,24.583019256591797,24.19233512878418,24.274980545043945,3850449
2019-12-18,16.229549407958984,25.394439697265625,25.394439697265625,24.30503273010254,24.30503273010254,9961603
2019-12-19,16.469629287719727,25.770097732543945,25.770097732543945,25.20661163330078,25.229150772094727,6302817
2019-12-20,16.23736000061035,25.033809661865234,25.37190055847168,24.876033782958984,25.244176864624023,8026595
2019-12-23,16.563865661621094,25.537189483642578,25.537189483642578,24.99624252319336,25.026296615600586,2306223
2019-12-26,16.739303588867188,25.807662963867188,25.8978214263916,25.341848373413086,25.394439697265625,2129067
2019-12-27,16.632091522216797,25.64237403869629,26.010517120361328,25.52967643737793,25.920360565185547,2195484
2019-12-30,16.602855682373047,25.5972957611084,26.198347091674805,25.52967643737793,25.64237403869629,2406581
2020-01-02,17.270469665527344,26.626596450805664,26.626596450805664,25.657400131225586,25.80014991760254,3753553
2020-01-03,17.0009708404541,26.198347091674805,26.814424514770508,26.11570167541504,26.250938415527344,7374538
2020-01-06,16.903474807739258,26.048084259033203,26.198347091674805,25.507137298583984,25.965438842773438,6448961
2020-01-07,16.615812301635742,25.604808807373047,26.138240814208984,25.514650344848633,26.048084259033203,2289852
2020-01-08,16.362279891967773,25.21412467956543,25.807662963867188,25.10142707824707,25.604808807373047,3265076
2020-01-09,16.20138931274414,24.966190338134766,25.492111206054688,24.650638580322266,25.21412467956543,3357846
2020-01-10,15.918608665466309,24.530427932739258,25.138992309570312,24.342599868774414,24.981216430664062,2539947
2020-01-13,16.113628387451172,24.83095359802246,24.936138153076172,24.583019256591797,24.605558395385742,2754371
2020-01-14,16.147764205932617,24.883546829223633,24.883546829223633,24.485349655151367,24.763334274291992,2773271
2020-01-15,15.777219772338867,24.312545776367188,24.778362274169922,24.237415313720703,24.68069076538086,3242848
2020-01-16,16.035633087158203,24.710742950439453,24.861005783081055,24.380165100097656,24.52291488647461,2672514
2020-01-17,16.37203598022461,25.229150772094727,25.274229049682617,24.763334274291992,24.763334274291992,2102447
2020-01-20,16.11850357055664,24.83846664428711,25.244176864624023,24.778362274169922,25.244176864624023,1501501
2020-01-21,15.557822227478027,23.974454879760742,24.79338836669922,23.974454879760742,24.79338836669922,3827290
2020-01-22,15.68946647644043,24.177310943603516,24.4027042388916,23.899322509765625,24.25244140625,2082482
2020-01-23,16.113628387451172,24.83095359802246,24.94365119934082,23.846731185913086,24.004507064819336,4109861
2020-01-24,16.02587127685547,24.695716857910156,24.83846664428711,24.342599868774414,24.83846664428711,2208794
2020-01-27,15.601703643798828,24.042072296142578,24.41021728515625,24.042072296142578,24.222389221191406,2400325
2020-01-28,15.640705108642578,24.1021785736084,24.342599868774414,23.974454879760742,24.327573776245117,2244465
2020-01-29,15.30916690826416,23.591283798217773,24.32006072998047,23.538692474365234,24.19233512878418,3489216
2020-01-30,15.455440521240234,23.816679000854492,23.966941833496094,23.20060157775879,23.39594268798828,3082862
2020-01-31,15.284793853759766,23.55371856689453,23.62885093688965,23.18557357788086,23.40345573425293,6318123
2020-02-03,15.396926879882812,23.726520538330078,23.94440269470215,23.471073150634766,23.591283798217773,3792019
2020-02-04,15.454123497009277,23.801652908325195,24.25244140625,23.65138816833496,24.18482208251953,3448887
2020-02-05,15.737060546875,24.237415313720703,24.710742950439453,24.237415313720703,24.5679931640625,5622410
2020-02-06,15.517537117004395,23.899322509765625,24.650638580322266,23.809165954589844,24.29751968383789,3034280
2020-02-07,15.46876335144043,23.82419204711914,24.267467498779297,23.658903121948242,23.764087677001953,4236040
2020-02-10,15.551694869995117,23.951915740966797,24.214876174926758,23.764087677001953,23.921863555908203,4005644
2020-02-11,15.976099967956543,24.605558395385742,24.605558395385742,24.199848175048828,24.282493591308594,4369406
2020-02-12,15.746809959411621,24.25244140625,24.61307144165039,24.012020111083984,24.590532302856445,7285894
2020-02-13,15.376079559326172,23.681442260742188,24.117204666137695,23.523666381835938,24.117204666137695,3171506
2020-02-14,14.961427688598633,23.042823791503906,23.67392921447754,23.02028465270996,23.478586196899414,3143555
2020-02-17,14.878498077392578,22.91510009765625,23.208114624023438,22.91510009765625,23.13298225402832,1839841
2020-02-18,14.794543266296387,22.742298126220703,23.02779769897461,22.35161590576172,22.614574432373047,3750624
2020-02-19,14.882506370544434,22.877534866333008,23.230653762817383,22.456798553466797,22.629600524902344,3652663
2020-02-20,14.545271873474121,22.359128952026367,23.095415115356445,22.359128952026367,22.990232467651367,4763382
2020-02-21,14.354660034179688,22.06611442565918,22.299022674560547,21.870773315429688,22.163785934448242,4242961
2020-02-26,13.303837776184082,20.450788497924805,21.262208938598633,20.3155517578125,21.149511337280273,9282527
2020-02-27,13.025251388549805,20.022539138793945,20.984222412109375,20.022539138793945,20.21036720275879,8604648
2020-02-28,13.33804988861084,20.503379821777344,20.661157608032227,19.88730239868164,20.120210647583008,10888777
2020-03-02,13.494454383850098,20.74380111694336,20.871524810791016,20.225393295288086,20.503379821777344,7443750
2020-03-03,13.277924537658691,20.398195266723633,20.871524810791016,20.217880249023438,20.435762405395508,7408479
2020-03-04,13.380621910095215,20.555971145629883,20.73628807067871,20.135236740112305,20.69872283935547,4656636
2020-03-05,12.984480857849121,19.947406768798828,20.40570831298828,19.706987380981445,20.232906341552734,5284602
2020-03-06,12.573677062988281,19.316303253173828,19.744552612304688,19.053342819213867,19.08339500427246,5448980
2020-03-09,11.341255187988281,17.422990798950195,18.407211303710938,17.355371475219727,18.279489517211914,10150472
2020-03-10,11.668923377990723,17.92637062072754,18.595041275024414,17.160030364990234,18.219383239746094,10363299
2020-03-11,10.744603157043457,16.506385803222656,17.618331909179688,15.837716102600098,17.28023910522461,9613413
2020-03-12,9.375245094299316,14.402704238891602,15.379412651062012,14.124717712402344,15.033808708190918,7996648
2020-03-13,10.905994415283203,16.75432014465332,17.205108642578125,14.75582218170166,16.566490173339844,13258623
2020-03-16,9.341009140014648,14.350111961364746,16.153268814086914,14.350111961364746,15.02629566192627,12852801
2020-03-17,9.93765640258789,15.266716003417969,16.05559730529785,14.350111961364746,14.830953598022461,18401341
2020-03-18,9.135602951049805,14.034560203552246,14.898571968078613,13.305785179138184,14.350111961364746,16211580
2020-03-19,8.817712783813477,13.546204566955566,14.154769897460938,12.74229907989502,13.531179428100586,15837835
2020-03-20,8.309090614318848,12.764838218688965,14.199849128723145,12.577009201049805,14.034560203552246,14220537
2020-03-23,7.668429374694824,11.78061580657959,13.012771606445312,11.615325927734375,12.997746467590332,8005831
2020-03-24,8.749241828918457,13.441020965576172,13.749059677124023,12.67467975616455,12.990232467651367,6832821
2020-03-25,9.443707466125488,14.507887840270996,15.356874465942383,13.200600624084473,13.223139762878418,7402356
2020-03-26,9.77626895904541,15.018781661987305,15.364386558532715,14.470322608947754,14.91359806060791,8713790
2020-03-27,9.208961486816406,14.147256851196289,14.710742950439453,13.989480972290039,14.214876174926758,7981208
2020-03-30,9.414365768432617,14.462808609008789,14.5679931640625,14.034560203552246,14.267468452453613,7047378
2020-03-31,9.199176788330078,14.132230758666992,14.45529556274414,13.786625862121582,14.222389221191406,7037396
2020-04-01,8.798151969909668,13.516153335571289,13.651389122009277,13.148009300231934,13.418481826782227,6485563
2020-04-02,9.002409934997559,13.816679000854492,14.027047157287598,13.335837364196777,13.50864028930664,8265243
2020-04-03,8.649946212768555,13.275732040405273,13.66641616821289,12.531929969787598,13.523666381835938,8303310
2020-04-06,9.526206016540527,14.620586395263672,14.91359806060791,13.884297370910645,13.899323463439941,7996914
2020-04-07,10.054887771606445,15.432005882263184,16.048084259033203,15.25920295715332,16.00300407409668,10537127
2020-04-08,10.236015319824219,15.709992408752441,16.018030166625977,15.304282188415527,15.401952743530273,6205388
2020-04-09,10.12342643737793,15.537190437316895,16.311044692993164,15.537190437316895,15.867768287658691,6302018
2020-04-13,10.397557258605957,15.957925796508789,15.957925796508789,15.161532402038574,15.642374038696289,5521121
2020-04-14,10.651140213012695,16.34710693359375,16.842975616455078,16.25619888305664,16.5289249420166,7433877
2020-04-15,10.231120109558105,15.702479362487793,16.223140716552734,15.702479362487793,16.157024383544922,7311667
2020-04-16,10.031883239746094,15.39669418334961,16.06611442565918,15.305785179138184,15.867768287658691,6648345
2020-04-17,10.161120414733887,15.595041275024414,15.95041275024414,15.2644624710083,15.826445579528809,4435981
2020-04-20,9.918804168701172,15.223139762878418,15.537190437316895,15.074379920959473,15.231404304504395,4692138
2020-04-22,9.918804168701172,15.223139762878418,15.570246696472168,14.966941833496094,15.198347091674805,6078072
2020-04-23,9.633405685424805,14.785122871398926,15.413223266601562,14.611570358276367,15.29751968383789,7901179
2020-04-24,8.577990531921387,13.165288925170898,14.669421195983887,12.851239204406738,14.462808609008789,17938492
2020-04-27,8.857992172241211,13.595041275024414,14.322314262390137,13.495866775512695,13.826445579528809,7883997
2020-04-28,9.730330467224121,14.933883666992188,15.016528129577637,14.29751968383789,14.338842391967773,8333028
2020-04-29,10.107270240783691,15.512395858764648,15.512395858764648,14.884297370910645,15.2644624710083,5720154
2020-04-30,9.455707550048828,14.512395858764648,14.892560958862305,14.34710693359375,14.429752349853516,8854538
2020-05-04,9.094929695129395,13.958677291870117,14.090909004211426,13.619833946228027,14.016528129577637,7216924
2020-05-05,9.082661628723145,13.925619125366211,14.512395858764648,13.859503746032715,14.024792671203613,6593895
2020-05-06,8.872443199157715,13.603304862976074,14.066115379333496,13.413223266601562,13.900826454162598,6106144
2020-05-07,8.581366539001465,13.157024383544922,13.776859283447266,13.049586296081543,13.652892112731934,13194687
2020-05-08,8.964073181152344,13.74380111694336,13.900826454162598,13.421486854553223,13.553718566894531,5516390
2020-05-11,8.807758331298828,13.504132270812988,14.173553466796875,13.487603187561035,13.644627571105957,6133006
2020-05-12,8.527461051940918,13.074379920959473,13.74380111694336,13.074379920959473,13.63636302947998,6482938
2020-05-13,8.462778091430664,12.97520637512207,13.462808609008789,12.74380111694336,13.223139762878418,7654218
2020-05-14,8.829320907592773,13.537190437316895,13.595041275024414,12.413223266601562,12.826445579528809,7895129
2020-05-15,8.522072792053223,13.066115379333496,13.710742950439453,13.016528129577637,13.413223266601562,6181043
2020-05-18,8.92634391784668,13.68595027923584,13.702479362487793,13.2644624710083,13.586775779724121,5872856
2020-05-19,8.62448787689209,13.223139762878418,13.66115665435791,13.223139762878418,13.595041275024414,4559885
2020-05-20,8.7861967086792,13.471074104309082,13.595041275024414,13.247933387756348,13.413223266601562,5374457
2020-05-21,9.325230598449707,14.29751968383789,14.338842391967773,13.479337692260742,13.479337692260742,6121148
2020-05-22,9.174304962158203,14.066115379333496,14.40495777130127,13.97520637512207,14.2644624710083,6594500
2020-05-25,9.907379150390625,15.190081596374512,15.214876174926758,14.603304862976074,14.62809944152832,6568606
2020-05-26,9.459986686706543,14.504132270812988,15.619833946228027,14.495866775512695,15.570246696472168,9052252
2020-05-27,9.610915184020996,14.735536575317383,14.909090042114258,14.471074104309082,14.834710121154785,7464248
2020-05-28,9.52466869354248,14.603304862976074,14.834710121154785,14.380165100097656,14.710742950439453,7677571
2020-05-29,9.594742774963379,14.710742950439453,14.710742950439453,14.115701675415039,14.479337692260742,20328121
2020-06-01,9.901988983154297,15.181818008422852,15.338842391967773,14.495866775512695,14.619833946228027,8020727
2020-06-02,10.278182029724121,15.74380111694336,15.752065658569336,15.338842391967773,15.462808609008789,7689671
2020-06-03,10.742179870605469,16.454544067382812,16.760330200195312,16.305784225463867,16.404958724975586,10448592
2020-06-04,10.785347938537598,16.520660400390625,16.851238250732422,16.082643508911133,16.39669418334961,9967738
2020-06-05,11.03353214263916,16.90082550048828,17.76859474182129,16.90082550048828,17.677684783935547,11014388
2020-06-08,11.562278747558594,17.710742950439453,17.76859474182129,17.18181800842285,17.223140716552734,8143663
2020-06-09,11.443582534790039,17.5289249420166,17.760330200195312,17.148759841918945,17.314048767089844,7452511
2020-06-10,10.98497486114502,16.826446533203125,17.851238250732422,16.826446533203125,17.809917449951172,10015654
2020-06-12,10.731395721435547,16.438016891479492,16.561983108520508,16.033056259155273,16.157024383544922,10595728
2020-06-15,10.547950744628906,16.157024383544922,16.413223266601562,15.793388366699219,15.933883666992188,8028713
2020-06-16,10.893255233764648,16.685949325561523,16.966941833496094,16.404958724975586,16.702478408813477,6620515
2020-06-17,11.03892707824707,16.909090042114258,17.289255142211914,16.62809944152832,16.702478408813477,8627542
2020-06-18,11.03353214263916,16.90082550048828,17.173553466796875,16.619834899902344,16.776859283447266,8119342
2020-06-19,10.785347938537598,16.520660400390625,17.231403350830078,16.520660400390625,17.11570167541504,15603918
2020-06-22,10.596508026123047,16.231403350830078,16.892560958862305,16.123966217041016,16.785123825073242,9826652
2020-06-23,10.601903915405273,16.239669799804688,16.727272033691406,16.082643508911133,16.5289249420166,7404232
2020-06-24,10.369906425476074,15.884297370910645,16.27272605895996,15.785122871398926,16.198347091674805,7361035
2020-06-25,10.59111499786377,16.223140716552734,16.42148780822754,15.867768287658691,16.01652717590332,5984418
2020-06-26,10.294364929199219,15.768594741821289,16.214876174926758,15.644627571105957,16.057851791381836,5480090
2020-06-29,10.553345680236816,16.1652889251709,16.223140716552734,15.776859283447266,15.818181037902832,4194344
2020-06-30,10.229622840881348,15.669421195983887,15.991735458374023,15.586775779724121,15.876032829284668,8364609
2020-07-01,10.402275085449219,15.933883666992188,16.1652889251709,15.768594741821289,15.809917449951172,6658388
2020-07-02,10.492593765258789,16.057851791381836,16.51239585876465,16.049585342407227,16.305784225463867,4115573
2020-07-03,10.492593765258789,16.057851791381836,16.157024383544922,15.892560958862305,15.966941833496094,2165658
2020-07-06,11.194619178771973,17.132230758666992,17.148759841918945,16.454544067382812,16.561983108520508,7235437
2020-07-07,10.735599517822266,16.429752349853516,17.06611442565918,16.413223266601562,16.90082550048828,7431336
2020-07-08,11.102818489074707,16.991735458374023,17.082643508911133,16.561983108520508,16.561983108520508,5973891
2020-07-09,10.962413787841797,16.776859283447266,17.18181800842285,16.710742950439453,17.07438087463379,6111710
2020-07-10,11.043413162231445,16.90082550048828,16.933883666992188,16.537189483642578,16.760330200195312,3077877
2020-07-13,10.822004318237305,16.561983108520508,17.107437133789062,16.561983108520508,17.02479362487793,6155512
2020-07-14,10.973209381103516,16.79338836669922,16.85950469970703,16.338842391967773,16.545454025268555,5820100
2020-07-15,11.200016021728516,17.14049530029297,17.388429641723633,16.909090042114258,17.02479362487793,6700738
2020-07-16,11.016411781311035,16.85950469970703,17.14049530029297,16.809917449951172,17.14049530029297,5341182
2020-07-17,11.227017402648926,17.18181800842285,17.34710693359375,16.95041275024414,17.049585342407227,5959734
2020-07-20,11.367424964904785,17.39669418334961,17.404958724975586,17.041322708129883,17.148759841918945,4946601
2020-07-21,11.556431770324707,17.685949325561523,17.92561912536621,17.479337692260742,17.586776733398438,7580529
2020-07-22,11.416022300720215,17.471073150634766,17.826446533203125,17.264461517333984,17.685949325561523,5771458
2020-07-23,11.275620460510254,17.25619888305664,17.520660400390625,17.1652889251709,17.495866775512695,3683119
2020-07-24,11.189216613769531,17.123966217041016,17.446279525756836,16.90082550048828,17.049585342407227,5069174
2020-07-27,11.653637886047363,17.83470916748047,17.92561912536621,17.1652889251709,17.29751968383789,5325936
2020-07-28,11.567232131958008,17.702478408813477,18.157024383544922,17.570247650146484,17.74380111694336,5731649
2020-07-29,11.912845611572266,18.231403350830078,18.25619888305664,17.818180084228516,17.818180084228516,5307786
2020-07-30,11.610433578491211,17.76859474182129,18.18181800842285,17.504131317138672,17.97520637512207,8136524
2020-07-31,11.194619178771973,17.132230758666992,17.90082550048828,17.0,17.851238250732422,8645692
2020-08-03,11.151418685913086,17.06611442565918,17.380165100097656,16.809917449951172,17.20661163330078,7045588
2020-08-04,10.82024097442627,16.545454025268555,17.07438087463379,16.29751968383789,16.760330200195312,6896395
2020-08-05,10.885101318359375,16.644628524780273,16.917354583740234,16.34710693359375,16.884296417236328,6199919
2020-08-06,11.036426544189453,16.876033782958984,17.02479362487793,16.495866775512695,16.685949325561523,4784582
2020-08-07,10.966169357299805,16.76859474182129,17.14049530029297,16.363636016845703,16.57851219177246,8873898
2020-08-10,11.058048248291016,16.909090042114258,17.06611442565918,16.611570358276367,16.776859283447266,4961363
2020-08-11,10.917529106140137,16.6942138671875,17.198347091674805,16.6942138671875,17.057851791381836,4709078
2020-08-12,10.863479614257812,16.611570358276367,17.02479362487793,16.363636016845703,16.818180084228516,7605818
2020-08-13,10.54460334777832,16.123966217041016,16.851238250732422,16.123966217041016,16.66942024230957,6723002
2020-08-14,10.63107967376709,16.25619888305664,16.413223266601562,16.01652717590332,16.29751968383789,4206928
2020-08-17,10.350030899047852,15.826445579528809,16.223140716552734,15.677684783935547,16.223140716552734,5883504
2020-08-18,10.495962142944336,16.049585342407227,16.24793243408203,15.942148208618164,16.11570167541504,5062761
2020-08-19,10.45812702178955,15.991735458374023,16.18181800842285,15.892560958862305,16.033056259155273,4454252
2020-08-20,10.387864112854004,15.884297370910645,16.033056259155273,15.578512191772461,15.63636302947998,5015450
2020-08-21,10.436509132385254,15.958677291870117,15.958677291870117,15.677684783935547,15.834710121154785,4595701
2020-08-24,10.598649024963379,16.20661163330078,16.446279525756836,16.033056259155273,16.033056259155273,4879930
2020-08-25,10.593241691589355,16.198347091674805,16.380165100097656,15.966941833496094,16.355371475219727,4510396
2020-08-26,10.355437278747559,15.834710121154785,16.223140716552734,15.603304862976074,16.190082550048828,6941770
2020-08-27,10.571625709533691,16.1652889251709,16.363636016845703,15.809917449951172,15.867768287658691,9167202
2020-08-28,10.771597862243652,16.471073150634766,16.51239585876465,16.20661163330078,16.280990600585938,5103659
2020-08-31,10.285173416137695,15.727272033691406,16.388429641723633,15.727272033691406,16.338842391967773,11021648
2020-09-01,10.60405445098877,16.214876174926758,16.280990600585938,16.008264541625977,16.041322708129883,6183100
2020-09-02,10.602561950683594,16.198347091674805,16.29751968383789,15.95041275024414,16.223140716552734,4467320
2020-09-03,11.008275985717773,16.818180084228516,17.107437133789062,16.132230758666992,16.190082550048828,24824723
2020-09-04,10.992049217224121,16.79338836669922,17.082643508911133,16.619834899902344,17.0,10460208
2020-09-08,10.781076431274414,16.471073150634766,16.636362075805664,16.32231330871582,16.57851219177246,25657929
2020-09-09,10.808123588562012,16.51239585876465,16.74380111694336,16.39669418334961,16.611570358276367,4247342
2020-09-10,10.445691108703613,15.958677291870117,16.570247650146484,15.909090042114258,16.48760223388672,25799741
2020-09-11,10.207671165466309,15.595041275024414,15.97520637512207,15.528924942016602,15.97520637512207,7406047
2020-09-14,10.364547729492188,15.834710121154785,15.859503746032715,15.446279525756836,15.719008445739746,5044006
2020-09-15,10.234724044799805,15.63636302947998,15.892560958862305,15.504132270812988,15.892560958862305,5496425
2020-09-16,10.299636840820312,15.735536575317383,15.966941833496094,15.570246696472168,15.68595027923584,9387059
2020-09-17,10.337502479553223,15.793388366699219,15.793388366699219,15.504132270812988,15.537190437316895,3842113
2020-09-18,10.153579711914062,15.512395858764648,15.652892112731934,15.330577850341797,15.62809944152832,12711171
2020-09-21,9.975069046020508,15.239668846130371,15.29751968383789,14.942148208618164,15.190081596374512,8112808
2020-09-22,10.077847480773926,15.39669418334961,15.504132270812988,15.148759841918945,15.165288925170898,5302704
2020-09-23,9.812785148620605,14.991735458374023,15.363636016845703,14.95041275024414,15.305785179138184,5789366
2020-09-24,9.969657897949219,15.231404304504395,15.446279525756836,14.95041275024414,15.0,5702851
2020-09-25,9.948020935058594,15.198347091674805,15.214876174926758,15.0,15.190081596374512,4580818
2020-09-28,9.856059074401855,15.05785083770752,15.801651954650879,14.966941833496094,15.355371475219727,10557492
2020-09-29,9.677547454833984,14.785122871398926,15.132230758666992,14.710742950439453,15.066115379333496,6734134
2020-09-30,9.747871398925781,14.892560958862305,15.00826358795166,14.735536575317383,14.859503746032715,4863232
2020-10-01,9.764097213745117,14.917354583740234,14.95041275024414,14.644627571105957,14.892560958862305,8205978
2020-10-02,9.811342239379883,14.97520637512207,15.40495777130127,14.776859283447266,14.851239204406738,8112082
2020-10-05,10.027928352355957,15.305785179138184,15.421486854553223,14.735536575317383,15.00826358795166,6485963
2020-10-06,9.968366622924805,15.214876174926758,15.561983108520508,15.099172592163086,15.454545021057129,5567331
2020-10-07,9.83841323852539,15.016528129577637,15.322314262390137,14.966941833496094,15.305785179138184,6028341
2020-10-08,10.396122932434082,15.867768287658691,15.97520637512207,14.97520637512207,15.049586296081543,8072152
2020-10-09,10.37446403503418,15.834710121154785,16.231403350830078,15.495866775512695,15.710742950439453,8260912
2020-10-13,10.379874229431152,15.842974662780762,16.041322708129883,15.652892112731934,15.867768287658691,9124489
2020-10-14,10.401535987854004,15.876032829284668,16.033056259155273,15.768594741821289,15.809917449951172,5318313
2020-10-15,10.379874229431152,15.842974662780762,15.958677291870117,15.595041275024414,15.702479362487793,5022710
2020-10-16,10.103732109069824,15.421486854553223,15.801651954650879,15.421486854553223,15.735536575317383,5319886
2020-10-19,10.228266716003418,15.611570358276367,15.917354583740234,15.421486854553223,15.528924942016602,6485600
2020-10-20,10.607295036315918,16.190082550048828,16.314048767089844,15.710742950439453,15.710742950439453,8180326
2020-10-21,10.704753875732422,16.338842391967773,16.570247650146484,16.041322708129883,16.223140716552734,7431336
2020-10-22,11.067536354064941,16.892560958862305,17.06611442565918,16.305784225463867,16.363636016845703,9883522
2020-10-23,11.045882225036621,16.85950469970703,17.363636016845703,16.776859283447266,16.90082550048828,7178688
2020-10-26,11.17041301727295,17.049585342407227,17.099172592163086,16.66942024230957,16.842975616455078,5574470
2020-10-27,10.883435249328613,16.611570358276367,17.42148780822754,16.495866775512695,17.231403350830078,8827434
2020-10-28,10.228266716003418,15.611570358276367,16.24793243408203,15.611570358276367,16.239669799804688,7020662
2020-10-29,10.147045135498047,15.487603187561035,15.545454025268555,14.851239204406738,15.545454025268555,10651509
2020-10-30,9.83841323852539,15.016528129577637,15.454545021057129,14.851239204406738,15.446279525756836,6815204
2020-11-03,10.087489128112793,15.39669418334961,15.504132270812988,15.066115379333496,15.173553466796875,7565646
2020-11-04,10.091414451599121,15.388428688049316,15.702479362487793,15.140495300292969,15.62809944152832,5118300
2020-11-05,10.286520004272461,15.68595027923584,15.727272033691406,15.355371475219727,15.611570358276367,5966873
2020-11-06,10.29736328125,15.702479362487793,15.719008445739746,15.438015937805176,15.537190437316895,3426236
2020-11-09,11.234962463378906,17.132230758666992,17.231403350830078,16.34710693359375,16.355371475219727,11357544
2020-11-10,11.863639831542969,18.09090805053711,18.223140716552734,17.14049530029297,17.14049530029297,11065450
2020-11-11,11.885322570800781,18.123966217041016,18.29751968383789,17.537189483642578,17.933883666992188,9650113
2020-11-12,11.468010902404785,17.48760223388672,18.173553466796875,17.338842391967773,18.123966217041016,5667882
2020-11-13,11.7823486328125,17.966941833496094,17.966941833496094,17.471073150634766,17.62809944152832,4861175
2020-11-16,12.297220230102539,18.752065658569336,18.752065658569336,18.25619888305664,18.305784225463867,7869719
2020-11-17,12.367676734924316,18.85950469970703,18.85950469970703,18.380165100097656,18.644628524780273,6052299
2020-11-18,12.080430030822754,18.42148780822754,18.83470916748047,18.404958724975586,18.76859474182129,5546640
2020-11-19,12.080430030822754,18.42148780822754,18.685949325561523,18.34710693359375,18.42148780822754,4990887
2020-11-23,11.993712425231934,18.289255142211914,18.520660400390625,18.14049530029297,18.39669418334961,4880051
2020-11-24,12.43271255493164,18.958677291870117,19.18181800842285,18.37190055847168,18.37190055847168,10879957
2020-11-25,12.232179641723633,18.652891159057617,19.0,18.46280860900879,18.966941833496094,7875527
2020-11-26,12.020818710327148,18.330577850341797,18.685949325561523,18.198347091674805,18.652891159057617,5070989
2020-11-27,11.934103012084961,18.198347091674805,18.619834899902344,18.198347091674805,18.39669418334961,5140685
2020-11-30,11.733573913574219,17.892560958862305,18.264461517333984,17.876033782958984,18.173553466796875,11065208
2020-12-01,12.356832504272461,18.842975616455078,19.132230758666992,18.099172592163086,18.107437133789062,9776316
2020-12-02,12.469244956970215,19.0,19.07438087463379,18.685949325561523,18.884296417236328,5008432
2020-12-03,12.382462501525879,18.867767333984375,19.48760223388672,18.785123825073242,19.057851791381836,6454140
2020-12-04,12.447550773620605,18.966941833496094,19.123966217041016,18.76859474182129,19.11570167541504,3785969
2020-12-07,12.490938186645508,19.033056259155273,19.355371475219727,18.727272033691406,18.876033782958984,4717548
2020-12-08,12.355340957641602,18.826446533203125,19.223140716552734,18.685949325561523,18.966941833496094,4171354
2020-12-09,12.32822322845459,18.785123825073242,18.942148208618164,18.595041275024414,18.892560958862305,6553844
2020-12-10,12.86517333984375,19.60330581665039,19.60330581665039,18.85950469970703,18.85950469970703,9209552
2020-12-11,12.84890079498291,19.57851219177246,19.652891159057617,19.157024383544922,19.32231330871582,5358122
2020-12-14,12.876023292541504,19.619834899902344,19.752065658569336,19.495866775512695,19.661157608032227,7737950
2020-12-15,12.94653606414795,19.727272033691406,20.0,19.619834899902344,19.619834899902344,5796263
2020-12-16,13.250263214111328,20.190082550048828,20.363636016845703,19.545454025268555,19.801652908325195,9567228
2020-12-17,13.41839599609375,20.446279525756836,20.55371856689453,20.18181800842285,20.37190055847168,8356744
2020-12-18,13.315351486206055,20.289255142211914,20.57851219177246,20.198347091674805,20.42148780822754,6689606
2020-12-21,12.989923477172852,19.79338836669922,20.157024383544922,19.685949325561523,19.909090042114258,5685911
2020-12-22,13.196026802062988,20.107437133789062,20.231403350830078,19.809917449951172,19.809917449951172,5629767
2020-12-23,13.478057861328125,20.537189483642578,20.57851219177246,20.18181800842285,20.24793243408203,5290725
2020-12-28,13.591963768005371,20.710742950439453,20.785123825073242,20.545454025268555,20.702478408813477,5303430
2020-12-29,13.590593338012695,20.39669418334961,20.636362075805664,20.25619888305664,20.5289249420166,3672471
2020-12-30,13.326277732849121,20.0,20.561983108520508,20.0,20.561983108520508,8569220
2021-01-04,12.995868682861328,19.504131317138672,20.264461517333984,19.42148780822754,20.24793243408203,5446694
2021-01-05,12.933734893798828,19.39669418334961,19.479337692260742,19.033056259155273,19.289255142211914,5717734
2021-01-06,13.258870124816895,19.884296417236328,20.214876174926758,19.330577850341797,19.438016891479492,7454810
2021-01-07,13.584005355834961,20.37190055847168,20.537189483642578,19.735536575317383,19.851238250732422,5359090
2021-01-08,13.479303359985352,20.214876174926758,20.785123825073242,20.0,20.520660400390625,6413363
2021-01-11,13.275405883789062,19.909090042114258,20.09090805053711,19.6942138671875,19.933883666992188,6254127
2021-01-12,13.280911445617676,19.917354583740234,20.099172592163086,19.76859474182129,19.95041275024414,6360002
2021-01-13,13.032931327819824,19.545454025268555,20.041322708129883,19.330577850341797,19.90082550048828,6804798
2021-01-14,13.446240425109863,20.1652889251709,20.264461517333984,19.55371856689453,19.652891159057617,14473415
2021-01-15,12.950265884399414,19.42148780822754,19.983470916748047,19.42148780822754,19.95041275024414,7222611
2021-01-18,13.005374908447266,19.504131317138672,19.851238250732422,19.355371475219727,19.60330581665039,5863055
2021-01-19,12.762903213500977,19.14049530029297,19.710742950439453,18.92561912536621,19.619834899902344,6704126
2021-01-20,12.509406089782715,18.760330200195312,19.32231330871582,18.760330200195312,19.223140716552734,4809508
2021-01-21,12.283467292785645,18.42148780822754,18.884296417236328,18.363636016845703,18.801652908325195,4447476
2021-01-22,12.079571723937988,18.11570167541504,18.338842391967773,17.983470916748047,18.132230758666992,8323953
2021-01-26,11.820561408996582,17.727272033691406,18.495866775512695,17.66942024230957,18.09090805053711,7846850
2021-01-27,11.91975212097168,17.876033782958984,18.11570167541504,17.48760223388672,17.677684783935547,9127514
2021-01-28,12.28897762298584,18.429752349853516,18.652891159057617,17.826446533203125,17.85950469970703,9460264
2021-01-29,11.925268173217773,17.884296417236328,18.479337692260742,17.79338836669922,18.18181800842285,9134290
2021-02-01,12.17876148223877,18.264461517333984,18.454544067382812,18.082643508911133,18.20661163330078,6462973
2021-02-02,12.15518856048584,18.214876174926758,18.661157608032227,18.033056259155273,18.62809944152832,8318508
2021-02-03,12.232396125793457,18.330577850341797,18.619834899902344,18.214876174926758,18.34710693359375,5586086
2021-02-04,12.607414245605469,18.892560958862305,19.14049530029297,18.652891159057617,19.008264541625977,7253466
2021-02-05,12.524690628051758,18.76859474182129,19.041322708129883,18.611570358276367,18.991735458374023,6857070
2021-02-08,12.298574447631836,18.429752349853516,18.710742950439453,18.280990600585938,18.702478408813477,5591894
2021-02-09,12.414392471313477,18.60330581665039,18.74380111694336,18.107437133789062,18.20661163330078,5472830
2021-02-10,12.29305648803711,18.42148780822754,18.677684783935547,18.214876174926758,18.413223266601562,7021388
2021-02-11,12.326155662536621,18.471073150634766,18.727272033691406,18.34710693359375,18.537189483642578,5201064
2021-02-12,12.353734016418457,18.51239585876465,18.586776733398438,18.25619888305664,18.388429641723633,4659831
2021-02-17,12.22688102722168,18.32231330871582,18.454544067382812,18.041322708129883,18.338842391967773,9600503
2021-02-18,12.061079025268555,18.057851791381836,18.388429641723633,17.884296417236328,18.231403350830078,14133042
2021-02-19,12.016921043395996,17.991735458374023,18.388429641723633,17.942148208618164,18.107437133789062,9680605
2021-02-22,11.33244800567627,16.966941833496094,17.60330581665039,16.966941833496094,17.479337692260742,14556300
2021-02-23,11.851322174072266,17.74380111694336,17.966941833496094,17.18181800842285,17.214876174926758,10151053
2021-02-24,11.774042129516602,17.62809944152832,17.942148208618164,17.46280860900879,17.809917449951172,7892709
2021-02-25,11.470441818237305,17.173553466796875,17.83470916748047,17.107437133789062,17.520660400390625,7189941
2021-02-26,11.365564346313477,17.01652717590332,17.479337692260742,16.842975616455078,17.330577850341797,12253791
2021-03-01,10.995731353759766,16.46280860900879,17.214876174926758,16.42148780822754,17.11570167541504,7630865
2021-03-02,11.187573432922363,16.735536575317383,17.02479362487793,15.785122871398926,16.14049530029297,12833502
2021-03-03,11.41408920288086,17.07438087463379,17.264461517333984,16.330577850341797,16.652891159057617,14368508
2021-03-04,11.795296669006348,17.644628524780273,17.933883666992188,17.11570167541504,17.173553466796875,10699546
2021-03-05,12.441690444946289,18.611570358276367,18.611570358276367,17.60330581665039,17.727272033691406,13675178
2021-03-08,11.96103572845459,17.892560958862305,18.661157608032227,17.79338836669922,18.09090805053711,12150336
2021-03-09,11.977607727050781,17.917354583740234,18.18181800842285,17.520660400390625,17.776859283447266,7863064
2021-03-10,12.159933090209961,18.190082550048828,18.280990600585938,17.636362075805664,17.917354583740234,8508599
2021-03-11,12.403014183044434,18.55371856689453,18.619834899902344,17.97520637512207,18.34710693359375,9326075
2021-03-12,12.226225852966309,18.289255142211914,18.471073150634766,18.09090805053711,18.34710693359375,6274818
2021-03-15,12.347765922546387,18.471073150634766,18.48760223388672,18.107437133789062,18.1652889251709,4561458
2021-03-16,12.12678050994873,18.14049530029297,18.51239585876465,17.867767333984375,18.471073150634766,6869775
2021-03-17,12.557703971862793,18.785123825073242,18.851238250732422,17.966941833496094,18.02479362487793,7924895
2021-03-18,12.789742469787598,19.132230758666992,19.39669418334961,18.685949325561523,18.685949325561523,7503452
2021-03-19,12.872617721557617,19.25619888305664,19.413223266601562,18.97520637512207,19.18181800842285,12713954
2021-03-22,12.817378044128418,19.173553466796875,19.280990600585938,18.867767333984375,18.966941833496094,4038617
2021-03-23,12.690299034118652,18.983470916748047,19.305784225463867,18.876033782958984,18.92561912536621,4095608
2021-03-24,12.491413116455078,18.685949325561523,19.148759841918945,18.66942024230957,19.008264541625977,7060955
2021-03-25,12.745549201965332,19.06611442565918,19.11570167541504,18.537189483642578,18.644628524780273,7623847
2021-03-26,12.850517272949219,19.223140716552734,19.314048767089844,18.958677291870117,19.008264541625977,5963122
2021-03-29,12.94443416595459,19.363636016845703,19.42148780822754,18.983470916748047,19.148759841918945,5567815
2021-03-30,13.248291969299316,19.818180084228516,19.917354583740234,19.239669799804688,19.239669799804688,7612110
2021-03-31,12.988637924194336,19.429752349853516,19.727272033691406,19.223140716552734,19.586776733398438,5645981
2021-04-01,12.541133880615234,18.760330200195312,19.561983108520508,18.71900749206543,19.471073150634766,4272994
2021-04-05,12.69442367553711,18.97520637512207,19.02479362487793,18.71900749206543,18.884296417236328,4772482
2021-04-06,12.440091133117676,18.595041275024414,19.008264541625977,18.46280860900879,18.92561912536621,4963783
2021-04-07,12.357155799865723,18.471073150634766,18.76859474182129,18.388429641723633,18.504131317138672,4287272
2021-04-08,12.340572357177734,18.446279525756836,18.611570358276367,18.305784225463867,18.595041275024414,5770974
2021-04-09,12.25210952758789,18.314048767089844,18.636362075805664,18.198347091674805,18.198347091674805,6271067
2021-04-12,12.511966705322266,18.702478408813477,18.702478408813477,18.363636016845703,18.438016891479492,4798981
2021-04-13,12.445623397827148,18.60330581665039,18.66942024230957,18.289255142211914,18.561983108520508,6749622
2021-04-14,12.561726570129395,18.776859283447266,19.008264541625977,18.446279525756836,18.619834899902344,7830999
2021-04-15,12.605962753295898,18.842975616455078,19.02479362487793,18.619834899902344,18.83470916748047,4847744
2021-04-16,12.782886505126953,19.107437133789062,19.14049530029297,18.685949325561523,18.710742950439453,4470829
2021-04-19,12.625864028930664,18.872726440429688,19.290908813476562,18.700000762939453,19.290908813476562,7680970
2021-04-20,12.437321662902832,18.59090805053711,18.92727279663086,18.59090805053711,18.85454559326172,5995330
2021-04-22,12.333935737609863,18.436363220214844,18.754545211791992,18.39090919494629,18.636362075805664,4726040
2021-04-23,12.571130752563477,18.790908813476562,18.881818771362305,18.4818172454834,18.59090805053711,5469090
2021-04-26,12.571130752563477,18.790908813476562,19.281818389892578,18.59090805053711,18.909090042114258,9646890
2021-04-27,12.467738151550293,18.636362075805664,18.972726821899414,18.60909080505371,18.836362838745117,5897210
2021-04-28,13.063749313354492,19.527271270751953,19.636362075805664,18.863636016845703,18.899999618530273,9567360
2021-04-29,12.619781494140625,18.863636016845703,19.672727584838867,18.836362838745117,19.527271270751953,8897240
2021-04-30,12.571130752563477,18.790908813476562,19.09090805053711,18.64545440673828,18.77272605895996,8568780
2021-05-03,12.936036109924316,19.336362838745117,19.527271270751953,19.01818084716797,19.09090805053711,7592970
2021-05-04,12.538722038269043,18.727272033691406,19.53636360168457,18.727272033691406,19.490909576416016,6835400
2021-05-05,12.623934745788574,18.85454559326172,18.872726440429688,18.3454532623291,18.790908813476562,5819440
2021-05-06,12.6604585647583,18.909090042114258,18.96363639831543,18.709089279174805,18.818180084228516,4002790
2021-05-07,12.776103019714355,19.081817626953125,19.154544830322266,18.836362838745117,18.972726821899414,5276370
2021-05-10,13.068273544311523,19.51818084716797,19.51818084716797,18.92727279663086,18.9818172454834,6190250
2021-05-11,13.043927192687988,19.4818172454834,19.618181228637695,19.218181610107422,19.218181610107422,5240180
2021-05-12,12.763934135437012,19.063636779785156,19.254545211791992,18.945453643798828,19.154544830322266,7368570
2021-05-13,13.153485298156738,19.64545440673828,19.763635635375977,19.05454444885254,19.081817626953125,11483670
2021-05-14,13.238703727722168,19.77272605895996,19.972726821899414,19.472726821899414,19.872726440429688,4101350
2021-05-17,13.256961822509766,19.799999237060547,19.80908966064453,19.490909576416016,19.68181800842285,3741980
2021-05-18,13.396955490112305,20.009090423583984,20.07272720336914,19.64545440673828,19.66363525390625,5784240
2021-05-19,13.469992637634277,20.118181228637695,20.118181228637695,19.636362075805664,19.827272415161133,6396720
2021-05-20,13.622162818908691,20.3454532623291,20.3454532623291,20.03636360168457,20.136362075805664,6647960
2021-05-21,13.65867805480957,20.399999618530273,20.472726821899414,20.027271270751953,20.299999237060547,11887810
2021-05-24,13.707383155822754,20.472726821899414,20.59090805053711,20.318180084228516,20.563636779785156,3895210
2021-05-25,13.573471069335938,20.27272605895996,20.51818084716797,20.254545211791992,20.51818084716797,8972700
2021-05-26,13.896071434020996,20.754545211791992,20.790908813476562,20.336362838745117,20.409090042114258,6471630
2021-05-27,13.938679695129395,20.818180084228516,20.899999618530273,20.42727279663086,20.754545211791992,25264470
2021-05-28,13.914327621459961,20.781818389892578,20.909090042114258,20.636362075805664,20.654544830322266,5422670
2021-05-31,13.914327621459961,20.781818389892578,20.945453643798828,20.55454444885254,20.763635635375977,5185290
2021-06-01,14.163885116577148,21.154544830322266,21.200000762939453,20.85454559326172,20.936363220214844,7609360
2021-06-02,14.58859634399414,21.77272605895996,21.799999237060547,21.027271270751953,21.136362075805664,12067990
2021-06-04,14.667783737182617,21.89090919494629,22.009090423583984,21.53636360168457,21.66363525390625,7686910
2021-06-07,14.868800163269043,22.190908432006836,22.336362838745117,21.763635635375977,21.89090919494629,8179050
2021-06-08,14.807890892028809,22.100000381469727,22.290908813476562,21.8454532623291,22.07272720336914,6423120
2021-06-09,14.60078239440918,21.790908813476562,22.27272605895996,21.700000762939453,21.92727279663086,8851260
2021-06-10,14.71042251586914,21.954544067382812,22.09090805053711,21.763635635375977,21.909090042114258,6494840
2021-06-11,14.52159309387207,21.672727584838867,21.827272415161133,21.399999618530273,21.799999237060547,6559520
2021-06-14,14.527688026428223,21.68181800842285,21.89090919494629,21.5,21.763635635375977,3032700
2021-06-15,14.503318786621094,21.64545440673828,21.727272033691406,21.454544067382812,21.68181800842285,4356330
2021-06-16,14.533778190612793,21.690908432006836,22.03636360168457,21.4818172454834,21.77272605895996,13207150
2021-06-17,14.454595565795898,21.57272720336914,22.154544830322266,21.418180465698242,21.745454788208008,7188940
2021-06-18,14.24748706817627,21.263635635375977,21.581817626953125,21.245454788208008,21.490909576416016,7679320
2021-06-21,14.241399765014648,21.254545211791992,21.381818771362305,21.10909080505371,21.27272605895996,5671270
2021-06-22,14.070842742919922,21.0,21.254545211791992,20.799999237060547,21.09090805053711,8540070
2021-06-23,14.046481132507324,20.96363639831543,21.263635635375977,20.872726440429688,21.100000381469727,54659220
2021-06-24,14.046481132507324,20.96363639831543,21.172727584838867,20.89090919494629,21.172727584838867,16881920
2021-06-25,13.687092781066895,20.42727279663086,21.100000381469727,20.227272033691406,20.96363639831543,9209860
2021-06-28,13.583539962768555,20.27272605895996,20.454544067382812,20.05454444885254,20.363636016845703,7767210
2021-06-29,13.467803955078125,20.100000381469727,20.27272605895996,19.909090042114258,20.227272033691406,7340740
2021-06-30,13.31552791595459,19.872726440429688,20.07272720336914,19.77272605895996,20.0,7852570
2021-07-01,13.181517601013184,19.672727584838867,19.954544067382812,19.418180465698242,19.818180084228516,9982830
2021-07-02,13.399296760559082,19.9818172454834,19.990909576416016,19.57272720336914,19.799999237060547,6198500
2021-07-05,13.237192153930664,19.299999237060547,19.454544067382812,19.27272605895996,19.299999237060547,4461600
2021-07-06,13.0314359664917,19.0,19.27272605895996,18.909090042114258,19.227272033691406,7585600
2021-07-07,13.131197929382324,19.14545440673828,19.190908432006836,18.818180084228516,19.190908432006836,8631260
2021-07-08,12.94413948059082,18.872726440429688,19.009090423583984,18.64545440673828,18.863636016845703,9043650
2021-07-12,13.218487739562988,19.27272605895996,19.363636016845703,18.899999618530273,18.899999618530273,7343930
2021-07-13,13.262130737304688,19.336362838745117,19.46363639831543,19.063636779785156,19.118181228637695,5907990
2021-07-14,13.430482864379883,19.581817626953125,19.8454532623291,19.399999618530273,19.53636360168457,14380960
2021-07-15,13.368130683898926,19.490909576416016,19.709089279174805,19.39090919494629,19.581817626953125,8506850
2021-07-16,13.137428283691406,19.154544830322266,19.563636779785156,19.10909080505371,19.5,5100700
2021-07-19,12.956611633300781,18.89090919494629,19.081817626953125,18.790908813476562,18.954544067382812,7534890
2021-07-20,13.093785285949707,19.09090805053711,19.118181228637695,18.754545211791992,18.89090919494629,6959590
2021-07-21,13.156132698059082,19.18181800842285,19.27272605895996,19.027271270751953,19.118181228637695,5807450
2021-07-22,13.02519416809082,18.990909576416016,19.200000762939453,18.872726440429688,19.14545440673828,4225540
2021-07-23,12.900495529174805,18.80908966064453,19.07272720336914,18.690908432006836,19.0,3637040
2021-07-26,12.99402141571045,18.945453643798828,19.081817626953125,18.745454788208008,18.799999237060547,4197930
2021-07-27,13.02519416809082,18.990909576416016,18.990909576416016,18.718181610107422,18.818180084228516,5961450
2021-07-28,13.274600982666016,19.35454559326172,19.472726821899414,18.990909576416016,19.14545440673828,6944080
2021-07-29,13.206018447875977,19.254545211791992,19.42727279663086,19.09090805053711,19.381818771362305,4466330
2021-07-30,12.875555038452148,18.77272605895996,19.39090919494629,18.77272605895996,19.05454444885254,5669730
2021-08-02,12.981555938720703,18.92727279663086,19.454544067382812,18.92727279663086,18.96363639831543,6832980
2021-08-03,13.067201614379883,19.03636360168457,19.18181800842285,18.60909080505371,19.045454025268555,5711640
2021-08-04,12.60541820526123,18.363636016845703,18.754545211791992,18.290908813476562,18.64545440673828,9138030
2021-08-05,12.393248558044434,18.05454444885254,18.62727165222168,17.909090042114258,18.509090423583984,9323820
2021-08-06,12.655338287353516,18.436363220214844,18.436363220214844,17.9818172454834,18.100000381469727,8776570
2021-08-09,12.642860412597656,18.418180465698242,18.636362075805664,18.372726440429688,18.418180465698242,7026800
2021-08-10,12.424445152282715,18.100000381469727,18.5,18.100000381469727,18.454544067382812,7165620
2021-08-11,12.505572319030762,18.218181610107422,18.527271270751953,17.972726821899414,18.18181800842285,7037580
2021-08-12,12.380766868591309,18.03636360168457,18.254545211791992,17.945453643798828,18.14545440673828,7339200
2021-08-13,12.461891174316406,18.154544830322266,18.209089279174805,17.8454532623291,18.009090423583984,5716480
2021-08-16,12.337085723876953,17.972726821899414,18.281818389892578,17.92727279663086,18.100000381469727,7936500
2021-08-17,12.330840110778809,17.96363639831543,18.12727165222168,17.754545211791992,17.954544067382812,9755240
2021-08-18,12.162354469299316,17.718181610107422,18.172727584838867,17.718181610107422,17.96363639831543,10428770
2021-08-19,12.243480682373047,17.836362838745117,17.918180465698242,17.563636779785156,17.672727584838867,7660840
2021-08-20,12.193557739257812,17.763635635375977,17.836362838745117,17.581817626953125,17.68181800842285,4668400
2021-08-23,12.21227741241455,17.790908813476562,17.89090919494629,17.672727584838867,17.818180084228516,4534860
2021-08-24,12.574214935302734,18.318180084228516,18.318180084228516,17.836362838745117,17.89090919494629,5217410
2021-08-25,12.536770820617676,18.263635635375977,18.263635635375977,18.03636360168457,18.10909080505371,3657500
2021-08-26,12.287158966064453,17.899999618530273,18.23636245727539,17.863636016845703,18.136362075805664,5682050
2021-08-27,12.443163871765137,18.12727165222168,18.18181800842285,17.8454532623291,18.0,3518350
2021-08-30,12.337085723876953,17.972726821899414,18.12727165222168,17.89090919494629,17.96363639831543,4308700
2021-08-31,12.443163871765137,18.12727165222168,18.35454559326172,17.954544067382812,17.972726821899414,10599710
2021-09-01,12.455647468566895,18.14545440673828,18.399999618530273,18.09090805053711,18.172727584838867,4802160
2021-09-02,11.985506057739258,17.445453643798828,18.03636360168457,17.39090919494629,18.0,9280810
2021-09-03,11.985506057739258,17.445453643798828,17.581817626953125,17.18181800842285,17.563636779785156,11460680
2021-09-06,12.104178428649902,17.618181228637695,17.66363525390625,17.299999237060547,17.381818771362305,4024240
2021-09-08,11.335948944091797,16.5,17.454544067382812,16.381818771362305,17.454544067382812,14702930
2021-09-09,11.42338752746582,16.62727165222168,16.799999237060547,16.154544830322266,16.53636360168457,11023540
2021-09-10,11.304718971252441,16.454544067382812,16.945453643798828,16.409090042114258,16.77272605895996,6270770
2021-09-13,11.49209213256836,16.727272033691406,16.85454559326172,16.53636360168457,16.781818389892578,3856270
2021-09-14,11.410901069641113,16.60909080505371,16.836362838745117,16.53636360168457,16.781818389892578,5144700
2021-09-15,11.323461532592773,16.4818172454834,16.64545440673828,16.363636016845703,16.636362075805664,3496130
2021-09-16,11.111105918884277,16.172727584838867,16.436363220214844,16.05454444885254,16.436363220214844,5718350
2021-09-17,10.792573928833008,15.709090232849121,16.16363525390625,15.690909385681152,16.136362075805664,12356300
2021-09-20,10.424076080322266,15.17272663116455,15.536362648010254,14.954545021057129,15.409090042114258,10999780
2021-09-21,10.561480522155762,15.372727394104004,15.536362648010254,15.109089851379395,15.209090232849121,6467890
2021-09-22,10.79881763458252,15.718180656433105,15.790908813476562,15.445453643798828,15.481818199157715,8400920
2021-09-23,11.167318344116211,16.254545211791992,16.327272415161133,15.699999809265137,15.818181037902832,5913490
2021-09-24,11.017420768737793,16.03636360168457,16.200000762939453,15.981818199157715,16.045454025268555,4278450
2021-09-27,11.248506546020508,16.372726440429688,16.66363525390625,15.818181037902832,15.936363220214844,7343270
2021-09-28,10.992436408996582,16.0,16.718181610107422,16.0,16.3454532623291,10972390
2021-09-29,11.161067962646484,16.245454788208008,16.363636016845703,15.981818199157715,16.18181800842285,6695260
2021-09-30,11.15482234954834,16.23636245727539,16.399999618530273,16.05454444885254,16.372726440429688,7430060
2021-10-01,11.392165184020996,16.581817626953125,16.618181228637695,16.209089279174805,16.318180084228516,5394510
2021-10-04,10.977835655212402,15.96363639831543,16.363636016845703,15.881817817687988,16.35454559326172,9186980
2021-10-05,11.234148979187012,16.336362838745117,16.490909576416016,15.96363639831543,16.118181228637695,6951010
2021-10-06,11.277914047241211,16.399999618530273,16.399999618530273,16.0,16.14545440673828,8405430
2021-10-07,11.040352821350098,16.05454444885254,16.527271270751953,16.05454444885254,16.454544067382812,9377940
2021-10-08,11.209148406982422,16.299999237060547,16.66363525390625,16.136362075805664,16.136362075805664,8281900
2021-10-11,10.996590614318848,15.9909086227417,16.336362838745117,15.954545021057129,16.290908813476562,6147020
2021-10-13,11.05285358428955,16.07272720336914,16.09090805053711,15.645454406738281,16.0,9988440
2021-10-14,10.946576118469238,15.918181419372559,16.16363525390625,15.736363410949707,16.10909080505371,11131890
2021-10-15,11.427949905395508,16.618181228637695,16.73636245727539,15.96363639831543,15.9909086227417,16137660
2021-10-18,11.552986145019531,16.799999237060547,16.918180465698242,16.409090042114258,16.545454025268555,7460970
2021-10-19,11.171632766723633,16.245454788208008,16.618181228637695,16.136362075805664,16.509090423583984,7392770
2021-10-20,11.58423900604248,16.8454532623291,16.89090919494629,16.290908813476562,16.381818771362305,8930900
2021-10-21,11.252907752990723,16.363636016845703,16.8454532623291,16.16363525390625,16.372726440429688,15032050
2021-10-22,10.884063720703125,15.827272415161133,16.263635635375977,15.245453834533691,16.263635635375977,18410150
2021-10-25,11.05910587310791,16.081817626953125,16.299999237060547,15.945453643798828,15.954545021057129,5969260
2021-10-26,10.802791595458984,15.709090232849121,16.01818084716797,15.690909385681152,16.0,5401990
2021-10-27,10.984086990356445,15.972726821899414,16.30908966064453,15.800000190734863,15.800000190734863,5244690
2021-10-28,10.877812385559082,15.818181037902832,16.045454025268555,15.645454406738281,15.899999618530273,4733300
2021-10-29,10.6277437210083,15.454545021057129,15.945453643798828,15.454545021057129,15.890909194946289,5755200
2021-11-01,10.971587181091309,15.954545021057129,16.09090805053711,15.590909004211426,15.618181228637695,6867080
2021-11-03,10.944829940795898,15.899999618530273,16.16363525390625,15.727272033691406,15.772727012634277,11502150
2021-11-04,10.35034465789795,15.036362648010254,16.063636779785156,14.981818199157715,15.918181419372559,14045680
2021-11-05,10.76961612701416,15.645454406738281,15.827272415161133,15.399999618530273,15.57272720336914,10570560
2021-11-08,10.556848526000977,15.336362838745117,15.827272415161133,15.336362838745117,15.545454025268555,5821750
2021-11-09,10.475497245788574,15.218180656433105,15.709090232849121,15.145454406738281,15.436363220214844,8916600
2021-11-10,10.969861030578613,15.936363220214844,16.209089279174805,15.154544830322266,15.218180656433105,14470060
2021-11-11,11.076238632202148,16.09090805053711,16.200000762939453,15.954545021057129,16.18181800842285,7370110
2021-11-12,11.113791465759277,16.14545440673828,16.39090919494629,15.827272415161133,16.081817626953125,8804840
2021-11-16,11.088759422302246,16.10909080505371,16.381818771362305,15.863636016845703,16.254545211791992,6461840
2021-11-17,11.126307487487793,16.16363525390625,16.318180084228516,15.972726821899414,16.23636245727539,11261690
2021-11-18,10.988636016845703,15.96363639831543,16.254545211791992,15.63636302947998,16.245454788208008,9120540
2021-11-19,11.007408142089844,15.9909086227417,16.12727165222168,15.763635635375977,15.872727394104004,9516980
2021-11-22,10.863484382629395,15.781818389892578,16.245454788208008,15.745453834533691,15.899999618530273,5676220
2021-11-23,11.132562637329102,16.172727584838867,16.172727584838867,15.57272720336914,15.872727394104004,8611130
2021-11-24,11.332810401916504,16.46363639831543,16.5,15.927271842956543,15.981818199157715,7721010
2021-11-25,11.376618385314941,16.527271270751953,16.718181610107422,16.35454559326172,16.527271270751953,6160990
2021-11-26,10.976123809814453,15.945453643798828,16.118181228637695,15.690909385681152,16.118181228637695,5840890
2021-11-29,10.913544654846191,15.854544639587402,16.209089279174805,15.781818389892578,16.136362075805664,4842750
2021-11-30,10.650718688964844,15.472726821899414,15.845454216003418,15.281818389892578,15.827272415161133,17834080
2021-12-01,10.59439754486084,15.390909194946289,15.927271842956543,15.372727394104004,15.67272663116455,10514680
2021-12-02,11.125123977661133,16.14545440673828,16.200000762939453,15.554545402526855,15.645454406738281,12265440
2021-12-03,11.156442642211914,16.190908432006836,16.490909576416016,16.10909080505371,16.136362075805664,11752950
2021-12-06,11.287996292114258,16.381818771362305,16.80908966064453,16.254545211791992,16.318180084228516,13630870
2021-12-07,11.137652397155762,16.16363525390625,16.672727584838867,16.100000381469727,16.636362075805664,5702400
2021-12-08,11.106331825256348,16.118181228637695,16.30908966064453,15.845454216003418,16.30908966064453,6623650
2021-12-09,10.774334907531738,15.63636302947998,16.154544830322266,15.545454025268555,16.14545440673828,5461390
2021-12-10,10.774334907531738,15.63636302947998,15.836362838745117,15.46363639831543,15.745453834533691,6768520
2021-12-13,10.598936080932617,15.381817817687988,15.909090042114258,15.381817817687988,15.63636302947998,6626620
2021-12-14,10.743012428283691,15.590909004211426,16.09090805053711,15.454545021057129,15.545454025268555,11659450
2021-12-15,10.736747741699219,15.581817626953125,15.709090232849121,15.336362838745117,15.63636302947998,6805590
2021-12-16,10.849503517150879,15.745453834533691,15.872727394104004,15.454545021057129,15.67272663116455,9670980
2021-12-17,10.548823356628418,15.309089660644531,15.654544830322266,15.272727012634277,15.545454025268555,12175790
2021-12-20,10.348370552062988,15.018180847167969,15.236363410949707,14.872727394104004,15.236363410949707,7406850
2021-12-21,10.30156421661377,14.754545211791992,15.054545402526855,14.736363410949707,14.909090042114258,4807330
2021-12-22,10.326951026916504,14.790908813476562,14.809089660644531,14.609089851379395,14.809089660644531,6140200
2021-12-23,10.314258575439453,14.772727012634277,14.981818199157715,14.690909385681152,14.818181037902832,10679130
2021-12-27,10.422161102294922,14.927271842956543,15.036362648010254,14.763635635375977,14.863636016845703,6624750
2021-12-28,10.415811538696289,14.918181419372559,15.018180847167969,14.790908813476562,14.927271842956543,5579970
2021-12-29,10.339644432067871,14.809089660644531,14.981818199157715,14.67272663116455,14.945453643798828,5706800
2021-12-30,10.276175498962402,14.718180656433105,14.881817817687988,14.600000381469727,14.881817817687988,5618800
2022-01-03,10.504677772521973,15.045454025268555,15.309089660644531,14.800000190734863,14.800000190734863,9469900
2022-01-04,10.553757667541504,15.100000381469727,15.254545211791992,14.945453643798828,15.081817626953125,5710980
2022-01-05,10.483866691589355,15.0,15.209090232849121,14.918181419372559,15.009090423583984,6294530
2022-01-06,10.598234176635742,15.163636207580566,15.218180656433105,14.927271842956543,14.936363220214844,6546870
2022-01-07,10.642714500427246,15.227272033691406,15.227272033691406,14.909090042114258,15.154544830322266,9050250
2022-01-10,10.782495498657227,15.427271842956543,15.545454025268555,15.07272720336914,15.154544830322266,12854600
2022-01-11,10.89051342010498,15.581817626953125,15.581817626953125,15.336362838745117,15.436363220214844,7666010
2022-01-12,10.795202255249023,15.445453643798828,15.699999809265137,15.354544639587402,15.581817626953125,6938690
2022-01-13,10.915928840637207,15.618181228637695,15.772727012634277,15.354544639587402,15.454545021057129,6960910
2022-01-14,11.081130981445312,15.854544639587402,15.918181419372559,15.600000381469727,15.600000381469727,7235690
2022-01-17,11.144667625427246,15.945453643798828,15.972726821899414,15.681818008422852,15.845454216003418,5312670
2022-01-18,11.208205223083496,16.03636360168457,16.063636779785156,15.809089660644531,15.827272415161133,12938420
2022-01-19,11.1954984664917,16.01818084716797,16.245454788208008,15.881817817687988,16.10909080505371,8517190
2022-01-20,11.144667625427246,15.945453643798828,16.09090805053711,15.881817817687988,16.09090805053711,5480640
2022-01-21,11.087479591369629,15.863636016845703,16.100000381469727,15.727272033691406,15.800000190734863,6183650
2022-01-24,11.2018461227417,16.027271270751953,16.209089279174805,15.745453834533691,15.863636016845703,10438120
2022-01-25,11.589438438415527,16.581817626953125,16.636362075805664,15.890909194946289,15.96363639831543,10453740
2022-01-26,11.595788955688477,16.59090805053711,16.799999237060547,16.46363639831543,16.66363525390625,7338430
2022-01-27,11.672038078308105,16.700000762939453,16.92727279663086,16.51818084716797,16.745454788208008,8424460
2022-01-28,11.818174362182617,16.909090042114258,16.936363220214844,16.55454444885254,16.60909080505371,6885780
2022-01-31,11.945247650146484,17.09090805053711,17.227272033691406,16.745454788208008,16.918180465698242,6984340
2022-02-01,11.945247650146484,17.09090805053711,17.209089279174805,16.954544067382812,17.045454025268555,4784340
2022-02-02,11.746353149414062,16.790908813476562,17.05454444885254,16.745454788208008,17.009090423583984,5091130
2022-02-03,11.911703109741211,17.027271270751953,17.10909080505371,16.709089279174805,16.827272415161133,5256570
2022-02-04,11.937146186828613,17.063636779785156,17.154544830322266,16.89090919494629,16.954544067382812,6257130
2022-02-07,11.956217765808105,17.09090805053711,17.290908813476562,16.881818771362305,17.09090805053711,10057630
2022-02-08,12.000741004943848,17.154544830322266,17.245454788208008,16.836362838745117,17.118181228637695,10985370
2022-02-09,10.945033073425293,15.645454406738281,16.42727279663086,15.618181228637695,16.30908966064453,33567490
2022-02-10,11.034065246582031,15.772727012634277,15.936363220214844,15.390909194946289,15.663636207580566,13621850
2022-02-11,11.148542404174805,15.936363220214844,16.18181800842285,15.809089660644531,15.909090042114258,14789060
2022-02-14,11.231220245361328,16.05454444885254,16.05454444885254,15.745453834533691,15.936363220214844,10585080
2022-02-15,11.358410835266113,16.23636245727539,16.35454559326172,16.12727165222168,16.136362075805664,8738950
2022-02-16,11.453805923461914,16.372726440429688,16.445453643798828,16.154544830322266,16.27272605895996,8830140
2022-02-17,11.33933162689209,16.209089279174805,16.445453643798828,16.154544830322266,16.336362838745117,5314210
2022-02-18,11.390213012695312,16.281818389892578,16.372726440429688,16.190908432006836,16.35454559326172,7120410
2022-02-21,11.199418067932129,16.009090423583984,16.263635635375977,15.863636016845703,16.245454788208008,4736270
2022-02-22,11.199418067932129,16.009090423583984,16.254545211791992,15.936363220214844,16.172727584838867,7750820
2022-02-23,11.065865516662598,15.818181037902832,16.136362075805664,15.763635635375977,15.954545021057129,7602870
2022-02-24,10.817837715148926,15.46363639831543,15.46363639831543,15.0,15.354544639587402,14309570
2022-02-25,10.849637031555176,15.509090423583984,15.699999809265137,15.199999809265137,15.409090042114258,32696950
2022-03-02,10.760600090026855,15.381817817687988,15.509090423583984,15.13636302947998,15.472726821899414,11063800
2022-03-03,10.898815155029297,15.56363582611084,15.818181037902832,15.281818389892578,15.281818389892578,9959180
2022-03-04,10.688728332519531,15.263635635375977,15.590909004211426,15.036362648010254,15.590909004211426,11154110
2022-03-07,10.357691764831543,14.790908813476562,15.227272033691406,14.709090232849121,15.199999809265137,15266020
2022-03-08,10.446819305419922,14.918181419372559,15.145454406738281,14.690909385681152,14.827272415161133,15621100
2022-03-09,11.04523754119873,15.772727012634277,15.809089660644531,14.981818199157715,15.0,12009580
2022-03-10,10.943374633789062,15.62727165222168,15.699999809265137,15.345454216003418,15.554545402526855,9836420
2022-03-11,10.847884178161621,15.4909086227417,15.836362838745117,15.399999618530273,15.681818008422852,18144170
2022-03-14,10.956109046936035,15.645454406738281,15.890909194946289,15.536362648010254,15.772727012634277,8536330
2022-03-15,10.898815155029297,15.56363582611084,15.690909385681152,15.272727012634277,15.62727165222168,9368480
2022-03-16,11.083426475524902,15.827272415161133,15.827272415161133,15.472726821899414,15.56363582611084,10862720
2022-03-17,11.166192054748535,15.945453643798828,15.981818199157715,15.62727165222168,15.745453834533691,16851890
2022-03-18,11.140727043151855,15.909090042114258,16.05454444885254,15.718180656433105,15.909090042114258,19565700
2022-03-21,11.350808143615723,16.209089279174805,16.218181610107422,15.845454216003418,15.936363220214844,7618160
2022-03-22,11.490867614746094,16.409090042114258,16.60909080505371,16.3454532623291,16.35454559326172,12267310
2022-03-23,11.427199363708496,16.318180084228516,16.51818084716797,16.23636245727539,16.454544067382812,10716640
2022-03-24,11.560890197753906,16.509090423583984,16.654544830322266,16.27272605895996,16.363636016845703,8350760
2022-03-25,11.713680267333984,16.727272033691406,16.85454559326172,16.445453643798828,16.59090805053711,14336190
2022-03-28,11.662748336791992,16.654544830322266,16.899999618530273,16.545454025268555,16.790908813476562,5162740
2022-03-29,11.809171676635742,16.863636016845703,17.027271270751953,16.790908813476562,16.881818771362305,7014150
2022-03-30,11.75823974609375,16.790908813476562,16.872726440429688,16.672727584838867,16.863636016845703,5547300
2022-03-31,11.630918502807617,16.60909080505371,16.899999618530273,16.51818084716797,16.763635635375977,8764470
2022-04-01,11.554521560668945,16.5,16.763635635375977,16.372726440429688,16.718181610107422,6970260
2022-04-04,11.514538764953613,16.42727279663086,16.454544067382812,16.18181800842285,16.454544067382812,4773780
2022-04-05,11.208674430847168,15.9909086227417,16.399999618530273,15.96363639831543,16.399999618530273,6876100
2022-04-06,11.119466781616211,15.863636016845703,15.936363220214844,15.681818008422852,15.899999618530273,8470770
2022-04-07,11.157697677612305,15.918181419372559,15.936363220214844,15.645454406738281,15.818181037902832,6828580
2022-04-08,11.215044975280762,16.0,16.118181228637695,15.818181037902832,15.954545021057129,8568230
2022-04-11,11.234160423278809,16.027271270751953,16.172727584838867,15.909090042114258,15.909090042114258,5944290
2022-04-12,11.157697677612305,15.918181419372559,16.200000762939453,15.899999618530273,16.154544830322266,6400680
2022-04-13,11.266024589538574,16.07272720336914,16.154544830322266,15.890909194946289,16.03636360168457,8001510
2022-04-14,11.297883033752441,16.118181228637695,16.18181800842285,15.9909086227417,16.07272720336914,8243620
2022-04-18,11.514538764953613,16.42727279663086,16.445453643798828,16.100000381469727,16.12727165222168,11317460
2022-04-19,11.306168556213379,16.1299991607666,16.5,16.040000915527344,16.5,6716900
2022-04-20,11.27112102508545,16.079999923706055,16.170000076293945,16.0,16.170000076293945,4757700
2022-04-22,11.102896690368652,15.84000015258789,16.020000457763672,15.739999771118164,15.960000038146973,7691100
2022-04-25,11.046819686889648,15.760000228881836,15.850000381469727,15.5600004196167,15.729999542236328,6961100
2022-04-26,10.626255989074707,15.15999984741211,15.670000076293945,15.069999694824219,15.609999656677246,9221700
2022-04-27,10.626255989074707,15.15999984741211,15.359999656677246,15.039999961853027,15.3100004196167,7525700
2022-04-28,10.528125762939453,15.020000457763672,15.239999771118164,14.970000267028809,15.149999618530273,6026400
2022-04-29,10.451021194458008,14.90999984741211,15.40999984741211,14.800000190734863,15.180000305175781,12538500
2022-05-02,10.35989761352539,14.779999732971191,14.949999809265137,14.609999656677246,14.90999984741211,8665400
2022-05-03,10.414108276367188,14.84000015258789,14.869999885559082,14.600000381469727,14.789999961853027,13053800
2022-05-04,10.533409118652344,15.010000228881836,15.079999923706055,14.569999694824219,14.710000038146973,7500700
2022-05-05,10.217617988586426,14.5600004196167,14.9399995803833,14.430000305175781,14.9399995803833,8273100
2022-05-06,10.421128273010254,14.850000381469727,15.1899995803833,14.579999923706055,14.75,16312100
2022-05-09,10.575517654418945,15.069999694824219,15.170000076293945,14.640000343322754,14.760000228881836,10218700
2022-05-10,10.603581428527832,15.109999656677246,15.3100004196167,15.0600004196167,15.210000038146973,11771500
2022-05-11,10.779021263122559,15.359999656677246,15.470000267028809,15.079999923706055,15.079999923706055,12558800
2022-05-12,10.835163116455078,15.4399995803833,15.550000190734863,15.239999771118164,15.289999961853027,7088700
2022-05-13,10.989551544189453,15.65999984741211,15.75,15.489999771118164,15.550000190734863,6021900
2022-05-16,11.228148460388184,16.0,16.09000015258789,15.59000015258789,15.699999809265137,10095800
2022-05-17,11.445696830749512,16.309999465942383,16.360000610351562,16.1299991607666,16.149999618530273,9318500
2022-05-18,11.235170364379883,16.010000228881836,16.3700008392334,15.930000305175781,16.260000228881836,11457500
2022-05-19,11.214113235473633,15.979999542236328,16.079999923706055,15.869999885559082,16.010000228881836,9036700
2022-05-20,11.431657791137695,16.290000915527344,16.3700008392334,16.09000015258789,16.100000381469727,11515000
2022-05-23,11.543947219848633,16.450000762939453,16.510000228881836,16.329999923706055,16.399999618530273,6226700
2022-05-24,11.768508911132812,16.770000457763672,16.770000457763672,16.31999969482422,16.360000610351562,9970500
2022-05-25,11.656224250793457,16.610000610351562,16.700000762939453,16.450000762939453,16.579999923706055,5228000
2022-05-26,11.705348014831543,16.68000030517578,16.739999771118164,16.450000762939453,16.549999237060547,6636100
2022-05-27,11.789556503295898,16.799999237060547,16.8799991607666,16.559999465942383,16.6200008392334,5981400
2022-05-30,11.69832992553711,16.670000076293945,16.8799991607666,16.6299991607666,16.799999237060547,4816600
2022-05-31,11.845699310302734,16.8799991607666,16.920000076293945,16.649999618530273,16.799999237060547,16145500
2022-06-01,11.649209022521973,16.600000381469727,16.850000381469727,16.600000381469727,16.75,6104300
2022-06-02,11.661325454711914,16.600000381469727,16.770000457763672,16.360000610351562,16.770000457763672,6653300
2022-06-03,11.591072082519531,16.5,16.610000610351562,16.420000076293945,16.59000015258789,4489100
2022-06-06,11.53487491607666,16.420000076293945,16.6200008392334,16.3700008392334,16.5,2912100
2022-06-07,11.436527252197266,16.280000686645508,16.399999618530273,16.209999084472656,16.34000015258789,4702800
2022-06-08,11.310077667236328,16.100000381469727,16.290000915527344,16.020000457763672,16.1200008392334,5835900
2022-06-09,11.324130058288574,16.1200008392334,16.290000915527344,15.949999809265137,16.1200008392334,6620700
2022-06-10,11.176606178283691,15.90999984741211,16.010000228881836,15.739999771118164,15.949999809265137,7149900
2022-06-13,11.000985145568848,15.65999984741211,15.829999923706055,15.550000190734863,15.75,5653800
2022-06-14,10.916682243347168,15.539999961853027,15.800000190734863,15.40999984741211,15.640000343322754,4147600
2022-06-15,10.993959426879883,15.649999618530273,15.819999694824219,15.5,15.710000038146973,8454900
2022-06-17,10.818333625793457,15.399999618530273,15.5600004196167,15.170000076293945,15.4399995803833,12416700
2022-06-20,11.036105155944824,15.710000038146973,15.890000343322754,15.40999984741211,15.40999984741211,4136500
2022-06-21,10.957036018371582,15.420000076293945,15.729999542236328,15.350000381469727,15.609999656677246,4779800
2022-06-22,10.900189399719238,15.34000015258789,15.489999771118164,15.25,15.420000076293945,4723900
2022-06-23,10.63727855682373,14.970000267028809,15.420000076293945,14.960000038146973,15.369999885559082,6310200
2022-06-24,10.623068809509277,14.949999809265137,15.140000343322754,14.859999656677246,15.140000343322754,3582600
2022-06-27,10.71544075012207,15.079999923706055,15.149999618530273,14.869999885559082,14.960000038146973,3318400
2022-06-28,10.615962028503418,14.9399995803833,15.3100004196167,14.829999923706055,15.180000305175781,5340800
2022-06-29,10.459634780883789,14.720000267028809,15.029999732971191,14.65999984741211,15.020000457763672,6187800
2022-06-30,10.21804141998291,14.380000114440918,14.579999923706055,14.300000190734863,14.569999694824219,12282900
2022-07-01,10.239358901977539,14.40999984741211,14.520000457763672,14.100000381469727,14.319999694824219,7227900
2022-07-04,10.13068962097168,14.239999771118164,14.390000343322754,14.229999542236328,14.390000343322754,2500800
2022-07-05,10.166263580322266,14.289999961853027,14.329999923706055,14.039999961853027,14.130000114440918,4934500
2022-07-06,10.13068962097168,14.239999771118164,14.369999885559082,14.119999885559082,14.279999732971191,5408300
2022-07-07,10.258745193481445,14.420000076293945,14.510000228881836,14.300000190734863,14.359999656677246,7460700
2022-07-08,10.294313430786133,14.470000267028809,14.59000015258789,14.34000015258789,14.479999542236328,4701500
2022-07-11,10.13780403137207,14.25,14.4399995803833,14.15999984741211,14.369999885559082,5249100
2022-07-12,10.109342575073242,14.210000038146973,14.380000114440918,14.029999732971191,14.260000228881836,5400200
2022-07-13,9.917259216308594,13.9399995803833,14.229999542236328,13.920000076293945,14.130000114440918,8175800
2022-07-14,9.696721076965332,13.630000114440918,13.8100004196167,13.529999732971191,13.8100004196167,10054600
2022-07-15,9.78209114074707,13.75,13.859999656677246,13.550000190734863,13.729999542236328,4045300
2022-07-18,9.860344886779785,13.859999656677246,14.020000457763672,13.720000267028809,13.829999923706055,4644900
2022-07-19,10.194716453552246,14.329999923706055,14.34000015258789,13.859999656677246,13.899999618530273,5954000
2022-07-20,10.031085968017578,14.100000381469727,14.350000381469727,14.039999961853027,14.260000228881836,7220800
2022-07-21,10.152032852172852,14.270000457763672,14.3100004196167,13.970000267028809,14.029999732971191,8689200
2022-07-22,10.073773384094238,14.15999984741211,14.319999694824219,14.079999923706055,14.319999694824219,6468100
2022-07-25,10.180489540100098,14.3100004196167,14.430000305175781,14.210000038146973,14.25,3603100
2022-07-26,10.159144401550293,14.279999732971191,14.470000267028809,14.199999809265137,14.350000381469727,5911400
2022-07-27,10.216055870056152,14.359999656677246,14.390000343322754,14.239999771118164,14.3100004196167,3795700
2022-07-28,10.258745193481445,14.420000076293945,14.4399995803833,14.109999656677246,14.319999694824219,6012700
2022-07-29,10.294313430786133,14.470000267028809,14.670000076293945,14.34000015258789,14.399999618530273,7880500
2022-08-01,10.272970199584961,14.4399995803833,14.569999694824219,14.329999923706055,14.470000267028809,9448200
2022-08-02,10.427716255187988,14.640000343322754,14.770000457763672,14.369999885559082,14.40999984741211,7806100
2022-08-03,10.555923461914062,14.819999694824219,14.880000114440918,14.550000190734863,14.649999618530273,4691800
2022-08-04,10.812342643737793,15.180000305175781,15.25,14.890000343322754,14.899999618530273,10649200
2022-08-05,10.91206169128418,15.319999694824219,15.479999542236328,14.880000114440918,15.180000305175781,9926300
2022-08-08,10.940549850463867,15.359999656677246,15.430000305175781,15.210000038146973,15.40999984741211,6025900
2022-08-09,11.111498832702637,15.600000381469727,15.630000114440918,15.319999694824219,15.479999542236328,6810600
2022-08-10,11.289566993713379,15.850000381469727,15.890000343322754,15.569999694824219,15.680000305175781,5098700
2022-08-11,11.34654712677002,15.930000305175781,16.110000610351562,15.920000076293945,15.9399995803833,7686900
2022-08-12,11.553106307983398,16.219999313354492,16.219999313354492,15.989999771118164,16.020000457763672,7288800
2022-08-15,11.410654067993164,16.020000457763672,16.079999923706055,15.890000343322754,16.020000457763672,9285800
2022-08-16,11.61009407043457,16.299999237060547,16.34000015258789,15.869999885559082,16.0,7612600
2022-08-17,11.652828216552734,16.360000610351562,16.469999313354492,16.18000030517578,16.229999542236328,7027200
2022-08-18,11.70268726348877,16.43000030517578,16.5,16.280000686645508,16.3700008392334,5093100
2022-08-19,11.54598331451416,16.209999084472656,16.399999618530273,16.100000381469727,16.34000015258789,5683900
2022-08-22,11.417776107788086,16.030000686645508,16.15999984741211,15.970000267028809,16.020000457763672,4142400
2022-08-23,11.481882095336914,16.1200008392334,16.200000762939453,16.0,16.010000228881836,3353800
2022-08-24,11.439143180847168,16.059999465942383,16.229999542236328,16.010000228881836,16.079999923706055,3191700
2022-08-25,11.517494201660156,16.170000076293945,16.299999237060547,16.040000915527344,16.06999969482422,2900400
2022-08-26,11.460512161254883,16.09000015258789,16.3700008392334,16.049999237060547,16.190000534057617,4755300
2022-08-29,11.496129035949707,16.139999389648438,16.280000686645508,15.859999656677246,16.0,5333300
2022-08-30,11.489006042480469,16.1299991607666,16.34000015258789,16.100000381469727,16.209999084472656,5316300
2022-08-31,11.282443046569824,15.84000015258789,16.239999771118164,15.760000228881836,16.149999618530273,12437200
2022-09-01,11.282443046569824,15.84000015258789,15.9399995803833,15.4399995803833,15.84000015258789,9552700
2022-09-02,11.358918190002441,15.930000305175781,16.260000228881836,15.850000381469727,15.90999984741211,8778600
2022-09-05,11.451616287231445,16.059999465942383,16.15999984741211,15.930000305175781,15.979999542236328,3487900
2022-09-06,11.344659805297852,15.90999984741211,16.030000686645508,15.720000267028809,15.960000038146973,6932900
2022-09-08,11.301878929138184,15.850000381469727,15.970000267028809,15.680000305175781,15.920000076293945,4198200
2022-09-09,11.408833503723145,16.0,16.110000610351562,15.899999618530273,15.960000038146973,4620000
2022-09-12,11.572836875915527,16.229999542236328,16.440000534057617,16.030000686645508,16.079999923706055,4356800
2022-09-13,11.408833503723145,16.0,16.260000228881836,15.949999809265137,16.010000228881836,4575700
2022-09-14,11.344659805297852,15.90999984741211,16.040000915527344,15.819999694824219,15.9399995803833,4854200
2022-09-15,11.294744491577148,15.84000015258789,16.049999237060547,15.770000457763672,15.899999618530273,5425000
2022-09-16,11.180657386779785,15.680000305175781,15.800000190734863,15.5,15.800000190734863,11139100
2022-09-19,11.451616287231445,16.059999465942383,16.15999984741211,15.600000381469727,15.6899995803833,6233100
2022-09-20,11.872318267822266,16.649999618530273,16.670000076293945,16.0,16.049999237060547,9953800
2022-09-21,11.793883323669434,16.540000915527344,16.739999771118164,16.469999313354492,16.600000381469727,8260700
2022-09-22,12.029189109802246,16.8700008392334,16.920000076293945,16.459999084472656,16.610000610351562,8378300
2022-09-23,11.779620170593262,16.520000457763672,16.690000534057617,16.25,16.690000534057617,7518700
2022-09-26,11.51579475402832,16.149999618530273,16.450000762939453,16.139999389648438,16.350000381469727,2553400
2022-09-27,11.43022632598877,16.030000686645508,16.139999389648438,15.970000267028809,16.059999465942383,7379100
2022-09-28,11.473007202148438,16.09000015258789,16.290000915527344,15.9399995803833,16.040000915527344,6581300
2022-09-29,11.59422492980957,16.260000228881836,16.3799991607666,15.880000114440918,15.899999618530273,16995600
2022-09-30,11.629877090454102,16.309999465942383,16.389999389648438,16.1200008392334,16.18000030517578,8084700
2022-10-03,12.39997386932373,17.389999389648438,17.40999984741211,16.5,16.5,9191000
2022-10-04,12.340913772583008,17.290000915527344,17.719999313354492,17.239999771118164,17.6299991607666,8302500
2022-10-05,12.533625602722168,17.559999465942383,17.670000076293945,17.239999771118164,17.389999389648438,5027400
2022-10-06,12.376602172851562,17.34000015258789,17.649999618530273,17.239999771118164,17.559999465942383,6614700
2022-10-07,12.07681941986084,16.920000076293945,17.34000015258789,16.600000381469727,17.299999237060547,8027000
2022-10-10,11.962615966796875,16.760000228881836,17.030000686645508,16.610000610351562,17.0,6773000
2022-10-11,11.848416328430176,16.600000381469727,16.770000457763672,16.540000915527344,16.709999084472656,6992600
2022-10-13,11.691387176513672,16.3799991607666,16.579999923706055,16.299999237060547,16.450000762939453,10684600
2022-10-14,11.641425132751465,16.309999465942383,16.649999618530273,16.190000534057617,16.450000762939453,8151700
2022-10-17,11.727075576782227,16.43000030517578,16.549999237060547,16.270000457763672,16.3799991607666,6374800
2022-10-18,11.834138870239258,16.579999923706055,16.65999984741211,16.450000762939453,16.600000381469727,7149200
2022-10-19,11.919794082641602,16.700000762939453,16.739999771118164,16.510000228881836,16.59000015258789,5033400
2022-10-20,12.07681941986084,16.920000076293945,16.950000762939453,16.649999618530273,16.780000686645508,9179500
2022-10-21,12.398011207580566,17.3700008392334,17.43000030517578,16.790000915527344,16.790000915527344,11061200
2022-10-24,11.819868087768555,16.559999465942383,17.290000915527344,16.520000457763672,17.15999984741211,7146200
2022-10-25,11.73421573638916,16.440000534057617,16.729999542236328,16.440000534057617,16.530000686645508,6091600
2022-10-26,11.2774076461792,15.800000190734863,16.25,15.770000457763672,16.25,8457600
2022-10-27,11.498675346374512,16.110000610351562,16.299999237060547,15.859999656677246,15.960000038146973,8330000
2022-10-28,11.584324836730957,16.229999542236328,16.229999542236328,16.020000457763672,16.100000381469727,5450400
2022-10-31,11.876968383789062,16.639999389648438,16.739999771118164,15.800000190734863,15.899999618530273,10375200
2022-11-01,11.926932334899902,16.709999084472656,17.110000610351562,16.559999465942383,16.649999618530273,9296200
2022-11-03,11.689181327819824,16.360000610351562,16.65999984741211,16.190000534057617,16.40999984741211,6544800
2022-11-04,11.660599708557129,16.31999969482422,16.739999771118164,16.299999237060547,16.59000015258789,7379600
2022-11-07,11.353363037109375,15.890000343322754,16.34000015258789,15.760000228881836,16.209999084472656,7832600
2022-11-08,11.289060592651367,15.800000190734863,15.84000015258789,15.539999961853027,15.770000457763672,7447800
2022-11-09,9.4813814163208,13.270000457763672,14.6899995803833,13.1899995803833,14.65999984741211,50705300
2022-11-10,9.181292533874512,12.850000381469727,13.40999984741211,12.6899995803833,13.300000190734863,25629200
2022-11-11,9.288469314575195,13.0,13.199999809265137,12.729999542236328,13.0,15791900
2022-11-14,9.359916687011719,13.100000381469727,13.220000267028809,12.800000190734863,13.15999984741211,11899100
2022-11-16,9.295610427856445,13.010000228881836,13.260000228881836,12.890000343322754,13.149999618530273,11542100
2022-11-17,9.431366920471191,13.199999809265137,13.229999542236328,12.869999885559082,12.920000076293945,10734300
2022-11-18,9.474234580993652,13.260000228881836,13.710000038146973,13.229999542236328,13.350000381469727,9755600
2022-11-21,9.395642280578613,13.149999618530273,13.460000038146973,13.039999961853027,13.399999618530273,6589300
2022-11-22,9.409930229187012,13.170000076293945,13.380000114440918,13.050000190734863,13.220000267028809,7855600
2022-11-23,9.374207496643066,13.119999885559082,13.140000343322754,12.9399995803833,13.140000343322754,5519000
2022-11-24,9.538541793823242,13.350000381469727,13.489999771118164,13.140000343322754,13.199999809265137,6307100
2022-11-25,9.417080879211426,13.180000305175781,13.399999618530273,13.09000015258789,13.359999656677246,7078800
2022-11-28,9.381352424621582,13.130000114440918,13.270000457763672,13.109999656677246,13.260000228881836,4479300
2022-11-29,9.531396865844727,13.34000015258789,13.470000267028809,13.050000190734863,13.15999984741211,7308600
2022-11-30,9.831483840942383,13.760000228881836,13.760000228881836,13.270000457763672,13.380000114440918,16417100
2022-12-01,9.588557243347168,13.420000076293945,13.630000114440918,13.359999656677246,13.569999694824219,13596700
2022-12-02,9.565128326416016,13.369999885559082,13.739999771118164,13.270000457763672,13.479999542236328,9090000
2022-12-05,9.31473159790039,13.020000457763672,13.3100004196167,13.0,13.239999771118164,17826000
2022-12-06,9.450660705566406,13.210000038146973,13.210000038146973,12.930000305175781,13.140000343322754,15015300
2022-12-07,9.400581359863281,13.140000343322754,13.34000015258789,13.109999656677246,13.1899995803833,9754900
2022-12-08,9.22887897491455,12.899999618530273,13.130000114440918,12.819999694824219,13.09000015258789,12983400
2022-12-09,9.164496421813965,12.8100004196167,12.989999771118164,12.760000228881836,12.920000076293945,12250700
2022-12-12,8.992791175842285,12.569999694824219,12.850000381469727,12.260000228881836,12.819999694824219,15988600
2022-12-13,8.728090286254883,12.199999809265137,12.710000038146973,12.199999809265137,12.609999656677246,17885000
2022-12-14,8.935558319091797,12.489999771118164,12.609999656677246,12.029999732971191,12.109999656677246,15607300
2022-12-15,8.821094512939453,12.329999923706055,12.6899995803833,12.300000190734863,12.40999984741211,9956500
2022-12-16,8.871170997619629,12.399999618530273,12.539999961853027,12.260000228881836,12.319999694824219,15587600
2022-12-19,9.050025939941406,12.649999618530273,12.6899995803833,12.329999923706055,12.4399995803833,7576400
2022-12-20,9.343347549438477,13.0600004196167,13.239999771118164,12.609999656677246,12.619999885559082,9280000
2022-12-21,9.400581359863281,13.140000343322754,13.1899995803833,12.930000305175781,13.09000015258789,7533500
2022-12-22,9.429195404052734,13.180000305175781,13.239999771118164,13.010000228881836,13.15999984741211,3671500
2022-12-23,9.557974815368652,13.359999656677246,13.420000076293945,13.149999618530273,13.239999771118164,3177800
2022-12-26,9.336194038391113,13.050000190734863,13.289999961853027,13.010000228881836,13.229999542236328,2063500
2022-12-27,9.393425941467285,13.130000114440918,13.329999923706055,12.960000038146973,13.329999923706055,26504100
2022-12-28,9.679593086242676,13.529999732971191,13.579999923706055,13.119999885559082,13.199999809265137,23236400
2022-12-29,9.636666297912598,13.470000267028809,13.699999809265137,13.4399995803833,13.569999694824219,14129200
2023-01-02,9.436348915100098,13.1899995803833,13.470000267028809,13.09000015258789,13.470000267028809,4974100
2023-01-03,8.990242004394531,12.550000190734863,13.180000305175781,12.520000457763672,13.149999618530273,17655900
2023-01-04,9.06904125213623,12.65999984741211,12.760000228881836,12.40999984741211,12.65999984741211,15164000
2023-01-05,9.36274528503418,13.069999694824219,13.15999984741211,12.649999618530273,12.739999771118164,12525700
2023-01-06,9.613470077514648,13.420000076293945,13.449999809265137,13.069999694824219,13.069999694824219,9496600
2023-01-09,9.636117935180664,12.920000076293945,13.029999732971191,12.729999542236328,12.829999923706055,7130800
2023-01-10,9.837491035461426,13.1899995803833,13.319999694824219,12.760000228881836,12.850000381469727,11141100
2023-01-11,9.941915512084961,13.329999923706055,13.399999618530273,13.140000343322754,13.15999984741211,12763600
2023-01-12,9.7405366897583,13.0600004196167,13.279999732971191,12.90999984741211,13.25,12977100
2023-01-13,9.77782917022705,13.109999656677246,13.210000038146973,12.800000190734863,13.0,6494100
2023-01-16,9.561534881591797,12.819999694824219,13.0600004196167,12.720000267028809,12.960000038146973,7220400
2023-01-17,9.628663063049316,12.90999984741211,12.979999542236328,12.710000038146973,12.850000381469727,8058700
2023-01-18,9.733078002929688,13.050000190734863,13.140000343322754,12.949999809265137,13.029999732971191,5074500
2023-01-19,9.77782917022705,13.109999656677246,13.130000114440918,12.890000343322754,12.949999809265137,5205900
2023-01-20,9.591368675231934,12.859999656677246,13.130000114440918,12.859999656677246,13.069999694824219,5313000
2023-01-23,9.2855806350708,12.449999809265137,12.899999618530273,12.420000076293945,12.869999885559082,6783300
2023-01-24,9.389998435974121,12.59000015258789,12.680000305175781,12.479999542236328,12.479999542236328,3965600
2023-01-25,9.404915809631348,12.609999656677246,12.710000038146973,12.390000343322754,12.569999694824219,4295300
2023-01-26,9.382536888122559,12.579999923706055,12.670000076293945,12.479999542236328,12.649999618530273,6696600
2023-01-27,9.18862247467041,12.319999694824219,12.600000381469727,12.289999961853027,12.569999694824219,6714900
2023-01-30,9.210997581481934,12.350000381469727,12.380000114440918,12.180000305175781,12.319999694824219,8928400
2023-01-31,9.412369728088379,12.619999885559082,12.710000038146973,12.40999984741211,12.40999984741211,10851800
2023-02-01,9.293038368225098,12.460000038146973,12.720000267028809,12.40999984741211,12.619999885559082,6796600
2023-02-02,9.350732803344727,12.520000457763672,12.789999961853027,12.350000381469727,12.369999885559082,10252700
2023-02-03,9.149080276489258,12.25,12.600000381469727,12.1899995803833,12.520000457763672,6900200
2023-02-06,9.164017677307129,12.270000457763672,12.300000190734863,12.140000343322754,12.260000228881836,5097100
2023-02-07,9.104273796081543,12.1899995803833,12.34000015258789,12.079999923706055,12.329999923706055,6536600
2023-02-08,9.432888984680176,12.630000114440918,12.65999984741211,12.229999542236328,12.260000228881836,6712300
2023-02-09,9.21629810333252,12.34000015258789,12.819999694824219,12.260000228881836,12.630000114440918,7631500
2023-02-10,8.65615177154541,11.59000015258789,11.84000015258789,11.430000305175781,11.59000015258789,21015100
2023-02-13,8.910083770751953,11.930000305175781,11.949999809265137,11.529999732971191,11.600000381469727,8853100
2023-02-14,8.887679100036621,11.899999618530273,12.050000190734863,11.8100004196167,11.949999809265137,8694300
2023-02-15,9.059456825256348,12.130000114440918,12.220000267028809,11.8100004196167,11.869999885559082,14487500
2023-02-16,9.126676559448242,12.220000267028809,12.369999885559082,11.9399995803833,12.010000228881836,9736000
2023-02-17,9.119207382202148,12.210000038146973,12.260000228881836,12.069999694824219,12.170000076293945,4012100
2023-02-22,8.977303504943848,12.020000457763672,12.109999656677246,11.899999618530273,12.079999923706055,7562000
2023-02-23,8.992237091064453,12.039999961853027,12.210000038146973,11.930000305175781,12.020000457763672,6570900
2023-02-24,8.805520057678223,11.789999961853027,12.0600004196167,11.710000038146973,12.029999732971191,6601500
2023-02-27,8.798055648803711,11.779999732971191,11.90999984741211,11.6899995803833,11.880000114440918,6089600
2023-02-28,8.693497657775879,11.640000343322754,12.010000228881836,11.640000343322754,11.850000381469727,12822200
2023-03-01,8.678556442260742,11.619999885559082,11.729999542236328,11.449999809265137,11.710000038146973,8052900
2023-03-02,8.541865348815918,11.420000076293945,11.680000305175781,11.420000076293945,11.59000015258789,6979100
2023-03-03,8.511945724487305,11.380000114440918,11.5,11.329999923706055,11.5,7369300
2023-03-06,8.766255378723145,11.720000267028809,11.770000457763672,11.369999885559082,11.40999984741211,7322800
2023-03-07,8.893412590026855,11.890000343322754,11.899999618530273,11.609999656677246,11.739999771118164,5584900
2023-03-08,9.125285148620605,12.199999809265137,12.260000228881836,11.9399995803833,11.949999809265137,9502100
2023-03-09,9.080403327941895,12.140000343322754,12.300000190734863,12.0600004196167,12.199999809265137,5633600
2023-03-10,8.841053009033203,11.819999694824219,12.130000114440918,11.75,12.100000381469727,8117700
2023-03-13,8.766255378723145,11.720000267028809,11.8100004196167,11.59000015258789,11.75,6727200
2023-03-14,8.7064208984375,11.640000343322754,11.819999694824219,11.609999656677246,11.75,8477100
2023-03-15,8.870973587036133,11.859999656677246,11.90999984741211,11.390000343322754,11.5,11356000
2023-03-16,9.005606651306152,12.039999961853027,12.149999618530273,11.819999694824219,11.869999885559082,8905200
2023-03-17,8.721378326416016,11.65999984741211,12.039999961853027,11.65999984741211,11.949999809265137,16910600
2023-03-20,8.691458702087402,11.619999885559082,11.920000076293945,11.510000228881836,11.670000076293945,5770100
2023-03-21,8.661540031433105,11.579999923706055,11.770000457763672,11.539999961853027,11.649999618530273,6133200
2023-03-22,8.594221115112305,11.489999771118164,11.710000038146973,11.470000267028809,11.609999656677246,4787700
2023-03-23,8.407232284545898,11.239999771118164,11.600000381469727,11.149999618530273,11.529999732971191,8728900
2023-03-24,8.526904106140137,11.399999618530273,11.460000038146973,11.149999618530273,11.260000228881836,6954300
2023-03-27,8.639104843139648,11.550000190734863,11.710000038146973,11.420000076293945,11.5,5355800
2023-03-28,8.594221115112305,11.489999771118164,11.699999809265137,11.449999809265137,11.550000190734863,6121700
2023-03-29,8.691458702087402,11.619999885559082,11.6899995803833,11.40999984741211,11.510000228881836,8624200
2023-03-30,8.923331260681152,11.930000305175781,11.979999542236328,11.6899995803833,11.6899995803833,4903700
2023-03-31,8.863492012023926,11.850000381469727,12.020000457763672,11.720000267028809,11.930000305175781,5243000
2023-04-03,8.661540031433105,11.579999923706055,11.899999618530273,11.520000457763672,11.890000343322754,5114800
2023-04-04,8.79431438446045,11.739999771118164,11.8100004196167,11.59000015258789,11.640000343322754,4086500
2023-04-05,8.80929946899414,11.760000228881836,11.850000381469727,11.649999618530273,11.75,6545400
2023-04-06,8.726899147033691,11.649999618530273,11.8100004196167,11.5600004196167,11.789999961853027,2473000
2023-04-10,8.771839141845703,11.710000038146973,11.800000190734863,11.65999984741211,11.670000076293945,4837800
2023-04-11,9.131407737731934,12.1899995803833,12.220000267028809,11.760000228881836,11.859999656677246,6661500
2023-04-12,9.191332817077637,12.270000457763672,12.520000457763672,12.149999618530273,12.220000267028809,10059600
2023-04-13,9.28122615814209,12.390000343322754,12.489999771118164,12.220000267028809,12.279999732971191,6861400
2023-04-14,9.288715362548828,12.399999618530273,12.460000038146973,12.199999809265137,12.359999656677246,4443900
2023-04-17,9.273734092712402,12.380000114440918,12.449999809265137,12.220000267028809,12.420000076293945,4119500
2023-04-18,9.22878646850586,12.319999694824219,12.489999771118164,12.1899995803833,12.399999618530273,3700200
2023-04-19,9.049009323120117,12.079999923706055,12.229999542236328,12.0600004196167,12.210000038146973,3180800
2023-04-20,9.153879165649414,12.220000267028809,12.239999771118164,11.930000305175781,12.100000381469727,6317000
2023-04-24,9.078969955444336,12.119999885559082,12.329999923706055,12.050000190734863,12.140000343322754,4759700
2023-04-25,9.221299171447754,12.3100004196167,12.34000015258789,12.0600004196167,12.130000114440918,5769900
2023-04-26,9.056493759155273,12.09000015258789,12.359999656677246,12.079999923706055,12.3100004196167,5818400
2023-04-27,9.183845520019531,12.260000228881836,12.3100004196167,12.100000381469727,12.109999656677246,4050100
2023-04-28,9.30369758605957,12.420000076293945,12.4399995803833,12.130000114440918,12.329999923706055,5708900
2023-05-02,9.06398868560791,12.100000381469727,12.399999618530273,12.010000228881836,12.399999618530273,6892200
2023-05-03,9.099434852600098,12.130000114440918,12.229999542236328,11.960000038146973,12.050000190734863,4388800
2023-05-04,9.309477806091309,12.40999984741211,12.569999694824219,12.220000267028809,12.25,6919600
2023-05-05,9.647050857543945,12.859999656677246,12.979999542236328,12.369999885559082,12.489999771118164,9197900
2023-05-08,9.849593162536621,13.130000114440918,13.289999961853027,12.899999618530273,12.899999618530273,10829200
2023-05-09,9.947112083435059,13.260000228881836,13.359999656677246,13.050000190734863,13.100000381469727,9189800
2023-05-10,9.977121353149414,13.300000190734863,13.329999923706055,13.119999885559082,13.239999771118164,5732200
2023-05-11,10.044634819030762,13.390000343322754,13.430000305175781,13.130000114440918,13.260000228881836,5149600
2023-05-12,10.022130012512207,13.359999656677246,13.399999618530273,13.210000038146973,13.3100004196167,4287300
2023-05-15,10.149659156799316,13.529999732971191,13.550000190734863,13.319999694824219,13.390000343322754,4940300
2023-05-16,10.052135467529297,13.399999618530273,13.670000076293945,13.369999885559082,13.569999694824219,4430300
2023-05-17,10.149659156799316,13.529999732971191,13.59000015258789,13.380000114440918,13.5,5073700
2023-05-18,10.172160148620605,13.5600004196167,13.600000381469727,13.369999885559082,13.420000076293945,5223000
2023-05-19,10.292186737060547,13.720000267028809,13.789999961853027,13.460000038146973,13.579999923706055,9998200
2023-05-22,10.247176170349121,13.65999984741211,13.9399995803833,13.609999656677246,13.770000457763672,6550800
2023-05-23,10.31469440460205,13.75,14.020000457763672,13.640000343322754,13.6899995803833,8083700
2023-05-24,10.09714412689209,13.460000038146973,13.6899995803833,13.319999694824219,13.680000305175781,6866700
2023-05-25,10.269682884216309,13.6899995803833,13.779999732971191,13.550000190734863,13.649999618530273,11356000
2023-05-26,10.254681587219238,13.670000076293945,13.899999618530273,13.510000228881836,13.819999694824219,5446200
2023-05-29,10.247176170349121,13.65999984741211,13.720000267028809,13.520000457763672,13.649999618530273,4266700
2023-05-30,10.059638977050781,13.40999984741211,13.75,13.319999694824219,13.65999984741211,7165900
2023-05-31,9.95461368560791,13.270000457763672,13.380000114440918,13.180000305175781,13.350000381469727,21929900
2023-06-01,10.03713321685791,13.380000114440918,13.59000015258789,13.1899995803833,13.279999732971191,7005400
2023-06-02,10.050089836120605,13.380000114440918,13.380000114440918,13.380000114440918,13.380000114440918,0
2023-06-05,10.433165550231934,13.890000343322754,13.970000267028809,13.609999656677246,13.760000228881836,4057300
2023-06-06,10.650992393493652,14.180000305175781,14.199999809265137,13.899999618530273,13.899999618530273,6161000
2023-06-07,10.681038856506348,14.220000267028809,14.300000190734863,14.079999923706055,14.199999809265137,6722900
2023-06-09,10.921401023864746,14.539999961853027,14.6899995803833,14.270000457763672,14.34000015258789,9309500
2023-06-12,10.816239356994629,14.399999618530273,14.680000305175781,14.350000381469727,14.539999961853027,7545500
2023-06-13,10.838777542114258,14.430000305175781,14.489999771118164,14.319999694824219,14.460000038146973,5731800
2023-06-14,10.86882209777832,14.470000267028809,14.539999961853027,14.210000038146973,14.5,12716800
2023-06-15,10.921401023864746,14.539999961853027,14.609999656677246,14.380000114440918,14.4399995803833,6296200
2023-06-16,10.921401023864746,14.539999961853027,14.649999618530273,14.390000343322754,14.520000457763672,11041300
2023-06-19,11.146734237670898,14.84000015258789,14.880000114440918,14.510000228881836,14.539999961853027,4151000
2023-06-20,11.161760330200195,14.859999656677246,14.90999984741211,14.680000305175781,14.829999923706055,5377700
2023-06-21,11.244383811950684,14.970000267028809,15.039999961853027,14.869999885559082,14.869999885559082,5065200
2023-06-22,11.041580200195312,14.699999809265137,14.920000076293945,14.5600004196167,14.859999656677246,6314800
2023-06-23,11.011531829833984,14.65999984741211,14.739999771118164,14.5,14.710000038146973,4961700
2023-06-26,11.011531829833984,14.65999984741211,14.779999732971191,14.470000267028809,14.65999984741211,4604400
2023-06-27,11.025979995727539,14.5,14.630000114440918,14.170000076293945,14.600000381469727,5044000
2023-06-28,10.881500244140625,14.3100004196167,14.579999923706055,14.220000267028809,14.579999923706055,5916900
2023-06-29,11.018373489379883,14.489999771118164,14.569999694824219,14.279999732971191,14.279999732971191,5509300
2023-06-30,11.132436752319336,14.640000343322754,14.869999885559082,14.5600004196167,14.619999885559082,9328300
2023-07-03,11.276912689208984,14.829999923706055,14.899999618530273,14.710000038146973,14.75,4354700
2023-07-04,11.168240547180176,14.670000076293945,14.859999656677246,14.630000114440918,14.829999923706055,2384800
2023-07-05,11.18346881866455,14.6899995803833,14.770000457763672,14.550000190734863,14.569999694824219,3097000
2023-07-06,10.924627304077148,14.350000381469727,14.670000076293945,14.329999923706055,14.600000381469727,5107100
2023-07-07,11.038819313049316,14.5,14.680000305175781,14.380000114440918,14.380000114440918,3299900
2023-07-10,11.046432495117188,14.510000228881836,14.59000015258789,14.420000076293945,14.5,2555500
2023-07-11,10.947463035583496,14.380000114440918,14.489999771118164,14.119999885559082,14.420000076293945,3991400
2023-07-12,10.878947257995605,14.289999961853027,14.489999771118164,14.229999542236328,14.350000381469727,3756100
2023-07-13,11.099723815917969,14.579999923706055,14.75,14.25,14.289999961853027,4274900
2023-07-14,11.054046630859375,14.520000457763672,14.670000076293945,14.449999809265137,14.510000228881836,2953700
2023-07-17,11.18346881866455,14.6899995803833,14.739999771118164,14.350000381469727,14.350000381469727,2520200
2023-07-18,11.137789726257324,14.630000114440918,14.739999771118164,14.550000190734863,14.5600004196167,3217900
2023-07-19,11.107336044311523,14.59000015258789,14.710000038146973,14.430000305175781,14.619999885559082,2503800
2023-07-20,11.175850868225098,14.680000305175781,14.680000305175781,14.479999542236328,14.609999656677246,2339200
2023-07-21,11.495598793029785,15.100000381469727,15.100000381469727,14.699999809265137,14.739999771118164,6108500
2023-07-24,11.297661781311035,14.84000015258789,15.180000305175781,14.729999542236328,15.0,4976400
2023-07-25,11.2367582321167,14.760000228881836,15.050000190734863,14.630000114440918,15.050000190734863,4580500
2023-07-26,11.328110694885254,14.880000114440918,14.920000076293945,14.65999984741211,14.760000228881836,3732100
2023-07-27,11.076885223388672,14.550000190734863,14.970000267028809,14.550000190734863,14.949999809265137,3226700
2023-07-28,11.229142189025879,14.75,14.829999923706055,14.539999961853027,14.600000381469727,3246700
2023-07-31,11.305273056030273,14.850000381469727,14.90999984741211,14.770000457763672,14.890000343322754,2712600
2023-08-01,11.267210006713867,14.800000190734863,14.869999885559082,14.630000114440918,14.770000457763672,3655700
2023-08-02,11.295598983764648,14.819999694824219,14.920000076293945,14.65999984741211,14.710000038146973,4115700
2023-08-03,11.181270599365234,14.670000076293945,15.050000190734863,14.59000015258789,14.949999809265137,5647700
2023-08-04,10.647745132446289,13.970000267028809,14.390000343322754,13.880000114440918,14.109999656677246,12106700
2023-08-07,10.579144477844238,13.880000114440918,14.140000343322754,13.760000228881836,13.979999542236328,5141900
2023-08-08,10.541035652160645,13.829999923706055,13.930000305175781,13.649999618530273,13.760000228881836,4671500
2023-08-09,10.464818954467773,13.729999542236328,13.819999694824219,13.5600004196167,13.789999961853027,5558900
2023-08-10,10.579144477844238,13.880000114440918,14.010000228881836,13.739999771118164,13.75,3478400
2023-08-11,10.52579116821289,13.8100004196167,13.930000305175781,13.6899995803833,13.880000114440918,6089700
2023-08-14,10.518171310424805,13.800000190734863,13.84000015258789,13.619999885559082,13.710000038146973,4807100
2023-08-15,10.457196235656738,13.720000267028809,13.829999923706055,13.59000015258789,13.800000190734863,5743200
2023-08-16,10.30475902557373,13.520000457763672,13.800000190734863,13.479999542236328,13.640000343322754,8050600
2023-08-17,10.11421012878418,13.270000457763672,13.5600004196167,13.1899995803833,13.5600004196167,7908900
2023-08-18,10.198053359985352,13.380000114440918,13.40999984741211,13.170000076293945,13.199999809265137,3689700
2023-08-21,10.144699096679688,13.3100004196167,13.350000381469727,13.220000267028809,13.289999961853027,3923900
2023-08-22,10.213296890258789,13.399999618530273,13.420000076293945,13.279999732971191,13.329999923706055,4969600
2023-08-23,10.32762622833252,13.550000190734863,13.550000190734863,13.350000381469727,13.350000381469727,6252000
2023-08-24,10.121832847595215,13.279999732971191,13.520000457763672,13.239999771118164,13.510000228881836,5801600
2023-08-25,10.068480491638184,13.210000038146973,13.34000015258789,13.079999923706055,13.289999961853027,3065400
2023-08-28,10.266650199890137,13.470000267028809,13.579999923706055,13.130000114440918,13.210000038146973,5432300
2023-08-29,10.35048770904541,13.579999923706055,13.770000457763672,13.510000228881836,13.600000381469727,7205900
2023-08-30,10.213296890258789,13.399999618530273,13.649999618530273,13.329999923706055,13.649999618530273,4490600
2023-08-31,10.091347694396973,13.239999771118164,13.420000076293945,13.180000305175781,13.329999923706055,7717500
2023-09-01,10.068480491638184,13.210000038146973,13.399999618530273,13.1899995803833,13.260000228881836,4051300
2023-09-04,10.028225898742676,13.140000343322754,13.25,13.069999694824219,13.199999809265137,3859500
2023-09-05,9.906110763549805,12.979999542236328,13.119999885559082,12.930000305175781,13.079999923706055,5014400
2023-09-06,9.7687406539917,12.800000190734863,13.039999961853027,12.800000190734863,12.970000267028809,5973200
2023-09-08,9.7687406539917,12.800000190734863,12.90999984741211,12.699999809265137,12.819999694824219,4837200
2023-09-11,9.906110763549805,12.979999542236328,13.010000228881836,12.800000190734863,12.899999618530273,3278400
2023-09-12,10.005325317382812,13.109999656677246,13.149999618530273,12.970000267028809,12.979999542236328,4127400
2023-09-13,10.035855293273926,13.149999618530273,13.329999923706055,13.029999732971191,13.109999656677246,4459500
2023-09-14,10.074014663696289,13.199999809265137,13.329999923706055,13.199999809265137,13.220000267028809,3551500
2023-09-15,10.020590782165527,13.130000114440918,13.239999771118164,13.039999961853027,13.199999809265137,9500900
2023-09-18,10.035855293273926,13.149999618530273,13.229999542236328,13.069999694824219,13.130000114440918,2400800
2023-09-19,9.951904296875,13.039999961853027,13.149999618530273,13.010000228881836,13.140000343322754,4381500
2023-09-20,9.967167854309082,13.0600004196167,13.210000038146973,13.029999732971191,13.109999656677246,7295900
2023-09-21,9.539783477783203,12.5,13.0,12.449999809265137,13.0,20292000
2023-09-22,9.547415733337402,12.510000228881836,12.59000015258789,12.399999618530273,12.5600004196167,8807500
2023-09-25,9.501626968383789,12.449999809265137,12.539999961853027,12.420000076293945,12.460000038146973,5070900
2023-09-26,9.364256858825684,12.270000457763672,12.430000305175781,12.270000457763672,12.420000076293945,6894200
2023-09-27,9.364256858825684,12.270000457763672,12.489999771118164,12.170000076293945,12.3100004196167,8377000
2023-09-28,9.570313453674316,12.539999961853027,12.539999961853027,12.210000038146973,12.270000457763672,7688100
2023-09-29,9.661893844604492,12.65999984741211,12.670000076293945,12.510000228881836,12.619999885559082,5553200
2023-10-02,9.509259223937988,12.460000038146973,12.760000228881836,12.449999809265137,12.6899995803833,4427900
2023-10-03,9.36959171295166,12.260000228881836,12.4399995803833,12.239999771118164,12.430000305175781,6101300
2023-10-04,9.629435539245605,12.600000381469727,12.65999984741211,12.279999732971191,12.350000381469727,5561300
2023-10-05,9.652361869812012,12.630000114440918,12.899999618530273,12.5,12.729999542236328,7728100
2023-10-06,9.660005569458008,12.640000343322754,12.699999809265137,12.300000190734863,12.479999542236328,4865900
2023-10-09,9.660005569458008,12.640000343322754,12.640000343322754,12.449999809265137,12.600000381469727,4251300
2023-10-10,9.736429214477539,12.739999771118164,12.829999923706055,12.569999694824219,12.680000305175781,5126800
2023-10-11,9.828136444091797,12.859999656677246,12.90999984741211,12.680000305175781,12.739999771118164,4837500
2023-10-13,9.68293285369873,12.670000076293945,12.90999984741211,12.649999618530273,12.869999885559082,8810100
2023-10-16,9.789926528930664,12.8100004196167,12.899999618530273,12.6899995803833,12.699999809265137,4273300
2023-10-17,9.68293285369873,12.670000076293945,12.800000190734863,12.579999923706055,12.710000038146973,6608000
2023-10-18,9.57593822479248,12.529999732971191,12.75,12.510000228881836,12.539999961853027,8077000
2023-10-19,9.637076377868652,12.609999656677246,12.75,12.460000038146973,12.5,5529900
2023-10-20,9.51479721069336,12.449999809265137,12.6899995803833,12.449999809265137,12.529999732971191,4241200
2023-10-23,9.522440910339355,12.460000038146973,12.550000190734863,12.369999885559082,12.430000305175781,3542400
2023-10-24,9.545368194580078,12.489999771118164,12.569999694824219,12.329999923706055,12.5600004196167,4280500
2023-10-25,9.484230041503906,12.40999984741211,12.800000190734863,12.399999618530273,12.739999771118164,6479600
2023-10-26,9.705862045288086,12.699999809265137,12.710000038146973,12.399999618530273,12.449999809265137,4544400
2023-10-27,9.545368194580078,12.489999771118164,12.75,12.40999984741211,12.65999984741211,11212600
2023-10-30,9.468948364257812,12.390000343322754,12.630000114440918,12.3100004196167,12.520000457763672,9168700
2023-10-31,9.392520904541016,12.289999961853027,12.399999618530273,12.210000038146973,12.399999618530273,8314200
2023-11-01,9.522440910339355,12.460000038146973,12.489999771118164,12.270000457763672,12.289999961853027,13284100
2023-11-03,9.987168312072754,13.050000190734863,13.170000076293945,12.720000267028809,12.75,8478600
2023-11-06,10.01012897491455,13.079999923706055,13.130000114440918,12.970000267028809,13.079999923706055,4794100
2023-11-07,10.216761589050293,13.350000381469727,13.420000076293945,13.010000228881836,13.069999694824219,8449400
2023-11-08,10.28563404083252,13.4399995803833,13.489999771118164,13.260000228881836,13.40999984741211,4273800
2023-11-09,10.316248893737793,13.479999542236328,13.569999694824219,13.279999732971191,13.430000305175781,4190400
2023-11-10,10.186148643493652,13.3100004196167,13.380000114440918,13.0,13.210000038146973,7427000
2023-11-13,10.033084869384766,13.109999656677246,13.300000190734863,13.010000228881836,13.300000190734863,6503600
2023-11-14,10.270332336425781,13.420000076293945,13.449999809265137,13.09000015258789,13.149999618530273,8929700
2023-11-16,10.553489685058594,13.789999961853027,13.819999694824219,13.399999618530273,13.40999984741211,10203500
2023-11-17,10.51522445678711,13.739999771118164,13.829999923706055,13.640000343322754,13.789999961853027,6660000
2023-11-20,10.507575035095215,13.729999542236328,13.739999771118164,13.5600004196167,13.720000267028809,5549400
2023-11-21,10.476963996887207,13.6899995803833,13.779999732971191,13.600000381469727,13.729999542236328,3180200
2023-11-22,10.668286323547363,13.9399995803833,14.09000015258789,13.680000305175781,13.729999542236328,8301900
2023-11-23,10.867264747619629,14.199999809265137,14.59000015258789,14.0,14.010000228881836,9384100
2023-11-24,10.936141967773438,14.289999961853027,14.329999923706055,14.109999656677246,14.180000305175781,5507600
2023-11-27,10.836653709411621,14.15999984741211,14.300000190734863,14.050000190734863,14.270000457763672,7069700
2023-11-28,10.89022445678711,14.229999542236328,14.279999732971191,14.050000190734863,14.15999984741211,6991900
2023-11-29,10.828998565673828,14.149999618530273,14.390000343322754,14.100000381469727,14.300000190734863,5646600
2023-11-30,10.928492546081543,14.279999732971191,14.3100004196167,14.119999885559082,14.149999618530273,7282900
2023-12-01,10.989714622497559,14.359999656677246,14.359999656677246,14.119999885559082,14.229999542236328,6071000
2023-12-04,11.025918960571289,14.390000343322754,14.449999809265137,14.140000343322754,14.199999809265137,4472100
2023-12-05,11.110201835632324,14.5,14.5600004196167,14.34000015258789,14.399999618530273,5462900
2023-12-06,10.972284317016602,14.319999694824219,14.550000190734863,14.260000228881836,14.510000228881836,7757900
2023-12-07,11.002930641174316,14.359999656677246,14.479999542236328,14.300000190734863,14.34000015258789,3124600
2023-12-08,11.117865562438965,14.510000228881836,14.600000381469727,14.25,14.329999923706055,4053300
2023-12-11,11.048904418945312,14.420000076293945,14.539999961853027,14.34000015258789,14.479999542236328,3355700
2023-12-12,11.079554557800293,14.460000038146973,14.579999923706055,14.319999694824219,14.550000190734863,22188200
2023-12-13,11.462662696838379,14.960000038146973,15.0600004196167,14.399999618530273,14.449999809265137,8599000
2023-12-14,11.730842590332031,15.3100004196167,15.319999694824219,15.079999923706055,15.119999885559082,8897900
2023-12-15,11.876423835754395,15.5,15.539999961853027,15.260000228881836,15.3100004196167,8399000
2023-12-18,11.930058479309082,15.569999694824219,15.619999885559082,15.279999732971191,15.550000190734863,6348100
2023-12-19,12.022006034851074,15.6899995803833,15.770000457763672,15.550000190734863,15.600000381469727,9446000
2023-12-20,11.853436470031738,15.470000267028809,15.680000305175781,15.430000305175781,15.65999984741211,4317200
2023-12-21,11.845773696899414,15.460000038146973,15.579999923706055,15.359999656677246,15.579999923706055,4673500
2023-12-22,12.018514633178711,15.050000190734863,15.170000076293945,14.8100004196167,14.920000076293945,5660600
2023-12-26,12.066431045532227,15.109999656677246,15.170000076293945,15.010000228881836,15.050000190734863,2428700
2023-12-27,12.15427017211914,15.220000267028809,15.319999694824219,15.029999732971191,15.079999923706055,2495300
2023-12-28,12.202183723449707,15.279999732971191,15.359999656677246,15.210000038146973,15.239999771118164,3375400
2024-01-02,12.066431045532227,15.109999656677246,15.260000228881836,14.979999542236328,15.260000228881836,4545600
2024-01-03,12.072223663330078,15.100000381469727,15.220000267028809,15.0,15.029999732971191,2979400
2024-01-04,11.91232967376709,14.899999618530273,15.130000114440918,14.869999885559082,15.0600004196167,4189100
2024-01-05,12.112196922302246,15.149999618530273,15.180000305175781,14.800000190734863,14.890000343322754,3674400
2024-01-08,12.072223663330078,15.100000381469727,15.210000038146973,15.039999961853027,15.149999618530273,2185700
2024-01-09,11.752432823181152,14.699999809265137,14.970000267028809,14.619999885559082,14.949999809265137,6886900
2024-01-10,11.552557945251465,14.449999809265137,14.739999771118164,14.4399995803833,14.720000267028809,4337600
2024-01-11,11.536569595336914,14.430000305175781,14.5,14.279999732971191,14.420000076293945,5539300
2024-01-12,11.432637214660645,14.300000190734863,14.40999984741211,14.229999542236328,14.399999618530273,6260700
2024-01-15,11.472612380981445,14.350000381469727,14.350000381469727,14.170000076293945,14.300000190734863,2719600
2024-01-16,11.28873062133789,14.119999885559082,14.300000190734863,14.039999961853027,14.260000228881836,8045900
2024-01-17,11.304718971252441,14.140000343322754,14.199999809265137,14.050000190734863,14.100000381469727,5681600
2024-01-18,11.176800727844238,13.979999542236328,14.140000343322754,13.869999885559082,14.140000343322754,8747200
2024-01-19,11.072870254516602,13.850000381469727,14.0600004196167,13.779999732971191,14.0600004196167,10367600
2024-01-22,11.016904830932617,13.779999732971191,13.979999542236328,13.710000038146973,13.869999885559082,4464500
2024-01-23,11.032894134521484,13.800000190734863,13.859999656677246,13.65999984741211,13.859999656677246,4510300
2024-01-24,10.9769287109375,13.729999542236328,13.930000305175781,13.680000305175781,13.850000381469727,4010600
2024-01-25,10.952945709228516,13.699999809265137,13.800000190734863,13.680000305175781,13.729999542236328,2924800
2024-01-26,10.99291706085205,13.75,13.899999618530273,13.670000076293945,13.720000267028809,3322500
2024-01-29,10.952945709228516,13.699999809265137,13.8100004196167,13.65999984741211,13.770000457763672,2328800
2024-01-30,10.904975891113281,13.640000343322754,13.760000228881836,13.619999885559082,13.699999809265137,3663900
2024-01-31,10.936957359313965,13.680000305175781,13.869999885559082,13.600000381469727,13.6899995803833,4197900
2024-02-01,10.98492431640625,13.739999771118164,13.770000457763672,13.550000190734863,13.770000457763672,4733800
2024-02-02,10.918682098388672,13.640000343322754,13.770000457763672,13.489999771118164,13.699999809265137,5744000
2024-02-05,11.134817123413086,13.90999984741211,13.970000267028809,13.640000343322754,13.640000343322754,4445300
2024-02-06,11.623116493225098,14.520000457763672,14.600000381469727,13.930000305175781,13.979999542236328,9564300
2024-02-07,10.11019229888916,12.630000114440918,13.6899995803833,12.5,13.529999732971191,32214700
2024-02-08,10.022136688232422,12.520000457763672,12.670000076293945,12.149999618530273,12.649999618530273,17821000
2024-02-09,9.926074981689453,12.399999618530273,12.640000343322754,12.180000305175781,12.630000114440918,15144900
2024-02-14,9.79799747467041,12.239999771118164,12.430000305175781,12.09000015258789,12.369999885559082,15057600
2024-02-15,9.781990051269531,12.220000267028809,12.4399995803833,12.170000076293945,12.300000190734863,17881300
2024-02-16,9.830018043518066,12.279999732971191,12.350000381469727,12.119999885559082,12.300000190734863,11881800
2024-02-19,9.854032516479492,12.3100004196167,12.380000114440918,12.170000076293945,12.300000190734863,8288200
2024-02-20,10.078169822692871,12.59000015258789,12.649999618530273,12.319999694824219,12.350000381469727,12174800
2024-02-21,10.006125450134277,12.5,12.65999984741211,12.369999885559082,12.609999656677246,9838000
2024-02-22,9.982109069824219,12.470000267028809,12.600000381469727,12.430000305175781,12.529999732971191,8299300
2024-02-23,9.966102600097656,12.449999809265137,12.529999732971191,12.34000015258789,12.489999771118164,8908600
2024-02-26,9.934082984924316,12.40999984741211,12.489999771118164,12.3100004196167,12.489999771118164,6463600
2024-02-27,10.022136688232422,12.520000457763672,12.600000381469727,12.40999984741211,12.449999809265137,12395800
2024-02-28,9.982109069824219,12.470000267028809,12.550000190734863,12.380000114440918,12.520000457763672,7461900
2024-02-29,9.846026420593262,12.300000190734863,12.470000267028809,12.239999771118164,12.470000267028809,8635100
2024-03-01,9.926074981689453,12.399999618530273,12.4399995803833,12.270000457763672,12.319999694824219,7340800
2024-03-04,9.771566390991211,12.1899995803833,12.4399995803833,12.1899995803833,12.380000114440918,9126400
2024-03-05,9.875772476196289,12.319999694824219,12.390000343322754,12.1899995803833,12.220000267028809,11029200
2024-03-06,9.819660186767578,12.25,12.510000228881836,12.25,12.399999618530273,14327900
2024-03-07,9.763553619384766,12.180000305175781,12.300000190734863,12.149999618530273,12.25,5158600
2024-03-08,9.79561710357666,12.220000267028809,12.34000015258789,12.140000343322754,12.180000305175781,15200100
2024-03-11,9.867759704589844,12.3100004196167,12.350000381469727,12.180000305175781,12.1899995803833,12577100
2024-03-12,10.004033088684082,12.479999542236328,12.550000190734863,12.319999694824219,12.359999656677246,8697200
2024-03-13,10.100225448608398,12.600000381469727,12.699999809265137,12.460000038146973,12.460000038146973,8471800
2024-03-14,10.100225448608398,12.600000381469727,12.680000305175781,12.520000457763672,12.569999694824219,8434200
2024-03-15,10.044112205505371,12.529999732971191,12.680000305175781,12.510000228881836,12.649999618530273,11979400
2024-03-18,10.16435432434082,12.680000305175781,12.729999542236328,12.550000190734863,12.600000381469727,7315100
2024-03-19,10.124276161193848,12.630000114440918,12.729999542236328,12.579999923706055,12.699999809265137,6133400
2024-03-20,10.324674606323242,12.880000114440918,12.930000305175781,12.600000381469727,12.640000343322754,12818100
2024-03-21,10.228482246398926,12.760000228881836,12.930000305175781,12.75,12.920000076293945,5179300
2024-03-22,10.036097526550293,12.520000457763672,12.8100004196167,12.4399995803833,12.760000228881836,8548800
2024-03-25,9.996014595031738,12.470000267028809,12.579999923706055,12.390000343322754,12.520000457763672,6524200
2024-03-26,10.124276161193848,12.630000114440918,12.65999984741211,12.40999984741211,12.449999809265137,5703100
2024-03-27,10.268562316894531,12.8100004196167,12.829999923706055,12.539999961853027,12.600000381469727,5695900
2024-03-28,10.212449073791504,12.739999771118164,12.869999885559082,12.6899995803833,12.800000190734863,4942100
2024-04-01,10.076178550720215,12.569999694824219,12.869999885559082,12.520000457763672,12.760000228881836,6401200
2024-04-02,10.138187408447266,12.630000114440918,12.710000038146973,12.510000228881836,12.510000228881836,6601100
2024-04-03,10.370973587036133,12.920000076293945,13.050000190734863,12.569999694824219,12.630000114440918,13502700
2024-04-04,10.395050048828125,12.949999809265137,13.34000015258789,12.9399995803833,12.9399995803833,13370100
2024-04-05,10.34688663482666,12.890000343322754,13.0600004196167,12.8100004196167,13.0,3732300
2024-04-08,10.403081893920898,12.960000038146973,13.109999656677246,12.869999885559082,12.920000076293945,3308400
2024-04-09,10.515458106994629,13.100000381469727,13.170000076293945,12.989999771118164,13.039999961853027,4017100
2024-04-10,10.282673835754395,12.8100004196167,13.119999885559082,12.760000228881836,13.069999694824219,5014300
2024-04-11,10.226483345031738,12.739999771118164,12.800000190734863,12.640000343322754,12.770000457763672,3913100
2024-04-12,10.073967933654785,12.550000190734863,12.739999771118164,12.520000457763672,12.739999771118164,4903900
2024-04-15,9.977643013000488,12.430000305175781,12.600000381469727,12.359999656677246,12.569999694824219,5645900
2024-04-16,9.873291015625,12.300000190734863,12.399999618530273,12.260000228881836,12.359999656677246,5091800
2024-04-17,9.8411865234375,12.260000228881836,12.390000343322754,12.119999885559082,12.329999923706055,6652100
2024-04-18,9.76091480255127,12.15999984741211,12.350000381469727,12.109999656677246,12.279999732971191,4193600
2024-04-19,9.68867015838623,12.069999694824219,12.210000038146973,12.069999694824219,12.180000305175781,4838000
2024-04-22,9.656564712524414,12.029999732971191,12.170000076293945,12.0,12.130000114440918,4066200
2024-04-23,9.680643081665039,12.0600004196167,12.130000114440918,11.9399995803833,12.0,5900800
2024-04-24,9.656564712524414,12.029999732971191,12.09000015258789,11.949999809265137,12.029999732971191,4940200
2024-04-25,9.640508651733398,12.010000228881836,12.119999885559082,11.970000267028809,12.029999732971191,2937700
2024-04-26,9.793021202087402,12.199999809265137,12.289999961853027,12.020000457763672,12.109999656677246,3193600
2024-04-29,9.945535659790039,12.390000343322754,12.390000343322754,12.180000305175781,12.199999809265137,4219100
2024-04-30,9.921452522277832,12.359999656677246,12.529999732971191,12.279999732971191,12.359999656677246,6428900
2024-05-02,9.945535659790039,12.390000343322754,12.59000015258789,12.15999984741211,12.569999694824219,13929100
2024-05-03,10.039785385131836,12.489999771118164,12.600000381469727,12.319999694824219,12.5600004196167,13339300
2024-05-06,9.90313720703125,12.319999694824219,12.470000267028809,12.239999771118164,12.470000267028809,8626300
2024-05-07,9.935285568237305,12.359999656677246,12.449999809265137,12.319999694824219,12.350000381469727,4339000
2024-05-08,9.870983123779297,12.279999732971191,12.359999656677246,12.199999809265137,12.300000190734863,6638700
2024-05-09,9.613758087158203,11.960000038146973,12.229999542236328,11.949999809265137,12.210000038146973,9901000
2024-05-10,9.605717658996582,11.949999809265137,12.109999656677246,11.9399995803833,12.010000228881836,11358400
2024-05-13,9.5816068649292,11.920000076293945,12.0,11.869999885559082,11.970000267028809,7717200
2024-05-14,9.637874603271484,11.989999771118164,11.989999771118164,11.850000381469727,11.90999984741211,8332700
2024-05-15,9.589642524719238,11.930000305175781,12.020000457763672,11.880000114440918,12.020000457763672,5319600
2024-05-16,9.589642524719238,11.930000305175781,12.020000457763672,11.890000343322754,11.989999771118164,6057500
2024-05-17,9.661989212036133,12.020000457763672,12.039999961853027,11.859999656677246,11.949999809265137,6613300
2024-05-20,9.637874603271484,11.989999771118164,12.069999694824219,11.9399995803833,11.960000038146973,4370100
2024-05-21,9.637874603271484,11.989999771118164,12.0600004196167,11.9399995803833,12.0,5035600
2024-05-22,9.44495677947998,11.75,11.989999771118164,11.75,11.949999809265137,7618300
2024-05-23,9.356534004211426,11.640000343322754,11.789999961853027,11.600000381469727,11.779999732971191,6451900
2024-05-24,9.36457347869873,11.649999618530273,11.699999809265137,11.59000015258789,11.649999618530273,4942400
2024-05-27,9.36457347869873,11.649999618530273,11.680000305175781,11.600000381469727,11.649999618530273,2248900
2024-05-28,9.340456008911133,11.619999885559082,11.75,11.579999923706055,11.75,5622000
2024-05-29,9.243997573852539,11.5,11.569999694824219,11.40999984741211,11.5600004196167,6388800
2024-05-31,9.203805923461914,11.449999809265137,11.5600004196167,11.420000076293945,11.510000228881836,8612900
2024-06-03,9.219884872436523,11.470000267028809,11.529999732971191,11.380000114440918,11.5,6103100
2024-06-04,9.24182415008545,11.479999542236328,11.5600004196167,11.359999656677246,11.460000038146973,6272200
2024-06-05,9.177417755126953,11.399999618530273,11.489999771118164,11.380000114440918,11.489999771118164,4695400
2024-06-06,9.314276695251465,11.569999694824219,11.640000343322754,11.399999618530273,11.399999618530273,5000600
2024-06-07,9.24182415008545,11.479999542236328,11.609999656677246,11.4399995803833,11.550000190734863,24549700
2024-06-10,9.249870300292969,11.489999771118164,11.550000190734863,11.4399995803833,11.5,15528400
2024-06-11,9.290121078491211,11.539999961853027,11.609999656677246,11.5,11.550000190734863,3559600
2024-06-12,9.104962348937988,11.3100004196167,11.59000015258789,11.270000457763672,11.569999694824219,9127100
2024-06-13,9.08081340789795,11.279999732971191,11.399999618530273,11.260000228881836,11.300000190734863,8527500
2024-06-14,9.16131591796875,11.380000114440918,11.390000343322754,11.220000267028809,11.289999961853027,3958900
2024-06-17,9.193520545959473,11.420000076293945,11.479999542236328,11.319999694824219,11.380000114440918,7609800
2024-06-18,9.126310348510742,10.979999542236328,11.25,10.949999809265137,11.210000038146973,8706100
2024-06-19,9.176182746887207,11.039999961853027,11.079999923706055,10.869999885559082,11.0,5719600
2024-06-20,9.201114654541016,11.069999694824219,11.199999809265137,11.029999732971191,11.100000381469727,6829900
2024-06-21,9.259297370910645,11.140000343322754,11.199999809265137,11.029999732971191,11.069999694824219,11835100
2024-06-24,9.334102630615234,11.229999542236328,11.34000015258789,11.15999984741211,11.180000305175781,5677400
2024-06-25,9.284235000610352,11.170000076293945,11.270000457763672,11.130000114440918,11.270000457763672,6372400
2024-06-26,9.267610549926758,11.149999618530273,11.149999618530273,10.979999542236328,11.130000114440918,5766100
2024-06-27,9.284235000610352,11.170000076293945,11.1899995803833,11.09000015258789,11.15999984741211,4974500
2024-06-28,9.300856590270996,11.1899995803833,11.229999542236328,11.119999885559082,11.180000305175781,6800900
2024-07-01,9.234363555908203,11.109999656677246,11.279999732971191,11.09000015258789,11.229999542236328,7584100
2024-07-02,9.265372276306152,11.130000114440918,11.15999984741211,11.029999732971191,11.100000381469727,6537100
2024-07-03,9.331969261169434,11.210000038146973,11.300000190734863,11.149999618530273,11.1899995803833,6055200
2024-07-04,9.356945037841797,11.239999771118164,11.289999961853027,11.199999809265137,11.260000228881836,2272200
2024-07-05,9.423540115356445,11.319999694824219,11.34000015258789,11.15999984741211,11.289999961853027,6566900
2024-07-08,9.440193176269531,11.34000015258789,11.470000267028809,11.270000457763672,11.3100004196167,6213600
2024-07-09,9.448517799377441,11.350000381469727,11.40999984741211,11.220000267028809,11.319999694824219,4938300
2024-07-10,9.615008354187012,11.550000190734863,11.600000381469727,11.369999885559082,11.399999618530273,6957400
2024-07-11,9.648307800292969,11.59000015258789,11.630000114440918,11.520000457763672,11.579999923706055,11949100
2024-07-12,9.623332977294922,11.5600004196167,11.649999618530273,11.539999961853027,11.619999885559082,5518900
2024-07-15,9.573385238647461,11.5,11.640000343322754,11.489999771118164,11.640000343322754,2980800
2024-07-16,9.639984130859375,11.579999923706055,11.630000114440918,11.5,11.510000228881836,3988500
2024-07-17,9.756528854370117,11.720000267028809,11.720000267028809,11.539999961853027,11.579999923706055,5025400
2024-07-18,9.573385238647461,11.5,11.720000267028809,11.489999771118164,11.6899995803833,3988900
2024-07-19,9.540084838867188,11.460000038146973,11.609999656677246,11.4399995803833,11.520000457763672,5548100
2024-07-22,9.606684684753418,11.539999961853027,11.550000190734863,11.430000305175781,11.489999771118164,3945700
2024-07-23,9.481815338134766,11.390000343322754,11.539999961853027,11.380000114440918,11.520000457763672,5098300
2024-07-24,9.465165138244629,11.369999885559082,11.460000038146973,11.359999656677246,11.449999809265137,3606000
2024-07-25,9.348616600036621,11.229999542236328,11.390000343322754,11.180000305175781,11.359999656677246,6399200
2024-07-26,9.431864738464355,11.329999923706055,11.350000381469727,11.199999809265137,11.25,2786100
2024-07-29,9.431864738464355,11.329999923706055,11.369999885559082,11.229999542236328,11.329999923706055,4760600
2024-07-30,9.356945037841797,11.239999771118164,11.34000015258789,11.199999809265137,11.34000015258789,3223000
2024-07-31,9.348616600036621,11.229999542236328,11.270000457763672,11.180000305175781,11.239999771118164,5033400
2024-08-01,9.448517799377441,11.350000381469727,11.479999542236328,11.229999542236328,11.260000228881836,7482300
2024-08-02,9.446222305297852,11.329999923706055,11.470000267028809,11.270000457763672,11.350000381469727,6211000
2024-08-05,10.229936599731445,12.270000457763672,12.359999656677246,11.3100004196167,11.3100004196167,28304800
2024-08-06,10.580102920532227,12.6899995803833,12.779999732971191,12.34000015258789,12.40999984741211,18423000
2024-08-07,10.55509090423584,12.65999984741211,13.039999961853027,12.520000457763672,12.789999961853027,8685500
2024-08-08,10.655139923095703,12.779999732971191,12.869999885559082,12.630000114440918,12.720000267028809,6223100
2024-08-09,10.86357307434082,13.029999732971191,13.119999885559082,12.770000457763672,12.869999885559082,6346800
2024-08-12,10.971955299377441,13.15999984741211,13.1899995803833,13.050000190734863,13.0600004196167,4522000
2024-08-13,11.097020149230957,13.3100004196167,13.399999618530273,13.15999984741211,13.199999809265137,5748300
2024-08-14,11.163718223571777,13.390000343322754,13.539999961853027,13.270000457763672,13.289999961853027,7560100
2024-08-15,11.30545425415039,13.5600004196167,13.619999885559082,13.380000114440918,13.399999618530273,4187600
2024-08-16,11.122029304504395,13.34000015258789,13.720000267028809,13.260000228881836,13.649999618530273,7573100
2024-08-19,11.747333526611328,14.09000015258789,14.170000076293945,13.470000267028809,13.470000267028809,18670300
2024-08-20,11.722320556640625,14.0600004196167,14.180000305175781,13.890000343322754,14.079999923706055,10532800
2024-08-21,11.705646514892578,14.039999961853027,14.140000343322754,13.930000305175781,14.079999923706055,5222900
2024-08-22,11.697304725646973,14.029999732971191,14.050000190734863,13.9399995803833,14.020000457763672,5302000
2024-08-23,11.839043617248535,14.199999809265137,14.329999923706055,14.020000457763672,14.029999732971191,7531100
2024-08-26,11.780682563781738,14.130000114440918,14.180000305175781,14.050000190734863,14.180000305175781,4098300
2024-08-27,11.663958549499512,13.989999771118164,14.100000381469727,13.90999984741211,14.079999923706055,4993100
2024-08-28,11.814029693603516,14.170000076293945,14.199999809265137,13.770000457763672,13.930000305175781,4634100
2024-08-29,11.755669593811035,14.100000381469727,14.149999618530273,13.979999542236328,14.029999732971191,4721500
2024-08-30,11.789015769958496,14.140000343322754,14.149999618530273,13.979999542236328,13.979999542236328,10668200
2024-09-02,11.688972473144531,14.020000457763672,14.09000015258789,13.970000267028809,14.029999732971191,2879800
2024-09-03,11.86197566986084,14.210000038146973,14.239999771118164,14.010000228881836,14.039999961853027,5143100
2024-09-04,11.928755760192871,14.289999961853027,14.5,14.210000038146973,14.25,5214100
2024-09-05,12.003884315490723,14.380000114440918,14.479999542236328,14.260000228881836,14.289999961853027,3444200
2024-09-06,11.828583717346191,14.170000076293945,14.430000305175781,14.100000381469727,14.359999656677246,3208700
2024-09-09,11.86197566986084,14.210000038146973,14.239999771118164,14.079999923706055,14.149999618530273,3441600
2024-09-10,11.895365715026855,14.25,14.270000457763672,14.029999732971191,14.109999656677246,6119800
2024-09-11,11.711716651916504,14.029999732971191,14.229999542236328,13.989999771118164,14.15999984741211,5430100
2024-09-12,11.636587142944336,13.9399995803833,14.0,13.760000228881836,14.0,3954400
2024-09-13,11.644933700561523,13.949999809265137,14.140000343322754,13.869999885559082,13.9399995803833,3930700
2024-09-16,11.586501121520996,13.880000114440918,14.010000228881836,13.770000457763672,13.949999809265137,2938500
2024-09-17,11.503028869628906,13.779999732971191,13.829999923706055,13.65999984741211,13.829999923706055,3313900
2024-09-18,11.369465827941895,13.619999885559082,13.829999923706055,13.619999885559082,13.699999809265137,3663000
2024-09-19,11.252598762512207,13.479999542236328,13.710000038146973,13.479999542236328,13.649999618530273,4085300
2024-09-20,11.060603141784668,13.25,13.529999732971191,13.199999809265137,13.479999542236328,7293200
2024-09-23,10.793479919433594,12.930000305175781,13.239999771118164,12.890000343322754,13.229999542236328,11293900
2024-09-24,10.743393898010254,12.869999885559082,13.079999923706055,12.819999694824219,13.010000228881836,7796800
2024-09-25,10.760087013244629,12.890000343322754,13.039999961853027,12.869999885559082,12.880000114440918,6128300
2024-09-26,10.985471725463867,13.15999984741211,13.170000076293945,12.960000038146973,12.960000038146973,7960900
2024-09-27,11.052255630493164,13.239999771118164,13.430000305175781,13.109999656677246,13.15999984741211,8444700
2024-09-30,10.927043914794922,13.09000015258789,13.279999732971191,13.069999694824219,13.25,5907400
2024-10-01,10.985923767089844,12.979999542236328,13.130000114440918,12.859999656677246,13.0600004196167,7168600
2024-10-02,11.339543342590332,13.380000114440918,13.539999961853027,13.270000457763672,13.300000190734863,8598900
2024-10-03,11.229368209838867,13.25,13.420000076293945,13.140000343322754,13.279999732971191,5277200
2024-10-04,11.263266563415527,13.289999961853027,13.420000076293945,13.100000381469727,13.1899995803833,5328800
2024-10-07,11.271743774414062,13.300000190734863,13.5600004196167,13.279999732971191,13.380000114440918,4336200
2024-10-08,11.331068992614746,13.369999885559082,13.4399995803833,13.300000190734863,13.3100004196167,5212400
2024-10-09,11.068344116210938,13.0600004196167,13.350000381469727,12.989999771118164,13.319999694824219,8053100
2024-10-10,11.161568641662598,13.170000076293945,13.170000076293945,12.970000267028809,13.050000190734863,3579000
2024-10-11,11.009016990661621,12.989999771118164,13.140000343322754,12.90999984741211,13.029999732971191,4387700
2024-10-14,11.161568641662598,13.170000076293945,13.210000038146973,12.970000267028809,13.0,3830100
2024-10-15,11.186992645263672,13.199999809265137,13.300000190734863,13.109999656677246,13.149999618530273,4894000
2024-10-16,11.212416648864746,13.229999542236328,13.34000015258789,13.069999694824219,13.229999542236328,9368400
2024-10-17,11.263266563415527,13.289999961853027,13.329999923706055,12.989999771118164,13.149999618530273,6833900
2024-10-18,11.305643081665039,13.34000015258789,13.479999542236328,13.149999618530273,13.319999694824219,6050400
2024-10-21,11.280219078063965,13.3100004196167,13.430000305175781,13.260000228881836,13.34000015258789,5094400
2024-10-22,11.220894813537598,13.239999771118164,13.399999618530273,13.109999656677246,13.149999618530273,6604100
2024-10-23,11.186992645263672,13.199999809265137,13.239999771118164,13.039999961853027,13.119999885559082,4575600
2024-10-24,11.237844467163086,13.260000228881836,13.300000190734863,13.09000015258789,13.130000114440918,4015300
2024-10-25,11.110716819763184,13.109999656677246,13.239999771118164,13.020000457763672,13.239999771118164,4239100
2024-10-28,11.297167778015137,13.329999923706055,13.390000343322754,13.180000305175781,13.220000267028809,3435000
2024-10-29,11.144618034362793,13.149999618530273,13.420000076293945,13.109999656677246,13.329999923706055,5084600
2024-10-30,11.178516387939453,13.1899995803833,13.220000267028809,13.09000015258789,13.149999618530273,6977800
2024-10-31,10.79714298248291,12.739999771118164,12.930000305175781,12.550000190734863,12.779999732971191,15298100
2024-11-01,10.610692977905273,12.520000457763672,12.770000457763672,12.430000305175781,12.760000228881836,10653900
2024-11-04,10.591386795043945,12.479999542236328,12.640000343322754,12.390000343322754,12.600000381469727,6342200
2024-11-05,10.565927505493164,12.449999809265137,12.520000457763672,12.329999923706055,12.479999542236328,10922500
2024-11-06,10.42165470123291,12.279999732971191,12.329999923706055,12.109999656677246,12.270000457763672,10071500
2024-11-07,10.328301429748535,12.170000076293945,12.359999656677246,12.09000015258789,12.180000305175781,7215600
2024-11-08,10.217971801757812,12.039999961853027,12.119999885559082,11.9399995803833,12.119999885559082,10585900
2024-11-11,10.175538063049316,11.989999771118164,12.069999694824219,11.920000076293945,12.0,7315000
2024-11-12,10.107644081115723,11.90999984741211,12.020000457763672,11.890000343322754,12.010000228881836,5479700
2024-11-13,10.150080680847168,11.960000038146973,12.0,11.869999885559082,11.90999984741211,6133000
2024-11-14,10.201001167297363,12.020000457763672,12.15999984741211,11.899999618530273,11.979999542236328,4801500
2024-11-18,10.294352531433105,12.130000114440918,12.210000038146973,11.920000076293945,12.0,6261600
2024-11-19,10.328301429748535,12.170000076293945,12.229999542236328,12.0600004196167,12.130000114440918,9448900
2024-11-21,10.25191879272461,12.079999923706055,12.199999809265137,12.029999732971191,12.050000190734863,7916100
2024-11-22,10.302840232849121,12.140000343322754,12.180000305175781,12.020000457763672,12.180000305175781,5180900
2024-11-25,10.150080680847168,11.960000038146973,12.140000343322754,11.890000343322754,12.039999961853027,11759300
2024-11-26,10.226462364196777,12.050000190734863,12.170000076293945,11.9399995803833,11.970000267028809,5489300
2024-11-27,9.895480155944824,11.65999984741211,12.09000015258789,11.5600004196167,12.069999694824219,21005800
2024-11-28,9.53055191040039,11.229999542236328,11.65999984741211,11.170000076293945,11.649999618530273,13591800
2024-11-29,9.445686340332031,11.130000114440918,11.289999961853027,10.90999984741211,11.229999542236328,25913100
2024-12-02,9.31838321685791,10.979999542236328,11.15999984741211,10.90999984741211,11.130000114440918,17914500
2024-12-03,9.333045959472656,10.979999542236328,11.069999694824219,10.90999984741211,11.010000228881836,11709600
2024-12-04,9.452046394348145,11.119999885559082,11.229999542236328,10.920000076293945,10.960000038146973,12627500
2024-12-05,9.596548080444336,11.289999961853027,11.430000305175781,11.1899995803833,11.25,10819600
2024-12-06,9.452046394348145,11.119999885559082,11.329999923706055,11.039999961853027,11.289999961853027,11555800
2024-12-09,9.443546295166016,11.109999656677246,11.25,11.050000190734863,11.180000305175781,9184000
2024-12-10,9.596548080444336,11.289999961853027,11.34000015258789,11.029999732971191,11.15999984741211,14408800
2024-12-11,9.817551612854004,11.550000190734863,11.720000267028809,11.199999809265137,11.300000190734863,13828100
2024-12-12,9.511548042297363,11.1899995803833,11.420000076293945,11.119999885559082,11.350000381469727,9741400
2024-12-13,9.401044845581055,11.0600004196167,11.25,11.039999961853027,11.220000267028809,8034500
2024-12-16,9.222546577453613,10.850000381469727,11.119999885559082,10.850000381469727,11.109999656677246,15176000
2024-12-17,9.290543556213379,10.930000305175781,11.0,10.6899995803833,10.9399995803833,17481300
2024-12-18,8.90804386138916,10.479999542236328,10.949999809265137,10.420000076293945,10.930000305175781,18411600
2024-12-19,8.959041595458984,10.539999961853027,10.65999984741211,10.420000076293945,10.5,12086900
2024-12-20,9.163043975830078,10.779999732971191,10.850000381469727,10.529999732971191,10.59000015258789,19591400
2024-12-23,9.01854419708252,10.609999656677246,10.770000457763672,10.59000015258789,10.75,9264300
2024-12-26,9.120543479919434,10.729999542236328,10.779999732971191,10.579999923706055,10.619999885559082,8809700
2024-12-27,9.052545547485352,10.649999618530273,10.829999923706055,10.630000114440918,10.800000190734863,9611800
2024-12-30,9.044045448303223,10.640000343322754,10.800000190734863,10.640000343322754,10.65999984741211,12607800
2025-01-02,9.137556076049805,10.479999542236328,10.520000457763672,10.260000228881836,10.449999809265137,11868100
2025-01-03,9.012887001037598,10.319999694824219,10.520000457763672,10.260000228881836,10.470000267028809,13588000
2025-01-06,9.152621269226074,10.479999542236328,10.579999923706055,10.350000381469727,10.40999984741211,8487400
2025-01-07,9.25742244720459,10.600000381469727,10.6899995803833,10.520000457763672,10.579999923706055,8738700
2025-01-08,9.082756042480469,10.399999618530273,10.609999656677246,10.350000381469727,10.600000381469727,7765700
2025-01-09,9.10022258758545,10.420000076293945,10.460000038146973,10.359999656677246,10.399999618530273,5846200
2025-01-10,9.00415325164795,10.3100004196167,10.420000076293945,10.210000038146973,10.420000076293945,11490400
2025-01-13,9.021622657775879,10.329999923706055,10.40999984741211,10.229999542236328,10.319999694824219,10124100
2025-01-14,9.213757514953613,10.550000190734863,10.579999923706055,10.199999809265137,10.329999923706055,10812700
2025-01-15,9.536893844604492,10.920000076293945,10.989999771118164,10.619999885559082,10.640000343322754,8746600
2025-01-16,9.423360824584961,10.789999961853027,10.930000305175781,10.720000267028809,10.920000076293945,5390700
2025-01-17,9.301091194152832,10.649999618530273,10.880000114440918,10.619999885559082,10.850000381469727,6521400
2025-01-20,9.370956420898438,10.729999542236328,10.760000228881836,10.569999694824219,10.640000343322754,3688200
2025-01-21,9.38842487335205,10.75,10.8100004196167,10.710000038146973,10.760000228881836,5509400
2025-01-22,9.2836275100708,10.630000114440918,10.819999694824219,10.5600004196167,10.800000190734863,8417600
2025-01-23,9.152621269226074,10.479999542236328,10.720000267028809,10.4399995803833,10.680000305175781,9453400
2025-01-24,9.10022258758545,10.420000076293945,10.510000228881836,10.34000015258789,10.479999542236328,7012000
2025-01-27,9.344758033752441,10.699999809265137,10.710000038146973,10.369999885559082,10.40999984741211,11912200
2025-01-28,9.292357444763184,10.640000343322754,10.75,10.539999961853027,10.649999618530273,10071700
2025-01-29,9.23995590209961,10.579999923706055,10.75,10.550000190734863,10.710000038146973,6932400
2025-01-30,9.650426864624023,11.050000190734863,11.130000114440918,10.5600004196167,10.579999923706055,11651100
2025-01-31,9.624228477478027,11.020000457763672,11.239999771118164,10.989999771118164,11.069999694824219,9752900
2025-02-03,9.615492820739746,11.010000228881836,11.069999694824219,10.890000343322754,11.0,6323600
2025-02-04,9.578100204467773,10.949999809265137,11.0600004196167,10.859999656677246,11.010000228881836,6547000
2025-02-05,9.71805191040039,11.109999656677246,11.1899995803833,10.850000381469727,11.039999961853027,7975900
2025-02-06,9.823019981384277,11.229999542236328,11.319999694824219,10.960000038146973,11.109999656677246,7145900
2025-02-07,9.516870498657227,10.880000114440918,11.279999732971191,10.779999732971191,11.15999984741211,12528700
2025-02-10,9.595595359802246,10.970000267028809,11.239999771118164,10.899999618530273,10.979999542236328,5708700
2025-02-11,9.665572166442871,11.050000190734863,11.15999984741211,10.979999542236328,11.0600004196167,8293000
2025-02-12,9.306941032409668,10.640000343322754,11.109999656677246,10.4399995803833,11.100000381469727,23200200
2025-02-13,9.47313404083252,10.829999923706055,10.899999618530273,10.619999885559082,10.640000343322754,9395700
2025-02-14,9.71805191040039,11.109999656677246,11.149999618530273,10.899999618530273,10.90999984741211,7582000
2025-02-17,9.744297981262207,11.140000343322754,11.25,11.109999656677246,11.119999885559082,6132700
2025-02-18,9.71805191040039,11.109999656677246,11.229999542236328,11.010000228881836,11.210000038146973,6086700
2025-02-19,9.534363746643066,10.899999618530273,11.039999961853027,10.859999656677246,11.020000457763672,5564400
2025-02-20,9.543108940124512,10.90999984741211,10.989999771118164,10.859999656677246,10.899999618530273,4382600
2025-02-21,9.516870498657227,10.880000114440918,10.970000267028809,10.760000228881836,10.930000305175781,7533300
2025-02-24,9.350674629211426,10.6899995803833,10.90999984741211,10.609999656677246,10.90999984741211,9886300
2025-02-25,9.429400444030762,10.779999732971191,10.880000114440918,10.649999618530273,10.729999542236328,5997800
2025-02-26,9.31568717956543,10.649999618530273,10.949999809265137,10.569999694824219,10.899999618530273,8615100
2025-02-27,9.2544527053833,10.579999923706055,10.710000038146973,10.5600004196167,10.680000305175781,10259500
2025-02-28,9.062019348144531,10.359999656677246,10.579999923706055,10.279999732971191,10.5600004196167,21153200
2025-03-05,9.228214263916016,10.550000190734863,10.569999694824219,10.369999885559082,10.430000305175781,9273200
2025-03-06,9.304938316345215,10.619999885559082,10.65999984741211,10.380000114440918,10.529999732971191,4839100
2025-03-07,9.410079956054688,10.739999771118164,10.84000015258789,10.5,10.550000190734863,6027700
2025-03-10,9.304938316345215,10.619999885559082,10.649999618530273,10.5,10.640000343322754,6826800
2025-03-11,9.208562850952148,10.510000228881836,10.670000076293945,10.399999618530273,10.670000076293945,6207900
2025-03-12,9.25236701965332,10.5600004196167,10.59000015258789,10.430000305175781,10.550000190734863,5193200
2025-03-13,9.35750961303711,10.680000305175781,10.720000267028809,10.470000267028809,10.600000381469727,8097700
2025-03-14,9.7167387008667,11.09000015258789,11.109999656677246,10.710000038146973,10.720000267028809,9505300
2025-03-17,9.883210182189941,11.279999732971191,11.3100004196167,11.069999694824219,11.09000015258789,7631400
2025-03-18,9.830638885498047,11.220000267028809,11.319999694824219,11.140000343322754,11.3100004196167,6488100
2025-03-19,9.944541931152344,11.350000381469727,11.369999885559082,11.170000076293945,11.25,8090100
2025-03-20,9.795595169067383,11.180000305175781,11.350000381469727,11.09000015258789,11.350000381469727,8884300
2025-03-21,9.953304290771484,11.359999656677246,11.390000343322754,11.210000038146973,11.239999771118164,12585600
2025-03-24,10.075968742370605,11.5,11.510000228881836,11.260000228881836,11.350000381469727,7452600
2025-03-25,10.154826164245605,11.59000015258789,11.930000305175781,11.470000267028809,11.520000457763672,11495200
2025-03-26,10.330058097839355,11.789999961853027,11.8100004196167,11.569999694824219,11.670000076293945,9927100
2025-03-27,10.242440223693848,11.6899995803833,11.84000015258789,11.680000305175781,11.829999923706055,5857200
2025-03-28,10.181108474731445,11.619999885559082,11.720000267028809,11.550000190734863,11.680000305175781,5302900
2025-03-31,9.944541931152344,11.350000381469727,11.579999923706055,11.350000381469727,11.569999694824219,6412200
2025-04-01,10.022287368774414,11.229999542236328,11.3100004196167,11.109999656677246,11.170000076293945,7483600
2025-04-02,9.993014335632324,11.180000305175781,11.279999732971191,11.079999923706055,11.220000267028809,6388400
2025-04-03,10.180718421936035,11.390000343322754,11.539999961853027,11.100000381469727,11.100000381469727,10469400
2025-04-04,9.984074592590332,11.170000076293945,11.229999542236328,11.0600004196167,11.199999809265137,7154100
2025-04-07,9.858938217163086,11.029999732971191,11.260000228881836,10.800000190734863,10.960000038146973,11571000
2025-04-08,9.608665466308594,10.75,11.170000076293945,10.65999984741211,11.079999923706055,9068100
2025-04-09,9.921504974365234,11.100000381469727,11.270000457763672,10.59000015258789,10.710000038146973,14919100
2025-04-10,9.912569046020508,11.09000015258789,11.100000381469727,10.84000015258789,11.010000228881836,7576100
2025-04-11,9.993014335632324,11.180000305175781,11.34000015258789,11.069999694824219,11.140000343322754,6381900
2025-04-14,10.153902053833008,11.359999656677246,11.449999809265137,11.239999771118164,11.300000190734863,7972100
2025-04-15,10.171777725219727,11.380000114440918,11.5,11.329999923706055,11.34000015258789,7650000
2025-04-16,10.198594093322754,11.40999984741211,11.529999732971191,11.289999961853027,11.300000190734863,9897600
2025-04-17,10.20753288269043,11.420000076293945,11.569999694824219,11.319999694824219,11.40999984741211,6993800
2025-04-22,10.153902053833008,11.359999656677246,11.430000305175781,11.289999961853027,11.369999885559082,6582500
2025-04-23,10.448863983154297,11.6899995803833,11.770000457763672,11.449999809265137,11.529999732971191,6561700
2025-04-24,10.645506858825684,11.90999984741211,12.010000228881836,11.699999809265137,11.699999809265137,6909400
2025-04-25,10.699138641357422,11.970000267028809,12.0600004196167,11.90999984741211,11.90999984741211,6043800
2025-04-28,10.672323226928711,11.9399995803833,12.079999923706055,11.9399995803833,11.970000267028809,4666800
2025-04-29,10.815337181091309,12.100000381469727,12.199999809265137,11.920000076293945,11.920000076293945,5149300
2025-04-30,10.931530952453613,12.229999542236328,12.289999961853027,11.970000267028809,11.989999771118164,8451100
2025-05-02,10.76170825958252,12.039999961853027,12.260000228881836,12.029999732971191,12.149999618530273,6102100
2025-05-05,10.705537796020508,11.960000038146973,12.130000114440918,11.890000343322754,12.119999885559082,4571000
2025-05-06,10.607076644897461,11.850000381469727,11.989999771118164,11.770000457763672,11.960000038146973,5064000
2025-05-07,10.51756477355957,11.75,11.979999542236328,11.65999984741211,11.9399995803833,5240700
2025-05-08,11.994498252868652,13.399999618530273,13.630000114440918,12.9399995803833,12.9399995803833,32245100
2025-05-09,11.869184494018555,13.260000228881836,13.4399995803833,13.069999694824219,13.34000015258789,15028400
2025-05-12,11.752817153930664,13.130000114440918,13.359999656677246,13.0,13.34000015258789,5430600
2025-05-13,11.985548973083496,13.390000343322754,13.4399995803833,13.180000305175781,13.1899995803833,6477200
2025-05-14,11.913939476013184,13.3100004196167,13.5600004196167,13.3100004196167,13.329999923706055,8120000
2025-05-15,11.994498252868652,13.399999618530273,13.569999694824219,13.3100004196167,13.399999618530273,6995800
2025-05-16,12.08401107788086,13.5,13.539999961853027,13.229999542236328,13.270000457763672,6240700
2025-05-19,12.066109657287598,13.479999542236328,13.6899995803833,13.449999809265137,13.479999542236328,7222500
2025-05-20,12.271984100341797,13.710000038146973,13.720000267028809,13.430000305175781,13.479999542236328,7861100
2025-05-21,11.994498252868652,13.399999618530273,13.670000076293945,13.300000190734863,13.649999618530273,5652800
2025-05-22,12.012399673461914,13.420000076293945,13.59000015258789,13.34000015258789,13.399999618530273,7268000
2025-05-23,12.110864639282227,13.529999732971191,13.550000190734863,13.0,13.170000076293945,7507400
2025-05-26,12.182472229003906,13.609999656677246,13.720000267028809,13.460000038146973,13.5,6133000
2025-05-27,12.352545738220215,13.800000190734863,13.970000267028809,13.710000038146973,13.75,8935600
2025-05-28,12.567371368408203,14.039999961853027,14.039999961853027,13.710000038146973,13.789999961853027,20287700
2025-05-29,12.442054748535156,13.899999618530273,14.170000076293945,13.890000343322754,14.0,12959700
2025-05-30,12.513665199279785,13.979999542236328,13.989999771118164,13.670000076293945,13.960000038146973,18444600
2025-06-02,12.549470901489258,14.020000457763672,14.229999542236328,13.949999809265137,14.069999694824219,14353800
2025-06-03,12.708321571350098,14.180000305175781,14.25,14.010000228881836,14.109999656677246,12067500
2025-06-04,12.708321571350098,14.180000305175781,14.479999542236328,14.140000343322754,14.199999809265137,25369300
2025-06-05,12.358798027038574,13.789999961853027,14.3100004196167,13.760000228881836,14.229999542236328,6694900
2025-06-06,12.349837303161621,13.779999732971191,13.850000381469727,13.65999984741211,13.789999961853027,5554000
2025-06-09,12.269177436828613,13.6899995803833,13.779999732971191,13.380000114440918,13.739999771118164,7067700
2025-06-10,12.287100791931152,13.710000038146973,13.84000015258789,13.579999923706055,13.789999961853027,16254100
2025-06-11,12.618698120117188,14.079999923706055,14.170000076293945,13.539999961853027,13.680000305175781,16162600
2025-06-12,12.797945022583008,14.279999732971191,14.300000190734863,13.949999809265137,14.029999732971191,21016200
2025-06-13,12.645586013793945,14.109999656677246,14.25,13.960000038146973,14.029999732971191,12500500
2025-06-16,12.878602027893066,14.369999885559082,14.470000267028809,14.239999771118164,14.25,5677300
2025-06-17,12.995110511779785,14.5,14.539999961853027,14.369999885559082,14.40999984741211,9509200
2025-06-18,12.950301170349121,14.449999809265137,14.550000190734863,14.34000015258789,14.399999618530273,10627800
2025-06-20,12.806907653808594,14.289999961853027,14.380000114440918,14.1899995803833,14.350000381469727,8756800
2025-06-23,12.717284202575684,14.1899995803833,14.25,13.979999542236328,14.25,8170600
2025-06-24,12.78001880645752,14.260000228881836,14.420000076293945,14.149999618530273,14.260000228881836,8276900
2025-06-25,12.717284202575684,14.1899995803833,14.329999923706055,14.100000381469727,14.210000038146973,9468600
2025-06-26,12.824831008911133,14.3100004196167,14.319999694824219,14.020000457763672,14.210000038146973,7429000
2025-06-27,12.797945022583008,14.279999732971191,14.3100004196167,14.109999656677246,14.149999618530273,6460300
2025-06-30,13.004073143005371,14.510000228881836,14.510000228881836,14.180000305175781,14.210000038146973,6689500
2025-07-01,13.104660034179688,14.350000381469727,14.430000305175781,14.229999542236328,14.300000190734863,6681900
2025-07-02,12.910140991210938,14.119999885559082,14.34000015258789,14.0,14.300000190734863,8438200
2025-07-03,13.184435844421387,14.420000076293945,14.479999542236328,14.069999694824219,14.170000076293945,8889900
2025-07-04,13.175292015075684,14.40999984741211,14.430000305175781,14.300000190734863,14.34000015258789,2879000
2025-07-07,13.019859313964844,14.239999771118164,14.420000076293945,14.149999618530273,14.40999984741211,6826500
2025-07-08,12.99242877960205,14.210000038146973,14.239999771118164,14.09000015258789,14.239999771118164,6990400
2025-07-09,12.855281829833984,14.0600004196167,14.220000267028809,14.020000457763672,14.210000038146973,7499900
2025-07-10,12.690703392028809,13.880000114440918,13.920000076293945,13.75,13.880000114440918,9060900
2025-07-11,12.644988059997559,13.829999923706055,13.880000114440918,13.6899995803833,13.8100004196167,7900600
2025-07-14,12.635848045349121,13.819999694824219,13.869999885559082,13.710000038146973,13.789999961853027,6878900
2025-07-15,12.644988059997559,13.829999923706055,14.029999732971191,13.670000076293945,13.819999694824219,6024100
2025-07-16,12.590130805969238,13.770000457763672,13.899999618530273,13.670000076293945,13.899999618530273,3730300
2025-07-17,12.590130805969238,13.770000457763672,13.800000190734863,13.630000114440918,13.720000267028809,5686000
2025-07-18,12.297547340393066,13.449999809265137,13.6899995803833,13.449999809265137,13.609999656677246,7023000
2025-07-21,12.32497787475586,13.479999542236328,13.600000381469727,13.380000114440918,13.489999771118164,4929800
2025-07-22,12.260978698730469,13.40999984741211,13.600000381469727,13.359999656677246,13.460000038146973,4957000
2025-07-23,12.462125778198242,13.630000114440918,13.710000038146973,13.390000343322754,13.449999809265137,5390300
2025-07-24,12.334118843078613,13.489999771118164,13.529999732971191,13.390000343322754,13.529999732971191,7388000
2025-07-25,12.233546257019043,13.380000114440918,13.5600004196167,13.369999885559082,13.520000457763672,4173900
2025-07-28,12.132970809936523,13.270000457763672,13.470000267028809,13.15999984741211,13.380000114440918,6362400
2025-07-29,12.132970809936523,13.270000457763672,13.380000114440918,13.220000267028809,13.329999923706055,6522100
2025-07-30,12.306694030761719,13.460000038146973,13.59000015258789,13.140000343322754,13.210000038146973,10312500
2025-07-31,12.251832962036133,13.399999618530273,13.65999984741211,13.34000015258789,13.600000381469727,16249600
2025-08-01,12.233546257019043,13.380000114440918,13.65999984741211,13.359999656677246,13.529999732971191,5520600
2025-08-04,12.350042343139648,13.489999771118164,13.670000076293945,13.40999984741211,13.5,6744300
2025-08-05,12.377510070800781,13.520000457763672,13.65999984741211,13.40999984741211,13.470000267028809,5112900
2025-08-06,12.377510070800781,13.520000457763672,13.699999809265137,13.5,13.5600004196167,3264500
2025-08-07,12.441594123840332,13.59000015258789,13.640000343322754,13.430000305175781,13.510000228881836,5054900
2025-08-08,12.551453590393066,13.710000038146973,13.760000228881836,13.569999694824219,13.630000114440918,5638200
2025-08-11,12.5239896774292,13.680000305175781,13.720000267028809,13.600000381469727,13.699999809265137,2861700
2025-08-12,12.789480209350586,13.970000267028809,13.989999771118164,13.729999542236328,13.739999771118164,6623800
2025-08-13,12.652158737182617,13.819999694824219,14.0,13.779999732971191,13.899999618530273,5910700
2025-08-14,12.6338472366333,13.800000190734863,13.949999809265137,13.600000381469727,13.649999618530273,6048300
2025-08-15,12.624692916870117,13.789999961853027,13.819999694824219,13.65999984741211,13.699999809265137,6868900
2025-08-18,12.816946983337402,14.0,14.09000015258789,13.720000267028809,13.789999961853027,9811300
2025-08-19,12.395817756652832,13.539999961853027,13.770000457763672,13.489999771118164,13.770000457763672,8216600
2025-08-20,12.450746536254883,13.600000381469727,13.670000076293945,13.40999984741211,13.449999809265137,4484800
2025-08-21,12.414131164550781,13.5600004196167,13.600000381469727,13.380000114440918,13.449999809265137,4917700
2025-08-22,12.780327796936035,13.960000038146973,13.970000267028809,13.569999694824219,13.649999618530273,10639500
2025-08-25,12.826104164123535,14.010000228881836,14.029999732971191,13.880000114440918,13.989999771118164,7478100
2025-08-26,12.84441089630127,14.029999732971191,14.0600004196167,13.859999656677246,14.020000457763672,11257900
2025-08-27,12.86272144317627,14.050000190734863,14.09000015258789,13.869999885559082,14.020000457763672,3460300
2025-08-28,13.164834976196289,14.380000114440918,14.510000228881836,14.050000190734863,14.140000343322754,6306000
2025-08-29,13.219766616821289,14.4399995803833,14.510000228881836,14.350000381469727,14.399999618530273,10851600
2025-09-01,13.128215789794922,14.34000015258789,14.539999961853027,14.34000015258789,14.40999984741211,2284200
2025-09-02,12.89654541015625,14.069999694824219,14.1899995803833,13.930000305175781,14.149999618530273,12191700
2025-09-03,12.914877891540527,14.09000015258789,14.1899995803833,14.0,14.010000228881836,8653900
2025-09-04,13.189859390258789,14.390000343322754,14.449999809265137,14.0,14.100000381469727,9280000
2025-09-05,13.483169555664062,14.710000038146973,14.899999618530273,14.399999618530273,14.5,9082300
2025-09-08,13.41900634765625,14.640000343322754,14.770000457763672,14.5,14.770000457763672,4439100
2025-09-09,13.327348709106445,14.539999961853027,14.65999984741211,14.510000228881836,14.640000343322754,7590300
2025-09-10,13.217354774475098,14.420000076293945,14.720000267028809,14.420000076293945,14.539999961853027,5685200
2025-09-11,13.35484504699707,14.569999694824219,14.710000038146973,14.449999809265137,14.529999732971191,4568100
2025-09-12,13.208189010620117,14.40999984741211,14.59000015258789,14.399999618530273,14.430000305175781,6350900
2025-09-15,13.382343292236328,14.600000381469727,14.699999809265137,14.510000228881836,14.510000228881836,5548500
2025-09-16,13.382343292236328,14.600000381469727,14.699999809265137,14.520000457763672,14.699999809265137,4421400
2025-09-17,13.785645484924316,15.039999961853027,15.149999618530273,14.569999694824219,14.569999694824219,8555000
2025-09-18,13.638991355895996,14.880000114440918,15.0600004196167,14.850000381469727,15.010000228881836,4864200
2025-09-19,13.86814022064209,15.130000114440918,15.220000267028809,14.970000267028809,14.979999542236328,16142300
2025-09-22,13.904805183410645,15.170000076293945,15.1899995803833,14.899999618530273,15.010000228881836,6739700
2025-09-23,14.023963928222656,15.300000190734863,15.470000267028809,15.140000343322754,15.170000076293945,5394600
2025-09-24,13.904805183410645,15.170000076293945,15.329999923706055,15.149999618530273,15.300000190734863,13908100
2025-09-25,13.758149147033691,15.010000228881836,15.210000038146973,15.0,15.15999984741211,4404100
2025-09-26,13.831475257873535,15.09000015258789,15.220000267028809,15.010000228881836,15.09000015258789,4265100
2025-09-29,14.005630493164062,15.279999732971191,15.4399995803833,15.279999732971191,15.359999656677246,4742800
2025-09-30,14.211047172546387,15.229999542236328,15.329999923706055,15.119999885559082,15.270000457763672,8630100
2025-10-01,13.931119918823242,14.930000305175781,15.380000114440918,14.84000015258789,15.300000190734863,6033400
2025-10-02,13.74171257019043,14.710000038146973,14.9399995803833,14.65999984741211,14.869999885559082,6043200
2025-10-03,13.74171257019043,14.710000038146973,14.720000267028809,14.529999732971191,14.640000343322754,4276500
2025-10-06,13.62961483001709,14.59000015258789,14.729999542236328,14.460000038146973,14.720000267028809,3087200
2025-10-07,13.386730194091797,14.329999923706055,14.510000228881836,14.260000228881836,14.5,3823600
2025-10-08,13.582905769348145,14.539999961853027,14.609999656677246,14.34000015258789,14.359999656677246,5546200
2025-10-09,13.62961483001709,14.59000015258789,14.640000343322754,14.489999771118164,14.550000190734863,3639700
2025-10-10,13.43343734741211,14.380000114440918,14.699999809265137,14.289999961853027,14.699999809265137,5599300
2025-10-13,13.49882984161377,14.449999809265137,14.520000457763672,14.399999618530273,14.449999809265137,3630300
2025-10-14,13.638956069946289,14.600000381469727,14.8100004196167,14.420000076293945,14.479999542236328,5160600
2025-10-15,13.816449165344238,14.789999961853027,14.829999923706055,14.430000305175781,14.5,6058600
2025-10-16,13.919209480285645,14.899999618530273,15.0600004196167,14.630000114440918,14.640000343322754,5293600
2025-10-17,14.059337615966797,15.050000190734863,15.109999656677246,14.6899995803833,14.819999694824219,19366900
2025-10-20,14.311564445495605,15.319999694824219,15.4399995803833,15.0600004196167,15.0600004196167,2677900
2025-10-21,14.171436309814453,15.170000076293945,15.350000381469727,15.15999984741211,15.279999732971191,2646900
2025-10-22,14.227487564086914,15.229999542236328,15.270000457763672,15.140000343322754,15.25,19582400
2025-10-23,14.348928451538086,15.359999656677246,15.359999656677246,15.180000305175781,15.260000228881836,3605000
2025-10-24,14.461029052734375,15.479999542236328,15.550000190734863,15.329999923706055,15.380000114440918,2540200
2025-10-27,14.517080307006836,15.539999961853027,15.699999809265137,15.489999771118164,15.640000343322754,2958600
2025-10-28,14.58247184753418,15.609999656677246,15.680000305175781,15.449999809265137,15.520000457763672,4832700
2025-10-29,14.946802139282227,16.0,16.049999237060547,15.630000114440918,15.65999984741211,8761000
2025-10-30,14.414320945739746,15.430000305175781,15.630000114440918,15.239999771118164,15.4399995803833,7846700
2025-10-31,14.451688766479492,15.470000267028809,15.579999923706055,15.300000190734863,15.579999923706055,11739100
2025-11-03,14.64786434173584,15.680000305175781,15.829999923706055,15.470000267028809,15.59000015258789,3817600
2025-11-04,14.692052841186523,15.710000038146973,15.770000457763672,15.520000457763672,15.670000076293945,10822400
2025-11-05,14.963263511657715,16.0,16.059999465942383,15.649999618530273,15.710000038146973,4407600
2025-11-06,14.916501998901367,15.949999809265137,16.049999237060547,15.869999885559082,15.989999771118164,3041500
2025-11-07,14.953910827636719,15.989999771118164,15.989999771118164,15.739999771118164,15.949999809265137,3267900
2025-11-10,15.187712669372559,16.239999771118164,16.299999237060547,15.979999542236328,16.0,6843900
2025-11-11,15.477620124816895,16.549999237060547,16.670000076293945,16.270000457763672,16.299999237060547,6394500
2025-11-12,15.515032768249512,16.59000015258789,16.6200008392334,16.3700008392334,16.540000915527344,5536500
2025-11-13,15.571146011352539,16.649999618530273,16.8799991607666,16.540000915527344,16.56999969482422,8820300
2025-11-14,15.533737182617188,16.610000610351562,16.860000610351562,16.549999237060547,16.670000076293945,3752100
2025-11-17,15.402807235717773,16.469999313354492,16.639999389648438,16.3700008392334,16.549999237060547,9626400
2025-11-18,15.262527465820312,16.31999969482422,16.440000534057617,16.239999771118164,16.34000015258789,5042100
2025-11-19,15.15030288696289,16.200000762939453,16.3700008392334,16.149999618530273,16.299999237060547,4120600
2025-11-21,15.075488090515137,16.1200008392334,16.239999771118164,15.970000267028809,16.239999771118164,4118700
2025-11-24,15.038078308105469,16.079999923706055,16.149999618530273,16.010000228881836,16.110000610351562,8167500
2025-11-25,15.169007301330566,16.219999313354492,16.350000381469727,16.09000015258789,16.110000610351562,4390800
2025-11-26,15.561792373657227,16.639999389648438,16.719999313354492,16.229999542236328,16.299999237060547,5637200
2025-11-27,15.515032768249512,16.59000015258789,16.700000762939453,16.56999969482422,16.700000762939453,2052900
2025-11-28,15.655313491821289,16.739999771118164,16.8700008392334,16.600000381469727,16.600000381469727,5198700
2025-12-01,15.533737182617188,16.610000610351562,16.780000686645508,16.479999542236328,16.75,5419900
2025-12-02,15.690312385559082,16.760000228881836,16.780000686645508,16.600000381469727,16.65999984741211,5088700
2025-12-03,15.28775691986084,16.329999923706055,16.8700008392334,16.209999084472656,16.81999969482422,7503600
2025-12-04,15.456269264221191,16.510000228881836,16.610000610351562,16.3799991607666,16.479999542236328,9068800
2025-12-05,14.585623741149902,15.579999923706055,16.56999969482422,15.489999771118164,16.540000915527344,11281300
2025-12-08,14.660517692565918,15.65999984741211,15.8100004196167,15.5,15.670000076293945,5527300
2025-12-09,14.548177719116211,15.539999961853027,15.550000190734863,15.180000305175781,15.479999542236328,4592800
2025-12-10,14.735413551330566,15.739999771118164,15.84000015258789,15.470000267028809,15.539999961853027,6465300
2025-12-11,14.82903003692627,15.84000015258789,15.970000267028809,15.619999885559082,15.739999771118164,4992600
2025-12-12,15.006904602050781,16.030000686645508,16.030000686645508,15.819999694824219,15.850000381469727,4936700
2025-12-15,15.1754150390625,16.209999084472656,16.3799991607666,16.079999923706055,16.209999084472656,7469100
2025-12-16,14.754135131835938,15.760000228881836,16.09000015258789,15.760000228881836,16.049999237060547,8245200
2025-12-17,14.632433891296387,15.630000114440918,15.779999732971191,15.270000457763672,15.760000228881836,9863400
2025-12-18,14.716689109802246,15.720000267028809,15.819999694824219,15.550000190734863,15.569999694824219,4259800
2025-12-19,14.847753524780273,15.859999656677246,16.0,15.670000076293945,15.729999542236328,6853800
2025-12-22,14.697965621948242,15.699999809265137,15.869999885559082,15.619999885559082,15.859999656677246,4872800
2025-12-23,14.838394165039062,15.850000381469727,15.899999618530273,15.6899995803833,15.819999694824219,4705300
2025-12-26,14.847753524780273,15.859999656677246,15.859999656677246,15.579999923706055,15.6899995803833,2506300
2025-12-29,14.838394165039062,15.850000381469727,15.899999618530273,15.710000038146973,15.819999694824219,4727000
2025-12-30,14.935271263122559,15.600000381469727,15.829999923706055,15.600000381469727,15.75,3645400
2026-01-02,14.973567962646484,15.640000343322754,15.8100004196167,15.579999923706055,15.779999732971191,4535900
2026-01-05,15.48849105834961,16.15999984741211,16.200000762939453,15.5600004196167,15.619999885559082,5327000
2026-01-06,15.53641414642334,16.209999084472656,16.540000915527344,16.209999084472656,16.399999618530273,3809200
2026-01-07,15.363895416259766,16.030000686645508,16.209999084472656,15.930000305175781,16.190000534057617,4733100
2026-01-08,15.18178939819336,15.84000015258789,16.09000015258789,15.739999771118164,16.0,4662500
2026-01-09,15.220126152038574,15.880000114440918,15.960000038146973,15.729999542236328,15.789999961853027,2428500
2026-01-12,15.076359748840332,15.729999542236328,15.8100004196167,15.649999618530273,15.8100004196167,3633000
2026-01-13,14.951762199401855,15.600000381469727,15.670000076293945,15.430000305175781,15.649999618530273,4718900
2026-01-14,15.200958251953125,15.859999656677246,15.869999885559082,15.550000190734863,15.649999618530273,4216200
2026-01-15,15.440570831298828,16.110000610351562,16.260000228881836,15.880000114440918,15.9399995803833,5515800
2026-01-16,15.526830673217773,16.200000762939453,16.260000228881836,15.9399995803833,16.15999984741211,4298300
2026-01-19,15.565166473388672,16.239999771118164,16.3799991607666,16.110000610351562,16.1299991607666,3205200
2026-01-20,15.766441345214844,16.450000762939453,16.5,16.030000686645508,16.170000076293945,4682600
2026-01-21,16.28400421142578,16.989999771118164,17.049999237060547,16.6200008392334,16.6200008392334,10402200
2026-01-22,16.85906982421875,17.59000015258789,17.75,16.93000030517578,17.09000015258789,12776800
2026-01-23,17.1274356842041,17.8700008392334,18.1299991607666,17.56999969482422,17.639999389648438,8287000
2026-01-26,17.309537887573242,18.059999465942383,18.149999618530273,17.6200008392334,17.8700008392334,8178100
2026-01-27,17.712085723876953,18.479999542236328,18.68000030517578,18.299999237060547,18.299999237060547,5213100
2026-01-28,17.903779983520508,18.68000030517578,18.729999542236328,18.350000381469727,18.549999237060547,5799500
2026-01-29,17.654582977294922,18.420000076293945,18.899999618530273,18.209999084472656,18.770000457763672,5285300
2026-01-30,17.55873680114746,18.31999969482422,18.600000381469727,18.1299991607666,18.360000610351562,12382000
2026-02-02,17.750429153442383,18.520000457763672,18.579999923706055,18.360000610351562,18.420000076293945,5524200
2026-02-03,17.84372329711914,18.600000381469727,18.969999313354492,18.530000686645508,18.780000686645508,6107300
2026-02-04,17.316082000732422,18.049999237060547,18.389999389648438,17.799999237060547,18.219999313354492,6781900
2026-02-05,17.43120574951172,18.170000076293945,18.299999237060547,17.690000534057617,18.18000030517578,5803300
2026-02-06,17.085840225219727,17.809999465942383,17.90999984741211,17.139999389648438,17.290000915527344,13702300
2026-02-09,17.3256778717041,18.059999465942383,18.1299991607666,17.6299991607666,17.8700008392334,5601400
2026-02-10,17.392831802368164,18.1299991607666,18.360000610351562,18.0,18.059999465942383,5979800
2026-02-11,17.88209342956543,18.639999389648438,18.690000534057617,18.229999542236328,18.280000686645508,6960800
2026-02-12,17.59429359436035,18.34000015258789,18.6299991607666,18.290000915527344,18.520000457763672,6131600
2026-02-13,17.402421951293945,18.139999389648438,18.18000030517578,17.649999618530273,18.149999618530273,10892100
2026-02-18,17.296897888183594,18.030000686645508,18.260000228881836,17.899999618530273,18.049999237060547,8678000
2026-02-19,17.613479614257812,18.360000610351562,18.520000457763672,18.030000686645508,18.06999969482422,5383000
2026-02-20,17.97802734375,18.739999771118164,18.790000915527344,18.149999618530273,18.18000030517578,5495100
2026-02-23,17.632661819458008,18.3799991607666,18.790000915527344,18.280000686645508,18.739999771118164,4462200
2026-02-24,17.824535369873047,18.579999923706055,18.670000076293945,18.260000228881836,18.389999389648438,5004500
2026-02-25,17.6518497467041,18.399999618530273,18.729999542236328,18.31999969482422,18.670000076293945,3972800
2026-02-26,17.507953643798828,18.25,18.56999969482422,18.0,18.3799991607666,6466800
2026-02-27,17.623075485229492,18.3700008392334,18.979999542236328,18.15999984741211,18.25,12949900
2026-03-02,17.54632568359375,18.290000915527344,18.420000076293945,17.84000015258789,18.149999618530273,5817600
2026-03-03,16.813899993896484,17.510000228881836,17.700000762939453,17.100000381469727,17.549999237060547,11019000
2026-03-04,16.99634552001953,17.700000762939453,17.889999389648438,17.3799991607666,17.809999465942383,5231200
2026-03-05,16.458608627319336,17.139999389648438,17.579999923706055,17.06999969482422,17.5,9281800
2026-03-06,16.160930633544922,16.829999923706055,17.100000381469727,16.670000076293945,17.040000915527344,8986700
2026-03-09,16.1705322265625,16.84000015258789,16.950000762939453,16.43000030517578,16.700000762939453,7415800
2026-03-10,16.49701690673828,17.18000030517578,17.399999618530273,16.920000076293945,17.059999465942383,5808300
2026-03-11,16.449007034301758,17.1299991607666,17.34000015258789,16.93000030517578,17.0,4599600
2026-03-12,16.01689338684082,16.68000030517578,16.809999465942383,16.479999542236328,16.75,6309400
2026-03-13,15.767230987548828,16.420000076293945,16.8799991607666,16.270000457763672,16.760000228881836,5190900
2026-03-16,15.767230987548828,16.420000076293945,16.850000381469727,16.399999618530273,16.690000534057617,4151700
2026-03-17,15.671207427978516,16.31999969482422,16.59000015258789,16.15999984741211,16.420000076293945,4479200
2026-03-18,15.440747261047363,16.079999923706055,16.34000015258789,16.079999923706055,16.200000762939453,6181400
2026-03-19,15.469555854797363,16.110000610351562,16.209999084472656,15.670000076293945,15.850000381469727,6082900
2026-03-20,15.181480407714844,15.8100004196167,16.1299991607666,15.729999542236328,16.0,10829900
2026-03-23,15.786437034606934,16.440000534057617,16.690000534057617,16.149999618530273,16.149999618530273,7387000
2026-03-24,15.65200138092041,16.299999237060547,16.440000534057617,16.1299991607666,16.440000534057617,4783400
2026-03-25,16.02649688720703,16.690000534057617,16.799999237060547,16.530000686645508,16.600000381469727,6670900
2026-03-26,15.815242767333984,16.469999313354492,16.670000076293945,16.40999984741211,16.559999465942383,36439500
2026-03-27,15.584784507751465,16.229999542236328,16.489999771118164,16.229999542236328,16.43000030517578,25476500
2026-03-30,15.594385147094727,16.239999771118164,16.420000076293945,16.149999618530273,16.350000381469727,9219700
2026-03-31,16.04570198059082,16.709999084472656,16.860000610351562,16.350000381469727,16.5,11543800
2026-04-01,16.295364379882812,16.969999313354492,17.139999389648438,16.739999771118164,16.81999969482422,8844500
2026-04-02,16.110090255737305,16.760000228881836,16.8799991607666,16.399999618530273,16.40999984741211,3027200
2026-04-06,16.158151626586914,16.809999465942383,16.920000076293945,16.709999084472656,16.799999237060547,3603300
2026-04-07,16.295223236083984,16.68000030517578,16.68000030517578,16.34000015258789,16.510000228881836,8549700
2026-04-08,16.949766159057617,17.350000381469727,17.780000686645508,17.280000686645508,17.780000686645508,11136300
2026-04-09,17.164690017700195,17.56999969482422,17.6200008392334,17.270000457763672,17.399999618530273,19385400
2026-04-10,17.26238441467285,17.670000076293945,17.809999465942383,17.600000381469727,17.68000030517578,4881200
2026-04-13,17.448001861572266,17.860000610351562,17.889999389648438,17.420000076293945,17.579999923706055,13014100
2026-04-14,17.604310989379883,18.020000457763672,18.079999923706055,17.8799991607666,17.899999618530273,7237000
2026-04-15,17.575002670288086,17.989999771118164,18.1299991607666,17.829999923706055,17.889999389648438,6563500
2026-04-16,17.70200538635254,18.1200008392334,18.280000686645508,17.989999771118164,18.059999465942383,4124800
2026-04-17,17.877851486206055,18.299999237060547,18.600000381469727,18.190000534057617,18.399999618530273,8516600
2026-04-20,17.643388748168945,18.059999465942383,18.309999465942383,18.030000686645508,18.190000534057617,4045700
2026-04-22,17.174461364746094,17.579999923706055,18.030000686645508,17.489999771118164,17.959999084472656,6432200
2026-04-23,16.81299591064453,17.209999084472656,17.639999389648438,17.1299991607666,17.579999923706055,6163300
2026-04-24,16.715303421020508,17.110000610351562,17.350000381469727,17.020000457763672,17.25,6113200
2026-04-27,16.57853126525879,16.969999313354492,17.190000534057617,16.940000534057617,17.15999984741211,4310400
2026-04-28,16.480838775634766,16.8700008392334,16.940000534057617,16.65999984741211,16.760000228881836,5003000
2026-04-29,16.138914108276367,16.520000457763672,16.829999923706055,16.459999084472656,16.829999923706055,4767900
2026-04-30,16.334299087524414,16.719999313354492,16.81999969482422,16.579999923706055,16.68000030517578,5382900
2026-05-04,15.992372512817383,16.3700008392334,16.799999237060547,16.299999237060547,16.719999313354492,4229200
2026-05-05,16.165719985961914,16.530000686645508,16.579999923706055,16.329999923706055,16.360000610351562,2975500
2026-05-06,16.273292541503906,16.639999389648438,16.940000534057617,16.549999237060547,16.770000457763672,4318600
2026-05-07,15.745193481445312,16.100000381469727,16.549999237060547,16.020000457763672,16.399999618530273,6054700
2026-05-08,15.79409122467041,16.149999618530273,16.360000610351562,16.100000381469727,16.239999771118164,4798700
2026-05-11,15.432245254516602,15.779999732971191,16.110000610351562,15.720000267028809,16.010000228881836,5078600
2026-05-12,15.295331001281738,15.640000343322754,15.84000015258789,15.630000114440918,15.760000228881836,3169300
2026-05-13,15.060619354248047,15.399999618530273,15.819999694824219,15.369999885559082,15.680000305175781,6115200
2026-05-14,15.197534561157227,15.539999961853027,15.739999771118164,15.5,15.59000015258789,5155200
2026-05-15,15.021500587463379,15.359999656677246,15.359999656677246,15.1899995803833,15.329999923706055,6597900
2026-05-18,15.00194263458252,15.34000015258789,15.449999809265137,15.210000038146973,15.380000114440918,3754700
2026-05-19,14.79656982421875,15.130000114440918,15.300000190734863,15.020000457763672,15.239999771118164,5740800
2026-05-20,15.148635864257812,15.489999771118164,15.640000343322754,15.239999771118164,15.319999694824219,7538300
2026-05-21,15.226873397827148,15.569999694824219,15.6899995803833,15.3100004196167,15.329999923706055,4357000
2026-05-22,15.080179214477539,15.420000076293945,15.529999732971191,15.3100004196167,15.449999809265137,3454500
2026-05-25,15.295331001281738,15.640000343322754,15.710000038146973,15.479999542236328,15.529999732971191,2675600
2026-05-26,15.236653327941895,15.579999923706055,15.640000343322754,15.399999618530273,15.550000190734863,3737400
2026-05-27,15.295331001281738,15.640000343322754,15.850000381469727,15.569999694824219,15.699999809265137,3464300
2026-05-28,15.246432304382324,15.59000015258789,15.800000190734863,15.479999542236328,15.710000038146973,2945200
2026-05-29,15.158416748046875,15.5,15.640000343322754,15.390000343322754,15.640000343322754,24264200
2026-06-01,14.953043937683105,15.289999961853027,15.609999656677246,15.239999771118164,15.5600004196167,4985400
2026-06-02,15.107003211975098,15.430000305175781,15.550000190734863,15.319999694824219,15.369999885559082,3270100
2026-06-03,14.793701171875,15.109999656677246,15.34000015258789,15.109999656677246,15.25,5029500
2026-06-05,14.81328296661377,15.130000114440918,15.289999961853027,15.119999885559082,15.170000076293945,8748000
2026-06-08,14.656632423400879,14.970000267028809,15.1899995803833,14.970000267028809,15.149999618530273,4949200
2026-06-09,14.823073387145996,15.140000343322754,15.329999923706055,15.0,15.100000381469727,3700300
2026-06-10,14.74474811553955,15.0600004196167,15.130000114440918,14.989999771118164,15.119999885559082,4824500
2026-06-11,15.097212791442871,15.420000076293945,15.460000038146973,15.0,15.039999961853027,5384700
2026-06-12,15.175538063049316,15.5,15.680000305175781,15.260000228881836,15.300000190734863,3851300
2026-06-15,15.087421417236328,15.40999984741211,15.930000305175781,15.359999656677246,15.75,4000300
2026-06-16,14.979723930358887,15.300000190734863,15.399999618530273,15.210000038146973,15.350000381469727,5148400
2026-06-17,14.98951530456543,15.3100004196167,15.640000343322754,15.25,15.380000114440918,4755300
2026-06-18,14.950352668762207,15.270000457763672,15.529999732971191,15.220000267028809,15.329999923706055,3822700
2026-06-19,14.84265422821045,15.15999984741211,15.380000114440918,15.15999984741211,15.34000015258789,4640100
2026-06-22,15.107003211975098,15.430000305175781,15.489999771118164,15.260000228881836,15.260000228881836,5382000
2026-06-23,15.214699745178223,15.539999961853027,15.600000381469727,15.260000228881836,15.329999923706055,2831900
2026-06-24,15.058049201965332,15.380000114440918,15.680000305175781,15.380000114440918,15.5,50277800
2026-06-25,15.038467407226562,15.359999656677246,15.779999732971191,15.350000381469727,15.529999732971191,15078700
2026-06-26,15.312606811523438,15.640000343322754,15.779999732971191,15.260000228881836,15.399999618530273,15353800
2026-06-29,15.479047775268555,15.8100004196167,15.880000114440918,15.569999694824219,15.649999618530273,5401700
2026-06-30,15.439885139465332,15.770000457763672,15.819999694824219,15.520000457763672,15.6899995803833,14827700
2026-07-01,15.410512924194336,15.739999771118164,15.8100004196167,15.5,15.619999885559082,5030900
2026-07-02,15.535237312316895,15.850000381469727,16.020000457763672,15.699999809265137,15.949999809265137,5350000
2026-07-03,15.564640998840332,15.880000114440918,15.979999542236328,15.829999923706055,15.9399995803833,3746700
2026-07-06,15.550000190734863,15.550000190734863,15.630000114440918,15.380000114440918,15.59000015258789,5954000
2026-07-07,15.5600004196167,15.5600004196167,15.760000228881836,15.4399995803833,15.550000190734863,5555000
2026-07-08,15.5,15.5,15.520000457763672,15.319999694824219,15.5,2939600
2026-07-09,15.699999809265137,15.699999809265137,15.789999961853027,15.470000267028809,15.489999771118164,3825900
2026-07-10,16.459999084472656,16.459999084472656,16.540000915527344,15.949999809265137,16.100000381469727,8304100
2026-07-13,16.329999923706055,16.329999923706055,16.639999389648438,16.299999237060547,16.440000534057617,5213700
2026-07-14,16.270000457763672,16.270000457763672,16.559999465942383,16.1200008392334,16.350000381469727,11543000
2026-07-15,16.31999969482422,16.31999969482422,16.329999923706055,16.18000030517578,16.270000457763672,3495000
2026-07-16,15.989999771118164,15.989999771118164,16.239999771118164,15.920000076293945,16.239999771118164,10455500
2026-07-17,15.9399995803833,15.9399995803833,16.09000015258789,15.880000114440918,15.989999771118164,10871100
2026-07-20,16.049999237060547,16.049999237060547,16.1200008392334,15.9399995803833,15.970000267028809,3078100
2026-07-21,16.149999618530273,16.149999618530273,16.200000762939453,15.979999542236328,16.030000686645508,3022700
2026-07-22,16.520000457763672,16.520000457763672,16.520000457763672,16.1299991607666,16.209999084472656,4720700
2026-07-23,16.329999923706055,16.329999923706055,16.510000228881836,16.270000457763672,16.420000076293945,3123000
2026-07-24,16.09000015258789,16.09000015258789,16.229999542236328,16.059999465942383,16.18000030517578,2311600
2026-07-27,16.229999542236328,16.229999542236328,16.290000915527344,16.1200008392334,16.209999084472656,2186300
