Date,Adj Close,Close,High,Low,Open,Volume
2015-01-02,2.936821222305298,5.079999923706055,5.579999923706055,5.03000020980835,5.460000038146973,5823600
2015-01-05,2.792292594909668,4.829999923706055,5.039999961853027,4.769999980926514,5.039999961853027,7627400
2015-01-06,3.0177571773529053,5.21999979019165,5.369999885559082,4.860000133514404,4.889999866485596,10139900
2015-01-07,3.3472821712493896,5.789999961853027,5.800000190734863,5.28000020980835,5.369999885559082,9987200
2015-01-08,3.237440586090088,5.599999904632568,5.989999771118164,5.449999809265137,5.860000133514404,9124600
2015-01-09,3.098693370819092,5.360000133514404,5.539999961853027,5.260000228881836,5.5,8553900
2015-01-12,3.0466625690460205,5.269999980926514,5.420000076293945,5.159999847412109,5.360000133514404,3910700
2015-01-13,2.9426019191741943,5.090000152587891,5.630000114440918,5.059999942779541,5.360000133514404,8787100
2015-01-14,2.861666440963745,4.949999809265137,5.050000190734863,4.820000171661377,4.980000019073486,7945100
2015-01-15,2.8154172897338867,4.869999885559082,5.159999847412109,4.849999904632568,4.920000076293945,7296000
2015-01-16,2.983070135116577,5.159999847412109,5.25,4.869999885559082,4.940000057220459,6641600
2015-01-19,2.7865114212036133,4.820000171661377,5.150000095367432,4.78000020980835,5.130000114440918,5926000
2015-01-20,2.931039810180664,5.070000171661377,5.179999828338623,4.849999904632568,4.940000057220459,8780800
2015-01-21,3.040881633758545,5.260000228881836,5.269999980926514,4.909999847412109,5.070000171661377,6248300
2015-01-22,3.098693370819092,5.360000133514404,5.519999980926514,5.260000228881836,5.300000190734863,5477100
2015-01-23,2.8905718326568604,5.0,5.28000020980835,5.0,5.260000228881836,4600600
2015-01-26,2.9021339416503906,5.019999980926514,5.039999961853027,4.829999923706055,4.949999809265137,6029200
2015-01-27,2.7691681385040283,4.789999961853027,4.980000019073486,4.75,4.920000076293945,6366800
2015-01-28,2.6419827938079834,4.570000171661377,4.769999980926514,4.559999942779541,4.75,6594900
2015-01-29,2.543703317642212,4.400000095367432,4.679999828338623,4.369999885559082,4.610000133514404,7142900
2015-01-30,2.4280803203582764,4.199999809265137,4.360000133514404,4.150000095367432,4.300000190734863,7664000
2015-02-02,2.5205788612365723,4.360000133514404,4.360000133514404,4.150000095367432,4.239999771118164,4262200
2015-02-03,2.630420684814453,4.550000190734863,4.650000095367432,4.420000076293945,4.420000076293945,4733300
2015-02-04,2.561046600341797,4.429999828338623,4.679999828338623,4.420000076293945,4.550000190734863,4668000
2015-02-05,2.561046600341797,4.429999828338623,4.539999961853027,4.349999904632568,4.400000095367432,4117800
2015-02-06,2.6419827938079834,4.570000171661377,4.590000152587891,4.300000190734863,4.389999866485596,9262200
2015-02-09,2.879009962081909,4.980000019073486,5.119999885559082,4.570000171661377,4.579999923706055,8011100
2015-02-10,2.8905718326568604,5.0,5.239999771118164,4.889999866485596,4.900000095367432,7931100
2015-02-11,2.913696527481079,5.039999961853027,5.110000133514404,4.809999942779541,4.940000057220459,4499500
2015-02-12,2.7865114212036133,4.820000171661377,5.199999809265137,4.789999961853027,5.130000114440918,5892900
2015-02-13,2.8501040935516357,4.929999828338623,5.070000171661377,4.699999809265137,4.860000133514404,6218700
2015-02-18,2.9079153537750244,5.03000020980835,5.150000095367432,4.929999828338623,4.929999828338623,3883200
2015-02-19,2.9772891998291016,5.150000095367432,5.159999847412109,4.96999979019165,5.050000190734863,2748400
2015-02-20,3.0524442195892334,5.28000020980835,5.440000057220459,5.070000171661377,5.090000152587891,7226600
2015-02-23,2.9252591133117676,5.059999942779541,5.429999828338623,5.039999961853027,5.309999942779541,4608500
2015-02-24,2.9946322441101074,5.179999828338623,5.210000038146973,5.019999980926514,5.079999923706055,4052500
2015-02-25,2.9946322441101074,5.179999828338623,5.25,5.070000171661377,5.099999904632568,4891900
2015-02-26,2.971508026123047,5.139999866485596,5.239999771118164,5.070000171661377,5.239999771118164,4582300
2015-02-27,2.988851308822632,5.170000076293945,5.289999961853027,5.119999885559082,5.159999847412109,6532400
2015-03-02,2.988851308822632,5.170000076293945,5.269999980926514,5.099999904632568,5.179999828338623,4918800
2015-03-03,3.006194829940796,5.199999809265137,5.349999904632568,5.159999847412109,5.239999771118164,4076000
2015-03-04,3.0293192863464355,5.239999771118164,5.420000076293945,5.150000095367432,5.199999809265137,6352100
2015-03-05,2.9252591133117676,5.059999942779541,5.360000133514404,5.059999942779541,5.309999942779541,9612000
2015-03-06,2.9079153537750244,5.03000020980835,5.130000114440918,4.869999885559082,5.090000152587891,6828500
2015-03-09,2.9946322441101074,5.179999828338623,5.179999828338623,4.809999942779541,4.889999866485596,6463200
2015-03-10,2.988851308822632,5.170000076293945,5.300000190734863,5.099999904632568,5.119999885559082,6313900
2015-03-11,3.0177571773529053,5.21999979019165,5.260000228881836,5.070000171661377,5.21999979019165,4540500
2015-03-12,3.2178237438201904,5.349999904632568,5.420000076293945,5.119999885559082,5.199999809265137,9371900
2015-03-13,3.302027940750122,5.489999771118164,5.53000020980835,5.28000020980835,5.300000190734863,5906900
2015-03-16,3.3561601638793945,5.579999923706055,5.670000076293945,5.380000114440918,5.550000190734863,5815500
2015-03-17,3.5185539722442627,5.849999904632568,5.909999847412109,5.590000152587891,5.590000152587891,5686100
2015-03-18,3.428335189819336,5.699999809265137,5.940000057220459,5.679999828338623,5.800000190734863,5020000
2015-03-19,3.338115930557251,5.550000190734863,5.75,5.519999980926514,5.650000095367432,4177900
2015-03-20,3.5365986824035645,5.880000114440918,5.880000114440918,5.599999904632568,5.610000133514404,7170400
2015-03-23,3.566671371459961,5.929999828338623,5.960000038146973,5.789999961853027,5.829999923706055,2975100
2015-03-24,3.5185539722442627,5.849999904632568,5.980000019073486,5.71999979019165,5.949999809265137,3731200
2015-03-25,3.656890869140625,6.079999923706055,6.179999828338623,5.789999961853027,5.900000095367432,4892900
2015-03-26,3.6328320503234863,6.039999961853027,6.139999866485596,5.869999885559082,6.099999904632568,5358200
2015-03-27,3.3742034435272217,5.610000133514404,6.039999961853027,5.539999961853027,5.989999771118164,5490600
2015-03-30,3.4343502521514893,5.710000038146973,5.809999942779541,5.630000114440918,5.710000038146973,3630400
2015-03-31,3.259925603866577,5.420000076293945,5.75,5.409999847412109,5.690000057220459,8401300
2015-04-01,3.3561601638793945,5.579999923706055,5.659999847412109,5.519999980926514,5.579999923706055,6035300
2015-04-02,3.38623309135437,5.630000114440918,5.71999979019165,5.429999828338623,5.510000228881836,5314600
2015-04-06,3.4884819984436035,5.800000190734863,5.860000133514404,5.699999809265137,5.739999771118164,3940200
2015-04-07,3.440364360809326,5.71999979019165,5.920000076293945,5.650000095367432,5.809999942779541,3595000
2015-04-08,3.3742034435272217,5.610000133514404,5.880000114440918,5.570000171661377,5.75,8247800
2015-04-09,3.3982622623443604,5.650000095367432,5.760000228881836,5.510000228881836,5.630000114440918,3598900
2015-04-10,3.440364360809326,5.71999979019165,5.730000019073486,5.570000171661377,5.599999904632568,3047200
2015-04-13,3.4163055419921875,5.679999828338623,5.730000019073486,5.590000152587891,5.679999828338623,2725600
2015-04-14,3.560657262802124,5.920000076293945,5.920000076293945,5.659999847412109,5.659999847412109,3572700
2015-04-15,3.8192856311798096,6.349999904632568,6.599999904632568,5.860000133514404,5.909999847412109,9760200
2015-04-16,3.933563470840454,6.539999961853027,6.940000057220459,6.400000095367432,6.400000095367432,7843700
2015-04-17,3.698993444442749,6.150000095367432,6.5,6.099999904632568,6.5,5771800
2015-04-20,3.680950164794922,6.119999885559082,6.269999980926514,6.099999904632568,6.170000076293945,4272800
2015-04-22,3.9576215744018555,6.579999923706055,6.610000133514404,6.159999847412109,6.179999828338623,5902900
2015-04-23,4.294441223144531,7.139999866485596,7.159999847412109,6.539999961853027,6.590000152587891,6305400
2015-04-24,4.294441223144531,7.139999866485596,7.420000076293945,7.039999961853027,7.170000076293945,5361300
2015-04-27,4.757567405700684,7.909999847412109,7.909999847412109,7.150000095367432,7.25,9003700
2015-04-28,4.727494716644287,7.860000133514404,8.369999885559082,7.860000133514404,8.039999961853027,13109600
2015-04-29,4.691406726837158,7.800000190734863,7.829999923706055,7.559999942779541,7.650000095367432,7611900
2015-04-30,4.829742908477783,8.029999732971191,8.300000190734863,7.53000020980835,7.639999866485596,7347700
2015-05-04,5.220693111419678,8.680000305175781,8.789999961853027,8.260000228881836,8.270000457763672,7248100
2015-05-05,5.443233966827393,9.050000190734863,9.100000381469727,8.550000190734863,8.550000190734863,6800100
2015-05-06,5.443233966827393,9.050000190734863,9.399999618530273,8.850000381469727,9.260000228881836,8838600
2015-05-07,5.010180950164795,8.329999923706055,9.0600004196167,8.300000190734863,9.050000190734863,6689900
2015-05-08,4.823727607727051,8.020000457763672,8.670000076293945,7.980000019073486,8.5,7345900
2015-05-11,5.190619468688965,8.630000114440918,8.630000114440918,8.15999984741211,8.15999984741211,5249900
2015-05-12,5.0041656494140625,8.319999694824219,8.609999656677246,8.229999542236328,8.510000228881836,4688200
2015-05-13,4.769596099853516,7.929999828338623,8.369999885559082,7.909999847412109,8.270000457763672,5918700
2015-05-14,4.77561092376709,7.940000057220459,8.100000381469727,7.659999847412109,7.909999847412109,5800700
2015-05-15,4.751551628112793,7.900000095367432,8.010000228881836,7.800000190734863,7.880000114440918,3656500
2015-05-18,4.553069591522217,7.570000171661377,7.960000038146973,7.510000228881836,7.849999904632568,5240900
2015-05-19,4.300456523895264,7.150000095367432,7.510000228881836,7.090000152587891,7.510000228881836,4399600
2015-05-20,4.420748710632324,7.349999904632568,7.449999809265137,7.019999980926514,7.090000152587891,5076600
2015-05-21,4.414733409881592,7.340000152587891,7.53000020980835,7.230000019073486,7.360000133514404,3911600
2015-05-22,4.318498611450195,7.179999828338623,7.53000020980835,7.059999942779541,7.340000152587891,4279300
2015-05-25,4.306469917297363,7.159999847412109,7.389999866485596,7.099999904632568,7.130000114440918,2290300
2015-05-26,4.1861772537231445,6.960000038146973,7.309999942779541,6.960000038146973,7.210000038146973,5413400
2015-05-27,4.24030876159668,7.050000190734863,7.119999885559082,6.869999885559082,6.989999771118164,4630200
2015-05-28,3.9576215744018555,6.579999923706055,6.940000057220459,6.5,6.880000114440918,9717200
2015-05-29,3.6929781436920166,6.139999866485596,6.650000095367432,6.099999904632568,6.599999904632568,13567300
2015-06-01,3.7952277660369873,6.309999942779541,6.429999828338623,6.079999923706055,6.179999828338623,4713200
2015-06-02,4.05987024307251,6.75,6.820000171661377,6.340000152587891,6.380000114440918,5725300
2015-06-03,3.915519952774048,6.510000228881836,6.840000152587891,6.429999828338623,6.78000020980835,10278500
2015-06-05,3.7230520248413086,6.190000057220459,6.449999809265137,6.099999904632568,6.340000152587891,4891600
2015-06-08,3.644861936569214,6.059999942779541,6.21999979019165,5.96999979019165,6.210000038146973,7503300
2015-06-09,3.680950164794922,6.119999885559082,6.25,6.019999980926514,6.059999942779541,3736500
2015-06-10,3.650876045227051,6.070000171661377,6.289999961853027,6.03000020980835,6.199999809265137,3413800
2015-06-11,3.668919563293457,6.099999904632568,6.21999979019165,6.010000228881836,6.159999847412109,3450400
2015-06-12,3.7230520248413086,6.190000057220459,6.190000057220459,6.0,6.079999923706055,6000400
2015-06-15,3.6328320503234863,6.039999961853027,6.139999866485596,5.940000057220459,6.090000152587891,3477700
2015-06-16,3.476452350616455,5.78000020980835,6.019999980926514,5.78000020980835,6.010000228881836,5053100
2015-06-17,3.42232084274292,5.690000057220459,5.78000020980835,5.539999961853027,5.769999980926514,3354900
2015-06-18,3.47043776512146,5.769999980926514,5.809999942779541,5.570000171661377,5.710000038146973,4553800
2015-06-19,3.428335189819336,5.699999809265137,5.820000171661377,5.610000133514404,5.650000095367432,3260000
2015-06-22,3.4163055419921875,5.679999828338623,5.849999904632568,5.650000095367432,5.769999980926514,2516900
2015-06-23,3.42232084274292,5.690000057220459,5.75,5.650000095367432,5.730000019073486,1995300
2015-06-24,3.3742034435272217,5.610000133514404,5.730000019073486,5.519999980926514,5.730000019073486,2214100
2015-06-25,3.235867738723755,5.380000114440918,5.559999942779541,5.329999923706055,5.539999961853027,4429100
2015-06-26,3.362175226211548,5.590000152587891,5.630000114440918,5.360000133514404,5.400000095367432,2726500
2015-06-29,3.205794095993042,5.329999923706055,5.519999980926514,5.320000171661377,5.449999809265137,2662600
2015-06-30,3.1215896606445312,5.190000057220459,5.349999904632568,5.119999885559082,5.349999904632568,3889700
2015-07-01,3.0433998107910156,5.059999942779541,5.25,5.059999942779541,5.170000076293945,2571400
2015-07-02,2.977238416671753,4.949999809265137,5.099999904632568,4.920000076293945,5.050000190734863,3592700
2015-07-03,2.8629608154296875,4.760000228881836,4.920000076293945,4.75,4.920000076293945,2700400
2015-07-06,2.935136318206787,4.880000114440918,4.989999771118164,4.619999885559082,4.639999866485596,4856700
2015-07-07,2.9652087688446045,4.929999828338623,4.929999828338623,4.650000095367432,4.829999923706055,5207100
2015-07-08,2.802814483642578,4.659999847412109,4.960000038146973,4.630000114440918,4.769999980926514,5776200
2015-07-10,2.718609571456909,4.519999980926514,4.880000114440918,4.5,4.880000114440918,5602600
2015-07-13,2.9170923233032227,4.849999904632568,4.949999809265137,4.420000076293945,4.539999961853027,7789400
2015-07-14,2.881004571914673,4.789999961853027,4.849999904632568,4.650000095367432,4.800000190734863,4302100
2015-07-15,2.790785312652588,4.639999866485596,4.940000057220459,4.610000133514404,4.78000020980835,3932600
2015-07-16,2.7607126235961914,4.590000152587891,4.78000020980835,4.5,4.670000076293945,3853100
2015-07-17,2.7005655765533447,4.489999771118164,4.699999809265137,4.480000019073486,4.599999904632568,4214400
2015-07-20,2.5923023223876953,4.309999942779541,4.559999942779541,4.309999942779541,4.53000020980835,3896800
2015-07-21,2.441936731338501,4.059999942779541,4.400000095367432,4.050000190734863,4.320000171661377,7670900
2015-07-22,2.357732057571411,3.9200000762939453,4.090000152587891,3.9200000762939453,4.010000228881836,7088700
2015-07-23,2.4178783893585205,4.019999980926514,4.139999866485596,3.9100000858306885,3.930000066757202,7049000
2015-07-24,2.3817906379699707,3.9600000381469727,4.119999885559082,3.9000000953674316,4.050000190734863,5026900
2015-07-27,2.2855567932128906,3.799999952316284,3.9600000381469727,3.799999952316284,3.9100000858306885,4804600
2015-07-28,2.526141881942749,4.199999809265137,4.199999809265137,3.819999933242798,3.8499999046325684,7711100
2015-07-29,2.4960684776306152,4.150000095367432,4.28000020980835,4.099999904632568,4.230000019073486,6034500
2015-07-30,2.4900543689727783,4.139999866485596,4.260000228881836,4.019999980926514,4.179999828338623,5534100
2015-07-31,2.616361141204834,4.349999904632568,4.380000114440918,4.039999961853027,4.119999885559082,6336600
2015-08-03,2.616361141204834,4.349999904632568,4.440000057220459,4.230000019073486,4.320000171661377,5055100
2015-08-04,2.628390073776245,4.369999885559082,4.460000038146973,4.309999942779541,4.360000133514404,2789400
2015-08-05,2.622375726699829,4.360000133514404,4.590000152587891,4.349999904632568,4.46999979019165,5943400
2015-08-06,2.538170576095581,4.21999979019165,4.380000114440918,4.179999828338623,4.289999961853027,5017000
2015-08-07,2.4178783893585205,4.019999980926514,4.199999809265137,3.990000009536743,4.159999847412109,5522600
2015-08-10,2.4058492183685303,4.0,4.090000152587891,3.9600000381469727,4.03000020980835,3908600
2015-08-11,2.351717948913574,3.9100000858306885,3.9800000190734863,3.819999933242798,3.950000047683716,5128100
2015-08-12,2.39382004737854,3.9800000190734863,4.050000190734863,3.799999952316284,3.859999895095825,7174800
2015-08-13,2.177293300628662,3.619999885559082,3.940000057220459,3.569999933242798,3.8499999046325684,15966400
2015-08-14,2.0810599327087402,3.4600000381469727,3.630000114440918,3.430000066757202,3.5799999237060547,6847700
2015-08-17,2.0570008754730225,3.4200000762939453,3.509999990463257,3.4000000953674316,3.450000047683716,5118400
2015-08-18,1.9727964401245117,3.2799999713897705,3.430000066757202,3.2799999713897705,3.4100000858306885,6473800
2015-08-19,1.8705474138259888,3.109999895095825,3.299999952316284,3.0999999046325684,3.2699999809265137,6502300
2015-08-20,1.8946064710617065,3.1500000953674316,3.190000057220459,3.0399999618530273,3.049999952316284,4185300
2015-08-21,1.8344597816467285,3.049999952316284,3.140000104904175,3.0299999713897705,3.109999895095825,4200500
2015-08-24,1.7081527709960938,2.8399999141693115,2.940000057220459,2.75,2.799999952316284,7651700
2015-08-25,1.6480069160461426,2.740000009536743,2.9600000381469727,2.740000009536743,2.930000066757202,4611500
2015-08-26,1.8645330667495728,3.0999999046325684,3.140000104904175,2.759999990463257,2.819999933242798,8240700
2015-08-27,2.0930886268615723,3.4800000190734863,3.5,3.180000066757202,3.180000066757202,8828900
2015-08-28,1.9968547821044922,3.319999933242798,3.5399999618530273,3.299999952316284,3.4000000953674316,6479000
2015-08-31,2.1051180362701416,3.5,3.559999942779541,3.190000057220459,3.25,6880500
2015-09-01,2.123161792755127,3.5299999713897705,3.5999999046325684,3.3499999046325684,3.359999895095825,5717300
2015-09-02,2.2314252853393555,3.7100000381469727,3.740000009536743,3.5399999618530273,3.5999999046325684,5629500
2015-09-03,2.315629720687866,3.8499999046325684,3.880000114440918,3.700000047683716,3.799999952316284,5735900
2015-09-04,2.4238932132720947,4.03000020980835,4.03000020980835,3.680000066757202,3.680000066757202,10172200
2015-09-08,2.562229633331299,4.260000228881836,4.400000095367432,4.099999904632568,4.130000114440918,6149700
2015-09-09,2.6043317317962646,4.329999923706055,4.559999942779541,4.300000190734863,4.440000057220459,6713700
2015-09-10,2.802814483642578,4.659999847412109,4.670000076293945,4.110000133514404,4.110000133514404,10697000
2015-09-11,3.0855019092559814,5.130000114440918,5.179999828338623,4.659999847412109,4.699999809265137,12008900
2015-09-14,2.959195137023926,4.920000076293945,5.389999866485596,4.739999771118164,5.239999771118164,13217700
2015-09-15,2.959195137023926,4.920000076293945,5.0,4.659999847412109,4.829999923706055,10569700
2015-09-16,3.0975306034088135,5.150000095367432,5.230000019073486,4.980000019073486,5.070000171661377,7065500
2015-09-17,3.259925603866577,5.420000076293945,5.480000019073486,5.079999923706055,5.130000114440918,8500200
2015-09-18,3.4584083557128906,5.75,5.75,5.340000152587891,5.380000114440918,14050700
2015-09-21,3.4042768478393555,5.659999847412109,5.849999904632568,5.659999847412109,5.840000152587891,5413400
2015-09-22,3.0794873237609863,5.119999885559082,5.429999828338623,5.059999942779541,5.429999828338623,11067600
2015-09-23,2.4479517936706543,4.070000171661377,5.119999885559082,4.070000171661377,5.119999885559082,13003800
2015-09-24,2.526141881942749,4.199999809265137,4.489999771118164,3.8499999046325684,3.8499999046325684,17095600
2015-09-25,2.4118638038635254,4.010000228881836,4.440000057220459,3.9200000762939453,4.309999942779541,11089500
2015-09-28,2.3817906379699707,3.9600000381469727,4.139999866485596,3.859999895095825,3.9000000953674316,7211200
2015-09-29,2.3637473583221436,3.930000066757202,4.130000114440918,3.930000066757202,4.019999980926514,5363300
2015-09-30,2.357732057571411,3.9200000762939453,4.150000095367432,3.9200000762939453,4.119999885559082,6939100
2015-10-01,2.2193961143493652,3.690000057220459,4.090000152587891,3.690000057220459,3.940000057220459,9003600
2015-10-02,2.2735278606414795,3.7799999713897705,3.859999895095825,3.559999942779541,3.619999885559082,8487000
2015-10-05,2.4599809646606445,4.090000152587891,4.150000095367432,3.8499999046325684,3.869999885559082,6839000
2015-10-06,2.6704928874969482,4.440000057220459,4.46999979019165,4.170000076293945,4.170000076293945,7173800
2015-10-07,2.8268725872039795,4.699999809265137,4.949999809265137,4.559999942779541,4.650000095367432,8080900
2015-10-08,3.0073113441467285,5.0,5.050000190734863,4.699999809265137,4.760000228881836,8094000
2015-10-09,3.205794095993042,5.329999923706055,5.489999771118164,5.150000095367432,5.199999809265137,12100400
2015-10-13,2.802814483642578,4.659999847412109,5.190000057220459,4.550000190734863,5.119999885559082,8759100
2015-10-14,2.6704928874969482,4.440000057220459,4.909999847412109,4.440000057220459,4.760000228881836,21449200
2015-10-15,2.8208582401275635,4.690000057220459,4.789999961853027,4.360000133514404,4.53000020980835,10290500
2015-10-16,3.019340753555298,5.019999980926514,5.039999961853027,4.710000038146973,4.849999904632568,17118700
2015-10-19,3.0855019092559814,5.130000114440918,5.239999771118164,4.96999979019165,5.099999904632568,8415500
2015-10-20,2.887019395828247,4.800000190734863,5.199999809265137,4.75,5.199999809265137,8134200
2015-10-21,2.8148436546325684,4.679999828338623,4.900000095367432,4.650000095367432,4.800000190734863,7580800
2015-10-22,2.887019395828247,4.800000190734863,4.980000019073486,4.659999847412109,4.659999847412109,7631600
2015-10-23,2.959195137023926,4.920000076293945,5.079999923706055,4.920000076293945,4.989999771118164,7253500
2015-10-26,2.9832534790039062,4.960000038146973,5.039999961853027,4.880000114440918,5.0,4220700
2015-10-27,2.959195137023926,4.920000076293945,5.03000020980835,4.900000095367432,4.940000057220459,4697000
2015-10-28,2.9110774993896484,4.840000152587891,4.840000152587891,4.760000228881836,4.769999980926514,489500
2015-10-29,2.5923023223876953,4.309999942779541,4.650000095367432,4.289999961853027,4.489999771118164,5487500
2015-10-30,2.610346555709839,4.340000152587891,4.5,4.260000228881836,4.260000228881836,5295800
2015-11-03,3.0433998107910156,5.059999942779541,5.170000076293945,4.409999847412109,4.5,12678800
2015-11-04,2.9832534790039062,4.960000038146973,5.329999923706055,4.860000133514404,5.199999809265137,10575000
2015-11-05,2.977238416671753,4.949999809265137,5.059999942779541,4.869999885559082,4.960000038146973,5142900
2015-11-06,3.0073113441467285,5.0,5.170000076293945,4.78000020980835,4.980000019073486,8940600
2015-11-09,3.0433998107910156,5.059999942779541,5.230000019073486,4.980000019073486,4.989999771118164,6368600
2015-11-10,3.103545904159546,5.159999847412109,5.179999828338623,5.039999961853027,5.079999923706055,4466200
2015-11-11,3.211808919906616,5.340000152587891,5.460000038146973,5.230000019073486,5.230000019073486,6254000
2015-11-12,3.259925603866577,5.420000076293945,5.460000038146973,5.309999942779541,5.389999866485596,6377500
2015-11-13,2.9471657276153564,4.900000095367432,5.25,4.900000095367432,5.25,7970300
2015-11-16,2.959195137023926,4.920000076293945,5.090000152587891,4.860000133514404,4.900000095367432,6379500
2015-11-17,2.9531803131103516,4.909999847412109,5.039999961853027,4.809999942779541,5.0,5331400
2015-11-18,3.464423179626465,5.760000228881836,5.840000152587891,5.269999980926514,5.28000020980835,15426700
2015-11-19,3.524569272994995,5.860000133514404,6.139999866485596,5.690000057220459,5.909999847412109,9973300
2015-11-23,3.4463789463043213,5.730000019073486,5.909999847412109,5.570000171661377,5.849999904632568,5987800
2015-11-24,3.6268184185028076,6.03000020980835,6.099999904632568,5.579999923706055,5.71999979019165,6157900
2015-11-25,3.668919563293457,6.099999904632568,6.369999885559082,5.900000095367432,5.900000095367432,8377300
2015-11-26,3.6208035945892334,6.019999980926514,6.349999904632568,6.019999980926514,6.150000095367432,4633700
2015-11-27,3.5365986824035645,5.880000114440918,6.170000076293945,5.880000114440918,5.960000038146973,5768100
2015-11-30,3.3080427646636963,5.5,6.170000076293945,5.5,5.940000057220459,12289700
2015-12-01,3.0915160179138184,5.139999866485596,5.690000057220459,5.139999866485596,5.599999904632568,8039600
2015-12-02,2.9952828884124756,4.980000019073486,5.25,4.869999885559082,5.110000133514404,8719900
2015-12-03,3.025355577468872,5.03000020980835,5.21999979019165,5.010000228881836,5.199999809265137,5331800
2015-12-04,2.929121494293213,4.869999885559082,5.130000114440918,4.809999942779541,5.039999961853027,5206600
2015-12-07,2.9231069087982178,4.860000133514404,5.090000152587891,4.829999923706055,4.940000057220459,5886100
2015-12-08,2.7366533279418945,4.550000190734863,4.909999847412109,4.550000190734863,4.849999904632568,6371500
2015-12-09,2.796799898147583,4.650000095367432,4.760000228881836,4.539999961853027,4.650000095367432,6311600
2015-12-10,2.7787551879882812,4.619999885559082,4.849999904632568,4.590000152587891,4.619999885559082,5051300
2015-12-11,2.712595224380493,4.510000228881836,4.679999828338623,4.46999979019165,4.610000133514404,4771300
2015-12-14,2.6704928874969482,4.440000057220459,4.550000190734863,4.400000095367432,4.510000228881836,3627200
2015-12-15,2.6524486541748047,4.409999847412109,4.570000171661377,4.409999847412109,4.46999979019165,3039400
2015-12-16,2.580273151397705,4.289999961853027,4.449999809265137,4.289999961853027,4.369999885559082,4355000
2015-12-17,2.5862877368927,4.300000190734863,4.489999771118164,4.300000190734863,4.360000133514404,6757100
2015-12-18,2.5201268196105957,4.190000057220459,4.320000171661377,4.130000114440918,4.25,6094300
2015-12-21,2.4118638038635254,4.010000228881836,4.320000171661377,4.010000228881836,4.210000038146973,5193900
2015-12-22,2.4178783893585205,4.019999980926514,4.110000133514404,3.950000047683716,4.03000020980835,3638900
2015-12-23,2.6043317317962646,4.329999923706055,4.420000076293945,4.050000190734863,4.050000190734863,5438300
2015-12-28,2.5502002239227295,4.239999771118164,4.46999979019165,4.21999979019165,4.349999904632568,3462000
2015-12-29,2.526141881942749,4.199999809265137,4.300000190734863,4.179999828338623,4.210000038146973,2452300
2015-12-30,2.4058492183685303,4.0,4.21999979019165,4.0,4.150000095367432,4545700
2016-01-04,2.3216443061828613,3.859999895095825,3.9800000190734863,3.8299999237060547,3.9800000190734863,4417300
2016-01-05,2.207366704940796,3.6700000762939453,3.9000000953674316,3.6700000762939453,3.859999895095825,4163300
2016-01-06,2.032942533493042,3.380000114440918,3.6500000953674316,3.3499999046325684,3.5199999809265137,4565700
2016-01-07,1.9848252534866333,3.299999952316284,3.369999885559082,3.140000104904175,3.1700000762939453,6308300
2016-01-08,2.0570008754730225,3.4200000762939453,3.630000114440918,3.4200000762939453,3.4600000381469727,7965500
2016-01-11,2.026928186416626,3.369999885559082,3.549999952316284,3.309999942779541,3.440000057220459,4962200
2016-01-12,1.9727964401245117,3.2799999713897705,3.4700000286102295,3.2699999809265137,3.4200000762939453,5125300
2016-01-13,1.9246795177459717,3.200000047683716,3.4200000762939453,3.190000057220459,3.319999933242798,5411800
2016-01-14,1.9848252534866333,3.299999952316284,3.4600000381469727,3.1600000858306885,3.240000009536743,8097600
2016-01-15,1.9066355228424072,3.1700000762939453,3.259999990463257,3.0899999141693115,3.190000057220459,5745100
2016-01-18,1.9246795177459717,3.200000047683716,3.299999952316284,3.1600000858306885,3.200000047683716,3302200
2016-01-19,1.9727964401245117,3.2799999713897705,3.390000104904175,3.2699999809265137,3.3499999046325684,4142100
2016-01-20,1.9367085695266724,3.2200000286102295,3.2799999713897705,3.1600000858306885,3.2200000286102295,4358200
2016-01-21,1.9968547821044922,3.319999933242798,3.440000057220459,3.1700000762939453,3.1700000762939453,4567900
2016-01-22,2.075045108795166,3.450000047683716,3.559999942779541,3.369999885559082,3.440000057220459,5386800
2016-01-26,2.0570008754730225,3.4200000762939453,3.490000009536743,3.319999933242798,3.3499999046325684,3064700
2016-01-27,2.0930886268615723,3.4800000190734863,3.569999933242798,3.440000057220459,3.440000057220459,4563100
2016-01-28,2.075045108795166,3.450000047683716,3.630000114440918,3.3499999046325684,3.509999990463257,4225600
2016-01-29,2.135190963745117,3.549999952316284,3.6500000953674316,3.4700000286102295,3.5199999809265137,4600600
2016-02-01,2.255483627319336,3.75,3.880000114440918,3.4600000381469727,3.5299999713897705,6605300
2016-02-02,2.2675130367279053,3.7699999809265137,3.950000047683716,3.6500000953674316,3.7200000286102295,6921300
2016-02-03,2.2795424461364746,3.7899999618530273,3.940000057220459,3.7300000190734863,3.869999885559082,4275100
2016-02-04,2.5020828247070312,4.159999847412109,4.380000114440918,3.8299999237060547,3.8299999237060547,6666300
2016-02-05,2.6344051361083984,4.380000114440918,4.5,4.230000019073486,4.28000020980835,7697500
2016-02-10,2.616361141204834,4.349999904632568,4.429999828338623,4.150000095367432,4.25,4492700
2016-02-11,2.3336739540100098,3.880000114440918,4.329999923706055,3.880000114440918,4.269999980926514,7037500
2016-02-12,2.4178783893585205,4.019999980926514,4.130000114440918,3.9100000858306885,3.930000066757202,5393200
2016-02-15,2.4659953117370605,4.099999904632568,4.210000038146973,4.090000152587891,4.199999809265137,2288200
2016-02-16,2.664477825164795,4.429999828338623,4.480000019073486,4.110000133514404,4.110000133514404,4644800
2016-02-17,2.7366533279418945,4.550000190734863,4.889999866485596,4.480000019073486,4.570000171661377,10137700
2016-02-18,2.7607126235961914,4.590000152587891,4.699999809265137,4.420000076293945,4.5,7731100
2016-02-19,2.7847707271575928,4.630000114440918,4.699999809265137,4.519999980926514,4.599999904632568,4972400
2016-02-22,3.0794873237609863,5.119999885559082,5.119999885559082,4.800000190734863,4.820000171661377,6321500
2016-02-23,3.1396329402923584,5.21999979019165,5.28000020980835,5.039999961853027,5.090000152587891,7672300
2016-02-24,3.1456475257873535,5.230000019073486,5.409999847412109,4.949999809265137,5.019999980926514,8301100
2016-02-25,3.1396329402923584,5.21999979019165,5.449999809265137,5.059999942779541,5.099999904632568,5859700
2016-02-26,3.0073113441467285,5.0,5.46999979019165,5.0,5.349999904632568,7686800
2016-02-29,3.1276042461395264,5.199999809265137,5.369999885559082,5.059999942779541,5.070000171661377,9042300
2016-03-01,3.247896671295166,5.400000095367432,5.550000190734863,5.369999885559082,5.369999885559082,6772400
2016-03-02,3.3982622623443604,5.650000095367432,5.699999809265137,5.400000095367432,5.460000038146973,9632400
2016-03-03,3.9095048904418945,6.5,6.5,6.5,6.5,10046500
2016-03-04,4.547055721282959,7.559999942779541,7.71999979019165,6.880000114440918,7.010000228881836,15861000
2016-03-07,4.9500346183776855,8.229999542236328,8.59000015258789,7.800000190734863,7.829999923706055,16131700
2016-03-08,4.276397228240967,7.110000133514404,8.149999618530273,7.03000020980835,7.800000190734863,10444400
2016-03-09,4.101973533630371,6.820000171661377,7.489999771118164,6.690000057220459,7.340000152587891,13920100
2016-03-10,4.408718585968018,7.329999923706055,7.489999771118164,6.760000228881836,7.099999904632568,11355700
2016-03-11,4.246323585510254,7.059999942779541,7.550000190734863,7.059999942779541,7.46999979019165,8235900
2016-03-14,4.1621198654174805,6.920000076293945,7.300000190734863,6.849999904632568,7.139999866485596,9687100
2016-03-15,3.650876045227051,6.070000171661377,6.760000228881836,6.0,6.760000228881836,7854200
2016-03-16,4.035812854766846,6.710000038146973,6.75,5.909999847412109,5.949999809265137,8957200
2016-03-17,4.769596099853516,7.929999828338623,8.050000190734863,7.070000171661377,7.400000095367432,13552600
2016-03-18,4.763581275939941,7.920000076293945,8.15999984741211,7.619999885559082,7.96999979019165,13617600
2016-03-21,4.751551628112793,7.900000095367432,8.399999618530273,7.900000095367432,7.929999828338623,8893100
2016-03-22,4.895903587341309,8.140000343322754,8.239999771118164,7.78000020980835,7.78000020980835,6930000
2016-03-23,4.571113586425781,7.599999904632568,8.0600004196167,7.599999904632568,7.949999809265137,8347500
2016-03-24,4.685392379760742,7.789999961853027,7.869999885559082,7.210000038146973,7.460000038146973,6968900
2016-03-28,4.691406726837158,7.800000190734863,8.199999809265137,7.769999980926514,8.069999694824219,5155200
2016-03-29,4.450820446014404,7.400000095367432,7.980000019073486,7.400000095367432,7.710000038146973,8619100
2016-03-30,4.480894088745117,7.449999809265137,7.78000020980835,7.340000152587891,7.550000190734863,7736800
2016-03-31,4.288426876068115,7.130000114440918,7.130000114440918,7.130000114440918,7.130000114440918,78700
2016-04-01,4.420748710632324,7.349999904632568,7.349999904632568,7.349999904632568,7.349999904632568,63400
2016-04-04,4.180163383483887,6.949999809265137,6.949999809265137,6.949999809265137,6.949999809265137,99000
2016-04-05,4.571113586425781,7.599999904632568,7.599999904632568,7.599999904632568,7.599999904632568,117000
2016-04-06,4.619230270385742,7.679999828338623,7.679999828338623,7.679999828338623,7.679999828338623,48500
2016-04-07,4.565098762512207,7.590000152587891,7.590000152587891,7.590000152587891,7.590000152587891,84800
2016-04-08,4.962063789367676,8.25,8.329999923706055,7.800000190734863,7.849999904632568,8428700
2016-04-11,5.40714693069458,8.989999771118164,8.989999771118164,8.989999771118164,8.989999771118164,121500
2016-04-12,6.483764171600342,10.779999732971191,10.779999732971191,10.779999732971191,10.779999732971191,151200
2016-04-13,7.819009780883789,13.0,13.0,13.0,13.0,155300
2016-04-14,6.892757892608643,11.460000038146973,13.640000343322754,11.289999961853027,13.449999809265137,19745800
2016-04-15,7.169431209564209,11.920000076293945,12.100000381469727,11.25,11.529999732971191,8164800
2016-04-18,7.277693748474121,12.100000381469727,12.59000015258789,11.710000038146973,11.960000038146973,8483900
2016-04-19,7.999448776245117,13.300000190734863,13.300000190734863,13.300000190734863,13.300000190734863,92400
2016-04-20,8.215975761413574,13.65999984741211,14.119999885559082,13.020000457763672,13.399999618530273,13808500
2016-04-22,8.059595108032227,13.399999618530273,14.0,12.899999618530273,13.0,8801800
2016-04-25,7.319796562194824,12.170000076293945,13.369999885559082,12.100000381469727,13.210000038146973,9293600
2016-04-26,7.397986888885498,12.300000190734863,12.59000015258789,11.699999809265137,12.380000114440918,9272000
2016-04-27,7.788938522338867,12.949999809265137,13.100000381469727,12.0600004196167,12.34000015258789,8404000
2016-04-28,7.794951438903809,12.960000038146973,13.710000038146973,12.90999984741211,13.15999984741211,7640200
2016-04-29,7.903214454650879,13.140000343322754,13.649999618530273,13.119999885559082,13.170000076293945,10579300
2016-05-02,7.758863925933838,12.899999618530273,13.59000015258789,12.84000015258789,13.199999809265137,8599500
2016-05-03,7.349869728088379,12.220000267028809,12.619999885559082,12.220000267028809,12.479999542236328,6490700
2016-05-04,7.0792107582092285,11.770000457763672,12.550000190734863,11.720000267028809,11.930000305175781,8427500
2016-05-05,6.628114700317383,11.020000457763672,12.289999961853027,11.020000457763672,12.289999961853027,8780500
2016-05-06,6.700290203094482,11.140000343322754,11.5,10.449999809265137,10.770000457763672,11041300
2016-05-09,6.026651859283447,10.020000457763672,10.899999618530273,9.949999809265137,10.899999618530273,10263000
2016-05-10,6.2973103523254395,10.470000267028809,10.600000381469727,10.069999694824219,10.220000267028809,10057100
2016-05-11,5.984549045562744,9.949999809265137,10.829999923706055,9.949999809265137,10.75,10397800
2016-05-12,5.792081832885742,9.630000114440918,10.319999694824219,9.630000114440918,10.050000190734863,10452700
2016-05-13,5.052283763885498,8.399999618530273,9.699999809265137,8.390000343322754,9.609999656677246,11606600
2016-05-16,5.0041656494140625,8.319999694824219,8.84000015258789,8.220000267028809,8.350000381469727,8908200
2016-05-17,4.962063789367676,8.25,8.630000114440918,8.0,8.550000190734863,9184700
2016-05-18,4.697420597076416,7.809999942779541,8.390000343322754,7.809999942779541,8.119999885559082,10758800
2016-05-19,4.480894088745117,7.449999809265137,7.769999980926514,7.400000095367432,7.650000095367432,9574800
2016-05-20,4.378644943237305,7.28000020980835,7.869999885559082,7.269999980926514,7.699999809265137,8420000
2016-05-23,4.348573207855225,7.230000019073486,7.489999771118164,7.050000190734863,7.110000133514404,7558900
2016-05-24,4.120017051696777,6.849999904632568,7.46999979019165,6.769999980926514,7.440000057220459,9866600
2016-05-25,4.05987024307251,6.75,7.170000076293945,6.75,6.960000038146973,8185800
2016-05-27,3.867403030395508,6.429999828338623,6.949999809265137,6.409999847412109,6.929999828338623,6803700
2016-05-30,3.9034903049468994,6.489999771118164,6.559999942779541,6.420000076293945,6.46999979019165,2644100
2016-05-31,3.933563470840454,6.539999961853027,6.739999771118164,6.349999904632568,6.539999961853027,11110700
2016-06-01,3.8313148021698,6.369999885559082,6.670000076293945,6.260000228881836,6.5,8200800
2016-06-02,4.0959577560424805,6.809999942779541,6.900000095367432,6.25,6.440000057220459,9832500
2016-06-03,4.414733409881592,7.340000152587891,7.449999809265137,6.889999866485596,7.0,13799000
2016-06-06,4.444806098937988,7.389999866485596,7.619999885559082,7.21999979019165,7.599999904632568,8587900
2016-06-07,4.204221248626709,6.989999771118164,7.53000020980835,6.949999809265137,7.239999771118164,9092000
2016-06-08,4.895903587341309,8.140000343322754,8.170000076293945,7.099999904632568,7.150000095367432,15755500
2016-06-09,4.5350260734558105,7.539999961853027,8.029999732971191,7.409999847412109,7.980000019073486,11263500
2016-06-10,4.180163383483887,6.949999809265137,7.300000190734863,6.949999809265137,7.199999809265137,9147000
2016-06-13,4.210236072540283,7.0,7.230000019073486,6.710000038146973,6.829999923706055,7717900
2016-06-14,4.011754035949707,6.670000076293945,7.269999980926514,6.619999885559082,6.909999847412109,8151900
2016-06-15,4.234294414520264,7.039999961853027,7.199999809265137,6.739999771118164,6.75,12764300
2016-06-16,4.354586601257324,7.239999771118164,7.380000114440918,6.920000076293945,6.960000038146973,10124300
2016-06-17,4.408718585968018,7.329999923706055,7.619999885559082,7.329999923706055,7.489999771118164,9787700
2016-06-20,4.474880218505859,7.440000057220459,7.849999904632568,7.440000057220459,7.690000057220459,8243500
2016-06-21,4.498937606811523,7.480000019073486,7.5,7.150000095367432,7.440000057220459,8126100
2016-06-22,4.462850570678711,7.420000076293945,7.75,7.409999847412109,7.570000171661377,9059100
2016-06-23,4.85981559753418,8.079999923706055,8.079999923706055,7.550000190734863,7.679999828338623,7813300
2016-06-24,4.432777404785156,7.369999885559082,7.800000190734863,7.360000133514404,7.599999904632568,10645900
2016-06-27,4.390674591064453,7.300000190734863,7.550000190734863,7.070000171661377,7.5,9344000
2016-06-28,4.516982078552246,7.510000228881836,7.679999828338623,7.440000057220459,7.519999980926514,6907600
2016-06-29,4.703435897827148,7.820000171661377,7.940000057220459,7.670000076293945,7.699999809265137,8357300
2016-06-30,4.703435897827148,7.820000171661377,7.96999979019165,7.610000133514404,7.820000171661377,7676800
2016-07-01,5.268810272216797,8.760000228881836,8.760000228881836,7.78000020980835,7.880000114440918,11016300
2016-07-04,5.593599796295166,9.300000190734863,9.539999961853027,9.0600004196167,9.149999618530273,7606500
2016-07-05,5.178590297698975,8.609999656677246,9.229999542236328,8.579999923706055,9.020000457763672,12262800
2016-07-06,5.449249744415283,9.0600004196167,9.149999618530273,8.0600004196167,8.329999923706055,16078500
2016-07-07,5.13648796081543,8.539999961853027,9.489999771118164,8.539999961853027,9.199999809265137,12928900
2016-07-08,5.449249744415283,9.0600004196167,9.130000114440918,8.770000457763672,8.949999809265137,8484100
2016-07-11,5.497365951538086,9.140000343322754,9.449999809265137,9.140000343322754,9.289999961853027,7860700
2016-07-12,5.755993843078613,9.569999694824219,9.75,9.359999656677246,9.390000343322754,10537900
2016-07-13,5.798096179962158,9.640000343322754,9.65999984741211,8.949999809265137,9.569999694824219,15394800
2016-07-14,5.882300853729248,9.779999732971191,9.949999809265137,9.520000457763672,9.800000190734863,11839700
2016-07-15,6.164989471435547,10.25,10.25,9.609999656677246,9.859999656677246,13487400
2016-07-18,6.303324222564697,10.479999542236328,10.529999732971191,9.970000267028809,10.149999618530273,10635300
2016-07-19,6.261222839355469,10.40999984741211,10.649999618530273,10.180000305175781,10.220000267028809,12134600
2016-07-20,6.164989471435547,10.25,10.59000015258789,10.100000381469727,10.40999984741211,8045100
2016-07-21,6.495793342590332,10.800000190734863,10.979999542236328,10.34000015258789,10.399999618530273,9062200
2016-07-22,6.543909549713135,10.880000114440918,11.010000228881836,10.609999656677246,10.779999732971191,5335800
2016-07-25,6.604055881500244,10.979999542236328,11.199999809265137,10.75,11.0,5997200
2016-07-26,6.742392539978027,11.210000038146973,11.390000343322754,10.989999771118164,11.079999923706055,6262300
2016-07-27,6.826598167419434,11.350000381469727,11.75,11.350000381469727,11.399999618530273,7025400
2016-07-28,6.826598167419434,11.350000381469727,11.569999694824219,10.789999961853027,11.489999771118164,6868000
2016-07-29,6.658186912536621,11.069999694824219,11.279999732971191,10.869999885559082,11.25,7733700
2016-08-01,6.423617839813232,10.680000305175781,11.350000381469727,10.600000381469727,11.149999618530273,6439000
2016-08-02,6.038681507110596,10.039999961853027,10.84000015258789,9.970000267028809,10.470000267028809,7514500
2016-08-03,6.381515026092529,10.609999656677246,10.760000228881836,9.8100004196167,9.989999771118164,7032000
2016-08-04,6.549924373626709,10.890000343322754,11.199999809265137,10.680000305175781,10.779999732971191,8388000
2016-08-05,6.628114700317383,11.020000457763672,11.199999809265137,10.899999618530273,11.109999656677246,4409400
2016-08-08,6.459705352783203,10.739999771118164,11.220000267028809,10.649999618530273,11.079999923706055,5475100
2016-08-09,6.579998016357422,10.9399995803833,11.149999618530273,10.75,10.75,4492600
2016-08-10,6.315353870391846,10.5,11.130000114440918,10.359999656677246,11.0,6801100
2016-08-11,6.604055881500244,10.979999542236328,10.979999542236328,10.369999885559082,10.5600004196167,5881600
2016-08-12,6.483764171600342,10.779999732971191,11.130000114440918,10.670000076293945,10.850000381469727,5679700
2016-08-15,6.706305980682373,11.149999618530273,11.260000228881836,10.789999961853027,10.970000267028809,6149100
2016-08-16,6.333398818969727,10.529999732971191,11.399999618530273,10.460000038146973,11.100000381469727,10893100
2016-08-17,6.219120979309082,10.34000015258789,10.460000038146973,9.920000076293945,10.380000114440918,11684500
2016-08-18,6.1228861808776855,10.180000305175781,10.5600004196167,10.100000381469727,10.25,6360400
2016-08-19,6.068753719329834,10.09000015258789,10.229999542236328,9.84000015258789,10.170000076293945,4688800
2016-08-22,5.563526630401611,9.25,10.0,9.210000038146973,10.0,10001300
2016-08-23,5.647731781005859,9.390000343322754,9.699999809265137,9.319999694824219,9.470000267028809,6028400
2016-08-24,5.250766277313232,8.729999542236328,9.25,8.649999618530273,9.25,9179100
2016-08-25,5.310912132263184,8.829999923706055,9.029999732971191,8.640000343322754,8.65999984741211,6530400
2016-08-26,5.292868137359619,8.800000190734863,9.180000305175781,8.550000190734863,8.920000076293945,8333400
2016-08-29,5.443233966827393,9.050000190734863,9.109999656677246,8.65999984741211,8.65999984741211,4528000
2016-08-30,5.274825572967529,8.770000457763672,9.15999984741211,8.680000305175781,9.050000190734863,5753000
2016-08-31,5.1725754737854,8.600000381469727,8.9399995803833,8.489999771118164,8.800000190734863,6371200
2016-09-01,5.292868137359619,8.800000190734863,8.800000190734863,8.369999885559082,8.600000381469727,6924100
2016-09-02,5.834184646606445,9.699999809265137,9.729999542236328,8.899999618530273,8.949999809265137,8981100
2016-09-05,5.840198993682861,9.710000038146973,9.800000190734863,9.449999809265137,9.789999961853027,4066000
2016-09-06,5.69584846496582,9.470000267028809,9.779999732971191,9.109999656677246,9.6899995803833,6112400
2016-09-08,5.563526630401611,9.25,9.600000381469727,9.170000076293945,9.460000038146973,6153500
2016-09-09,5.2026495933532715,8.649999618530273,9.130000114440918,8.5600004196167,9.119999885559082,9197300
2016-09-12,5.286853790283203,8.789999961853027,8.850000381469727,8.300000190734863,8.59000015258789,7899300
2016-09-13,4.895903587341309,8.140000343322754,8.65999984741211,7.900000095367432,8.59000015258789,10328900
2016-09-14,4.968079090118408,8.260000228881836,8.399999618530273,8.0600004196167,8.229999542236328,6574000
2016-09-15,4.974093914031982,8.270000457763672,8.529999732971191,8.239999771118164,8.279999732971191,4527800
2016-09-16,4.817712783813477,8.010000228881836,8.199999809265137,7.820000171661377,8.199999809265137,8681700
2016-09-19,5.112430095672607,8.5,8.6899995803833,8.239999771118164,8.300000190734863,11336100
2016-09-20,5.106415271759033,8.489999771118164,8.699999809265137,8.40999984741211,8.5600004196167,5048200
2016-09-21,5.32895565032959,8.859999656677246,8.899999618530273,8.489999771118164,8.649999618530273,6507600
2016-09-22,5.353014945983887,8.899999618530273,9.130000114440918,8.859999656677246,8.979999542236328,7525400
2016-09-23,5.2387375831604,8.710000038146973,8.989999771118164,8.649999618530273,8.920000076293945,6889100
2016-09-26,5.2146782875061035,8.670000076293945,8.880000114440918,8.539999961853027,8.600000381469727,5196700
2016-09-27,5.178590297698975,8.609999656677246,8.819999694824219,8.40999984741211,8.75,5731500
2016-09-28,5.593599796295166,9.300000190734863,9.449999809265137,8.670000076293945,8.680000305175781,9752900
2016-09-29,5.449249744415283,9.0600004196167,9.479999542236328,8.90999984741211,9.350000381469727,7693700
2016-09-30,5.467292785644531,9.09000015258789,9.270000457763672,8.9399995803833,9.119999885559082,5968300
2016-10-03,5.719907760620117,9.510000228881836,9.59000015258789,9.09000015258789,9.09000015258789,8419300
2016-10-04,5.665775775909424,9.420000076293945,9.699999809265137,9.260000228881836,9.510000228881836,10811200
2016-10-05,5.810125827789307,9.65999984741211,9.779999732971191,9.5,9.539999961853027,6627500
2016-10-06,5.912374496459961,9.829999923706055,9.949999809265137,9.569999694824219,9.600000381469727,5804600
2016-10-07,5.984549045562744,9.949999809265137,10.140000343322754,9.890000343322754,9.960000038146973,7606800
2016-10-10,6.134916305541992,10.199999809265137,10.239999771118164,10.029999732971191,10.039999961853027,4672800
2016-10-11,6.134916305541992,10.199999809265137,10.3100004196167,10.069999694824219,10.100000381469727,7160700
2016-10-13,5.942447185516357,9.880000114440918,10.050000190734863,9.729999542236328,10.050000190734863,8210300
2016-10-14,6.146945476531982,10.220000267028809,10.289999961853027,10.0,10.020000457763672,5136900
2016-10-17,6.195061206817627,10.300000190734863,10.380000114440918,10.170000076293945,10.289999961853027,4896300
2016-10-18,6.381515026092529,10.609999656677246,10.680000305175781,10.369999885559082,10.369999885559082,5550100
2016-10-19,6.207091808319092,10.319999694824219,10.760000228881836,10.220000267028809,10.649999618530273,6973400
2016-10-20,6.12890100479126,10.1899995803833,10.350000381469727,10.0,10.1899995803833,6319700
2016-10-21,6.134916305541992,10.199999809265137,10.399999618530273,9.960000038146973,10.1899995803833,16145300
2016-10-24,6.267236232757568,10.420000076293945,10.619999885559082,10.300000190734863,10.399999618530273,8071700
2016-10-25,6.429632186889648,10.6899995803833,10.850000381469727,10.199999809265137,10.600000381469727,9326800
2016-10-26,6.357457160949707,10.569999694824219,10.720000267028809,10.359999656677246,10.579999923706055,7561900
2016-10-27,6.507822036743164,10.819999694824219,10.880000114440918,10.630000114440918,10.649999618530273,4588000
2016-10-28,6.519851207733154,10.84000015258789,11.119999885559082,10.770000457763672,10.850000381469727,5083300
2016-10-31,6.459705352783203,10.739999771118164,11.069999694824219,10.600000381469727,10.949999809265137,7237800
2016-11-01,6.158974647521973,10.239999771118164,10.920000076293945,10.050000190734863,10.899999618530273,7624100
2016-11-03,5.8462138175964355,9.720000267028809,10.1899995803833,9.670000076293945,10.100000381469727,7293400
2016-11-04,5.810125827789307,9.65999984741211,9.989999771118164,9.430000305175781,9.6899995803833,5540700
2016-11-07,6.201076507568359,10.3100004196167,10.319999694824219,9.989999771118164,10.029999732971191,4634100
2016-11-08,6.345427989959717,10.550000190734863,10.640000343322754,10.0600004196167,10.15999984741211,5799800
2016-11-09,6.519851207733154,10.84000015258789,11.09000015258789,9.829999923706055,10.0,11297100
2016-11-10,6.766451358795166,11.25,11.65999984741211,11.029999732971191,11.100000381469727,12942800
2016-11-11,6.267236232757568,10.420000076293945,11.489999771118164,10.270000457763672,11.399999618530273,8920900
2016-11-14,6.59202766418457,10.960000038146973,11.050000190734863,9.920000076293945,10.40999984741211,11332200
2016-11-16,6.315353870391846,10.5,10.859999656677246,10.279999732971191,10.710000038146973,8248600
2016-11-17,6.357457160949707,10.569999694824219,10.819999694824219,10.390000343322754,10.600000381469727,4639100
2016-11-18,6.5318803787231445,10.859999656677246,10.979999542236328,10.350000381469727,10.489999771118164,5724600
2016-11-21,6.892757892608643,11.460000038146973,11.460000038146973,10.899999618530273,10.899999618530273,6928200
2016-11-22,7.211533069610596,11.989999771118164,12.369999885559082,11.720000267028809,11.800000190734863,7847100
2016-11-23,7.692702770233154,12.789999961853027,12.800000190734863,11.920000076293945,12.0600004196167,9359200
2016-11-24,7.5603814125061035,12.569999694824219,12.90999984741211,12.40999984741211,12.729999542236328,3813800
2016-11-25,7.752849102020264,12.890000343322754,12.9399995803833,12.380000114440918,12.399999618530273,4981500
2016-11-28,8.023508071899414,13.34000015258789,13.420000076293945,12.819999694824219,12.930000305175781,4191800
2016-11-29,7.656615257263184,12.729999542236328,13.25,12.569999694824219,13.15999984741211,5571500
2016-11-30,7.4761762619018555,12.430000305175781,12.970000267028809,12.279999732971191,12.729999542236328,7690400
2016-12-01,7.013050556182861,11.65999984741211,12.59000015258789,11.350000381469727,12.449999809265137,9519300
2016-12-02,7.163416862487793,11.90999984741211,12.050000190734863,10.90999984741211,11.350000381469727,8190000
2016-12-05,7.121314525604248,11.84000015258789,12.199999809265137,11.670000076293945,12.199999809265137,5136600
2016-12-06,7.211533069610596,11.989999771118164,12.149999618530273,11.5,11.75,4533200
2016-12-07,7.235592842102051,12.029999732971191,12.300000190734863,12.010000228881836,12.220000267028809,4399000
2016-12-08,7.007034778594971,11.649999618530273,12.239999771118164,11.529999732971191,12.239999771118164,4680800
2016-12-09,6.796524524688721,11.300000190734863,11.8100004196167,11.149999618530273,11.699999809265137,5361700
2016-12-12,6.640144348144531,11.039999961853027,11.25,10.729999542236328,11.140000343322754,5229600
2016-12-13,6.59202766418457,10.960000038146973,11.270000457763672,10.65999984741211,11.0,4793500
2016-12-14,6.381515026092529,10.609999656677246,10.9399995803833,10.520000457763672,10.779999732971191,7137500
2016-12-15,6.573983192443848,10.930000305175781,11.050000190734863,10.510000228881836,10.609999656677246,4802300
2016-12-16,6.447676658630371,10.720000267028809,11.220000267028809,10.720000267028809,10.970000267028809,6860700
2016-12-19,6.068753719329834,10.09000015258789,10.84000015258789,10.09000015258789,10.75,4970200
2016-12-20,5.942447185516357,9.880000114440918,10.380000114440918,9.829999923706055,10.300000190734863,4643900
2016-12-21,5.912374496459961,9.829999923706055,10.050000190734863,9.6899995803833,9.949999809265137,4178300
2016-12-22,5.774038791656494,9.600000381469727,9.819999694824219,9.40999984741211,9.770000457763672,3419600
2016-12-23,5.984549045562744,9.949999809265137,9.949999809265137,9.630000114440918,9.649999618530273,3518900
2016-12-26,6.1108574867248535,10.15999984741211,10.25,9.949999809265137,9.949999809265137,1091500
2016-12-27,6.453691482543945,10.729999542236328,10.75,10.270000457763672,10.270000457763672,3986800
2016-12-28,6.507822036743164,10.819999694824219,11.0600004196167,10.710000038146973,10.899999618530273,3868700
2016-12-29,6.525866508483887,10.850000381469727,10.930000305175781,10.520000457763672,10.850000381469727,3189900
2017-01-02,6.5318803787231445,10.859999656677246,10.9399995803833,10.609999656677246,10.699999809265137,1127100
2017-01-03,6.8687005043029785,11.420000076293945,11.420000076293945,10.90999984741211,11.069999694824219,6602900
2017-01-04,6.802539348602295,11.3100004196167,11.550000190734863,11.140000343322754,11.350000381469727,5117300
2017-01-05,7.037107944488525,11.699999809265137,11.880000114440918,11.359999656677246,11.449999809265137,4523400
2017-01-06,6.784494876861572,11.279999732971191,11.739999771118164,11.220000267028809,11.710000038146973,4090800
2017-01-09,6.886744022369385,11.449999809265137,11.75,11.399999618530273,11.430000305175781,4969600
2017-01-10,7.037107944488525,11.699999809265137,11.850000381469727,11.579999923706055,11.640000343322754,3318400
2017-01-11,7.127326965332031,11.850000381469727,12.010000228881836,11.609999656677246,11.800000190734863,4993300
2017-01-12,7.446104049682617,12.380000114440918,12.5,12.119999885559082,12.319999694824219,6275800
2017-01-13,7.349869728088379,12.220000267028809,12.479999542236328,12.09000015258789,12.289999961853027,3448500
2017-01-16,7.428059101104736,12.350000381469727,12.40999984741211,12.229999542236328,12.229999542236328,2094600
2017-01-17,7.337839126586914,12.199999809265137,12.430000305175781,11.699999809265137,12.25,5129600
2017-01-18,7.169431209564209,11.920000076293945,12.670000076293945,11.789999961853027,12.300000190734863,4683200
2017-01-19,7.04913854598999,11.720000267028809,12.039999961853027,11.489999771118164,12.039999961853027,4945700
2017-01-20,7.193489074707031,11.960000038146973,12.050000190734863,11.529999732971191,11.550000190734863,3395400
2017-01-23,7.464146614074707,12.40999984741211,12.470000267028809,12.029999732971191,12.109999656677246,3454100
2017-01-24,7.452118873596191,12.390000343322754,12.920000076293945,12.239999771118164,12.489999771118164,4853600
2017-01-26,7.295738220214844,12.130000114440918,12.75,12.130000114440918,12.75,3608900
2017-01-27,7.277693748474121,12.100000381469727,12.109999656677246,11.850000381469727,12.050000190734863,3743700
2017-01-30,6.898774147033691,11.470000267028809,12.010000228881836,11.449999809265137,12.0,3971700
2017-01-31,6.946889400482178,11.550000190734863,11.9399995803833,11.359999656677246,11.550000190734863,3357400
2017-02-01,7.013050556182861,11.65999984741211,11.890000343322754,11.569999694824219,11.84000015258789,3082200
2017-02-02,7.295738220214844,12.130000114440918,12.279999732971191,11.5,11.569999694824219,5817300
2017-02-03,6.9649338722229,11.579999923706055,12.229999542236328,11.550000190734863,12.050000190734863,7033500
2017-02-06,6.694275856018066,11.130000114440918,11.729999542236328,11.020000457763672,11.579999923706055,5056200
2017-02-07,6.838626384735107,11.369999885559082,11.5,11.170000076293945,11.449999809265137,4508500
2017-02-08,6.826598167419434,11.350000381469727,11.539999961853027,11.119999885559082,11.5,3296200
2017-02-09,6.820581436157227,11.34000015258789,11.59000015258789,11.270000457763672,11.350000381469727,3842800
2017-02-10,7.391971588134766,12.289999961853027,12.329999923706055,11.5600004196167,11.600000381469727,7589400
2017-02-13,7.566396236419678,12.579999923706055,12.970000267028809,12.5,12.8100004196167,5891300
2017-02-14,7.4701619148254395,12.420000076293945,12.710000038146973,12.180000305175781,12.529999732971191,3482100
2017-02-15,7.6084980964660645,12.649999618530273,12.960000038146973,12.470000267028809,12.600000381469727,4652100
2017-02-16,7.536322116851807,12.529999732971191,12.920000076293945,12.40999984741211,12.619999885559082,4575600
2017-02-17,7.524294376373291,12.510000228881836,12.59000015258789,12.300000190734863,12.420000076293945,2286800
2017-02-20,7.638571262359619,12.699999809265137,12.890000343322754,12.640000343322754,12.720000267028809,1573100
2017-02-21,7.6084980964660645,12.649999618530273,12.930000305175781,12.3100004196167,12.800000190734863,3531400
2017-02-22,7.4882073402404785,12.449999809265137,12.619999885559082,12.270000457763672,12.5,2795300
2017-02-23,7.217548847198486,12.0,12.800000190734863,11.880000114440918,12.550000190734863,5403200
2017-02-24,7.20551872253418,11.979999542236328,12.170000076293945,11.600000381469727,11.760000228881836,3903600
2017-03-01,7.289723873138428,12.119999885559082,12.229999542236328,11.920000076293945,12.100000381469727,1951800
2017-03-02,7.0611677169799805,11.739999771118164,12.220000267028809,11.630000114440918,12.1899995803833,5321300
2017-03-03,7.20551872253418,11.979999542236328,12.029999732971191,11.600000381469727,11.890000343322754,3219400
2017-03-06,6.946889400482178,11.550000190734863,12.100000381469727,11.460000038146973,12.0,5275200
2017-03-07,6.796524524688721,11.300000190734863,11.8100004196167,11.279999732971191,11.670000076293945,3712300
2017-03-08,6.381515026092529,10.609999656677246,11.350000381469727,10.609999656677246,11.34000015258789,4887300
2017-03-09,6.32136869430542,10.510000228881836,10.899999618530273,10.369999885559082,10.609999656677246,5773600
2017-03-10,6.477749824523926,10.770000457763672,10.869999885559082,10.239999771118164,10.710000038146973,7303900
2017-03-13,6.646157741546631,11.050000190734863,11.09000015258789,10.670000076293945,10.989999771118164,4207600
2017-03-14,6.453691482543945,10.729999542236328,11.020000457763672,10.670000076293945,11.020000457763672,3485700
2017-03-15,6.8687005043029785,11.420000076293945,11.5,10.6899995803833,10.930000305175781,4740100
2017-03-16,6.682247161865234,11.109999656677246,11.619999885559082,10.970000267028809,11.5,4718200
2017-03-17,6.3935441970825195,10.630000114440918,11.260000228881836,10.479999542236328,11.220000267028809,7654900
2017-03-20,6.586012363433838,10.949999809265137,10.970000267028809,10.369999885559082,10.600000381469727,3769300
2017-03-21,5.996579170227051,9.970000267028809,10.920000076293945,9.930000305175781,10.720000267028809,6140500
2017-03-22,6.014622688293457,10.0,10.050000190734863,9.529999732971191,9.9399995803833,8178700
2017-03-23,5.942447185516357,9.880000114440918,10.180000305175781,9.710000038146973,9.90999984741211,4479800
2017-03-24,5.888316631317139,9.789999961853027,9.970000267028809,9.75,9.960000038146973,2987800
2017-03-27,6.12890100479126,10.1899995803833,10.1899995803833,9.420000076293945,9.520000457763672,3823300
2017-03-28,5.852228164672852,9.729999542236328,10.1899995803833,9.710000038146973,10.0600004196167,5923800
2017-03-29,5.834184646606445,9.699999809265137,9.869999885559082,9.5600004196167,9.8100004196167,5024500
2017-03-30,5.533454418182373,9.199999809265137,9.75,9.15999984741211,9.710000038146973,7136400
2017-03-31,5.4793219566345215,9.109999656677246,9.390000343322754,9.010000228881836,9.199999809265137,6642400
2017-04-03,5.395117282867432,8.970000267028809,9.220000267028809,8.920000076293945,9.140000343322754,5986900
2017-04-04,5.587584495544434,9.289999961853027,9.289999961853027,8.930000305175781,8.970000267028809,4495800
2017-04-05,5.316926956176758,8.84000015258789,9.520000457763672,8.8100004196167,9.4399995803833,5453700
2017-04-06,5.208663463592529,8.65999984741211,8.989999771118164,8.569999694824219,8.90999984741211,4530300
2017-04-07,5.25678014755249,8.739999771118164,8.979999542236328,8.359999656677246,8.550000190734863,7109900
2017-04-10,5.082356929779053,8.449999809265137,8.869999885559082,8.449999809265137,8.869999885559082,6133600
2017-04-11,5.046268939971924,8.390000343322754,8.529999732971191,8.100000381469727,8.489999771118164,6337400
2017-04-12,4.60720157623291,7.659999847412109,8.260000228881836,7.659999847412109,8.050000190734863,11582500
2017-04-13,4.450820446014404,7.400000095367432,7.849999904632568,7.28000020980835,7.75,8872500
2017-04-17,4.595171928405762,7.639999866485596,7.650000095367432,7.360000133514404,7.449999809265137,5995800
2017-04-18,4.3966898918151855,7.309999942779541,7.590000152587891,7.28000020980835,7.539999961853027,6110500
2017-04-19,4.270381927490234,7.099999904632568,7.539999961853027,7.050000190734863,7.460000038146973,7905700
2017-04-20,4.486908912658691,7.460000038146973,7.460000038146973,7.159999847412109,7.25,8452100
2017-04-24,4.4387922286987305,7.380000114440918,7.679999828338623,7.329999923706055,7.659999847412109,6802800
2017-04-25,4.58314323425293,7.619999885559082,7.619999885559082,7.269999980926514,7.289999961853027,6081800
2017-04-26,4.77561092376709,7.940000057220459,8.039999961853027,7.570000171661377,7.610000133514404,7561000
2017-04-27,4.571113586425781,7.599999904632568,8.130000114440918,7.519999980926514,8.039999961853027,7634100
2017-04-28,4.6613335609436035,7.75,7.829999923706055,7.630000114440918,7.699999809265137,5134300
2017-05-02,4.769596099853516,7.929999828338623,8.050000190734863,7.75,7.75,6260000
2017-05-03,4.571113586425781,7.599999904632568,7.949999809265137,7.570000171661377,7.909999847412109,6846000
2017-05-04,4.258353233337402,7.079999923706055,7.46999979019165,7.019999980926514,7.46999979019165,9291100
2017-05-05,4.450820446014404,7.400000095367432,7.420000076293945,7.010000228881836,7.070000171661377,7143000
2017-05-08,4.306469917297363,7.159999847412109,7.480000019073486,7.139999866485596,7.320000171661377,6041200
2017-05-09,4.450820446014404,7.400000095367432,7.429999828338623,7.199999809265137,7.300000190734863,4495000
2017-05-10,4.547055721282959,7.559999942779541,7.679999828338623,7.409999847412109,7.519999980926514,5413700
2017-05-11,4.510967254638672,7.5,7.590000152587891,7.360000133514404,7.579999923706055,3958300
2017-05-12,4.366616725921631,7.260000228881836,7.619999885559082,7.230000019073486,7.599999904632568,5913100
2017-05-15,4.631259441375732,7.699999809265137,7.710000038146973,7.28000020980835,7.389999866485596,7116300
2017-05-16,4.685392379760742,7.789999961853027,7.840000152587891,7.599999904632568,7.820000171661377,7549300
2017-05-17,4.498937606811523,7.480000019073486,7.789999961853027,7.389999866485596,7.71999979019165,8358800
2017-05-18,3.8734171390533447,6.440000057220459,6.920000076293945,6.369999885559082,6.369999885559082,15459400
2017-05-19,4.150090217590332,6.900000095367432,7.0,6.630000114440918,6.840000152587891,8601300
2017-05-22,4.1621198654174805,6.920000076293945,6.980000019073486,6.510000228881836,6.800000190734863,8564100
2017-05-23,4.204221248626709,6.989999771118164,7.179999828338623,6.800000190734863,6.96999979019165,7666800
2017-05-24,4.138061046600342,6.880000114440918,7.130000114440918,6.880000114440918,7.059999942779541,6411600
2017-05-25,4.180163383483887,6.949999809265137,7.090000152587891,6.78000020980835,6.909999847412109,7529500
2017-05-26,4.1921916007995605,6.96999979019165,7.059999942779541,6.900000095367432,6.909999847412109,4852400
2017-05-29,4.1921916007995605,6.96999979019165,6.96999979019165,6.96999979019165,6.96999979019165,0
2017-05-30,4.318498611450195,7.179999828338623,7.260000228881836,7.099999904632568,7.150000095367432,4637700
2017-05-31,4.126031875610352,6.860000133514404,7.159999847412109,6.860000133514404,7.139999866485596,9617200
2017-06-01,4.023782730102539,6.690000057220459,7.039999961853027,6.650000095367432,6.96999979019165,6467800
2017-06-02,4.05987024307251,6.75,6.900000095367432,6.699999809265137,6.809999942779541,5272600
2017-06-05,3.981680393218994,6.619999885559082,6.800000190734863,6.599999904632568,6.699999809265137,6223800
2017-06-06,3.9696505069732666,6.599999904632568,6.730000019073486,6.519999980926514,6.630000114440918,5172900
2017-06-07,3.8914613723754883,6.46999979019165,6.730000019073486,6.449999809265137,6.690000057220459,5156700
2017-06-08,3.9696505069732666,6.599999904632568,6.630000114440918,6.239999771118164,6.449999809265137,7980700
2017-06-09,4.035812854766846,6.710000038146973,6.869999885559082,6.570000171661377,6.650000095367432,10531500
2017-06-12,3.915519952774048,6.510000228881836,6.820000171661377,6.449999809265137,6.730000019073486,7052100
2017-06-13,3.8734171390533447,6.440000057220459,6.550000190734863,6.400000095367432,6.53000020980835,5052200
2017-06-14,3.8914613723754883,6.46999979019165,6.570000171661377,6.400000095367432,6.519999980926514,5949700
2017-06-15,3.8914613723754883,6.46999979019165,6.46999979019165,6.46999979019165,6.46999979019165,0
2017-06-16,3.7531251907348633,6.239999771118164,6.440000057220459,6.239999771118164,6.420000076293945,8122400
2017-06-19,3.7531251907348633,6.239999771118164,6.420000076293945,6.110000133514404,6.300000190734863,11104500
2017-06-20,3.6208035945892334,6.019999980926514,6.199999809265137,5.96999979019165,6.159999847412109,8160900
2017-06-21,3.6869637966156006,6.130000114440918,6.139999866485596,5.980000019073486,6.050000190734863,6428500
2017-06-22,3.8072566986083984,6.329999923706055,6.340000152587891,6.079999923706055,6.150000095367432,5809100
2017-06-23,3.837329626083374,6.380000114440918,6.53000020980835,6.300000190734863,6.349999904632568,7465500
2017-06-26,3.9215338230133057,6.519999980926514,6.619999885559082,6.429999828338623,6.449999809265137,5730800
2017-06-27,4.144075393676758,6.889999866485596,6.949999809265137,6.670000076293945,6.690000057220459,13109800
2017-06-28,4.300456523895264,7.150000095367432,7.190000057220459,6.940000057220459,7.050000190734863,10458800
2017-06-29,4.132046222686768,6.869999885559082,7.349999904632568,6.829999923706055,7.349999904632568,10842800
2017-06-30,4.318498611450195,7.179999828338623,7.21999979019165,6.769999980926514,6.920000076293945,7608800
2017-07-03,4.384660720825195,7.289999961853027,7.349999904632568,7.199999809265137,7.300000190734863,4196200
2017-07-04,4.336543560028076,7.210000038146973,7.269999980926514,7.110000133514404,7.190000057220459,2752400
2017-07-05,4.246323585510254,7.059999942779541,7.340000152587891,6.96999979019165,7.21999979019165,8131200
2017-07-06,4.246323585510254,7.059999942779541,7.179999828338623,6.920000076293945,7.010000228881836,6488700
2017-07-07,4.324514389038086,7.190000057220459,7.25,7.070000171661377,7.150000095367432,6175300
2017-07-10,4.372630596160889,7.269999980926514,7.309999942779541,7.159999847412109,7.21999979019165,4546000
2017-07-11,4.655318737030029,7.739999771118164,7.760000228881836,7.340000152587891,7.349999904632568,12722200
2017-07-12,4.763581275939941,7.920000076293945,7.949999809265137,7.659999847412109,7.809999942779541,11101300
2017-07-13,4.649303436279297,7.730000019073486,8.020000457763672,7.679999828338623,7.96999979019165,8907500
2017-07-14,4.6733622550964355,7.769999980926514,7.849999904632568,7.699999809265137,7.769999980926514,3806200
2017-07-17,4.691406726837158,7.800000190734863,7.960000038146973,7.78000020980835,7.800000190734863,6155800
2017-07-18,4.625245094299316,7.690000057220459,7.889999866485596,7.519999980926514,7.889999866485596,6084700
2017-07-19,4.721479415893555,7.849999904632568,7.880000114440918,7.670000076293945,7.769999980926514,5716600
2017-07-20,4.547055721282959,7.559999942779541,7.840000152587891,7.550000190734863,7.809999942779541,5607100
2017-07-21,4.432777404785156,7.369999885559082,7.659999847412109,7.360000133514404,7.559999942779541,4821900
2017-07-24,4.571113586425781,7.599999904632568,7.610000133514404,7.400000095367432,7.400000095367432,3827700
2017-07-25,4.703435897827148,7.820000171661377,7.849999904632568,7.710000038146973,7.710000038146973,6852100
2017-07-26,4.492922782897949,7.46999979019165,7.889999866485596,7.429999828338623,7.849999904632568,8543000
2017-07-27,4.432777404785156,7.369999885559082,7.619999885559082,7.260000228881836,7.579999923706055,6865800
2017-07-28,4.498937606811523,7.480000019073486,7.539999961853027,7.309999942779541,7.369999885559082,4651700
2017-07-31,4.58314323425293,7.619999885559082,7.75,7.619999885559082,7.739999771118164,4413000
2017-08-01,4.5350260734558105,7.539999961853027,7.650000095367432,7.480000019073486,7.619999885559082,4027400
2017-08-02,4.613216400146484,7.670000076293945,7.699999809265137,7.429999828338623,7.480000019073486,5573600
2017-08-03,4.5350260734558105,7.539999961853027,7.760000228881836,7.5,7.730000019073486,6533900
2017-08-04,4.715464115142822,7.840000152587891,7.900000095367432,7.590000152587891,7.619999885559082,10741200
2017-08-07,5.124459266662598,8.520000457763672,8.520000457763672,7.989999771118164,7.989999771118164,14760800
2017-08-08,5.220693111419678,8.680000305175781,8.729999542236328,8.369999885559082,8.4399995803833,12824200
2017-08-09,5.0703277587890625,8.430000305175781,8.6899995803833,8.369999885559082,8.520000457763672,9210900
2017-08-10,4.907931804656982,8.15999984741211,8.420000076293945,8.039999961853027,8.369999885559082,8317200
2017-08-11,5.094386577606201,8.470000267028809,8.550000190734863,7.96999979019165,8.109999656677246,12515400
2017-08-14,5.040253639221191,8.380000114440918,8.680000305175781,8.3100004196167,8.489999771118164,8908100
2017-08-15,4.895903587341309,8.140000343322754,8.460000038146973,8.140000343322754,8.420000076293945,8313700
2017-08-16,4.877859592437744,8.109999656677246,8.319999694824219,8.050000190734863,8.15999984741211,11424400
2017-08-17,4.8477864265441895,8.0600004196167,8.229999542236328,8.010000228881836,8.149999618530273,6182000
2017-08-18,4.895903587341309,8.140000343322754,8.300000190734863,8.100000381469727,8.289999961853027,8239900
2017-08-21,4.8056840896606445,7.989999771118164,8.270000457763672,7.920000076293945,8.229999542236328,8957100
2017-08-22,4.8538007736206055,8.069999694824219,8.1899995803833,8.020000457763672,8.119999885559082,7066900
2017-08-23,4.968079090118408,8.260000228881836,8.289999961853027,7.869999885559082,7.96999979019165,11674400
2017-08-24,5.16054630279541,8.579999923706055,8.59000015258789,8.289999961853027,8.329999923706055,10181700
2017-08-25,5.148517608642578,8.5600004196167,8.8100004196167,8.460000038146973,8.609999656677246,9344600
2017-08-28,5.118443965911865,8.510000228881836,8.729999542236328,8.40999984741211,8.630000114440918,6088400
2017-08-29,5.142503261566162,8.550000190734863,8.600000381469727,8.359999656677246,8.430000305175781,5646300
2017-08-30,5.142503261566162,8.550000190734863,8.640000343322754,8.4399995803833,8.569999694824219,4344500
2017-08-31,5.226707458496094,8.6899995803833,8.739999771118164,8.569999694824219,8.699999809265137,6734800
2017-09-01,5.57555627822876,9.270000457763672,9.380000114440918,8.779999732971191,8.8100004196167,13911900
2017-09-04,5.689833164215088,9.460000038146973,9.489999771118164,9.15999984741211,9.199999809265137,8881900
2017-09-05,5.810125827789307,9.65999984741211,9.949999809265137,9.460000038146973,9.760000228881836,19562600
2017-09-06,5.912374496459961,9.829999923706055,9.869999885559082,9.489999771118164,9.779999732971191,8891700
2017-09-07,5.912374496459961,9.829999923706055,9.829999923706055,9.829999923706055,9.829999923706055,0
2017-09-08,6.014622688293457,10.0,10.170000076293945,9.779999732971191,9.920000076293945,9015700
2017-09-11,6.315353870391846,10.5,10.739999771118164,10.15999984741211,10.15999984741211,10440200
2017-09-12,6.3935441970825195,10.630000114440918,11.050000190734863,10.5,10.550000190734863,13245700
2017-09-13,6.267236232757568,10.420000076293945,10.609999656677246,10.289999961853027,10.59000015258789,8951800
2017-09-14,6.249194622039795,10.390000343322754,10.420000076293945,10.069999694824219,10.239999771118164,8426100
2017-09-15,6.525866508483887,10.850000381469727,10.850000381469727,10.329999923706055,10.329999923706055,8182700
2017-09-18,6.748406887054443,11.220000267028809,11.220000267028809,10.8100004196167,10.890000343322754,9150800
2017-09-19,6.555937767028809,10.899999618530273,11.350000381469727,10.710000038146973,11.25,7928200
2017-09-20,6.345427989959717,10.550000190734863,11.149999618530273,10.430000305175781,10.899999618530273,9995000
2017-09-21,6.158974647521973,10.239999771118164,10.399999618530273,10.069999694824219,10.380000114440918,7895300
2017-09-22,5.8462138175964355,9.720000267028809,10.140000343322754,9.699999809265137,10.140000343322754,10808600
2017-09-25,5.653745174407959,9.399999618530273,9.949999809265137,9.260000228881836,9.670000076293945,11625600
2017-09-26,5.7078776359558105,9.489999771118164,9.760000228881836,9.430000305175781,9.569999694824219,7133600
2017-09-27,5.57555627822876,9.270000457763672,9.699999809265137,9.020000457763672,9.600000381469727,8480600
2017-09-28,5.461277961730957,9.079999923706055,9.25,8.920000076293945,9.25,7494000
2017-09-29,5.780052185058594,9.609999656677246,9.65999984741211,9.220000267028809,9.270000457763672,11913900
2017-10-02,5.942447185516357,9.880000114440918,9.960000038146973,9.640000343322754,9.8100004196167,8225000
2017-10-03,6.5318803787231445,10.859999656677246,10.859999656677246,9.989999771118164,9.989999771118164,14147300
2017-10-04,6.47173547744751,10.760000228881836,11.050000190734863,10.40999984741211,10.859999656677246,11503500
2017-10-05,6.333398818969727,10.529999732971191,11.180000305175781,10.4399995803833,10.899999618530273,12071200
2017-10-06,6.164989471435547,10.25,10.449999809265137,10.15999984741211,10.210000038146973,9509300
2017-10-09,5.954476833343506,9.899999618530273,10.369999885559082,9.699999809265137,10.300000190734863,12382700
2017-10-10,6.014622688293457,10.0,10.130000114440918,9.890000343322754,10.0600004196167,8704200
2017-10-11,5.804111480712891,9.649999618530273,10.079999923706055,9.600000381469727,9.90999984741211,12317200
2017-10-12,5.804111480712891,9.649999618530273,9.649999618530273,9.649999618530273,9.649999618530273,0
2017-10-13,6.146945476531982,10.220000267028809,10.220000267028809,9.970000267028809,10.020000457763672,8287000
2017-10-16,6.092813968658447,10.130000114440918,10.5600004196167,10.130000114440918,10.4399995803833,9452500
2017-10-17,5.936432838439941,9.869999885559082,10.109999656677246,9.800000190734863,10.100000381469727,5605300
2017-10-18,5.960493087768555,9.90999984741211,10.0600004196167,9.680000305175781,9.960000038146973,7467500
2017-10-19,5.930417537689209,9.859999656677246,9.979999542236328,9.5600004196167,9.739999771118164,8985300
2017-10-20,6.1108574867248535,10.15999984741211,10.239999771118164,9.930000305175781,10.050000190734863,12041600
2017-10-23,5.918390274047852,9.84000015258789,10.300000190734863,9.800000190734863,10.25,6195100
2017-10-24,6.026651859283447,10.020000457763672,10.100000381469727,9.739999771118164,9.930000305175781,6349300
2017-10-25,5.954476833343506,9.899999618530273,10.109999656677246,9.649999618530273,10.039999961853027,8915500
2017-10-26,5.737949848175049,9.539999961853027,10.039999961853027,9.5,9.949999809265137,9629000
2017-10-27,5.449249744415283,9.0600004196167,9.510000228881836,9.020000457763672,9.510000228881836,18804000
2017-10-30,5.142503261566162,8.550000190734863,9.109999656677246,8.510000228881836,9.100000381469727,15951600
2017-10-31,5.0703277587890625,8.430000305175781,8.739999771118164,8.359999656677246,8.600000381469727,11994900
2017-11-01,4.907931804656982,8.15999984741211,8.699999809265137,8.109999656677246,8.649999618530273,11701300
2017-11-02,4.907931804656982,8.15999984741211,8.15999984741211,8.15999984741211,8.15999984741211,0
2017-11-03,4.7996697425842285,7.980000019073486,8.199999809265137,7.679999828338623,8.15999984741211,17354000
2017-11-06,5.052283763885498,8.399999618530273,8.399999618530273,8.010000228881836,8.149999618530273,10230800
2017-11-07,4.835756778717041,8.039999961853027,8.449999809265137,7.949999809265137,8.449999809265137,11802300
2017-11-08,4.974093914031982,8.270000457763672,8.300000190734863,8.100000381469727,8.149999618530273,8908900
2017-11-09,4.721479415893555,7.849999904632568,8.25,7.849999904632568,8.25,12844400
2017-11-10,4.619230270385742,7.679999828338623,7.96999979019165,7.510000228881836,7.880000114440918,11846000
2017-11-13,4.733509063720703,7.869999885559082,7.920000076293945,7.610000133514404,7.679999828338623,6897800
2017-11-14,4.456836223602295,7.409999847412109,8.039999961853027,7.380000114440918,7.940000057220459,12601500
2017-11-15,4.456836223602295,7.409999847412109,7.409999847412109,7.409999847412109,7.409999847412109,0
2017-11-16,4.420748710632324,7.349999904632568,7.619999885559082,7.349999904632568,7.519999980926514,8823900
2017-11-17,4.643288612365723,7.71999979019165,7.739999771118164,7.25,7.400000095367432,12650300
2017-11-20,4.643288612365723,7.71999979019165,7.71999979019165,7.71999979019165,7.71999979019165,0
2017-11-21,4.595171928405762,7.639999866485596,7.989999771118164,7.639999866485596,7.800000190734863,13492300
2017-11-22,4.769596099853516,7.929999828338623,7.960000038146973,7.710000038146973,7.75,12793500
2017-11-23,4.841772079467773,8.050000190734863,8.15999984741211,7.809999942779541,7.900000095367432,7424600
2017-11-24,4.769596099853516,7.929999828338623,8.229999542236328,7.880000114440918,8.100000381469727,7958400
2017-11-27,4.8116984367370605,8.0,8.0600004196167,7.800000190734863,7.889999866485596,9262300
2017-11-28,4.679376602172852,7.78000020980835,8.180000305175781,7.78000020980835,8.079999923706055,10640300
2017-11-29,4.522996425628662,7.519999980926514,7.900000095367432,7.400000095367432,7.880000114440918,11405300
2017-11-30,4.426762580871582,7.360000133514404,7.539999961853027,7.269999980926514,7.5,11863700
2017-12-01,4.468865394592285,7.429999828338623,7.570000171661377,7.179999828338623,7.28000020980835,9539400
2017-12-04,4.522996425628662,7.519999980926514,7.670000076293945,7.440000057220459,7.550000190734863,9456600
2017-12-05,4.366616725921631,7.260000228881836,7.650000095367432,7.260000228881836,7.579999923706055,9226800
2017-12-06,4.510967254638672,7.5,7.5,7.159999847412109,7.190000057220459,9834300
2017-12-07,4.3966898918151855,7.309999942779541,7.409999847412109,7.239999771118164,7.320000171661377,8293200
2017-12-08,4.432777404785156,7.369999885559082,7.480000019073486,7.269999980926514,7.480000019073486,5857200
2017-12-11,4.504952430725098,7.489999771118164,7.5,7.369999885559082,7.5,8000200
2017-12-12,4.655318737030029,7.739999771118164,7.739999771118164,7.349999904632568,7.409999847412109,10324200
2017-12-13,4.595171928405762,7.639999866485596,7.829999923706055,7.610000133514404,7.769999980926514,10587200
2017-12-14,4.595171928405762,7.639999866485596,7.75,7.46999979019165,7.519999980926514,10094300
2017-12-15,4.6733622550964355,7.769999980926514,7.900000095367432,7.570000171661377,7.630000114440918,13836300
2017-12-18,4.516982078552246,7.510000228881836,7.929999828338623,7.5,7.920000076293945,10875100
2017-12-19,4.456836223602295,7.409999847412109,7.599999904632568,7.320000171661377,7.510000228881836,8508600
2017-12-20,4.679376602172852,7.78000020980835,7.860000133514404,7.420000076293945,7.449999809265137,14509200
2017-12-21,4.7816243171691895,7.949999809265137,7.949999809265137,7.789999961853027,7.800000190734863,7642600
2017-12-22,4.841772079467773,8.050000190734863,8.069999694824219,7.869999885559082,7.960000038146973,6638700
2017-12-25,4.841772079467773,8.050000190734863,8.050000190734863,8.050000190734863,8.050000190734863,0
2017-12-26,4.8538007736206055,8.069999694824219,8.149999618530273,7.940000057220459,8.0,4723400
2017-12-27,5.022211074829102,8.350000381469727,8.350000381469727,8.039999961853027,8.079999923706055,10731200
2017-12-28,5.040253639221191,8.380000114440918,8.5,8.25,8.420000076293945,5712700
2017-12-29,5.040253639221191,8.380000114440918,8.380000114440918,8.380000114440918,8.380000114440918,0
2018-01-02,5.220693111419678,8.680000305175781,8.680000305175781,8.420000076293945,8.449999809265137,9540800
2018-01-03,5.413160800933838,9.0,9.0,8.609999656677246,8.670000076293945,11652200
2018-01-04,5.581570625305176,9.279999732971191,9.489999771118164,9.180000305175781,9.180000305175781,15001700
2018-01-05,5.7078776359558105,9.489999771118164,9.489999771118164,9.09000015258789,9.350000381469727,16916400
2018-01-08,5.984549045562744,9.949999809265137,9.949999809265137,9.430000305175781,9.470000267028809,15585700
2018-01-09,6.146945476531982,10.220000267028809,10.25,9.9399995803833,10.149999618530273,14979600
2018-01-10,6.164989471435547,10.25,10.369999885559082,9.899999618530273,10.029999732971191,13421000
2018-01-11,6.525866508483887,10.850000381469727,10.850000381469727,10.25,10.25,14833900
2018-01-12,6.32136869430542,10.510000228881836,11.229999542236328,10.449999809265137,10.640000343322754,22099000
2018-01-15,6.483764171600342,10.779999732971191,10.84000015258789,10.4399995803833,10.65999984741211,8905300
2018-01-16,6.303324222564697,10.479999542236328,10.970000267028809,10.430000305175781,10.729999542236328,10939100
2018-01-17,6.555937767028809,10.899999618530273,10.930000305175781,10.229999542236328,10.550000190734863,15395800
2018-01-18,6.339412689208984,10.539999961853027,11.079999923706055,10.449999809265137,11.029999732971191,10935800
2018-01-19,6.423617839813232,10.680000305175781,10.829999923706055,10.470000267028809,10.699999809265137,8625100
2018-01-22,6.465719699859619,10.75,10.829999923706055,10.569999694824219,10.680000305175781,6223700
2018-01-23,6.171003818511963,10.260000228881836,10.699999809265137,10.260000228881836,10.670000076293945,7578900
2018-01-24,6.5318803787231445,10.859999656677246,10.930000305175781,10.40999984741211,10.40999984741211,11903700
2018-01-25,6.5318803787231445,10.859999656677246,10.859999656677246,10.859999656677246,10.859999656677246,0
2018-01-26,6.543909549713135,10.880000114440918,10.9399995803833,10.720000267028809,10.859999656677246,8078700
2018-01-29,6.447676658630371,10.720000267028809,10.84000015258789,10.529999732971191,10.699999809265137,12514800
2018-01-30,6.51383638381958,10.829999923706055,10.960000038146973,10.609999656677246,10.609999656677246,10737200
2018-01-31,6.610071182250977,10.989999771118164,11.329999923706055,10.949999809265137,11.050000190734863,12799400
2018-02-01,6.688260555267334,11.119999885559082,11.199999809265137,10.930000305175781,11.119999885559082,14904800
2018-02-02,6.477749824523926,10.770000457763672,11.039999961853027,10.520000457763672,11.039999961853027,10536700
2018-02-05,6.104842662811279,10.149999618530273,10.630000114440918,10.149999618530273,10.600000381469727,8183000
2018-02-06,6.339412689208984,10.539999961853027,10.539999961853027,9.829999923706055,10.0,9728500
2018-02-07,6.116871356964111,10.170000076293945,10.65999984741211,10.149999618530273,10.550000190734863,6010800
2018-02-08,6.038681507110596,10.039999961853027,10.369999885559082,9.899999618530273,10.300000190734863,8189300
2018-02-09,5.948462009429932,9.890000343322754,10.130000114440918,9.5600004196167,10.09000015258789,10398900
2018-02-14,6.465719699859619,10.75,10.75,10.140000343322754,10.149999618530273,11578500
2018-02-15,6.351442813873291,10.5600004196167,11.0,10.510000228881836,10.75,7999100
2018-02-16,6.3935441970825195,10.630000114440918,10.789999961853027,10.449999809265137,10.65999984741211,9187500
2018-02-19,6.453691482543945,10.729999542236328,10.850000381469727,10.569999694824219,10.600000381469727,4855800
2018-02-20,6.273251056671143,10.430000305175781,10.649999618530273,10.350000381469727,10.619999885559082,9876000
2018-02-21,6.231148719787598,10.359999656677246,10.550000190734863,10.359999656677246,10.510000228881836,9081700
2018-02-22,6.152959823608398,10.229999542236328,10.5,10.170000076293945,10.430000305175781,6748300
2018-02-23,6.171003818511963,10.260000228881836,10.380000114440918,10.050000190734863,10.319999694824219,7346500
2018-02-26,6.543909549713135,10.880000114440918,10.90999984741211,10.3100004196167,10.3100004196167,11131300
2018-02-27,6.39955997467041,10.640000343322754,10.970000267028809,10.579999923706055,10.869999885559082,12144900
2018-02-28,6.104842662811279,10.149999618530273,10.75,10.149999618530273,10.680000305175781,10256400
2018-03-01,5.834184646606445,9.699999809265137,10.34000015258789,9.569999694824219,10.25,13086900
2018-03-02,5.539469242095947,9.210000038146973,9.539999961853027,8.770000457763672,9.479999542236328,23039400
2018-03-05,5.461277961730957,9.079999923706055,9.319999694824219,8.859999656677246,9.020000457763672,12087600
2018-03-06,5.461277961730957,9.079999923706055,9.460000038146973,9.079999923706055,9.350000381469727,9294700
2018-03-07,5.443233966827393,9.050000190734863,9.0600004196167,8.630000114440918,8.960000038146973,10675900
2018-03-08,5.166561603546143,8.59000015258789,9.109999656677246,8.510000228881836,9.100000381469727,10478500
2018-03-09,5.371058940887451,8.930000305175781,9.0,8.3100004196167,8.34000015258789,11010900
2018-03-12,5.425190448760986,9.020000457763672,9.140000343322754,8.920000076293945,8.989999771118164,5706400
2018-03-13,5.334970951080322,8.869999885559082,9.140000343322754,8.800000190734863,9.069999694824219,5948700
2018-03-14,5.298882961273193,8.8100004196167,9.100000381469727,8.8100004196167,9.029999732971191,5648300
2018-03-15,5.130473613739014,8.529999732971191,8.8100004196167,8.479999542236328,8.75,6863700
2018-03-16,5.118443965911865,8.510000228881836,8.699999809265137,8.420000076293945,8.569999694824219,6092100
2018-03-19,4.968079090118408,8.260000228881836,8.460000038146973,8.239999771118164,8.34000015258789,5309700
2018-03-20,5.064312934875488,8.420000076293945,8.529999732971191,8.229999542236328,8.319999694824219,6525700
2018-03-21,5.3409857749938965,8.880000114440918,8.880000114440918,8.359999656677246,8.470000267028809,9096900
2018-03-22,5.232722282409668,8.699999809265137,9.239999771118164,8.640000343322754,8.739999771118164,16524600
2018-03-23,5.154532432556152,8.569999694824219,8.880000114440918,8.539999961853027,8.600000381469727,9479800
2018-03-26,5.154532432556152,8.569999694824219,8.819999694824219,8.4399995803833,8.680000305175781,9256300
2018-03-27,5.052283763885498,8.399999618530273,8.800000190734863,8.369999885559082,8.800000190734863,9833800
2018-03-28,5.0041656494140625,8.319999694824219,8.430000305175781,8.100000381469727,8.390000343322754,8550200
2018-03-29,5.292868137359619,8.800000190734863,8.890000343322754,8.380000114440918,8.470000267028809,10434000
2018-04-02,5.377073764801025,8.9399995803833,9.0,8.710000038146973,8.819999694824219,6245900
2018-04-03,5.286853790283203,8.789999961853027,9.079999923706055,8.680000305175781,9.010000228881836,5795800
2018-04-04,5.1725754737854,8.600000381469727,8.699999809265137,8.4399995803833,8.550000190734863,5563700
2018-04-05,5.334970951080322,8.869999885559082,8.949999809265137,8.75,8.850000381469727,7438200
2018-04-06,5.184604644775391,8.619999885559082,8.869999885559082,8.5600004196167,8.829999923706055,6550700
2018-04-09,5.046268939971924,8.390000343322754,8.720000267028809,8.390000343322754,8.680000305175781,4828200
2018-04-10,5.142503261566162,8.550000190734863,8.649999618530273,8.4399995803833,8.550000190734863,5393800
2018-04-11,5.286853790283203,8.789999961853027,8.829999923706055,8.470000267028809,8.520000457763672,6674600
2018-04-12,5.32895565032959,8.859999656677246,8.960000038146973,8.800000190734863,8.850000381469727,4837800
2018-04-13,5.268810272216797,8.760000228881836,8.949999809265137,8.699999809265137,8.920000076293945,5076600
2018-04-16,5.124459266662598,8.520000457763672,8.789999961853027,8.5,8.739999771118164,4609100
2018-04-17,5.226707458496094,8.6899995803833,8.75,8.510000228881836,8.600000381469727,4466800
2018-04-18,5.551496505737305,9.229999542236328,9.300000190734863,8.8100004196167,8.899999618530273,13181400
2018-04-19,5.57555627822876,9.270000457763672,9.449999809265137,9.220000267028809,9.380000114440918,8945500
2018-04-20,5.467292785644531,9.09000015258789,9.420000076293945,8.949999809265137,9.289999961853027,32234300
2018-04-23,5.49135160446167,9.130000114440918,9.289999961853027,8.970000267028809,9.119999885559082,5884200
2018-04-24,5.49135160446167,9.130000114440918,9.329999923706055,9.050000190734863,9.279999732971191,7410300
2018-04-25,5.497365951538086,9.140000343322754,9.199999809265137,8.90999984741211,9.050000190734863,6384000
2018-04-26,5.5454816818237305,9.220000267028809,9.34000015258789,9.149999618530273,9.239999771118164,5663900
2018-04-27,5.353014945983887,8.899999618530273,9.380000114440918,8.880000114440918,9.350000381469727,11313200
2018-04-30,5.280838966369629,8.779999732971191,9.050000190734863,8.670000076293945,8.970000267028809,8656000
2018-05-02,5.3590288162231445,8.90999984741211,9.15999984741211,8.84000015258789,8.880000114440918,9477800
2018-05-03,5.16054630279541,8.579999923706055,8.970000267028809,8.5600004196167,8.960000038146973,7995000
2018-05-04,5.232722282409668,8.699999809265137,8.869999885559082,8.579999923706055,8.619999885559082,6379400
2018-05-07,5.094386577606201,8.470000267028809,8.800000190734863,8.40999984741211,8.75,7749400
2018-05-08,5.094386577606201,8.470000267028809,8.569999694824219,8.319999694824219,8.529999732971191,7696900
2018-05-09,5.232722282409668,8.699999809265137,8.75,8.520000457763672,8.520000457763672,8201100
2018-05-10,5.40714693069458,8.989999771118164,9.029999732971191,8.680000305175781,8.800000190734863,9308400
2018-05-11,5.581570625305176,9.279999732971191,9.399999618530273,9.0,9.100000381469727,12880400
2018-05-14,5.725921630859375,9.520000457763672,9.739999771118164,9.329999923706055,9.40999984741211,13991800
2018-05-15,5.653745174407959,9.399999618530273,9.720000267028809,9.039999961853027,9.720000267028809,13454900
2018-05-16,5.762009143829346,9.579999923706055,9.720000267028809,9.3100004196167,9.34000015258789,8014400
2018-05-17,5.599614143371582,9.3100004196167,9.800000190734863,9.300000190734863,9.5,12514800
2018-05-18,5.57555627822876,9.270000457763672,9.359999656677246,9.0600004196167,9.170000076293945,8889200
2018-05-21,5.443233966827393,9.050000190734863,9.529999732971191,9.050000190734863,9.329999923706055,8172000
2018-05-22,5.527438163757324,9.1899995803833,9.279999732971191,8.979999542236328,9.069999694824219,8424200
2018-05-23,5.232722282409668,8.699999809265137,9.140000343322754,8.699999809265137,9.0,10245200
2018-05-24,5.1725754737854,8.600000381469727,8.84000015258789,8.5,8.520000457763672,8171900
2018-05-25,4.913947582244873,8.170000076293945,8.800000190734863,8.109999656677246,8.800000190734863,11987800
2018-05-28,4.420748710632324,7.349999904632568,8.100000381469727,7.349999904632568,8.100000381469727,11547100
2018-05-29,4.60720157623291,7.659999847412109,7.860000133514404,7.550000190734863,7.630000114440918,10965600
2018-05-30,4.631259441375732,7.699999809265137,7.789999961853027,7.550000190734863,7.690000057220459,10310800
2018-06-01,4.6733622550964355,7.769999980926514,7.920000076293945,7.570000171661377,7.809999942779541,9954000
2018-06-04,5.371058940887451,8.930000305175781,9.039999961853027,8.039999961853027,8.09000015258789,18648300
2018-06-05,5.377073764801025,8.9399995803833,9.449999809265137,8.760000228881836,8.800000190734863,16716900
2018-06-06,5.2387375831604,8.710000038146973,9.239999771118164,8.579999923706055,9.119999885559082,11434400
2018-06-07,5.148517608642578,8.5600004196167,8.699999809265137,7.940000057220459,8.579999923706055,13674700
2018-06-08,4.889888763427734,8.130000114440918,8.670000076293945,8.029999732971191,8.5600004196167,10401800
2018-06-11,4.8477864265441895,8.0600004196167,8.470000267028809,7.909999847412109,8.300000190734863,7691100
2018-06-12,5.088371276855469,8.460000038146973,8.5600004196167,8.029999732971191,8.09000015258789,10544400
2018-06-13,5.052283763885498,8.399999618530273,8.65999984741211,8.25,8.489999771118164,11745500
2018-06-14,4.931990623474121,8.199999809265137,8.600000381469727,8.149999618530273,8.489999771118164,8935900
2018-06-15,4.727494716644287,7.860000133514404,8.199999809265137,7.5,8.199999809265137,20888900
2018-06-18,4.727494716644287,7.860000133514404,8.020000457763672,7.550000190734863,7.730000019073486,9925200
2018-06-19,4.7996697425842285,7.980000019073486,8.220000267028809,7.619999885559082,7.619999885559082,9832600
2018-06-20,4.817712783813477,8.010000228881836,8.260000228881836,7.78000020980835,8.1899995803833,9516000
2018-06-21,4.541040897369385,7.550000190734863,8.069999694824219,7.550000190734863,7.900000095367432,7296500
2018-06-22,4.643288612365723,7.71999979019165,7.849999904632568,7.599999904632568,7.599999904632568,8312200
2018-06-25,4.5771284103393555,7.610000133514404,7.809999942779541,7.480000019073486,7.800000190734863,6040900
2018-06-26,4.5350260734558105,7.539999961853027,7.699999809265137,7.420000076293945,7.590000152587891,7865300
2018-06-27,4.522996425628662,7.519999980926514,7.760000228881836,7.429999828338623,7.539999961853027,7401500
2018-06-28,4.565098762512207,7.590000152587891,7.650000095367432,7.429999828338623,7.46999979019165,6275400
2018-06-29,4.727494716644287,7.860000133514404,7.909999847412109,7.679999828338623,7.71999979019165,6967000
2018-07-02,4.679376602172852,7.78000020980835,7.869999885559082,7.539999961853027,7.800000190734863,7067500
2018-07-03,4.703435897827148,7.820000171661377,8.020000457763672,7.760000228881836,7.849999904632568,7852700
2018-07-04,4.829742908477783,8.029999732971191,8.079999923706055,7.71999979019165,7.889999866485596,5725100
2018-07-05,4.709449291229248,7.829999923706055,8.1899995803833,7.800000190734863,8.100000381469727,8694200
2018-07-06,4.793654918670654,7.96999979019165,8.039999961853027,7.730000019073486,7.829999923706055,5594300
2018-07-10,4.793654918670654,7.96999979019165,8.149999618530273,7.840000152587891,8.149999618530273,5817900
2018-07-11,4.553069591522217,7.570000171661377,8.029999732971191,7.53000020980835,7.909999847412109,11220900
2018-07-12,4.817712783813477,8.010000228881836,8.069999694824219,7.690000057220459,7.690000057220459,14895600
2018-07-13,4.823727607727051,8.020000457763672,8.140000343322754,7.909999847412109,8.029999732971191,8970900
2018-07-16,4.7816243171691895,7.949999809265137,8.09000015258789,7.860000133514404,8.069999694824219,5704900
2018-07-17,4.944020748138428,8.220000267028809,8.289999961853027,7.929999828338623,7.960000038146973,10612900
2018-07-18,4.865830421447754,8.09000015258789,8.40999984741211,8.0600004196167,8.260000228881836,6969000
2018-07-19,4.7816243171691895,7.949999809265137,8.020000457763672,7.809999942779541,8.0,7640500
2018-07-20,4.931990623474121,8.199999809265137,8.300000190734863,8.100000381469727,8.149999618530273,8176800
2018-07-23,4.925976753234863,8.1899995803833,8.25,8.069999694824219,8.1899995803833,5037100
2018-07-24,5.2387375831604,8.710000038146973,8.920000076293945,8.40999984741211,8.40999984741211,16558900
2018-07-25,5.2627949714660645,8.75,8.829999923706055,8.430000305175781,8.800000190734863,14333700
2018-07-26,5.208663463592529,8.65999984741211,8.800000190734863,8.520000457763672,8.699999809265137,6576600
2018-07-27,5.593599796295166,9.300000190734863,9.319999694824219,8.739999771118164,8.800000190734863,17636200
2018-07-30,5.485335826873779,9.119999885559082,9.489999771118164,9.069999694824219,9.289999961853027,9545200
2018-07-31,5.521425247192383,9.180000305175781,9.229999542236328,9.020000457763672,9.100000381469727,7567800
2018-08-01,5.551496505737305,9.229999542236328,9.319999694824219,8.949999809265137,9.0,8353900
2018-08-02,5.749979496002197,9.5600004196167,9.5600004196167,9.130000114440918,9.130000114440918,10921900
2018-08-03,5.804111480712891,9.649999618530273,9.75,9.510000228881836,9.670000076293945,10059100
2018-08-06,5.7439656257629395,9.550000190734863,9.720000267028809,9.5,9.699999809265137,6670100
2018-08-07,5.786067008972168,9.619999885559082,9.770000457763672,9.399999618530273,9.75,9584300
2018-08-08,5.768023490905762,9.59000015258789,10.039999961853027,9.59000015258789,9.970000267028809,17328800
2018-08-09,5.69584846496582,9.470000267028809,9.819999694824219,9.369999885559082,9.729999542236328,10241200
2018-08-10,5.509394645690918,9.15999984741211,9.449999809265137,8.899999618530273,9.399999618530273,15757100
2018-08-13,5.768023490905762,9.59000015258789,9.699999809265137,9.020000457763672,9.260000228881836,9519200
2018-08-14,5.737949848175049,9.539999961853027,9.739999771118164,9.470000267028809,9.739999771118164,8182600
2018-08-15,5.437219142913818,9.039999961853027,9.399999618530273,8.970000267028809,9.350000381469727,11803000
2018-08-16,5.4011311531066895,8.979999542236328,9.25,8.960000038146973,9.220000267028809,6645300
2018-08-17,5.419175624847412,9.010000228881836,9.100000381469727,8.8100004196167,8.850000381469727,7437500
2018-08-20,5.6778035163879395,9.4399995803833,9.460000038146973,9.029999732971191,9.149999618530273,12403700
2018-08-21,5.4793219566345215,9.109999656677246,9.369999885559082,9.010000228881836,9.180000305175781,9150700
2018-08-22,5.683818817138672,9.449999809265137,9.449999809265137,9.020000457763672,9.0600004196167,7084600
2018-08-23,5.058297634124756,8.40999984741211,9.0,8.369999885559082,8.920000076293945,10738100
2018-08-24,5.184604644775391,8.619999885559082,8.6899995803833,8.40999984741211,8.609999656677246,6551600
2018-08-27,5.232722282409668,8.699999809265137,8.829999923706055,8.609999656677246,8.6899995803833,5043300
2018-08-28,5.106415271759033,8.489999771118164,8.670000076293945,8.239999771118164,8.619999885559082,12240200
2018-08-29,5.1725754737854,8.600000381469727,8.670000076293945,8.449999809265137,8.449999809265137,4995200
2018-08-30,5.208663463592529,8.65999984741211,8.90999984741211,8.510000228881836,8.760000228881836,11304500
2018-08-31,5.280838966369629,8.779999732971191,8.899999618530273,8.619999885559082,8.699999809265137,7534100
2018-09-03,5.32294225692749,8.850000381469727,8.890000343322754,8.649999618530273,8.779999732971191,2985600
2018-09-04,5.046268939971924,8.390000343322754,8.880000114440918,8.380000114440918,8.880000114440918,8285200
2018-09-05,4.9921369552612305,8.300000190734863,8.489999771118164,8.220000267028809,8.390000343322754,5300400
2018-09-06,5.022211074829102,8.350000381469727,8.510000228881836,8.3100004196167,8.420000076293945,6440900
2018-09-10,5.13648796081543,8.539999961853027,8.5600004196167,8.390000343322754,8.5,5859100
2018-09-11,4.913947582244873,8.170000076293945,8.40999984741211,8.149999618530273,8.350000381469727,5462100
2018-09-12,4.998152256011963,8.3100004196167,8.390000343322754,8.170000076293945,8.260000228881836,6973000
2018-09-13,4.980108737945557,8.279999732971191,8.449999809265137,8.260000228881836,8.369999885559082,4625600
2018-09-14,5.112430095672607,8.5,8.520000457763672,8.130000114440918,8.34000015258789,6406900
2018-09-17,5.1966352462768555,8.640000343322754,8.680000305175781,8.40999984741211,8.420000076293945,5690400
2018-09-18,5.371058940887451,8.930000305175781,8.970000267028809,8.600000381469727,8.670000076293945,7750500
2018-09-19,5.377073764801025,8.9399995803833,9.140000343322754,8.75,8.800000190734863,8488100
2018-09-20,5.310912132263184,8.829999923706055,9.100000381469727,8.770000457763672,9.0600004196167,4548300
2018-09-21,5.473306655883789,9.100000381469727,9.140000343322754,8.890000343322754,8.920000076293945,7657700
2018-09-24,5.286853790283203,8.789999961853027,9.09000015258789,8.75,9.079999923706055,5628900
2018-09-25,5.587584495544434,9.289999961853027,9.289999961853027,8.609999656677246,8.619999885559082,7785000
2018-09-26,5.593599796295166,9.300000190734863,9.449999809265137,9.119999885559082,9.289999961853027,8057400
2018-09-27,5.563526630401611,9.25,9.449999809265137,9.130000114440918,9.380000114440918,7151200
2018-09-28,5.617658615112305,9.34000015258789,9.5600004196167,9.100000381469727,9.100000381469727,8846700
2018-10-01,5.599614143371582,9.3100004196167,9.449999809265137,9.119999885559082,9.34000015258789,5022700
2018-10-02,5.822154998779297,9.680000305175781,9.770000457763672,9.569999694824219,9.59000015258789,9880600
2018-10-03,5.780052185058594,9.609999656677246,10.180000305175781,9.520000457763672,9.979999542236328,12914200
2018-10-04,5.780052185058594,9.609999656677246,9.6899995803833,9.40999984741211,9.550000190734863,7050400
2018-10-05,5.641716480255127,9.380000114440918,9.729999542236328,9.350000381469727,9.619999885559082,7068600
2018-10-08,5.834184646606445,9.699999809265137,9.84000015258789,9.479999542236328,9.720000267028809,8822700
2018-10-09,5.954476833343506,9.899999618530273,9.930000305175781,9.569999694824219,9.699999809265137,8005800
2018-10-10,5.6116437911987305,9.329999923706055,9.869999885559082,9.260000228881836,9.8100004196167,7949200
2018-10-11,5.497365951538086,9.140000343322754,9.520000457763672,9.050000190734863,9.479999542236328,9840400
2018-10-15,5.617658615112305,9.34000015258789,9.59000015258789,9.199999809265137,9.300000190734863,9017600
2018-10-16,6.092813968658447,10.130000114440918,10.130000114440918,9.510000228881836,9.510000228881836,13365100
2018-10-17,6.074769496917725,10.100000381469727,10.260000228881836,9.949999809265137,10.0,12007100
2018-10-18,5.900345802307129,9.8100004196167,10.300000190734863,9.760000228881836,10.050000190734863,7667600
2018-10-19,5.894331455230713,9.800000190734863,9.949999809265137,9.600000381469727,9.869999885559082,5580100
2018-10-22,6.014622688293457,10.0,10.050000190734863,9.800000190734863,9.979999542236328,9454300
2018-10-23,5.834184646606445,9.699999809265137,9.899999618530273,9.680000305175781,9.899999618530273,8178900
2018-10-24,5.551496505737305,9.229999542236328,9.800000190734863,9.199999809265137,9.800000190734863,9069100
2018-10-25,5.593599796295166,9.300000190734863,9.5,9.220000267028809,9.380000114440918,7155000
2018-10-26,5.593599796295166,9.300000190734863,9.399999618530273,9.100000381469727,9.350000381469727,11524900
2018-10-29,5.365043640136719,8.920000076293945,9.260000228881836,8.779999732971191,9.180000305175781,12112700
2018-10-30,5.581570625305176,9.279999732971191,9.279999732971191,8.920000076293945,8.989999771118164,9917800
2018-10-31,5.755993843078613,9.569999694824219,9.680000305175781,9.319999694824219,9.350000381469727,8804400
2018-11-01,5.816141605377197,9.670000076293945,9.75,9.40999984741211,9.609999656677246,6620900
2018-11-05,5.960493087768555,9.90999984741211,9.949999809265137,9.670000076293945,9.710000038146973,7000000
2018-11-06,5.840198993682861,9.710000038146973,9.90999984741211,9.65999984741211,9.8100004196167,5441600
2018-11-07,5.906360626220703,9.819999694824219,9.850000381469727,9.600000381469727,9.819999694824219,6365600
2018-11-08,5.894331455230713,9.800000190734863,10.319999694824219,9.720000267028809,9.859999656677246,14949600
2018-11-09,5.762009143829346,9.579999923706055,9.880000114440918,9.40999984741211,9.800000190734863,8008700
2018-11-12,5.617658615112305,9.34000015258789,9.630000114440918,9.3100004196167,9.569999694824219,5324800
2018-11-13,5.551496505737305,9.229999542236328,9.380000114440918,9.130000114440918,9.34000015258789,5341800
2018-11-14,5.5454816818237305,9.220000267028809,9.25,8.90999984741211,9.220000267028809,8876700
2018-11-16,5.804111480712891,9.649999618530273,9.649999618530273,9.279999732971191,9.40999984741211,7081700
2018-11-19,5.67179012298584,9.430000305175781,9.609999656677246,9.329999923706055,9.609999656677246,4635500
2018-11-21,5.455262660980225,9.069999694824219,9.210000038146973,9.0,9.109999656677246,7231800
2018-11-22,5.383087635040283,8.949999809265137,9.170000076293945,8.949999809265137,9.140000343322754,3897000
2018-11-23,5.190619468688965,8.630000114440918,9.029999732971191,8.520000457763672,8.960000038146973,8291800
2018-11-26,5.082356929779053,8.449999809265137,8.729999542236328,8.380000114440918,8.680000305175781,6521300
2018-11-27,5.148517608642578,8.5600004196167,8.640000343322754,8.319999694824219,8.5,6295800
2018-11-28,5.208663463592529,8.65999984741211,8.800000190734863,8.369999885559082,8.649999618530273,8559100
2018-11-29,5.280838966369629,8.779999732971191,8.890000343322754,8.520000457763672,8.520000457763672,6094300
2018-11-30,5.334970951080322,8.869999885559082,9.020000457763672,8.670000076293945,8.75,9140300
2018-12-03,5.521425247192383,9.180000305175781,9.289999961853027,9.079999923706055,9.1899995803833,8350500
2018-12-04,5.3590288162231445,8.90999984741211,9.239999771118164,8.869999885559082,9.210000038146973,5485100
2018-12-05,5.377073764801025,8.9399995803833,9.039999961853027,8.850000381469727,8.979999542236328,3734600
2018-12-06,5.40714693069458,8.989999771118164,8.989999771118164,8.699999809265137,8.770000457763672,4586700
2018-12-07,5.226707458496094,8.6899995803833,9.170000076293945,8.6899995803833,9.0,6867600
2018-12-10,5.100400447845459,8.479999542236328,8.760000228881836,8.430000305175781,8.6899995803833,5137400
2018-12-11,5.2146782875061035,8.670000076293945,8.699999809265137,8.399999618530273,8.619999885559082,5615800
2018-12-12,5.485335826873779,9.119999885559082,9.279999732971191,8.770000457763672,8.770000457763672,14972800
2018-12-13,5.455262660980225,9.069999694824219,9.229999542236328,8.989999771118164,9.119999885559082,5917900
2018-12-14,5.461277961730957,9.079999923706055,9.130000114440918,8.899999618530273,8.949999809265137,4430000
2018-12-17,5.587584495544434,9.289999961853027,9.390000343322754,9.0600004196167,9.109999656677246,7378000
2018-12-18,5.5695414543151855,9.260000228881836,9.420000076293945,9.260000228881836,9.300000190734863,6086400
2018-12-19,5.563526630401611,9.25,9.600000381469727,9.229999542236328,9.300000190734863,9314200
2018-12-20,5.377073764801025,8.9399995803833,9.399999618530273,8.789999961853027,9.34000015258789,14694600
2018-12-21,5.298882961273193,8.8100004196167,9.109999656677246,8.800000190734863,8.970000267028809,16687300
2018-12-26,5.190619468688965,8.630000114440918,8.770000457763672,8.550000190734863,8.770000457763672,6915800
2018-12-27,5.148517608642578,8.5600004196167,8.739999771118164,8.5,8.619999885559082,7241300
2018-12-28,5.316926956176758,8.84000015258789,8.84000015258789,8.630000114440918,8.699999809265137,5024700
2019-01-02,5.539469242095947,9.210000038146973,9.319999694824219,8.699999809265137,8.770000457763672,10675800
2019-01-03,5.605628967285156,9.319999694824219,9.479999542236328,9.100000381469727,9.15999984741211,9752000
2019-01-04,5.8642578125,9.75,9.880000114440918,9.369999885559082,9.369999885559082,13260000
2019-01-07,5.87628698348999,9.770000457763672,9.920000076293945,9.710000038146973,9.75,5160400
2019-01-08,5.894331455230713,9.800000190734863,9.880000114440918,9.710000038146973,9.850000381469727,6861300
2019-01-09,5.942447185516357,9.880000114440918,10.039999961853027,9.8100004196167,9.880000114440918,8683600
2019-01-10,6.002594470977783,9.979999542236328,9.989999771118164,9.720000267028809,9.819999694824219,6052600
2019-01-11,5.930417537689209,9.859999656677246,10.020000457763672,9.8100004196167,9.989999771118164,5792000
2019-01-14,5.87628698348999,9.770000457763672,9.859999656677246,9.65999984741211,9.75,4978100
2019-01-15,5.786067008972168,9.619999885559082,9.920000076293945,9.550000190734863,9.739999771118164,5056100
2019-01-16,5.978535175323486,9.9399995803833,9.9399995803833,9.619999885559082,9.680000305175781,7421700
2019-01-17,5.9665069580078125,9.920000076293945,10.020000457763672,9.8100004196167,9.859999656677246,6578600
2019-01-18,5.918390274047852,9.84000015258789,10.140000343322754,9.829999923706055,9.989999771118164,7719300
2019-01-21,5.972520351409912,9.930000305175781,10.039999961853027,9.779999732971191,9.84000015258789,6901000
2019-01-22,5.888316631317139,9.789999961853027,9.920000076293945,9.699999809265137,9.850000381469727,8269000
2019-01-23,6.207091808319092,10.319999694824219,10.34000015258789,9.899999618530273,9.920000076293945,12083200
2019-01-24,6.2371649742126465,10.369999885559082,10.489999771118164,10.270000457763672,10.390000343322754,6085900
2019-01-28,5.882300853729248,9.779999732971191,10.210000038146973,9.720000267028809,10.0,16305200
2019-01-29,6.038681507110596,10.039999961853027,10.15999984741211,9.819999694824219,9.850000381469727,9173800
2019-01-30,6.2431793212890625,10.380000114440918,11.109999656677246,10.279999732971191,10.300000190734863,58174100
2019-01-31,6.134916305541992,10.199999809265137,10.649999618530273,10.0600004196167,10.550000190734863,15711800
2019-02-01,6.074769496917725,10.100000381469727,10.489999771118164,9.960000038146973,10.4399995803833,9806300
2019-02-04,5.954476833343506,9.899999618530273,10.100000381469727,9.829999923706055,10.100000381469727,11844100
2019-02-05,5.942447185516357,9.880000114440918,9.949999809265137,9.800000190734863,9.880000114440918,6626600
2019-02-06,5.599614143371582,9.3100004196167,9.829999923706055,9.3100004196167,9.819999694824219,13621700
2019-02-07,5.725921630859375,9.520000457763672,9.699999809265137,9.260000228881836,9.399999618530273,15427100
2019-02-08,5.924403190612793,9.850000381469727,9.850000381469727,9.279999732971191,9.460000038146973,12184300
2019-02-11,5.786067008972168,9.619999885559082,10.079999923706055,9.59000015258789,10.0,7512400
2019-02-12,5.942447185516357,9.880000114440918,9.880000114440918,9.529999732971191,9.760000228881836,8744600
2019-02-13,6.002594470977783,9.979999542236328,9.989999771118164,9.789999961853027,9.890000343322754,8615400
2019-02-14,6.092813968658447,10.130000114440918,10.130000114440918,9.8100004196167,9.949999809265137,8507300
2019-02-15,6.098827838897705,10.140000343322754,10.1899995803833,9.930000305175781,10.0,6463700
2019-02-18,6.189047813415527,10.289999961853027,10.319999694824219,10.039999961853027,10.050000190734863,5179900
2019-02-19,6.1108574867248535,10.15999984741211,10.430000305175781,10.109999656677246,10.34000015258789,7108600
2019-02-20,6.339412689208984,10.539999961853027,10.649999618530273,10.25,10.25,16738400
2019-02-21,6.934859275817871,11.529999732971191,11.600000381469727,10.720000267028809,10.869999885559082,33739300
2019-02-22,7.458132266998291,12.399999618530273,12.640000343322754,11.600000381469727,11.600000381469727,30544700
2019-02-25,7.879157066345215,13.100000381469727,13.279999732971191,12.5,12.529999732971191,29381300
2019-02-26,7.933288097381592,13.1899995803833,13.319999694824219,12.710000038146973,13.199999809265137,25779600
2019-02-27,7.626542091369629,12.680000305175781,13.170000076293945,12.609999656677246,13.079999923706055,19500100
2019-02-28,7.867126941680908,13.079999923706055,13.25,12.470000267028809,12.649999618530273,19320800
2019-03-01,8.330253601074219,13.850000381469727,14.0,13.15999984741211,13.229999542236328,24742100
2019-03-06,9.112154006958008,15.149999618530273,15.149999618530273,14.100000381469727,14.210000038146973,23299900
2019-03-07,8.865554809570312,14.739999771118164,15.550000190734863,14.520000457763672,15.350000381469727,26332400
2019-03-08,8.276122093200684,13.760000228881836,14.600000381469727,13.75,14.539999961853027,20454100
2019-03-11,8.75728988647461,14.5600004196167,14.630000114440918,13.890000343322754,13.930000305175781,16926900
2019-03-12,8.522721290588379,14.170000076293945,14.859999656677246,13.90999984741211,14.600000381469727,23802000
2019-03-13,9.316651344299316,15.489999771118164,15.65999984741211,14.199999809265137,14.289999961853027,26947300
2019-03-14,9.262518882751465,15.399999618530273,15.779999732971191,15.210000038146973,15.600000381469727,17055100
2019-03-15,9.388826370239258,15.609999656677246,15.680000305175781,15.350000381469727,15.600000381469727,10177900
2019-03-18,9.80383586883545,16.299999237060547,16.420000076293945,15.550000190734863,15.699999809265137,13726300
2019-03-19,9.430928230285645,15.680000305175781,17.420000076293945,15.539999961853027,16.450000762939453,34345200
2019-03-20,9.563248634338379,15.899999618530273,16.5,15.149999618530273,15.390000343322754,31241800
2019-03-21,9.370784759521484,15.579999923706055,16.389999389648438,15.369999885559082,16.110000610351562,23925900
2019-03-22,8.997875213623047,14.960000038146973,15.600000381469727,14.920000076293945,15.25,12634400
2019-03-25,8.961788177490234,14.899999618530273,15.369999885559082,14.729999542236328,14.899999618530273,10468900
2019-03-26,9.527162551879883,15.84000015258789,15.989999771118164,15.220000267028809,15.300000190734863,12991700
2019-03-27,9.039978981018066,15.029999732971191,15.699999809265137,15.020000457763672,15.699999809265137,14343700
2019-03-28,9.430928230285645,15.680000305175781,15.989999771118164,15.25,15.270000457763672,18122600
2019-03-29,9.773762702941895,16.25,16.770000457763672,16.06999969482422,16.1200008392334,22145800
2019-04-01,10.176742553710938,16.920000076293945,17.1299991607666,16.75,16.899999618530273,13106700
2019-04-02,10.152682304382324,16.8799991607666,17.389999389648438,16.440000534057617,17.1299991607666,18676200
2019-04-03,10.30305004119873,17.1299991607666,17.489999771118164,16.969999313354492,17.260000228881836,18040300
2019-04-04,10.212830543518066,16.979999542236328,17.399999618530273,16.559999465942383,17.299999237060547,17683600
2019-04-05,10.110580444335938,16.809999465942383,17.040000915527344,16.610000610351562,17.040000915527344,11021100
2019-04-08,10.315079689025879,17.149999618530273,17.290000915527344,16.81999969482422,16.860000610351562,10078700
2019-04-09,10.056450843811035,16.719999313354492,17.1299991607666,16.420000076293945,17.040000915527344,11397800
2019-04-10,9.689558029174805,16.110000610351562,16.920000076293945,16.0,16.850000381469727,17739100
2019-04-11,9.382813453674316,15.600000381469727,15.960000038146973,15.449999809265137,15.949999809265137,13048000
2019-04-12,9.713616371154785,16.149999618530273,16.389999389648438,15.229999542236328,15.300000190734863,20218700
2019-04-15,9.755719184875488,16.219999313354492,16.790000915527344,15.960000038146973,16.31999969482422,17119100
2019-04-16,9.394841194152832,15.619999885559082,16.770000457763672,15.619999885559082,16.079999923706055,22897200
2019-04-17,9.232446670532227,15.350000381469727,16.020000457763672,15.149999618530273,15.8100004196167,20293200
2019-04-18,9.184330940246582,15.270000457763672,15.710000038146973,15.100000381469727,15.300000190734863,9912200
2019-04-22,8.93773078918457,14.859999656677246,15.279999732971191,14.770000457763672,15.180000305175781,8969700
2019-04-23,9.136212348937988,15.1899995803833,15.279999732971191,14.930000305175781,15.0,10894200
2019-04-24,8.871569633483887,14.75,15.260000228881836,14.539999961853027,15.180000305175781,13851300
2019-04-25,8.727217674255371,14.510000228881836,14.930000305175781,14.430000305175781,14.75,11234800
2019-04-26,8.919685363769531,14.829999923706055,14.869999885559082,14.279999732971191,14.479999542236328,9046800
2019-04-29,8.691131591796875,14.449999809265137,15.079999923706055,14.449999809265137,15.0,8882200
2019-04-30,8.745261192321777,14.539999961853027,14.829999923706055,14.25,14.5,12143400
2019-05-02,8.3543119430542,13.890000343322754,14.260000228881836,13.829999923706055,14.199999809265137,19452600
2019-05-03,9.023782730102539,14.300000190734863,14.300000190734863,13.479999542236328,13.579999923706055,12286300
2019-05-06,8.985919952392578,14.239999771118164,14.380000114440918,13.880000114440918,13.930000305175781,9336200
2019-05-07,8.948058128356934,14.180000305175781,14.630000114440918,14.050000190734863,14.5,15606400
2019-05-08,9.004851341247559,14.270000457763672,14.520000457763672,14.199999809265137,14.289999961853027,8996600
2019-05-09,8.992230415344238,14.25,14.279999732971191,13.600000381469727,13.970000267028809,15382900
2019-05-10,9.080574035644531,14.390000343322754,14.579999923706055,14.010000228881836,14.300000190734863,8934800
2019-05-13,8.651471138000488,13.710000038146973,14.130000114440918,13.710000038146973,14.0,9314700
2019-05-14,9.042712211608887,14.329999923706055,14.399999618530273,13.970000267028809,13.979999542236328,12771200
2019-05-15,9.042712211608887,14.329999923706055,14.4399995803833,13.800000190734863,14.0,11435000
2019-05-16,9.45919418334961,14.989999771118164,15.25,14.609999656677246,14.649999618530273,19008000
2019-05-17,9.711606979370117,15.390000343322754,15.640000343322754,15.3100004196167,15.350000381469727,15137600
2019-05-20,9.711606979370117,15.390000343322754,15.670000076293945,15.229999542236328,15.34000015258789,9075900
2019-05-21,10.487780570983887,16.6200008392334,16.6200008392334,15.529999732971191,15.529999732971191,15316600
2019-05-22,10.81591796875,17.139999389648438,17.43000030517578,16.459999084472656,16.850000381469727,18878600
2019-05-23,10.69602108001709,16.950000762939453,17.309999465942383,16.75,16.899999618530273,12286600
2019-05-24,10.872708320617676,17.229999542236328,17.450000762939453,17.200000762939453,17.219999313354492,9989100
2019-05-27,11.48481273651123,18.200000762939453,18.200000762939453,17.479999542236328,17.700000762939453,11218600
2019-05-28,10.998916625976562,17.43000030517578,18.270000457763672,17.43000030517578,18.0,23549200
2019-05-29,10.544571876525879,16.709999084472656,17.200000762939453,16.530000686645508,17.0,16885900
2019-05-30,10.664468765258789,16.899999618530273,17.299999237060547,16.670000076293945,16.670000076293945,11899800
2019-05-31,10.437297821044922,16.540000915527344,16.81999969482422,16.510000228881836,16.690000534057617,8223100
2019-06-03,10.147021293640137,16.079999923706055,16.600000381469727,15.890000343322754,16.530000686645508,10675500
2019-06-04,10.595054626464844,16.790000915527344,16.8700008392334,16.350000381469727,16.360000610351562,10449100
2019-06-05,10.210125923156738,16.18000030517578,17.1299991607666,16.1299991607666,17.0,11857300
2019-06-06,10.475159645080566,16.600000381469727,16.729999542236328,16.170000076293945,16.3799991607666,7952200
2019-06-07,10.46884822845459,16.59000015258789,16.969999313354492,16.520000457763672,16.709999084472656,6801400
2019-06-10,10.879019737243652,17.239999771118164,17.290000915527344,16.59000015258789,16.649999618530273,9438800
2019-06-11,11.497432708740234,18.219999313354492,18.239999771118164,17.729999542236328,17.75,16358400
2019-06-12,10.853777885437012,17.200000762939453,18.200000762939453,17.06999969482422,18.100000381469727,19143400
2019-06-13,10.80329704284668,17.1200008392334,17.600000381469727,17.09000015258789,17.5,11091500
2019-06-14,10.58243465423584,16.770000457763672,17.15999984741211,16.520000457763672,17.1200008392334,9984200
2019-06-17,10.330022811889648,16.3700008392334,16.549999237060547,16.309999465942383,16.549999237060547,6845700
2019-06-18,10.658158302307129,16.889999389648438,17.149999618530273,16.709999084472656,16.899999618530273,13067700
2019-06-19,10.475159645080566,16.600000381469727,17.299999237060547,16.450000762939453,17.1299991607666,15382800
2019-06-21,10.412055015563965,16.5,16.969999313354492,16.5,16.780000686645508,10229600
2019-06-24,10.374195098876953,16.440000534057617,16.670000076293945,16.209999084472656,16.600000381469727,8174400
2019-06-25,10.147021293640137,16.079999923706055,16.420000076293945,16.0,16.3700008392334,7227000
2019-06-26,10.197504043579102,16.15999984741211,16.489999771118164,16.110000610351562,16.200000762939453,8557400
2019-06-27,10.393123626708984,16.469999313354492,16.579999923706055,16.219999313354492,16.299999237060547,7163600
2019-06-28,10.544571876525879,16.709999084472656,16.799999237060547,16.469999313354492,16.65999984741211,10241200
2019-07-01,10.72126293182373,16.989999771118164,17.25,16.860000610351562,17.149999618530273,8423000
2019-07-02,10.36788272857666,16.43000030517578,17.190000534057617,16.170000076293945,17.190000534057617,12181300
2019-07-03,10.651847839355469,16.8799991607666,16.899999618530273,16.34000015258789,16.600000381469727,12131100
2019-07-04,10.677090644836426,16.920000076293945,17.110000610351562,16.780000686645508,16.850000381469727,5789600
2019-07-05,10.538264274597168,16.700000762939453,16.700000762939453,16.329999923706055,16.399999618530273,6863700
2019-07-08,10.879019737243652,17.239999771118164,17.309999465942383,16.700000762939453,16.700000762939453,8785300
2019-07-10,10.879019737243652,17.239999771118164,17.56999969482422,17.239999771118164,17.420000076293945,10631200
2019-07-11,10.841158866882324,17.18000030517578,17.329999923706055,16.809999465942383,17.31999969482422,7167800
2019-07-12,10.771743774414062,17.06999969482422,17.399999618530273,16.979999542236328,17.290000915527344,6519400
2019-07-15,10.916884422302246,17.299999237060547,17.540000915527344,17.15999984741211,17.25,7059200
2019-07-16,11.106192588806152,17.600000381469727,17.799999237060547,17.270000457763672,17.420000076293945,8310800
2019-07-17,10.89795207977295,17.270000457763672,17.559999465942383,17.1200008392334,17.510000228881836,5617900
2019-07-18,11.112504005432129,17.610000610351562,17.6299991607666,17.25,17.299999237060547,6668200
2019-07-19,11.087261199951172,17.56999969482422,17.770000457763672,17.440000534057617,17.649999618530273,4759700
2019-07-22,10.954744338989258,17.360000610351562,17.600000381469727,17.239999771118164,17.5,5347300
2019-07-23,10.778054237365723,17.079999923706055,17.459999084472656,17.059999465942383,17.31999969482422,5628300
2019-07-24,10.355262756347656,16.40999984741211,16.889999389648438,16.260000228881836,16.889999389648438,15232900
2019-07-25,10.304778099060059,16.329999923706055,16.649999618530273,16.1200008392334,16.59000015258789,7773000
2019-07-26,10.380504608154297,16.450000762939453,16.6299991607666,16.260000228881836,16.549999237060547,6645500
2019-07-29,10.330022811889648,16.3700008392334,16.56999969482422,16.200000762939453,16.5,6037700
2019-07-30,10.34895133972168,16.399999618530273,16.479999542236328,16.270000457763672,16.3700008392334,6472100
2019-07-31,10.430988311767578,16.530000686645508,17.149999618530273,16.459999084472656,17.0,18336500
2019-08-01,10.24167537689209,16.229999542236328,16.68000030517578,16.100000381469727,16.489999771118164,11007600
2019-08-02,10.008193016052246,15.859999656677246,16.280000686645508,15.760000228881836,16.1200008392334,10210900
2019-08-05,9.408712387084961,14.90999984741211,15.350000381469727,14.850000381469727,15.180000305175781,16685700
2019-08-06,9.35822868347168,14.829999923706055,15.329999923706055,14.630000114440918,15.050000190734863,16660600
2019-08-07,9.206780433654785,14.59000015258789,14.729999542236328,14.390000343322754,14.510000228881836,10698500
2019-08-08,9.433953285217285,14.949999809265137,15.229999542236328,14.710000038146973,14.710000038146973,9526500
2019-08-09,9.24464225769043,14.649999618530273,14.850000381469727,14.520000457763672,14.850000381469727,9076700
2019-08-12,9.162609100341797,14.520000457763672,14.829999923706055,14.25,14.390000343322754,8475600
2019-08-13,9.45288372039795,14.979999542236328,15.09000015258789,14.460000038146973,14.579999923706055,10393700
2019-08-14,9.061641693115234,14.359999656677246,14.739999771118164,14.1899995803833,14.649999618530273,7833000
2019-08-15,8.771368026733398,13.899999618530273,14.649999618530273,13.670000076293945,14.449999809265137,11585800
2019-08-16,8.903884887695312,14.109999656677246,14.279999732971191,13.949999809265137,14.180000305175781,7753400
2019-08-19,8.752437591552734,13.869999885559082,14.34000015258789,13.720000267028809,14.199999809265137,5561700
2019-08-20,9.067954063415527,14.369999885559082,14.479999542236328,13.550000190734863,13.770000457763672,11588600
2019-08-21,8.866023063659668,14.050000190734863,14.5,13.869999885559082,14.369999885559082,11917800
2019-08-22,8.683023452758789,13.760000228881836,14.140000343322754,13.569999694824219,14.079999923706055,9673100
2019-08-23,8.594677925109863,13.619999885559082,14.050000190734863,13.380000114440918,13.609999656677246,9520200
2019-08-26,8.537884712219238,13.529999732971191,13.800000190734863,13.329999923706055,13.75,6170900
2019-08-27,8.430610656738281,13.359999656677246,13.949999809265137,13.260000228881836,13.430000305175781,13581100
2019-08-28,8.468473434448242,13.420000076293945,13.569999694824219,13.1899995803833,13.25,7704400
2019-08-29,8.966989517211914,14.210000038146973,14.40999984741211,13.479999542236328,13.609999656677246,12709300
2019-08-30,9.061641693115234,14.359999656677246,14.640000343322754,13.970000267028809,14.5,8390100
2019-09-02,9.05533218383789,14.350000381469727,14.739999771118164,14.34000015258789,14.649999618530273,6562600
2019-09-03,8.790299415588379,13.930000305175781,14.390000343322754,13.880000114440918,14.34000015258789,12952200
2019-09-04,8.910194396972656,14.119999885559082,14.300000190734863,13.960000038146973,14.229999542236328,7659000
2019-09-05,8.992230415344238,14.25,14.670000076293945,14.210000038146973,14.270000457763672,10216400
2019-09-06,8.878643035888672,14.069999694824219,14.430000305175781,13.90999984741211,14.329999923706055,6102700
2019-09-09,9.162609100341797,14.520000457763672,14.739999771118164,14.130000114440918,14.130000114440918,8436100
2019-09-10,9.4024019241333,14.899999618530273,14.949999809265137,14.479999542236328,14.600000381469727,9938700
2019-09-11,9.143677711486816,14.489999771118164,15.149999618530273,14.40999984741211,15.100000381469727,9717000
2019-09-12,9.345609664916992,14.8100004196167,15.010000228881836,14.699999809265137,14.75,7740000
2019-09-13,9.206780433654785,14.59000015258789,14.960000038146973,14.520000457763672,14.84000015258789,3917400
2019-09-16,9.074264526367188,14.380000114440918,14.680000305175781,14.270000457763672,14.460000038146973,4770600
2019-09-17,9.250953674316406,14.65999984741211,14.65999984741211,14.210000038146973,14.289999961853027,4361000
2019-09-18,9.042712211608887,14.329999923706055,14.800000190734863,14.149999618530273,14.600000381469727,6435000
2019-09-19,8.960678100585938,14.199999809265137,14.529999732971191,14.15999984741211,14.430000305175781,6715100
2019-09-20,9.017472267150879,14.289999961853027,14.390000343322754,14.180000305175781,14.319999694824219,9355500
2019-09-23,9.131056785583496,14.470000267028809,14.489999771118164,14.239999771118164,14.329999923706055,7293000
2019-09-24,8.76313591003418,13.600000381469727,14.270000457763672,13.470000267028809,14.220000267028809,13607700
2019-09-25,8.917779922485352,13.84000015258789,13.84000015258789,13.359999656677246,13.539999961853027,8728200
2019-09-26,8.788910865783691,13.640000343322754,14.0,13.600000381469727,13.869999885559082,7015300
2019-09-27,8.621379852294922,13.380000114440918,13.829999923706055,13.300000190734863,13.720000267028809,6121900
2019-09-30,8.524727821350098,13.229999542236328,13.380000114440918,13.0600004196167,13.300000190734863,9319700
2019-10-01,8.51828384399414,13.220000267028809,13.399999618530273,13.079999923706055,13.220000267028809,11018300
2019-10-02,8.228327751159668,12.770000457763672,13.15999984741211,12.75,13.069999694824219,11561600
2019-10-03,8.428074836730957,13.079999923706055,13.15999984741211,12.609999656677246,12.770000457763672,8589000
2019-10-04,8.569831848144531,13.300000190734863,13.449999809265137,13.069999694824219,13.069999694824219,5842200
2019-10-07,8.370083808898926,12.989999771118164,13.279999732971191,12.850000381469727,13.100000381469727,6670500
2019-10-08,8.009247779846191,12.430000305175781,12.930000305175781,12.380000114440918,12.890000343322754,14552300
2019-10-09,8.009247779846191,12.430000305175781,12.630000114440918,12.279999732971191,12.550000190734863,8053300
2019-10-10,8.434517860412598,13.09000015258789,13.180000305175781,12.399999618530273,12.40999984741211,9892100
2019-10-11,8.582718849182129,13.319999694824219,13.720000267028809,13.229999542236328,13.25,10540900
2019-10-14,8.531170845031738,13.239999771118164,13.420000076293945,13.140000343322754,13.149999618530273,5488800
2019-10-15,8.776021957397461,13.619999885559082,13.699999809265137,13.239999771118164,13.270000457763672,8141300
2019-10-16,8.511838912963867,13.210000038146973,13.569999694824219,13.199999809265137,13.3100004196167,11912200
2019-10-17,8.563386917114258,13.289999961853027,13.369999885559082,13.109999656677246,13.279999732971191,7085400
2019-10-18,8.408743858337402,13.050000190734863,13.539999961853027,13.050000190734863,13.220000267028809,13528900
2019-10-21,8.627824783325195,13.390000343322754,13.539999961853027,13.180000305175781,13.180000305175781,7974800
2019-10-22,8.73091983795166,13.550000190734863,13.5600004196167,13.279999732971191,13.510000228881836,6321000
2019-10-23,8.653596878051758,13.430000305175781,13.859999656677246,13.329999923706055,13.600000381469727,9808400
2019-10-24,8.060796737670898,12.510000228881836,13.09000015258789,12.369999885559082,12.800000190734863,31473200
2019-10-25,7.8095011711120605,12.119999885559082,12.729999542236328,12.050000190734863,12.550000190734863,18757300
2019-10-28,7.867493152618408,12.210000038146973,12.279999732971191,11.9399995803833,12.149999618530273,7937800
2019-10-29,7.7450666427612305,12.020000457763672,12.380000114440918,11.930000305175781,12.199999809265137,10881400
2019-10-30,7.6033101081848145,11.800000190734863,12.109999656677246,11.649999618530273,11.970000267028809,13123700
2019-10-31,7.6033101081848145,11.800000190734863,12.020000457763672,11.729999542236328,11.800000190734863,11923100
2019-11-01,7.687073707580566,11.930000305175781,12.039999961853027,11.8100004196167,11.9399995803833,7440200
2019-11-04,7.7966132164001465,12.100000381469727,12.420000076293945,12.020000457763672,12.039999961853027,9877200
2019-11-05,7.931926727294922,12.3100004196167,12.350000381469727,11.899999618530273,12.180000305175781,8878000
2019-11-06,7.925483703613281,12.300000190734863,12.430000305175781,12.079999923706055,12.3100004196167,9724300
2019-11-07,8.118788719177246,12.600000381469727,12.720000267028809,12.279999732971191,12.279999732971191,14747000
2019-11-08,7.925483703613281,12.300000190734863,12.729999542236328,12.220000267028809,12.449999809265137,9939100
2019-11-11,7.867493152618408,12.210000038146973,12.300000190734863,12.0600004196167,12.149999618530273,4929100
2019-11-12,7.629083633422852,11.84000015258789,12.329999923706055,11.8100004196167,12.170000076293945,9189800
2019-11-13,7.268248081207275,11.279999732971191,11.90999984741211,11.229999542236328,11.800000190734863,12135500
2019-11-14,7.371343612670898,11.4399995803833,11.579999923706055,11.270000457763672,11.329999923706055,5752500
2019-11-18,7.371343612670898,11.4399995803833,11.699999809265137,11.34000015258789,11.630000114440918,6270400
2019-11-19,7.474441051483154,11.600000381469727,11.869999885559082,11.5,11.5,8358200
2019-11-21,7.757954120635986,12.039999961853027,12.109999656677246,11.449999809265137,11.539999961853027,15706100
2019-11-22,7.7966132164001465,12.100000381469727,12.270000457763672,11.829999923706055,12.039999961853027,10515600
2019-11-25,7.957700252532959,12.350000381469727,12.65999984741211,12.229999542236328,12.229999542236328,11053100
2019-11-26,8.29276180267334,12.869999885559082,12.869999885559082,12.220000267028809,12.279999732971191,16435200
2019-11-27,8.157448768615723,12.65999984741211,12.880000114440918,12.390000343322754,12.84000015258789,10686100
2019-11-28,8.125231742858887,12.609999656677246,12.850000381469727,12.539999961853027,12.579999923706055,4687600
2019-11-29,8.093012809753418,12.5600004196167,13.039999961853027,12.520000457763672,12.569999694824219,9435300
2019-12-02,8.556943893432617,13.279999732971191,13.289999961853027,12.350000381469727,12.380000114440918,15507400
2019-12-03,8.234770774841309,12.779999732971191,13.239999771118164,12.699999809265137,13.199999809265137,11789000
2019-12-04,8.460290908813477,13.130000114440918,13.199999809265137,12.869999885559082,12.869999885559082,9831300
2019-12-05,8.363639831542969,12.979999542236328,13.199999809265137,12.90999984741211,13.130000114440918,7690100
2019-12-06,8.589162826538086,13.329999923706055,13.369999885559082,13.0,13.0600004196167,9436400
2019-12-09,8.479621887207031,13.15999984741211,13.84000015258789,13.079999923706055,13.489999771118164,14209500
2019-12-10,8.589162826538086,13.329999923706055,13.399999618530273,12.9399995803833,13.1899995803833,9889700
2019-12-11,8.801797866821289,13.65999984741211,13.65999984741211,13.270000457763672,13.350000381469727,7820900
2019-12-12,9.085309982299805,14.100000381469727,14.100000381469727,13.649999618530273,13.729999542236328,12299500
2019-12-13,9.136858940124512,14.180000305175781,14.399999618530273,14.0,14.149999618530273,13086800
2019-12-16,9.027318954467773,14.010000228881836,14.630000114440918,13.920000076293945,14.420000076293945,14544200
2019-12-17,8.943553924560547,13.880000114440918,14.119999885559082,13.779999732971191,14.029999732971191,7002900
2019-12-18,8.846900939941406,13.729999542236328,13.90999984741211,13.609999656677246,13.899999618530273,11698200
2019-12-19,8.846900939941406,13.729999542236328,13.899999618530273,13.619999885559082,13.680000305175781,10644800
2019-12-20,8.89845085144043,13.8100004196167,14.079999923706055,13.680000305175781,13.75,12927100
2019-12-23,9.362378120422363,14.529999732971191,14.59000015258789,13.960000038146973,14.069999694824219,12053600
2019-12-26,9.343050003051758,14.5,14.710000038146973,14.350000381469727,14.579999923706055,12515500
2019-12-27,8.995101928710938,13.960000038146973,14.699999809265137,13.920000076293945,14.65999984741211,11585900
2019-12-30,9.091753005981445,14.109999656677246,14.380000114440918,13.930000305175781,13.970000267028809,8340300
2020-01-02,9.465476036071777,14.6899995803833,14.800000190734863,14.210000038146973,14.260000228881836,13780900
2020-01-03,9.394597053527832,14.579999923706055,14.75,14.380000114440918,14.399999618530273,17188500
2020-01-06,9.16263198852539,14.220000267028809,14.5,14.149999618530273,14.5,8453600
2020-01-07,9.16263198852539,14.220000267028809,14.4399995803833,14.140000343322754,14.289999961853027,7751300
2020-01-08,9.149744987487793,14.199999809265137,14.380000114440918,14.149999618530273,14.25,7328200
2020-01-09,9.053092956542969,14.050000190734863,14.319999694824219,13.899999618530273,14.25,7993800
2020-01-10,9.156189918518066,14.210000038146973,14.390000343322754,14.039999961853027,14.100000381469727,7552500
2020-01-13,9.710329055786133,15.069999694824219,15.119999885559082,14.3100004196167,14.3100004196167,13116300
2020-01-14,9.555684089660645,14.829999923706055,15.359999656677246,14.800000190734863,15.039999961853027,13980000
2020-01-15,9.4268159866333,14.630000114440918,15.0600004196167,14.4399995803833,14.800000190734863,10807300
2020-01-16,9.510581016540527,14.760000228881836,14.859999656677246,14.5,14.710000038146973,7838500
2020-01-17,9.523466110229492,14.779999732971191,14.989999771118164,14.630000114440918,14.890000343322754,10729900
2020-01-20,9.729659080505371,15.100000381469727,15.100000381469727,14.65999984741211,14.739999771118164,6339300
2020-01-21,9.446145057678223,14.65999984741211,14.970000267028809,14.65999984741211,14.800000190734863,10551300
2020-01-22,10.103379249572754,15.680000305175781,15.75,14.829999923706055,14.84000015258789,24983400
2020-01-23,9.98095417022705,15.489999771118164,15.949999809265137,15.199999809265137,15.390000343322754,13722900
2020-01-24,9.607233047485352,14.90999984741211,15.739999771118164,14.670000076293945,15.489999771118164,15176800
2020-01-27,8.85978889465332,13.75,14.319999694824219,13.699999809265137,14.220000267028809,19518200
2020-01-28,8.788910865783691,13.640000343322754,14.180000305175781,13.539999961853027,14.0,11275200
2020-01-29,8.608492851257324,13.359999656677246,13.890000343322754,13.270000457763672,13.789999961853027,11056900
2020-01-30,8.64070987701416,13.40999984741211,13.4399995803833,12.739999771118164,13.020000457763672,10574500
2020-01-31,8.312091827392578,12.899999618530273,13.199999809265137,12.899999618530273,13.109999656677246,10143400
2020-02-03,8.38941478729248,13.020000457763672,13.09000015258789,12.699999809265137,12.899999618530273,8321000
2020-02-04,8.537613868713379,13.25,13.699999809265137,13.239999771118164,13.369999885559082,9796100
2020-02-05,8.569831848144531,13.300000190734863,13.630000114440918,13.270000457763672,13.460000038146973,7160300
2020-02-06,8.51828384399414,13.220000267028809,13.75,13.100000381469727,13.479999542236328,11127800
2020-02-07,8.196109771728516,12.720000267028809,13.149999618530273,12.5600004196167,13.079999923706055,8228900
2020-02-10,7.835274696350098,12.15999984741211,12.770000457763672,12.140000343322754,12.609999656677246,10045800
2020-02-11,8.196109771728516,12.720000267028809,13.069999694824219,12.260000228881836,12.399999618530273,14571400
2020-02-12,8.363639831542969,12.979999542236328,13.350000381469727,12.859999656677246,13.050000190734863,16063700
2020-02-13,8.370083808898926,12.989999771118164,13.0,12.510000228881836,12.550000190734863,10532200
2020-02-14,8.157448768615723,12.65999984741211,13.119999885559082,12.529999732971191,13.069999694824219,9603600
2020-02-17,8.434517860412598,13.09000015258789,13.1899995803833,12.729999542236328,12.880000114440918,8173500
2020-02-18,8.582718849182129,13.319999694824219,13.319999694824219,12.779999732971191,12.970000267028809,11572100
2020-02-19,8.71803092956543,13.529999732971191,13.600000381469727,13.100000381469727,13.260000228881836,12048300
2020-02-20,8.51828384399414,13.220000267028809,13.680000305175781,13.119999885559082,13.630000114440918,8232900
2020-02-21,8.460290908813477,13.130000114440918,13.140000343322754,12.770000457763672,13.020000457763672,7207900
2020-02-26,7.538873195648193,11.699999809265137,12.260000228881836,11.529999732971191,12.0,16051700
2020-02-27,7.294022083282471,11.319999694824219,11.819999694824219,11.260000228881836,11.449999809265137,18299700
2020-02-28,7.203814506530762,11.180000305175781,11.520000457763672,10.710000038146973,11.1899995803833,20422800
2020-03-02,7.957700252532959,12.350000381469727,12.350000381469727,11.399999618530273,11.399999618530273,19219400
2020-03-03,7.841717720031738,12.170000076293945,12.6899995803833,11.829999923706055,12.489999771118164,13287100
2020-03-04,7.938368797302246,12.319999694824219,12.619999885559082,12.100000381469727,12.550000190734863,11542300
2020-03-05,7.6999616622924805,11.949999809265137,12.449999809265137,11.65999984741211,12.239999771118164,14252500
2020-03-06,7.1587090492248535,11.109999656677246,11.420000076293945,10.859999656677246,11.300000190734863,14824200
2020-03-09,5.348090648651123,8.300000190734863,10.039999961853027,7.909999847412109,9.899999618530273,29775600
2020-03-10,6.037543773651123,9.369999885559082,9.369999885559082,8.210000038146973,9.199999809265137,32452600
2020-03-11,5.167673110961914,8.020000457763672,9.170000076293945,7.5,8.9399995803833,26198000
2020-03-12,4.239810943603516,6.579999923706055,6.989999771118164,5.559999942779541,6.409999847412109,19986700
2020-03-13,5.122567653656006,7.949999809265137,7.980000019073486,6.599999904632568,7.650000095367432,20930700
2020-03-16,4.639307975769043,7.199999809265137,7.619999885559082,6.630000114440918,6.800000190734863,16941600
2020-03-17,4.993699550628662,7.75,7.940000057220459,7.059999942779541,7.449999809265137,21980700
2020-03-18,4.323577404022217,6.710000038146973,7.349999904632568,6.340000152587891,7.039999961853027,16599500
2020-03-19,4.098054885864258,6.360000133514404,6.900000095367432,6.059999942779541,6.400000095367432,19199400
2020-03-20,3.969184398651123,6.159999847412109,6.849999904632568,6.130000114440918,6.800000190734863,23683700
2020-03-23,3.737220525741577,5.800000190734863,6.269999980926514,5.480000019073486,6.130000114440918,21595500
2020-03-24,3.737220525741577,5.800000190734863,6.400000095367432,5.800000190734863,6.199999809265137,24499600
2020-03-25,4.2204813957214355,6.550000190734863,6.699999809265137,5.869999885559082,5.889999866485596,26109100
2020-03-26,4.5748724937438965,7.099999904632568,7.389999866485596,6.579999923706055,6.579999923706055,15025300
2020-03-27,4.36223840713501,6.769999980926514,7.0,6.599999904632568,6.75,12228700
2020-03-30,4.549098014831543,7.059999942779541,7.159999847412109,6.539999961853027,6.840000152587891,14322900
2020-03-31,4.497550964355469,6.980000019073486,7.449999809265137,6.96999979019165,7.059999942779541,16501900
2020-04-01,4.407341480255127,6.840000152587891,6.929999828338623,6.53000020980835,6.630000114440918,9417800
2020-04-02,4.4911065101623535,6.96999979019165,7.320000171661377,6.840000152587891,6.980000019073486,11170000
2020-04-03,4.027176380157471,6.25,7.039999961853027,6.130000114440918,7.0,16042700
2020-04-06,4.2204813957214355,6.550000190734863,6.769999980926514,6.449999809265137,6.679999828338623,10198800
2020-04-07,4.478220462799072,6.949999809265137,7.199999809265137,6.869999885559082,6.920000076293945,16963600
2020-04-08,4.774620532989502,7.409999847412109,7.5,6.889999866485596,7.0,11954800
2020-04-09,4.619976997375488,7.170000076293945,7.75,7.159999847412109,7.599999904632568,10845800
2020-04-13,4.723072528839111,7.329999923706055,7.329999923706055,6.949999809265137,7.099999904632568,11763100
2020-04-14,4.793951511383057,7.440000057220459,7.639999866485596,7.429999828338623,7.519999980926514,9863100
2020-04-15,4.697298526763916,7.289999961853027,7.400000095367432,7.119999885559082,7.199999809265137,10329200
2020-04-16,4.793951511383057,7.440000057220459,7.449999809265137,6.980000019073486,7.429999828338623,12883000
2020-04-17,4.890603542327881,7.590000152587891,7.699999809265137,7.429999828338623,7.550000190734863,11465300
2020-04-20,4.716629981994629,7.320000171661377,7.5,7.239999771118164,7.369999885559082,8522900
2020-04-22,4.72951602935791,7.340000152587891,7.460000038146973,7.230000019073486,7.349999904632568,7547100
2020-04-23,4.832611560821533,7.5,8.0600004196167,7.340000152587891,7.349999904632568,18280500
2020-04-24,4.561985492706299,7.079999923706055,7.659999847412109,6.659999847412109,7.389999866485596,20463400
2020-04-27,4.671525001525879,7.25,7.289999961853027,6.949999809265137,7.260000228881836,13778300
2020-04-28,5.032359600067139,7.809999942779541,8.0,7.449999809265137,7.5,19016300
2020-04-29,5.8184638023376465,9.029999732971191,9.270000457763672,8.010000228881836,8.0600004196167,34574500
2020-04-30,5.773360729217529,8.960000038146973,8.989999771118164,8.40999984741211,8.649999618530273,25377300
2020-05-04,5.302986145019531,8.229999542236328,8.579999923706055,8.09000015258789,8.579999923706055,17770600
2020-05-05,5.129012107849121,7.960000038146973,8.579999923706055,7.949999809265137,8.399999618530273,13641300
2020-05-06,5.219221115112305,8.100000381469727,8.270000457763672,7.829999923706055,8.020000457763672,12166400
2020-05-07,5.476513862609863,8.489999771118164,8.649999618530273,8.100000381469727,8.260000228881836,22482600
2020-05-08,5.489415645599365,8.510000228881836,8.859999656677246,8.399999618530273,8.739999771118164,14286000
2020-05-11,5.173338890075684,8.020000457763672,8.470000267028809,8.020000457763672,8.399999618530273,11776700
2020-05-12,5.083031177520752,7.880000114440918,8.180000305175781,7.880000114440918,8.149999618530273,11590800
2020-05-13,4.850810527801514,7.519999980926514,8.0600004196167,7.420000076293945,8.010000228881836,12905000
2020-05-14,5.412009239196777,8.390000343322754,8.390000343322754,7.320000171661377,7.480000019073486,27898300
2020-05-15,5.083031177520752,7.880000114440918,8.3100004196167,7.800000190734863,8.100000381469727,22312700
2020-05-18,5.341053009033203,8.279999732971191,8.380000114440918,8.149999618530273,8.319999694824219,13174400
2020-05-19,5.637777805328369,8.739999771118164,8.920000076293945,8.279999732971191,8.300000190734863,17170000
2020-05-20,5.5281195640563965,8.569999694824219,8.949999809265137,8.510000228881836,8.920000076293945,13595800
2020-05-21,5.495865821838379,8.520000457763672,8.760000228881836,8.229999542236328,8.609999656677246,14279000
2020-05-22,5.482964515686035,8.5,8.59000015258789,8.1899995803833,8.350000381469727,8030400
2020-05-25,5.573272705078125,8.640000343322754,8.989999771118164,8.600000381469727,8.760000228881836,10159900
2020-05-26,5.502316474914551,8.529999732971191,8.930000305175781,8.460000038146973,8.779999732971191,11657000
2020-05-27,6.095767021179199,9.449999809265137,9.539999961853027,8.670000076293945,8.739999771118164,20343200
2020-05-28,6.198975086212158,9.609999656677246,9.819999694824219,9.210000038146973,9.5,14141100
2020-05-29,6.656964302062988,10.319999694824219,10.6899995803833,9.739999771118164,9.800000190734863,40459300
2020-06-01,6.676315784454346,10.350000381469727,10.789999961853027,10.210000038146973,10.550000190734863,13419000
2020-06-02,6.9343366622924805,10.75,10.75,10.369999885559082,10.449999809265137,13190200
2020-06-03,6.837578773498535,10.600000381469727,11.260000228881836,10.470000267028809,10.970000267028809,15168400
2020-06-04,6.766624450683594,10.489999771118164,10.640000343322754,10.199999809265137,10.449999809265137,12000700
2020-06-05,6.856931209564209,10.630000114440918,11.199999809265137,10.479999542236328,11.100000381469727,18744400
2020-06-08,8.030930519104004,12.449999809265137,12.460000038146973,11.029999732971191,11.039999961853027,31058700
2020-06-09,7.7729082107543945,12.050000190734863,12.119999885559082,11.600000381469727,12.069999694824219,19061800
2020-06-10,7.4052276611328125,11.479999542236328,12.3100004196167,11.4399995803833,12.020000457763672,13303200
2020-06-12,7.011744976043701,10.869999885559082,11.1899995803833,10.65999984741211,10.899999618530273,12977800
2020-06-15,6.844030380249023,10.609999656677246,10.760000228881836,10.239999771118164,10.34000015258789,11475100
2020-06-16,7.289117336273193,11.300000190734863,11.5600004196167,10.899999618530273,11.1899995803833,14711200
2020-06-17,7.198809623718262,11.15999984741211,11.449999809265137,11.0600004196167,11.3100004196167,9609600
2020-06-18,7.514886379241943,11.649999618530273,11.649999618530273,10.949999809265137,11.100000381469727,11779100
2020-06-19,7.231063365936279,11.210000038146973,11.899999618530273,11.210000038146973,11.850000381469727,16261500
2020-06-22,7.173007965087891,11.119999885559082,11.270000457763672,10.970000267028809,11.149999618530273,8392100
2020-06-23,7.340722560882568,11.380000114440918,11.640000343322754,11.239999771118164,11.289999961853027,9184600
2020-06-24,7.147205829620361,11.079999923706055,11.449999809265137,11.010000228881836,11.449999809265137,7394800
2020-06-25,7.1794586181640625,11.130000114440918,11.180000305175781,10.90999984741211,11.100000381469727,8263400
2020-06-26,6.908535957336426,10.710000038146973,11.270000457763672,10.630000114440918,11.050000190734863,7231600
2020-06-29,6.805327892303467,10.550000190734863,10.880000114440918,10.5,10.729999542236328,10582300
2020-06-30,6.889184474945068,10.680000305175781,10.859999656677246,10.380000114440918,10.489999771118164,9939900
2020-07-01,6.83112907409668,10.59000015258789,10.859999656677246,10.479999542236328,10.760000228881836,12092400
2020-07-02,7.005294322967529,10.859999656677246,11.069999694824219,10.720000267028809,10.800000190734863,11294300
2020-07-03,6.908535957336426,10.710000038146973,10.970000267028809,10.579999923706055,10.970000267028809,6203100
2020-07-06,7.224612712860107,11.199999809265137,11.329999923706055,10.850000381469727,10.920000076293945,9973900
2020-07-07,7.0568976402282715,10.9399995803833,11.319999694824219,10.90999984741211,11.149999618530273,7952700
2020-07-08,7.327820301055908,11.359999656677246,11.470000267028809,11.079999923706055,11.170000076293945,9822800
2020-07-09,7.147205829620361,11.079999923706055,11.510000228881836,11.020000457763672,11.449999809265137,9685600
2020-07-10,7.243963241577148,11.229999542236328,11.229999542236328,11.050000190734863,11.100000381469727,5901700
2020-07-13,7.5277886390686035,11.670000076293945,12.270000457763672,11.5,11.5,23665300
2020-07-14,7.863216876983643,12.1899995803833,12.1899995803833,11.430000305175781,11.789999961853027,16414900
2020-07-15,7.695501804351807,11.930000305175781,12.359999656677246,11.720000267028809,12.279999732971191,19040200
2020-07-16,7.540689468383789,11.6899995803833,11.920000076293945,11.59000015258789,11.8100004196167,8277100
2020-07-17,7.676151275634766,11.899999618530273,12.050000190734863,11.710000038146973,11.859999656677246,11526200
2020-07-20,7.656798839569092,11.869999885559082,11.930000305175781,11.779999732971191,11.899999618530273,7142800
2020-07-21,7.521337985992432,11.65999984741211,12.010000228881836,11.529999732971191,11.930000305175781,11297100
2020-07-22,7.618095874786377,11.8100004196167,11.850000381469727,11.569999694824219,11.670000076293945,6982300
2020-07-23,7.514886379241943,11.649999618530273,11.970000267028809,11.5600004196167,11.770000457763672,7557300
2020-07-24,7.489083290100098,11.609999656677246,11.720000267028809,11.319999694824219,11.510000228881836,5443600
2020-07-27,7.895469665527344,12.239999771118164,12.34000015258789,11.5600004196167,11.649999618530273,19304400
2020-07-28,7.934173583984375,12.300000190734863,12.4399995803833,12.010000228881836,12.140000343322754,10753000
2020-07-29,8.385710716247559,13.0,13.569999694824219,12.770000457763672,12.779999732971191,31511000
2020-07-30,8.243799209594727,12.779999732971191,13.25,12.649999618530273,12.699999809265137,14067500
2020-07-31,7.901920318603516,12.25,12.9399995803833,12.149999618530273,12.850000381469727,14797100
2020-08-03,8.398612976074219,13.020000457763672,13.229999542236328,12.460000038146973,12.529999732971191,20611800
2020-08-04,8.230897903442383,12.760000228881836,13.0,12.359999656677246,12.90999984741211,10508300
2020-08-05,8.463117599487305,13.119999885559082,13.390000343322754,12.930000305175781,13.0,14903300
2020-08-06,8.456666946411133,13.109999656677246,13.479999542236328,13.039999961853027,13.229999542236328,14742600
2020-08-07,8.353458404541016,12.949999809265137,13.220000267028809,12.760000228881836,12.880000114440918,14944000
2020-08-10,9.011414527893066,13.970000267028809,14.079999923706055,13.0600004196167,13.130000114440918,26631800
2020-08-11,8.979162216186523,13.920000076293945,14.149999618530273,13.760000228881836,14.039999961853027,14692600
2020-08-12,8.908205032348633,13.8100004196167,14.130000114440918,13.579999923706055,14.0,10599500
2020-08-13,8.830798149108887,13.6899995803833,13.920000076293945,13.550000190734863,13.770000457763672,7507700
2020-08-14,8.824349403381348,13.680000305175781,13.819999694824219,13.399999618530273,13.6899995803833,6587600
2020-08-17,8.992061614990234,13.9399995803833,14.039999961853027,13.619999885559082,13.630000114440918,11008800
2020-08-18,9.559710502624512,14.819999694824219,15.0,14.300000190734863,14.300000190734863,26027200
2020-08-19,9.604865074157715,14.890000343322754,15.270000457763672,14.819999694824219,14.90999984741211,13867300
2020-08-20,9.55325984954834,14.8100004196167,15.029999732971191,14.449999809265137,14.539999961853027,11993000
2020-08-21,9.340392112731934,14.479999542236328,14.779999732971191,14.210000038146973,14.720000267028809,11647800
2020-08-24,9.385544776916504,14.550000190734863,14.800000190734863,14.460000038146973,14.5600004196167,7215700
2020-08-25,9.572611808776855,14.84000015258789,14.970000267028809,14.210000038146973,14.59000015258789,13832500
2020-08-26,9.424248695373535,14.609999656677246,15.15999984741211,14.40999984741211,15.0600004196167,11479200
2020-08-27,9.643567085266113,14.949999809265137,15.09000015258789,14.5,14.649999618530273,11920300
2020-08-28,9.837084770202637,15.25,15.359999656677246,14.8100004196167,15.0600004196167,12326800
2020-08-31,9.811281204223633,15.210000038146973,15.770000457763672,14.899999618530273,14.989999771118164,18583800
2020-09-01,9.978996276855469,15.470000267028809,15.640000343322754,15.289999961853027,15.420000076293945,9473600
2020-09-02,9.843535423278809,15.260000228881836,15.829999923706055,14.850000381469727,15.5,19466400
2020-09-03,9.695171356201172,15.029999732971191,15.4399995803833,14.850000381469727,15.149999618530273,13781900
2020-09-04,9.65646743774414,14.970000267028809,15.1899995803833,14.569999694824219,14.979999542236328,24478000
2020-09-08,9.714524269104004,15.0600004196167,15.170000076293945,14.4399995803833,14.6899995803833,13084200
2020-09-09,10.198315620422363,15.8100004196167,15.899999618530273,15.100000381469727,15.100000381469727,15843800
2020-09-10,9.920940399169922,15.380000114440918,16.059999465942383,15.319999694824219,15.739999771118164,10967200
2020-09-11,10.320876121520996,16.0,16.31999969482422,15.369999885559082,15.399999618530273,16214800
2020-09-14,10.449885368347168,16.200000762939453,16.43000030517578,15.949999809265137,16.100000381469727,12052200
2020-09-15,10.701457977294922,16.59000015258789,16.739999771118164,16.139999389648438,16.3799991607666,11663000
2020-09-16,10.52083969116211,16.309999465942383,16.520000457763672,16.06999969482422,16.450000762939453,8679200
2020-09-17,10.791764259338379,16.729999542236328,16.770000457763672,16.049999237060547,16.06999969482422,8997900
2020-09-18,10.578897476196289,16.399999618530273,16.8799991607666,16.309999465942383,16.709999084472656,8950300
2020-09-21,10.469236373901367,16.229999542236328,17.260000228881836,15.970000267028809,16.200000762939453,21582700
2020-09-22,10.824018478393555,16.780000686645508,16.989999771118164,16.31999969482422,16.450000762939453,16021300
2020-09-23,10.391831398010254,16.110000610351562,16.950000762939453,16.110000610351562,16.809999465942383,14451900
2020-09-24,10.204765319824219,15.819999694824219,16.219999313354492,15.65999984741211,16.1299991607666,15457900
2020-09-25,10.26282024383545,15.90999984741211,15.90999984741211,15.390000343322754,15.6899995803833,8641100
2020-09-28,10.153160095214844,15.739999771118164,16.329999923706055,15.619999885559082,16.059999465942383,8610200
2020-09-29,9.882238388061523,15.319999694824219,15.9399995803833,15.229999542236328,15.630000114440918,13795500
2020-09-30,10.643403053283691,16.5,16.969999313354492,15.829999923706055,15.829999923706055,37997200
2020-10-01,10.669206619262695,16.540000915527344,16.850000381469727,16.25,16.510000228881836,13716000
2020-10-02,10.824018478393555,16.780000686645508,16.989999771118164,16.15999984741211,16.3799991607666,14691500
2020-10-05,11.430367469787598,17.719999313354492,17.729999542236328,16.860000610351562,16.940000534057617,19022000
2020-10-06,11.40456771850586,17.68000030517578,17.8799991607666,17.40999984741211,17.860000610351562,11385700
2020-10-07,11.610984802246094,18.0,18.34000015258789,17.729999542236328,17.780000686645508,13729400
2020-10-08,11.514226913452148,17.850000381469727,18.350000381469727,17.670000076293945,17.989999771118164,11696400
2020-10-09,11.456171989440918,17.760000228881836,18.280000686645508,17.530000686645508,17.889999389648438,13244800
2020-10-13,11.81095027923584,18.309999465942383,18.31999969482422,17.469999313354492,17.799999237060547,12152200
2020-10-14,11.869007110595703,18.399999618530273,18.790000915527344,18.0,18.459999084472656,12487400
2020-10-15,12.546314239501953,19.450000762939453,19.489999771118164,17.920000076293945,18.1299991607666,23823100
2020-10-16,12.597917556762695,19.530000686645508,20.219999313354492,19.030000686645508,20.0,29774700
2020-10-19,12.681774139404297,19.65999984741211,20.149999618530273,19.56999969482422,19.56999969482422,13831800
2020-10-20,13.339731216430664,20.68000030517578,20.81999969482422,19.530000686645508,20.09000015258789,21794400
2020-10-21,13.507444381713867,20.940000534057617,21.079999923706055,20.5,20.639999389648438,13447600
2020-10-22,13.494543075561523,20.920000076293945,21.43000030517578,20.850000381469727,20.8799991607666,16823500
2020-10-23,13.849325180053711,21.469999313354492,21.549999237060547,20.760000228881836,20.90999984741211,15312600
2020-10-26,13.694511413574219,21.229999542236328,21.479999542236328,20.920000076293945,21.40999984741211,10402000
2020-10-27,13.842874526977539,21.459999084472656,21.940000534057617,21.25,21.309999465942383,12691200
2020-10-28,13.333281517028809,20.670000076293945,21.3700008392334,20.540000915527344,21.030000686645508,10394000
2020-10-29,13.584851264953613,21.059999465942383,21.510000228881836,20.40999984741211,20.540000915527344,13968800
2020-10-30,13.249424934387207,20.540000915527344,21.200000762939453,20.309999465942383,20.920000076293945,10920600
2020-11-03,14.442773818969727,22.389999389648438,22.399999618530273,20.8799991607666,21.010000228881836,18934700
2020-11-04,13.829972267150879,21.440000534057617,22.639999389648438,21.110000610351562,22.540000915527344,13786900
2020-11-05,13.533248901367188,20.979999542236328,21.790000915527344,20.309999465942383,21.729999542236328,22535600
2020-11-06,13.397785186767578,20.770000457763672,21.6200008392334,20.739999771118164,20.84000015258789,16473800
2020-11-09,13.513895034790039,20.950000762939453,21.399999618530273,20.770000457763672,21.399999618530273,12486600
2020-11-10,12.907544136047363,20.010000228881836,21.389999389648438,19.75,20.90999984741211,20319400
2020-11-11,12.868841171264648,19.950000762939453,20.459999084472656,19.829999923706055,20.200000762939453,10960100
2020-11-12,12.591466903686523,19.520000457763672,20.040000915527344,19.309999465942383,19.950000762939453,11978900
2020-11-13,12.44310474395752,19.290000915527344,19.8799991607666,19.290000915527344,19.59000015258789,9841800
2020-11-16,12.739832878112793,19.75,19.75,19.219999313354492,19.5,9310800
2020-11-17,12.868841171264648,19.950000762939453,20.030000686645508,19.309999465942383,19.719999313354492,12193000
2020-11-18,12.655973434448242,19.6200008392334,19.950000762939453,19.440000534057617,19.889999389648438,8911800
2020-11-19,13.088159561157227,20.290000915527344,20.290000915527344,19.540000915527344,19.6200008392334,12455400
2020-11-23,13.771918296813965,21.350000381469727,21.3799991607666,20.09000015258789,20.100000381469727,15413600
2020-11-24,14.597588539123535,22.6299991607666,22.639999389648438,21.229999542236328,21.34000015258789,16053800
2020-11-25,14.965269088745117,23.200000762939453,23.3799991607666,22.209999084472656,22.549999237060547,10948100
2020-11-26,15.64257526397705,24.25,24.280000686645508,22.860000610351562,23.0,9441100
2020-11-27,15.487764358520508,24.010000228881836,24.770000457763672,23.850000381469727,24.239999771118164,8840100
2020-11-30,15.165236473083496,23.510000228881836,24.530000686645508,23.469999313354492,23.8700008392334,11356700
2020-12-01,15.455509185791016,23.959999084472656,24.5,23.75,24.09000015258789,10697100
2020-12-02,15.552268981933594,24.110000610351562,24.31999969482422,23.31999969482422,24.100000381469727,11318400
2020-12-03,14.978166580200195,23.219999313354492,24.280000686645508,23.059999465942383,24.229999542236328,11595200
2020-12-04,16.842376708984375,26.110000610351562,26.110000610351562,23.450000762939453,23.469999313354492,23128000
2020-12-07,16.93268394470215,26.25,26.40999984741211,25.479999542236328,26.059999465942383,11659400
2020-12-08,16.939132690429688,26.260000228881836,26.479999542236328,25.399999618530273,26.260000228881836,11625600
2020-12-09,16.655315399169922,25.81999969482422,27.239999771118164,25.649999618530273,26.280000686645508,15386800
2020-12-10,18.403409957885742,28.530000686645508,28.610000610351562,26.43000030517578,26.43000030517578,23001900
2020-12-11,18.222793579101562,28.25,28.469999313354492,27.520000457763672,28.030000686645508,12851600
2020-12-14,17.551937103271484,27.209999084472656,28.149999618530273,26.850000381469727,28.149999618530273,12041800
2020-12-15,18.158287048339844,28.149999618530273,29.350000381469727,27.209999084472656,27.209999084472656,18294000
2020-12-16,18.300201416015625,28.3700008392334,28.889999389648438,27.299999237060547,28.420000076293945,13718000
2020-12-17,18.977508544921875,29.420000076293945,29.479999542236328,28.31999969482422,28.3700008392334,15090400
2020-12-18,19.609663009643555,30.399999618530273,30.690000534057617,29.709999084472656,29.989999771118164,15770000
2020-12-21,19.906391143798828,30.860000610351562,31.600000381469727,30.010000228881836,30.030000686645508,15810700
2020-12-22,19.551607131958008,30.309999465942383,30.93000030517578,29.75,30.690000534057617,11698800
2020-12-23,19.906391143798828,30.860000610351562,31.0,30.059999465942383,30.239999771118164,10158200
2020-12-28,20.022499084472656,31.040000915527344,31.489999771118164,30.75,31.190000534057617,5591800
2020-12-29,20.99652862548828,32.54999923706055,32.779998779296875,31.020000457763672,31.15999984741211,12861400
2020-12-30,20.54499053955078,31.850000381469727,32.70000076293945,31.729999542236328,32.599998474121094,10425400
2021-01-04,22.041519165039062,34.16999816894531,34.16999816894531,32.79999923706055,32.79999923706055,15190700
2021-01-05,22.441455841064453,34.790000915527344,34.79999923706055,33.459999084472656,34.599998474121094,14169800
2021-01-06,23.389678955078125,36.2599983215332,36.97999954223633,35.0,35.119998931884766,15970200
2021-01-07,24.85395622253418,38.529998779296875,38.529998779296875,36.560001373291016,36.70000076293945,16561000
2021-01-08,25.002317428588867,38.7599983215332,39.369998931884766,36.81999969482422,38.900001525878906,18578300
2021-01-11,24.45401954650879,37.90999984741211,38.93000030517578,37.5,37.75,11887500
2021-01-12,24.56368637084961,38.08000183105469,39.630001068115234,37.810001373291016,38.2400016784668,14861400
2021-01-13,23.38323211669922,36.25,38.209999084472656,36.25,38.150001525878906,14367100
2021-01-14,24.11859130859375,37.38999938964844,37.650001525878906,36.27000045776367,37.060001373291016,14094900
2021-01-15,22.164081573486328,34.36000061035156,37.119998931884766,34.209999084472656,36.7400016784668,17974200
2021-01-18,22.602718353271484,35.040000915527344,35.619998931884766,34.45000076293945,34.7400016784668,11478700
2021-01-19,21.31260871887207,33.040000915527344,35.41999816894531,32.400001525878906,35.220001220703125,22749800
2021-01-20,21.35131072998047,33.099998474121094,33.869998931884766,32.349998474121094,33.27000045776367,15041100
2021-01-21,21.55772590637207,33.41999816894531,34.93000030517578,33.150001525878906,33.65999984741211,15535900
2021-01-22,21.918956756591797,33.97999954223633,34.209999084472656,32.43000030517578,32.599998474121094,10757900
2021-01-26,21.286806106567383,33.0,34.86000061035156,32.72999954223633,33.83000183105469,10446900
2021-01-27,20.719158172607422,32.119998931884766,32.970001220703125,31.459999084472656,32.689998626708984,11478500
2021-01-28,21.377113342285156,33.13999938964844,33.380001068115234,31.190000534057617,31.6200008392334,13569800
2021-01-29,19.609663009643555,30.399999618530273,32.63999938964844,30.360000610351562,32.5,23380900
2021-02-01,20.441783905029297,31.690000534057617,31.799999237060547,30.809999465942383,31.0,14693900
2021-02-02,19.738676071166992,30.600000381469727,31.90999984741211,30.3700008392334,31.5,14886000
2021-02-03,20.112804412841797,31.18000030517578,31.760000228881836,30.920000076293945,30.950000762939453,12358600
2021-02-04,20.061201095581055,31.100000381469727,32.38999938964844,31.0,31.719999313354492,12368500
2021-02-05,21.53837776184082,33.38999938964844,33.720001220703125,31.239999771118164,31.559999465942383,18772000
2021-02-08,22.325342178344727,34.61000061035156,35.72999954223633,33.650001525878906,34.779998779296875,30261700
2021-02-09,22.8671875,35.45000076293945,35.95000076293945,34.459999084472656,35.20000076293945,22523800
2021-02-10,22.183427810668945,34.38999938964844,36.150001525878906,34.310001373291016,35.95000076293945,17540700
2021-02-11,21.29970932006836,33.02000045776367,34.900001525878906,32.90999984741211,34.83000183105469,17174200
2021-02-12,21.177146911621094,32.83000183105469,33.93000030517578,32.61000061035156,32.810001373291016,19754000
2021-02-17,21.789947509765625,33.779998779296875,34.27000045776367,33.11000061035156,33.279998779296875,13645700
2021-02-18,22.035070419311523,34.15999984741211,36.65999984741211,33.5099983215332,34.810001373291016,29101500
2021-02-19,22.744626998901367,35.2599983215332,35.2599983215332,33.7400016784668,34.16999816894531,15722600
2021-02-22,23.080055236816406,35.779998779296875,36.52000045776367,34.11000061035156,34.70000076293945,22345200
2021-02-23,22.97684669494629,35.619998931884766,37.439998626708984,34.5099983215332,36.54999923706055,30320600
2021-02-24,23.96378517150879,37.150001525878906,37.36000061035156,35.79999923706055,35.90999984741211,17988200
2021-02-25,22.4156494140625,34.75,38.04999923706055,34.29999923706055,37.2400016784668,18396600
2021-02-26,21.20294952392578,32.869998931884766,35.5099983215332,32.470001220703125,34.869998931884766,23030500
2021-03-01,21.912508010864258,33.970001220703125,34.540000915527344,33.209999084472656,33.4900016784668,13912900
2021-03-02,22.473705291748047,34.84000015258789,34.88999938964844,32.970001220703125,33.29999923706055,14488600
2021-03-03,22.847837448120117,35.41999816894531,36.45000076293945,34.349998474121094,35.04999923706055,25212200
2021-03-04,22.71237564086914,35.209999084472656,36.88999938964844,34.540000915527344,35.20000076293945,23150100
2021-03-05,23.867023468017578,37.0,37.150001525878906,34.470001220703125,35.209999084472656,20146600
2021-03-08,23.54449462890625,36.5,37.86000061035156,36.209999084472656,36.619998931884766,16757200
2021-03-09,22.68012237548828,35.15999984741211,35.779998779296875,33.91999816894531,35.4900016784668,22505000
2021-03-10,22.02861976623535,34.150001525878906,35.4900016784668,33.47999954223633,34.959999084472656,16178900
2021-03-11,24.047636032104492,37.279998779296875,37.279998779296875,34.75,34.79999923706055,28810900
2021-03-12,24.266952514648438,37.619998931884766,37.619998931884766,36.150001525878906,36.689998626708984,14528400
2021-03-15,23.1123104095459,35.83000183105469,37.599998474121094,35.650001525878906,37.369998931884766,18438700
2021-03-16,23.83477210998535,36.95000076293945,37.4900016784668,36.5,36.52000045776367,15645800
2021-03-17,24.279857635498047,37.63999938964844,37.68000030517578,36.84000015258789,37.11000061035156,11492600
2021-03-18,23.892826080322266,37.040000915527344,38.70000076293945,36.560001373291016,37.36000061035156,14294700
2021-03-19,22.970396041870117,35.61000061035156,37.45000076293945,35.41999816894531,37.18000030517578,16650600
2021-03-22,22.576913833618164,35.0,35.220001220703125,33.86000061035156,34.95000076293945,15154300
2021-03-23,21.609331130981445,33.5,35.41999816894531,33.209999084472656,35.16999816894531,13755900
2021-03-24,21.480321884155273,33.29999923706055,34.54999923706055,33.13999938964844,34.09000015258789,16377400
2021-03-25,21.589981079101562,33.470001220703125,34.16999816894531,32.849998474121094,33.619998931884766,17808000
2021-03-26,22.667219161987305,35.13999938964844,35.20000076293945,33.83000183105469,34.119998931884766,16394400
2021-03-29,23.499343872070312,36.43000030517578,36.529998779296875,35.29999923706055,35.29999923706055,15656800
2021-03-30,23.783164978027344,36.869998931884766,36.9900016784668,35.77000045776367,36.47999954223633,10009900
2021-03-31,24.447572708129883,37.900001525878906,37.93000030517578,36.63999938964844,36.939998626708984,13390400
2021-04-01,23.738014221191406,36.79999923706055,38.369998931884766,36.439998626708984,38.279998779296875,10943000
2021-04-05,24.383068084716797,37.79999923706055,38.08000183105469,37.25,37.33000183105469,8514800
2021-04-06,25.26679039001465,39.16999816894531,39.7400016784668,37.88999938964844,37.939998626708984,14762800
2021-04-07,25.731231689453125,39.88999938964844,40.0,38.900001525878906,39.33000183105469,11640300
2021-04-08,26.511749267578125,41.099998474121094,41.2599983215332,39.86000061035156,39.9900016784668,14414300
2021-04-09,27.795408248901367,43.09000015258789,43.439998626708984,40.61000061035156,40.810001373291016,18510300
2021-04-12,28.30500030517578,43.880001068115234,44.22999954223633,42.90999984741211,43.54999923706055,16052600
2021-04-13,29.079071044921875,45.08000183105469,45.29999923706055,43.45000076293945,43.959999084472656,13529500
2021-04-14,30.00149154663086,46.5099983215332,47.20000076293945,45.279998779296875,45.439998626708984,15706600
2021-04-15,30.349817276000977,47.04999923706055,48.15999984741211,46.61000061035156,47.79999923706055,12762400
2021-04-16,30.962627410888672,48.0,48.0,45.689998626708984,47.08000183105469,12823900
2021-04-19,30.59494400024414,47.43000030517578,48.540000915527344,47.150001525878906,48.08000183105469,9179800
2021-04-20,30.098251342773438,46.65999984741211,48.220001220703125,46.060001373291016,47.95000076293945,9480600
2021-04-22,31.427064895629883,48.720001220703125,49.849998474121094,46.70000076293945,47.13999938964844,16124900
2021-04-23,31.627037048339844,49.029998779296875,50.09000015258789,47.40999984741211,49.619998931884766,17145300
2021-04-26,33.23321533203125,51.52000045776367,51.52000045776367,49.619998931884766,49.849998474121094,10758300
2021-04-27,32.89134216308594,50.9900016784668,51.84000015258789,50.04999923706055,51.79999923706055,11458600
2021-04-28,33.13645553588867,51.369998931884766,51.77000045776367,50.70000076293945,51.09000015258789,7224400
2021-04-29,32.40754699707031,50.2400016784668,52.54999923706055,49.349998474121094,51.599998474121094,13628300
2021-04-30,31.730241775512695,49.189998626708984,50.119998931884766,48.779998779296875,49.619998931884766,11787300
2021-05-03,31.26148223876953,47.81999969482422,49.0,46.93000030517578,49.0,11726000
2021-05-04,31.470674514770508,48.13999938964844,49.25,46.810001373291016,47.52000045776367,11758500
2021-05-05,32.48395919799805,49.689998626708984,50.13999938964844,48.7400016784668,48.7400016784668,9654200
2021-05-06,33.01348114013672,50.5,51.369998931884766,49.060001373291016,51.189998626708984,11858100
2021-05-07,33.09846496582031,50.630001068115234,51.41999816894531,49.619998931884766,51.11000061035156,10915800
2021-05-10,33.17037582397461,50.7400016784668,53.900001525878906,50.7400016784668,52.209999084472656,15012700
2021-05-11,33.843719482421875,51.77000045776367,51.869998931884766,49.220001220703125,50.119998931884766,15544700
2021-05-12,32.30745315551758,49.41999816894531,52.34000015258789,49.25,51.2400016784668,14302500
2021-05-13,31.333391189575195,47.93000030517578,48.900001525878906,47.220001220703125,48.7599983215332,11969500
2021-05-14,30.72542381286621,47.0,47.75,45.849998474121094,47.56999969482422,10220600
2021-05-17,31.647184371948242,48.40999984741211,48.47999954223633,47.04999923706055,47.560001373291016,7815700
2021-05-18,32.170166015625,49.209999084472656,49.77000045776367,48.650001525878906,49.310001373291016,12023300
2021-05-19,30.888856887817383,47.25,48.25,46.41999816894531,48.20000076293945,15323000
2021-05-20,30.856164932250977,47.20000076293945,47.75,46.65999984741211,46.75,8486900
2021-05-21,29.87557029724121,45.70000076293945,47.369998931884766,45.40999984741211,47.02000045776367,11502200
2021-05-24,29.568313598632812,45.22999954223633,45.41999816894531,44.209999084472656,45.189998626708984,11910200
2021-05-25,28.862289428710938,44.150001525878906,45.84000015258789,43.650001525878906,45.45000076293945,10765500
2021-05-26,29.365650177001953,44.91999816894531,44.91999816894531,43.38999938964844,43.52000045776367,11110800
2021-05-27,29.391807556152344,44.959999084472656,45.900001525878906,44.959999084472656,45.33000183105469,12366300
2021-05-28,29.182605743408203,44.63999938964844,45.68000030517578,43.900001525878906,45.5,9699200
2021-05-31,29.365650177001953,44.91999816894531,45.56999969482422,44.400001525878906,45.20000076293945,7237800
2021-06-01,30.993452072143555,47.40999984741211,47.54999923706055,45.900001525878906,45.93000030517578,15762000
2021-06-02,30.45738983154297,46.59000015258789,47.97999954223633,46.33000183105469,47.709999084472656,9860200
2021-06-04,29.82326889038086,45.619998931884766,46.630001068115234,45.15999984741211,46.630001068115234,8284500
2021-06-07,28.94072914123535,44.27000045776367,45.4900016784668,44.06999969482422,45.40999984741211,10586400
2021-06-08,28.63347625732422,43.79999923706055,44.7400016784668,43.75,44.470001220703125,8439100
2021-06-09,29.27412986755371,44.779998779296875,45.099998474121094,43.150001525878906,44.209999084472656,10426300
2021-06-10,29.306821823120117,44.83000183105469,45.369998931884766,44.47999954223633,45.310001373291016,6206900
2021-06-11,29.744823455810547,45.5,46.0,45.04999923706055,45.279998779296875,7181400
2021-06-14,29.49639892578125,45.119998931884766,46.18000030517578,44.90999984741211,45.900001525878906,7644900
2021-06-15,29.091089248657227,44.5,45.5,43.75,45.34000015258789,8098800
2021-06-16,27.718246459960938,42.400001525878906,44.63999938964844,42.0,44.63999938964844,19333400
2021-06-17,26.345415115356445,40.29999923706055,42.38999938964844,40.0,42.20000076293945,16239600
2021-06-18,27.064517974853516,41.400001525878906,41.619998931884766,40.29999923706055,40.439998626708984,11456800
2021-06-21,27.48291015625,42.040000915527344,42.2599983215332,40.16999816894531,40.5,7606500
2021-06-22,27.790159225463867,42.5099983215332,42.83000183105469,42.150001525878906,42.459999084472656,6222900
2021-06-23,28.221628189086914,43.16999816894531,43.540000915527344,42.58000183105469,42.90999984741211,6979700
2021-06-24,29.156461715698242,44.599998474121094,44.939998626708984,43.20000076293945,43.790000915527344,7491100
2021-06-25,28.470043182373047,43.54999923706055,45.540000915527344,43.2400016784668,45.099998474121094,16099600
2021-06-28,28.06473159790039,42.93000030517578,44.099998474121094,42.310001373291016,43.75,8202500
2021-06-29,29.215295791625977,44.689998626708984,44.849998474121094,42.90999984741211,42.9900016784668,9522700
2021-06-30,28.757688522338867,43.9900016784668,45.22999954223633,43.36000061035156,44.41999816894531,8615100
2021-07-01,28.3915958404541,43.43000030517578,44.790000915527344,43.04999923706055,44.189998626708984,7275400
2021-07-02,29.463714599609375,45.06999969482422,45.130001068115234,43.529998779296875,43.79999923706055,7938400
2021-07-05,29.78404998779297,45.560001373291016,46.209999084472656,45.36000061035156,45.54999923706055,6373200
2021-07-06,29.149925231933594,44.59000015258789,45.650001525878906,43.970001220703125,45.5099983215332,7757300
2021-07-07,30.156681060791016,46.130001068115234,46.279998779296875,45.130001068115234,45.400001525878906,12047300
2021-07-08,28.82305908203125,44.09000015258789,44.900001525878906,43.709999084472656,44.70000076293945,17479700
2021-07-12,30.601207733154297,46.810001373291016,46.90999984741211,44.529998779296875,44.790000915527344,17926100
2021-07-13,30.908464431762695,47.279998779296875,47.689998626708984,46.34000015258789,46.61000061035156,10830000
2021-07-14,29.67945098876953,45.400001525878906,47.650001525878906,45.04999923706055,47.619998931884766,16775900
2021-07-15,30.267810821533203,46.29999923706055,46.939998626708984,45.56999969482422,45.650001525878906,9782600
2021-07-16,29.22183609008789,44.70000076293945,46.720001220703125,44.529998779296875,46.5,11377400
2021-07-19,28.82959747314453,44.099998474121094,44.099998474121094,42.40999984741211,43.86000061035156,17394800
2021-07-20,29.136844635009766,44.56999969482422,44.72999954223633,43.36000061035156,44.25,7243900
2021-07-21,29.78404998779297,45.560001373291016,45.58000183105469,44.0099983215332,44.4900016784668,9302700
2021-07-22,30.006315231323242,45.900001525878906,46.150001525878906,44.93000030517578,44.97999954223633,8965100
2021-07-23,29.901721954345703,45.7400016784668,46.459999084472656,45.16999816894531,45.88999938964844,6819500
2021-07-26,30.960758209228516,47.36000061035156,47.90999984741211,46.0,46.02000045776367,12179900
2021-07-27,30.646970748901367,46.880001068115234,47.27000045776367,46.150001525878906,47.15999984741211,9398800
2021-07-28,29.79058265686035,45.56999969482422,48.029998779296875,45.380001068115234,47.77000045776367,19887700
2021-07-29,31.464139938354492,48.130001068115234,48.540000915527344,45.650001525878906,45.83000183105469,24720900
2021-07-30,30.561986923217773,46.75,47.63999938964844,46.380001068115234,47.20000076293945,14347500
2021-08-02,30.130596160888672,44.84000015258789,46.689998626708984,44.75,46.689998626708984,12882300
2021-08-03,30.204513549804688,44.95000076293945,45.400001525878906,44.15999984741211,44.84000015258789,12248600
2021-08-04,30.527053833007812,45.43000030517578,45.83000183105469,44.63999938964844,44.88999938964844,11773900
2021-08-05,29.317529678344727,43.630001068115234,45.08000183105469,43.189998626708984,45.04999923706055,15191000
2021-08-06,29.17641830444336,43.41999816894531,44.91999816894531,43.38999938964844,43.689998626708984,10588800
2021-08-09,29.115943908691406,43.33000183105469,43.68000030517578,42.150001525878906,42.79999923706055,14769800
2021-08-10,29.4250431060791,43.790000915527344,44.41999816894531,43.220001220703125,43.36000061035156,11892700
2021-08-11,29.63334846496582,44.099998474121094,44.93000030517578,43.93000030517578,44.06999969482422,11658800
2021-08-12,29.31080436706543,43.619998931884766,44.400001525878906,43.56999969482422,43.90999984741211,7975200
2021-08-13,28.63213348388672,42.61000061035156,43.81999969482422,42.29999923706055,43.77000045776367,8935700
2021-08-16,27.852657318115234,41.45000076293945,42.18000030517578,40.9900016784668,42.18000030517578,11310100
2021-08-17,27.012712478637695,40.20000076293945,41.4900016784668,39.619998931884766,41.060001373291016,12472400
2021-08-18,26.387792587280273,39.27000045776367,40.09000015258789,38.849998474121094,39.54999923706055,14705000
2021-08-19,24.862445831298828,37.0,37.93000030517578,36.599998474121094,37.400001525878906,17934600
2021-08-20,24.822128295898438,36.939998626708984,37.900001525878906,36.70000076293945,36.9900016784668,10987400
2021-08-23,24.613821029663086,36.630001068115234,37.43000030517578,36.630001068115234,37.20000076293945,7305100
2021-08-24,25.930858612060547,38.59000015258789,38.959999084472656,37.939998626708984,38.0,12540400
2021-08-25,25.332815170288086,37.70000076293945,38.68000030517578,37.56999969482422,38.5,9339200
2021-08-26,24.56678581237793,36.560001373291016,37.939998626708984,36.5,37.61000061035156,8818800
2021-08-27,25.16482925415039,37.45000076293945,37.72999954223633,36.79999923706055,36.79999923706055,9458500
2021-08-30,24.654136657714844,36.689998626708984,37.66999816894531,36.56999969482422,37.47999954223633,9161800
2021-08-31,23.424455642700195,34.86000061035156,36.56999969482422,34.689998626708984,36.56999969482422,15204100
2021-09-01,23.437894821166992,34.880001068115234,35.4900016784668,33.470001220703125,34.0,14325800
2021-09-02,22.994401931762695,34.220001220703125,35.7599983215332,34.220001220703125,34.97999954223633,11208100
2021-09-03,23.390859603881836,34.810001373291016,35.34000015258789,34.290000915527344,35.040000915527344,13684400
2021-09-06,22.947368621826172,34.150001525878906,34.45000076293945,33.720001220703125,34.099998474121094,6052100
2021-09-08,22.315725326538086,33.209999084472656,34.02000045776367,33.209999084472656,33.939998626708984,9308400
2021-09-09,22.98096466064453,34.20000076293945,34.59000015258789,32.939998626708984,33.02000045776367,15709500
2021-09-10,22.6785831451416,33.75,35.400001525878906,33.7400016784668,35.20000076293945,10925500
2021-09-13,22.584508895874023,33.61000061035156,34.369998931884766,33.40999984741211,34.06999969482422,9817800
2021-09-14,22.26197052001953,33.130001068115234,33.86000061035156,32.79999923706055,33.5099983215332,10519700
2021-09-15,22.403078079223633,33.34000015258789,33.81999969482422,32.650001525878906,33.18000030517578,12511800
2021-09-16,21.01884651184082,31.280000686645508,32.70000076293945,31.219999313354492,32.70000076293945,12144200
2021-09-17,20.02434730529785,29.799999237060547,31.260000228881836,29.59000015258789,30.600000381469727,13872900
2021-09-20,19.406147003173828,28.8799991607666,29.1200008392334,27.959999084472656,28.0,12497400
2021-09-21,19.332229614257812,28.770000457763672,29.56999969482422,27.729999542236328,29.559999465942383,17593900
2021-09-22,19.708528518676758,29.329999923706055,31.270000457763672,29.139999389648438,30.25,20104000
2021-09-23,20.232656478881836,30.110000610351562,30.489999771118164,28.75,29.56999969482422,19336300
2021-09-24,19.506940841674805,29.030000686645508,29.719999313354492,28.850000381469727,29.700000762939453,12884500
2021-09-27,20.138580322265625,29.969999313354492,30.360000610351562,28.75,29.489999771118164,19275500
2021-09-28,18.55948257446289,27.6200008392334,29.639999389648438,27.6200008392334,29.43000030517578,15271000
2021-09-29,18.734188079833984,27.8799991607666,28.270000457763672,27.469999313354492,27.989999771118164,13833800
2021-09-30,19.30535125732422,28.729999542236328,29.579999923706055,28.459999084472656,28.559999465942383,16888500
2021-10-01,19.634613037109375,29.219999313354492,29.34000015258789,28.40999984741211,28.8799991607666,10384900
2021-10-04,18.653553009033203,27.760000228881836,29.1299991607666,27.65999984741211,29.1299991607666,12185100
2021-10-05,18.714031219482422,27.850000381469727,28.31999969482422,27.3799991607666,28.0,10174800
2021-10-06,18.693872451782227,27.81999969482422,27.81999969482422,26.760000228881836,27.239999771118164,11323200
2021-10-07,18.45868682861328,27.469999313354492,28.510000228881836,27.31999969482422,28.0,14410200
2021-10-08,19.02985191345215,28.31999969482422,29.149999618530273,28.06999969482422,28.100000381469727,14690800
2021-10-11,18.895458221435547,28.1200008392334,29.440000534057617,28.1200008392334,29.059999465942383,11921500
2021-10-13,18.45868682861328,27.469999313354492,28.049999237060547,27.190000534057617,28.0,12487700
2021-10-14,18.196624755859375,27.079999923706055,27.940000534057617,26.940000534057617,27.899999618530273,9363000
2021-10-15,18.53931999206543,27.59000015258789,27.8799991607666,26.969999313354492,27.219999313354492,9935800
2021-10-18,17.77328872680664,26.450000762939453,27.139999389648438,26.299999237060547,27.030000686645508,13672300
2021-10-19,17.249160766601562,25.670000076293945,26.700000762939453,25.43000030517578,26.200000762939453,13328400
2021-10-20,17.215564727783203,25.6200008392334,25.950000762939453,25.229999542236328,25.8799991607666,10004000
2021-10-21,16.845985412597656,25.06999969482422,25.100000381469727,24.079999923706055,24.56999969482422,16165900
2021-10-22,16.859424591064453,25.09000015258789,25.809999465942383,24.520000457763672,24.959999084472656,14957900
2021-10-25,17.538103103637695,26.100000381469727,26.239999771118164,25.149999618530273,25.350000381469727,8901100
2021-10-26,16.415935516357422,24.43000030517578,25.950000762939453,24.350000381469727,25.84000015258789,14918700
2021-10-27,16.462970733642578,24.5,25.389999389648438,24.43000030517578,24.579999923706055,13777300
2021-10-28,16.15386962890625,24.040000915527344,24.520000457763672,23.920000076293945,24.260000228881836,7779800
2021-10-29,15.307204246520996,22.780000686645508,24.09000015258789,22.739999771118164,24.059999465942383,15299700
2021-11-01,15.555828094482422,23.149999618530273,23.469999313354492,22.59000015258789,22.700000762939453,11536300
2021-11-03,14.843551635742188,22.09000015258789,22.920000076293945,21.8799991607666,22.700000762939453,17656500
2021-11-04,14.332863807678223,21.329999923706055,22.290000915527344,20.56999969482422,21.389999389648438,28049600
2021-11-05,14.27238655090332,21.239999771118164,21.690000534057617,20.979999542236328,21.56999969482422,11987000
2021-11-08,14.574769020080566,21.690000534057617,22.399999618530273,21.059999465942383,21.100000381469727,13946100
2021-11-09,14.319426536560059,21.309999465942383,22.190000534057617,21.149999618530273,21.530000686645508,15515000
2021-11-10,14.225349426269531,21.170000076293945,21.459999084472656,20.81999969482422,20.969999313354492,12310200
2021-11-11,15.287043571472168,22.75,22.899999618530273,21.770000457763672,22.0,20316700
2021-11-12,15.07873821258545,22.440000534057617,23.209999084472656,22.299999237060547,22.56999969482422,11765200
2021-11-16,14.18503475189209,21.110000610351562,22.559999465942383,21.09000015258789,22.530000686645508,12995600
2021-11-17,14.064080238342285,20.93000030517578,22.010000228881836,20.770000457763672,21.479999542236328,15085300
2021-11-18,13.311488151550293,19.809999465942383,20.860000610351562,19.709999084472656,20.700000762939453,17651400
2021-11-19,14.37318229675293,21.389999389648438,21.530000686645508,20.110000610351562,20.299999237060547,22286000
2021-11-22,14.64868450164795,21.799999237060547,22.25,21.399999618530273,22.149999618530273,15602400
2021-11-23,15.152652740478516,22.549999237060547,23.520000457763672,22.31999969482422,22.700000762939453,19803800
2021-11-24,15.401277542114258,22.920000076293945,23.239999771118164,22.309999465942383,22.600000381469727,13244000
2021-11-25,15.743976593017578,23.43000030517578,23.559999465942383,22.690000534057617,22.920000076293945,10193400
2021-11-26,14.97122573852539,22.280000686645508,22.739999771118164,21.81999969482422,22.260000228881836,12019900
2021-11-29,15.145936012268066,22.540000915527344,23.3700008392334,22.450000762939453,23.1299991607666,11500300
2021-11-30,14.621804237365723,21.760000228881836,22.700000762939453,21.510000228881836,22.34000015258789,16434300
2021-12-01,14.507574081420898,21.59000015258789,22.799999237060547,21.549999237060547,22.399999618530273,11674700
2021-12-02,15.838048934936523,23.56999969482422,23.56999969482422,21.850000381469727,21.940000534057617,14137900
2021-12-03,15.643181800842285,23.280000686645508,23.829999923706055,22.790000915527344,23.290000915527344,13963000
2021-12-06,16.21434783935547,24.1299991607666,24.280000686645508,23.149999618530273,23.690000534057617,13140000
2021-12-07,16.402494430541992,24.40999984741211,25.440000534057617,24.31999969482422,25.239999771118164,16167400
2021-12-08,16.194189071655273,24.100000381469727,24.920000076293945,24.040000915527344,24.520000457763672,9590900
2021-12-09,16.436092376708984,24.459999084472656,24.719999313354492,23.530000686645508,23.700000762939453,12160400
2021-12-10,16.382335662841797,24.3799991607666,24.829999923706055,23.690000534057617,24.65999984741211,13171100
2021-12-13,16.63096046447754,24.75,25.479999542236328,24.3700008392334,24.84000015258789,14792200
2021-12-14,16.382335662841797,24.3799991607666,25.18000030517578,24.309999465942383,24.950000762939453,9616700
2021-12-15,16.3621768951416,24.350000381469727,25.049999237060547,23.829999923706055,24.25,12695300
2021-12-16,17.349958419799805,25.81999969482422,25.860000610351562,24.65999984741211,25.0,14807800
2021-12-17,17.114768981933594,25.469999313354492,25.75,25.049999237060547,25.600000381469727,13440300
2021-12-20,15.932124137878418,23.709999084472656,25.079999923706055,23.639999389648438,25.049999237060547,17835400
2021-12-21,16.691438674926758,24.84000015258789,24.989999771118164,24.1200008392334,24.270000457763672,11476600
2021-12-22,16.637680053710938,24.760000228881836,25.0,24.420000076293945,24.68000030517578,6457600
2021-12-23,16.563762664794922,24.649999618530273,24.8799991607666,24.420000076293945,24.770000457763672,7220300
2021-12-27,16.745193481445312,24.920000076293945,24.979999542236328,24.260000228881836,24.559999465942383,5791500
2021-12-28,16.76535415649414,24.950000762939453,25.18000030517578,24.549999237060547,24.889999389648438,6394700
2021-12-29,16.825828552246094,25.040000915527344,25.170000076293945,24.65999984741211,24.889999389648438,6578800
2021-12-30,16.792232513427734,24.989999771118164,25.469999313354492,24.899999618530273,25.209999084472656,8263100
2022-01-03,16.469690322875977,24.510000228881836,25.739999771118164,24.510000228881836,25.389999389648438,8382300
2022-01-04,16.221067428588867,24.139999389648438,24.969999313354492,24.049999237060547,24.860000610351562,7604800
2022-01-05,15.876646995544434,23.440000534057617,24.260000228881836,23.3799991607666,24.100000381469727,10546600
2022-01-06,15.673446655273438,23.139999389648438,24.059999465942383,23.059999465942383,23.770000457763672,7757200
2022-01-07,16.33723258972168,24.1200008392334,24.190000534057617,22.920000076293945,23.3799991607666,10063000
2022-01-10,16.879100799560547,24.920000076293945,25.260000228881836,22.84000015258789,23.81999969482422,19290000
2022-01-11,16.83846092224121,24.860000610351562,25.81999969482422,24.649999618530273,24.799999237060547,17393200
2022-01-12,17.800270080566406,26.280000686645508,26.43000030517578,25.239999771118164,25.399999618530273,16808400
2022-01-13,17.73253631591797,26.18000030517578,26.549999237060547,25.68000030517578,25.809999465942383,10723400
2022-01-14,17.420963287353516,25.719999313354492,26.100000381469727,25.649999618530273,26.010000228881836,9321800
2022-01-17,17.028112411499023,25.139999389648438,25.600000381469727,25.059999465942383,25.5,7891800
2022-01-18,17.4683780670166,25.790000915527344,25.920000076293945,24.829999923706055,25.110000610351562,11038500
2022-01-19,17.92896270751953,26.469999313354492,26.989999771118164,26.200000762939453,26.489999771118164,14647400
2022-01-20,17.84768295288086,26.350000381469727,27.09000015258789,26.31999969482422,26.6200008392334,13554200
2022-01-21,17.4412841796875,25.75,26.510000228881836,25.719999313354492,26.25,14074300
2022-01-24,17.569976806640625,25.940000534057617,25.969999313354492,24.729999542236328,25.469999313354492,13589100
2022-01-25,17.210988998413086,25.40999984741211,26.219999313354492,25.110000610351562,25.989999771118164,14242100
2022-01-26,17.61061668395996,26.0,26.690000534057617,25.639999389648438,26.010000228881836,16806300
2022-01-27,17.73253631591797,26.18000030517578,26.719999313354492,25.75,26.329999923706055,11813300
2022-01-28,17.387096405029297,25.670000076293945,26.979999542236328,25.260000228881836,26.670000076293945,14517600
2022-01-31,17.29904556274414,25.540000915527344,25.84000015258789,24.479999542236328,25.350000381469727,12126500
2022-02-01,18.17280387878418,26.829999923706055,26.93000030517578,25.350000381469727,25.690000534057617,11604300
2022-02-02,18.26085662841797,26.959999084472656,27.239999771118164,26.6200008392334,26.829999923706055,7514200
2022-02-03,17.9560546875,26.510000228881836,27.200000762939453,26.31999969482422,27.059999465942383,7024700
2022-02-04,18.037334442138672,26.6299991607666,26.790000915527344,26.010000228881836,26.40999984741211,7903600
2022-02-07,18.606294631958008,27.469999313354492,27.6200008392334,26.670000076293945,26.700000762939453,9416500
2022-02-08,18.85690689086914,27.84000015258789,27.90999984741211,27.1200008392334,27.420000076293945,8141700
2022-02-09,19.087200164794922,28.18000030517578,28.280000686645508,27.360000610351562,27.40999984741211,7719100
2022-02-10,19.107519149780273,28.209999084472656,29.329999923706055,28.049999237060547,28.540000915527344,16086700
2022-02-11,18.836584091186523,27.809999465942383,28.6299991607666,27.65999984741211,28.3700008392334,9865600
2022-02-14,18.789175033569336,27.739999771118164,28.229999542236328,27.31999969482422,27.600000381469727,8512800
2022-02-15,17.881547927856445,26.399999618530273,27.399999618530273,26.049999237060547,27.399999618530273,17908300
2022-02-16,17.9560546875,26.510000228881836,26.979999542236328,26.459999084472656,26.549999237060547,8759000
2022-02-17,16.906192779541016,24.959999084472656,26.229999542236328,24.8700008392334,26.020000457763672,14506200
2022-02-18,16.6894474029541,24.639999389648438,25.360000610351562,24.559999465942383,25.209999084472656,10356900
2022-02-21,16.75718116760254,24.739999771118164,25.3799991607666,24.610000610351562,24.850000381469727,9065700
2022-02-22,16.872325897216797,24.90999984741211,25.110000610351562,24.399999618530273,24.950000762939453,8389500
2022-02-23,16.052753448486328,23.700000762939453,25.209999084472656,23.559999465942383,25.040000915527344,11194000
2022-02-24,15.917288780212402,23.5,23.5,22.549999237060547,22.739999771118164,10051800
2022-02-25,17.001018524169922,25.100000381469727,25.100000381469727,22.989999771118164,23.100000381469727,14967700
2022-03-02,18.37600326538086,27.1299991607666,27.299999237060547,26.469999313354492,26.709999084472656,15693700
2022-03-03,19.297170639038086,28.489999771118164,28.559999465942383,27.309999465942383,27.84000015258789,15874900
2022-03-04,19.64261245727539,29.0,29.049999237060547,28.0,28.280000686645508,10606000
2022-03-07,19.601970672607422,28.940000534057617,30.540000915527344,28.690000534057617,29.610000610351562,17588100
2022-03-08,18.660480499267578,27.549999237060547,29.479999542236328,27.389999389648438,29.200000762939453,16533000
2022-03-09,18.94495964050293,27.969999313354492,28.049999237060547,26.479999542236328,27.540000915527344,12623500
2022-03-10,18.62661361694336,27.5,27.65999984741211,26.299999237060547,27.239999771118164,17811700
2022-03-11,17.529338836669922,25.8799991607666,27.809999465942383,25.850000381469727,27.65999984741211,10887800
2022-03-14,16.506568908691406,24.3700008392334,26.18000030517578,24.18000030517578,25.309999465942383,11594900
2022-03-15,15.815689086914062,23.350000381469727,24.260000228881836,23.25,23.780000686645508,11682800
2022-03-16,16.188220977783203,23.899999618530273,24.770000457763672,23.399999618530273,24.40999984741211,12455700
2022-03-17,17.47515106201172,25.799999237060547,25.84000015258789,24.280000686645508,24.389999389648438,14770700
2022-03-18,17.393871307373047,25.68000030517578,26.219999313354492,25.399999618530273,25.84000015258789,16003600
2022-03-21,17.84090805053711,26.34000015258789,26.860000610351562,26.020000457763672,26.049999237060547,10118200
2022-03-22,17.60384178161621,25.989999771118164,26.719999313354492,25.6200008392334,26.3799991607666,10005800
2022-03-23,17.76640510559082,26.229999542236328,26.989999771118164,26.06999969482422,26.1299991607666,11476300
2022-03-24,18.084749221801758,26.700000762939453,26.760000228881836,25.709999084472656,26.40999984741211,11591900
2022-03-25,18.003467559814453,26.579999923706055,27.200000762939453,26.1200008392334,26.969999313354492,9252800
2022-03-28,17.793495178222656,26.270000457763672,26.93000030517578,26.06999969482422,26.8700008392334,6374600
2022-03-29,17.637710571289062,26.040000915527344,26.649999618530273,25.649999618530273,26.540000915527344,8003300
2022-03-30,18.07120132446289,26.68000030517578,26.889999389648438,25.959999084472656,26.309999465942383,9340000
2022-03-31,17.630937576293945,26.030000686645508,27.190000534057617,25.889999389648438,26.770000457763672,10192900
2022-04-01,17.712215423583984,26.149999618530273,26.540000915527344,25.729999542236328,26.280000686645508,7572900
2022-04-04,17.90186882019043,26.43000030517578,26.93000030517578,26.100000381469727,26.219999313354492,7040900
2022-04-05,17.4412841796875,25.75,26.649999618530273,25.649999618530273,26.329999923706055,6181100
2022-04-06,16.9536075592041,25.030000686645508,25.809999465942383,24.65999984741211,25.790000915527344,8216100
2022-04-07,17.048431396484375,25.170000076293945,25.299999237060547,24.610000610351562,24.670000076293945,6629000
2022-04-08,17.427736282348633,25.729999542236328,25.969999313354492,24.969999313354492,24.979999542236328,8577600
2022-04-11,17.271949768066406,25.5,26.09000015258789,25.18000030517578,25.209999084472656,5670700
2022-04-12,17.420963287353516,25.719999313354492,26.290000915527344,25.68000030517578,26.0,7448100
2022-04-13,17.820589065551758,26.309999465942383,26.549999237060547,25.75,25.75,9011800
2022-04-14,17.231311798095703,25.440000534057617,26.5,25.270000457763672,26.31999969482422,8514200
2022-04-18,16.763952255249023,24.75,25.389999389648438,24.6299991607666,25.329999923706055,7544200
2022-04-19,16.83846092224121,24.860000610351562,24.989999771118164,24.0,24.549999237060547,6469200
2022-04-20,16.147581100463867,23.84000015258789,24.709999084472656,23.6200008392334,24.670000076293945,7856300
2022-04-22,14.908064842224121,22.010000228881836,23.18000030517578,21.829999923706055,23.079999923706055,16218800
2022-04-25,14.515213012695312,21.43000030517578,21.68000030517578,20.799999237060547,21.25,15468400
2022-04-26,13.600813865661621,20.079999923706055,21.389999389648438,20.079999923706055,21.260000228881836,14379700
2022-04-27,14.223958015441895,21.0,21.549999237060547,20.850000381469727,21.020000457763672,13267600
2022-04-28,14.542304039001465,21.469999313354492,21.65999984741211,20.770000457763672,21.200000762939453,8263400
2022-04-29,14.271373748779297,21.06999969482422,22.469999313354492,20.959999084472656,22.0,12143000
2022-05-02,14.020498275756836,20.030000686645508,20.5,19.450000762939453,20.290000915527344,12621600
2022-05-03,14.643473625183105,20.920000076293945,20.920000076293945,20.079999923706055,20.079999923706055,10847200
2022-05-04,15.028460502624512,21.469999313354492,21.469999313354492,20.350000381469727,20.729999542236328,8598800
2022-05-05,14.139493942260742,20.200000762939453,21.360000610351562,19.510000228881836,21.15999984741211,17100400
2022-05-06,13.978497505187988,19.969999313354492,20.350000381469727,19.559999465942383,19.989999771118164,9315200
2022-05-09,13.348520278930664,19.06999969482422,19.510000228881836,18.969999313354492,19.329999923706055,9705500
2022-05-10,12.571549415588379,17.959999084472656,19.299999237060547,17.65999984741211,19.239999771118164,17660200
2022-05-11,12.774541854858398,18.25,18.989999771118164,18.190000534057617,18.399999618530273,15781600
2022-05-12,12.067567825317383,17.239999771118164,17.889999389648438,16.959999084472656,17.600000381469727,20409100
2022-05-13,12.543550491333008,17.920000076293945,18.219999313354492,17.3700008392334,17.5,11555900
2022-05-16,12.879538536071777,18.399999618530273,18.68000030517578,18.020000457763672,18.110000610351562,10251700
2022-05-17,13.103530883789062,18.719999313354492,19.209999084472656,18.610000610351562,18.700000762939453,8728400
2022-05-18,12.340557098388672,17.6299991607666,18.459999084472656,17.600000381469727,18.329999923706055,10361000
2022-05-19,13.22952651977539,18.899999618530273,19.1200008392334,17.450000762939453,17.549999237060547,18291400
2022-05-20,13.887502670288086,19.84000015258789,19.8799991607666,19.260000228881836,19.56999969482422,14733900
2022-05-23,14.440482139587402,20.6299991607666,20.809999465942383,20.059999465942383,20.260000228881836,13724500
2022-05-24,14.671473503112793,20.959999084472656,20.959999084472656,19.93000030517578,20.170000076293945,10020400
2022-05-25,14.699472427368164,21.0,21.100000381469727,20.479999542236328,20.989999771118164,9323300
2022-05-26,15.140457153320312,21.6299991607666,21.770000457763672,20.93000030517578,21.010000228881836,14608000
2022-05-27,15.609441757202148,22.299999237060547,22.5,21.760000228881836,21.770000457763672,12843500
2022-05-30,15.51844310760498,22.170000076293945,22.639999389648438,21.850000381469727,22.510000228881836,6913500
2022-05-31,15.287452697753906,21.84000015258789,22.459999084472656,21.530000686645508,22.31999969482422,12668600
2022-06-01,15.525444030761719,22.18000030517578,22.399999618530273,21.709999084472656,21.93000030517578,11740600
2022-06-02,16.07142448425293,22.959999084472656,23.260000228881836,22.559999465942383,22.649999618530273,9981700
2022-06-03,15.959427833557129,22.799999237060547,22.950000762939453,22.520000457763672,22.899999618530273,6660600
2022-06-06,15.39944839477539,22.0,22.989999771118164,21.90999984741211,22.989999771118164,9428200
2022-06-07,15.490445137023926,22.1299991607666,22.3799991607666,21.6200008392334,21.729999542236328,7865500
2022-06-08,14.727472305297852,21.040000915527344,22.030000686645508,20.90999984741211,21.799999237060547,10485200
2022-06-09,13.747507095336914,19.639999389648438,20.950000762939453,19.639999389648438,20.950000762939453,14032500
2022-06-10,13.740507125854492,19.6299991607666,19.84000015258789,18.8799991607666,19.309999465942383,13214000
2022-06-13,12.907537460327148,18.440000534057617,19.110000610351562,18.079999923706055,18.809999465942383,14257700
2022-06-14,12.690544128417969,18.1299991607666,18.690000534057617,17.799999237060547,18.610000610351562,10507400
2022-06-15,12.557551383972168,17.940000534057617,18.530000686645508,17.739999771118164,18.479999542236328,12704700
2022-06-17,11.913573265075684,17.020000457763672,17.440000534057617,16.34000015258789,17.420000076293945,23140700
2022-06-20,11.794577598571777,16.850000381469727,17.09000015258789,16.170000076293945,16.649999618530273,7049600
2022-06-21,11.71757984161377,16.739999771118164,17.309999465942383,16.56999969482422,17.079999923706055,7150100
2022-06-22,11.17859935760498,15.970000267028809,16.329999923706055,15.489999771118164,16.18000030517578,17697900
2022-06-23,10.954607963562012,15.649999618530273,16.510000228881836,15.380000114440918,16.299999237060547,15707300
2022-06-24,11.521586418151855,16.459999084472656,16.540000915527344,15.699999809265137,15.930000305175781,18558600
2022-06-27,11.87857437133789,16.969999313354492,17.309999465942383,16.65999984741211,16.889999389648438,11412000
2022-06-28,11.948570251464844,17.06999969482422,17.450000762939453,16.860000610351562,17.34000015258789,12449300
2022-06-29,11.54958724975586,16.5,17.270000457763672,16.399999618530273,17.200000762939453,10805300
2022-06-30,10.807612419128418,15.4399995803833,16.06999969482422,15.34000015258789,15.979999542236328,19866100
2022-07-01,10.555622100830078,15.079999923706055,15.75,14.720000267028809,15.180000305175781,16901900
2022-07-04,10.4506254196167,14.930000305175781,15.109999656677246,14.619999885559082,14.899999618530273,7823600
2022-07-05,10.261631965637207,14.65999984741211,14.84000015258789,14.279999732971191,14.739999771118164,13416000
2022-07-06,10.317630767822266,14.739999771118164,15.029999732971191,14.350000381469727,14.75,15368400
2022-07-07,10.863612174987793,15.520000457763672,15.779999732971191,15.079999923706055,15.100000381469727,15964100
2022-07-08,10.534623146057129,15.050000190734863,15.739999771118164,14.90999984741211,15.300000190734863,12590700
2022-07-11,10.002642631530762,14.289999961853027,14.739999771118164,14.260000228881836,14.609999656677246,11432700
2022-07-12,9.967642784118652,14.239999771118164,14.430000305175781,13.8100004196167,14.180000305175781,14031000
2022-07-13,10.058639526367188,14.369999885559082,14.630000114440918,14.0,14.149999618530273,11393700
2022-07-14,9.414663314819336,13.449999809265137,14.0600004196167,13.449999809265137,13.90999984741211,13499000
2022-07-15,9.687653541564941,13.84000015258789,13.949999809265137,13.239999771118164,13.4399995803833,13560300
2022-07-18,9.806650161743164,14.010000228881836,14.510000228881836,13.979999542236328,14.300000190734863,9944800
2022-07-19,10.037640571594238,14.34000015258789,14.5,13.779999732971191,13.890000343322754,9488700
2022-07-20,10.100638389587402,14.430000305175781,14.479999542236328,14.079999923706055,14.239999771118164,7028200
2022-07-21,10.121638298034668,14.460000038146973,14.5,14.15999984741211,14.319999694824219,7905900
2022-07-22,10.086638450622559,14.40999984741211,15.149999618530273,14.350000381469727,14.75,13373200
2022-07-25,10.177635192871094,14.539999961853027,14.9399995803833,14.520000457763672,14.890000343322754,9507200
2022-07-26,10.051639556884766,14.359999656677246,14.84000015258789,14.130000114440918,14.699999809265137,9490400
2022-07-27,10.261631965637207,14.65999984741211,14.75,14.319999694824219,14.40999984741211,9812400
2022-07-28,10.380629539489746,14.829999923706055,15.229999542236328,14.670000076293945,14.829999923706055,8745900
2022-07-29,10.296631813049316,14.710000038146973,14.850000381469727,14.529999732971191,14.800000190734863,9907300
2022-08-01,9.890645980834961,14.130000114440918,14.649999618530273,14.029999732971191,14.649999618530273,11442700
2022-08-02,10.051639556884766,14.359999656677246,14.449999809265137,13.90999984741211,14.149999618530273,8423400
2022-08-03,9.911645889282227,14.15999984741211,14.489999771118164,14.020000457763672,14.34000015258789,9556600
2022-08-04,10.492624282836914,14.989999771118164,15.149999618530273,14.100000381469727,14.229999542236328,19514800
2022-08-05,10.772614479064941,15.390000343322754,15.729999542236328,14.819999694824219,15.0,12084200
2022-08-08,10.681617736816406,15.260000228881836,15.720000267028809,15.119999885559082,15.710000038146973,11841100
2022-08-09,10.807612419128418,15.4399995803833,15.520000457763672,15.130000114440918,15.350000381469727,7664300
2022-08-10,11.010605812072754,15.729999542236328,15.84000015258789,15.270000457763672,15.640000343322754,8733300
2022-08-11,11.33259391784668,16.190000534057617,16.700000762939453,15.8100004196167,15.949999809265137,11634800
2022-08-12,11.682581901550293,16.690000534057617,16.739999771118164,16.219999313354492,16.260000228881836,8602400
2022-08-15,11.150601387023926,15.930000305175781,16.280000686645508,15.760000228881836,16.270000457763672,12184200
2022-08-16,11.199600219726562,16.0,16.360000610351562,15.680000305175781,15.789999961853027,16154000
2022-08-17,11.388592720031738,16.270000457763672,16.350000381469727,15.449999809265137,15.670000076293945,11382500
2022-08-18,11.073603630065918,15.819999694824219,16.450000762939453,15.8100004196167,16.329999923706055,7347900
2022-08-19,10.758614540100098,15.369999885559082,15.720000267028809,15.279999732971191,15.710000038146973,10154600
2022-08-22,10.401628494262695,14.859999656677246,15.279999732971191,14.710000038146973,15.279999732971191,11504000
2022-08-23,11.367593765258789,16.239999771118164,16.239999771118164,14.949999809265137,15.0,13797000
2022-08-24,11.164600372314453,15.949999809265137,16.459999084472656,15.699999809265137,16.239999771118164,10266500
2022-08-25,11.171600341796875,15.960000038146973,16.25,15.760000228881836,16.18000030517578,9613500
2022-08-26,10.506624221801758,15.010000228881836,16.139999389648438,15.0,16.0,15716600
2022-08-29,10.149637222290039,14.5,15.020000457763672,14.430000305175781,14.729999542236328,8657800
2022-08-30,9.827648162841797,14.039999961853027,14.649999618530273,14.0,14.40999984741211,7132900
2022-08-31,9.659655570983887,13.800000190734863,14.1899995803833,13.800000190734863,14.130000114440918,12166000
2022-09-01,9.49866008758545,13.569999694824219,13.75,13.180000305175781,13.75,11466600
2022-09-02,9.393664360046387,13.420000076293945,13.920000076293945,13.369999885559082,13.739999771118164,10527800
2022-09-05,9.582656860351562,13.6899995803833,14.149999618530273,13.59000015258789,13.699999809265137,7313200
2022-09-06,9.23266887664795,13.1899995803833,13.65999984741211,13.100000381469727,13.600000381469727,9719900
2022-09-08,9.071675300598145,12.960000038146973,13.470000267028809,12.819999694824219,13.369999885559082,14035300
2022-09-09,9.876646041870117,14.109999656677246,14.140000343322754,13.329999923706055,13.329999923706055,18685300
2022-09-12,9.946643829345703,14.210000038146973,14.420000076293945,14.09000015258789,14.220000267028809,6573300
2022-09-13,9.477662086486816,13.539999961853027,14.270000457763672,13.510000228881836,14.020000457763672,9413600
2022-09-14,9.106673240661621,13.010000228881836,13.600000381469727,12.899999618530273,13.479999542236328,14025400
2022-09-15,9.050676345825195,12.930000305175781,13.279999732971191,12.880000114440918,13.0600004196167,10515400
2022-09-16,9.169672012329102,13.100000381469727,13.149999618530273,12.680000305175781,12.8100004196167,16328300
2022-09-19,9.540658950805664,13.630000114440918,13.8100004196167,12.859999656677246,12.960000038146973,20126300
2022-09-20,9.169672012329102,13.100000381469727,13.600000381469727,13.0,13.510000228881836,15729600
2022-09-21,8.763687133789062,12.520000457763672,13.1899995803833,12.479999542236328,13.119999885559082,23771000
2022-09-22,9.085675239562988,12.979999542236328,13.229999542236328,12.75,12.930000305175781,21658500
2022-09-23,8.98067855834961,12.829999923706055,12.880000114440918,12.539999961853027,12.65999984741211,11271200
2022-09-26,8.62369155883789,12.319999694824219,13.0,12.279999732971191,12.670000076293945,12834600
2022-09-27,8.469696998596191,12.100000381469727,12.65999984741211,12.039999961853027,12.479999542236328,13356700
2022-09-28,8.5466947555542,12.210000038146973,12.319999694824219,11.960000038146973,12.109999656677246,8176300
2022-09-29,8.427698135375977,12.039999961853027,12.210000038146973,11.800000190734863,12.050000190734863,10860500
2022-09-30,8.903681755065918,12.720000267028809,12.800000190734863,11.90999984741211,12.050000190734863,10739500
2022-10-03,9.274667739868164,13.25,13.300000190734863,12.869999885559082,13.010000228881836,9120900
2022-10-04,9.72965145111084,13.899999618530273,13.930000305175781,13.430000305175781,13.430000305175781,14628700
2022-10-05,10.016641616821289,14.3100004196167,14.399999618530273,13.829999923706055,13.84000015258789,17225000
2022-10-06,10.023641586303711,14.319999694824219,14.5,14.09000015258789,14.359999656677246,6125200
2022-10-07,10.009642601013184,14.300000190734863,14.680000305175781,14.15999984741211,14.260000228881836,10475700
2022-10-10,9.771651268005371,13.960000038146973,14.539999961853027,13.890000343322754,14.380000114440918,8002700
2022-10-11,9.645654678344727,13.779999732971191,13.899999618530273,13.40999984741211,13.84000015258789,8781500
2022-10-13,9.575658798217773,13.680000305175781,13.899999618530273,13.329999923706055,13.600000381469727,7970400
2022-10-14,9.008676528930664,12.869999885559082,13.720000267028809,12.829999923706055,13.710000038146973,13129100
2022-10-17,8.945680618286133,12.779999732971191,13.039999961853027,12.640000343322754,12.920000076293945,9619700
2022-10-18,9.211668968200684,13.15999984741211,13.359999656677246,12.829999923706055,13.15999984741211,9008300
2022-10-19,9.008676528930664,12.869999885559082,13.140000343322754,12.739999771118164,13.119999885559082,7449900
2022-10-20,9.3656644821167,13.380000114440918,13.779999732971191,12.789999961853027,12.899999618530273,17652400
2022-10-21,9.932642936706543,14.1899995803833,14.1899995803833,13.09000015258789,13.300000190734863,17374800
2022-10-24,9.127673149108887,13.039999961853027,13.949999809265137,12.920000076293945,13.859999656677246,17724300
2022-10-25,9.043676376342773,12.920000076293945,13.460000038146973,12.899999618530273,13.029999732971191,16734700
2022-10-26,9.190670013427734,13.130000114440918,13.449999809265137,12.579999923706055,12.920000076293945,16477900
2022-10-27,9.14167308807373,13.0600004196167,13.210000038146973,12.819999694824219,12.970000267028809,12649500
2022-10-28,8.616692543029785,12.3100004196167,12.8100004196167,11.819999694824219,12.789999961853027,28394300
2022-10-31,8.59569263458252,12.279999732971191,12.680000305175781,11.920000076293945,12.039999961853027,13632900
2022-11-01,8.994678497314453,12.850000381469727,13.029999732971191,12.199999809265137,12.600000381469727,19139700
2022-11-03,8.945680618286133,12.779999732971191,12.979999542236328,12.229999542236328,12.520000457763672,10317700
2022-11-04,9.512660026550293,13.59000015258789,14.0,13.329999923706055,13.329999923706055,21883200
2022-11-07,9.190670013427734,13.130000114440918,13.779999732971191,13.050000190734863,13.609999656677246,12873200
2022-11-08,9.49866008758545,13.569999694824219,13.699999809265137,12.90999984741211,13.149999618530273,13977800
2022-11-09,9.3656644821167,13.380000114440918,13.9399995803833,13.270000457763672,13.579999923706055,12384400
2022-11-10,9.246668815612793,13.210000038146973,13.600000381469727,12.789999961853027,13.0,14041500
2022-11-11,10.800613403320312,15.430000305175781,15.470000267028809,13.539999961853027,13.619999885559082,29834800
2022-11-14,10.464625358581543,14.949999809265137,15.579999923706055,14.609999656677246,15.550000190734863,16916900
2022-11-16,10.345629692077637,14.779999732971191,15.15999984741211,14.470000267028809,15.069999694824219,11786900
2022-11-17,10.226633071899414,14.609999656677246,14.649999618530273,13.9399995803833,14.510000228881836,13629600
2022-11-18,9.86264705657959,14.09000015258789,14.949999809265137,14.029999732971191,14.899999618530273,12026600
2022-11-21,9.750651359558105,13.930000305175781,14.180000305175781,13.359999656677246,14.149999618530273,10084900
2022-11-22,10.093639373779297,14.420000076293945,14.800000190734863,14.260000228881836,14.300000190734863,18770300
2022-11-23,10.11463737487793,14.449999809265137,14.569999694824219,13.9399995803833,14.399999618530273,16265300
2022-11-24,10.4086275100708,14.869999885559082,14.949999809265137,14.550000190734863,14.630000114440918,7867100
2022-11-25,10.492624282836914,14.989999771118164,15.399999618530273,14.84000015258789,15.039999961853027,18190900
2022-11-28,10.0515775680542,13.229999542236328,13.75,13.050000190734863,13.720000267028809,16969800
2022-11-29,10.902504920959473,14.350000381469727,14.520000457763672,13.5,13.5,21989100
2022-11-30,11.03166389465332,14.520000457763672,14.729999542236328,14.239999771118164,14.40999984741211,16436700
2022-12-01,10.887309074401855,14.329999923706055,14.550000190734863,14.149999618530273,14.470000267028809,10587400
2022-12-02,11.024065017700195,14.510000228881836,14.75,14.069999694824219,14.5600004196167,10359300
2022-12-05,11.039260864257812,14.529999732971191,15.180000305175781,14.510000228881836,14.789999961853027,11530600
2022-12-06,11.16841983795166,14.699999809265137,14.869999885559082,14.4399995803833,14.59000015258789,9608700
2022-12-07,10.9556884765625,14.420000076293945,14.619999885559082,14.220000267028809,14.399999618530273,8836700
2022-12-08,10.697371482849121,14.079999923706055,14.760000228881836,14.020000457763672,14.579999923706055,9717100
2022-12-09,11.251993179321289,14.8100004196167,15.069999694824219,14.350000381469727,14.390000343322754,16026200
2022-12-12,10.910101890563965,14.359999656677246,14.819999694824219,13.949999809265137,14.649999618530273,11785100
2022-12-13,10.545419692993164,13.880000114440918,14.720000267028809,13.880000114440918,14.449999809265137,12322600
2022-12-14,10.910101890563965,14.359999656677246,14.40999984741211,13.720000267028809,13.859999656677246,15047300
2022-12-15,10.659382820129395,14.029999732971191,14.869999885559082,13.859999656677246,14.5,17614800
2022-12-16,10.568211555480957,13.90999984741211,14.229999542236328,13.850000381469727,14.09000015258789,14536200
2022-12-19,10.355481147766113,13.630000114440918,13.829999923706055,13.329999923706055,13.829999923706055,10675300
2022-12-20,10.75815200805664,14.15999984741211,14.520000457763672,13.609999656677246,13.619999885559082,11506000
2022-12-21,10.818931579589844,14.239999771118164,14.59000015258789,14.029999732971191,14.470000267028809,8761800
2022-12-22,10.811333656311035,14.229999542236328,14.34000015258789,13.880000114440918,14.3100004196167,5951300
2022-12-23,10.568211555480957,13.90999984741211,14.170000076293945,13.65999984741211,14.170000076293945,9012400
2022-12-26,10.74295711517334,14.140000343322754,14.289999961853027,13.949999809265137,14.100000381469727,10103600
2022-12-27,10.986079216003418,14.460000038146973,14.539999961853027,14.100000381469727,14.25,12826700
2022-12-28,11.236798286437988,14.789999961853027,15.050000190734863,14.5,14.630000114440918,10811700
2022-12-29,11.463601112365723,14.550000190734863,14.789999961853027,14.260000228881836,14.470000267028809,10362800
2023-01-02,11.597539901733398,14.720000267028809,14.979999542236328,14.25,14.550000190734863,10686500
2023-01-03,11.463601112365723,14.550000190734863,14.979999542236328,14.449999809265137,14.720000267028809,8660200
2023-01-04,11.55026626586914,14.65999984741211,14.680000305175781,14.25,14.5600004196167,6661500
2023-01-05,12.314506530761719,15.630000114440918,15.710000038146973,14.380000114440918,14.710000038146973,17032900
2023-01-06,12.818748474121094,16.270000457763672,16.729999542236328,15.609999656677246,15.680000305175781,15974400
2023-01-09,12.87389850616455,16.34000015258789,16.450000762939453,15.960000038146973,16.149999618530273,8188000
2023-01-10,13.488443374633789,17.1200008392334,17.260000228881836,16.229999542236328,16.309999465942383,11197100
2023-01-11,13.512078285217285,17.149999618530273,17.520000457763672,16.8700008392334,17.440000534057617,9931700
2023-01-12,13.338746070861816,16.93000030517578,17.329999923706055,16.65999984741211,17.209999084472656,12944900
2023-01-13,13.307230949401855,16.889999389648438,17.09000015258789,16.809999465942383,16.979999542236328,6851400
2023-01-16,13.086627006530762,16.610000610351562,16.68000030517578,16.139999389648438,16.6299991607666,6010000
2023-01-17,13.220564842224121,16.780000686645508,17.0,16.510000228881836,16.739999771118164,9336400
2023-01-18,13.638138771057129,17.309999465942383,17.43000030517578,16.950000762939453,17.059999465942383,10835100
2023-01-19,13.716926574707031,17.40999984741211,17.549999237060547,17.0,17.239999771118164,8058000
2023-01-20,14.047835350036621,17.829999923706055,18.149999618530273,17.530000686645508,17.549999237060547,10252300
2023-01-23,14.142380714416504,17.950000762939453,18.25,17.84000015258789,17.84000015258789,9068600
2023-01-24,13.8902587890625,17.6299991607666,18.18000030517578,17.420000076293945,18.0,11568200
2023-01-25,13.874502182006836,17.610000610351562,17.850000381469727,17.31999969482422,17.729999542236328,10185300
2023-01-26,14.489046096801758,18.389999389648438,18.479999542236328,17.729999542236328,17.75,9994600
2023-01-27,14.339349746704102,18.200000762939453,18.5,18.020000457763672,18.360000610351562,6002000
2023-01-30,14.418136596679688,18.299999237060547,18.549999237060547,17.940000534057617,18.350000381469727,6900800
2023-01-31,14.575713157653809,18.5,18.639999389648438,18.15999984741211,18.260000228881836,5910900
2023-02-01,14.58359146118164,18.510000228881836,18.56999969482422,18.030000686645508,18.459999084472656,6596700
2023-02-02,13.787836074829102,17.5,18.559999465942383,17.3799991607666,18.350000381469727,8654900
2023-02-03,13.8902587890625,17.6299991607666,18.170000076293945,17.440000534057617,17.5,6322700
2023-02-06,13.606624603271484,17.270000457763672,17.700000762939453,17.020000457763672,17.700000762939453,7282800
2023-02-07,13.622382164001465,17.290000915527344,17.510000228881836,17.06999969482422,17.260000228881836,4288400
2023-02-08,13.638138771057129,17.309999465942383,17.489999771118164,17.06999969482422,17.40999984741211,3302500
2023-02-09,13.46480655670166,17.09000015258789,17.469999313354492,16.969999313354492,17.350000381469727,6047100
2023-02-10,13.441169738769531,17.059999465942383,17.31999969482422,16.860000610351562,17.020000457763672,4209700
2023-02-13,13.386018753051758,16.989999771118164,17.020000457763672,16.530000686645508,16.90999984741211,4470100
2023-02-14,13.425413131713867,17.040000915527344,17.59000015258789,16.969999313354492,17.200000762939453,8699400
2023-02-15,13.921774864196777,17.670000076293945,17.780000686645508,17.0,17.049999237060547,7038800
2023-02-16,14.15025806427002,17.959999084472656,18.200000762939453,17.670000076293945,17.760000228881836,7166000
2023-02-17,13.709047317504883,17.399999618530273,18.030000686645508,17.360000610351562,17.959999084472656,5972100
2023-02-22,13.669654846191406,17.350000381469727,17.690000534057617,17.09000015258789,17.299999237060547,4928600
2023-02-23,13.732686042785645,17.43000030517578,17.75,16.979999542236328,17.3799991607666,5571600
2023-02-24,13.015717506408691,16.520000457763672,17.389999389648438,16.440000534057617,17.260000228881836,8916900
2023-02-27,13.181170463562012,16.729999542236328,16.93000030517578,16.389999389648438,16.43000030517578,7336600
2023-02-28,13.133898735046387,16.670000076293945,16.989999771118164,16.600000381469727,16.709999084472656,9603600
2023-03-01,14.134501457214355,17.940000534057617,17.969999313354492,17.020000457763672,17.09000015258789,14004600
2023-03-02,14.00056266784668,17.770000457763672,18.059999465942383,17.649999618530273,17.940000534057617,6129500
2023-03-03,14.370863914489746,18.239999771118164,18.520000457763672,17.850000381469727,17.899999618530273,8307600
2023-03-06,13.819352149963379,17.540000915527344,17.950000762939453,17.25,17.889999389648438,9128300
2023-03-07,13.63025951385498,17.299999237060547,18.049999237060547,17.1200008392334,17.65999984741211,7819100
2023-03-08,14.173894882202148,17.989999771118164,18.040000915527344,17.209999084472656,17.420000076293945,10531700
2023-03-09,13.031475067138672,16.540000915527344,17.899999618530273,16.469999313354492,17.729999542236328,22156200
2023-03-10,12.542990684509277,15.920000076293945,16.81999969482422,15.829999923706055,16.479999542236328,11084200
2023-03-13,12.653292655944824,16.059999465942383,16.399999618530273,15.600000381469727,15.699999809265137,9621900
2023-03-14,12.385415077209473,15.720000267028809,16.290000915527344,15.600000381469727,16.170000076293945,8490200
2023-03-15,11.636934280395508,14.770000457763672,15.329999923706055,14.529999732971191,15.289999961853027,18463100
2023-03-16,11.64481258392334,14.779999732971191,15.1899995803833,14.75,14.789999961853027,15548800
2023-03-17,11.502994537353516,14.600000381469727,15.020000457763672,14.210000038146973,14.779999732971191,19808300
2023-03-20,11.290266990661621,14.329999923706055,14.630000114440918,14.180000305175781,14.489999771118164,8223700
2023-03-21,11.148448944091797,14.149999618530273,14.359999656677246,14.0600004196167,14.260000228881836,9935400
2023-03-22,11.219358444213867,14.239999771118164,14.520000457763672,13.90999984741211,14.119999885559082,5712100
2023-03-23,10.864814758300781,13.789999961853027,14.390000343322754,13.579999923706055,14.220000267028809,7056200
2023-03-24,10.8490571975708,13.770000457763672,13.829999923706055,13.520000457763672,13.760000228881836,10469900
2023-03-27,10.912087440490723,13.850000381469727,14.149999618530273,13.770000457763672,14.09000015258789,4810500
2023-03-28,11.361176490783691,14.420000076293945,14.529999732971191,13.850000381469727,13.90999984741211,8836200
2023-03-29,11.597539901733398,14.720000267028809,14.899999618530273,14.520000457763672,14.579999923706055,8021600
2023-03-30,12.2278413772583,15.520000457763672,15.649999618530273,14.960000038146973,15.09000015258789,8872500
2023-03-31,12.164811134338379,15.4399995803833,15.930000305175781,15.270000457763672,15.699999809265137,7119400
2023-04-03,11.896932601928711,15.100000381469727,15.399999618530273,14.720000267028809,15.319999694824219,7349400
2023-04-04,11.715720176696777,14.869999885559082,15.260000228881836,14.760000228881836,15.069999694824219,6658000
2023-04-05,11.581782341003418,14.699999809265137,14.899999618530273,14.350000381469727,14.850000381469727,8890900
2023-04-06,11.479357719421387,14.569999694824219,14.989999771118164,14.510000228881836,14.609999656677246,4230000
2023-04-10,11.912691116333008,15.119999885559082,15.289999961853027,14.630000114440918,14.680000305175781,5321000
2023-04-11,12.739960670471191,16.170000076293945,16.34000015258789,15.5,15.529999732971191,13045800
2023-04-12,12.629658699035645,16.030000686645508,16.40999984741211,16.0,16.139999389648438,7709200
2023-04-13,12.322385787963867,15.640000343322754,16.030000686645508,15.489999771118164,15.989999771118164,10860400
2023-04-14,11.416327476501465,14.489999771118164,15.069999694824219,14.380000114440918,15.069999694824219,17879200
2023-04-17,11.566024780273438,14.680000305175781,14.869999885559082,14.510000228881836,14.569999694824219,8757900
2023-04-18,11.786630630493164,14.960000038146973,15.09000015258789,14.800000190734863,15.0,5729600
2023-04-19,11.502994537353516,14.600000381469727,14.699999809265137,14.40999984741211,14.649999618530273,4984900
2023-04-20,11.447842597961426,14.529999732971191,14.720000267028809,14.390000343322754,14.40999984741211,7117700
2023-04-24,11.069663047790527,14.050000190734863,14.239999771118164,13.949999809265137,14.0,6712300
2023-04-25,10.786026000976562,13.6899995803833,14.0,13.4399995803833,13.899999618530273,8261000
2023-04-26,10.683603286743164,13.5600004196167,13.890000343322754,13.550000190734863,13.869999885559082,4646000
2023-04-27,10.904208183288574,13.84000015258789,14.029999732971191,13.460000038146973,13.479999542236328,5184300
2023-04-28,11.195722579956055,14.210000038146973,14.210000038146973,13.529999732971191,13.8100004196167,9706200
2023-05-02,10.960577964782715,12.720000267028809,13.239999771118164,12.670000076293945,13.100000381469727,7446800
2023-05-03,11.081212043762207,12.859999656677246,12.9399995803833,12.449999809265137,12.869999885559082,8041300
2023-05-04,10.391867637634277,12.0600004196167,12.859999656677246,12.0600004196167,12.800000190734863,14229200
2023-05-05,11.124296188354492,12.90999984741211,12.960000038146973,12.140000343322754,12.1899995803833,12167000
2023-05-08,11.408651351928711,13.239999771118164,13.430000305175781,13.069999694824219,13.390000343322754,7006100
2023-05-09,11.425884246826172,13.260000228881836,13.489999771118164,12.970000267028809,13.130000114440918,5880000
2023-05-10,11.210464477539062,13.010000228881836,13.420000076293945,12.880000114440918,13.300000190734863,9701600
2023-05-11,11.038127899169922,12.8100004196167,12.869999885559082,12.619999885559082,12.8100004196167,7215700
2023-05-12,10.995043754577637,12.760000228881836,12.850000381469727,12.65999984741211,12.760000228881836,6180800
2023-05-15,11.201847076416016,13.0,13.119999885559082,12.829999923706055,13.0,6105200
2023-05-16,10.934725761413574,12.6899995803833,13.170000076293945,12.670000076293945,12.960000038146973,5553500
2023-05-17,11.408651351928711,13.239999771118164,13.390000343322754,12.920000076293945,13.0,9780800
2023-05-18,11.477584838867188,13.319999694824219,13.399999618530273,13.119999885559082,13.210000038146973,7121300
2023-05-19,11.54651927947998,13.399999618530273,13.649999618530273,13.279999732971191,13.430000305175781,9692500
2023-05-22,11.54651927947998,13.399999618530273,13.529999732971191,13.220000267028809,13.350000381469727,6359300
2023-05-23,11.296631813049316,13.109999656677246,13.380000114440918,13.109999656677246,13.229999542236328,5883800
2023-05-24,10.865792274475098,12.609999656677246,12.9399995803833,12.59000015258789,12.84000015258789,8456600
2023-05-25,10.615903854370117,12.319999694824219,12.640000343322754,12.300000190734863,12.600000381469727,11088900
2023-05-26,10.762391090393066,12.489999771118164,12.789999961853027,12.420000076293945,12.710000038146973,8636400
2023-05-29,10.745158195495605,12.470000267028809,12.770000457763672,12.470000267028809,12.670000076293945,5186400
2023-05-30,10.340167045593262,12.0,12.579999923706055,12.0,12.569999694824219,11157800
2023-05-31,10.4694185256958,12.149999618530273,12.210000038146973,11.819999694824219,11.9399995803833,9663000
2023-06-01,10.52973747253418,12.220000267028809,12.420000076293945,12.0600004196167,12.369999885559082,9850500
2023-06-02,11.046744346618652,12.819999694824219,12.9399995803833,12.600000381469727,12.630000114440918,17029400
2023-06-05,11.150146484375,12.9399995803833,13.109999656677246,12.699999809265137,12.9399995803833,8388300
2023-06-06,11.382800102233887,13.210000038146973,13.279999732971191,12.920000076293945,12.9399995803833,10286400
2023-06-07,11.124296188354492,12.90999984741211,13.180000305175781,12.729999542236328,13.180000305175781,15459400
2023-06-09,11.219080924987793,13.020000457763672,13.270000457763672,12.989999771118164,13.170000076293945,9199300
2023-06-12,10.917492866516113,12.670000076293945,12.739999771118164,12.40999984741211,12.720000267028809,11332500
2023-06-13,10.857175827026367,12.600000381469727,12.979999542236328,12.529999732971191,12.850000381469727,8358400
2023-06-14,11.262164115905762,13.069999694824219,13.15999984741211,12.75,12.84000015258789,12372900
2023-06-15,11.39141845703125,13.220000267028809,13.279999732971191,12.960000038146973,13.069999694824219,6726100
2023-06-16,11.563753128051758,13.420000076293945,13.489999771118164,13.010000228881836,13.210000038146973,13179200
2023-06-19,11.563753128051758,13.420000076293945,13.5,13.260000228881836,13.300000190734863,4070400
2023-06-20,11.305249214172363,13.119999885559082,13.390000343322754,12.949999809265137,13.390000343322754,9012500
2023-06-21,11.253548622131348,13.0600004196167,13.15999984741211,12.899999618530273,12.989999771118164,8418100
2023-06-22,11.081212043762207,12.859999656677246,13.210000038146973,12.789999961853027,12.989999771118164,5330600
2023-06-23,11.0553617477417,12.829999923706055,12.880000114440918,12.6899995803833,12.8100004196167,4580800
2023-06-26,11.184614181518555,12.979999542236328,13.109999656677246,12.739999771118164,12.819999694824219,5823000
2023-06-27,11.279398918151855,13.09000015258789,13.300000190734863,13.0,13.15999984741211,6597100
2023-06-28,11.012276649475098,12.779999732971191,13.270000457763672,12.770000457763672,13.100000381469727,7821200
2023-06-29,11.14153003692627,12.930000305175781,13.0,12.720000267028809,12.869999885559082,4595400
2023-06-30,10.45218563079834,12.130000114440918,12.720000267028809,12.050000190734863,12.6899995803833,29411900
2023-07-03,10.607287406921387,12.3100004196167,12.550000190734863,12.1899995803833,12.199999809265137,7384100
2023-07-04,10.615903854370117,12.319999694824219,12.359999656677246,12.09000015258789,12.289999961853027,6272100
2023-07-05,10.633138656616211,12.34000015258789,12.350000381469727,12.170000076293945,12.220000267028809,6338800
2023-07-06,10.478035926818848,12.15999984741211,12.479999542236328,12.149999618530273,12.260000228881836,8791400
2023-07-07,10.960577964782715,12.720000267028809,12.829999923706055,12.100000381469727,12.1899995803833,11194100
2023-07-10,10.598670959472656,12.300000190734863,12.489999771118164,12.180000305175781,12.369999885559082,14794200
2023-07-11,10.676222801208496,12.390000343322754,12.449999809265137,12.25,12.319999694824219,6887000
2023-07-12,10.822708129882812,12.5600004196167,12.75,12.520000457763672,12.600000381469727,6803000
2023-07-13,11.175997734069824,12.970000267028809,13.050000190734863,12.739999771118164,12.779999732971191,6941000
2023-07-14,11.107063293457031,12.890000343322754,13.149999618530273,12.800000190734863,13.100000381469727,4716500
2023-07-17,11.098445892333984,12.880000114440918,12.949999809265137,12.59000015258789,12.8100004196167,4958900
2023-07-18,11.046744346618652,12.819999694824219,13.0,12.680000305175781,12.869999885559082,5192200
2023-07-19,10.943343162536621,12.699999809265137,12.819999694824219,12.479999542236328,12.760000228881836,7497100
2023-07-20,10.92611026763916,12.680000305175781,12.979999542236328,12.65999984741211,12.819999694824219,6541200
2023-07-21,10.960577964782715,12.720000267028809,12.84000015258789,12.479999542236328,12.649999618530273,9676100
2023-07-24,11.2449312210083,13.050000190734863,13.09000015258789,12.600000381469727,12.670000076293945,10015800
2023-07-25,11.908424377441406,13.819999694824219,13.979999542236328,13.350000381469727,13.369999885559082,17443100
2023-07-26,12.0204439163208,13.949999809265137,14.09000015258789,13.729999542236328,13.800000190734863,15973100
2023-07-27,11.856724739074707,13.760000228881836,13.949999809265137,13.619999885559082,13.789999961853027,6051600
2023-07-28,11.598220825195312,13.460000038146973,13.699999809265137,13.369999885559082,13.699999809265137,7448600
2023-07-31,11.9256591796875,13.84000015258789,13.890000343322754,13.479999542236328,13.59000015258789,5673100
2023-08-01,11.805023193359375,13.699999809265137,13.869999885559082,13.5600004196167,13.6899995803833,6328900
2023-08-02,11.46035099029541,13.300000190734863,13.609999656677246,13.149999618530273,13.600000381469727,10476700
2023-08-03,11.296631813049316,13.109999656677246,13.510000228881836,12.869999885559082,13.350000381469727,19082100
2023-08-04,11.132913589477539,12.920000076293945,13.220000267028809,12.869999885559082,13.140000343322754,6686200
2023-08-07,11.089829444885254,12.869999885559082,12.930000305175781,12.729999542236328,12.90999984741211,6029400
2023-08-08,10.977810859680176,12.739999771118164,12.819999694824219,12.470000267028809,12.680000305175781,9293600
2023-08-09,10.84855842590332,12.59000015258789,12.779999732971191,12.510000228881836,12.739999771118164,7797300
2023-08-10,10.779623985290527,12.510000228881836,12.75,12.449999809265137,12.710000038146973,5818800
2023-08-11,10.736540794372559,12.460000038146973,12.619999885559082,12.289999961853027,12.550000190734863,7524500
2023-08-14,10.59005355834961,12.289999961853027,12.470000267028809,12.229999542236328,12.399999618530273,6662400
2023-08-15,10.52112102508545,12.210000038146973,12.380000114440918,12.149999618530273,12.34000015258789,4325700
2023-08-16,10.4694185256958,12.149999618530273,12.319999694824219,12.109999656677246,12.210000038146973,5710100
2023-08-17,10.3746337890625,12.039999961853027,12.430000305175781,12.020000457763672,12.390000343322754,8110800
2023-08-18,10.52973747253418,12.220000267028809,12.34000015258789,12.0,12.039999961853027,14393700
2023-08-21,10.478035926818848,12.15999984741211,12.260000228881836,12.079999923706055,12.1899995803833,4380100
2023-08-22,10.54697036743164,12.239999771118164,12.430000305175781,12.1899995803833,12.3100004196167,5297200
2023-08-23,10.564203262329102,12.260000228881836,12.380000114440918,12.079999923706055,12.3100004196167,8908900
2023-08-24,10.322933197021484,11.979999542236328,12.210000038146973,11.890000343322754,12.170000076293945,7640800
2023-08-25,10.253998756408691,11.899999618530273,12.039999961853027,11.829999923706055,11.989999771118164,5205200
2023-08-28,10.297082901000977,11.949999809265137,12.130000114440918,11.850000381469727,11.9399995803833,9472500
2023-08-29,10.486652374267578,12.170000076293945,12.199999809265137,11.949999809265137,12.0,6976000
2023-08-30,10.54697036743164,12.239999771118164,12.399999618530273,12.1899995803833,12.25,6346100
2023-08-31,10.434951782226562,12.109999656677246,12.34000015258789,12.109999656677246,12.289999961853027,12788300
2023-09-01,10.607287406921387,12.3100004196167,12.489999771118164,12.239999771118164,12.300000190734863,7782000
2023-09-04,10.857175827026367,12.600000381469727,12.819999694824219,12.289999961853027,12.289999961853027,7777800
2023-09-05,10.676222801208496,12.390000343322754,12.5600004196167,12.380000114440918,12.539999961853027,5361000
2023-09-06,10.486652374267578,12.170000076293945,12.510000228881836,12.069999694824219,12.470000267028809,7947400
2023-09-08,10.2798490524292,11.930000305175781,12.010000228881836,11.789999961853027,12.0,6541900
2023-09-11,10.45218563079834,12.130000114440918,12.210000038146973,11.9399995803833,12.149999618530273,8058100
2023-09-12,10.4694185256958,12.149999618530273,12.25,12.100000381469727,12.130000114440918,6668800
2023-09-13,10.38325023651123,12.050000190734863,12.210000038146973,11.989999771118164,12.119999885559082,4868300
2023-09-14,10.762391090393066,12.489999771118164,12.609999656677246,12.3100004196167,12.369999885559082,12258600
2023-09-15,10.702073097229004,12.420000076293945,12.770000457763672,12.279999732971191,12.600000381469727,14896900
2023-09-18,10.66760540008545,12.380000114440918,12.510000228881836,12.279999732971191,12.380000114440918,7563200
2023-09-19,10.693455696105957,12.40999984741211,12.449999809265137,12.210000038146973,12.359999656677246,7899200
2023-09-20,10.693455696105957,12.40999984741211,12.59000015258789,12.390000343322754,12.4399995803833,10331900
2023-09-21,10.53835391998291,12.229999542236328,12.279999732971191,12.0600004196167,12.239999771118164,10976700
2023-09-22,10.426335334777832,12.100000381469727,12.460000038146973,12.100000381469727,12.380000114440918,5434200
2023-09-25,10.38325023651123,12.050000190734863,12.050000190734863,11.850000381469727,12.0,6629500
2023-09-26,10.340167045593262,12.0,12.130000114440918,11.880000114440918,11.90999984741211,6458200
2023-09-27,10.2798490524292,11.930000305175781,12.180000305175781,11.859999656677246,12.069999694824219,5400100
2023-09-28,10.366016387939453,12.029999732971191,12.100000381469727,11.9399995803833,11.979999542236328,4305800
2023-09-29,10.460803031921387,12.140000343322754,12.239999771118164,12.100000381469727,12.149999618530273,3944300
2023-10-02,10.357400894165039,12.020000457763672,12.220000267028809,11.960000038146973,12.130000114440918,4021000
2023-10-03,10.167830467224121,11.800000190734863,12.09000015258789,11.739999771118164,11.9399995803833,5700400
2023-10-04,9.961027145385742,11.5600004196167,11.829999923706055,11.520000457763672,11.800000190734863,6407200
2023-10-05,9.874859809875488,11.460000038146973,11.59000015258789,11.390000343322754,11.550000190734863,5082300
2023-10-06,9.917943000793457,11.510000228881836,11.569999694824219,11.300000190734863,11.390000343322754,4518800
2023-10-09,9.823158264160156,11.399999618530273,11.420000076293945,11.220000267028809,11.350000381469727,5953800
2023-10-10,10.012728691101074,11.619999885559082,11.739999771118164,11.479999542236328,11.510000228881836,6165200
2023-10-11,10.141980171203613,11.770000457763672,11.8100004196167,11.619999885559082,11.670000076293945,7083800
2023-10-13,10.029962539672852,11.640000343322754,11.779999732971191,11.550000190734863,11.670000076293945,4963000
2023-10-16,10.047195434570312,11.65999984741211,11.84000015258789,11.65999984741211,11.779999732971191,4582200
2023-10-17,10.038578033447266,11.649999618530273,11.680000305175781,11.350000381469727,11.640000343322754,7985100
2023-10-18,9.736989974975586,11.300000190734863,11.5600004196167,11.260000228881836,11.470000267028809,7110800
2023-10-19,9.6939058303833,11.25,11.430000305175781,11.130000114440918,11.15999984741211,7302500
2023-10-20,9.37508487701416,10.880000114440918,11.119999885559082,10.819999694824219,11.050000190734863,10217200
2023-10-23,9.435402870178223,10.949999809265137,11.119999885559082,10.75,10.770000457763672,6044400
2023-10-24,9.59050464630127,11.130000114440918,11.289999961853027,11.100000381469727,11.199999809265137,6286800
2023-10-25,9.51295280456543,11.039999961853027,11.270000457763672,10.930000305175781,11.210000038146973,6183100
2023-10-26,9.728373527526855,11.289999961853027,11.359999656677246,10.989999771118164,11.039999961853027,6184300
2023-10-27,9.797307968139648,11.369999885559082,11.59000015258789,11.270000457763672,11.300000190734863,12237800
2023-10-30,9.909326553344727,11.5,11.670000076293945,11.430000305175781,11.489999771118164,10559100
2023-10-31,10.133363723754883,11.760000228881836,11.84000015258789,11.449999809265137,11.5,12138800
2023-11-01,10.31431770324707,11.970000267028809,11.989999771118164,11.779999732971191,11.859999656677246,10222000
2023-11-03,10.917492866516113,12.670000076293945,12.760000228881836,12.09000015258789,12.119999885559082,17701900
2023-11-06,10.92611026763916,12.680000305175781,12.729999542236328,12.520000457763672,12.670000076293945,5367000
2023-11-07,10.943343162536621,12.699999809265137,12.75,12.5600004196167,12.5600004196167,4840200
2023-11-08,10.943343162536621,12.699999809265137,12.890000343322754,12.65999984741211,12.699999809265137,4631700
2023-11-09,10.788240432739258,12.520000457763672,12.84000015258789,12.420000076293945,12.8100004196167,5710800
2023-11-10,10.917492866516113,12.670000076293945,12.729999542236328,12.539999961853027,12.550000190734863,3338700
2023-11-13,10.891642570495605,12.640000343322754,12.779999732971191,12.5,12.739999771118164,7029400
2023-11-14,11.839491844177246,13.739999771118164,13.760000228881836,12.75,12.75,22570900
2023-11-16,12.658087730407715,14.6899995803833,14.84000015258789,13.739999771118164,13.739999771118164,23860700
2023-11-17,12.804573059082031,14.859999656677246,14.9399995803833,14.65999984741211,14.699999809265137,12628800
2023-11-20,14.019543647766113,16.270000457763672,16.420000076293945,15.300000190734863,15.300000190734863,26674300
2023-11-21,14.139431953430176,15.65999984741211,15.710000038146973,14.9399995803833,15.220000267028809,17212900
2023-11-22,14.4644775390625,16.020000457763672,16.059999465942383,15.630000114440918,15.890000343322754,12988000
2023-11-23,14.247780799865723,15.779999732971191,16.040000915527344,15.600000381469727,15.899999618530273,9128700
2023-11-24,14.103316307067871,15.619999885559082,15.739999771118164,15.399999618530273,15.600000381469727,5244600
2023-11-27,14.446418762207031,16.0,16.09000015258789,15.520000457763672,15.529999732971191,8098400
2023-11-28,14.599912643432617,16.170000076293945,16.270000457763672,15.770000457763672,15.800000190734863,7483600
2023-11-29,14.708261489868164,16.290000915527344,16.540000915527344,16.110000610351562,16.25,7735700
2023-11-30,14.825637817382812,16.420000076293945,16.739999771118164,16.299999237060547,16.43000030517578,9014200
2023-12-01,15.493783950805664,17.15999984741211,17.34000015258789,16.5,16.559999465942383,11355600
2023-12-04,15.35835075378418,17.010000228881836,17.149999618530273,16.899999618530273,17.06999969482422,6118500
2023-12-05,15.511842727661133,17.18000030517578,17.290000915527344,16.920000076293945,17.139999389648438,5092900
2023-12-06,15.466696739196777,17.1299991607666,17.649999618530273,17.06999969482422,17.399999618530273,8883300
2023-12-07,15.322232246398926,16.969999313354492,17.399999618530273,16.75,17.34000015258789,9163800
2023-12-08,15.529902458190918,17.200000762939453,17.299999237060547,16.81999969482422,17.079999923706055,4109400
2023-12-11,15.475726127624512,17.139999389648438,17.190000534057617,16.850000381469727,17.059999465942383,4363400
2023-12-12,15.484755516052246,17.149999618530273,17.34000015258789,16.979999542236328,17.219999313354492,2861500
2023-12-13,15.818829536437988,17.520000457763672,17.670000076293945,16.93000030517578,17.100000381469727,6435000
2023-12-14,15.900091171264648,17.610000610351562,17.770000457763672,17.239999771118164,17.6200008392334,6001300
2023-12-15,16.279308319091797,18.030000686645508,18.139999389648438,17.549999237060547,17.559999465942383,12206400
2023-12-18,16.730758666992188,18.530000686645508,18.690000534057617,18.020000457763672,18.110000610351562,8989400
2023-12-19,16.884252548217773,18.700000762939453,18.829999923706055,18.43000030517578,18.56999969482422,6513800
2023-12-20,16.59532356262207,18.3799991607666,18.860000610351562,18.280000686645508,18.729999542236328,5225600
2023-12-21,17.200265884399414,19.049999237060547,19.079999923706055,18.559999465942383,18.6200008392334,6737700
2023-12-22,17.25444221496582,19.110000610351562,19.31999969482422,18.860000610351562,19.1299991607666,6542100
2023-12-26,17.480167388916016,19.360000610351562,19.43000030517578,19.09000015258789,19.209999084472656,3484700
2023-12-27,17.615602493286133,19.510000228881836,19.68000030517578,19.290000915527344,19.34000015258789,3860700
2023-12-28,17.751035690307617,19.65999984741211,19.65999984741211,19.399999618530273,19.399999618530273,3156500
2024-01-02,17.525312423706055,19.40999984741211,19.600000381469727,19.260000228881836,19.559999465942383,4502100
2024-01-03,17.678804397583008,19.579999923706055,19.799999237060547,19.190000534057617,19.309999465942383,5513700
2024-01-04,17.416963577270508,19.290000915527344,19.530000686645508,19.09000015258789,19.489999771118164,5293800
2024-01-05,17.37181854248047,19.239999771118164,19.43000030517578,18.719999313354492,19.100000381469727,5558900
2024-01-08,17.380847930908203,19.25,19.360000610351562,18.969999313354492,19.110000610351562,3769100
2024-01-09,16.604351043701172,18.389999389648438,19.18000030517578,18.350000381469727,19.09000015258789,6492000
2024-01-10,16.170961380004883,17.90999984741211,18.309999465942383,17.59000015258789,18.299999237060547,8700900
2024-01-11,16.134843826293945,17.8700008392334,18.010000228881836,17.610000610351562,17.93000030517578,7038900
2024-01-12,16.16193199157715,17.899999618530273,18.059999465942383,17.56999969482422,17.809999465942383,6256800
2024-01-15,16.107757568359375,17.84000015258789,17.8700008392334,17.459999084472656,17.649999618530273,2763100
2024-01-16,15.520872116088867,17.190000534057617,17.760000228881836,17.059999465942383,17.760000228881836,8547200
2024-01-17,15.069421768188477,16.690000534057617,17.200000762939453,16.639999389648438,17.110000610351562,9775200
2024-01-18,15.412522315979004,17.06999969482422,17.34000015258789,16.760000228881836,16.84000015258789,10584000
2024-01-19,15.64727783203125,17.329999923706055,17.3799991607666,16.969999313354492,17.229999542236328,7795200
2024-01-22,15.466696739196777,17.1299991607666,17.350000381469727,17.030000686645508,17.229999542236328,4894400
2024-01-23,15.72853946685791,17.420000076293945,17.600000381469727,17.229999542236328,17.270000457763672,6431000
2024-01-24,16.089698791503906,17.81999969482422,18.18000030517578,17.670000076293945,17.670000076293945,9919900
2024-01-25,16.179988861083984,17.920000076293945,18.06999969482422,17.68000030517578,17.920000076293945,5167100
2024-01-26,16.396684646606445,18.15999984741211,18.489999771118164,18.0,18.010000228881836,6010700
2024-01-29,16.324453353881836,18.079999923706055,18.190000534057617,17.739999771118164,18.170000076293945,3443300
2024-01-30,16.170961380004883,17.90999984741211,18.0,17.709999084472656,17.989999771118164,3602500
2024-01-31,16.00843620300293,17.729999542236328,18.040000915527344,17.6299991607666,17.739999771118164,5151200
2024-02-01,15.863974571228027,17.56999969482422,17.829999923706055,17.399999618530273,17.799999237060547,5302100
2024-02-02,15.457669258117676,17.1200008392334,17.700000762939453,17.030000686645508,17.479999542236328,5750000
2024-02-05,15.683394432067871,17.3700008392334,17.5,16.950000762939453,17.0,6373400
2024-02-06,16.243192672729492,17.989999771118164,18.239999771118164,17.43000030517578,17.450000762939453,7563800
2024-02-07,16.550180435180664,18.329999923706055,18.600000381469727,17.899999618530273,18.0,9048400
2024-02-08,16.306394577026367,18.059999465942383,18.520000457763672,18.020000457763672,18.510000228881836,6392600
2024-02-09,16.071640014648438,17.799999237060547,18.489999771118164,17.43000030517578,18.010000228881836,7244700
2024-02-14,16.134843826293945,17.8700008392334,17.899999618530273,17.56999969482422,17.700000762939453,5396400
2024-02-15,16.640470504760742,18.43000030517578,18.719999313354492,18.0,18.010000228881836,10842800
2024-02-16,17.191240310668945,19.040000915527344,19.280000686645508,18.6299991607666,18.6299991607666,7884800
2024-02-19,17.082889556884766,18.920000076293945,19.010000228881836,18.559999465942383,18.850000381469727,4581600
2024-02-20,16.252222061157227,18.0,18.670000076293945,17.90999984741211,18.510000228881836,14622400
2024-02-21,15.773683547973633,17.469999313354492,17.81999969482422,17.229999542236328,17.770000457763672,10474200
2024-02-22,15.75562572479248,17.450000762939453,17.860000610351562,17.420000076293945,17.649999618530273,7214200
2024-02-23,16.00843620300293,17.729999542236328,17.799999237060547,17.479999542236328,17.5,6210000
2024-02-26,15.502813339233398,17.170000076293945,17.510000228881836,17.010000228881836,17.3700008392334,9731600
2024-02-27,15.64727783203125,17.329999923706055,17.6299991607666,17.239999771118164,17.489999771118164,4898400
2024-02-28,15.403494834899902,17.059999465942383,17.43000030517578,17.040000915527344,17.270000457763672,6317700
2024-02-29,15.186797142028809,16.81999969482422,17.15999984741211,16.81999969482422,17.0,5417200
2024-03-01,15.412522315979004,17.06999969482422,17.06999969482422,16.780000686645508,16.84000015258789,6173900
2024-03-04,15.060392379760742,16.68000030517578,17.139999389648438,16.649999618530273,17.059999465942383,4615700
2024-03-05,14.970101356506348,16.579999923706055,16.700000762939453,16.350000381469727,16.649999618530273,4493100
2024-03-06,15.033304214477539,16.649999618530273,16.950000762939453,16.469999313354492,16.6299991607666,7231700
2024-03-07,14.310983657836914,15.850000381469727,17.239999771118164,15.800000190734863,17.049999237060547,17450600
2024-03-08,14.726318359375,16.309999465942383,16.350000381469727,15.65999984741211,15.65999984741211,9102100
2024-03-11,14.4644775390625,16.020000457763672,16.190000534057617,15.829999923706055,15.90999984741211,7550200
2024-03-12,14.626999855041504,16.200000762939453,16.420000076293945,15.989999771118164,16.06999969482422,5292300
2024-03-13,14.690203666687012,16.270000457763672,16.420000076293945,16.0,16.09000015258789,10162700
2024-03-14,14.139431953430176,15.65999984741211,16.329999923706055,15.569999694824219,16.280000686645508,5947200
2024-03-15,13.778271675109863,15.260000228881836,15.5600004196167,15.100000381469727,15.5600004196167,11908600
2024-03-18,14.184577941894531,15.710000038146973,15.800000190734863,15.3100004196167,15.359999656677246,13207900
2024-03-19,14.437389373779297,15.989999771118164,16.139999389648438,15.84000015258789,15.899999618530273,7652500
2024-03-20,14.726318359375,16.309999465942383,16.360000610351562,15.880000114440918,15.989999771118164,6889400
2024-03-21,14.708261489868164,16.290000915527344,16.489999771118164,16.110000610351562,16.399999618530273,6375700
2024-03-22,14.329042434692383,15.869999885559082,16.200000762939453,15.819999694824219,16.139999389648438,3397700
2024-03-25,14.175548553466797,15.699999809265137,16.040000915527344,15.649999618530273,15.850000381469727,4521200
2024-03-26,14.031084060668945,15.539999961853027,15.710000038146973,15.399999618530273,15.600000381469727,3753300
2024-03-27,14.12137508392334,15.640000343322754,15.699999809265137,15.380000114440918,15.489999771118164,4703600
2024-03-28,14.175548553466797,15.699999809265137,15.729999542236328,15.399999618530273,15.5600004196167,6379900
2024-04-01,14.193607330322266,15.720000267028809,16.079999923706055,15.619999885559082,15.84000015258789,7351300
2024-04-02,13.841474533081055,15.329999923706055,15.59000015258789,15.170000076293945,15.59000015258789,8907600
2024-04-03,13.850504875183105,15.34000015258789,15.390000343322754,15.170000076293945,15.180000305175781,5326500
2024-04-04,13.687982559204102,15.15999984741211,15.5,14.979999542236328,15.199999809265137,9784000
2024-04-05,13.498373031616211,14.949999809265137,15.210000038146973,14.90999984741211,15.109999656677246,5534700
2024-04-08,13.850504875183105,15.34000015258789,15.600000381469727,15.170000076293945,15.170000076293945,8628200
2024-04-09,13.633808135986328,15.100000381469727,15.569999694824219,15.0600004196167,15.569999694824219,11026800
2024-04-10,12.956632614135742,14.350000381469727,15.100000381469727,14.34000015258789,15.039999961853027,12902700
2024-04-11,12.929544448852539,14.319999694824219,14.489999771118164,14.270000457763672,14.420000076293945,14236200
2024-04-12,12.956632614135742,14.350000381469727,14.850000381469727,14.34000015258789,14.5,7183400
2024-04-15,12.992748260498047,14.390000343322754,14.6899995803833,14.3100004196167,14.470000267028809,6885000
2024-04-16,12.794110298156738,14.170000076293945,14.239999771118164,13.880000114440918,14.119999885559082,8009100
2024-04-17,12.929544448852539,14.319999694824219,14.670000076293945,14.279999732971191,14.609999656677246,8566500
2024-04-18,12.830225944519043,14.210000038146973,14.619999885559082,14.100000381469727,14.420000076293945,6476500
2024-04-19,13.254590034484863,14.680000305175781,14.680000305175781,14.09000015258789,14.15999984741211,10532900
2024-04-22,13.344880104064941,14.779999732971191,14.920000076293945,14.319999694824219,14.569999694824219,7159500
2024-04-23,13.019835472106934,14.420000076293945,14.699999809265137,14.329999923706055,14.470000267028809,9592700
2024-04-24,12.902457237243652,14.289999961853027,14.739999771118164,14.220000267028809,14.579999923706055,7381400
2024-04-25,12.712848663330078,14.079999923706055,14.229999542236328,13.970000267028809,14.180000305175781,6614300
2024-04-26,12.7489652633667,14.119999885559082,14.329999923706055,14.079999923706055,14.210000038146973,5536000
2024-04-29,12.830225944519043,14.210000038146973,14.300000190734863,14.010000228881836,14.130000114440918,7069100
2024-04-30,12.568384170532227,13.920000076293945,14.149999618530273,13.8100004196167,14.0600004196167,4405200
2024-05-02,12.658675193786621,14.020000457763672,14.220000267028809,13.960000038146973,14.029999732971191,5074600
2024-05-03,12.866341590881348,14.25,14.390000343322754,14.140000343322754,14.199999809265137,5249600
2024-05-06,12.839255332946777,14.220000267028809,14.479999542236328,14.130000114440918,14.3100004196167,5783900
2024-05-07,12.667702674865723,14.029999732971191,14.350000381469727,13.989999771118164,14.229999542236328,5162600
2024-05-08,12.694790840148926,14.0600004196167,14.0600004196167,13.739999771118164,13.859999656677246,5851500
2024-05-09,12.532268524169922,13.880000114440918,13.960000038146973,13.75,13.850000381469727,7005100
2024-05-10,12.496152877807617,13.84000015258789,14.369999885559082,13.569999694824219,14.199999809265137,10653500
2024-05-13,12.767023086547852,14.140000343322754,14.399999618530273,13.90999984741211,13.920000076293945,10454600
2024-05-14,12.550326347351074,13.899999618530273,14.300000190734863,13.600000381469727,14.199999809265137,12611200
2024-05-15,12.451693534851074,13.079999923706055,13.15999984741211,12.819999694824219,13.079999923706055,7335000
2024-05-16,12.651605606079102,13.289999961853027,13.529999732971191,13.069999694824219,13.260000228881836,5711300
2024-05-17,12.756321907043457,13.399999618530273,13.470000267028809,13.180000305175781,13.350000381469727,6596100
2024-05-20,12.822959899902344,13.470000267028809,13.510000228881836,13.270000457763672,13.329999923706055,5348900
2024-05-21,12.93719482421875,13.59000015258789,13.789999961853027,13.5,13.539999961853027,7756200
2024-05-22,12.680164337158203,13.319999694824219,13.680000305175781,13.220000267028809,13.600000381469727,7155200
2024-05-23,12.470732688903809,13.100000381469727,13.369999885559082,13.010000228881836,13.319999694824219,4785600
2024-05-24,12.775361061096191,13.420000076293945,13.59000015258789,13.079999923706055,13.130000114440918,6537300
2024-05-27,12.718242645263672,13.359999656677246,13.40999984741211,13.15999984741211,13.40999984741211,3570700
2024-05-28,12.670645713806152,13.3100004196167,13.539999961853027,13.220000267028809,13.380000114440918,5379500
2024-05-29,12.594487190246582,13.229999542236328,13.260000228881836,13.039999961853027,13.1899995803833,4911500
2024-05-31,12.451693534851074,13.079999923706055,13.34000015258789,13.020000457763672,13.140000343322754,7943800
2024-06-03,12.080427169799805,12.6899995803833,13.050000190734863,12.609999656677246,13.020000457763672,11112000
2024-06-04,11.899554252624512,12.5,12.600000381469727,12.420000076293945,12.529999732971191,7390700
2024-06-05,11.87099552154541,12.470000267028809,12.5600004196167,12.369999885559082,12.5,9455200
2024-06-06,12.070907592773438,12.680000305175781,12.789999961853027,12.460000038146973,12.479999542236328,7493600
2024-06-07,11.842435836791992,12.4399995803833,12.600000381469727,12.359999656677246,12.539999961853027,4722900
2024-06-10,11.756759643554688,12.350000381469727,12.4399995803833,12.260000228881836,12.40999984741211,3303800
2024-06-11,11.699641227722168,12.289999961853027,12.34000015258789,12.09000015258789,12.229999542236328,5342900
2024-06-12,11.337894439697266,11.90999984741211,12.4399995803833,11.899999618530273,12.40999984741211,6499500
2024-06-13,11.328374862670898,11.899999618530273,12.039999961853027,11.880000114440918,11.9399995803833,3775600
2024-06-14,11.452130317687988,12.029999732971191,12.050000190734863,11.739999771118164,11.899999618530273,5676300
2024-06-17,11.337894439697266,11.90999984741211,12.069999694824219,11.789999961853027,11.859999656677246,4505000
2024-06-18,12.366016387939453,12.989999771118164,13.4399995803833,11.960000038146973,12.050000190734863,27267600
2024-06-19,12.137544631958008,12.75,12.960000038146973,12.430000305175781,12.850000381469727,6405600
2024-06-20,12.37553596496582,13.0,13.210000038146973,12.760000228881836,12.779999732971191,9818900
2024-06-21,12.04234790802002,12.649999618530273,12.90999984741211,12.5600004196167,12.890000343322754,9669500
2024-06-24,12.099466323852539,12.710000038146973,12.829999923706055,12.5,12.600000381469727,4875600
2024-06-25,11.966191291809082,12.569999694824219,12.739999771118164,12.449999809265137,12.609999656677246,4663400
2024-06-26,11.93763256072998,12.539999961853027,12.65999984741211,12.479999542236328,12.569999694824219,6188600
2024-06-27,12.280339241027832,12.899999618530273,12.899999618530273,12.5,12.539999961853027,6363700
2024-06-28,12.2898588180542,12.90999984741211,12.989999771118164,12.789999961853027,12.90999984741211,5768700
2024-07-01,12.2898588180542,12.90999984741211,13.1899995803833,12.890000343322754,13.010000228881836,5507800
2024-07-02,12.366016387939453,12.989999771118164,13.09000015258789,12.829999923706055,12.9399995803833,4590200
2024-07-03,12.518330574035645,13.149999618530273,13.420000076293945,13.149999618530273,13.289999961853027,8041300
2024-07-04,12.651605606079102,13.289999961853027,13.34000015258789,13.100000381469727,13.229999542236328,2253700
2024-07-05,12.394576072692871,13.020000457763672,13.289999961853027,12.970000267028809,13.210000038146973,5442000
2024-07-08,12.346977233886719,12.970000267028809,12.979999542236328,12.75,12.899999618530273,4614200
2024-07-09,12.394576072692871,13.020000457763672,13.130000114440918,12.930000305175781,12.960000038146973,3099800
2024-07-10,12.270820617675781,12.890000343322754,13.1899995803833,12.880000114440918,13.100000381469727,3163200
2024-07-11,12.470732688903809,13.100000381469727,13.239999771118164,12.9399995803833,12.989999771118164,10232100
2024-07-12,12.708724021911621,13.350000381469727,13.350000381469727,13.050000190734863,13.119999885559082,4662600
2024-07-15,12.81343936920166,13.460000038146973,13.460000038146973,13.270000457763672,13.369999885559082,3634000
2024-07-16,12.470732688903809,13.100000381469727,13.449999809265137,13.029999732971191,13.359999656677246,7030700
2024-07-17,12.546890258789062,13.180000305175781,13.279999732971191,12.949999809265137,13.010000228881836,4980000
2024-07-18,12.032829284667969,12.640000343322754,13.140000343322754,12.630000114440918,13.079999923706055,5818800
2024-07-19,12.032829284667969,12.640000343322754,12.739999771118164,12.430000305175781,12.6899995803833,6600700
2024-07-22,12.070907592773438,12.680000305175781,12.8100004196167,12.649999618530273,12.65999984741211,3089400
2024-07-23,11.461649894714355,12.039999961853027,12.5600004196167,12.039999961853027,12.5600004196167,6595000
2024-07-24,11.41405200958252,11.989999771118164,12.180000305175781,11.970000267028809,12.029999732971191,3626300
2024-07-25,11.385493278503418,11.960000038146973,12.100000381469727,11.829999923706055,11.960000038146973,5223600
2024-07-26,11.452130317687988,12.029999732971191,12.09000015258789,11.670000076293945,11.960000038146973,7290500
2024-07-29,11.34741497039795,11.920000076293945,12.140000343322754,11.779999732971191,12.079999923706055,11756600
2024-07-30,11.157022476196289,11.720000267028809,11.850000381469727,11.649999618530273,11.829999923706055,3190100
2024-07-31,11.29029655456543,11.859999656677246,12.010000228881836,11.739999771118164,11.8100004196167,3861900
2024-08-01,10.890471458435059,11.4399995803833,12.010000228881836,11.4399995803833,11.920000076293945,9075600
2024-08-02,10.804795265197754,11.350000381469727,11.59000015258789,11.289999961853027,11.479999542236328,7051800
2024-08-05,10.804795265197754,11.350000381469727,11.449999809265137,10.899999618530273,11.0,6382000
2024-08-06,10.728638648986816,11.270000457763672,11.380000114440918,11.149999618530273,11.260000228881836,5933000
2024-08-07,10.766716957092285,11.3100004196167,11.390000343322754,11.25,11.350000381469727,3936500
2024-08-08,10.85239315032959,11.399999618530273,11.4399995803833,11.199999809265137,11.260000228881836,4691600
2024-08-09,11.128462791442871,11.6899995803833,11.739999771118164,11.420000076293945,11.489999771118164,5200100
2024-08-12,11.118943214416504,11.680000305175781,11.899999618530273,11.579999923706055,11.729999542236328,6766300
2024-08-13,11.60444450378418,12.1899995803833,12.34000015258789,11.779999732971191,12.010000228881836,10363400
2024-08-14,11.137982368469238,11.699999809265137,12.130000114440918,11.699999809265137,12.050000190734863,8769500
2024-08-15,10.966629028320312,11.520000457763672,11.710000038146973,11.470000267028809,11.6899995803833,6448100
2024-08-16,10.766716957092285,11.3100004196167,11.550000190734863,11.3100004196167,11.529999732971191,5930600
2024-08-19,11.43309211730957,12.010000228881836,12.09000015258789,11.390000343322754,11.449999809265137,8489300
2024-08-20,11.318856239318848,11.890000343322754,12.180000305175781,11.75,12.050000190734863,5585300
2024-08-21,11.737719535827637,12.329999923706055,12.479999542236328,12.130000114440918,12.130000114440918,8526700
2024-08-22,11.547327041625977,12.130000114440918,12.369999885559082,12.130000114440918,12.300000190734863,5546100
2024-08-23,11.6615629196167,12.25,12.380000114440918,12.020000457763672,12.119999885559082,4891100
2024-08-26,11.633004188537598,12.220000267028809,12.59000015258789,12.220000267028809,12.539999961853027,4652500
2024-08-27,11.699641227722168,12.289999961853027,12.470000267028809,12.289999961853027,12.369999885559082,4820600
2024-08-28,11.337894439697266,11.90999984741211,12.239999771118164,11.619999885559082,12.239999771118164,10007400
2024-08-29,11.356934547424316,11.930000305175781,12.069999694824219,11.8100004196167,11.869999885559082,6139800
2024-08-30,11.29029655456543,11.859999656677246,11.930000305175781,11.699999809265137,11.8100004196167,11535800
2024-09-02,11.18558120727539,11.75,11.770000457763672,11.630000114440918,11.6899995803833,3389600
2024-09-03,10.78575611114502,11.329999923706055,11.630000114440918,11.289999961853027,11.600000381469727,7875100
2024-09-04,10.85239315032959,11.399999618530273,11.579999923706055,11.319999694824219,11.350000381469727,8149900
2024-09-05,10.97614860534668,11.529999732971191,11.569999694824219,11.319999694824219,11.34000015258789,5525300
2024-09-06,11.042786598205566,11.600000381469727,11.75,11.460000038146973,11.529999732971191,5140500
2024-09-09,10.919031143188477,11.470000267028809,11.979999542236328,11.470000267028809,11.920000076293945,6035400
2024-09-10,10.709598541259766,11.25,11.470000267028809,11.140000343322754,11.399999618530273,6181100
2024-09-11,11.0332670211792,11.59000015258789,11.630000114440918,11.300000190734863,11.489999771118164,6008900
2024-09-12,10.97614860534668,11.529999732971191,11.800000190734863,11.5,11.609999656677246,5661300
2024-09-13,11.328374862670898,11.899999618530273,12.069999694824219,11.630000114440918,11.630000114440918,9509200
2024-09-16,11.337894439697266,11.90999984741211,11.989999771118164,11.859999656677246,11.90999984741211,2563200
2024-09-17,11.442611694335938,12.020000457763672,12.020000457763672,11.84000015258789,11.850000381469727,3496300
2024-09-18,11.318856239318848,11.890000343322754,12.109999656677246,11.819999694824219,11.880000114440918,6291500
2024-09-19,11.471170425415039,12.050000190734863,12.329999923706055,12.020000457763672,12.100000381469727,4376400
2024-09-20,10.595362663269043,11.130000114440918,11.989999771118164,11.050000190734863,11.920000076293945,25139500
2024-09-23,10.547764778137207,11.079999923706055,11.130000114440918,10.789999961853027,11.069999694824219,14785700
2024-09-24,11.53780746459961,12.119999885559082,12.180000305175781,11.470000267028809,11.489999771118164,16191800
2024-09-25,11.594925880432129,12.180000305175781,12.319999694824219,12.029999732971191,12.149999618530273,9319800
2024-09-26,12.632567405700684,13.270000457763672,13.319999694824219,12.520000457763672,12.550000190734863,15750500
2024-09-27,12.613527297973633,13.25,13.460000038146973,13.180000305175781,13.350000381469727,7575000
2024-09-30,12.270820617675781,12.890000343322754,13.84000015258789,12.680000305175781,13.600000381469727,13443000
2024-10-01,12.423134803771973,13.050000190734863,13.140000343322754,12.760000228881836,12.859999656677246,5080400
2024-10-02,12.661125183105469,13.300000190734863,13.539999961853027,13.199999809265137,13.199999809265137,7989300
2024-10-03,12.299379348754883,12.920000076293945,13.140000343322754,12.760000228881836,13.140000343322754,5549600
2024-10-04,12.032829284667969,12.640000343322754,12.880000114440918,12.550000190734863,12.850000381469727,6041700
2024-10-07,12.147065162658691,12.760000228881836,13.119999885559082,12.550000190734863,12.800000190734863,10215400
2024-10-08,11.575885772705078,12.15999984741211,12.220000267028809,12.109999656677246,12.180000305175781,10274200
2024-10-09,11.55684757232666,12.140000343322754,12.270000457763672,12.0600004196167,12.100000381469727,5982900
2024-10-10,11.271257400512695,11.84000015258789,12.25,11.819999694824219,12.25,8094900
2024-10-11,11.299816131591797,11.869999885559082,11.899999618530273,11.539999961853027,11.819999694824219,13481700
2024-10-14,11.271257400512695,11.84000015258789,11.989999771118164,11.729999542236328,11.899999618530273,6283600
2024-10-15,11.118943214416504,11.680000305175781,11.789999961853027,11.569999694824219,11.729999542236328,6047000
2024-10-16,11.366453170776367,11.9399995803833,12.050000190734863,11.720000267028809,11.8100004196167,15783700
2024-10-17,11.109423637390137,11.670000076293945,11.890000343322754,11.65999984741211,11.710000038146973,7947200
2024-10-18,11.109423637390137,11.670000076293945,12.119999885559082,11.59000015258789,11.979999542236328,8107300
2024-10-21,11.118943214416504,11.680000305175781,11.8100004196167,11.65999984741211,11.75,3535800
2024-10-22,10.938069343566895,11.489999771118164,11.670000076293945,11.449999809265137,11.630000114440918,5369100
2024-10-23,10.90951156616211,11.460000038146973,11.569999694824219,11.300000190734863,11.390000343322754,4871200
2024-10-24,11.128462791442871,11.6899995803833,11.699999809265137,11.319999694824219,11.430000305175781,6109000
2024-10-25,11.233179092407227,11.800000190734863,11.970000267028809,11.770000457763672,11.800000190734863,11425400
2024-10-28,11.480690002441406,12.0600004196167,12.109999656677246,11.920000076293945,11.970000267028809,3942700
2024-10-29,11.195100784301758,11.760000228881836,12.100000381469727,11.720000267028809,12.069999694824219,12491000
2024-10-30,11.214138984680176,11.779999732971191,11.899999618530273,11.720000267028809,11.720000267028809,3761700
2024-10-31,11.204620361328125,11.770000457763672,11.930000305175781,11.670000076293945,11.729999542236328,4500400
2024-11-01,11.090383529663086,11.649999618530273,11.800000190734863,11.529999732971191,11.800000190734863,6232100
2024-11-04,11.366453170776367,11.9399995803833,12.029999732971191,11.6899995803833,11.880000114440918,6067100
2024-11-05,11.699641227722168,12.289999961853027,12.399999618530273,11.979999542236328,12.0600004196167,6430300
2024-11-06,11.34741497039795,11.920000076293945,12.34000015258789,11.680000305175781,12.34000015258789,10147100
2024-11-07,11.699641227722168,12.289999961853027,12.470000267028809,11.960000038146973,12.050000190734863,11624900
2024-11-08,11.18558120727539,11.75,12.039999961853027,11.470000267028809,12.0,9913700
2024-11-11,10.747676849365234,11.289999961853027,11.619999885559082,11.25,11.579999923706055,7766000
2024-11-12,10.547764778137207,11.079999923706055,11.350000381469727,11.020000457763672,11.25,14761700
2024-11-13,10.128900527954102,10.640000343322754,11.130000114440918,10.470000267028809,10.899999618530273,15842000
2024-11-14,10.128900527954102,10.640000343322754,10.979999542236328,10.529999732971191,10.529999732971191,9446300
2024-11-18,11.061824798583984,11.619999885559082,11.619999885559082,10.829999923706055,11.09000015258789,19283200
2024-11-19,11.090383529663086,11.649999618530273,11.65999984741211,11.319999694824219,11.619999885559082,15034800
2024-11-21,10.90951156616211,11.460000038146973,11.630000114440918,11.260000228881836,11.489999771118164,12369200
2024-11-22,11.109999656677246,11.109999656677246,11.109999656677246,10.699999809265137,10.779999732971191,10827100
2024-11-25,11.25,11.25,11.3100004196167,10.960000038146973,11.149999618530273,9794600
2024-11-26,11.100000381469727,11.100000381469727,11.359999656677246,11.0,11.260000228881836,9341300
2024-11-27,11.1899995803833,11.1899995803833,11.350000381469727,11.020000457763672,11.199999809265137,11523400
2024-11-28,10.899999618530273,10.899999618530273,11.1899995803833,10.850000381469727,11.119999885559082,5234100
2024-11-29,11.15999984741211,11.15999984741211,11.210000038146973,10.760000228881836,10.899999618530273,9380600
2024-12-02,11.180000305175781,11.180000305175781,11.220000267028809,10.880000114440918,11.119999885559082,7716200
2024-12-03,11.420000076293945,11.420000076293945,11.930000305175781,11.119999885559082,11.220000267028809,15206900
2024-12-04,11.1899995803833,11.1899995803833,11.850000381469727,11.119999885559082,11.449999809265137,9690500
2024-12-05,11.350000381469727,11.350000381469727,11.380000114440918,11.1899995803833,11.3100004196167,5573300
2024-12-06,11.15999984741211,11.15999984741211,11.470000267028809,11.09000015258789,11.3100004196167,4867100
2024-12-09,11.649999618530273,11.649999618530273,11.930000305175781,11.510000228881836,11.550000190734863,9369600
2024-12-10,11.710000038146973,11.710000038146973,11.8100004196167,11.5,11.8100004196167,5372700
2024-12-11,11.579999923706055,11.579999923706055,11.789999961853027,11.3100004196167,11.729999542236328,7296500
2024-12-12,11.180000305175781,11.180000305175781,11.510000228881836,11.0600004196167,11.430000305175781,6990200
2024-12-13,10.6899995803833,10.6899995803833,11.130000114440918,10.6899995803833,11.100000381469727,8922700
2024-12-16,10.609999656677246,10.609999656677246,10.84000015258789,10.579999923706055,10.609999656677246,7936400
2024-12-17,10.5600004196167,10.5600004196167,10.770000457763672,10.399999618530273,10.609999656677246,13395300
2024-12-18,9.489999771118164,9.489999771118164,10.5,9.489999771118164,10.470000267028809,21564500
2024-12-19,9.25,9.25,9.640000343322754,9.100000381469727,9.539999961853027,12732500
2024-12-20,9.300000190734863,9.300000190734863,9.569999694824219,9.149999618530273,9.25,15235900
2024-12-23,8.859999656677246,8.859999656677246,9.289999961853027,8.859999656677246,9.229999542236328,10040200
2024-12-26,8.899999618530273,8.899999618530273,9.239999771118164,8.789999961853027,8.90999984741211,10866500
2024-12-27,8.680000305175781,8.680000305175781,8.989999771118164,8.680000305175781,8.949999809265137,10265900
2024-12-30,8.859999656677246,8.859999656677246,8.9399995803833,8.720000267028809,8.729999542236328,6953000
2025-01-02,8.420000076293945,8.420000076293945,8.90999984741211,8.380000114440918,8.880000114440918,11807600
2025-01-03,8.210000038146973,8.210000038146973,8.399999618530273,8.15999984741211,8.34000015258789,18857700
2025-01-06,8.529999732971191,8.529999732971191,8.6899995803833,8.270000457763672,8.279999732971191,11194600
2025-01-07,8.359999656677246,8.359999656677246,8.710000038146973,8.3100004196167,8.630000114440918,8167500
2025-01-08,7.760000228881836,7.760000228881836,8.3100004196167,7.760000228881836,8.300000190734863,13828400
2025-01-09,7.449999809265137,7.449999809265137,7.840000152587891,7.429999828338623,7.829999923706055,11296700
2025-01-10,7.730000019073486,7.730000019073486,7.900000095367432,7.440000057220459,7.460000038146973,17203200
2025-01-13,7.679999828338623,7.679999828338623,7.860000133514404,7.559999942779541,7.760000228881836,10836500
2025-01-14,7.489999771118164,7.489999771118164,7.789999961853027,7.46999979019165,7.789999961853027,12033400
2025-01-15,7.96999979019165,7.96999979019165,8.020000457763672,7.550000190734863,7.559999942779541,12117400
2025-01-16,7.809999942779541,7.809999942779541,8.010000228881836,7.71999979019165,7.900000095367432,14190400
2025-01-17,8.130000114440918,8.130000114440918,8.199999809265137,7.889999866485596,7.909999847412109,21683500
2025-01-20,7.989999771118164,7.989999771118164,8.09000015258789,7.909999847412109,8.09000015258789,7395500
2025-01-21,8.100000381469727,8.100000381469727,8.140000343322754,7.769999980926514,7.980000019073486,12916300
2025-01-22,7.849999904632568,7.849999904632568,8.140000343322754,7.78000020980835,8.069999694824219,16897900
2025-01-23,7.860000133514404,7.860000133514404,7.96999979019165,7.75,7.840000152587891,13162100
2025-01-24,8.260000228881836,8.260000228881836,8.420000076293945,7.889999866485596,7.900000095367432,19736100
2025-01-27,8.800000190734863,8.800000190734863,8.84000015258789,8.180000305175781,8.1899995803833,14802600
2025-01-28,8.729999542236328,8.729999542236328,8.869999885559082,8.649999618530273,8.75,8364300
2025-01-29,8.800000190734863,8.800000190734863,8.869999885559082,8.649999618530273,8.800000190734863,7421000
2025-01-30,9.25,9.25,9.40999984741211,8.890000343322754,8.899999618530273,13202300
2025-01-31,9.09000015258789,9.09000015258789,9.279999732971191,8.9399995803833,9.260000228881836,10652700
2025-02-03,9.029999732971191,9.029999732971191,9.1899995803833,8.890000343322754,8.899999618530273,8671200
2025-02-04,9.020000457763672,9.020000457763672,9.149999618530273,8.920000076293945,9.010000228881836,7845100
2025-02-05,8.729999542236328,8.729999542236328,9.039999961853027,8.710000038146973,8.989999771118164,10601200
2025-02-06,9.0600004196167,9.0600004196167,9.149999618530273,8.760000228881836,8.779999732971191,11471900
2025-02-07,8.9399995803833,8.9399995803833,9.119999885559082,8.890000343322754,9.050000190734863,12265900
2025-02-10,9.069999694824219,9.069999694824219,9.119999885559082,8.739999771118164,8.760000228881836,19244800
2025-02-11,8.869999885559082,8.869999885559082,9.25,8.65999984741211,8.930000305175781,18982100
2025-02-12,8.380000114440918,8.380000114440918,8.789999961853027,8.239999771118164,8.789999961853027,26187300
2025-02-13,8.359999656677246,8.359999656677246,8.460000038146973,8.1899995803833,8.329999923706055,12508800
2025-02-14,8.739999771118164,8.739999771118164,8.789999961853027,8.4399995803833,8.4399995803833,12119900
2025-02-17,8.789999961853027,8.789999961853027,9.140000343322754,8.75,8.75,10169500
2025-02-18,8.890000343322754,8.890000343322754,9.020000457763672,8.75,8.869999885559082,8487100
2025-02-19,8.760000228881836,8.760000228881836,8.970000267028809,8.680000305175781,8.789999961853027,11442300
2025-02-20,8.84000015258789,8.84000015258789,9.029999732971191,8.670000076293945,8.869999885559082,15332700
2025-02-21,8.699999809265137,8.699999809265137,9.039999961853027,8.630000114440918,8.829999923706055,14250500
2025-02-24,8.460000038146973,8.460000038146973,8.850000381469727,8.399999618530273,8.729999542236328,13463800
2025-02-25,8.539999961853027,8.539999961853027,8.59000015258789,8.390000343322754,8.399999618530273,12861700
2025-02-26,8.699999809265137,8.699999809265137,8.770000457763672,8.529999732971191,8.630000114440918,17876900
2025-02-27,8.670000076293945,8.670000076293945,9.020000457763672,8.600000381469727,8.630000114440918,14314300
2025-02-28,8.520000457763672,8.520000457763672,8.649999618530273,8.40999984741211,8.600000381469727,91028700
2025-03-05,8.5,8.5,8.569999694824219,8.300000190734863,8.449999809265137,6745300
2025-03-06,8.670000076293945,8.670000076293945,8.770000457763672,8.470000267028809,8.5,11616400
2025-03-07,8.800000190734863,8.800000190734863,8.84000015258789,8.40999984741211,8.520000457763672,10943300
2025-03-10,8.65999984741211,8.65999984741211,8.829999923706055,8.529999732971191,8.699999809265137,11471400
2025-03-11,8.4399995803833,8.4399995803833,8.75,8.3100004196167,8.649999618530273,11348100
2025-03-12,8.470000267028809,8.470000267028809,8.470000267028809,8.1899995803833,8.369999885559082,16468400
2025-03-13,9.140000343322754,9.140000343322754,9.34000015258789,8.550000190734863,8.550000190734863,25997900
2025-03-14,10.220000267028809,10.220000267028809,10.25,9.15999984741211,9.199999809265137,26742900
2025-03-17,10.079999923706055,10.079999923706055,10.300000190734863,10.010000228881836,10.170000076293945,10116600
2025-03-18,9.850000381469727,9.850000381469727,10.09000015258789,9.539999961853027,10.0,18130100
2025-03-19,10.050000190734863,10.050000190734863,10.170000076293945,9.680000305175781,9.800000190734863,15469800
2025-03-20,10.029999732971191,10.029999732971191,10.220000267028809,9.899999618530273,9.90999984741211,10874000
2025-03-21,10.069999694824219,10.069999694824219,10.170000076293945,9.9399995803833,10.029999732971191,16862200
2025-03-24,9.960000038146973,9.960000038146973,10.329999923706055,9.859999656677246,10.210000038146973,6883200
2025-03-25,9.949999809265137,9.949999809265137,10.140000343322754,9.9399995803833,9.989999771118164,4645100
2025-03-26,9.979999542236328,9.979999542236328,10.0600004196167,9.899999618530273,10.010000228881836,4865800
2025-03-27,9.960000038146973,9.960000038146973,10.130000114440918,9.869999885559082,10.050000190734863,6866300
2025-03-28,9.739999771118164,9.739999771118164,9.949999809265137,9.579999923706055,9.920000076293945,9124000
2025-03-31,9.470000267028809,9.470000267028809,9.729999542236328,9.380000114440918,9.699999809265137,7422600
2025-04-01,9.479999542236328,9.479999542236328,9.670000076293945,9.399999618530273,9.520000457763672,8861000
2025-04-02,8.989999771118164,8.989999771118164,9.449999809265137,8.949999809265137,9.430000305175781,14549400
2025-04-03,8.8100004196167,8.8100004196167,9.039999961853027,8.739999771118164,8.90999984741211,10217600
2025-04-04,8.229999542236328,8.229999542236328,8.449999809265137,7.940000057220459,8.449999809265137,19779900
2025-04-07,8.239999771118164,8.239999771118164,8.470000267028809,7.900000095367432,8.050000190734863,17178300
2025-04-08,7.769999980926514,7.769999980926514,8.449999809265137,7.690000057220459,8.380000114440918,15445400
2025-04-09,8.40999984741211,8.40999984741211,8.520000457763672,7.659999847412109,7.690000057220459,20379000
2025-04-10,8.359999656677246,8.359999656677246,8.489999771118164,8.079999923706055,8.489999771118164,10956300
2025-04-11,8.630000114440918,8.630000114440918,8.6899995803833,8.319999694824219,8.430000305175781,9047700
2025-04-14,8.960000038146973,8.960000038146973,9.029999732971191,8.760000228881836,8.800000190734863,9342800
2025-04-15,8.649999618530273,8.649999618530273,9.039999961853027,8.609999656677246,8.979999542236328,9083100
2025-04-16,8.649999618530273,8.649999618530273,8.649999618530273,8.470000267028809,8.569999694824219,9425400
2025-04-17,8.680000305175781,8.680000305175781,8.770000457763672,8.59000015258789,8.630000114440918,7347400
2025-04-22,8.850000381469727,8.850000381469727,8.899999618530273,8.539999961853027,8.680000305175781,6789300
2025-04-23,9.130000114440918,9.130000114440918,9.329999923706055,9.0600004196167,9.100000381469727,9426000
2025-04-24,9.359999656677246,9.359999656677246,9.40999984741211,9.140000343322754,9.229999542236328,7153300
2025-04-25,9.390000343322754,9.390000343322754,9.5,9.149999618530273,9.1899995803833,7620300
2025-04-28,9.359999656677246,9.359999656677246,9.529999732971191,9.350000381469727,9.390000343322754,6005300
2025-04-29,9.399999618530273,9.399999618530273,9.529999732971191,9.319999694824219,9.359999656677246,17602800
2025-04-30,9.300000190734863,9.300000190734863,9.3100004196167,9.079999923706055,9.229999542236328,7876900
2025-05-02,9.350000381469727,9.350000381469727,9.479999542236328,9.180000305175781,9.399999618530273,9431800
2025-05-05,9.199999809265137,9.199999809265137,9.479999542236328,9.170000076293945,9.380000114440918,6024200
2025-05-06,9.34000015258789,9.34000015258789,9.470000267028809,9.199999809265137,9.210000038146973,11903300
2025-05-07,9.399999618530273,9.399999618530273,9.489999771118164,9.210000038146973,9.4399995803833,8131400
2025-05-08,9.630000114440918,9.630000114440918,9.720000267028809,9.5,9.5,9039200
2025-05-09,8.680000305175781,8.680000305175781,9.520000457763672,8.539999961853027,9.489999771118164,26973800
2025-05-12,8.890000343322754,8.890000343322754,9.430000305175781,8.8100004196167,9.050000190734863,15036800
2025-05-13,9.029999732971191,9.029999732971191,9.100000381469727,8.819999694824219,8.9399995803833,9070000
2025-05-14,9.289999961853027,9.289999961853027,9.479999542236328,9.010000228881836,9.109999656677246,7614500
2025-05-15,9.270000457763672,9.270000457763672,9.399999618530273,9.210000038146973,9.239999771118164,9267100
2025-05-16,9.069999694824219,9.069999694824219,9.119999885559082,8.869999885559082,9.100000381469727,15367200
2025-05-19,9.079999923706055,9.079999923706055,9.229999542236328,8.970000267028809,9.0,7577800
2025-05-20,9.100000381469727,9.100000381469727,9.289999961853027,8.960000038146973,9.050000190734863,10620300
2025-05-21,8.90999984741211,8.90999984741211,9.130000114440918,8.90999984741211,9.130000114440918,6403400
2025-05-22,8.800000190734863,8.800000190734863,9.0,8.760000228881836,8.869999885559082,8156600
2025-05-23,8.84000015258789,8.84000015258789,8.949999809265137,8.550000190734863,8.680000305175781,9376700
2025-05-26,8.8100004196167,8.8100004196167,8.930000305175781,8.8100004196167,8.84000015258789,2656600
2025-05-27,9.0,9.0,9.0600004196167,8.8100004196167,8.8100004196167,8557000
2025-05-28,8.670000076293945,8.670000076293945,9.020000457763672,8.420000076293945,9.010000228881836,15534900
2025-05-29,8.579999923706055,8.579999923706055,8.880000114440918,8.579999923706055,8.75,8265000
2025-05-30,8.25,8.25,8.59000015258789,8.220000267028809,8.579999923706055,22043800
2025-06-02,8.239999771118164,8.239999771118164,8.390000343322754,8.130000114440918,8.25,10306200
2025-06-03,8.380000114440918,8.380000114440918,8.380000114440918,8.119999885559082,8.149999618530273,8621700
2025-06-04,8.329999923706055,8.329999923706055,8.609999656677246,8.279999732971191,8.399999618530273,8072500
2025-06-05,8.270000457763672,8.270000457763672,8.5,8.239999771118164,8.329999923706055,6744400
2025-06-06,8.229999542236328,8.229999542236328,8.329999923706055,8.149999618530273,8.300000190734863,9011600
2025-06-09,8.300000190734863,8.300000190734863,8.300000190734863,8.109999656677246,8.170000076293945,6342300
2025-06-10,8.640000343322754,8.640000343322754,8.699999809265137,8.25,8.350000381469727,11441700
2025-06-11,8.479999542236328,8.479999542236328,8.619999885559082,8.329999923706055,8.619999885559082,13929300
2025-06-12,8.289999961853027,8.289999961853027,8.460000038146973,8.289999961853027,8.390000343322754,6170700
2025-06-13,7.940000057220459,7.940000057220459,8.260000228881836,7.940000057220459,8.229999542236328,11617000
2025-06-16,8.420000076293945,8.420000076293945,8.470000267028809,8.050000190734863,8.050000190734863,11294300
2025-06-17,8.199999809265137,8.199999809265137,8.369999885559082,8.1899995803833,8.34000015258789,7927700
2025-06-18,8.149999618530273,8.149999618530273,8.369999885559082,8.130000114440918,8.34000015258789,5901100
2025-06-20,7.869999885559082,7.869999885559082,8.180000305175781,7.869999885559082,8.130000114440918,10715100
2025-06-23,7.739999771118164,7.739999771118164,7.880000114440918,7.659999847412109,7.860000133514404,7329600
2025-06-24,7.630000114440918,7.630000114440918,7.849999904632568,7.599999904632568,7.820000171661377,8880500
2025-06-25,7.25,7.25,7.610000133514404,7.239999771118164,7.610000133514404,14945000
2025-06-26,7.420000076293945,7.420000076293945,7.599999904632568,7.320000171661377,7.360000133514404,7136000
2025-06-27,7.5,7.5,7.5,7.360000133514404,7.409999847412109,4915500
2025-06-30,7.440000057220459,7.440000057220459,7.519999980926514,7.389999866485596,7.489999771118164,9082800
2025-07-01,7.510000228881836,7.510000228881836,7.550000190734863,7.360000133514404,7.449999809265137,5064500
2025-07-02,7.96999979019165,7.96999979019165,8.079999923706055,7.53000020980835,7.559999942779541,15574200
2025-07-03,8.229999542236328,8.229999542236328,8.319999694824219,7.920000076293945,8.0600004196167,10430800
2025-07-04,8.210000038146973,8.210000038146973,8.260000228881836,8.130000114440918,8.229999542236328,3333600
2025-07-07,8.119999885559082,8.119999885559082,8.3100004196167,8.0600004196167,8.220000267028809,5960400
2025-07-08,8.140000343322754,8.140000343322754,8.289999961853027,8.109999656677246,8.170000076293945,7261700
2025-07-09,7.929999828338623,7.929999828338623,8.199999809265137,7.929999828338623,8.199999809265137,5386600
2025-07-10,8.329999923706055,8.329999923706055,8.470000267028809,7.760000228881836,7.860000133514404,14134500
2025-07-11,8.25,8.25,8.369999885559082,8.109999656677246,8.350000381469727,5409100
2025-07-14,8.199999809265137,8.199999809265137,8.3100004196167,8.100000381469727,8.289999961853027,3266900
2025-07-15,8.079999923706055,8.079999923706055,8.399999618530273,8.0,8.220000267028809,10715900
2025-07-16,8.0,8.0,8.170000076293945,7.789999961853027,8.149999618530273,8659100
2025-07-17,7.909999847412109,7.909999847412109,8.050000190734863,7.809999942779541,8.020000457763672,6059800
2025-07-18,7.820000171661377,7.820000171661377,7.849999904632568,7.639999866485596,7.809999942779541,15277700
2025-07-21,7.989999771118164,7.989999771118164,8.079999923706055,7.769999980926514,7.860000133514404,10514300
2025-07-22,8.5600004196167,8.5600004196167,8.5600004196167,8.100000381469727,8.100000381469727,15072900
2025-07-23,8.770000457763672,8.770000457763672,8.800000190734863,8.3100004196167,8.470000267028809,8581700
2025-07-24,8.550000190734863,8.550000190734863,8.789999961853027,8.550000190734863,8.65999984741211,6020400
2025-07-25,8.369999885559082,8.369999885559082,8.550000190734863,8.279999732971191,8.5,7507700
2025-07-28,8.0,8.0,8.329999923706055,7.949999809265137,8.270000457763672,7244100
2025-07-29,8.010000228881836,8.010000228881836,8.130000114440918,7.909999847412109,8.0600004196167,8621100
2025-07-30,7.940000057220459,7.940000057220459,8.079999923706055,7.840000152587891,7.989999771118164,9253500
2025-07-31,8.020000457763672,8.020000457763672,8.050000190734863,7.539999961853027,7.800000190734863,13389100
2025-08-01,7.619999885559082,7.619999885559082,8.15999984741211,7.619999885559082,8.050000190734863,12946700
2025-08-04,7.449999809265137,7.449999809265137,7.769999980926514,7.429999828338623,7.739999771118164,8123300
2025-08-05,7.239999771118164,7.239999771118164,7.590000152587891,7.210000038146973,7.5,10184900
2025-08-06,7.21999979019165,7.21999979019165,7.440000057220459,7.199999809265137,7.309999942779541,7504700
2025-08-07,7.309999942779541,7.309999942779541,7.409999847412109,7.210000038146973,7.25,6383300
2025-08-08,7.409999847412109,7.409999847412109,7.46999979019165,7.269999980926514,7.289999961853027,6222000
2025-08-11,7.260000228881836,7.260000228881836,7.5,7.260000228881836,7.440000057220459,7395900
2025-08-12,7.550000190734863,7.550000190734863,7.590000152587891,7.289999961853027,7.360000133514404,11963300
2025-08-13,7.420000076293945,7.420000076293945,7.590000152587891,7.380000114440918,7.550000190734863,6151000
2025-08-14,6.96999979019165,6.96999979019165,7.349999904632568,6.900000095367432,7.349999904632568,17233300
2025-08-15,6.769999980926514,6.769999980926514,7.03000020980835,6.71999979019165,7.010000228881836,12436600
2025-08-18,7.079999923706055,7.079999923706055,7.110000133514404,6.75,6.78000020980835,8373600
2025-08-19,6.840000152587891,6.840000152587891,7.050000190734863,6.829999923706055,7.0,8168100
2025-08-20,6.769999980926514,6.769999980926514,6.880000114440918,6.730000019073486,6.840000152587891,4650200
2025-08-21,6.829999923706055,6.829999923706055,6.909999847412109,6.730000019073486,6.769999980926514,5442800
2025-08-22,7.159999847412109,7.159999847412109,7.179999828338623,6.789999961853027,6.840000152587891,9056800
2025-08-25,7.239999771118164,7.239999771118164,7.360000133514404,7.190000057220459,7.21999979019165,5928700
2025-08-26,7.25,7.25,7.309999942779541,7.150000095367432,7.230000019073486,6634500
2025-08-27,7.380000114440918,7.380000114440918,7.380000114440918,7.150000095367432,7.28000020980835,5972800
2025-08-28,7.730000019073486,7.730000019073486,7.900000095367432,7.480000019073486,7.480000019073486,11866000
2025-08-29,7.610000133514404,7.610000133514404,7.889999866485596,7.519999980926514,7.760000228881836,10010700
2025-09-01,7.539999961853027,7.539999961853027,7.630000114440918,7.440000057220459,7.590000152587891,3961200
2025-09-02,7.440000057220459,7.440000057220459,7.539999961853027,7.380000114440918,7.429999828338623,6330800
2025-09-03,7.429999828338623,7.429999828338623,7.5,7.349999904632568,7.46999979019165,5586400
2025-09-04,7.650000095367432,7.650000095367432,7.760000228881836,7.480000019073486,7.480000019073486,8148700
2025-09-05,7.789999961853027,7.789999961853027,7.880000114440918,7.619999885559082,7.760000228881836,5059700
2025-09-08,7.840000152587891,7.840000152587891,8.029999732971191,7.739999771118164,7.809999942779541,7415800
2025-09-09,7.789999961853027,7.789999961853027,8.130000114440918,7.789999961853027,7.949999809265137,8214100
2025-09-10,7.75,7.75,7.960000038146973,7.699999809265137,7.789999961853027,4787200
2025-09-11,7.820000171661377,7.820000171661377,7.849999904632568,7.679999828338623,7.760000228881836,3854400
2025-09-12,7.829999923706055,7.829999923706055,7.889999866485596,7.579999923706055,7.71999979019165,6311800
2025-09-15,7.869999885559082,7.869999885559082,7.920000076293945,7.800000190734863,7.860000133514404,3699500
2025-09-16,8.069999694824219,8.069999694824219,8.079999923706055,7.809999942779541,7.929999828338623,8507700
2025-09-17,8.109999656677246,8.109999656677246,8.3100004196167,8.010000228881836,8.039999961853027,8515000
2025-09-18,7.909999847412109,7.909999847412109,8.350000381469727,7.849999904632568,8.109999656677246,7828900
2025-09-19,8.010000228881836,8.010000228881836,8.140000343322754,7.809999942779541,7.940000057220459,9306400
2025-09-22,7.949999809265137,7.949999809265137,8.039999961853027,7.75,8.039999961853027,7252900
2025-09-23,7.980000019073486,7.980000019073486,8.119999885559082,7.909999847412109,7.940000057220459,6707100
2025-09-24,8.039999961853027,8.039999961853027,8.050000190734863,7.889999866485596,7.980000019073486,4854700
2025-09-25,7.949999809265137,7.949999809265137,8.1899995803833,7.940000057220459,7.989999771118164,7224900
2025-09-26,7.989999771118164,7.989999771118164,8.0600004196167,7.869999885559082,8.0,5853600
2025-09-29,8.039999961853027,8.039999961853027,8.300000190734863,7.949999809265137,8.069999694824219,9482100
2025-09-30,7.900000095367432,7.900000095367432,8.130000114440918,7.860000133514404,8.09000015258789,5374700
2025-10-01,8.210000038146973,8.210000038146973,8.25,7.940000057220459,7.940000057220459,10169100
2025-10-02,8.15999984741211,8.15999984741211,8.239999771118164,7.989999771118164,8.170000076293945,6599600
2025-10-03,8.199999809265137,8.199999809265137,8.220000267028809,8.0600004196167,8.180000305175781,4725500
2025-10-06,8.729999542236328,8.729999542236328,8.729999542236328,8.1899995803833,8.220000267028809,12121200
2025-10-07,8.399999618530273,8.399999618530273,8.65999984741211,8.390000343322754,8.640000343322754,8080000
2025-10-08,8.460000038146973,8.460000038146973,8.619999885559082,8.3100004196167,8.5,6440100
2025-10-09,8.420000076293945,8.420000076293945,8.680000305175781,8.329999923706055,8.579999923706055,6902300
2025-10-10,7.909999847412109,7.909999847412109,8.479999542236328,7.909999847412109,8.420000076293945,14064900
2025-10-13,8.40999984741211,8.40999984741211,8.420000076293945,8.039999961853027,8.100000381469727,11000000
2025-10-14,8.449999809265137,8.449999809265137,8.470000267028809,8.270000457763672,8.289999961853027,5892100
2025-10-15,8.520000457763672,8.520000457763672,8.520000457763672,8.229999542236328,8.420000076293945,8456800
2025-10-16,8.300000190734863,8.300000190734863,8.489999771118164,8.229999542236328,8.449999809265137,7920400
2025-10-17,8.34000015258789,8.34000015258789,8.380000114440918,8.130000114440918,8.239999771118164,7206500
2025-10-20,8.720000267028809,8.720000267028809,8.789999961853027,8.34000015258789,8.34000015258789,11324400
2025-10-21,8.649999618530273,8.649999618530273,8.789999961853027,8.34000015258789,8.34000015258789,5290700
2025-10-22,8.609999656677246,8.609999656677246,8.850000381469727,8.539999961853027,8.699999809265137,6953300
2025-10-23,8.760000228881836,8.760000228881836,8.800000190734863,8.630000114440918,8.670000076293945,5550000
2025-10-24,8.630000114440918,8.630000114440918,9.180000305175781,8.619999885559082,8.8100004196167,16996000
2025-10-27,8.920000076293945,8.920000076293945,9.020000457763672,8.710000038146973,8.899999618530273,7942700
2025-10-28,9.119999885559082,9.119999885559082,9.260000228881836,8.890000343322754,8.899999618530273,9375000
2025-10-29,9.3100004196167,9.3100004196167,9.34000015258789,9.149999618530273,9.220000267028809,9943800
2025-10-30,9.359999656677246,9.359999656677246,9.390000343322754,9.15999984741211,9.229999542236328,5756900
2025-10-31,9.4399995803833,9.4399995803833,9.460000038146973,9.210000038146973,9.430000305175781,6345400
2025-11-03,9.300000190734863,9.300000190734863,9.520000457763672,9.220000267028809,9.430000305175781,5144500
2025-11-04,9.130000114440918,9.130000114440918,9.260000228881836,8.9399995803833,9.1899995803833,8438600
2025-11-05,8.710000038146973,8.710000038146973,9.220000267028809,8.5600004196167,9.130000114440918,21873300
2025-11-06,8.5,8.5,8.729999542236328,8.3100004196167,8.720000267028809,17317400
2025-11-07,8.350000381469727,8.350000381469727,8.479999542236328,8.210000038146973,8.399999618530273,12546300
2025-11-10,8.289999961853027,8.289999961853027,8.420000076293945,8.229999542236328,8.399999618530273,7346100
2025-11-11,8.3100004196167,8.3100004196167,8.470000267028809,8.270000457763672,8.34000015258789,9109600
2025-11-12,8.729999542236328,8.729999542236328,8.789999961853027,8.279999732971191,8.329999923706055,13456000
2025-11-13,8.609999656677246,8.609999656677246,8.829999923706055,8.579999923706055,8.699999809265137,7011500
2025-11-14,8.649999618530273,8.649999618530273,8.720000267028809,8.470000267028809,8.529999732971191,4933900
2025-11-17,8.350000381469727,8.350000381469727,8.720000267028809,8.289999961853027,8.6899995803833,7356900
2025-11-18,8.149999618530273,8.149999618530273,8.300000190734863,8.119999885559082,8.229999542236328,9688800
2025-11-19,8.109999656677246,8.109999656677246,8.270000457763672,8.069999694824219,8.100000381469727,6040500
2025-11-21,8.100000381469727,8.100000381469727,8.180000305175781,7.980000019073486,8.100000381469727,6643000
2025-11-24,8.109999656677246,8.109999656677246,8.210000038146973,8.0,8.079999923706055,7535800
2025-11-25,8.3100004196167,8.3100004196167,8.34000015258789,8.0600004196167,8.109999656677246,5493800
2025-11-26,8.640000343322754,8.640000343322754,8.680000305175781,8.329999923706055,8.329999923706055,7654500
2025-11-27,8.479999542236328,8.479999542236328,8.649999618530273,8.380000114440918,8.649999618530273,5755400
2025-11-28,8.4399995803833,8.4399995803833,8.569999694824219,8.399999618530273,8.4399995803833,4383100
2025-12-01,8.449999809265137,8.449999809265137,8.520000457763672,8.390000343322754,8.470000267028809,4916300
2025-12-02,8.579999923706055,8.579999923706055,8.600000381469727,8.34000015258789,8.4399995803833,7283700
2025-12-03,9.050000190734863,9.050000190734863,9.119999885559082,8.600000381469727,8.609999656677246,14863500
2025-12-04,9.289999961853027,9.289999961853027,9.300000190734863,8.90999984741211,9.039999961853027,9321400
2025-12-05,8.90999984741211,8.90999984741211,9.390000343322754,8.819999694824219,9.279999732971191,11792900
2025-12-08,8.760000228881836,8.760000228881836,9.100000381469727,8.75,9.020000457763672,7143100
2025-12-09,9.050000190734863,9.050000190734863,9.140000343322754,8.569999694824219,8.710000038146973,8034900
2025-12-10,9.630000114440918,9.630000114440918,9.869999885559082,9.09000015258789,9.140000343322754,20382300
2025-12-11,9.770000457763672,9.770000457763672,9.84000015258789,9.489999771118164,9.579999923706055,6954000
2025-12-12,9.699999809265137,9.699999809265137,9.859999656677246,9.489999771118164,9.819999694824219,9208400
2025-12-15,9.579999923706055,9.579999923706055,9.789999961853027,9.4399995803833,9.75,7176800
2025-12-16,9.680000305175781,9.680000305175781,9.680000305175781,9.4399995803833,9.5600004196167,6897400
2025-12-17,9.5600004196167,9.5600004196167,9.739999771118164,9.390000343322754,9.729999542236328,8310500
2025-12-18,9.59000015258789,9.59000015258789,9.699999809265137,9.420000076293945,9.600000381469727,6191000
2025-12-19,9.279999732971191,9.279999732971191,9.59000015258789,9.199999809265137,9.5600004196167,11424600
2025-12-22,9.199999809265137,9.199999809265137,9.449999809265137,9.119999885559082,9.3100004196167,10686600
2025-12-23,9.210000038146973,9.210000038146973,9.25,9.119999885559082,9.239999771118164,5403700
2025-12-26,9.15999984741211,9.15999984741211,9.170000076293945,9.020000457763672,9.119999885559082,4919000
2025-12-29,8.930000305175781,8.930000305175781,9.239999771118164,8.899999618530273,9.210000038146973,8095700
2025-12-30,8.9399995803833,8.9399995803833,9.069999694824219,8.920000076293945,9.0,5246500
2026-01-02,8.699999809265137,8.699999809265137,9.020000457763672,8.699999809265137,8.9399995803833,12462400
2026-01-05,9.050000190734863,9.050000190734863,9.149999618530273,8.65999984741211,8.729999542236328,6496100
2026-01-06,9.319999694824219,9.319999694824219,9.420000076293945,8.949999809265137,9.100000381469727,10117700
2026-01-07,9.850000381469727,9.850000381469727,9.90999984741211,9.270000457763672,9.359999656677246,16022900
2026-01-08,9.859999656677246,9.859999656677246,9.899999618530273,9.5,9.789999961853027,9840400
2026-01-09,9.84000015258789,9.84000015258789,10.100000381469727,9.800000190734863,9.84000015258789,7617400
2026-01-12,9.920000076293945,9.920000076293945,9.949999809265137,9.770000457763672,9.84000015258789,6705000
2026-01-13,10.050000190734863,10.050000190734863,10.050000190734863,9.640000343322754,9.869999885559082,7113900
2026-01-14,10.270000457763672,10.270000457763672,10.430000305175781,9.729999542236328,10.109999656677246,11163200
2026-01-15,9.949999809265137,9.949999809265137,10.779999732971191,9.739999771118164,10.390000343322754,22666400
2026-01-16,9.510000228881836,9.510000228881836,9.970000267028809,9.0600004196167,9.880000114440918,23261500
2026-01-19,9.210000038146973,9.210000038146973,9.489999771118164,9.180000305175781,9.40999984741211,9019900
2026-01-20,8.930000305175781,8.930000305175781,9.15999984741211,8.890000343322754,9.109999656677246,11011600
2026-01-21,9.369999885559082,9.369999885559082,9.380000114440918,8.960000038146973,9.069999694824219,18339000
2026-01-22,9.539999961853027,9.539999961853027,9.979999542236328,9.350000381469727,9.399999618530273,18182900
2026-01-23,10.140000343322754,10.140000343322754,10.199999809265137,9.510000228881836,9.600000381469727,14107400
2026-01-26,9.960000038146973,9.960000038146973,10.479999542236328,9.90999984741211,10.260000228881836,13318700
2026-01-27,10.670000076293945,10.670000076293945,10.6899995803833,9.989999771118164,10.079999923706055,15581700
2026-01-28,10.890000343322754,10.890000343322754,11.319999694824219,10.670000076293945,10.699999809265137,16432200
2026-01-29,10.520000457763672,10.520000457763672,11.170000076293945,10.489999771118164,11.15999984741211,13276700
2026-01-30,10.069999694824219,10.069999694824219,10.420000076293945,9.9399995803833,10.329999923706055,14357700
2026-02-02,10.010000228881836,10.010000228881836,10.199999809265137,9.970000267028809,10.039999961853027,9347700
2026-02-03,10.369999885559082,10.369999885559082,10.4399995803833,10.0,10.100000381469727,10266600
2026-02-04,10.229999542236328,10.229999542236328,10.430000305175781,10.039999961853027,10.25,8461000
2026-02-05,9.899999618530273,9.899999618530273,10.270000457763672,9.899999618530273,10.210000038146973,12052200
2026-02-06,9.510000228881836,9.510000228881836,9.960000038146973,9.460000038146973,9.899999618530273,13482600
2026-02-09,9.850000381469727,9.850000381469727,9.920000076293945,9.489999771118164,9.5,16122100
2026-02-10,9.390000343322754,9.390000343322754,9.869999885559082,9.359999656677246,9.829999923706055,15926400
2026-02-11,9.619999885559082,9.619999885559082,9.680000305175781,9.279999732971191,9.510000228881836,16317200
2026-02-12,8.699999809265137,8.699999809265137,9.739999771118164,8.699999809265137,9.550000190734863,20952500
2026-02-13,8.729999542236328,8.729999542236328,8.800000190734863,8.399999618530273,8.539999961853027,22917800
2026-02-18,8.59000015258789,8.59000015258789,8.829999923706055,8.489999771118164,8.829999923706055,10116000
2026-02-19,8.529999732971191,8.529999732971191,8.640000343322754,8.390000343322754,8.609999656677246,13833600
2026-02-20,8.579999923706055,8.579999923706055,8.75,8.40999984741211,8.5,17145000
2026-02-23,8.529999732971191,8.529999732971191,8.5600004196167,8.289999961853027,8.529999732971191,17903700
2026-02-24,8.529999732971191,8.529999732971191,8.710000038146973,8.5,8.529999732971191,11964200
2026-02-25,8.619999885559082,8.619999885559082,8.699999809265137,8.529999732971191,8.609999656677246,8774800
2026-02-26,8.630000114440918,8.630000114440918,8.729999542236328,8.420000076293945,8.579999923706055,12533800
2026-02-27,8.619999885559082,8.619999885559082,8.619999885559082,8.489999771118164,8.569999694824219,10525600
2026-03-02,8.420000076293945,8.420000076293945,8.510000228881836,8.300000190734863,8.369999885559082,11092600
2026-03-03,7.909999847412109,7.909999847412109,8.180000305175781,7.800000190734863,8.180000305175781,15801000
2026-03-04,8.0,8.0,8.09000015258789,7.900000095367432,8.010000228881836,9134600
2026-03-05,7.510000228881836,7.510000228881836,8.0,7.510000228881836,7.96999979019165,16286500
2026-03-06,7.190000057220459,7.190000057220459,7.550000190734863,7.179999828338623,7.46999979019165,14698000
2026-03-09,7.190000057220459,7.190000057220459,7.300000190734863,6.960000038146973,7.139999866485596,14806000
2026-03-10,7.269999980926514,7.269999980926514,7.380000114440918,7.090000152587891,7.349999904632568,12211700
2026-03-11,7.130000114440918,7.130000114440918,7.329999923706055,7.079999923706055,7.21999979019165,12147100
2026-03-12,6.099999904632568,6.099999904632568,7.010000228881836,6.039999961853027,7.0,47734400
2026-03-13,5.71999979019165,5.71999979019165,6.179999828338623,5.670000076293945,6.159999847412109,36465200
2026-03-16,6.03000020980835,6.03000020980835,6.139999866485596,5.849999904632568,5.869999885559082,22389100
2026-03-17,6.340000152587891,6.340000152587891,6.510000228881836,6.039999961853027,6.039999961853027,24449900
2026-03-18,6.059999942779541,6.059999942779541,6.269999980926514,6.059999942779541,6.21999979019165,25082400
2026-03-19,6.090000152587891,6.090000152587891,6.28000020980835,5.75,5.829999923706055,27897500
2026-03-20,5.989999771118164,5.989999771118164,6.099999904632568,5.840000152587891,6.099999904632568,37070700
2026-03-23,6.539999961853027,6.539999961853027,6.619999885559082,6.099999904632568,6.139999866485596,20968700
2026-03-24,6.570000171661377,6.570000171661377,6.579999923706055,6.340000152587891,6.5,13347500
2026-03-25,6.599999904632568,6.599999904632568,6.690000057220459,6.510000228881836,6.679999828338623,12946400
2026-03-26,6.440000057220459,6.440000057220459,6.659999847412109,6.429999828338623,6.480000019073486,8907000
2026-03-27,6.179999828338623,6.179999828338623,6.46999979019165,6.170000076293945,6.440000057220459,10938800
2026-03-30,6.139999866485596,6.139999866485596,6.389999866485596,6.099999904632568,6.269999980926514,10759800
2026-03-31,6.329999923706055,6.329999923706055,6.380000114440918,6.210000038146973,6.269999980926514,12148400
2026-04-01,6.519999980926514,6.519999980926514,6.579999923706055,6.389999866485596,6.449999809265137,8816600
2026-04-02,6.46999979019165,6.46999979019165,6.510000228881836,6.289999961853027,6.340000152587891,6972300
2026-04-06,6.409999847412109,6.409999847412109,6.539999961853027,6.389999866485596,6.519999980926514,5826700
2026-04-07,6.360000133514404,6.360000133514404,6.420000076293945,6.269999980926514,6.400000095367432,8722900
2026-04-08,6.71999979019165,6.71999979019165,6.809999942779541,6.639999866485596,6.639999866485596,15227400
2026-04-09,6.789999961853027,6.789999961853027,6.860000133514404,6.599999904632568,6.679999828338623,11007700
2026-04-10,6.420000076293945,6.420000076293945,6.909999847412109,6.420000076293945,6.849999904632568,17337000
2026-04-13,6.519999980926514,6.519999980926514,6.53000020980835,6.309999942779541,6.380000114440918,9895200
2026-04-14,6.639999866485596,6.639999866485596,6.820000171661377,6.559999942779541,6.590000152587891,12944700
2026-04-15,6.639999866485596,6.639999866485596,6.739999771118164,6.510000228881836,6.630000114440918,8756700
2026-04-16,6.619999885559082,6.619999885559082,6.920000076293945,6.610000133514404,6.71999979019165,20928300
2026-04-17,6.789999961853027,6.789999961853027,6.929999828338623,6.75,6.800000190734863,13922600
2026-04-20,6.820000171661377,6.820000171661377,6.860000133514404,6.679999828338623,6.730000019073486,8061000
2026-04-22,6.639999866485596,6.639999866485596,6.789999961853027,6.639999866485596,6.75,11049800
2026-04-23,6.389999866485596,6.389999866485596,6.679999828338623,6.389999866485596,6.650000095367432,10110900
2026-04-24,6.429999828338623,6.429999828338623,6.619999885559082,6.329999923706055,6.380000114440918,7715100
2026-04-27,6.400000095367432,6.400000095367432,6.579999923706055,6.389999866485596,6.429999828338623,6646500
2026-04-28,6.420000076293945,6.420000076293945,6.420000076293945,6.309999942779541,6.360000133514404,5183000
2026-04-29,6.159999847412109,6.159999847412109,6.409999847412109,6.159999847412109,6.369999885559082,9126900
2026-04-30,6.230000019073486,6.230000019073486,6.349999904632568,6.230000019073486,6.239999771118164,11200500
2026-05-04,6.079999923706055,6.079999923706055,6.260000228881836,6.079999923706055,6.25,6692800
2026-05-05,6.269999980926514,6.269999980926514,6.340000152587891,6.079999923706055,6.110000133514404,7487200
2026-05-06,6.699999809265137,6.699999809265137,6.78000020980835,6.400000095367432,6.429999828338623,14649900
2026-05-07,6.579999923706055,6.579999923706055,6.78000020980835,6.550000190734863,6.730000019073486,6886800
2026-05-08,6.679999828338623,6.679999828338623,6.880000114440918,6.650000095367432,6.650000095367432,6923000
2026-05-11,6.679999828338623,6.679999828338623,6.75,6.570000171661377,6.619999885559082,6631000
2026-05-12,6.550000190734863,6.550000190734863,6.650000095367432,6.460000038146973,6.639999866485596,7013700
2026-05-13,6.369999885559082,6.369999885559082,6.619999885559082,6.360000133514404,6.599999904632568,10192400
2026-05-14,6.670000076293945,6.670000076293945,6.730000019073486,6.260000228881836,6.480000019073486,13518600
2026-05-15,6.420000076293945,6.420000076293945,6.5,6.21999979019165,6.5,17569700
2026-05-18,6.150000095367432,6.150000095367432,6.440000057220459,6.070000171661377,6.360000133514404,15875200
2026-05-19,5.900000095367432,5.900000095367432,6.119999885559082,5.880000114440918,6.070000171661377,12762200
2026-05-20,6.130000114440918,6.130000114440918,6.170000076293945,5.949999809265137,5.96999979019165,12356300
2026-05-21,6.340000152587891,6.340000152587891,6.349999904632568,6.070000171661377,6.090000152587891,10279500
2026-05-22,6.730000019073486,6.730000019073486,6.739999771118164,6.260000228881836,6.309999942779541,13506800
2026-05-25,6.71999979019165,6.71999979019165,6.829999923706055,6.599999904632568,6.760000228881836,6152300
2026-05-26,6.690000057220459,6.690000057220459,6.820000171661377,6.610000133514404,6.639999866485596,9424400
2026-05-27,6.550000190734863,6.550000190734863,6.849999904632568,6.5,6.840000152587891,12617300
2026-05-28,6.800000190734863,6.800000190734863,6.880000114440918,6.400000095367432,6.579999923706055,15221500
2026-05-29,6.710000038146973,6.710000038146973,6.909999847412109,6.659999847412109,6.789999961853027,11728700
2026-06-01,6.550000190734863,6.550000190734863,6.699999809265137,6.179999828338623,6.659999847412109,28197100
2026-06-02,7.130000114440918,7.130000114440918,7.300000190734863,6.550000190734863,6.550000190734863,30525000
2026-06-03,6.679999828338623,6.679999828338623,6.980000019073486,6.53000020980835,6.980000019073486,25347200
2026-06-05,6.0,6.0,6.599999904632568,5.989999771118164,6.590000152587891,34714100
2026-06-08,5.900000095367432,5.900000095367432,6.059999942779541,5.880000114440918,6.010000228881836,15866000
2026-06-09,6.070000171661377,6.070000171661377,6.199999809265137,5.78000020980835,5.960000038146973,23202800
2026-06-10,6.039999961853027,6.039999961853027,6.269999980926514,5.96999979019165,6.03000020980835,14973700
2026-06-11,6.010000228881836,6.010000228881836,6.110000133514404,5.860000133514404,6.059999942779541,14982400
2026-06-12,6.050000190734863,6.050000190734863,6.159999847412109,5.940000057220459,5.989999771118164,11031700
2026-06-15,6.090000152587891,6.090000152587891,6.5,6.059999942779541,6.230000019073486,14845000
2026-06-16,6.019999980926514,6.019999980926514,6.289999961853027,6.019999980926514,6.059999942779541,15586500
2026-06-17,5.630000114440918,5.630000114440918,6.090000152587891,5.630000114440918,6.070000171661377,29027900
2026-06-18,5.179999828338623,5.179999828338623,5.659999847412109,5.179999828338623,5.659999847412109,30296000
2026-06-19,5.260000228881836,5.260000228881836,5.260000228881836,5.139999866485596,5.199999809265137,11756200
2026-06-22,5.340000152587891,5.340000152587891,5.429999828338623,5.190000057220459,5.269999980926514,13340200
2026-06-23,5.269999980926514,5.269999980926514,5.420000076293945,5.170000076293945,5.239999771118164,14610600
2026-06-24,5.059999942779541,5.059999942779541,5.260000228881836,5.010000228881836,5.239999771118164,22735800
2026-06-25,4.820000171661377,4.820000171661377,5.130000114440918,4.820000171661377,5.079999923706055,22842500
2026-06-26,4.730000019073486,4.730000019073486,4.869999885559082,4.730000019073486,4.829999923706055,13198500
2026-06-29,4.639999866485596,4.639999866485596,4.760000228881836,4.599999904632568,4.730000019073486,12128800
2026-06-30,4.619999885559082,4.619999885559082,4.659999847412109,4.5,4.630000114440918,12366600
2026-07-01,4.590000152587891,4.590000152587891,4.690000057220459,4.489999771118164,4.559999942779541,10307700
2026-07-02,4.619999885559082,4.619999885559082,4.849999904632568,4.599999904632568,4.639999866485596,14941400
2026-07-03,4.820000171661377,4.820000171661377,4.829999923706055,4.659999847412109,4.670000076293945,10136000
2026-07-06,4.760000228881836,4.760000228881836,4.900000095367432,4.75,4.78000020980835,8350300
2026-07-07,4.739999771118164,4.739999771118164,4.800000190734863,4.650000095367432,4.769999980926514,11105200
2026-07-08,4.670000076293945,4.670000076293945,4.739999771118164,4.570000171661377,4.739999771118164,11110800
2026-07-09,4.800000190734863,4.800000190734863,4.849999904632568,4.650000095367432,4.679999828338623,8796500
2026-07-10,5.179999828338623,5.179999828338623,5.199999809265137,4.949999809265137,4.949999809265137,14770400
2026-07-13,5.239999771118164,5.239999771118164,5.400000095367432,5.139999866485596,5.150000095367432,16903300
2026-07-14,5.199999809265137,5.199999809265137,5.360000133514404,5.099999904632568,5.329999923706055,12410700
2026-07-15,5.239999771118164,5.239999771118164,5.25,5.070000171661377,5.170000076293945,10836400
2026-07-16,5.099999904632568,5.099999904632568,5.199999809265137,5.099999904632568,5.190000057220459,8780300
2026-07-17,5.050000190734863,5.050000190734863,5.110000133514404,5.0,5.110000133514404,7647600
2026-07-20,5.070000171661377,5.070000171661377,5.119999885559082,5.03000020980835,5.070000171661377,6909900
2026-07-21,5.059999942779541,5.059999942779541,5.159999847412109,5.039999961853027,5.050000190734863,9070800
2026-07-22,5.380000114440918,5.380000114440918,5.429999828338623,5.090000152587891,5.090000152587891,13106000
2026-07-23,5.300000190734863,5.300000190734863,5.610000133514404,5.300000190734863,5.349999904632568,12179400
2026-07-24,5.360000133514404,5.360000133514404,5.449999809265137,5.239999771118164,5.260000228881836,8159600
2026-07-27,5.630000114440918,5.630000114440918,5.650000095367432,5.369999885559082,5.420000076293945,8169300
