Date,Adj Close,Close,High,Low,Open,Volume
2015-01-02,4.418922424316406,7.277777194976807,7.571427822113037,7.150793075561523,7.571427822113037,6596478
2015-01-05,4.21652889251709,6.944444179534912,7.19841194152832,6.8253960609436035,7.17460298538208,8321796
2015-01-06,4.659865856170654,7.67460298538208,7.69841194152832,6.920633792877197,6.920633792877197,15478848
2015-01-07,5.002007484436035,8.2380952835083,8.277776718139648,7.8730149269104,7.896824836730957,21301812
2015-01-08,4.886354446411133,8.047618865966797,8.46031665802002,7.944444179534912,8.365078926086426,10835622
2015-01-09,4.664685249328613,7.682538986206055,8.047618865966797,7.666666030883789,8.047618865966797,8755110
2015-01-12,4.553851127624512,7.5,7.714284896850586,7.404760837554932,7.69841194152832,8635158
2015-01-13,4.423739910125732,7.285714149475098,7.753967761993408,7.222221851348877,7.515872955322266,8640324
2015-01-14,4.25507926940918,7.007936000823975,7.087300777435303,6.8333330154418945,7.0634918212890625,14200074
2015-01-15,4.327363967895508,7.126984119415283,7.253967761993408,6.904760837554932,6.904760837554932,11375406
2015-01-16,4.539394855499268,7.476190090179443,7.626984119415283,7.0634918212890625,7.142857074737549,7810740
2015-01-19,4.3418192863464355,7.150793075561523,7.603174209594727,6.968253135681152,7.452380180358887,8307684
2015-01-20,4.428558826446533,7.293650150299072,7.420633792877197,7.119047164916992,7.222221851348877,12746160
2015-01-21,4.404465198516846,7.253967761993408,7.452380180358887,7.0,7.420633792877197,14414274
2015-01-22,4.385189533233643,7.222221851348877,7.4285712242126465,7.126984119415283,7.261903762817383,15154524
2015-01-23,4.303268909454346,7.087300777435303,7.182538986206055,7.039681911468506,7.182538986206055,10225782
2015-01-26,4.308088302612305,7.095238208770752,7.17460298538208,6.904760837554932,6.984126091003418,6425118
2015-01-27,4.235805034637451,6.976190090179443,7.119047164916992,6.753967761993408,7.079364776611328,8527680
2015-01-28,4.202071666717529,6.920633792877197,7.103174209594727,6.761903762817383,6.8730149269104,7081200
2015-01-29,4.308088302612305,7.095238208770752,7.261903762817383,6.944444179534912,6.944444179534912,10036656
2015-01-30,4.467111110687256,7.357141971588135,7.3730149269104,6.8333330154418945,6.968253135681152,10841040
2015-02-02,4.568307399749756,7.52380895614624,7.67460298538208,7.253967761993408,7.301587104797363,10126368
2015-02-03,4.655046463012695,7.666666030883789,7.880951881408691,7.587300777435303,7.722221851348877,10861326
2015-02-04,4.606860160827637,7.587300777435303,7.841269016265869,7.515872955322266,7.650793075561523,6331122
2015-02-05,4.655046463012695,7.666666030883789,7.738094806671143,7.547618865966797,7.547618865966797,6457248
2015-02-06,4.708055019378662,7.753967761993408,7.769841194152832,7.357141971588135,7.579364776611328,5694066
2015-02-09,4.98273229598999,8.20634937286377,8.357142448425293,7.69841194152832,7.69841194152832,13862142
2015-02-10,4.698418140411377,7.738094806671143,8.269841194152832,7.722221851348877,8.05555534362793,10404828
2015-02-11,4.881535053253174,8.039682388305664,8.039682388305664,7.706348896026611,7.738094806671143,8833356
2015-02-12,4.741786479949951,7.809523105621338,8.166666030883789,7.714284896850586,8.015872955322266,7417494
2015-02-13,4.886354446411133,8.047618865966797,8.166666030883789,7.817460060119629,7.8253960609436035,10946502
2015-02-18,4.953818321228027,8.158729553222656,8.325395584106445,8.103174209594727,8.103174209594727,6717942
2015-02-19,4.8718976974487305,8.023809432983398,8.2380952835083,7.865078926086426,8.2380952835083,6749316
2015-02-20,4.905630588531494,8.079364776611328,8.20634937286377,7.952380180358887,8.05555534362793,6193656
2015-02-23,4.818889617919922,7.936507225036621,8.14285659790039,7.912697792053223,8.015872955322266,5743584
2015-02-24,4.8622589111328125,8.007935523986816,8.11111068725586,7.9285712242126465,8.023809432983398,4551120
2015-02-25,4.92008638381958,8.103174209594727,8.134920120239258,7.912697792053223,7.936507225036621,4215330
2015-02-26,4.910449028015137,8.087301254272461,8.134920120239258,7.841269016265869,7.936507225036621,6288156
2015-02-27,4.886354446411133,8.047618865966797,8.285714149475098,8.015872955322266,8.087301254272461,8392356
2015-03-02,4.722512722015381,7.777777194976807,8.095237731933594,7.753967761993408,8.007935523986816,7702632
2015-03-03,4.823707580566406,7.944444179534912,7.992063045501709,7.777777194976807,7.777777194976807,4551120
2015-03-04,5.040559768676758,8.301587104797363,8.428570747375488,7.9285712242126465,7.9285712242126465,16852626
2015-03-05,5.098386764526367,8.396824836730957,8.523809432983398,8.333333015441895,8.380951881408691,19055736
2015-03-06,5.170669078826904,8.515872955322266,8.515872955322266,8.166666030883789,8.396824836730957,8590050
2015-03-09,5.300778388977051,8.730157852172852,8.817460060119629,8.230157852172852,8.325395584106445,12257910
2015-03-10,5.252590179443359,8.650793075561523,8.984126091003418,8.571428298950195,8.690476417541504,18726876
2015-03-11,5.2477707862854,8.64285659790039,8.801587104797363,8.452380180358887,8.746030807495117,8912862
2015-03-12,5.223677635192871,8.603174209594727,8.841268539428711,8.484126091003418,8.769841194152832,8446536
2015-03-13,5.223677635192871,8.603174209594727,8.873015403747559,8.373015403747559,8.396824836730957,14731794
2015-03-16,5.1803083419799805,8.531745910644531,8.793649673461914,8.373015403747559,8.793649673461914,12260808
2015-03-17,5.379176616668701,8.801587104797363,8.841268539428711,8.507935523986816,8.579364776611328,9263520
2015-03-18,5.529541969299316,9.047618865966797,9.047618865966797,8.626983642578125,8.785714149475098,10588158
2015-03-19,5.413128852844238,8.857142448425293,9.079364776611328,8.793649673461914,8.976189613342285,8475012
2015-03-20,5.354923725128174,8.761903762817383,9.047618865966797,8.69841194152832,9.007935523986816,12437838
2015-03-23,5.384026050567627,8.80952262878418,8.888888359069824,8.70634937286377,8.880951881408691,5661810
2015-03-24,5.291869640350342,8.658729553222656,8.817460060119629,8.452380180358887,8.817460060119629,6148926
2015-03-25,5.3937273025512695,8.825395584106445,8.888888359069824,8.650793075561523,8.722222328186035,11699730
2015-03-26,5.248211860656738,8.587301254272461,8.80952262878418,8.587301254272461,8.777776718139648,8202222
2015-03-27,4.8310723304748535,7.904760837554932,8.619047164916992,7.817460060119629,8.619047164916992,37639854
2015-03-30,5.015389919281006,8.20634937286377,8.285714149475098,7.896824836730957,7.952380180358887,13547268
2015-03-31,4.898979187011719,8.015872955322266,8.190476417541504,7.976190090179443,8.05555534362793,9961938
2015-04-01,4.947483539581299,8.095237731933594,8.246030807495117,8.079364776611328,8.079364776611328,9772182
2015-04-02,4.869874954223633,7.968253135681152,8.20634937286377,7.912697792053223,8.134920120239258,12929490
2015-04-06,4.8504743576049805,7.936507225036621,8.0,7.8333330154418945,7.936507225036621,10672452
2015-04-07,4.797119140625,7.84920597076416,8.023809432983398,7.785714149475098,7.9285712242126465,10180170
2015-04-08,4.685556888580322,7.666666030883789,7.936507225036621,7.650793075561523,7.9285712242126465,9878778
2015-04-09,4.704959392547607,7.69841194152832,7.8730149269104,7.626984119415283,7.69841194152832,7645050
2015-04-10,4.65160608291626,7.611111164093018,7.801587104797363,7.5634918212890625,7.706348896026611,4961502
2015-04-13,4.704959392547607,7.69841194152832,7.69841194152832,7.571427822113037,7.634920120239258,4692240
2015-04-14,4.734063148498535,7.746030807495117,7.841269016265869,7.642857074737549,7.714284896850586,6079500
2015-04-15,4.8504743576049805,7.936507225036621,8.103174209594727,7.809523105621338,7.809523105621338,9087120
2015-04-16,4.680707931518555,7.6587300300598145,8.039682388305664,7.587300777435303,7.968253135681152,10573920
2015-04-17,4.481838703155518,7.3333330154418945,7.587300777435303,7.269841194152832,7.587300777435303,11353986
2015-04-20,4.559447288513184,7.460317134857178,7.587300777435303,7.3333330154418945,7.3730149269104,7200774
2015-04-22,4.729213714599609,7.738094806671143,7.817460060119629,7.52380895614624,7.5634918212890625,8792532
2015-04-23,4.9668869972229,8.126983642578125,8.182538986206055,7.666666030883789,7.730157852172852,10981908
2015-04-24,5.092999458312988,8.333333015441895,8.444443702697754,8.246030807495117,8.246030807495117,11257092
2015-04-27,4.923232555389404,8.05555534362793,8.603174209594727,8.023809432983398,8.380951881408691,8305920
2015-04-28,4.903830528259277,8.023809432983398,8.19841194152832,7.888887882232666,8.031745910644531,7687890
2015-04-29,4.811670780181885,7.8730149269104,7.968253135681152,7.769841194152832,7.936507225036621,5935608
2015-04-30,4.860175132751465,7.952380180358887,8.023809432983398,7.722221851348877,7.785714149475098,6489378
2015-05-04,5.029941558837891,8.230157852172852,8.317460060119629,8.031745910644531,8.079364776611328,6255774
2015-05-05,5.156054496765137,8.436507225036621,8.61111068725586,8.158729553222656,8.158729553222656,9606996
2015-05-06,4.962036609649658,8.119047164916992,8.523809432983398,8.119047164916992,8.436507225036621,9463230
2015-05-07,4.865025997161865,7.960317134857178,8.126983642578125,7.84920597076416,8.039682388305664,5161086
2015-05-08,5.020240306854248,8.214284896850586,8.34920597076416,7.976190090179443,8.087301254272461,13578012
2015-05-11,5.068746566772461,8.293649673461914,8.468253135681152,8.174603462219238,8.230157852172852,7671888
2015-05-12,4.908679485321045,8.031745910644531,8.373015403747559,8.0,8.230157852172852,8029224
2015-05-13,4.811670780181885,7.8730149269104,8.079364776611328,7.730157852172852,8.05555534362793,12093606
2015-05-14,4.8504743576049805,7.936507225036621,7.984126091003418,7.761903762817383,7.920633792877197,10093104
2015-05-15,4.8504743576049805,7.936507225036621,8.007935523986816,7.865078926086426,7.920633792877197,5233284
2015-05-18,4.734063148498535,7.746030807495117,8.0,7.706348896026611,8.0,9442818
2015-05-19,4.5885491371154785,7.507936000823975,7.746030807495117,7.444444179534912,7.738094806671143,7378056
2015-05-20,4.554595470428467,7.452380180358887,7.587300777435303,7.3730149269104,7.476190090179443,8207640
2015-05-21,4.598249912261963,7.52380895614624,7.539681911468506,7.341269016265869,7.436507225036621,6417432
2015-05-22,4.485977649688721,7.293650150299072,7.579364776611328,7.285714149475098,7.52380895614624,11000682
2015-05-25,4.490860462188721,7.301587104797363,7.404760837554932,7.222221851348877,7.285714149475098,3682980
2015-05-26,4.388350963592529,7.134920120239258,7.317460060119629,7.095238208770752,7.317460060119629,11212362
2015-05-27,4.427401542663574,7.19841194152832,7.277777194976807,7.0,7.142857074737549,9276498
2015-05-28,4.344419002532959,7.0634918212890625,7.182538986206055,6.968253135681152,7.103174209594727,13494474
2015-05-29,4.2028584480285645,6.8333330154418945,7.17460298538208,6.8253960609436035,7.142857074737549,14671566
2015-06-01,4.349299430847168,7.071427822113037,7.079364776611328,6.880951881408691,6.912697792053223,9020214
2015-06-02,4.412757873535156,7.17460298538208,7.253967761993408,7.079364776611328,7.087300777435303,8033760
2015-06-03,4.339537620544434,7.0555548667907715,7.246030807495117,7.02380895614624,7.190475940704346,7024878
2015-06-05,4.227265357971191,6.8730149269104,7.0555548667907715,6.857141971588135,6.976190090179443,5948712
2015-06-08,4.183332920074463,6.801587104797363,6.920633792877197,6.753967761993408,6.920633792877197,9570204
2015-06-09,4.2028584480285645,6.8333330154418945,7.0,6.777777194976807,6.8253960609436035,10367028
2015-06-10,4.139400482177734,6.730157852172852,7.02380895614624,6.619047164916992,6.912697792053223,10885014
2015-06-11,4.246791362762451,6.904760837554932,6.9285712242126465,6.642857074737549,6.761903762817383,10002258
2015-06-12,4.183332920074463,6.801587104797363,6.896824836730957,6.769841194152832,6.8730149269104,10801098
2015-06-15,4.134520053863525,6.722221851348877,6.769841194152832,6.666666030883789,6.769841194152832,4844322
2015-06-16,4.007603168487549,6.515872955322266,6.746030807495117,6.492063045501709,6.730157852172852,9738666
2015-06-17,3.870926856994629,6.293650150299072,6.507936000823975,6.269841194152832,6.5,11234664
2015-06-18,3.939265012741089,6.404760837554932,6.468253135681152,6.277777194976807,6.34920597076416,8698032
2015-06-19,3.978315830230713,6.468253135681152,6.492063045501709,6.317460060119629,6.357141971588135,7774830
2015-06-22,3.909977436065674,6.357141971588135,6.547618865966797,6.341269016265869,6.507936000823975,9037476
2015-06-23,3.8513996601104736,6.261903762817383,6.436507225036621,6.261903762817383,6.436507225036621,7652358
2015-06-24,3.7049596309661865,6.02380895614624,6.309523105621338,5.984126091003418,6.309523105621338,13297914
2015-06-25,3.680551767349243,5.984126091003418,6.0555548667907715,5.912697792053223,6.0,10712394
2015-06-26,3.7586541175842285,6.111111164093018,6.111111164093018,5.984126091003418,6.007936000823975,6661746
2015-06-29,3.802586317062378,6.182538986206055,6.190475940704346,5.960317134857178,5.992063045501709,11025252
2015-06-30,3.656146287918091,5.944444179534912,6.230157852172852,5.880951881408691,6.190475940704346,10717560
2015-07-01,3.514585256576538,5.714284896850586,6.0,5.666666030883789,5.976190090179443,11621106
2015-07-02,3.36326265335083,5.468253135681152,5.714284896850586,5.444444179534912,5.714284896850586,16464546
2015-07-03,3.250990629196167,5.285714149475098,5.452380180358887,5.269841194152832,5.4285712242126465,8473878
2015-07-06,3.343737840652466,5.436507225036621,5.5555548667907715,5.182538986206055,5.230157852172852,11084094
2015-07-07,3.4364824295043945,5.587300777435303,5.603174209594727,5.309523105621338,5.4285712242126465,19508202
2015-07-08,3.3388569355010986,5.4285712242126465,5.650793075561523,5.3730149269104,5.476190090179443,12150306
2015-07-10,3.2900421619415283,5.34920597076416,5.611111164093018,5.3253960609436035,5.595238208770752,12798450
2015-07-13,3.4364824295043945,5.587300777435303,5.67460298538208,5.214284896850586,5.380951881408691,15032808
2015-07-14,3.1777706146240234,5.166666030883789,5.412697792053223,5.095238208770752,5.317460060119629,28574280
2015-07-15,3.1777706146240234,5.166666030883789,5.3333330154418945,5.095238208770752,5.166666030883789,14900130
2015-07-16,3.182652473449707,5.17460298538208,5.293650150299072,5.134920120239258,5.246030807495117,12025944
2015-07-17,3.055737018585205,4.968253135681152,5.230157852172852,4.912697792053223,5.214284896850586,13759956
2015-07-20,2.97275447845459,4.8333330154418945,5.047618865966797,4.817460060119629,4.976190090179443,11842866
2015-07-21,3.0166854858398438,4.904760837554932,5.0555548667907715,4.769841194152832,4.865078926086426,15212736
2015-07-22,2.8556013107299805,4.642857074737549,4.8253960609436035,4.611111164093018,4.793650150299072,11680452
2015-07-23,2.933703660964966,4.769841194152832,4.841269016265869,4.650793075561523,4.666666030883789,10427760
2015-07-24,2.8507192134857178,4.634920120239258,4.896824836730957,4.619047164916992,4.880951881408691,10266354
2015-07-27,2.743330240249634,4.460317134857178,4.69841194152832,4.412697792053223,4.579364776611328,9653364
2015-07-28,2.9190585613250732,4.746030807495117,4.761903762817383,4.484126091003418,4.515872955322266,10665774
2015-07-29,2.9092965126037598,4.730157852172852,4.753967761993408,4.611111164093018,4.690475940704346,8391474
2015-07-30,2.8311939239501953,4.603174209594727,4.857141971588135,4.5555548667907715,4.809523105621338,8481942
2015-07-31,2.8751275539398193,4.67460298538208,4.730157852172852,4.531745910644531,4.595238208770752,6413148
2015-08-03,2.8751275539398193,4.67460298538208,4.785714149475098,4.619047164916992,4.642857074737549,5478102
2015-08-04,2.9581093788146973,4.809523105621338,4.8253960609436035,4.69841194152832,4.714284896850586,7415982
2015-08-05,3.0459749698638916,4.952380180358887,5.111111164093018,4.8253960609436035,4.857141971588135,11531394
2015-08-06,3.0264487266540527,4.920633792877197,5.087300777435303,4.865078926086426,4.896824836730957,10750068
2015-08-07,2.933703660964966,4.769841194152832,4.920633792877197,4.738094806671143,4.880951881408691,7484526
2015-08-10,2.943464994430542,4.785714149475098,4.857141971588135,4.626984119415283,4.801587104797363,7885458
2015-08-11,2.914177179336548,4.738094806671143,4.738094806671143,4.595238208770752,4.714284896850586,10287900
2015-08-12,2.836075782775879,4.611111164093018,4.746030807495117,4.52380895614624,4.650793075561523,13250034
2015-08-13,2.7726171016693115,4.507936000823975,4.682538986206055,4.436507225036621,4.626984119415283,10088946
2015-08-14,2.7335662841796875,4.444444179534912,4.571427822113037,4.444444179534912,4.539681911468506,5550678
2015-08-17,2.7970244884490967,4.547618865966797,4.619047164916992,4.404760837554932,4.412697792053223,9664452
2015-08-18,2.743330240249634,4.460317134857178,4.603174209594727,4.460317134857178,4.539681911468506,11696958
2015-08-19,2.645702838897705,4.301587104797363,4.5,4.285714149475098,4.5,14955822
2015-08-20,2.582244634628296,4.19841194152832,4.365078926086426,4.17460298538208,4.246030807495117,8558802
2015-08-21,2.5187859535217285,4.095238208770752,4.19841194152832,4.071427822113037,4.166666030883789,7705026
2015-08-24,2.357701063156128,3.8333330154418945,3.944443941116333,3.7063488960266113,3.7539680004119873,12767202
2015-08-25,2.2343902587890625,3.595237970352173,3.936506986618042,3.595237970352173,3.936506986618042,13048308
2015-08-26,2.4070255756378174,3.8730149269104004,3.896825075149536,3.5238089561462402,3.67460298538208,16330734
2015-08-27,2.6931071281433105,4.3333330154418945,4.341269016265869,3.9285709857940674,3.9285709857940674,17552682
2015-08-28,2.609255790710449,4.19841194152832,4.404760837554932,4.134920120239258,4.206348896026611,11282418
2015-08-31,2.5895256996154785,4.166666030883789,4.222221851348877,3.992063045501709,3.992063045501709,12275928
2015-09-01,2.6980388164520264,4.341269016265869,4.436507225036621,3.984126091003418,4.0,14280840
2015-09-02,2.969322919845581,4.777777194976807,4.777777194976807,4.365078926086426,4.3730149269104,17686998
2015-09-03,2.924931526184082,4.706348896026611,4.960317134857178,4.595238208770752,4.809523105621338,13698216
2015-09-04,2.993985176086426,4.817460060119629,4.84920597076416,4.571427822113037,4.619047164916992,10352916
2015-09-08,3.0926334857940674,4.976190090179443,5.047618865966797,4.841269016265869,4.9285712242126465,12480678
2015-09-09,3.0778369903564453,4.952380180358887,5.222221851348877,4.9285712242126465,5.206348896026611,10904796
2015-09-10,3.314593553543091,5.3333330154418945,5.3333330154418945,4.706348896026611,4.706348896026611,17138772
2015-09-11,3.294862747192383,5.301587104797363,5.5,5.17460298538208,5.341269016265869,11959164
2015-09-14,3.107431411743164,5.0,5.4285712242126465,4.84920597076416,5.317460060119629,12702060
2015-09-15,3.1468899250030518,5.0634918212890625,5.190475940704346,4.761903762817383,4.976190090179443,11135502
2015-09-16,3.196213722229004,5.142857074737549,5.230157852172852,5.0634918212890625,5.134920120239258,9894780
2015-09-17,3.1912827491760254,5.134920120239258,5.261903762817383,5.02380895614624,5.079364776611328,11464740
2015-09-18,3.1518216133117676,5.071427822113037,5.222221851348877,4.84920597076416,5.103174209594727,19230750
2015-09-21,3.0679709911346436,4.936507225036621,5.134920120239258,4.936507225036621,5.039681911468506,8929368
2015-09-22,3.0186471939086914,4.857141971588135,4.936507225036621,4.777777194976807,4.817460060119629,10815588
2015-09-23,2.9101336002349854,4.682538986206055,4.896824836730957,4.650793075561523,4.841269016265869,14235858
2015-09-24,3.008781671524048,4.841269016265869,4.992063045501709,4.444444179534912,4.5,13764240
2015-09-25,3.0137147903442383,4.84920597076416,5.02380895614624,4.746030807495117,4.936507225036621,8511300
2015-09-28,2.9002685546875,4.666666030883789,4.857141971588135,4.6587300300598145,4.769841194152832,5909400
2015-09-29,2.8016197681427,4.507936000823975,4.809523105621338,4.492063045501709,4.650793075561523,12374082
2015-09-30,2.6980388164520264,4.341269016265869,4.6587300300598145,4.182538986206055,4.642857074737549,29410794
2015-10-01,2.6881747245788574,4.3253960609436035,4.468253135681152,4.206348896026611,4.396824836730957,16823016
2015-10-02,2.7917556762695312,4.492063045501709,4.531745910644531,4.214284896850586,4.246030807495117,10966662
2015-10-05,2.9397289752960205,4.730157852172852,4.753967761993408,4.484126091003418,4.539681911468506,8972334
2015-10-06,2.9643912315368652,4.769841194152832,4.880951881408691,4.666666030883789,4.722221851348877,8181936
2015-10-07,3.1715521812438965,5.103174209594727,5.190475940704346,4.896824836730957,4.896824836730957,14764932
2015-10-08,3.2899303436279297,5.293650150299072,5.380951881408691,5.047618865966797,5.150793075561523,10611090
2015-10-09,3.3096604347229004,5.3253960609436035,5.460317134857178,5.3253960609436035,5.341269016265869,10004148
2015-10-13,3.107431411743164,5.0,5.214284896850586,4.944444179534912,5.17460298538208,10969434
2015-10-14,3.1123640537261963,5.007936000823975,5.142857074737549,4.936507225036621,4.968253135681152,15676794
2015-10-15,3.1518216133117676,5.071427822113037,5.17460298538208,4.888887882232666,5.079364776611328,8038170
2015-10-16,3.0581066608428955,4.920633792877197,5.150793075561523,4.920633792877197,5.095238208770752,8941338
2015-10-19,3.0137147903442383,4.84920597076416,4.984126091003418,4.769841194152832,4.968253135681152,10374336
2015-10-20,2.993985176086426,4.817460060119629,4.920633792877197,4.761903762817383,4.84920597076416,7585704
2015-10-21,3.0729033946990967,4.944444179534912,5.047618865966797,4.809523105621338,4.809523105621338,9360540
2015-10-22,2.9643912315368652,4.769841194152832,5.031745910644531,4.769841194152832,4.952380180358887,13143564
2015-10-23,2.8410797119140625,4.571427822113037,4.912697792053223,4.571427822113037,4.857141971588135,13777596
2015-10-26,2.8164174556732178,4.531745910644531,4.666666030883789,4.492063045501709,4.626984119415283,4872672
2015-10-27,2.781890392303467,4.476190090179443,4.595238208770752,4.468253135681152,4.5555548667907715,7825734
2015-10-28,2.781890392303467,4.476190090179443,4.492063045501709,4.460317134857178,4.476190090179443,624834
2015-10-29,2.678309202194214,4.309523105621338,4.690475940704346,4.309523105621338,4.404760837554932,19152630
2015-10-30,2.678309202194214,4.309523105621338,4.436507225036621,4.253967761993408,4.309523105621338,7868070
2015-11-03,2.9002685546875,4.666666030883789,4.761903762817383,4.380951881408691,4.380951881408691,15391278
2015-11-04,2.8016197681427,4.507936000823975,4.809523105621338,4.492063045501709,4.730157852172852,13293504
2015-11-05,2.855877161026001,4.595238208770752,4.67460298538208,4.452380180358887,4.492063045501709,7165116
2015-11-06,2.7917556762695312,4.492063045501709,4.611111164093018,4.404760837554932,4.595238208770752,12031236
2015-11-09,2.7424309253692627,4.412697792053223,4.5634918212890625,4.412697792053223,4.460317134857178,8458380
2015-11-10,2.7573349475860596,4.404760837554932,4.444444179534912,4.341269016265869,4.396824836730957,6654942
2015-11-11,2.762303590774536,4.412697792053223,4.5555548667907715,4.404760837554932,4.484126091003418,9480114
2015-11-12,2.598353385925293,4.150793075561523,4.460317134857178,4.142857074737549,4.460317134857178,19561626
2015-11-13,2.598353385925293,4.150793075561523,4.269841194152832,4.0555548667907715,4.111111164093018,16045596
2015-11-16,2.503957986831665,4.0,4.246030807495117,4.0,4.17460298538208,12295458
2015-11-17,2.6182262897491455,4.182538986206055,4.238094806671143,3.809523105621338,4.047618865966797,26502084
2015-11-18,2.6579720973968506,4.246030807495117,4.619047164916992,4.222221851348877,4.3333330154418945,33165090
2015-11-19,2.9014124870300293,4.634920120239258,4.642857074737549,4.301587104797363,4.34920597076416,25019820
2015-11-23,2.8566982746124268,4.5634918212890625,4.777777194976807,4.52380895614624,4.650793075561523,18702054
2015-11-24,3.045489549636841,4.865078926086426,4.896824836730957,4.5,4.547618865966797,16110612
2015-11-25,3.105107069015503,4.960317134857178,5.119047164916992,4.761903762817383,4.801587104797363,15778098
2015-11-26,3.0305843353271484,4.841269016265869,5.119047164916992,4.8333330154418945,4.984126091003418,7750008
2015-11-27,2.9958078861236572,4.785714149475098,4.912697792053223,4.722221851348877,4.801587104797363,11984112
2015-11-30,3.0305843353271484,4.841269016265869,4.944444179534912,4.690475940704346,4.761903762817383,17342514
2015-12-01,2.941157579421997,4.69841194152832,4.952380180358887,4.69841194152832,4.888887882232666,13619466
2015-12-02,2.941157579421997,4.69841194152832,4.793650150299072,4.5,4.761903762817383,19393290
2015-12-03,2.9908394813537598,4.777777194976807,4.9285712242126465,4.666666030883789,4.896824836730957,10836630
2015-12-04,2.702685832977295,4.317460060119629,4.761903762817383,4.301587104797363,4.753967761993408,18490500
2015-12-07,2.633131265640259,4.206348896026611,4.460317134857178,4.142857074737549,4.357141971588135,9606114
2015-12-08,2.4791173934936523,3.9603168964385986,4.206348896026611,3.9523799419403076,4.206348896026611,9876888
2015-12-09,2.454277276992798,3.9206340312957764,4.150793075561523,3.9206340312957764,4.0555548667907715,12160512
2015-12-10,2.4840850830078125,3.9682528972625732,4.015872955322266,3.8571419715881348,3.9206340312957764,9317070
2015-12-11,2.429436206817627,3.8809518814086914,3.992063045501709,3.8333330154418945,3.944443941116333,9268686
2015-12-14,2.404594659805298,3.841269016265869,3.9047610759735107,3.7301580905914307,3.8809518814086914,7458066
2015-12-15,2.434404134750366,3.888887882232666,3.984126091003418,3.8571419715881348,3.8809518814086914,6567624
2015-12-16,2.4195003509521484,3.865078926086426,3.936506986618042,3.817460060119629,3.865078926086426,7048692
2015-12-17,2.4095633029937744,3.84920597076416,4.015872955322266,3.84920597076416,3.9206340312957764,7861014
2015-12-18,2.4493086338043213,3.9126980304718018,3.9126980304718018,3.761904001235962,3.769840955734253,12009312
2015-12-21,2.3101999759674072,3.6904759407043457,4.0555548667907715,3.6904759407043457,3.944443941116333,14004900
2015-12-22,2.344977378845215,3.7460310459136963,3.8253960609436035,3.6984119415283203,3.7380950450897217,9878652
2015-12-23,2.3996269702911377,3.8333330154418945,3.896825075149536,3.809523105621338,3.8730149269104004,6707484
2015-12-28,2.36484956741333,3.7777769565582275,3.9047610759735107,3.7301580905914307,3.8253960609436035,4772250
2015-12-29,2.3052315711975098,3.6825389862060547,3.817460060119629,3.6825389862060547,3.7857139110565186,5000688
2015-12-30,2.3101999759674072,3.6904759407043457,3.7777769565582275,3.6507930755615234,3.67460298538208,6534360
2016-01-04,2.255549669265747,3.6031739711761475,3.7063488960266113,3.5793650150299072,3.6507930755615234,6373836
2016-01-05,2.1512179374694824,3.436506986618042,3.6587300300598145,3.436506986618042,3.6111109256744385,8678124
2016-01-06,1.9773327112197876,3.1587300300598145,3.436506986618042,3.1587300300598145,3.436506986618042,12909708
2016-01-07,1.8879057168960571,3.0158729553222656,3.095237970352173,2.936506986618042,3.095237970352173,15478218
2016-01-08,1.9524916410446167,3.119046926498413,3.214284896850586,3.087301015853882,3.1111109256744385,13472424
2016-01-11,1.8779690265655518,3.0,3.2539680004119873,3.0,3.095237970352173,12567996
2016-01-12,1.8233191967010498,2.9126980304718018,3.071428060531616,2.841269016265869,3.0317459106445312,12459888
2016-01-13,1.7040826082229614,2.722222089767456,3.0158729553222656,2.714284896850586,2.984126091003418,15728580
2016-01-14,1.7537649869918823,2.8015871047973633,2.8333330154418945,2.642857074737549,2.7063488960266113,11508588
2016-01-15,1.7140196561813354,2.7380950450897217,2.7539680004119873,2.67460298538208,2.6984119415283203,8006418
2016-01-18,1.7487956285476685,2.793649911880493,2.809523105621338,2.7063488960266113,2.722222089767456,5038866
2016-01-19,1.7090510129928589,2.7301580905914307,2.9285709857940674,2.7301580905914307,2.896825075149536,7530390
2016-01-20,1.689178705215454,2.6984119415283203,2.7380950450897217,2.619046926498413,2.67460298538208,8604792
2016-01-21,1.6444648504257202,2.626983880996704,2.809523105621338,2.626983880996704,2.6984119415283203,10309194
2016-01-22,1.6494332551956177,2.6349198818206787,2.761904001235962,2.6349198818206787,2.6904759407043457,13001814
2016-01-26,1.6295602321624756,2.6031739711761475,2.6587300300598145,2.5634920597076416,2.6111109256744385,5070366
2016-01-27,1.6693055629730225,2.666666030883789,2.7063488960266113,2.595237970352173,2.6111109256744385,8443008
2016-01-28,1.6941465139389038,2.7063488960266113,2.7380950450897217,2.619046926498413,2.7063488960266113,8754102
2016-01-29,1.7885410785675049,2.8571419715881348,2.9047610759735107,2.7301580905914307,2.7460310459136963,18666144
2016-02-01,1.8879057168960571,3.0158729553222656,3.0317459106445312,2.8253960609436035,2.896825075149536,16997022
2016-02-02,1.8630647659301758,2.9761900901794434,3.222222089767456,2.936506986618042,2.9603168964385986,18165294
2016-02-03,1.8481590747833252,2.9523799419403076,3.0793650150299072,2.9126980304718018,3.0634920597076416,14102172
2016-02-04,2.0419185161590576,3.261904001235962,3.3730149269104004,3.0238089561462402,3.0238089561462402,22596588
2016-02-05,2.076695680618286,3.317460060119629,3.4761900901794434,3.293649911880493,3.3809518814086914,14214816
2016-02-10,2.091599702835083,3.341269016265869,3.388887882232666,3.1507930755615234,3.214284896850586,7022862
2016-02-11,1.8481590747833252,2.9523799419403076,3.3253960609436035,2.936506986618042,3.261904001235962,20184570
2016-02-12,1.8630647659301758,2.9761900901794434,3.095237970352173,2.9603168964385986,3.047619104385376,12877830
2016-02-15,1.8829374313354492,3.0079360008239746,3.119046926498413,3.0079360008239746,3.095237970352173,5504058
2016-02-16,2.0369508266448975,3.2539680004119873,3.3015871047973633,3.0158729553222656,3.0317459106445312,15329412
2016-02-17,2.096569061279297,3.34920597076416,3.571428060531616,3.269840955734253,3.3015871047973633,22454964
2016-02-18,2.031982660293579,3.2460310459136963,3.444443941116333,3.2380950450897217,3.3730149269104004,14705586
2016-02-19,2.031982660293579,3.2460310459136963,3.3333330154418945,3.1507930755615234,3.214284896850586,9989910
2016-02-22,2.0518548488616943,3.2777769565582275,3.396825075149536,3.2777769565582275,3.3730149269104004,24478902
2016-02-23,1.9326188564300537,3.087301015853882,3.3571419715881348,3.0793650150299072,3.2777769565582275,19968858
2016-02-24,1.8730008602142334,2.992063045501709,3.0555551052093506,2.936506986618042,3.0158729553222656,23168880
2016-02-25,1.7835731506347656,2.84920597076416,2.8730149269104004,2.7063488960266113,2.7301580905914307,36314460
2016-02-26,1.7338918447494507,2.769840955734253,2.992063045501709,2.769840955734253,2.936506986618042,15347934
2016-02-29,1.7537649869918823,2.8015871047973633,2.8809518814086914,2.769840955734253,2.8015871047973633,15841854
2016-03-01,1.7885410785675049,2.8571419715881348,2.9523799419403076,2.8333330154418945,2.8730149269104004,23655870
2016-03-02,1.8630647659301758,2.9761900901794434,3.0238089561462402,2.8571419715881348,2.8730149269104004,27450486
2016-03-03,2.007141590118408,3.2063488960266113,3.2777769565582275,3.0079360008239746,3.0079360008239746,44041914
2016-03-04,2.3300726413726807,3.722222089767456,3.9285709857940674,3.3333330154418945,3.444443941116333,49920318
2016-03-07,2.459245204925537,3.9285709857940674,4.02380895614624,3.7539680004119873,3.8571419715881348,39568788
2016-03-08,2.3946592807769775,3.8253960609436035,3.992063045501709,3.6984119415283203,3.8571419715881348,28086660
2016-03-09,2.434404134750366,3.888887882232666,4.103174209594727,3.8333330154418945,3.936506986618042,31056102
2016-03-10,2.66790771484375,4.261903762817383,4.301587104797363,3.944443941116333,4.0555548667907715,29836170
2016-03-11,2.5486719608306885,4.071427822113037,4.357141971588135,4.015872955322266,4.285714149475098,24098508
2016-03-14,2.623194694519043,4.190475940704346,4.357141971588135,4.047618865966797,4.166666030883789,24895962
2016-03-15,2.359882116317749,3.769840955734253,3.9603168964385986,3.6111109256744385,3.9523799419403076,22452066
2016-03-16,2.4840850830078125,3.9682528972625732,4.015872955322266,3.587301015853882,3.7301580905914307,23880906
2016-03-17,2.727526903152466,4.357141971588135,4.420633792877197,4.1587300300598145,4.285714149475098,23732100
2016-03-18,2.9063808917999268,4.642857074737549,4.642857074737549,4.388887882232666,4.436507225036621,21218904
2016-03-21,2.9063808917999268,4.642857074737549,4.817460060119629,4.5634918212890625,4.650793075561523,13912164
2016-03-22,3.090203046798706,4.936507225036621,5.02380895614624,4.579364776611328,4.626984119415283,18445896
2016-03-23,2.8964452743530273,4.626984119415283,5.007936000823975,4.603174209594727,4.769841194152832,20322792
2016-03-24,2.9709670543670654,4.746030807495117,4.8333330154418945,4.388887882232666,4.5,19000170
2016-03-28,3.075299024581909,4.912697792053223,4.992063045501709,4.722221851348877,4.920633792877197,13639374
2016-03-29,3.020648717880249,4.8253960609436035,5.0634918212890625,4.777777194976807,4.9285712242126465,17607492
2016-03-30,3.3485472202301025,5.34920597076416,5.531745910644531,4.960317134857178,4.968253135681152,34960968
2016-03-31,3.2491838932037354,5.190475940704346,5.190475940704346,5.190475940704346,5.190475940704346,116802
2016-04-01,3.4975922107696533,5.587300777435303,5.587300777435303,5.587300777435303,5.587300777435303,123354
2016-04-04,3.1995034217834473,5.111111164093018,5.111111164093018,5.111111164093018,5.111111164093018,284130
2016-04-05,3.239248037338257,5.17460298538208,5.17460298538208,5.17460298538208,5.17460298538208,176904
2016-04-06,3.115044355392456,4.976190090179443,4.976190090179443,4.976190090179443,4.976190090179443,124362
2016-04-07,3.050457239151001,4.8730149269104,4.8730149269104,4.8730149269104,4.8730149269104,145530
2016-04-08,3.383324384689331,5.404760837554932,5.436507225036621,5.047618865966797,5.079364776611328,22232952
2016-04-11,3.596956491470337,5.746030807495117,5.746030807495117,5.746030807495117,5.746030807495117,184464
2016-04-12,3.8403983116149902,6.134920120239258,6.134920120239258,6.134920120239258,6.134920120239258,411264
2016-04-13,4.138488292694092,6.611111164093018,6.611111164093018,6.611111164093018,6.611111164093018,334782
2016-04-14,3.7112252712249756,5.9285712242126465,6.865078926086426,5.809523105621338,6.809523105621338,32130504
2016-04-15,3.900014638900757,6.230157852172852,6.341269016265869,5.841269016265869,6.111111164093018,19745586
2016-04-18,3.6764469146728516,5.8730149269104,6.3253960609436035,5.8730149269104,6.3253960609436035,21652848
2016-04-19,4.019251823425293,6.420633792877197,6.420633792877197,6.420633792877197,6.420633792877197,163926
2016-04-20,4.044092178344727,6.460317134857178,6.587300777435303,6.190475940704346,6.34920597076416,19869696
2016-04-22,3.855302333831787,6.1587300300598145,6.547618865966797,6.111111164093018,6.269841194152832,20594952
2016-04-25,3.6019246578216553,5.753967761993408,6.17460298538208,5.722221851348877,6.103174209594727,17727822
2016-04-26,3.810588836669922,6.087300777435303,6.119047164916992,5.52380895614624,5.801587104797363,22550850
2016-04-27,4.019251823425293,6.420633792877197,6.468253135681152,6.039681911468506,6.142857074737549,21594510
2016-04-28,3.855302333831787,6.1587300300598145,6.579364776611328,6.150793075561523,6.444444179534912,18879210
2016-04-29,3.8801429271698,6.19841194152832,6.4285712242126465,6.095238208770752,6.277777194976807,16826166
2016-05-02,3.770841598510742,6.02380895614624,6.3253960609436035,6.02380895614624,6.317460060119629,13234158
2016-05-03,3.5274033546447754,5.634920120239258,5.944444179534912,5.626984119415283,5.8730149269104,20957076
2016-05-04,3.651606321334839,5.8333330154418945,5.976190090179443,5.444444179534912,5.5555548667907715,22201074
2016-05-05,3.4826886653900146,5.5634918212890625,6.031745910644531,5.547618865966797,5.968253135681152,17868060
2016-05-06,3.651606321334839,5.8333330154418945,5.841269016265869,5.365078926086426,5.404760837554932,18565092
2016-05-09,3.428039312362671,5.476190090179443,5.769841194152832,5.357141971588135,5.67460298538208,25526466
2016-05-10,3.5671463012695312,5.69841194152832,5.753967761993408,5.531745910644531,5.682538986206055,15857856
2016-05-11,3.6416707038879395,5.817460060119629,6.007936000823975,5.690475940704346,5.8333330154418945,18943596
2016-05-12,3.502561092376709,5.595238208770752,5.952380180358887,5.539681911468506,5.912697792053223,24141474
2016-05-13,3.27899432182312,5.238094806671143,5.682538986206055,5.238094806671143,5.587300777435303,25003566
2016-05-16,3.060394048690796,4.888887882232666,5.539681911468506,4.809523105621338,5.277777194976807,32611572
2016-05-17,2.980903387069702,4.761903762817383,5.0,4.5634918212890625,4.777777194976807,31662036
2016-05-18,2.936189889907837,4.690475940704346,4.936507225036621,4.642857074737549,4.666666030883789,19547766
2016-05-19,2.8169538974761963,4.5,4.722221851348877,4.468253135681152,4.6587300300598145,19865034
2016-05-20,2.8865089416503906,4.611111164093018,4.761903762817383,4.52380895614624,4.595238208770752,16593822
2016-05-23,2.921285390853882,4.666666030883789,4.793650150299072,4.452380180358887,4.5,14803614
2016-05-24,2.826890230178833,4.515872955322266,4.809523105621338,4.468253135681152,4.785714149475098,23519664
2016-05-25,2.8964452743530273,4.626984119415283,4.761903762817383,4.571427822113037,4.603174209594727,14139090
2016-05-27,2.826890230178833,4.515872955322266,4.730157852172852,4.484126091003418,4.730157852172852,13089258
2016-05-30,2.7821760177612305,4.444444179534912,4.587300777435303,4.404760837554932,4.52380895614624,5888988
2016-05-31,2.7672715187072754,4.420633792877197,4.539681911468506,4.388887882232666,4.460317134857178,21985866
2016-06-01,2.802049160003662,4.476190090179443,4.507936000823975,4.3730149269104,4.412697792053223,11141424
2016-06-02,2.8566982746124268,4.5634918212890625,4.603174209594727,4.460317134857178,4.52380895614624,11611782
2016-06-03,3.035553455352783,4.84920597076416,4.912697792053223,4.603174209594727,4.642857074737549,19292868
2016-06-06,3.154789686203003,5.039681911468506,5.095238208770752,4.865078926086426,4.920633792877197,30421818
2016-06-07,3.1349167823791504,5.007936000823975,5.222221851348877,4.960317134857178,5.039681911468506,18116784
2016-06-08,3.2293121814727783,5.1587300300598145,5.238094806671143,5.0634918212890625,5.095238208770752,15191694
2016-06-09,3.0703303813934326,4.904760837554932,5.142857074737549,4.8730149269104,5.103174209594727,11335968
2016-06-10,2.911348581314087,4.650793075561523,4.801587104797363,4.634920120239258,4.761903762817383,9451890
2016-06-13,2.86663556098938,4.579364776611328,4.634920120239258,4.484126091003418,4.5,13234410
2016-06-14,2.807016611099243,4.484126091003418,4.817460060119629,4.460317134857178,4.587300777435303,19415340
2016-06-15,2.911348581314087,4.650793075561523,4.722221851348877,4.547618865966797,4.595238208770752,19171026
2016-06-16,2.965998649597168,4.738094806671143,4.769841194152832,4.547618865966797,4.603174209594727,15969744
2016-06-17,2.9163177013397217,4.6587300300598145,4.920633792877197,4.6587300300598145,4.801587104797363,15972264
2016-06-20,2.9063808917999268,4.642857074737549,4.880951881408691,4.642857074737549,4.857141971588135,12842676
2016-06-21,2.86663556098938,4.579364776611328,4.69841194152832,4.52380895614624,4.642857074737549,14270634
2016-06-22,2.8815393447875977,4.603174209594727,4.746030807495117,4.595238208770752,4.634920120239258,12086928
2016-06-23,3.105107069015503,4.960317134857178,4.960317134857178,4.666666030883789,4.714284896850586,17008992
2016-06-24,2.911348581314087,4.650793075561523,4.8253960609436035,4.587300777435303,4.6587300300598145,18204606
2016-06-27,2.8467628955841064,4.547618865966797,4.746030807495117,4.531745910644531,4.67460298538208,10588914
2016-06-28,2.8566982746124268,4.5634918212890625,4.730157852172852,4.531745910644531,4.682538986206055,15410682
2016-06-29,2.8815393447875977,4.603174209594727,4.722221851348877,4.595238208770752,4.634920120239258,11414970
2016-06-30,2.9262537956237793,4.67460298538208,4.706348896026611,4.531745910644531,4.603174209594727,14443002
2016-07-01,3.075299024581909,4.912697792053223,5.0,4.682538986206055,4.706348896026611,20465046
2016-07-04,3.1299493312835693,5.0,5.103174209594727,4.976190090179443,5.0,9268812
2016-07-05,2.980903387069702,4.761903762817383,5.0,4.738094806671143,4.944444179534912,10649016
2016-07-06,3.050457239151001,4.8730149269104,4.880951881408691,4.626984119415283,4.722221851348877,13337604
2016-07-07,2.985872268676758,4.769841194152832,4.992063045501709,4.753967761993408,4.896824836730957,12703950
2016-07-08,3.060394048690796,4.888887882232666,4.9285712242126465,4.809523105621338,4.880951881408691,9055746
2016-07-11,3.115044355392456,4.976190090179443,5.031745910644531,4.904760837554932,5.0,9164484
2016-07-12,3.2988669872283936,5.269841194152832,5.357141971588135,5.095238208770752,5.095238208770752,28888020
2016-07-13,3.447911262512207,5.507936000823975,5.531745910644531,4.952380180358887,5.261903762817383,33676146
2016-07-14,3.3733885288238525,5.388887882232666,5.6587300300598145,5.3253960609436035,5.626984119415283,23700852
2016-07-15,3.447911262512207,5.507936000823975,5.547618865966797,5.341269016265869,5.388887882232666,15811110
2016-07-18,3.5423061847686768,5.6587300300598145,5.69841194152832,5.436507225036621,5.484126091003418,19874736
2016-07-19,3.4926247596740723,5.579364776611328,5.69841194152832,5.492063045501709,5.595238208770752,13719132
2016-07-20,3.3932619094848633,5.420633792877197,5.603174209594727,5.396824836730957,5.579364776611328,14930874
2016-07-21,3.4379749298095703,5.492063045501709,5.587300777435303,5.444444179534912,5.444444179534912,14366268
2016-07-22,3.6217963695526123,5.785714149475098,5.801587104797363,5.460317134857178,5.507936000823975,18867996
2016-07-25,3.6416707038879395,5.817460060119629,5.944444179534912,5.682538986206055,5.84920597076416,13839714
2016-07-26,3.7758114337921143,6.031745910644531,6.0634918212890625,5.801587104797363,5.84920597076416,19399086
2016-07-27,3.93479323387146,6.285714149475098,6.309523105621338,6.079364776611328,6.103174209594727,20683026
2016-07-28,3.885110378265381,6.206348896026611,6.388887882232666,5.984126091003418,6.34920597076416,21313908
2016-07-29,3.850332736968994,6.150793075561523,6.19841194152832,6.007936000823975,6.190475940704346,12633768
2016-08-01,3.9298245906829834,6.277777194976807,6.388887882232666,6.182538986206055,6.182538986206055,18061218
2016-08-02,3.7658753395080566,6.015872955322266,6.3333330154418945,5.992063045501709,6.222221851348877,12330486
2016-08-03,3.900014638900757,6.230157852172852,6.253967761993408,5.8730149269104,6.071427822113037,14893578
2016-08-04,4.0987420082092285,6.547618865966797,6.642857074737549,6.3333330154418945,6.34920597076416,26566218
2016-08-05,4.257723808288574,6.801587104797363,6.841269016265869,6.626984119415283,6.706348896026611,21105756
2016-08-08,4.049059867858887,6.468253135681152,6.920633792877197,6.412697792053223,6.920633792877197,20276550
2016-08-09,4.143455505371094,6.619047164916992,6.785714149475098,6.507936000823975,6.595238208770752,28264824
2016-08-10,4.272626876831055,6.8253960609436035,6.992063045501709,6.626984119415283,6.8253960609436035,28251090
2016-08-11,4.496196269989014,7.182538986206055,7.182538986206055,6.714284896850586,6.968253135681152,23476194
2016-08-12,4.501162528991699,7.190475940704346,7.3730149269104,7.103174209594727,7.222221851348877,20959470
2016-08-15,4.824095249176025,7.706348896026611,7.722221851348877,7.19841194152832,7.222221851348877,23693040
2016-08-16,4.764476776123047,7.611111164093018,7.952380180358887,7.515872955322266,7.714284896850586,28792890
2016-08-17,4.928426742553711,7.8730149269104,7.936507225036621,7.380951881408691,7.571427822113037,31972626
2016-08-18,5.137089252471924,8.20634937286377,8.30952262878418,7.8253960609436035,7.888887882232666,32685786
2016-08-19,5.107280731201172,8.158729553222656,8.325395584106445,7.944444179534912,8.246030807495117,23053716
2016-08-22,4.804222583770752,7.67460298538208,8.174603462219238,7.634920120239258,8.14285659790039,21455406
2016-08-23,4.84409236907959,7.714284896850586,7.968253135681152,7.69841194152832,7.888887882232666,23482242
2016-08-24,4.540090084075928,7.230157852172852,7.642857074737549,7.19841194152832,7.642857074737549,22650642
2016-08-25,4.550057888031006,7.246030807495117,7.492063045501709,7.126984119415283,7.19841194152832,18508896
2016-08-26,4.584944248199463,7.301587104797363,7.531745910644531,7.190475940704346,7.317460060119629,19996326
2016-08-29,4.63477897644043,7.380951881408691,7.492063045501709,7.190475940704346,7.357141971588135,15900318
2016-08-30,4.584944248199463,7.301587104797363,7.587300777435303,7.246030807495117,7.396824836730957,14076846
2016-08-31,4.525139331817627,7.206348896026611,7.420633792877197,7.047618865966797,7.3730149269104,18758250
2016-09-01,4.46035099029541,7.103174209594727,7.309523105621338,7.079364776611328,7.285714149475098,15356754
2016-09-02,4.7195024490356445,7.515872955322266,7.531745910644531,7.166666030883789,7.166666030883789,16523262
2016-09-05,4.804222583770752,7.650793075561523,7.761903762817383,7.603174209594727,7.603174209594727,10258416
2016-09-06,4.789272785186768,7.626984119415283,7.769841194152832,7.444444179534912,7.706348896026611,15095808
2016-09-08,4.869009494781494,7.753967761993408,7.8253960609436035,7.595238208770752,7.626984119415283,20415276
2016-09-09,4.6198272705078125,7.357141971588135,7.69841194152832,7.3333330154418945,7.6587300300598145,21006468
2016-09-12,4.724485874176025,7.52380895614624,7.531745910644531,7.095238208770752,7.246030807495117,19607364
2016-09-13,4.310842990875244,6.865078926086426,7.484126091003418,6.8333330154418945,7.3730149269104,33002802
2016-09-14,4.355695724487305,6.936507225036621,7.087300777435303,6.817460060119629,6.960317134857178,21092400
2016-09-15,4.340744495391846,6.912697792053223,7.0634918212890625,6.888887882232666,6.960317134857178,13876632
2016-09-16,4.181268692016602,6.6587300300598145,6.865078926086426,6.531745910644531,6.84920597076416,22386546
2016-09-19,4.196218967437744,6.682538986206055,6.912697792053223,6.603174209594727,6.785714149475098,12295962
2016-09-20,4.136415481567383,6.587300777435303,6.809523105621338,6.492063045501709,6.746030807495117,13893516
2016-09-21,4.370645999908447,6.960317134857178,7.015872955322266,6.650793075561523,6.650793075561523,20994750
2016-09-22,4.335760593414307,6.904760837554932,7.19841194152832,6.888887882232666,7.087300777435303,18171972
2016-09-23,4.330778121948242,6.896824836730957,7.039681911468506,6.761903762817383,6.8730149269104,10301886
2016-09-26,4.325794219970703,6.888887882232666,6.936507225036621,6.761903762817383,6.817460060119629,7836066
2016-09-27,4.300875663757324,6.84920597076416,6.920633792877197,6.690475940704346,6.920633792877197,11423916
2016-09-28,4.505205154418945,7.17460298538208,7.17460298538208,6.880951881408691,6.896824836730957,17213490
2016-09-29,4.495237827301025,7.1587300300598145,7.3730149269104,7.0634918212890625,7.1587300300598145,20116782
2016-09-30,4.415499210357666,7.031745910644531,7.261903762817383,7.031745910644531,7.214284896850586,14727006
2016-10-03,4.485270023345947,7.142857074737549,7.166666030883789,7.02380895614624,7.111111164093018,10230444
2016-10-04,4.410514831542969,7.02380895614624,7.19841194152832,6.992063045501709,7.142857074737549,10959102
2016-10-05,4.525139331817627,7.206348896026611,7.253967761993408,7.047618865966797,7.079364776611328,10646748
2016-10-06,4.639761447906494,7.388887882232666,7.460317134857178,7.1587300300598145,7.17460298538208,18648882
2016-10-07,4.819174289703369,7.67460298538208,7.730157852172852,7.492063045501709,7.507936000823975,22422834
2016-10-10,4.859043121337891,7.738094806671143,7.793650150299072,7.611111164093018,7.738094806671143,13776714
2016-10-11,4.734450817108154,7.539681911468506,7.809523105621338,7.52380895614624,7.690475940704346,16940448
2016-10-13,4.664681911468506,7.4285712242126465,7.492063045501709,7.277777194976807,7.460317134857178,18826038
2016-10-14,4.7045488357543945,7.492063045501709,7.69841194152832,7.476190090179443,7.587300777435303,13383720
2016-10-17,4.754387378692627,7.571427822113037,7.6587300300598145,7.515872955322266,7.531745910644531,7845390
2016-10-18,4.993599891662598,7.952380180358887,8.031745910644531,7.6587300300598145,7.6587300300598145,23393160
2016-10-19,5.058388710021973,8.05555534362793,8.119047164916992,7.888887882232666,8.015872955322266,26637660
2016-10-20,5.098256587982178,8.119047164916992,8.269841194152832,7.84920597076416,7.896824836730957,17359020
2016-10-21,5.302586078643799,8.444443702697754,8.523809432983398,7.976190090179443,8.05555534362793,17427060
2016-10-24,5.277667045593262,8.40476131439209,8.817460060119629,8.341268539428711,8.658729553222656,19035954
2016-10-25,5.252749919891357,8.365078926086426,8.587301254272461,8.11111068725586,8.531745910644531,15041124
2016-10-26,5.2876362800598145,8.420634269714355,8.46031665802002,8.174603462219238,8.214284896850586,12437964
2016-10-27,5.332488059997559,8.49206256866455,8.61111068725586,8.420634269714355,8.420634269714355,10504620
2016-10-28,5.467045783996582,8.70634937286377,8.761903762817383,8.5,8.531745910644531,15994314
2016-10-31,5.491962909698486,8.746030807495117,8.880951881408691,8.547618865966797,8.7380952835083,11316564
2016-11-01,5.262716293334961,8.380951881408691,8.920634269714355,8.293649673461914,8.84920597076416,16290540
2016-11-03,5.063370704650879,8.063491821289062,8.420634269714355,8.05555534362793,8.214284896850586,18751194
2016-11-04,5.182980537414551,8.253968238830566,8.46031665802002,7.960317134857178,8.047618865966797,13222818
2016-11-07,5.5368170738220215,8.817460060119629,8.825395584106445,8.539682388305664,8.626983642578125,11371248
2016-11-08,5.641472339630127,8.984126091003418,9.015872955322266,8.587301254272461,8.817460060119629,11283552
2016-11-09,6.000296592712402,9.55555534362793,9.817460060119629,8.49206256866455,8.547618865966797,29548638
2016-11-10,6.229541778564453,9.920634269714355,10.571428298950195,9.761903762817383,9.865078926086426,75176514
2016-11-11,6.025214672088623,9.595237731933594,10.214284896850586,9.222222328186035,10.039682388305664,29673630
2016-11-14,6.653152942657471,10.595237731933594,10.595237731933594,9.126983642578125,9.523809432983398,23925762
2016-11-16,6.279378890991211,10.0,10.46031665802002,9.722222328186035,10.126983642578125,25377534
2016-11-17,6.384033679962158,10.166666030883789,10.388888359069824,10.063491821289062,10.2380952835083,10966536
2016-11-18,6.62823486328125,10.55555534362793,10.55555534362793,9.928570747375488,10.071428298950195,17397450
2016-11-21,6.747838497161865,10.746030807495117,11.079364776611328,10.595237731933594,10.722222328186035,19940886
2016-11-22,7.032325744628906,11.182538986206055,11.277776718139648,10.888888359069824,11.126983642578125,15308370
2016-11-23,7.172073841094971,11.40476131439209,11.428570747375488,10.833333015441895,11.103174209594727,19275984
2016-11-24,6.98740816116333,11.11111068725586,11.49206256866455,11.039682388305664,11.373015403747559,6883632
2016-11-25,7.087228298187256,11.269841194152832,11.269841194152832,10.873015403747559,10.984126091003418,10822014
2016-11-28,7.296850204467773,11.603174209594727,11.619047164916992,11.230157852172852,11.269841194152832,10489374
2016-11-29,6.917534351348877,11.0,11.531745910644531,11.0,11.468253135681152,12808530
2016-11-30,6.762815475463867,10.753968238830566,11.246030807495117,10.666666030883789,10.99206256866455,18427500
2016-12-01,6.463353633880615,10.277776718139648,11.095237731933594,10.190476417541504,11.047618865966797,18140976
2016-12-02,6.438396453857422,10.2380952835083,10.34920597076416,9.650793075561523,10.119047164916992,24718554
2016-12-05,6.513261795043945,10.357142448425293,10.634920120239258,10.253968238830566,10.476189613342285,10705086
2016-12-06,6.538217067718506,10.396824836730957,10.484126091003418,10.079364776611328,10.2380952835083,10227420
2016-12-07,6.847661018371582,10.888888359069824,10.944443702697754,10.523809432983398,10.674603462219238,13431726
2016-12-08,6.777785778045654,10.777776718139648,11.095237731933594,10.634920120239258,11.095237731933594,12280086
2016-12-09,6.4234232902526855,10.214284896850586,10.928570747375488,10.071428298950195,10.833333015441895,19352592
2016-12-12,6.049099922180176,9.619047164916992,9.99206256866455,9.507935523986816,9.99206256866455,16250598
2016-12-13,5.834487438201904,9.277776718139648,9.70634937286377,9.261903762817383,9.61111068725586,15066576
2016-12-14,5.440195560455322,8.650793075561523,9.246030807495117,8.650793075561523,9.20634937286377,32327316
2016-12-15,5.714700698852539,9.087301254272461,9.190476417541504,8.515872955322266,8.746030807495117,17429832
2016-12-16,5.450178623199463,8.666666030883789,9.2380952835083,8.666666030883789,9.14285659790039,16784712
2016-12-19,5.260520935058594,8.365078926086426,9.0,8.34920597076416,8.626983642578125,17937234
2016-12-20,5.300447940826416,8.428570747375488,8.650793075561523,8.222222328186035,8.539682388305664,14095872
2016-12-21,5.38030481338501,8.55555534362793,8.682538986206055,8.428570747375488,8.523809432983398,13343400
2016-12-22,5.150717735290527,8.190476417541504,8.507935523986816,8.14285659790039,8.484126091003418,11983860
2016-12-23,5.1407365798950195,8.174603462219238,8.365078926086426,8.134920120239258,8.293649673461914,11887470
2016-12-26,5.300447940826416,8.428570747375488,8.428570747375488,8.190476417541504,8.20634937286377,3203424
2016-12-27,5.4801249504089355,8.714284896850586,8.7380952835083,8.468253135681152,8.515872955322266,10772748
2016-12-28,5.3753132820129395,8.547618865966797,9.023809432983398,8.5,8.769841194152832,14914368
2016-12-29,5.390286922454834,8.571428298950195,8.650793075561523,8.380951881408691,8.619047164916992,8119314
2017-01-02,5.410252571105957,8.603174209594727,8.70634937286377,8.365078926086426,8.49206256866455,4025196
2017-01-03,5.56497049331665,8.84920597076416,8.944443702697754,8.666666030883789,8.777776718139648,15524460
2017-01-04,5.500088214874268,8.746030807495117,8.944443702697754,8.682538986206055,8.80952262878418,12160386
2017-01-05,5.889387607574463,9.365078926086426,9.428570747375488,8.825395584106445,8.880951881408691,22188348
2017-01-06,5.854450225830078,9.30952262878418,9.396824836730957,9.126983642578125,9.285714149475098,12270762
2017-01-09,5.859442234039307,9.317460060119629,9.587301254272461,9.317460060119629,9.357142448425293,12999168
2017-01-10,5.97922420501709,9.507935523986816,9.55555534362793,9.365078926086426,9.531745910644531,11170026
2017-01-11,6.28866720199585,10.0,10.0,9.476189613342285,9.603174209594727,22767948
2017-01-12,6.388487339019775,10.158729553222656,10.373015403747559,10.05555534362793,10.317460060119629,14206500
2017-01-13,6.518253326416016,10.365078926086426,10.49206256866455,10.007935523986816,10.103174209594727,12197556
2017-01-16,6.588129043579102,10.476189613342285,10.547618865966797,10.388888359069824,10.396824836730957,7545510
2017-01-17,6.4833149909973145,10.30952262878418,10.420634269714355,10.05555534362793,10.396824836730957,14301504
2017-01-18,6.2936577796936035,10.007935523986816,10.619047164916992,9.722222328186035,10.30952262878418,22365000
2017-01-19,6.039117336273193,9.603174209594727,10.150793075561523,9.484126091003418,10.150793075561523,20072304
2017-01-20,6.0990095138549805,9.69841194152832,9.746030807495117,9.452380180358887,9.515872955322266,14972076
2017-01-23,6.333587169647217,10.071428298950195,10.11111068725586,9.7380952835083,9.753968238830566,12475764
2017-01-24,6.268703460693359,9.968253135681152,10.357142448425293,9.793649673461914,10.261903762817383,15931314
2017-01-26,6.233767509460449,9.912697792053223,10.293649673461914,9.801587104797363,10.277776718139648,10341072
2017-01-27,6.273693084716797,9.976189613342285,9.984126091003418,9.666666030883789,9.952380180358887,9220806
2017-01-30,6.009171962738037,9.55555534362793,9.944443702697754,9.523809432983398,9.857142448425293,7828632
2017-01-31,6.089027404785156,9.682538986206055,9.833333015441895,9.373015403747559,9.634920120239258,10006542
2017-02-01,6.198831081390381,9.857142448425293,9.952380180358887,9.70634937286377,9.777776718139648,13925646
2017-02-02,6.353551387786865,10.103174209594727,10.190476417541504,9.7380952835083,9.801587104797363,12491640
2017-02-03,6.338576316833496,10.079364776611328,10.079364776611328,9.785714149475098,10.007935523986816,18218970
2017-02-06,6.18884801864624,9.841268539428711,10.261903762817383,9.841268539428711,10.19841194152832,6509916
2017-02-07,6.153911590576172,9.785714149475098,10.14285659790039,9.722222328186035,10.047618865966797,9270450
2017-02-08,6.104001998901367,9.70634937286377,9.920634269714355,9.5,9.920634269714355,9465372
2017-02-09,6.238757610321045,9.920634269714355,9.952380180358887,9.690476417541504,9.753968238830566,7727328
2017-02-10,6.433404445648193,10.230157852172852,10.2380952835083,10.039682388305664,10.095237731933594,9200898
2017-02-13,6.638039588928223,10.55555534362793,10.658729553222656,10.30952262878418,10.325395584106445,16654050
2017-02-14,6.558182239532471,10.428570747375488,10.650793075561523,10.269841194152832,10.579364776611328,12387438
2017-02-15,6.667984485626221,10.603174209594727,10.7380952835083,10.436507225036621,10.49206256866455,16913232
2017-02-16,6.717894554138184,10.682538986206055,10.817460060119629,10.34920597076416,10.539682388305664,19758816
2017-02-17,6.6480183601379395,10.571428298950195,10.626983642578125,10.412697792053223,10.595237731933594,9452394
2017-02-20,6.712902545928955,10.674603462219238,10.84920597076416,10.595237731933594,10.690476417541504,8083152
2017-02-21,6.822705268859863,10.84920597076416,10.912697792053223,10.666666030883789,10.730157852172852,11883312
2017-02-22,6.543208122253418,10.40476131439209,10.769841194152832,10.325395584106445,10.714284896850586,14040936
2017-02-23,6.393477439880371,10.166666030883789,10.761903762817383,10.047618865966797,10.515872955322266,14882994
2017-02-24,6.463353633880615,10.277776718139648,10.380951881408691,9.96031665802002,10.039682388305664,11764746
2017-03-01,6.638039588928223,10.55555534362793,10.753968238830566,10.507935523986816,10.55555534362793,13903974
2017-03-02,6.523242950439453,10.373015403747559,10.682538986206055,10.325395584106445,10.563491821289062,15445206
2017-03-03,6.66299295425415,10.595237731933594,10.619047164916992,10.341268539428711,10.412697792053223,9704520
2017-03-06,6.543208122253418,10.40476131439209,10.69841194152832,10.341268539428711,10.595237731933594,11718378
2017-03-07,6.498290061950684,10.333333015441895,10.730157852172852,10.333333015441895,10.420634269714355,12598236
2017-03-08,6.05908203125,9.634920120239258,10.293649673461914,9.626983642578125,10.2380952835083,31114818
2017-03-09,5.9642534255981445,9.484126091003418,9.912697792053223,9.325395584106445,9.595237731933594,21141792
2017-03-10,5.94428825378418,9.452380180358887,9.722222328186035,9.269841194152832,9.634920120239258,16505244
2017-03-13,6.173874855041504,9.817460060119629,9.817460060119629,9.49206256866455,9.579364776611328,10855404
2017-03-14,6.198831081390381,9.857142448425293,9.880951881408691,9.626983642578125,9.761903762817383,11156292
2017-03-15,6.523242950439453,10.373015403747559,10.373015403747559,9.80952262878418,9.920634269714355,18422712
2017-03-16,6.3984694480896,10.174603462219238,10.476189613342285,10.11111068725586,10.396824836730957,10136700
2017-03-17,6.158903121948242,9.793649673461914,10.293649673461914,9.793649673461914,10.253968238830566,18925074
2017-03-20,6.30863094329834,10.031745910644531,10.071428298950195,9.373015403747559,9.64285659790039,11566674
2017-03-21,5.859442234039307,9.317460060119629,9.912697792053223,9.19841194152832,9.865078926086426,14661990
2017-03-22,5.859442234039307,9.317460060119629,9.484126091003418,8.865078926086426,9.20634937286377,18404694
2017-03-23,5.714700698852539,9.087301254272461,9.452380180358887,9.015872955322266,9.301587104797363,12910842
2017-03-24,5.56497049331665,8.84920597076416,9.20634937286377,8.70634937286377,9.11111068725586,9886842
2017-03-27,5.495098114013672,8.7380952835083,8.793649673461914,8.49206256866455,8.650793075561523,11888226
2017-03-28,5.490105628967285,8.730157852172852,8.857142448425293,8.571428298950195,8.769841194152832,11105010
2017-03-29,5.520052433013916,8.777776718139648,8.90476131439209,8.690476417541504,8.801587104797363,7990668
2017-03-30,5.340376853942871,8.49206256866455,8.84920597076416,8.436507225036621,8.84920597076416,8931384
2017-03-31,5.435204982757568,8.64285659790039,8.785714149475098,8.412697792053223,8.46031665802002,9778482
2017-04-03,5.360339641571045,8.523809432983398,8.722222328186035,8.436507225036621,8.70634937286377,9147474
2017-04-04,5.440195560455322,8.650793075561523,8.730157852172852,8.5,8.515872955322266,6070680
2017-04-05,5.315422534942627,8.452380180358887,8.952380180358887,8.373015403747559,8.753968238830566,12662748
2017-04-06,5.225581645965576,8.30952262878418,8.539682388305664,8.214284896850586,8.5,9457812
2017-04-07,5.265511512756348,8.373015403747559,8.571428298950195,8.071428298950195,8.166666030883789,10254006
2017-04-10,5.165690898895264,8.214284896850586,8.46031665802002,8.103174209594727,8.428570747375488,11634336
2017-04-11,5.005978584289551,7.960317134857178,8.261903762817383,7.8730149269104,8.222222328186035,13529502
2017-04-12,4.751437664031982,7.5555548667907715,7.904760837554932,7.547618865966797,7.817460060119629,22247820
2017-04-13,4.716500282287598,7.5,7.793650150299072,7.468253135681152,7.650793075561523,17746470
2017-04-17,4.801347732543945,7.634920120239258,7.690475940704346,7.452380180358887,7.539681911468506,10317888
2017-04-18,4.676571846008301,7.436507225036621,7.571427822113037,7.341269016265869,7.539681911468506,15399090
2017-04-19,4.641634941101074,7.380951881408691,7.634920120239258,7.293650150299072,7.507936000823975,11880540
2017-04-20,4.766412258148193,7.579364776611328,7.611111164093018,7.4285712242126465,7.476190090179443,15220422
2017-04-24,4.821311950683594,7.666666030883789,7.793650150299072,7.603174209594727,7.761903762817383,10282230
2017-04-25,4.911149978637695,7.809523105621338,7.8333330154418945,7.603174209594727,7.619047164916992,9432990
2017-04-26,4.896176338195801,7.785714149475098,7.904760837554932,7.706348896026611,7.817460060119629,12620538
2017-04-27,4.831295013427734,7.682538986206055,7.880951881408691,7.5555548667907715,7.8253960609436035,9445842
2017-04-28,4.891186714172363,7.777777194976807,7.936507225036621,7.69841194152832,7.706348896026611,11480238
2017-05-02,5.015960216522217,7.976190090179443,8.039682388305664,7.8253960609436035,7.8253960609436035,10340820
2017-05-03,4.771402835845947,7.587300777435303,7.968253135681152,7.539681911468506,7.968253135681152,19743066
2017-05-04,4.666589736938477,7.420633792877197,7.515872955322266,7.253967761993408,7.476190090179443,17851050
2017-05-05,4.651617527008057,7.396824836730957,7.587300777435303,7.341269016265869,7.365078926086426,10058454
2017-05-08,4.586734771728516,7.293650150299072,7.460317134857178,7.182538986206055,7.396824836730957,7352226
2017-05-09,4.776392936706543,7.595238208770752,7.642857074737549,7.34920597076416,7.380951881408691,14677866
2017-05-10,4.896176338195801,7.785714149475098,7.857141971588135,7.706348896026611,7.722221851348877,13867056
2017-05-11,4.976033687591553,7.912697792053223,7.984126091003418,7.579364776611328,7.809523105621338,10328472
2017-05-12,4.801347732543945,7.634920120239258,8.071428298950195,7.603174209594727,7.984126091003418,15198246
2017-05-15,4.981023788452148,7.920633792877197,7.984126091003418,7.69841194152832,7.746030807495117,21312018
2017-05-16,5.165690898895264,8.214284896850586,8.2380952835083,7.896824836730957,8.015872955322266,15488298
2017-05-17,5.105798244476318,8.119047164916992,8.30952262878418,7.976190090179443,8.174603462219238,15054354
2017-05-18,4.491905689239502,7.142857074737549,7.579364776611328,6.547618865966797,6.547618865966797,29700594
2017-05-19,4.771402835845947,7.587300777435303,7.714284896850586,7.246030807495117,7.380951881408691,23591736
2017-05-22,4.69154691696167,7.460317134857178,7.531745910644531,7.19841194152832,7.531745910644531,17252046
2017-05-23,4.911149978637695,7.809523105621338,7.8253960609436035,7.3730149269104,7.444444179534912,17103240
2017-05-24,4.821311950683594,7.666666030883789,7.9285712242126465,7.666666030883789,7.84920597076416,13776966
2017-05-25,4.761419773101807,7.571427822113037,7.857141971588135,7.5,7.666666030883789,10652670
2017-05-26,4.766412258148193,7.579364776611328,7.730157852172852,7.52380895614624,7.5634918212890625,9266040
2017-05-29,4.766412258148193,7.579364776611328,7.579364776611328,7.579364776611328,7.579364776611328,0
2017-05-30,4.9610595703125,7.888887882232666,7.920633792877197,7.706348896026611,7.761903762817383,9886968
2017-05-31,4.761419773101807,7.571427822113037,7.880951881408691,7.5555548667907715,7.84920597076416,13224582
2017-06-01,4.751437664031982,7.5555548667907715,7.753967761993408,7.460317134857178,7.626984119415283,12159126
2017-06-02,4.771402835845947,7.587300777435303,7.738094806671143,7.5555548667907715,7.650793075561523,11489814
2017-06-05,4.711509704589844,7.492063045501709,7.634920120239258,7.436507225036621,7.52380895614624,6026706
2017-06-06,4.726482391357422,7.515872955322266,7.650793075561523,7.357141971588135,7.484126091003418,10183446
2017-06-07,4.661599159240723,7.412697792053223,7.642857074737549,7.317460060119629,7.587300777435303,14542038
2017-06-08,4.776392936706543,7.595238208770752,7.666666030883789,7.230157852172852,7.396824836730957,17307738
2017-06-09,4.826303482055664,7.67460298538208,7.865078926086426,7.611111164093018,7.619047164916992,13466250
2017-06-12,4.751437664031982,7.5555548667907715,7.753967761993408,7.476190090179443,7.738094806671143,9862524
2017-06-13,4.731473922729492,7.52380895614624,7.666666030883789,7.436507225036621,7.579364776611328,6714288
2017-06-14,4.606698989868164,7.3253960609436035,7.619047164916992,7.293650150299072,7.571427822113037,14090202
2017-06-15,4.606698989868164,7.3253960609436035,7.3253960609436035,7.3253960609436035,7.3253960609436035,0
2017-06-16,4.501887798309326,7.1587300300598145,7.277777194976807,7.087300777435303,7.246030807495117,14956200
2017-06-19,4.596715927124023,7.309523105621338,7.34920597076416,7.206348896026611,7.214284896850586,6223014
2017-06-20,4.50687837600708,7.166666030883789,7.246030807495117,7.0555548667907715,7.222221851348877,16843554
2017-06-21,4.586734771728516,7.293650150299072,7.293650150299072,7.095238208770752,7.182538986206055,13374396
2017-06-22,4.671581745147705,7.4285712242126465,7.468253135681152,7.246030807495117,7.301587104797363,7372134
2017-06-23,4.841275215148926,7.69841194152832,7.809523105621338,7.396824836730957,7.484126091003418,11525220
2017-06-26,5.005978584289551,7.960317134857178,7.976190090179443,7.706348896026611,7.785714149475098,11535804
2017-06-27,4.976033687591553,7.912697792053223,8.119047164916992,7.880951881408691,8.015872955322266,15623874
2017-06-28,5.125762939453125,8.150793075561523,8.2380952835083,8.0,8.0,13479732
2017-06-29,5.07086181640625,8.063491821289062,8.30952262878418,7.952380180358887,8.30952262878418,10739736
2017-06-30,5.130753993988037,8.158729553222656,8.20634937286377,8.015872955322266,8.063491821289062,11015424
2017-07-03,5.190648078918457,8.253968238830566,8.30952262878418,8.174603462219238,8.174603462219238,5628672
2017-07-04,5.170681953430176,8.222222328186035,8.285714149475098,8.134920120239258,8.174603462219238,2365146
2017-07-05,5.285475254058838,8.40476131439209,8.40476131439209,8.190476417541504,8.253968238830566,15804180
2017-07-06,5.355348587036133,8.515872955322266,8.634920120239258,8.285714149475098,8.317460060119629,14384790
2017-07-07,5.370323181152344,8.539682388305664,8.682538986206055,8.333333015441895,8.595237731933594,11400102
2017-07-10,5.500088214874268,8.746030807495117,8.769841194152832,8.49206256866455,8.539682388305664,10648008
2017-07-11,5.465151309967041,8.690476417541504,8.80952262878418,8.650793075561523,8.730157852172852,9886464
2017-07-12,5.500088214874268,8.746030807495117,8.825395584106445,8.587301254272461,8.777776718139648,10634652
2017-07-13,5.450178623199463,8.666666030883789,8.777776718139648,8.5,8.730157852172852,13827240
2017-07-14,5.460160255432129,8.682538986206055,8.769841194152832,8.650793075561523,8.682538986206055,5033196
2017-07-17,5.500088214874268,8.746030807495117,8.80952262878418,8.674603462219238,8.722222328186035,4909968
2017-07-18,5.40526008605957,8.595237731933594,8.801587104797363,8.507935523986816,8.793649673461914,7902342
2017-07-19,5.520052433013916,8.777776718139648,8.777776718139648,8.61111068725586,8.619047164916992,9227862
2017-07-20,5.4252238273620605,8.626983642578125,8.793649673461914,8.507935523986816,8.753968238830566,8064126
2017-07-21,5.335385322570801,8.484126091003418,8.650793075561523,8.40476131439209,8.619047164916992,6484464
2017-07-24,5.470142364501953,8.69841194152832,8.730157852172852,8.49206256866455,8.5,7570080
2017-07-25,5.5599799156188965,8.841268539428711,8.888888359069824,8.61111068725586,8.650793075561523,9733752
2017-07-26,5.265511512756348,8.373015403747559,8.833333015441895,8.34920597076416,8.833333015441895,16890426
2017-07-27,5.275493621826172,8.388888359069824,8.49206256866455,8.301587104797363,8.468253135681152,8737218
2017-07-28,5.285475254058838,8.40476131439209,8.444443702697754,8.261903762817383,8.373015403747559,8217090
2017-07-31,5.320411682128906,8.46031665802002,8.619047164916992,8.428570747375488,8.587301254272461,9981342
2017-08-01,5.270501136779785,8.380951881408691,8.515872955322266,8.333333015441895,8.476189613342285,6172866
2017-08-02,5.4252238273620605,8.626983642578125,8.658729553222656,8.317460060119629,8.357142448425293,10357830
2017-08-03,5.445189476013184,8.658729553222656,8.714284896850586,8.539682388305664,8.674603462219238,8028846
2017-08-04,5.579945087432861,8.873015403747559,8.896824836730957,8.650793075561523,8.730157852172852,11536182
2017-08-07,5.78457498550415,9.19841194152832,9.285714149475098,8.99206256866455,9.047618865966797,12568374
2017-08-08,5.724684238433838,9.103174209594727,9.285714149475098,9.023809432983398,9.126983642578125,7325010
2017-08-09,5.674774169921875,9.023809432983398,9.166666030883789,8.912697792053223,9.071428298950195,10094616
2017-08-10,5.719691753387451,9.095237731933594,9.119047164916992,8.857142448425293,9.0,7507962
2017-08-11,5.634844779968262,8.96031665802002,9.103174209594727,8.912697792053223,9.031745910644531,7384608
2017-08-14,5.589925765991211,8.888888359069824,9.063491821289062,8.865078926086426,8.952380180358887,6209280
2017-08-15,5.475133419036865,8.70634937286377,8.944443702697754,8.70634937286377,8.880951881408691,8812314
2017-08-16,5.629854202270508,8.952380180358887,8.976189613342285,8.761903762817383,8.761903762817383,9663822
2017-08-17,5.609890460968018,8.920634269714355,9.158729553222656,8.920634269714355,8.976189613342285,9117864
2017-08-18,5.579945087432861,8.873015403747559,9.119047164916992,8.873015403747559,9.031745910644531,7264278
2017-08-21,5.51506233215332,8.769841194152832,9.063491821289062,8.769841194152832,8.968253135681152,7130340
2017-08-22,5.6800642013549805,9.015872955322266,9.047618865966797,8.84920597076416,8.84920597076416,9788814
2017-08-23,5.820065021514893,9.2380952835083,9.34920597076416,8.96031665802002,9.015872955322266,18746784
2017-08-24,5.785064697265625,9.182538986206055,9.333333015441895,9.14285659790039,9.277776718139648,13645926
2017-08-25,5.735064506530762,9.103174209594727,9.325395584106445,9.015872955322266,9.182538986206055,7793478
2017-08-28,5.760066032409668,9.14285659790039,9.182538986206055,9.015872955322266,9.103174209594727,4477158
2017-08-29,5.725062847137451,9.087301254272461,9.11111068725586,8.984126091003418,9.079364776611328,8031492
2017-08-30,5.9100661277771,9.380951881408691,9.468253135681152,9.023809432983398,9.087301254272461,16339428
2017-08-31,5.925065994262695,9.40476131439209,9.619047164916992,9.373015403747559,9.579364776611328,18192006
2017-09-01,6.295068740844727,9.99206256866455,10.103174209594727,9.61111068725586,9.61111068725586,29013138
2017-09-04,6.455069065093994,10.246030807495117,10.293649673461914,9.936507225036621,9.99206256866455,7296786
2017-09-05,6.310070514678955,10.015872955322266,10.746030807495117,9.99206256866455,10.666666030883789,23339736
2017-09-06,6.455069065093994,10.246030807495117,10.317460060119629,10.05555534362793,10.158729553222656,13363434
2017-09-07,6.455069065093994,10.246030807495117,10.246030807495117,10.246030807495117,10.246030807495117,0
2017-09-08,6.110068321228027,9.69841194152832,10.20634937286377,9.658729553222656,10.158729553222656,19275606
2017-09-11,6.1800689697265625,9.80952262878418,10.0,9.746030807495117,9.769841194152832,15068214
2017-09-12,6.100068092346191,9.682538986206055,9.912697792053223,9.64285659790039,9.896824836730957,18450180
2017-09-13,6.015068531036377,9.547618865966797,9.785714149475098,9.444443702697754,9.690476417541504,15780114
2017-09-14,5.970067501068115,9.476189613342285,9.515872955322266,9.34920597076416,9.515872955322266,11269440
2017-09-15,6.080068588256836,9.650793075561523,9.730157852172852,9.468253135681152,9.476189613342285,19334952
2017-09-18,6.130069732666016,9.730157852172852,9.912697792053223,9.666666030883789,9.785714149475098,12669678
2017-09-19,5.95006799697876,9.444443702697754,9.746030807495117,9.388888359069824,9.64285659790039,17945802
2017-09-20,5.915065765380859,9.388888359069824,9.595237731933594,9.14285659790039,9.468253135681152,22017744
2017-09-21,5.775063991546631,9.166666030883789,9.365078926086426,9.166666030883789,9.301587104797363,10358838
2017-09-22,5.655064105987549,8.976189613342285,9.214284896850586,8.90476131439209,9.19841194152832,8406594
2017-09-25,5.485061168670654,8.70634937286377,9.063491821289062,8.626983642578125,8.936507225036621,10231956
2017-09-26,5.555062770843506,8.817460060119629,9.031745910644531,8.769841194152832,8.825395584106445,10223136
2017-09-27,5.580061912536621,8.857142448425293,8.99206256866455,8.452380180358887,8.936507225036621,17834796
2017-09-28,5.430061340332031,8.619047164916992,8.888888359069824,8.55555534362793,8.888888359069824,21103866
2017-09-29,5.520062446594238,8.761903762817383,8.833333015441895,8.64285659790039,8.714284896850586,9928296
2017-10-02,5.500060081481934,8.730157852172852,8.888888359069824,8.674603462219238,8.817460060119629,13704264
2017-10-03,5.700063705444336,9.047618865966797,9.166666030883789,8.7380952835083,8.746030807495117,16786350
2017-10-04,5.68506383895874,9.023809432983398,9.047618865966797,8.888888359069824,8.968253135681152,11002824
2017-10-05,5.5400614738464355,8.793649673461914,9.333333015441895,8.793649673461914,9.11111068725586,15431472
2017-10-06,5.38006067276001,8.539682388305664,8.746030807495117,8.468253135681152,8.722222328186035,17848782
2017-10-09,5.350059986114502,8.49206256866455,8.64285659790039,8.277776718139648,8.595237731933594,13684608
2017-10-10,5.575060844421387,8.84920597076416,8.920634269714355,8.523809432983398,8.571428298950195,22892310
2017-10-11,5.510060787200928,8.746030807495117,8.968253135681152,8.634920120239258,8.825395584106445,16715286
2017-10-12,5.510060787200928,8.746030807495117,8.746030807495117,8.746030807495117,8.746030807495117,0
2017-10-13,5.720065116882324,9.079364776611328,9.126983642578125,8.912697792053223,8.968253135681152,10979640
2017-10-16,5.710063934326172,9.063491821289062,9.301587104797363,9.023809432983398,9.182538986206055,10140984
2017-10-17,5.66006326675415,8.984126091003418,9.174603462219238,8.944443702697754,9.023809432983398,8897868
2017-10-18,5.830066204071045,9.253968238830566,9.293649673461914,8.99206256866455,9.095237731933594,16130520
2017-10-19,5.860065460205078,9.301587104797363,9.388888359069824,9.071428298950195,9.150793075561523,12969180
2017-10-20,5.840065002441406,9.269841194152832,9.468253135681152,9.269841194152832,9.380951881408691,8977752
2017-10-23,5.815065383911133,9.230157852172852,9.444443702697754,9.182538986206055,9.365078926086426,9117360
2017-10-24,6.010066509246826,9.539682388305664,9.55555534362793,9.246030807495117,9.246030807495117,10291932
2017-10-25,6.025066375732422,9.563491821289062,9.626983642578125,9.373015403747559,9.563491821289062,8227800
2017-10-26,5.870067119598389,9.317460060119629,9.682538986206055,9.2380952835083,9.619047164916992,12185460
2017-10-27,5.790065288543701,9.190476417541504,9.40476131439209,9.071428298950195,9.277776718139648,11640762
2017-10-30,5.625061988830566,8.928570747375488,9.214284896850586,8.833333015441895,9.150793075561523,11610774
2017-10-31,5.47506046295166,8.690476417541504,9.007935523986816,8.587301254272461,8.968253135681152,19979064
2017-11-01,5.335058689117432,8.468253135681152,8.84920597076416,8.420634269714355,8.746030807495117,20618388
2017-11-02,5.335058689117432,8.468253135681152,8.468253135681152,8.468253135681152,8.468253135681152,0
2017-11-03,5.3900604248046875,8.55555534362793,8.587301254272461,8.087301254272461,8.571428298950195,17374392
2017-11-06,5.4800615310668945,8.69841194152832,8.801587104797363,8.539682388305664,8.730157852172852,10299114
2017-11-07,5.285059452056885,8.388888359069824,8.714284896850586,8.333333015441895,8.70634937286377,15088500
2017-11-08,5.350059986114502,8.49206256866455,8.626983642578125,8.396824836730957,8.531745910644531,14116284
2017-11-09,5.2350568771362305,8.30952262878418,8.452380180358887,8.134920120239258,8.436507225036621,11909646
2017-11-10,5.140057563781738,8.158729553222656,8.357142448425293,8.071428298950195,8.333333015441895,10008306
2017-11-13,5.220059394836426,8.285714149475098,8.285714149475098,8.063491821289062,8.150793075561523,9616950
2017-11-14,4.975055694580078,7.896824836730957,8.333333015441895,7.896824836730957,8.333333015441895,14825790
2017-11-15,4.975055694580078,7.896824836730957,7.896824836730957,7.896824836730957,7.896824836730957,0
2017-11-16,5.125058174133301,8.134920120239258,8.214284896850586,7.968253135681152,8.0,10704834
2017-11-17,5.270059585571289,8.365078926086426,8.40476131439209,8.063491821289062,8.134920120239258,11592126
2017-11-20,5.270059585571289,8.365078926086426,8.365078926086426,8.365078926086426,8.365078926086426,0
2017-11-21,5.265058994293213,8.357142448425293,8.547618865966797,8.317460060119629,8.484126091003418,11013282
2017-11-22,5.360332012176514,8.484126091003418,8.595237731933594,8.34920597076416,8.46031665802002,11850678
2017-11-23,5.440560340881348,8.61111068725586,8.666666030883789,8.428570747375488,8.484126091003418,6042330
2017-11-24,5.400445938110352,8.547618865966797,8.722222328186035,8.452380180358887,8.650793075561523,9630306
2017-11-27,5.545864582061768,8.777776718139648,8.825395584106445,8.539682388305664,8.547618865966797,11026638
2017-11-28,5.5057477951049805,8.714284896850586,8.896824836730957,8.70634937286377,8.80952262878418,12778038
2017-11-29,5.565918922424316,8.80952262878418,8.84920597076416,8.666666030883789,8.769841194152832,14262192
2017-11-30,5.555891513824463,8.793649673461914,8.873015403747559,8.626983642578125,8.761903762817383,27373752
2017-12-01,5.540848255157471,8.769841194152832,8.880951881408691,8.55555534362793,8.753968238830566,11680830
2017-12-04,5.661190509796143,8.96031665802002,9.039682388305664,8.817460060119629,8.880951881408691,10151442
2017-12-05,5.580961227416992,8.833333015441895,9.11111068725586,8.817460060119629,8.984126091003418,7881678
2017-12-06,5.580961227416992,8.833333015441895,8.888888359069824,8.70634937286377,8.785714149475098,6282738
2017-12-07,5.651163101196289,8.944443702697754,9.0,8.595237731933594,8.714284896850586,13767012
2017-12-08,5.866780757904053,9.285714149475098,9.341268539428711,8.912697792053223,8.984126091003418,21206934
2017-12-11,5.936980724334717,9.396824836730957,9.507935523986816,9.293649673461914,9.341268539428711,15189930
2017-12-12,6.017210006713867,9.523809432983398,9.523809432983398,9.150793075561523,9.34920597076416,9468018
2017-12-13,5.891849994659424,9.325395584106445,9.587301254272461,9.253968238830566,9.547618865966797,12825288
2017-12-14,5.936980724334717,9.396824836730957,9.452380180358887,9.166666030883789,9.230157852172852,9508842
2017-12-15,6.047296524047852,9.571428298950195,9.571428298950195,9.34920597076416,9.388888359069824,13375026
2017-12-18,6.007180213928223,9.507935523986816,9.753968238830566,9.365078926086426,9.619047164916992,9200898
2017-12-19,6.072368144989014,9.61111068725586,9.61111068725586,9.436507225036621,9.5,5408550
2017-12-20,6.152597904205322,9.7380952835083,9.801587104797363,9.579364776611328,9.603174209594727,8262198
2017-12-21,6.262912750244141,9.912697792053223,9.912697792053223,9.634920120239258,9.746030807495117,10668798
2017-12-22,6.237841606140137,9.873015403747559,9.96031665802002,9.785714149475098,9.833333015441895,7278390
2017-12-25,6.237841606140137,9.873015403747559,9.873015403747559,9.873015403747559,9.873015403747559,0
2017-12-26,6.20274019241333,9.817460060119629,10.0,9.801587104797363,9.912697792053223,5087502
2017-12-27,6.192713260650635,9.801587104797363,9.96031665802002,9.746030807495117,9.857142448425293,5956902
2017-12-28,6.207756042480469,9.825395584106445,9.880951881408691,9.658729553222656,9.880951881408691,8535744
2017-12-29,6.207756042480469,9.825395584106445,9.825395584106445,9.825395584106445,9.825395584106445,0
2018-01-02,6.503600120544434,10.293649673461914,10.293649673461914,9.96031665802002,9.96031665802002,10790010
2018-01-03,6.49357271194458,10.277776718139648,10.595237731933594,10.190476417541504,10.2380952835083,16546950
2018-01-04,6.844576835632324,10.833333015441895,10.936507225036621,10.341268539428711,10.341268539428711,34724214
2018-01-05,6.759331703186035,10.69841194152832,11.071428298950195,10.587301254272461,10.833333015441895,21679938
2018-01-08,6.99500846862793,11.071428298950195,11.071428298950195,10.523809432983398,10.658729553222656,19343772
2018-01-09,7.035122871398926,11.134920120239258,11.325395584106445,10.928570747375488,11.071428298950195,44864316
2018-01-10,6.939848899841309,10.984126091003418,11.19841194152832,10.817460060119629,10.99206256866455,23351832
2018-01-11,7.506468772888184,11.880951881408691,11.880951881408691,11.039682388305664,11.039682388305664,21758436
2018-01-12,7.506468772888184,11.880951881408691,12.20634937286377,11.603174209594727,11.785714149475098,30184938
2018-01-15,7.4312543869018555,11.761903762817383,12.071428298950195,11.761903762817383,12.007935523986816,9233280
2018-01-16,7.250738620758057,11.476189613342285,11.936507225036621,11.46031665802002,11.714284896850586,16730532
2018-01-17,7.521514415740967,11.90476131439209,11.928570747375488,11.428570747375488,11.49206256866455,19496358
2018-01-18,7.290852069854736,11.539682388305664,11.976189613342285,11.539682388305664,11.90476131439209,12708864
2018-01-19,7.100307941436768,11.2380952835083,11.69841194152832,10.936507225036621,11.634920120239258,32553108
2018-01-22,7.01005220413208,11.095237731933594,11.373015403747559,11.087301254272461,11.269841194152832,14569002
2018-01-23,6.874660491943359,10.880951881408691,11.095237731933594,10.64285659790039,11.0,26690706
2018-01-24,7.090280532836914,11.222222328186035,11.428570747375488,10.920634269714355,10.928570747375488,17263386
2018-01-25,7.090280532836914,11.222222328186035,11.222222328186035,11.222222328186035,11.222222328186035,0
2018-01-26,7.491426944732666,11.857142448425293,11.857142448425293,11.246030807495117,11.40476131439209,14464674
2018-01-29,7.330965995788574,11.603174209594727,11.817460060119629,11.507935523986816,11.753968238830566,11777094
2018-01-30,7.381110191345215,11.682538986206055,11.682538986206055,11.34920597076416,11.515872955322266,14457996
2018-01-31,7.220652103424072,11.428570747375488,12.047618865966797,11.428570747375488,11.761903762817383,23075766
2018-02-01,7.330965995788574,11.603174209594727,11.84920597076416,11.444443702697754,11.515872955322266,16517592
2018-02-02,7.30589485168457,11.563491821289062,11.825395584106445,11.436507225036621,11.587301254272461,15706026
2018-02-05,6.889706134796143,10.90476131439209,11.563491821289062,10.90476131439209,11.388888359069824,13485150
2018-02-06,7.30589485168457,11.563491821289062,11.563491821289062,10.7380952835083,10.785714149475098,16079238
2018-02-07,7.050163269042969,11.158729553222656,11.626983642578125,11.158729553222656,11.5,9972018
2018-02-08,6.899735927581787,10.920634269714355,11.380951881408691,10.825395584106445,11.246030807495117,10547712
2018-02-09,7.035122871398926,11.134920120239258,11.190476417541504,10.730157852172852,11.007935523986816,14201334
2018-02-14,7.501456260681152,11.873015403747559,11.888888359069824,11.373015403747559,11.412697792053223,12423726
2018-02-15,7.521514415740967,11.90476131439209,12.063491821289062,11.658729553222656,11.90476131439209,12321288
2018-02-16,7.98784875869751,12.64285659790039,12.64285659790039,11.70634937286377,11.920634269714355,28250208
2018-02-19,8.388995170593262,13.277776718139648,13.412697792053223,12.714284896850586,12.857142448425293,20511666
2018-02-20,8.098163604736328,12.817460060119629,13.230157852172852,12.658729553222656,13.095237731933594,27899298
2018-02-21,8.173379898071289,12.936507225036621,13.317460060119629,12.912697792053223,12.912697792053223,24311700
2018-02-22,8.078105926513672,12.785714149475098,13.277776718139648,12.785714149475098,13.071428298950195,13447854
2018-02-23,8.33383560180664,13.190476417541504,13.214284896850586,12.817460060119629,13.007935523986816,12222378
2018-02-26,8.539422988891602,13.515872955322266,13.769841194152832,13.293649673461914,13.380951881408691,15595650
2018-02-27,8.34887981414795,13.214284896850586,13.650793075561523,13.182538986206055,13.571428298950195,13202658
2018-02-28,8.33383560180664,13.190476417541504,13.761903762817383,13.190476417541504,13.373015403747559,23659524
2018-03-01,8.59959602355957,13.61111068725586,13.746030807495117,13.341268539428711,13.468253135681152,33575976
2018-03-02,8.474238395690918,13.412697792053223,13.539682388305664,12.817460060119629,13.412697792053223,22955058
2018-03-05,8.559480667114258,13.547618865966797,13.690476417541504,13.063491821289062,13.380951881408691,14944482
2018-03-06,8.1834077835083,12.952380180358887,13.96031665802002,12.912697792053223,13.626983642578125,22461264
2018-03-07,8.388995170593262,13.277776718139648,13.277776718139648,12.64285659790039,13.174603462219238,18322542
2018-03-08,8.03799057006836,12.722222328186035,13.2380952835083,12.579364776611328,13.2380952835083,18265086
2018-03-09,8.088133811950684,12.801587104797363,13.071428298950195,12.428570747375488,12.634920120239258,19376532
2018-03-12,8.238842964172363,13.015872955322266,13.031745910644531,12.817460060119629,12.976189613342285,10265724
2018-03-13,8.18358325958252,12.928570747375488,13.253968238830566,12.825395584106445,13.095237731933594,7723926
2018-03-14,8.063015937805176,12.7380952835083,13.174603462219238,12.650793075561523,13.071428298950195,8720586
2018-03-15,7.8068084716796875,12.333333015441895,12.69841194152832,12.222222328186035,12.658729553222656,19610010
2018-03-16,7.7615966796875,12.261903762817383,12.484126091003418,12.119047164916992,12.46031665802002,14466564
2018-03-19,7.550599098205566,11.928570747375488,12.261903762817383,11.841268539428711,12.063491821289062,12868506
2018-03-20,7.907281398773193,12.49206256866455,12.603174209594727,11.920634269714355,12.039682388305664,20891430
2018-03-21,8.027848243713379,12.682538986206055,12.682538986206055,12.436507225036621,12.547618865966797,13231260
2018-03-22,7.716383457183838,12.190476417541504,12.658729553222656,12.05555534362793,12.658729553222656,20040804
2018-03-23,7.5807390213012695,11.976189613342285,12.293649673461914,11.90476131439209,12.134920120239258,12416922
2018-03-26,7.691262245178223,12.150793075561523,12.341268539428711,11.880951881408691,12.166666030883789,11170656
2018-03-27,7.5907883644104,11.99206256866455,12.301587104797363,11.896824836730957,12.261903762817383,8600004
2018-03-28,7.510408401489258,11.865078926086426,11.920634269714355,11.452380180358887,11.873015403747559,13800150
2018-03-29,7.786712646484375,12.301587104797363,12.420634269714355,11.96031665802002,12.023809432983398,8277192
2018-04-02,7.857044696807861,12.412697792053223,12.64285659790039,12.182538986206055,12.412697792053223,10403064
2018-04-03,7.902256488800049,12.484126091003418,12.595237731933594,12.34920597076416,12.5,6775524
2018-04-04,7.711357593536377,12.182538986206055,12.30952262878418,12.047618865966797,12.11111068725586,9467388
2018-04-05,8.228797912597656,13.0,13.015872955322266,12.484126091003418,12.61111068725586,16150302
2018-04-06,8.103205680847168,12.801587104797363,13.087301254272461,12.666666030883789,12.90476131439209,11705904
2018-04-09,7.942446708679199,12.547618865966797,12.952380180358887,12.412697792053223,12.880951881408691,11751642
2018-04-10,8.108226776123047,12.80952262878418,12.912697792053223,12.523809432983398,12.761903762817383,11365452
2018-04-11,8.047943115234375,12.714284896850586,13.007935523986816,12.658729553222656,12.753968238830566,9121392
2018-04-12,8.263960838317871,13.05555534362793,13.11111068725586,12.682538986206055,12.69841194152832,9279774
2018-04-13,8.243868827819824,13.023809432983398,13.277776718139648,13.023809432983398,13.166666030883789,9813762
2018-04-16,8.218748092651367,12.984126091003418,13.095237731933594,12.785714149475098,12.952380180358887,12339180
2018-04-17,8.439791679382324,13.333333015441895,13.380951881408691,13.031745910644531,13.047618865966797,9075402
2018-04-18,8.71107006072998,13.761903762817383,13.888888359069824,13.412697792053223,13.412697792053223,13354740
2018-04-19,8.625667572021484,13.626983642578125,13.880951881408691,13.46031665802002,13.650793075561523,10917648
2018-04-20,8.515146255493164,13.452380180358887,13.746030807495117,13.30952262878418,13.674603462219238,8100162
2018-04-23,8.40462589263916,13.277776718139648,13.547618865966797,13.222222328186035,13.531745910644531,7877394
2018-04-24,8.419697761535645,13.301587104797363,13.595237731933594,13.166666030883789,13.412697792053223,8128512
2018-04-25,8.424720764160156,13.30952262878418,13.46031665802002,12.984126091003418,13.103174209594727,5899572
2018-04-26,8.550312042236328,13.507935523986816,13.619047164916992,13.277776718139648,13.30952262878418,7101234
2018-04-27,8.379507064819336,13.2380952835083,13.666666030883789,13.166666030883789,13.658729553222656,12847842
2018-04-30,8.364432334899902,13.214284896850586,13.341268539428711,13.103174209594727,13.190476417541504,4549356
2018-05-02,8.158465385437012,12.888888359069824,13.325395584106445,12.888888359069824,13.05555534362793,9098082
2018-05-03,8.284056663513184,13.087301254272461,13.166666030883789,12.841268539428711,12.896824836730957,8642844
2018-05-04,8.45988655090332,13.365078926086426,13.436507225036621,12.976189613342285,13.079364776611328,8573292
2018-05-07,8.218748092651367,12.984126091003418,13.515872955322266,12.96031665802002,13.373015403747559,7615062
2018-05-08,8.203680038452148,12.96031665802002,13.14285659790039,12.690476417541504,12.984126091003418,11858490
2018-05-09,8.721117973327637,13.777776718139648,13.80952262878418,13.468253135681152,13.571428298950195,28291536
2018-05-10,8.967279434204102,14.166666030883789,14.285714149475098,13.817460060119629,13.857142448425293,16548714
2018-05-11,8.91704273223877,14.087301254272461,14.396824836730957,13.944443702697754,14.182538986206055,13048686
2018-05-14,8.896947860717773,14.05555534362793,14.380951881408691,13.936507225036621,14.20634937286377,8131914
2018-05-15,8.932114601135254,14.11111068725586,14.150793075561523,13.690476417541504,13.896824836730957,11302452
2018-05-16,9.16822624206543,14.484126091003418,14.579364776611328,13.944443702697754,13.968253135681152,15243102
2018-05-17,9.022541046142578,14.253968238830566,14.70634937286377,14.158729553222656,14.436507225036621,15990786
2018-05-18,8.922063827514648,14.095237731933594,14.484126091003418,13.944443702697754,14.039682388305664,12889926
2018-05-21,8.625667572021484,13.626983642578125,14.444443702697754,13.61111068725586,14.444443702697754,16401546
2018-05-22,8.529772758483887,13.412697792053223,13.801587104797363,13.261903762817383,13.650793075561523,14037912
2018-05-23,8.337977409362793,13.11111068725586,13.333333015441895,13.039682388305664,13.214284896850586,6688206
2018-05-24,8.34807014465332,13.126983642578125,13.30952262878418,12.833333015441895,12.928570747375488,17117100
2018-05-25,7.99981689453125,12.579364776611328,13.277776718139648,12.301587104797363,13.095237731933594,20832462
2018-05-28,7.5001420974731445,11.793649673461914,12.539682388305664,11.730157852172852,12.539682388305664,11677806
2018-05-29,7.611179351806641,11.968253135681152,12.46031665802002,11.912697792053223,12.14285659790039,13859622
2018-05-30,7.469859600067139,11.746030807495117,12.079364776611328,11.61111068725586,11.920634269714355,17773308
2018-06-01,7.802976131439209,12.269841194152832,12.341268539428711,11.682538986206055,12.05555534362793,12496302
2018-06-04,8.009910583496094,12.595237731933594,12.64285659790039,12.277776718139648,12.452380180358887,11221560
2018-06-05,8.151229858398438,12.817460060119629,13.134920120239258,12.666666030883789,12.674603462219238,22981140
2018-06-06,8.030097007751465,12.626983642578125,13.05555534362793,12.507935523986816,12.785714149475098,24652026
2018-06-07,7.490047931671143,11.777776718139648,12.603174209594727,11.007935523986816,12.380951881408691,26901000
2018-06-08,7.227591514587402,11.365078926086426,11.936507225036621,11.119047164916992,11.90476131439209,16380630
2018-06-11,7.167027473449707,11.269841194152832,11.793649673461914,11.19841194152832,11.626983642578125,13240584
2018-06-12,7.328539848327637,11.523809432983398,11.579364776611328,11.277776718139648,11.357142448425293,11119500
2018-06-13,7.303299427032471,11.484126091003418,11.626983642578125,11.20634937286377,11.428570747375488,14034006
2018-06-14,7.202357292175293,11.325395584106445,11.587301254272461,11.14285659790039,11.531745910644531,13484520
2018-06-15,7.086272239685059,11.14285659790039,11.30952262878418,10.833333015441895,11.19841194152832,18134172
2018-06-18,7.116554260253906,11.190476417541504,11.285714149475098,10.833333015441895,10.984126091003418,9068472
2018-06-19,7.086272239685059,11.14285659790039,11.230157852172852,10.817460060119629,10.944443702697754,13110300
2018-06-20,7.439574241638184,11.69841194152832,11.857142448425293,11.150793075561523,11.293649673461914,25956882
2018-06-21,7.061037063598633,11.103174209594727,11.761903762817383,11.047618865966797,11.587301254272461,10058202
2018-06-22,7.197310447692871,11.317460060119629,11.484126091003418,10.99206256866455,11.230157852172852,12130020
2018-06-25,7.000469207763672,11.007935523986816,11.444443702697754,10.801587104797363,11.380951881408691,11243232
2018-06-26,6.793533802032471,10.682538986206055,11.05555534362793,10.619047164916992,11.047618865966797,16031736
2018-06-27,6.8440046310424805,10.761903762817383,10.936507225036621,10.388888359069824,10.634920120239258,13860378
2018-06-28,7.030752182006836,11.05555534362793,11.158729553222656,10.468253135681152,10.674603462219238,14639814
2018-06-29,7.020657062530518,11.039682388305664,11.30952262878418,10.833333015441895,11.20634937286377,16315488
2018-07-02,7.025704860687256,11.047618865966797,11.182538986206055,10.833333015441895,10.976189613342285,8251740
2018-07-03,7.212451934814453,11.341268539428711,11.476189613342285,11.079364776611328,11.190476417541504,14700168
2018-07-04,7.358819484710693,11.571428298950195,11.571428298950195,11.190476417541504,11.388888359069824,5823972
2018-07-05,7.651558876037598,12.031745910644531,12.166666030883789,11.61111068725586,11.777776718139648,23325498
2018-07-06,7.833258628845215,12.317460060119629,12.428570747375488,11.928570747375488,12.103174209594727,13861260
2018-07-10,7.696982383728027,12.103174209594727,12.579364776611328,12.0,12.452380180358887,17433738
2018-07-11,7.515285015106201,11.817460060119629,12.05555534362793,11.746030807495117,11.984126091003418,12413016
2018-07-12,7.924107074737549,12.46031665802002,12.531745910644531,11.912697792053223,12.023809432983398,13747608
2018-07-13,7.828209400177002,12.30952262878418,12.563491821289062,12.293649673461914,12.444443702697754,8533602
2018-07-16,7.939249515533447,12.484126091003418,12.484126091003418,12.134920120239258,12.30952262878418,11061666
2018-07-17,8.156278610229492,12.825395584106445,13.087301254272461,12.40476131439209,12.428570747375488,15891876
2018-07-18,8.211797714233398,12.912697792053223,13.11111068725586,12.746030807495117,12.896824836730957,14052906
2018-07-19,8.060380935668945,12.674603462219238,12.7380952835083,12.34920597076416,12.69841194152832,18774756
2018-07-20,8.201703071594238,12.896824836730957,13.05555534362793,12.7380952835083,12.99206256866455,16918902
2018-07-23,8.22693920135498,12.936507225036621,13.126983642578125,12.920634269714355,12.936507225036621,8370810
2018-07-24,8.469202995300293,13.317460060119629,13.587301254272461,13.222222328186035,13.325395584106445,16959474
2018-07-25,8.403589248657227,13.214284896850586,13.452380180358887,13.0,13.444443702697754,12783708
2018-07-26,8.206748962402344,12.90476131439209,13.253968238830566,12.801587104797363,13.214284896850586,8962380
2018-07-27,8.49948787689209,13.365078926086426,13.428570747375488,12.920634269714355,13.015872955322266,10968552
2018-07-30,8.640809059143066,13.587301254272461,13.619047164916992,13.341268539428711,13.428570747375488,8331876
2018-07-31,8.418732643127441,13.2380952835083,13.674603462219238,13.182538986206055,13.468253135681152,10225656
2018-08-01,8.277411460876465,13.015872955322266,13.34920597076416,12.99206256866455,13.174603462219238,15738282
2018-08-02,8.398545265197754,13.20634937286377,13.357142448425293,12.833333015441895,12.976189613342285,14332374
2018-08-03,8.6256685256958,13.563491821289062,13.571428298950195,13.214284896850586,13.373015403747559,9258606
2018-08-06,8.504534721374512,13.373015403747559,13.61111068725586,13.34920597076416,13.515872955322266,6041700
2018-08-07,8.418732643127441,13.2380952835083,13.595237731933594,13.19841194152832,13.5,10602522
2018-08-08,8.681188583374023,13.650793075561523,13.912697792053223,13.396824836730957,13.746030807495117,22872528
2018-08-09,8.474252700805664,13.325395584106445,13.777776718139648,13.214284896850586,13.730157852172852,14096628
2018-08-10,8.110856056213379,12.753968238830566,13.214284896850586,12.55555534362793,13.190476417541504,21605220
2018-08-13,8.030097007751465,12.626983642578125,12.984126091003418,12.357142448425293,12.817460060119629,20216826
2018-08-14,8.22693920135498,12.936507225036621,12.936507225036621,12.634920120239258,12.7380952835083,11275362
2018-08-15,7.833258628845215,12.317460060119629,12.753968238830566,12.317460060119629,12.690476417541504,13616190
2018-08-16,7.833258628845215,12.317460060119629,12.619047164916992,12.246030807495117,12.539682388305664,10542798
2018-08-17,7.89886999130249,12.420634269714355,12.515872955322266,12.063491821289062,12.20634937286377,11416986
2018-08-20,8.181512832641602,12.865078926086426,12.976189613342285,12.515872955322266,12.619047164916992,11711322
2018-08-21,8.050287246704102,12.658729553222656,13.039682388305664,12.571428298950195,12.857142448425293,13510476
2018-08-22,8.259056091308594,12.873015403747559,12.896824836730957,12.49206256866455,12.595237731933594,8666154
2018-08-23,8.045196533203125,12.539682388305664,13.095237731933594,12.436507225036621,12.90476131439209,16439094
2018-08-24,8.091023445129395,12.61111068725586,12.817460060119629,12.55555534362793,12.69841194152832,10231578
2018-08-27,8.203045845031738,12.785714149475098,12.880951881408691,12.674603462219238,12.674603462219238,11311272
2018-08-28,8.253961563110352,12.865078926086426,12.96031665802002,12.626983642578125,12.873015403747559,13992300
2018-08-29,8.29979133605957,12.936507225036621,13.222222328186035,12.84920597076416,12.873015403747559,14391216
2018-08-30,8.106298446655273,12.634920120239258,13.158729553222656,12.55555534362793,13.095237731933594,12342582
2018-08-31,8.167401313781738,12.730157852172852,12.84920597076416,12.49206256866455,12.70634937286377,9761346
2018-09-03,8.070653915405273,12.579364776611328,12.69841194152832,12.484126091003418,12.619047164916992,4684302
2018-09-04,7.948448181152344,12.388888359069824,12.579364776611328,12.293649673461914,12.579364776611328,8825166
2018-09-05,7.933173656463623,12.365078926086426,12.412697792053223,12.174603462219238,12.380951881408691,8196678
2018-09-06,8.0757474899292,12.587301254272461,12.619047164916992,12.396824836730957,12.523809432983398,8265474
2018-09-10,7.938265800476074,12.373015403747559,12.753968238830566,12.365078926086426,12.682538986206055,8919414
2018-09-11,7.739681720733643,12.063491821289062,12.246030807495117,11.936507225036621,12.19841194152832,13699476
2018-09-12,7.785510063171387,12.134920120239258,12.269841194152832,12.007935523986816,12.214284896850586,12385674
2018-09-13,7.780417442321777,12.126983642578125,12.30952262878418,12.079364776611328,12.20634937286377,7451136
2018-09-14,7.770232677459717,12.11111068725586,12.317460060119629,11.984126091003418,12.166666030883789,6104196
2018-09-17,7.958632469177246,12.40476131439209,12.619047164916992,12.007935523986816,12.103174209594727,11495988
2018-09-18,8.488188743591309,13.230157852172852,13.253968238830566,12.412697792053223,12.412697792053223,16474248
2018-09-19,8.544198989868164,13.317460060119629,13.626983642578125,13.007935523986816,13.095237731933594,17471790
2018-09-20,8.55438232421875,13.333333015441895,13.579364776611328,13.2380952835083,13.49206256866455,9235296
2018-09-21,8.65622329711914,13.49206256866455,13.69841194152832,13.341268539428711,13.388888359069824,14430150
2018-09-24,8.43217658996582,13.14285659790039,13.61111068725586,13.119047164916992,13.476189613342285,7163100
2018-09-25,8.89045238494873,13.857142448425293,13.857142448425293,12.936507225036621,12.936507225036621,15181362
2018-09-26,8.712231636047363,13.579364776611328,14.007935523986816,13.468253135681152,13.841268539428711,16935786
2018-09-27,8.74278450012207,13.626983642578125,13.793649673461914,13.333333015441895,13.571428298950195,11020716
2018-09-28,8.752970695495605,13.64285659790039,13.70634937286377,13.373015403747559,13.626983642578125,12833352
2018-10-01,8.493281364440918,13.2380952835083,13.69841194152832,13.174603462219238,13.595237731933594,12274920
2018-10-02,8.559476852416992,13.341268539428711,13.682538986206055,13.285714149475098,13.571428298950195,20074194
2018-10-03,8.396535873413086,13.087301254272461,13.936507225036621,12.976189613342285,13.690476417541504,36385020
2018-10-04,8.253961563110352,12.865078926086426,13.19841194152832,12.730157852172852,13.015872955322266,13329918
2018-10-05,8.045196533203125,12.539682388305664,13.0,12.388888359069824,13.0,18875178
2018-10-08,7.948448181152344,12.388888359069824,13.007935523986816,12.253968238830566,13.0,34791750
2018-10-09,8.162309646606445,12.722222328186035,13.0,12.396824836730957,12.619047164916992,46759356
2018-10-10,7.917896747589111,12.341268539428711,12.888888359069824,12.30952262878418,12.722222328186035,18638172
2018-10-11,8.014643669128418,12.49206256866455,12.64285659790039,12.11111068725586,12.571428298950195,20348496
2018-10-15,7.907715320587158,12.325395584106445,12.7380952835083,12.325395584106445,12.658729553222656,18293940
2018-10-16,8.248871803283691,12.857142448425293,12.857142448425293,12.5,12.5,15891498
2018-10-17,8.197954177856445,12.777776718139648,12.928570747375488,12.531745910644531,12.777776718139648,11796372
2018-10-18,7.887348175048828,12.293649673461914,12.761903762817383,12.277776718139648,12.761903762817383,16075332
2018-10-19,7.6938557624816895,11.99206256866455,12.5,11.880951881408691,12.46031665802002,22511790
2018-10-22,8.040103912353516,12.531745910644531,12.587301254272461,12.11111068725586,12.20634937286377,18002880
2018-10-23,7.98409366607666,12.444443702697754,12.49206256866455,12.14285659790039,12.285714149475098,16476894
2018-10-24,7.622568130493164,11.880951881408691,12.619047164916992,11.769841194152832,12.476189613342285,20813058
2018-10-25,7.826244831085205,12.19841194152832,12.301587104797363,11.880951881408691,11.99206256866455,12628350
2018-10-26,8.040103912353516,12.531745910644531,12.531745910644531,11.896824836730957,12.230157852172852,28427616
2018-10-29,7.963726043701172,12.412697792053223,12.690476417541504,12.246030807495117,12.547618865966797,20599992
2018-10-30,8.045196533203125,12.539682388305664,12.746030807495117,12.380951881408691,12.5,21794850
2018-10-31,8.279423713684082,12.90476131439209,12.90476131439209,12.46031665802002,12.595237731933594,39956868
2018-11-01,8.360892295837402,13.031745910644531,13.317460060119629,12.825395584106445,12.920634269714355,42826896
2018-11-05,8.62567138671875,13.444443702697754,13.7380952835083,13.222222328186035,13.341268539428711,32123574
2018-11-06,8.651129722595215,13.484126091003418,13.61111068725586,13.261903762817383,13.333333015441895,15411564
2018-11-07,8.401627540588379,13.095237731933594,13.80952262878418,13.05555534362793,13.777776718139648,24832836
2018-11-08,8.187768936157227,12.761903762817383,13.373015403747559,12.761903762817383,13.214284896850586,17307360
2018-11-09,8.208137512207031,12.793649673461914,12.96031665802002,12.531745910644531,12.80952262878418,13748238
2018-11-12,7.861887454986572,12.253968238830566,12.920634269714355,12.230157852172852,12.888888359069824,16329222
2018-11-13,7.785510063171387,12.134920120239258,12.40476131439209,11.920634269714355,12.380951881408691,18029214
2018-11-14,7.714221954345703,12.023809432983398,12.166666030883789,11.619047164916992,12.14285659790039,23260986
2018-11-16,8.264147758483887,12.880951881408691,12.896824836730957,12.087301254272461,12.222222328186035,21203532
2018-11-19,8.223413467407227,12.817460060119629,13.015872955322266,12.595237731933594,12.753968238830566,15769530
2018-11-21,7.816059112548828,12.182538986206055,12.579364776611328,12.14285659790039,12.365078926086426,19999098
2018-11-22,7.898225784301758,12.20634937286377,12.420634269714355,11.888888359069824,12.420634269714355,11937240
2018-11-23,7.661999702453613,11.841268539428711,12.11111068725586,11.769841194152832,12.11111068725586,14521626
2018-11-26,7.6003737449646,11.746030807495117,12.023809432983398,11.55555534362793,11.936507225036621,17982090
2018-11-27,7.549019813537598,11.666666030883789,11.825395584106445,11.571428298950195,11.746030807495117,17028396
2018-11-28,7.739029884338379,11.96031665802002,11.96031665802002,11.587301254272461,11.753968238830566,17773560
2018-11-29,7.754436016082764,11.984126091003418,12.174603462219238,11.793649673461914,11.841268539428711,12714282
2018-11-30,7.949581623077393,12.285714149475098,12.333333015441895,11.825395584106445,11.873015403747559,15889230
2018-12-03,8.293651580810547,12.817460060119629,13.0,12.666666030883789,12.690476417541504,27767628
2018-12-04,8.119049072265625,12.547618865966797,12.944443702697754,12.46031665802002,12.857142448425293,17623242
2018-12-05,8.216621398925781,12.69841194152832,12.761903762817383,12.484126091003418,12.603174209594727,8472240
2018-12-06,8.124183654785156,12.55555534362793,12.595237731933594,12.269841194152832,12.46031665802002,15451884
2018-12-07,8.047154426574707,12.436507225036621,12.873015403747559,12.412697792053223,12.531745910644531,15977682
2018-12-10,7.872549057006836,12.166666030883789,12.49206256866455,12.079364776611328,12.420634269714355,16132536
2018-12-11,7.949581623077393,12.285714149475098,12.5,12.087301254272461,12.388888359069824,14247954
2018-12-12,7.908496379852295,12.222222328186035,12.5,12.166666030883789,12.40476131439209,14676354
2018-12-13,7.877686023712158,12.174603462219238,12.357142448425293,12.0,12.246030807495117,11764872
2018-12-14,7.769841194152832,12.007935523986816,12.222222328186035,11.936507225036621,12.007935523986816,13894524
2018-12-17,7.754436016082764,11.984126091003418,12.19841194152832,11.968253135681152,12.031745910644531,16214184
2018-12-18,7.8160600662231445,12.079364776611328,12.333333015441895,12.05555534362793,12.05555534362793,15713334
2018-12-19,7.780112266540527,12.023809432983398,12.380951881408691,12.023809432983398,12.20634937286377,13773690
2018-12-20,7.471987724304199,11.547618865966797,12.166666030883789,11.452380180358887,12.11111068725586,16822638
2018-12-21,7.55415678024292,11.674603462219238,11.928570747375488,11.507935523986816,11.587301254272461,15713838
2018-12-26,7.5952372550964355,11.7380952835083,11.761903762817383,11.40476131439209,11.650793075561523,8085924
2018-12-27,7.405228137969971,11.444443702697754,11.761903762817383,11.2380952835083,11.69841194152832,17483886
2018-12-28,7.6106462478637695,11.761903762817383,11.825395584106445,11.46031665802002,11.531745910644531,11264400
2019-01-02,7.805789947509766,12.063491821289062,12.246030807495117,11.563491821289062,11.746030807495117,15256332
2019-01-03,7.754436016082764,11.984126091003418,12.380951881408691,11.746030807495117,12.015872955322266,17452512
2019-01-04,7.959851264953613,12.301587104797363,12.420634269714355,12.031745910644531,12.031745910644531,15328026
2019-01-07,7.9803948402404785,12.333333015441895,12.539682388305664,12.214284896850586,12.325395584106445,11449746
2019-01-08,7.990664958953857,12.34920597076416,12.5,12.19841194152832,12.380951881408691,11447856
2019-01-09,8.216621398925781,12.69841194152832,12.777776718139648,12.436507225036621,12.484126091003418,14221872
2019-01-10,8.006070137023926,12.373015403747559,12.61111068725586,12.333333015441895,12.587301254272461,14572404
2019-01-11,7.8160600662231445,12.079364776611328,12.452380180358887,11.777776718139648,12.40476131439209,36976842
2019-01-14,7.805789947509766,12.063491821289062,12.11111068725586,11.817460060119629,11.99206256866455,18211410
2019-01-15,7.65172815322876,11.825395584106445,12.20634937286377,11.825395584106445,12.095237731933594,18369918
2019-01-16,7.6671342849731445,11.84920597076416,11.952380180358887,11.753968238830566,11.888888359069824,13842612
2019-01-17,7.728759288787842,11.944443702697754,12.05555534362793,11.70634937286377,11.785714149475098,20506752
2019-01-18,7.954717636108398,12.293649673461914,12.301587104797363,12.0,12.063491821289062,15546006
2019-01-21,7.959851264953613,12.301587104797363,12.396824836730957,12.119047164916992,12.301587104797363,7972902
2019-01-22,7.944445610046387,12.277776718139648,12.301587104797363,12.14285659790039,12.214284896850586,13909644
2019-01-23,8.036884307861328,12.420634269714355,12.46031665802002,12.158729553222656,12.341268539428711,13813002
2019-01-24,8.21148681640625,12.690476417541504,12.722222328186035,12.380951881408691,12.436507225036621,14586894
2019-01-28,8.031746864318848,12.412697792053223,12.682538986206055,12.325395584106445,12.420634269714355,16260930
2019-01-29,8.031746864318848,12.412697792053223,12.603174209594727,12.412697792053223,12.531745910644531,11960676
2019-01-30,8.293651580810547,12.817460060119629,12.936507225036621,12.547618865966797,12.587301254272461,16727886
2019-01-31,8.036884307861328,12.420634269714355,12.936507225036621,12.396824836730957,12.912697792053223,17619714
2019-02-01,8.113913536071777,12.539682388305664,12.714284896850586,12.46031665802002,12.539682388305664,11669490
2019-02-04,8.21148681640625,12.690476417541504,12.690476417541504,12.380951881408691,12.579364776611328,11941020
2019-02-05,8.175539016723633,12.634920120239258,12.817460060119629,12.587301254272461,12.666666030883789,15100848
2019-02-06,7.872549057006836,12.166666030883789,12.563491821289062,12.166666030883789,12.55555534362793,13676796
2019-02-07,7.821196556091309,12.087301254272461,12.46031665802002,12.031745910644531,12.261903762817383,12713778
2019-02-08,7.882819652557373,12.182538986206055,12.19841194152832,11.90476131439209,11.984126091003418,13331934
2019-02-11,7.934174060821533,12.261903762817383,12.333333015441895,11.984126091003418,12.261903762817383,11348820
2019-02-12,7.959851264953613,12.301587104797363,12.452380180358887,12.253968238830566,12.380951881408691,9183636
2019-02-13,8.026611328125,12.40476131439209,12.539682388305664,12.301587104797363,12.412697792053223,10527804
2019-02-14,8.077964782714844,12.484126091003418,12.563491821289062,12.190476417541504,12.388888359069824,11734506
2019-02-15,7.949581623077393,12.285714149475098,12.515872955322266,12.261903762817383,12.484126091003418,11685366
2019-02-18,7.985527992248535,12.341268539428711,12.373015403747559,12.20634937286377,12.261903762817383,5160204
2019-02-19,7.9803948402404785,12.333333015441895,12.452380180358887,12.261903762817383,12.34920597076416,8226918
2019-02-20,8.113913536071777,12.539682388305664,12.603174209594727,12.2380952835083,12.357142448425293,12796686
2019-02-21,7.754436016082764,11.984126091003418,12.444443702697754,11.912697792053223,12.341268539428711,33218262
2019-02-22,7.795519828796387,12.047618865966797,12.150793075561523,11.912697792053223,12.063491821289062,15835050
2019-02-25,7.841738700866699,12.119047164916992,12.214284896850586,12.023809432983398,12.103174209594727,12183318
2019-02-26,7.949581623077393,12.285714149475098,12.333333015441895,12.087301254272461,12.119047164916992,11517030
2019-02-27,7.923902988433838,12.246030807495117,12.285714149475098,12.11111068725586,12.285714149475098,8025822
2019-02-28,7.7749786376953125,12.015872955322266,12.261903762817383,11.968253135681152,12.253968238830566,12006666
2019-03-01,7.718487739562988,11.928570747375488,12.119047164916992,11.888888359069824,12.087301254272461,10269882
2019-03-06,7.718487739562988,11.928570747375488,12.023809432983398,11.912697792053223,11.928570747375488,6188994
2019-03-07,7.615091800689697,11.690476417541504,11.912697792053223,11.650793075561523,11.912697792053223,15562386
2019-03-08,7.604753494262695,11.674603462219238,11.690476417541504,11.428570747375488,11.64285659790039,13033944
2019-03-11,7.70297908782959,11.825395584106445,11.825395584106445,11.547618865966797,11.69841194152832,19354104
2019-03-12,7.584074974060059,11.64285659790039,11.888888359069824,11.64285659790039,11.865078926086426,9837198
2019-03-13,7.744335174560547,11.888888359069824,11.928570747375488,11.658729553222656,11.70634937286377,14170464
2019-03-14,7.63060188293457,11.714284896850586,11.99206256866455,11.674603462219238,11.952380180358887,18309816
2019-03-15,7.811544895172119,11.99206256866455,12.05555534362793,11.70634937286377,11.761903762817383,16792146
2019-03-18,8.023505210876465,12.317460060119629,12.444443702697754,12.023809432983398,12.023809432983398,29251026
2019-03-19,8.194108963012695,12.579364776611328,12.769841194152832,12.325395584106445,12.380951881408691,34804476
2019-03-20,8.075202941894531,12.396824836730957,12.619047164916992,12.333333015441895,12.515872955322266,19886706
2019-03-21,8.0958833694458,12.428570747375488,12.666666030883789,12.2380952835083,12.444443702697754,16632504
2019-03-22,7.723659038543701,11.857142448425293,12.293649673461914,11.801587104797363,12.253968238830566,17376282
2019-03-25,7.687469482421875,11.801587104797363,12.007935523986816,11.769841194152832,11.833333015441895,10638558
2019-03-26,7.878754138946533,12.095237731933594,12.134920120239258,11.865078926086426,11.928570747375488,11266542
2019-03-27,7.573733329772949,11.626983642578125,11.968253135681152,11.626983642578125,11.920634269714355,16731918
2019-03-28,7.6926398277282715,11.80952262878418,11.857142448425293,11.539682388305664,11.61111068725586,12699666
2019-03-29,7.82705545425415,12.015872955322266,12.190476417541504,11.928570747375488,11.928570747375488,12328344
2019-04-01,8.313013076782227,12.761903762817383,12.912697792053223,12.20634937286377,12.222222328186035,42025410
2019-04-02,8.313013076782227,12.761903762817383,12.976189613342285,12.579364776611328,12.896824836730957,17943786
2019-04-03,8.27165412902832,12.69841194152832,13.047618865966797,12.619047164916992,12.936507225036621,20242026
2019-04-04,8.375049591064453,12.857142448425293,12.96031665802002,12.634920120239258,12.817460060119629,10209654
2019-04-05,8.152751922607422,12.515872955322266,12.912697792053223,12.476189613342285,12.888888359069824,12904794
2019-04-08,8.194108963012695,12.579364776611328,12.70634937286377,12.507935523986816,12.523809432983398,10772118
2019-04-09,8.064862251281738,12.380951881408691,12.531745910644531,12.190476417541504,12.5,14729148
2019-04-10,8.028675079345703,12.325395584106445,12.484126091003418,12.166666030883789,12.436507225036621,15721902
2019-04-11,7.852903842926025,12.05555534362793,12.420634269714355,12.039682388305664,12.230157852172852,10867752
2019-04-12,7.759848594665527,11.912697792053223,12.222222328186035,11.841268539428711,11.944443702697754,13872474
2019-04-15,7.640941619873047,11.730157852172852,12.071428298950195,11.69841194152832,12.023809432983398,12345858
2019-04-16,7.796034812927246,11.968253135681152,12.19841194152832,11.634920120239258,11.753968238830566,12077730
2019-04-17,7.744335174560547,11.888888359069824,12.230157852172852,11.746030807495117,12.05555534362793,16258536
2019-04-18,7.718487739562988,11.84920597076416,12.126983642578125,11.841268539428711,12.007935523986816,8681022
2019-04-22,7.72882604598999,11.865078926086426,11.976189613342285,11.746030807495117,11.865078926086426,8130024
2019-04-23,7.615091800689697,11.690476417541504,11.99206256866455,11.674603462219238,11.99206256866455,16100028
2019-04-24,7.547884941101074,11.587301254272461,11.722222328186035,11.452380180358887,11.70634937286377,14066136
2019-04-25,7.5375447273254395,11.571428298950195,11.682538986206055,11.452380180358887,11.587301254272461,10204110
2019-04-26,7.428981304168701,11.40476131439209,11.634920120239258,11.34920597076416,11.619047164916992,12028464
2019-04-29,7.439318656921387,11.420634269714355,11.563491821289062,11.373015403747559,11.507935523986816,8615754
2019-04-30,7.315242290496826,11.230157852172852,11.547618865966797,11.230157852172852,11.444443702697754,18700164
2019-05-02,7.237697124481201,11.11111068725586,11.20634937286377,11.039682388305664,11.166666030883789,11455794
2019-05-03,7.356602191925049,11.293649673461914,11.40476131439209,11.158729553222656,11.158729553222656,12823902
2019-05-06,7.279056549072266,11.174603462219238,11.333333015441895,11.047618865966797,11.119047164916992,11513754
2019-05-07,7.3514323234558105,11.285714149475098,11.285714149475098,10.96031665802002,11.174603462219238,16718562
2019-05-08,7.496188163757324,11.507935523986816,11.80952262878418,11.293649673461914,11.761903762817383,35608608
2019-05-09,7.3617730140686035,11.301587104797363,11.420634269714355,11.166666030883789,11.388888359069824,14722470
2019-05-10,7.315242290496826,11.230157852172852,11.373015403747559,11.11111068725586,11.333333015441895,13013658
2019-05-13,7.1394734382629395,10.96031665802002,11.11111068725586,10.84920597076416,11.071428298950195,16690338
2019-05-14,7.211848258972168,11.071428298950195,11.190476417541504,10.99206256866455,11.039682388305664,19266534
2019-05-15,7.196338653564453,11.047618865966797,11.063491821289062,10.80952262878418,10.90476131439209,14300244
2019-05-16,7.1032819747924805,10.90476131439209,11.166666030883789,10.841268539428711,11.039682388305664,19617066
2019-05-17,7.1032819747924805,10.90476131439209,11.063491821289062,10.817460060119629,10.873015403747559,15371748
2019-05-20,7.160442352294922,10.936507225036621,10.984126091003418,10.777776718139648,10.873015403747559,10194156
2019-05-21,7.425453186035156,11.341268539428711,11.380951881408691,10.912697792053223,11.071428298950195,13590360
2019-05-22,7.425453186035156,11.341268539428711,11.539682388305664,11.222222328186035,11.428570747375488,14811930
2019-05-23,7.248777389526367,11.071428298950195,11.30952262878418,11.031745910644531,11.253968238830566,11885832
2019-05-24,7.196815490722656,10.99206256866455,11.269841194152832,10.928570747375488,11.214284896850586,8878464
2019-05-27,7.181229114532471,10.968253135681152,11.126983642578125,10.912697792053223,11.095237731933594,5901084
2019-05-28,7.347507476806641,11.222222328186035,11.230157852172852,10.912697792053223,11.007935523986816,14198940
2019-05-29,7.3007426261901855,11.150793075561523,11.246030807495117,10.976189613342285,11.103174209594727,14288022
2019-05-30,7.248777389526367,11.071428298950195,11.261903762817383,11.039682388305664,11.150793075561523,8174124
2019-05-31,7.207208633422852,11.007935523986816,11.071428298950195,10.912697792053223,11.047618865966797,10806138
2019-06-03,7.243582725524902,11.063491821289062,11.079364776611328,10.896824836730957,11.071428298950195,10106082
2019-06-04,7.202012062072754,11.0,11.14285659790039,10.920634269714355,11.134920120239258,12125988
2019-06-05,7.124069690704346,10.880951881408691,11.063491821289062,10.817460060119629,11.031745910644531,9390780
2019-06-06,7.092891693115234,10.833333015441895,10.944443702697754,10.753968238830566,10.936507225036621,9450000
2019-06-07,7.222797393798828,11.031745910644531,11.063491821289062,10.833333015441895,10.888888359069824,8192898
2019-06-10,7.3527021408081055,11.230157852172852,11.246030807495117,10.944443702697754,10.984126091003418,10184958
2019-06-11,7.570945739746094,11.563491821289062,11.730157852172852,11.30952262878418,11.30952262878418,19466622
2019-06-12,7.513789176940918,11.476189613342285,11.7380952835083,11.412697792053223,11.634920120239258,10925082
2019-06-13,7.612516403198242,11.626983642578125,11.70634937286377,11.547618865966797,11.579364776611328,11730978
2019-06-14,7.456629753112793,11.388888359069824,11.595237731933594,11.277776718139648,11.595237731933594,9825858
2019-06-17,7.383881568908691,11.277776718139648,11.452380180358887,11.230157852172852,11.40476131439209,10100790
2019-06-18,7.6592817306518555,11.69841194152832,11.69841194152832,11.365078926086426,11.396824836730957,14236236
2019-06-19,7.77360200881958,11.873015403747559,11.888888359069824,11.626983642578125,11.730157852172852,12169206
2019-06-21,7.9087018966674805,12.079364776611328,12.095237731933594,11.90476131439209,11.912697792053223,13347054
2019-06-24,7.861937046051025,12.007935523986816,12.119047164916992,11.99206256866455,12.047618865966797,6460524
2019-06-25,7.664479732513428,11.70634937286377,12.063491821289062,11.650793075561523,12.007935523986816,12230946
2019-06-26,7.841152191162109,11.976189613342285,11.976189613342285,11.793649673461914,11.873015403747559,10318518
2019-06-27,7.789190292358398,11.896824836730957,11.968253135681152,11.722222328186035,11.896824836730957,7920234
2019-06-28,7.898311138153076,12.063491821289062,12.087301254272461,11.912697792053223,12.007935523986816,8214066
2019-07-01,7.809976577758789,11.928570747375488,12.301587104797363,11.896824836730957,12.222222328186035,12741246
2019-07-02,7.607319355010986,11.619047164916992,11.976189613342285,11.563491821289062,11.976189613342285,14628348
2019-07-03,7.737227916717529,11.817460060119629,11.833333015441895,11.484126091003418,11.603174209594727,8529318
2019-07-04,7.950273513793945,12.14285659790039,12.166666030883789,11.857142448425293,11.865078926086426,11957904
2019-07-05,7.986647605895996,12.19841194152832,12.19841194152832,11.880951881408691,12.071428298950195,10842804
2019-07-08,7.976255416870117,12.182538986206055,12.269841194152832,12.103174209594727,12.19841194152832,6550992
2019-07-10,7.955471515655518,12.150793075561523,12.333333015441895,12.150793075561523,12.293649673461914,17177076
2019-07-11,7.763208389282227,11.857142448425293,12.19841194152832,11.722222328186035,12.182538986206055,14548338
2019-07-12,7.648890018463135,11.682538986206055,11.952380180358887,11.674603462219238,11.873015403747559,11603844
2019-07-15,7.758011341094971,11.84920597076416,11.936507225036621,11.722222328186035,11.817460060119629,13818420
2019-07-16,7.685265064239502,11.7380952835083,12.079364776611328,11.690476417541504,11.90476131439209,53901162
2019-07-17,7.591732025146484,11.595237731933594,11.825395584106445,11.587301254272461,11.769841194152832,11512494
2019-07-18,7.529376029968262,11.5,11.666666030883789,11.40476131439209,11.626983642578125,14369292
2019-07-19,7.451435565948486,11.380951881408691,11.603174209594727,11.301587104797363,11.468253135681152,14573160
2019-07-22,7.279959201812744,11.119047164916992,11.46031665802002,11.087301254272461,11.46031665802002,16985304
2019-07-23,7.305939197540283,11.158729553222656,11.293649673461914,11.087301254272461,11.20634937286377,12425868
2019-07-24,7.196815490722656,10.99206256866455,11.214284896850586,10.99206256866455,11.174603462219238,12232206
2019-07-25,7.1292643547058105,10.888888359069824,11.14285659790039,10.841268539428711,11.047618865966797,11961180
2019-07-26,7.150051116943359,10.920634269714355,10.99206256866455,10.801587104797363,10.96031665802002,14005404
2019-07-29,7.222797393798828,11.031745910644531,11.05555534362793,10.928570747375488,10.976189613342285,9355374
2019-07-30,7.321527481079102,11.182538986206055,11.246030807495117,10.952380180358887,11.031745910644531,10429776
2019-07-31,7.144852161407471,10.912697792053223,11.246030807495117,10.825395584106445,11.230157852172852,17819802
2019-08-01,7.014946937561035,10.714284896850586,11.11111068725586,10.619047164916992,11.031745910644531,26299728
2019-08-02,7.051321029663086,10.769841194152832,10.841268539428711,10.61111068725586,10.753968238830566,12891942
2019-08-05,6.807096481323242,10.396824836730957,10.587301254272461,10.325395584106445,10.55555534362793,20978118
2019-08-06,6.801900863647461,10.388888359069824,10.539682388305664,10.277776718139648,10.507935523986816,17995194
2019-08-07,6.739545822143555,10.293649673461914,10.293649673461914,10.05555534362793,10.2380952835083,24614604
2019-08-08,6.957788944244385,10.626983642578125,10.682538986206055,10.420634269714355,10.476189613342285,15158682
2019-08-09,6.905826568603516,10.547618865966797,10.690476417541504,10.428570747375488,10.563491821289062,11806578
2019-08-12,6.718760967254639,10.261903762817383,10.412697792053223,10.174603462219238,10.333333015441895,14459130
2019-08-13,6.895435333251953,10.531745910644531,10.571428298950195,10.14285659790039,10.14285659790039,18131526
2019-08-14,6.604443073272705,10.087301254272461,10.40476131439209,10.023809432983398,10.380951881408691,17989020
2019-08-15,6.3810038566589355,9.746030807495117,10.150793075561523,9.484126091003418,10.095237731933594,27996444
2019-08-16,6.58885383605957,10.063491821289062,10.063491821289062,9.753968238830566,9.90476131439209,30221982
2019-08-19,6.405974388122559,9.730157852172852,10.134920120239258,9.563491821289062,10.047618865966797,13767390
2019-08-20,6.432101249694824,9.769841194152832,9.944443702697754,9.531745910644531,9.682538986206055,21776958
2019-08-21,6.557502746582031,9.96031665802002,10.023809432983398,9.682538986206055,9.841268539428711,25158924
2019-08-22,6.588853359222412,10.007935523986816,10.095237731933594,9.817460060119629,9.936507225036621,13913802
2019-08-23,6.421651363372803,9.753968238830566,10.19841194152832,9.658729553222656,9.896824836730957,19164096
2019-08-26,6.275348663330078,9.531745910644531,9.857142448425293,9.436507225036621,9.833333015441895,14912982
2019-08-27,6.149946212768555,9.341268539428711,9.603174209594727,9.158729553222656,9.531745910644531,22704192
2019-08-28,6.223097324371338,9.452380180358887,9.523809432983398,9.174603462219238,9.269841194152832,12305412
2019-08-29,6.547054767608643,9.944443702697754,10.039682388305664,9.484126091003418,9.563491821289062,20266092
2019-08-30,6.724707126617432,10.214284896850586,10.261903762817383,9.96031665802002,10.05555534362793,13976802
2019-09-02,6.614979267120361,10.047618865966797,10.388888359069824,10.023809432983398,10.325395584106445,6368166
2019-09-03,6.573180198669434,9.984126091003418,10.071428298950195,9.80952262878418,10.0,21049812
2019-09-04,6.573180198669434,9.984126091003418,10.150793075561523,9.865078926086426,10.126983642578125,15004962
2019-09-05,6.620203971862793,10.05555534362793,10.277776718139648,10.015872955322266,10.126983642578125,18799704
2019-09-06,6.494802951812744,9.865078926086426,10.103174209594727,9.833333015441895,10.071428298950195,14573412
2019-09-09,6.850111484527588,10.40476131439209,10.46031665802002,9.912697792053223,9.920634269714355,24965892
2019-09-10,7.064337730407715,10.730157852172852,10.857142448425293,10.436507225036621,10.484126091003418,35236152
2019-09-11,6.912811756134033,10.5,10.817460060119629,10.380951881408691,10.817460060119629,20661480
2019-09-12,7.111364841461182,10.801587104797363,10.968253135681152,10.595237731933594,10.634920120239258,26905788
2019-09-13,7.085240364074707,10.761903762817383,10.920634269714355,10.634920120239258,10.793649673461914,11426310
2019-09-16,7.053887844085693,10.714284896850586,10.761903762817383,10.531745910644531,10.674603462219238,14045724
2019-09-17,7.09568977355957,10.777776718139648,10.825395584106445,10.507935523986816,10.603174209594727,10544058
2019-09-18,7.0173115730285645,10.658729553222656,10.825395584106445,10.507935523986816,10.769841194152832,9479988
2019-09-19,7.001638889312744,10.634920120239258,10.730157852172852,10.547618865966797,10.690476417541504,8775270
2019-09-20,6.923261642456055,10.515872955322266,10.690476417541504,10.388888359069824,10.634920120239258,20878578
2019-09-23,6.902360916137695,10.484126091003418,10.587301254272461,10.333333015441895,10.373015403747559,10241280
2019-09-24,6.76650857925415,10.277776718139648,10.539682388305664,10.166666030883789,10.539682388305664,11829384
2019-09-25,6.850111484527588,10.40476131439209,10.452380180358887,10.063491821289062,10.222222328186035,15447474
2019-09-26,6.860558986663818,10.420634269714355,10.539682388305664,10.30952262878418,10.468253135681152,15132852
2019-09-27,6.80830717086792,10.341268539428711,10.507935523986816,10.261903762817383,10.420634269714355,8768340
2019-09-30,6.876235485076904,10.444443702697754,10.523809432983398,10.246030807495117,10.333333015441895,22857030
2019-10-01,6.839658737182617,10.388888359069824,10.619047164916992,10.30952262878418,10.40476131439209,9387756
2019-10-02,6.583629608154297,10.0,10.261903762817383,9.888888359069824,10.2380952835083,18137700
2019-10-03,6.677681922912598,10.14285659790039,10.14285659790039,9.825395584106445,9.984126091003418,20111238
2019-10-04,6.80830717086792,10.341268539428711,10.444443702697754,10.166666030883789,10.19841194152832,16071048
2019-10-07,6.677681922912598,10.14285659790039,10.357142448425293,10.071428298950195,10.301587104797363,9915444
2019-10-08,6.557502746582031,9.96031665802002,10.126983642578125,9.769841194152832,10.063491821289062,22816710
2019-10-09,6.5418291091918945,9.936507225036621,10.047618865966797,9.777776718139648,10.015872955322266,12733434
2019-10-10,6.782183647155762,10.301587104797363,10.380951881408691,9.880951881408691,9.880951881408691,17698590
2019-10-11,6.944161891937256,10.547618865966797,10.634920120239258,10.357142448425293,10.396824836730957,13316310
2019-10-14,6.923261642456055,10.515872955322266,10.579364776611328,10.333333015441895,10.444443702697754,13124538
2019-10-15,7.048664093017578,10.70634937286377,10.833333015441895,10.46031665802002,10.49206256866455,16593318
2019-10-16,6.97551155090332,10.595237731933594,10.7380952835083,10.547618865966797,10.626983642578125,11060406
2019-10-17,7.001638889312744,10.634920120239258,10.730157852172852,10.515872955322266,10.595237731933594,12955068
2019-10-18,6.876235485076904,10.444443702697754,10.69841194152832,10.373015403747559,10.634920120239258,15455790
2019-10-21,6.912811756134033,10.5,10.547618865966797,10.420634269714355,10.476189613342285,8198190
2019-10-22,6.938935279846191,10.539682388305664,10.619047164916992,10.34920597076416,10.484126091003418,13890240
2019-10-23,6.954611301422119,10.563491821289062,10.714284896850586,10.523809432983398,10.547618865966797,10226160
2019-10-24,6.792634010314941,10.317460060119629,10.547618865966797,10.174603462219238,10.507935523986816,11523960
2019-10-25,6.918035507202148,10.507935523986816,10.603174209594727,10.388888359069824,10.40476131439209,13147218
2019-10-28,6.902360916137695,10.484126091003418,10.682538986206055,10.444443702697754,10.523809432983398,7416990
2019-10-29,6.850111484527588,10.40476131439209,10.539682388305664,10.30952262878418,10.46031665802002,10384920
2019-10-30,6.991188049316406,10.619047164916992,10.714284896850586,10.190476417541504,10.317460060119629,19652472
2019-10-31,7.0173115730285645,10.658729553222656,10.865078926086426,10.547618865966797,10.61111068725586,18465552
2019-11-01,7.268118858337402,11.039682388305664,11.095237731933594,10.730157852172852,10.769841194152832,18056052
2019-11-04,7.628650665283203,11.587301254272461,11.619047164916992,11.095237731933594,11.11111068725586,40305384
2019-11-05,7.707026958465576,11.70634937286377,11.801587104797363,11.49206256866455,11.539682388305664,22737708
2019-11-06,7.696576118469238,11.690476417541504,11.833333015441895,11.428570747375488,11.674603462219238,17703504
2019-11-07,8.010080337524414,12.166666030883789,12.269841194152832,11.7380952835083,11.761903762817383,34201062
2019-11-08,7.968282699584961,12.103174209594727,12.341268539428711,11.912697792053223,12.0,20929104
2019-11-11,7.983956813812256,12.126983642578125,12.182538986206055,11.785714149475098,11.968253135681152,11510352
2019-11-12,8.010149955749512,12.134920120239258,12.222222328186035,11.952380180358887,12.05555534362793,15851178
2019-11-13,8.025869369506836,12.158729553222656,12.230157852172852,12.007935523986816,12.015872955322266,12812814
2019-11-14,8.08873462677002,12.253968238830566,12.333333015441895,11.96031665802002,12.14285659790039,14233212
2019-11-18,7.994433403015137,12.11111068725586,12.412697792053223,11.944443702697754,12.333333015441895,14602896
2019-11-19,8.015390396118164,12.14285659790039,12.277776718139648,11.96031665802002,12.158729553222656,8415414
2019-11-21,8.617855072021484,13.05555534362793,13.11111068725586,12.150793075561523,12.150793075561523,40153806
2019-11-22,8.743582725524902,13.246030807495117,13.34920597076416,12.873015403747559,12.976189613342285,34865964
2019-11-25,8.801213264465332,13.333333015441895,13.785714149475098,13.246030807495117,13.246030807495117,36540882
2019-11-26,9.042198181152344,13.69841194152832,13.746030807495117,13.134920120239258,13.246030807495117,32636016
2019-11-27,9.126019477844238,13.825395584106445,13.912697792053223,13.444443702697754,13.7380952835083,18069912
2019-11-28,8.995048522949219,13.626983642578125,13.952380180358887,13.507935523986816,13.801587104797363,10326582
2019-11-29,8.905988693237305,13.49206256866455,13.682538986206055,13.341268539428711,13.626983642578125,13037472
2019-12-02,9.14173412322998,13.84920597076416,13.84920597076416,13.19841194152832,13.301587104797363,15881040
2019-12-03,8.932184219360352,13.531745910644531,13.841268539428711,13.46031665802002,13.825395584106445,11628666
2019-12-04,9.042198181152344,13.69841194152832,13.785714149475098,13.507935523986816,13.61111068725586,9481626
2019-12-05,9.063152313232422,13.730157852172852,13.777776718139648,13.571428298950195,13.690476417541504,9121644
2019-12-06,9.220317840576172,13.968253135681152,14.182538986206055,13.595237731933594,13.666666030883789,17708040
2019-12-09,9.000288963317871,13.634920120239258,14.190476417541504,13.634920120239258,14.103174209594727,11058642
2019-12-10,9.256989479064941,14.023809432983398,14.182538986206055,13.539682388305664,13.650793075561523,26210268
2019-12-11,9.220317840576172,13.968253135681152,14.134920120239258,13.896824836730957,14.039682388305664,10707984
2019-12-12,9.382719039916992,14.214284896850586,14.285714149475098,13.936507225036621,13.99206256866455,13534416
2019-12-13,9.68657398223877,14.674603462219238,14.674603462219238,14.047618865966797,14.285714149475098,25989768
2019-12-16,9.487497329711914,14.373015403747559,14.825395584106445,14.325395584106445,14.682538986206055,12904164
2019-12-17,9.440348625183105,14.301587104797363,14.603174209594727,14.20634937286377,14.40476131439209,14394492
2019-12-18,9.340808868408203,14.150793075561523,14.436507225036621,14.071428298950195,14.317460060119629,19984230
2019-12-19,9.571318626403809,14.5,14.658729553222656,14.293649673461914,14.34920597076416,26645472
2019-12-20,10.032333374023438,15.19841194152832,15.230157852172852,14.571428298950195,14.587301254272461,31300920
2019-12-23,10.194738388061523,15.444443702697754,15.444443702697754,15.087301254272461,15.246030807495117,13268808
2019-12-26,10.420005798339844,15.785714149475098,15.785714149475098,15.285714149475098,15.444443702697754,9960552
2019-12-27,10.41476821899414,15.777776718139648,15.873015403747559,15.563491821289062,15.817460060119629,14946372
2019-12-30,10.477633476257324,15.873015403747559,15.99206256866455,15.674603462219238,15.801587104797363,13397328
2020-01-02,10.875784873962402,16.4761905670166,16.5,15.968253135681152,15.976189613342285,17125164
2020-01-03,10.697663307189941,16.206348419189453,16.34126853942871,15.857142448425293,16.071428298950195,18061470
2020-01-06,10.67147159576416,16.16666603088379,16.19841194152832,15.7380952835083,16.11111068725586,14674968
2020-01-07,10.839112281799316,16.42063331604004,16.468252182006836,15.976189613342285,16.214284896850586,15638868
2020-01-08,10.881021499633789,16.4841251373291,16.619047164916992,16.27777671813965,16.357141494750977,11968362
2020-01-09,10.823396682739258,16.396825790405273,16.563491821289062,16.14285659790039,16.507936477661133,8012088
2020-01-10,10.970080375671387,16.619047164916992,16.833332061767578,16.404760360717773,16.436506271362305,11538198
2020-01-13,11.44157600402832,17.333332061767578,17.4761905670166,16.825395584106445,16.84126853942871,13157802
2020-01-14,11.221546173095703,17.0,17.58730125427246,16.904760360717773,17.30952262878418,20278944
2020-01-15,11.053901672363281,16.746030807495117,17.365079879760742,16.579364776611328,17.007936477661133,17880282
2020-01-16,11.15868091583252,16.904760360717773,16.968252182006836,16.571428298950195,16.78571319580078,15441552
2020-01-17,11.300127029418945,17.119047164916992,17.19841194152832,16.80952262878418,16.9761905670166,11054484
2020-01-20,11.66684627532959,17.674602508544922,17.738094329833984,16.9761905670166,17.08730125427246,12423222
2020-01-21,11.420619010925293,17.301586151123047,17.66666603088379,17.150793075561523,17.539682388305664,14942340
2020-01-22,11.562068939208984,17.515872955322266,17.53174591064453,17.047618865966797,17.460317611694336,11400102
2020-01-23,11.60921859741211,17.58730125427246,17.738094329833984,17.039682388305664,17.293649673461914,12393360
2020-01-24,11.352517127990723,17.19841194152832,17.888887405395508,17.103174209594727,17.619047164916992,14767326
2020-01-27,10.451437950134277,15.833333015441895,16.515872955322266,15.833333015441895,16.317459106445312,29253420
2020-01-28,10.582408905029297,16.03174591064453,16.380952835083008,15.952380180358887,16.03174591064453,14515830
2020-01-29,10.550976753234863,15.984126091003418,16.25396728515625,15.793649673461914,16.23015785217285,15284430
2020-01-30,10.86530590057373,16.460317611694336,16.5,15.55555534362793,15.626983642578125,19281906
2020-01-31,10.503828048706055,15.912697792053223,16.333332061767578,15.880951881408691,16.190475463867188,13311900
2020-02-03,10.765771865844727,16.30952262878418,16.34126853942871,15.682538986206055,15.912697792053223,10747170
2020-02-04,11.226784706115723,17.007936477661133,17.007936477661133,16.619047164916992,16.626983642578125,12738222
2020-02-05,11.211068153381348,16.9841251373291,17.365079879760742,16.9841251373291,17.190475463867188,12083526
2020-02-06,11.12724781036377,16.857141494750977,17.690475463867188,16.857141494750977,17.23015785217285,27302310
2020-02-07,10.608604431152344,16.071428298950195,16.928571701049805,16.071428298950195,16.825395584106445,18733554
2020-02-10,10.440962791442871,15.817460060119629,16.373014450073242,15.69841194152832,16.071428298950195,21223944
2020-02-11,11.048664093017578,16.738094329833984,16.880952835083008,15.928570747375488,16.11111068725586,18454716
2020-02-12,11.148200035095215,16.888887405395508,17.190475463867188,16.706348419189453,16.94444465637207,13903974
2020-02-13,11.095812797546387,16.80952262878418,16.888887405395508,16.365079879760742,16.66666603088379,11366460
2020-02-14,10.739574432373047,16.269840240478516,16.714284896850586,16.03174591064453,16.690475463867188,10507140
2020-02-17,10.844353675842285,16.428571701049805,16.507936477661133,16.08730125427246,16.42063331604004,7403256
2020-02-18,10.750051498413086,16.28571319580078,16.34126853942871,15.920634269714355,16.269840240478516,10530954
2020-02-19,10.70290470123291,16.214284896850586,16.53174591064453,15.452380180358887,15.976189613342285,24423462
2020-02-20,10.231409072875977,15.5,16.269840240478516,15.412697792053223,16.190475463867188,19387998
2020-02-21,10.006139755249023,15.158729553222656,15.452380180358887,14.96031665802002,15.396824836730957,21304584
2020-02-26,8.958377838134766,13.571428298950195,14.357142448425293,13.444443702697754,14.246030807495117,33225318
2020-02-27,8.953137397766113,13.563491821289062,13.984126091003418,13.246030807495117,13.452380180358887,22835988
2020-02-28,8.869318008422852,13.436507225036621,13.515872955322266,12.817460060119629,13.412697792053223,30254742
2020-03-02,9.084492683410645,13.7380952835083,13.920634269714355,13.293649673461914,13.682538986206055,17236044
2020-03-03,9.163211822509766,13.857142448425293,14.261903762817383,13.468253135681152,13.7380952835083,26572896
2020-03-04,9.61979866027832,14.547618865966797,14.714284896850586,13.936507225036621,14.285714149475098,20382768
2020-03-05,9.147468566894531,13.833333015441895,14.285714149475098,13.325395584106445,14.20634937286377,13468014
2020-03-06,8.475709915161133,12.817460060119629,13.158729553222656,12.452380180358887,13.031745910644531,27053586
2020-03-09,6.9537553787231445,10.515872955322266,11.769841194152832,10.412697792053223,11.714284896850586,26683272
2020-03-10,7.525799751281738,11.380951881408691,11.388888359069824,10.452380180358887,11.277776718139648,31394034
2020-03-11,6.659860134124756,10.071428298950195,11.063491821289062,9.293649673461914,10.952380180358887,32487336
2020-03-12,5.5630035400390625,8.412697792053223,8.841268539428711,7.4285712242126465,8.666666030883789,43100442
2020-03-13,6.533905029296875,9.880951881408691,10.119047164916992,8.174603462219238,9.523809432983398,39076506
2020-03-16,5.610236167907715,8.484126091003418,9.20634937286377,8.047618865966797,8.412697792053223,25618572
2020-03-17,5.678463459014893,8.587301254272461,9.126983642578125,8.103174209594727,8.817460060119629,29359008
2020-03-18,4.990960597991943,7.547618865966797,8.134920120239258,6.888887882232666,7.936507225036621,23772420
2020-03-19,5.0329437255859375,7.611111164093018,8.269841194152832,6.476190090179443,6.984126091003418,34683642
2020-03-20,4.8545074462890625,7.341269016265869,8.150793075561523,7.015872955322266,8.039682388305664,29284290
2020-03-23,4.534372329711914,6.857141971588135,7.468253135681152,6.714284896850586,7.341269016265869,25179336
2020-03-24,4.996207237243652,7.5555548667907715,7.722221851348877,7.19841194152832,7.341269016265869,27718740
2020-03-25,5.521018981933594,8.34920597076416,8.507935523986816,7.52380895614624,7.571427822113037,20707848
2020-03-26,5.736192226409912,8.674603462219238,9.174603462219238,8.222222328186035,8.373015403747559,22167558
2020-03-27,5.300597190856934,8.015872955322266,8.515872955322266,8.0,8.126983642578125,16338042
2020-03-30,5.132656574249268,7.761903762817383,8.293649673461914,7.634920120239258,8.14285659790039,18485964
2020-03-31,5.274357795715332,7.976190090179443,8.5,7.865078926086426,7.865078926086426,37925496
2020-04-01,5.0224480628967285,7.595238208770752,7.960317134857178,7.452380180358887,7.8333330154418945,32769954
2020-04-02,5.269109725952148,7.968253135681152,8.174603462219238,7.619047164916992,7.857141971588135,21288582
2020-04-03,4.896492004394531,7.404760837554932,8.031745910644531,7.269841194152832,8.007935523986816,21696066
2020-04-06,5.090672969818115,7.69841194152832,8.079364776611328,7.52380895614624,7.777777194976807,23872716
2020-04-07,5.4160566329956055,8.190476417541504,8.587301254272461,8.103174209594727,8.174603462219238,22620024
2020-04-08,5.799168109893799,8.769841194152832,8.928570747375488,8.103174209594727,8.19841194152832,37160046
2020-04-09,5.615484714508057,8.49206256866455,9.039682388305664,8.373015403747559,8.936507225036621,33630534
2020-04-13,5.89363431930542,8.912697792053223,8.928570747375488,8.20634937286377,8.436507225036621,25551162
2020-04-14,6.066823482513428,9.174603462219238,9.373015403747559,9.023809432983398,9.047618865966797,23041368
2020-04-15,5.9356207847595215,8.976189613342285,9.103174209594727,8.626983642578125,8.825395584106445,25326000
2020-04-16,6.077319622039795,9.190476417541504,9.20634937286377,8.769841194152832,9.134920120239258,24187842
2020-04-17,6.455183506011963,9.761903762817383,9.920634269714355,9.365078926086426,9.365078926086426,31996062
2020-04-20,6.21901798248291,9.40476131439209,9.785714149475098,9.373015403747559,9.484126091003418,22996134
2020-04-22,6.140295505523682,9.285714149475098,9.61111068725586,9.246030807495117,9.436507225036621,20642076
2020-04-23,6.261003017425537,9.468253135681152,9.80952262878418,9.285714149475098,9.365078926086426,32930352
2020-04-24,5.736192226409912,8.674603462219238,9.61111068725586,8.531745910644531,9.333333015441895,38065230
2020-04-27,5.940868377685547,8.984126091003418,9.126983642578125,8.682538986206055,8.944443702697754,15415722
2020-04-28,6.287242412567139,9.507935523986816,9.619047164916992,9.19841194152832,9.484126091003418,27618822
2020-04-29,6.539150714874268,9.888888359069824,10.158729553222656,9.634920120239258,9.7380952835083,22859928
2020-04-30,6.161288261413574,9.317460060119629,9.619047164916992,9.222222328186035,9.619047164916992,18984294
2020-05-04,6.019589900970459,9.103174209594727,9.166666030883789,8.785714149475098,8.857142448425293,13544874
2020-05-05,6.04058313369751,9.134920120239258,9.507935523986816,9.071428298950195,9.253968238830566,12301632
2020-05-06,6.108808517456055,9.2380952835083,9.5,8.753968238830566,9.174603462219238,20103426
2020-05-07,6.533905029296875,9.880951881408691,10.039682388305664,9.269841194152832,9.40476131439209,50613822
2020-05-08,6.822551727294922,10.317460060119629,10.539682388305664,9.984126091003418,10.134920120239258,36254106
2020-05-11,6.560144424438477,9.920634269714355,10.317460060119629,9.880951881408691,10.214284896850586,26721324
2020-05-12,6.365964889526367,9.626983642578125,10.174603462219238,9.579364776611328,10.0,17976798
2020-05-13,6.1035590171813965,9.230157852172852,9.817460060119629,9.087301254272461,9.817460060119629,22351266
2020-05-14,6.161288261413574,9.317460060119629,9.396824836730957,8.690476417541504,8.984126091003418,42392952
2020-05-15,5.730943202972412,8.666666030883789,9.317460060119629,8.666666030883789,9.20634937286377,41268276
2020-05-18,6.203273296356201,9.380951881408691,9.55555534362793,8.928570747375488,9.031745910644531,28648494
2020-05-19,6.192777633666992,9.365078926086426,9.722222328186035,9.30952262878418,9.484126091003418,19124280
2020-05-20,6.255756378173828,9.46031665802002,9.785714149475098,9.388888359069824,9.571428298950195,15785154
2020-05-21,6.323980331420898,9.563491821289062,9.714284896850586,9.190476417541504,9.476189613342285,20759382
2020-05-22,6.087815284729004,9.20634937286377,9.476189613342285,9.134920120239258,9.412697792053223,18818100
2020-05-25,6.486672878265381,9.80952262878418,9.817460060119629,9.452380180358887,9.523809432983398,14123088
2020-05-26,6.271498680114746,9.484126091003418,10.222222328186035,9.428570747375488,10.0,22393476
2020-05-27,6.95900297164917,10.523809432983398,10.603174209594727,9.595237731933594,9.64285659790039,25332048
2020-05-28,7.100701808929443,10.7380952835083,10.888888359069824,10.2380952835083,10.55555534362793,22808016
2020-05-29,7.048220634460449,10.658729553222656,11.039682388305664,10.30952262878418,10.801587104797363,34470072
2020-06-01,7.095452308654785,10.730157852172852,10.96031665802002,10.587301254272461,10.912697792053223,13843746
2020-06-02,7.536294937133789,11.396824836730957,11.531745910644531,10.952380180358887,11.079364776611328,23913540
2020-06-03,8.05061149597168,12.174603462219238,12.428570747375488,11.357142448425293,11.579364776611328,55570914
2020-06-04,8.061108589172363,12.190476417541504,12.396824836730957,11.920634269714355,12.079364776611328,19776834
2020-06-05,7.961392402648926,12.039682388305664,12.873015403747559,12.039682388305664,12.817460060119629,21476196
2020-06-08,8.134580612182617,12.301587104797363,12.507935523986816,12.063491821289062,12.261903762817383,22196412
2020-06-09,7.85118293762207,11.873015403747559,12.031745910644531,11.777776718139648,11.896824836730957,24256386
2020-06-10,7.525799751281738,11.380951881408691,12.103174209594727,11.30952262878418,11.99206256866455,24779160
2020-06-12,7.284386157989502,11.015872955322266,11.20634937286377,10.634920120239258,10.857142448425293,23424912
2020-06-15,7.111198902130127,10.753968238830566,10.90476131439209,10.420634269714355,10.55555534362793,21677418
2020-06-16,7.767211437225342,11.746030807495117,11.865078926086426,11.246030807495117,11.507935523986816,45761562
2020-06-17,7.725228309631348,11.682538986206055,11.928570747375488,11.515872955322266,11.785714149475098,17066196
2020-06-18,8.029618263244629,12.14285659790039,12.14285659790039,11.444443702697754,11.55555534362793,25039350
2020-06-19,8.108339309692383,12.261903762817383,13.023809432983398,12.190476417541504,12.40476131439209,40995990
2020-06-22,7.98763370513916,12.079364776611328,12.40476131439209,11.936507225036621,12.317460060119629,16421706
2020-06-23,8.139826774597168,12.30952262878418,12.912697792053223,12.214284896850586,12.40476131439209,24619644
2020-06-24,8.260536193847656,12.49206256866455,12.682538986206055,12.095237731933594,12.261903762817383,31049928
2020-06-25,8.218551635742188,12.428570747375488,12.619047164916992,12.14285659790039,12.571428298950195,13010886
2020-06-26,7.966641902923584,12.047618865966797,12.619047164916992,11.873015403747559,12.246030807495117,18431910
2020-06-29,8.234293937683105,12.452380180358887,12.452380180358887,12.015872955322266,12.230157852172852,17480484
2020-06-30,8.40223503112793,12.70634937286377,12.841268539428711,12.246030807495117,12.30952262878418,18421452
2020-07-01,8.12408447265625,12.285714149475098,12.817460060119629,12.079364776611328,12.579364776611328,31113810
2020-07-02,8.281526565551758,12.523809432983398,12.690476417541504,12.40476131439209,12.49206256866455,18119556
2020-07-03,8.244790077209473,12.468253135681152,12.587301254272461,12.373015403747559,12.531745910644531,5821704
2020-07-06,8.475709915161133,12.817460060119629,12.920634269714355,12.682538986206055,12.746030807495117,15479226
2020-07-07,8.27628231048584,12.515872955322266,12.817460060119629,12.396824836730957,12.746030807495117,15005718
2020-07-08,8.375994682312012,12.666666030883789,12.888888359069824,12.547618865966797,12.603174209594727,19514250
2020-07-09,8.423230171203613,12.7380952835083,12.84920597076416,12.452380180358887,12.722222328186035,16213428
2020-07-10,8.449469566345215,12.777776718139648,12.90476131439209,12.650793075561523,12.7380952835083,17305596
2020-07-13,8.53343677520752,12.90476131439209,13.579364776611328,12.817460060119629,13.05555534362793,20373318
2020-07-14,8.711874961853027,13.174603462219238,13.357142448425293,12.714284896850586,12.944443702697754,23212854
2020-07-15,8.68563175201416,13.134920120239258,13.46031665802002,12.96031665802002,13.380951881408691,15715728
2020-07-16,8.522941589355469,12.888888359069824,13.11111068725586,12.714284896850586,13.047618865966797,11643156
2020-07-17,8.559677124023438,12.944443702697754,13.103174209594727,12.825395584106445,12.936507225036621,14689710
2020-07-20,8.559677124023438,12.944443702697754,13.05555534362793,12.880951881408691,12.984126091003418,11627154
2020-07-21,8.475709915161133,12.817460060119629,13.039682388305664,12.587301254272461,13.007935523986816,11608002
2020-07-22,8.785347938537598,13.285714149475098,13.341268539428711,12.70634937286377,12.825395584106445,35861490
2020-07-23,8.601662635803223,13.007935523986816,13.436507225036621,12.873015403747559,13.30952262878418,17936856
2020-07-24,8.995270729064941,13.603174209594727,13.650793075561523,12.769841194152832,12.928570747375488,29304198
2020-07-27,9.362641334533691,14.158729553222656,14.269841194152832,13.650793075561523,13.666666030883789,31061016
2020-07-28,9.304909706115723,14.071428298950195,14.253968238830566,13.912697792053223,14.126983642578125,15086106
2020-07-29,9.441362380981445,14.277776718139648,14.380951881408691,14.079364776611328,14.14285659790039,13685490
2020-07-30,9.310157775878906,14.079364776611328,14.174603462219238,13.833333015441895,14.007935523986816,9814644
2020-07-31,9.157963752746582,13.84920597076416,14.14285659790039,13.746030807495117,14.039682388305664,13225590
2020-08-03,9.1842041015625,13.888888359069824,14.190476417541504,13.801587104797363,14.039682388305664,28526274
2020-08-04,9.17370891571045,13.873015403747559,14.071428298950195,13.523809432983398,13.80952262878418,13634712
2020-08-05,9.719512939453125,14.69841194152832,14.99206256866455,14.214284896850586,14.277776718139648,66738924
2020-08-06,9.478100776672363,14.333333015441895,14.777776718139648,14.222222328186035,14.722222328186035,18587772
2020-08-07,9.241933822631836,13.976189613342285,14.420634269714355,13.70634937286377,14.158729553222656,21785400
2020-08-10,9.583060264587402,14.49206256866455,14.539682388305664,14.0,14.047618865966797,19236798
2020-08-11,9.525330543518066,14.40476131439209,14.722222328186035,14.301587104797363,14.650793075561523,13386366
2020-08-12,9.504337310791016,14.373015403747559,14.753968238830566,14.087301254272461,14.452380180358887,18776898
2020-08-13,9.373138427734375,14.174603462219238,14.579364776611328,14.087301254272461,14.388888359069824,12193902
2020-08-14,9.441362380981445,14.277776718139648,14.277776718139648,13.96031665802002,14.166666030883789,9910530
2020-08-17,9.457108497619629,14.301587104797363,14.674603462219238,14.087301254272461,14.277776718139648,16944858
2020-08-18,10.2285795211792,15.468253135681152,15.634920120239258,14.436507225036621,14.603174209594727,40417776
2020-08-19,10.506731033325195,15.888888359069824,16.119047164916992,15.484126091003418,15.563491821289062,35731836
2020-08-20,10.637932777404785,16.08730125427246,16.190475463867188,15.49206256866455,15.563491821289062,20653794
2020-08-21,10.328293800354004,15.619047164916992,16.03174591064453,15.341268539428711,15.96031665802002,14388570
2020-08-24,10.270564079284668,15.531745910644531,15.777776718139648,15.476189613342285,15.634920120239258,10493280
2020-08-25,10.260068893432617,15.515872955322266,15.595237731933594,15.269841194152832,15.595237731933594,10439478
2020-08-26,10.254819869995117,15.507935523986816,15.99206256866455,15.253968238830566,15.428570747375488,15293628
2020-08-27,10.10262393951416,15.277776718139648,15.714284896850586,15.095237731933594,15.515872955322266,11562516
2020-08-28,10.286309242248535,15.55555534362793,15.55555534362793,15.158729553222656,15.357142448425293,10000368
2020-08-31,10.018654823303223,15.150793075561523,15.579364776611328,15.150793075561523,15.373015403747559,18007164
2020-09-01,10.496233940124512,15.873015403747559,15.873015403747559,15.20634937286377,15.277776718139648,16330230
2020-09-02,10.386025428771973,15.70634937286377,16.182538986206055,15.412697792053223,15.952380180358887,12633390
2020-09-03,10.170849800109863,15.380951881408691,15.912697792053223,15.174603462219238,15.603174209594727,15970374
2020-09-04,10.454248428344727,15.80952262878418,16.08730125427246,15.11111068725586,15.49206256866455,17548776
2020-09-08,10.333542823791504,15.626983642578125,15.777776718139648,15.317460060119629,15.658729553222656,10772748
2020-09-09,10.774382591247559,16.293649673461914,16.5238094329834,15.825395584106445,15.920634269714355,17634960
2020-09-10,10.417512893676758,15.753968238830566,16.492063522338867,15.714284896850586,16.293649673461914,12138966
2020-09-11,10.449002265930176,15.801587104797363,16.301586151123047,15.587301254272461,15.753968238830566,12839400
2020-09-14,10.643181800842285,16.095237731933594,16.126983642578125,15.785714149475098,15.99206256866455,12999168
2020-09-15,11.257210731506348,17.0238094329834,17.103174209594727,15.920634269714355,16.134920120239258,31049676
2020-09-16,11.120758056640625,16.817459106445312,17.0238094329834,16.571428298950195,17.0,16057314
2020-09-17,11.251962661743164,17.015872955322266,17.333332061767578,16.507936477661133,16.515872955322266,17848530
2020-09-18,11.000053405761719,16.634920120239258,17.27777671813965,16.507936477661133,16.968252182006836,28309302
2020-09-21,10.80587387084961,16.34126853942871,16.92063331604004,16.214284896850586,16.42063331604004,25885062
2020-09-22,10.87409782409668,16.44444465637207,16.66666603088379,16.269840240478516,16.396825790405273,9836820
2020-09-23,10.837360382080078,16.388887405395508,16.706348419189453,16.206348419189453,16.349206924438477,14584752
2020-09-24,10.853103637695312,16.41269874572754,16.595237731933594,16.214284896850586,16.42063331604004,15759702
2020-09-25,10.763886451721191,16.27777671813965,16.404760360717773,16.079364776611328,16.269840240478516,15863526
2020-09-28,10.779632568359375,16.301586151123047,16.706348419189453,16.14285659790039,16.41269874572754,15795864
2020-09-29,10.60644245147705,16.039682388305664,16.58730125427246,15.952380180358887,16.396825790405273,15718878
2020-09-30,10.916085243225098,16.507936477661133,16.92063331604004,16.22222137451172,16.246030807495117,21321972
2020-10-01,10.889842987060547,16.468252182006836,16.94444465637207,16.08730125427246,16.603174209594727,19927278
2020-10-02,10.811121940612793,16.349206924438477,16.603174209594727,16.103174209594727,16.333332061767578,13196484
2020-10-05,11.44089412689209,17.301586151123047,17.380952835083008,16.317459106445312,16.42063331604004,15664824
2020-10-06,11.388412475585938,17.22222137451172,17.58730125427246,17.03174591064453,17.4841251373291,17016174
2020-10-07,11.755782127380371,17.77777671813965,18.134920120239258,17.619047164916992,17.69841194152832,24049368
2020-10-08,11.677059173583984,17.658729553222656,18.16666603088379,17.5,17.80952262878418,20611584
2020-10-09,11.44089412689209,17.301586151123047,17.865079879760742,17.11111068725586,17.66666603088379,23607360
2020-10-13,11.535360336303711,17.44444465637207,17.58730125427246,17.126983642578125,17.373014450073242,16438842
2020-10-14,11.603588104248047,17.547618865966797,17.69841194152832,17.396825790405273,17.55555534362793,10179162
2020-10-15,11.897480964660645,17.992063522338867,18.119047164916992,17.190475463867188,17.333332061767578,14169204
2020-10-16,11.976202011108398,18.11111068725586,18.396825790405273,17.992063522338867,18.134920120239258,15813126
2020-10-19,11.939464569091797,18.05555534362793,18.72222137451172,17.84126853942871,18.261903762817383,21475692
2020-10-20,12.07066822052002,18.25396728515625,18.41269874572754,18.039682388305664,18.214284896850586,11515392
2020-10-21,12.102154731750488,18.301586151123047,18.507936477661133,18.158729553222656,18.25396728515625,10547082
2020-10-22,12.165135383605957,18.396825790405273,18.579364776611328,18.25396728515625,18.373014450073242,14917140
2020-10-23,12.21761703491211,18.4761905670166,18.61111068725586,18.11111068725586,18.293649673461914,14372064
2020-10-26,12.102154731750488,18.301586151123047,18.690475463867188,18.134920120239258,18.468252182006836,12021534
2020-10-27,12.390803337097168,18.738094329833984,19.095237731933594,18.301586151123047,18.34126853942871,22887774
2020-10-28,11.661314010620117,17.634920120239258,18.64285659790039,17.571428298950195,18.64285659790039,23499504
2020-10-29,11.80826473236084,17.857141494750977,18.150793075561523,16.928571701049805,17.650793075561523,27654228
2020-10-30,11.446142196655273,17.30952262878418,17.833332061767578,17.150793075561523,17.72222137451172,16673202
2020-11-03,12.165135383605957,18.396825790405273,18.53174591064453,17.44444465637207,17.66666603088379,24288138
2020-11-04,11.692805290222168,17.682538986206055,18.746030807495117,17.5238094329834,18.547618865966797,20124216
2020-11-05,11.729538917541504,17.738094329833984,17.94444465637207,17.261903762817383,17.92063331604004,21950712
2020-11-06,11.813512802124023,17.865079879760742,18.071428298950195,17.539682388305664,17.58730125427246,14028714
2020-11-09,11.60773754119873,17.460317611694336,18.515872955322266,17.238094329833984,18.42063331604004,26522622
2020-11-10,10.99041748046875,16.53174591064453,17.634920120239258,16.357141494750977,17.507936477661133,42536970
2020-11-11,11.043180465698242,16.61111068725586,16.9841251373291,16.44444465637207,16.53174591064453,17181234
2020-11-12,10.911273002624512,16.41269874572754,16.904760360717773,16.317459106445312,16.626983642578125,16699662
2020-11-13,11.043180465698242,16.61111068725586,16.682538986206055,16.301586151123047,16.547618865966797,9328914
2020-11-16,11.074835777282715,16.658729553222656,16.793649673461914,16.44444465637207,16.75396728515625,14691348
2020-11-17,11.285887718200684,16.9761905670166,17.238094329833984,16.547618865966797,16.650793075561523,21158172
2020-11-18,11.06428337097168,16.64285659790039,17.190475463867188,16.571428298950195,17.08730125427246,17319834
2020-11-19,11.206743240356445,16.857141494750977,17.007936477661133,16.579364776611328,16.690475463867188,10508778
2020-11-23,11.634119033813477,17.5,17.571428298950195,17.015872955322266,17.11111068725586,16315110
2020-11-24,11.934864044189453,17.95237922668457,18.214284896850586,17.44444465637207,17.579364776611328,18540774
2020-11-25,11.892653465270996,17.888887405395508,18.119047164916992,17.634920120239258,17.92063331604004,17938368
2020-11-26,12.119531631469727,18.23015785217285,18.246030807495117,17.77777671813965,17.849206924438477,9619218
2020-11-27,12.008732795715332,18.063491821289062,18.45237922668457,17.865079879760742,18.23015785217285,14592816
2020-11-30,11.924309730529785,17.936506271362305,18.22222137451172,17.865079879760742,18.063491821289062,17096562
2020-12-01,12.55746078491211,18.888887405395508,19.047618865966797,18.071428298950195,18.14285659790039,29490804
2020-12-02,12.36751651763916,18.603174209594727,18.9841251373291,18.428571701049805,18.888887405395508,21519414
2020-12-03,11.860997200012207,17.84126853942871,18.69841194152832,17.77777671813965,18.674602508544922,29953098
2020-12-04,12.103706359863281,18.206348419189453,18.45237922668457,17.873014450073242,17.9841251373291,21164220
2020-12-07,12.277820587158203,18.468252182006836,18.66666603088379,17.936506271362305,18.22222137451172,15075396
2020-12-08,12.172293663024902,18.30952262878418,18.4841251373291,18.047618865966797,18.41269874572754,11072754
2020-12-09,11.940138816833496,17.960317611694336,18.507936477661133,17.78571319580078,18.325395584106445,12484584
2020-12-10,12.135363578796387,18.25396728515625,18.45237922668457,17.833332061767578,18.071428298950195,15363558
2020-12-11,12.1142578125,18.22222137451172,18.365079879760742,18.03174591064453,18.150793075561523,8253126
2020-12-14,12.035112380981445,18.103174209594727,18.349206924438477,17.928571701049805,18.269840240478516,9962694
2020-12-15,12.55746078491211,18.888887405395508,19.27777671813965,18.103174209594727,18.103174209594727,20220858
2020-12-16,12.546907424926758,18.873014450073242,19.126983642578125,18.58730125427246,18.9761905670166,12807270
2020-12-17,12.874037742614746,19.365079879760742,19.658729553222656,18.849206924438477,18.896825790405273,20007792
2020-12-18,13.100911140441895,19.706348419189453,20.039682388305664,19.365079879760742,19.460317611694336,24879456
2020-12-21,12.868758201599121,19.357141494750977,19.714284896850586,18.857141494750977,19.436506271362305,17005338
2020-12-22,12.783748626708984,19.095237731933594,19.571428298950195,18.833332061767578,19.333332061767578,9700110
2020-12-23,12.879386901855469,19.238094329833984,19.28571319580078,18.936506271362305,19.206348419189453,9733122
2020-12-28,12.87407398223877,19.23015785217285,19.42063331604004,19.095237731933594,19.41269874572754,6955074
2020-12-29,13.017535209655762,19.44444465637207,19.78571319580078,19.22222137451172,19.293649673461914,10953054
2020-12-30,12.990965843200684,19.404760360717773,19.650793075561523,19.27777671813965,19.468252182006836,13331682
2021-01-04,13.835779190063477,20.66666603088379,20.66666603088379,19.682538986206055,19.682538986206055,27916686
2021-01-05,14.170516967773438,21.16666603088379,21.30952262878418,20.42063331604004,20.61111068725586,22131648
2021-01-06,14.85061264038086,22.182538986206055,22.714284896850586,21.16666603088379,21.246030807495117,33755652
2021-01-07,15.695425987243652,23.44444465637207,23.45237922668457,22.42063331604004,22.468252182006836,26455590
2021-01-08,15.461641311645508,23.095237731933594,23.80952262878418,22.571428298950195,23.674602508544922,22724352
2021-01-11,15.036577224731445,22.460317611694336,23.095237731933594,22.095237731933594,22.539682388305664,22621536
2021-01-12,14.622142791748047,21.84126853942871,22.634920120239258,21.73015785217285,22.579364776611328,20436192
2021-01-13,14.13863468170166,21.119047164916992,21.91269874572754,20.91269874572754,21.746030807495117,24518466
2021-01-14,14.72840404510498,22.0,22.079364776611328,21.015872955322266,21.325395584106445,21943782
2021-01-15,13.85703182220459,20.69841194152832,21.761903762817383,20.404760360717773,21.492063522338867,30009042
2021-01-18,14.053622245788574,20.992063522338867,21.349206924438477,20.682538986206055,20.833332061767578,15108282
2021-01-19,13.639183044433594,20.373014450073242,21.11111068725586,19.72222137451172,21.11111068725586,24154452
2021-01-20,13.35758113861084,19.95237922668457,20.603174209594727,19.69841194152832,20.571428298950195,13794228
2021-01-21,13.29382610321045,19.857141494750977,20.34126853942871,19.706348419189453,19.95237922668457,11944170
2021-01-22,13.474475860595703,20.126983642578125,20.22222137451172,19.174602508544922,19.5238094329834,13125672
2021-01-26,12.778435707092285,19.08730125427246,20.174602508544922,19.05555534362793,20.079364776611328,16847208
2021-01-27,12.565898895263672,18.769840240478516,19.190475463867188,18.269840240478516,19.03174591064453,29341872
2021-01-28,12.905954360961914,19.27777671813965,19.468252182006836,18.5238094329834,18.658729553222656,16049124
2021-01-29,12.353370666503906,18.45237922668457,19.238094329833984,18.34126853942871,18.92063331604004,19481616
2021-02-01,12.348060607910156,18.44444465637207,18.84126853942871,18.14285659790039,18.801586151123047,21044772
2021-02-02,12.204599380493164,18.23015785217285,18.72222137451172,18.11111068725586,18.61111068725586,17745966
2021-02-03,12.502143859863281,18.674602508544922,18.992063522338867,18.317459106445312,18.365079879760742,15394428
2021-02-04,12.321491241455078,18.404760360717773,19.103174209594727,18.404760360717773,18.817459106445312,13295142
2021-02-05,12.858134269714355,19.206348419189453,19.44444465637207,18.428571701049805,18.563491821289062,20582982
2021-02-08,12.751870155334473,19.047618865966797,19.66666603088379,18.936506271362305,19.349206924438477,13224456
2021-02-09,12.831568717956543,19.16666603088379,19.396825790405273,18.738094329833984,19.05555534362793,13470912
2021-02-10,12.523397445678711,18.706348419189453,19.4841251373291,18.539682388305664,19.246030807495117,15878394
2021-02-11,12.81031322479248,19.134920120239258,19.42063331604004,18.793649673461914,18.857141494750977,12835872
2021-02-12,12.81031322479248,19.134920120239258,19.325395584106445,18.94444465637207,19.134920120239258,10670562
2021-02-17,12.996277809143066,19.41269874572754,19.769840240478516,19.28571319580078,19.365079879760742,22539384
2021-02-18,12.959084510803223,19.357141494750977,19.94444465637207,19.22222137451172,19.658729553222656,14637420
2021-02-19,13.230061531066895,19.761903762817383,19.825395584106445,19.158729553222656,19.357141494750977,14706216
2021-02-22,13.166303634643555,19.66666603088379,20.206348419189453,18.619047164916992,19.214284896850586,25748226
2021-02-23,13.671062469482422,20.42063331604004,20.515872955322266,19.41269874572754,19.94444465637207,23383710
2021-02-24,14.420234680175781,21.539682388305664,21.738094329833984,20.960317611694336,21.23015785217285,44648478
2021-02-25,13.830464363098145,20.658729553222656,22.357141494750977,20.436506271362305,21.55555534362793,25081938
2021-02-26,13.745453834533691,20.53174591064453,21.126983642578125,20.182538986206055,20.72222137451172,24563070
2021-03-01,14.170516967773438,21.16666603088379,21.579364776611328,20.690475463867188,20.857141494750977,21033054
2021-03-02,14.361790657043457,21.45237922668457,21.825395584106445,20.650793075561523,21.007936477661133,28634760
2021-03-03,14.313974380493164,21.380952835083008,21.888887405395508,20.92063331604004,21.436506271362305,28261674
2021-03-04,14.2980318069458,21.357141494750977,22.05555534362793,21.095237731933594,21.380952835083008,26829810
2021-03-05,14.675277709960938,21.92063331604004,22.19841194152832,21.015872955322266,21.301586151123047,27669474
2021-03-08,14.324599266052246,21.396825790405273,22.563491821289062,21.27777671813965,21.58730125427246,22792770
2021-03-09,14.521188735961914,21.690475463867188,22.30952262878418,20.73015785217285,21.190475463867188,26000730
2021-03-10,14.329912185668945,21.404760360717773,22.007936477661133,20.849206924438477,21.72222137451172,16409106
2021-03-11,14.871870040893555,22.214284896850586,22.595237731933594,21.73015785217285,21.825395584106445,28821618
2021-03-12,14.679693222045898,21.825395584106445,22.690475463867188,21.650793075561523,21.95237922668457,19989900
2021-03-15,15.208163261413574,22.61111068725586,22.61111068725586,21.650793075561523,21.674602508544922,21897036
2021-03-16,15.3629732131958,22.84126853942871,23.071428298950195,22.42063331604004,22.619047164916992,25392024
2021-03-17,15.544464111328125,23.11111068725586,23.388887405395508,22.650793075561523,22.833332061767578,20865348
2021-03-18,15.272223472595215,22.706348419189453,23.388887405395508,22.404760360717773,22.928571701049805,15234030
2021-03-19,15.288233757019043,22.73015785217285,22.936506271362305,22.261903762817383,22.738094329833984,17559360
2021-03-22,14.823823928833008,22.039682388305664,22.5,21.55555534362793,22.388887405395508,18379494
2021-03-23,14.17791748046875,21.079364776611328,22.174602508544922,20.896825790405273,21.94444465637207,26440092
2021-03-24,14.290016174316406,21.246030807495117,21.78571319580078,21.150793075561523,21.293649673461914,13650840
2021-03-25,14.503543853759766,21.563491821289062,21.746030807495117,20.896825790405273,21.134920120239258,12415284
2021-03-26,15.266883850097656,22.69841194152832,23.047618865966797,21.682538986206055,21.793649673461914,24824268
2021-03-29,15.480409622192383,23.015872955322266,23.41269874572754,22.73015785217285,22.761903762817383,13005846
2021-03-30,15.725955963134766,23.380952835083008,23.547618865966797,22.75396728515625,22.95237922668457,14057820
2021-03-31,16.131649017333984,23.9841251373291,24.22222137451172,23.388887405395508,23.396825790405273,28665000
2021-04-01,15.683252334594727,23.317459106445312,24.42063331604004,23.11111068725586,24.22222137451172,38525760
2021-04-05,15.715280532836914,23.365079879760742,23.936506271362305,23.269840240478516,23.650793075561523,33183990
2021-04-06,16.088947296142578,23.92063331604004,24.0,23.357141494750977,23.603174209594727,23357880
2021-04-07,16.393213272094727,24.373014450073242,24.55555534362793,23.873014450073242,23.91269874572754,23162958
2021-04-08,16.446596145629883,24.45237922668457,24.746030807495117,24.23015785217285,24.44444465637207,17501022
2021-04-09,16.612075805664062,24.69841194152832,24.904760360717773,24.134920120239258,24.206348419189453,13948326
2021-04-12,16.665456771850586,24.77777671813965,24.9841251373291,24.5,24.825395584106445,12110112
2021-04-13,17.049800872802734,25.349206924438477,25.53174591064453,24.571428298950195,24.84126853942871,18699534
2021-04-14,17.290014266967773,25.706348419189453,26.0,25.404760360717773,25.404760360717773,18468450
2021-04-15,17.412790298461914,25.888887405395508,26.380952835083008,25.515872955322266,25.992063522338867,15019704
2021-04-16,17.364744186401367,25.817459106445312,26.071428298950195,25.34126853942871,25.968252182006836,14139972
2021-04-19,17.354068756103516,25.801586151123047,26.25396728515625,25.563491821289062,26.071428298950195,14053788
2021-04-20,17.2259578704834,25.61111068725586,26.071428298950195,25.22222137451172,25.896825790405273,10651158
2021-04-22,17.77577781677246,26.428571701049805,26.746030807495117,25.682538986206055,25.92063331604004,19113948
2021-04-23,17.893217086791992,26.603174209594727,27.246030807495117,26.119047164916992,26.960317611694336,14859936
2021-04-26,18.30958366394043,27.22222137451172,27.27777671813965,26.595237731933594,26.77777671813965,12664134
2021-04-27,18.378982543945312,27.325395584106445,27.492063522338867,26.904760360717773,27.22222137451172,14241150
2021-04-28,18.507095336914062,27.515872955322266,27.634920120239258,27.08730125427246,27.365079879760742,15753906
2021-04-29,18.357629776000977,27.293649673461914,27.78571319580078,26.75396728515625,27.579364776611328,13638366
2021-04-30,17.733076095581055,26.365079879760742,27.190475463867188,26.30952262878418,26.95237922668457,24178266
2021-05-03,17.34872817993164,25.793649673461914,26.396825790405273,25.507936477661133,26.388887405395508,24086412
2021-05-04,17.428804397583008,25.91269874572754,26.238094329833984,25.603174209594727,25.761903762817383,14576562
2021-05-05,18.389657974243164,27.34126853942871,27.77777671813965,26.682538986206055,26.78571319580078,35239932
2021-05-06,19.227733612060547,28.58730125427246,28.61111068725586,27.539682388305664,27.539682388305664,21483252
2021-05-07,19.414567947387695,28.865079879760742,29.015872955322266,28.134920120239258,28.80952262878418,19610640
2021-05-10,19.419906616210938,28.873014450073242,29.706348419189453,28.706348419189453,29.44444465637207,17223948
2021-05-11,20.09783935546875,29.880952835083008,30.03174591064453,28.206348419189453,28.428571701049805,26019630
2021-05-12,19.56403160095215,29.08730125427246,29.801586151123047,28.896825790405273,29.69841194152832,19809972
2021-05-13,19.019548416137695,28.27777671813965,29.325395584106445,28.214284896850586,28.73015785217285,22807260
2021-05-14,18.47506332397461,27.468252182006836,28.103174209594727,26.94444465637207,28.103174209594727,21272706
2021-05-17,19.11772346496582,28.095237731933594,28.095237731933594,27.269840240478516,27.45237922668457,10617138
2021-05-18,19.36614227294922,28.460317611694336,28.619047164916992,28.0238094329834,28.30952262878418,13109922
2021-05-19,19.155521392822266,28.150793075561523,28.44444465637207,27.16666603088379,27.936506271362305,16581852
2021-05-20,18.523670196533203,27.22222137451172,28.22222137451172,27.22222137451172,27.960317611694336,14215446
2021-05-21,18.29145050048828,26.880952835083008,27.53174591064453,26.61111068725586,27.14285659790039,16759386
2021-05-24,17.7622013092041,26.103174209594727,26.80952262878418,25.91269874572754,26.793649673461914,26322408
2021-05-25,17.389568328857422,25.55555534362793,26.5,25.436506271362305,26.269840240478516,17297406
2021-05-26,17.578582763671875,25.833332061767578,25.904760360717773,25.19841194152832,25.349206924438477,18540144
2021-05-27,17.870208740234375,26.261903762817383,26.78571319580078,26.03174591064453,26.261903762817383,32911830
2021-05-28,17.632591247558594,25.91269874572754,26.539682388305664,25.595237731933594,26.428571701049805,12765564
2021-05-31,17.778396606445312,26.126983642578125,26.64285659790039,25.91269874572754,26.039682388305664,10306548
2021-06-01,18.42646026611328,27.079364776611328,27.238094329833984,26.349206924438477,26.595237731933594,18271890
2021-06-02,18.032224655151367,26.5,27.134920120239258,26.460317611694336,27.103174209594727,18918522
2021-06-04,17.529977798461914,25.761903762817383,26.515872955322266,25.66666603088379,26.515872955322266,18199566
2021-06-07,17.222152709960938,25.30952262878418,25.634920120239258,25.0238094329834,25.4761905670166,18760266
2021-06-08,16.925127029418945,24.873014450073242,25.66666603088379,24.873014450073242,25.41269874572754,14707224
2021-06-09,17.319358825683594,25.45237922668457,25.746030807495117,24.793649673461914,25.317459106445312,17998218
2021-06-10,17.357162475585938,25.507936477661133,25.658729553222656,25.158729553222656,25.4761905670166,12188358
2021-06-11,17.82160758972168,26.190475463867188,26.22222137451172,25.53174591064453,25.634920120239258,18421704
2021-06-14,17.33555793762207,25.4761905670166,26.55555534362793,25.436506271362305,26.507936477661133,16617006
2021-06-15,17.151947021484375,25.206348419189453,25.58730125427246,24.92063331604004,25.563491821289062,11788560
2021-06-16,16.277067184448242,23.92063331604004,25.269840240478516,23.801586151123047,25.23015785217285,40212270
2021-06-17,15.66141128540039,23.015872955322266,24.0238094329834,22.75396728515625,23.95237922668457,36389304
2021-06-18,15.704611778259277,23.079364776611328,23.66666603088379,22.94444465637207,23.119047164916992,23723784
2021-06-21,16.131248474121094,23.706348419189453,23.9841251373291,22.58730125427246,22.77777671813965,23399460
2021-06-22,16.09345245361328,23.650793075561523,24.063491821289062,23.42063331604004,23.595237731933594,16428006
2021-06-23,16.088048934936523,23.64285659790039,23.95237922668457,23.547618865966797,23.72222137451172,14343714
2021-06-24,16.617298126220703,24.42063331604004,24.793649673461914,23.769840240478516,23.94444465637207,18176004
2021-06-25,16.65510368347168,24.4761905670166,24.825395584106445,24.349206924438477,24.634920120239258,15585570
2021-06-28,16.50928497314453,24.261903762817383,24.865079879760742,23.936506271362305,24.714284896850586,14828310
2021-06-29,16.341867446899414,24.015872955322266,24.650793075561523,23.619047164916992,24.301586151123047,21225708
2021-06-30,15.990839004516602,23.5,24.19841194152832,23.34126853942871,23.968252182006836,20909952
2021-07-01,15.634407997131348,22.9761905670166,23.825395584106445,22.817459106445312,23.579364776611328,24589026
2021-07-02,16.071847915649414,23.619047164916992,23.746030807495117,22.9761905670166,23.190475463867188,20014218
2021-07-05,16.028642654418945,23.55555534362793,23.94444465637207,23.28571319580078,23.80952262878418,14313222
2021-07-06,15.963836669921875,23.460317611694336,23.66666603088379,23.190475463867188,23.44444465637207,13949082
2021-07-07,16.201457977294922,23.80952262878418,24.134920120239258,23.619047164916992,23.78571319580078,12071304
2021-07-08,15.715418815612793,23.095237731933594,23.460317611694336,22.857141494750977,23.373014450073242,14152446
2021-07-12,16.422876358032227,24.134920120239258,24.25396728515625,23.373014450073242,23.53174591064453,20731410
2021-07-13,16.48768424987793,24.23015785217285,24.579364776611328,23.9761905670166,24.19841194152832,16894962
2021-07-14,16.271669387817383,23.91269874572754,24.72222137451172,23.650793075561523,24.492063522338867,28669536
2021-07-15,16.16365623474121,23.75396728515625,24.317459106445312,23.571428298950195,23.849206924438477,15227100
2021-07-16,15.909831047058105,23.380952835083008,23.968252182006836,23.14285659790039,23.91269874572754,11093292
2021-07-19,15.936834335327148,23.42063331604004,23.42063331604004,22.4761905670166,22.936506271362305,20473488
2021-07-20,16.00164222717285,23.515872955322266,23.571428298950195,22.960317611694336,23.42063331604004,10669428
2021-07-21,16.363475799560547,24.047618865966797,24.190475463867188,23.325395584106445,23.436506271362305,12724740
2021-07-22,16.503887176513672,24.25396728515625,24.388887405395508,23.801586151123047,23.95237922668457,12585132
2021-07-23,16.60109519958496,24.396825790405273,24.603174209594727,24.11111068725586,24.25396728515625,15574608
2021-07-26,17.17354965209961,25.238094329833984,25.238094329833984,24.333332061767578,24.41269874572754,18852750
2021-07-27,16.557889938354492,24.333332061767578,25.071428298950195,24.039682388305664,25.071428298950195,14289156
2021-07-28,16.595691680908203,24.388887405395508,24.825395584106445,24.071428298950195,24.72222137451172,11066454
2021-07-29,16.957529067993164,24.92063331604004,24.94444465637207,24.357141494750977,24.357141494750977,15093540
2021-07-30,16.63349723815918,24.44444465637207,24.960317611694336,24.41269874572754,24.634920120239258,15460452
2021-08-02,16.595691680908203,24.388887405395508,24.896825790405273,24.30952262878418,24.865079879760742,11736144
2021-08-03,17.03853416442871,25.039682388305664,25.05555534362793,24.16666603088379,24.404760360717773,22878198
2021-08-04,17.070938110351562,25.08730125427246,25.460317611694336,24.603174209594727,25.079364776611328,27359388
2021-08-05,16.60109519958496,24.396825790405273,25.071428298950195,24.134920120239258,25.071428298950195,17910144
2021-08-06,16.93592643737793,24.888887405395508,24.95237922668457,24.41269874572754,24.41269874572754,14160636
2021-08-09,16.719905853271484,24.571428298950195,24.75396728515625,24.269840240478516,24.44444465637207,12377358
2021-08-10,17.141141891479492,25.190475463867188,25.396825790405273,24.619047164916992,24.66666603088379,23513868
2021-08-11,17.32476234436035,25.460317611694336,25.507936477661133,24.904760360717773,25.28571319580078,14225778
2021-08-12,17.08713722229004,25.11111068725586,25.603174209594727,25.047618865966797,25.261903762817383,12331872
2021-08-13,16.914323806762695,24.857141494750977,25.206348419189453,24.73015785217285,25.095237731933594,8046738
2021-08-16,16.38507652282715,24.079364776611328,24.746030807495117,23.825395584106445,24.746030807495117,17261370
2021-08-17,15.917716026306152,22.9761905670166,23.603174209594727,22.865079879760742,23.603174209594727,14345352
2021-08-18,15.780256271362305,22.77777671813965,23.30952262878418,22.373014450073242,22.634920120239258,22783068
2021-08-19,15.252413749694824,22.015872955322266,22.428571701049805,21.801586151123047,22.14285659790039,32333112
2021-08-20,15.20292854309082,21.94444465637207,22.373014450073242,21.825395584106445,22.19841194152832,18207126
2021-08-23,15.312893867492676,22.103174209594727,22.5,21.94444465637207,21.94444465637207,13545252
2021-08-24,15.884726524353027,22.928571701049805,23.174602508544922,22.78571319580078,22.857141494750977,20396880
2021-08-25,15.972701072692871,23.05555534362793,23.293649673461914,22.817459106445312,22.92063331604004,11909520
2021-08-26,15.637301445007324,22.571428298950195,22.9841251373291,22.41269874572754,22.896825790405273,13053726
2021-08-27,15.917716026306152,22.9761905670166,23.119047164916992,22.650793075561523,22.849206924438477,12590550
2021-08-30,15.774760246276855,22.769840240478516,23.214284896850586,22.619047164916992,23.05555534362793,10722726
2021-08-31,15.571319580078125,22.4761905670166,22.857141494750977,22.301586151123047,22.72222137451172,14925456
2021-09-01,15.47784423828125,22.34126853942871,22.66666603088379,21.714284896850586,22.22222137451172,10826676
2021-09-02,15.059974670410156,21.738094329833984,22.603174209594727,21.706348419189453,22.317459106445312,15507072
2021-09-03,15.054471969604492,21.73015785217285,22.41269874572754,21.595237731933594,22.095237731933594,15634458
2021-09-06,15.224922180175781,21.9761905670166,22.14285659790039,21.22222137451172,21.4841251373291,9165366
2021-09-08,14.873029708862305,21.468252182006836,22.365079879760742,21.357141494750977,21.9761905670166,20657700
2021-09-09,15.070966720581055,21.75396728515625,22.16666603088379,21.5,21.69841194152832,19204794
2021-09-10,15.010489463806152,21.66666603088379,22.365079879760742,21.66666603088379,22.22222137451172,11106018
2021-09-13,15.125953674316406,21.833332061767578,22.428571701049805,21.682538986206055,22.182538986206055,14666526
2021-09-14,15.14794921875,21.865079879760742,22.150793075561523,21.674602508544922,21.936506271362305,10631124
2021-09-15,15.026983261108398,21.690475463867188,22.0,21.44444465637207,21.91269874572754,21221424
2021-09-16,14.51563835144043,20.95237922668457,21.507936477661133,20.738094329833984,21.45237922668457,24674706
2021-09-17,13.525935173034668,19.5238094329834,20.95237922668457,19.468252182006836,20.793649673461914,44515674
2021-09-20,13.3994722366333,19.34126853942871,19.45237922668457,18.619047164916992,18.80952262878418,23357124
2021-09-21,13.278510093688965,19.16666603088379,19.53174591064453,18.650793075561523,19.53174591064453,25796610
2021-09-22,14.053776741027832,20.28571319580078,20.80952262878418,20.119047164916992,20.238094329833984,36018738
2021-09-23,14.845540046691895,21.428571701049805,21.64285659790039,19.91269874572754,20.365079879760742,28533204
2021-09-24,14.63659954071045,21.126983642578125,21.30952262878418,20.738094329833984,20.936506271362305,17291106
2021-09-27,14.6915864944458,21.206348419189453,21.55555534362793,20.80952262878418,21.27777671813965,32080608
2021-09-28,14.27883529663086,20.317459106445312,20.928571701049805,20.206348419189453,20.746030807495117,19745712
2021-09-29,14.540986061096191,20.690475463867188,20.960317611694336,20.365079879760742,20.539682388305664,20418048
2021-09-30,15.115488052368164,21.507936477661133,22.174602508544922,20.94444465637207,21.0,29339856
2021-10-01,15.45014762878418,21.9841251373291,22.14285659790039,21.460317611694336,21.603174209594727,21572712
2021-10-04,15.137799263000488,21.539682388305664,22.261903762817383,21.5238094329834,21.738094329833984,16753464
2021-10-05,15.059713363647461,21.428571701049805,21.92063331604004,21.373014450073242,21.78571319580078,10294578
2021-10-06,14.75851821899414,21.0,21.5,20.634920120239258,21.25396728515625,17815140
2021-10-07,14.998355865478516,21.34126853942871,21.77777671813965,20.880952835083008,21.05555534362793,16947000
2021-10-08,15.160111427307129,21.571428298950195,22.08730125427246,21.55555534362793,21.865079879760742,12112632
2021-10-11,15.154528617858887,21.563491821289062,22.45237922668457,21.4761905670166,22.047618865966797,18897858
2021-10-13,15.41110610961914,21.928571701049805,22.23015785217285,21.134920120239258,21.25396728515625,15206688
2021-10-14,15.7067232131958,22.349206924438477,22.55555534362793,21.849206924438477,22.206348419189453,24122322
2021-10-15,15.71229362487793,22.357141494750977,22.55555534362793,22.119047164916992,22.55555534362793,12843180
2021-10-18,15.717879295349121,22.365079879760742,22.4761905670166,21.73015785217285,21.928571701049805,17690400
2021-10-19,15.52265453338623,22.08730125427246,22.69841194152832,21.91269874572754,22.238094329833984,19150866
2021-10-20,15.288396835327148,21.75396728515625,22.261903762817383,21.539682388305664,22.23015785217285,11995074
2021-10-21,14.814291954040527,21.079364776611328,21.5,20.42063331604004,21.11111068725586,17836812
2021-10-22,14.9091157913208,21.214284896850586,21.460317611694336,20.75396728515625,20.84126853942871,19040490
2021-10-25,15.59516429901123,22.190475463867188,22.404760360717773,21.34126853942871,21.436506271362305,14171220
2021-10-26,15.645369529724121,22.261903762817383,22.373014450073242,21.833332061767578,21.9841251373291,25186644
2021-10-27,15.254929542541504,21.706348419189453,23.079364776611328,21.619047164916992,22.896825790405273,35702100
2021-10-28,15.282814025878906,21.746030807495117,21.992063522338867,21.396825790405273,21.658729553222656,18998406
2021-10-29,15.003931999206543,21.349206924438477,21.825395584106445,21.11111068725586,21.507936477661133,12432546
2021-11-01,14.836605072021484,21.11111068725586,21.69841194152832,20.761903762817383,21.682538986206055,14125608
2021-11-03,14.250946998596191,20.27777671813965,21.039682388305664,20.27777671813965,20.825395584106445,22691592
2021-11-04,14.239792823791504,20.261903762817383,20.682538986206055,20.079364776611328,20.206348419189453,18457236
2021-11-05,13.670868873596191,19.45237922668457,20.42063331604004,19.388887405395508,20.349206924438477,17857602
2021-11-08,14.214359283447266,18.888887405395508,19.261903762817383,18.365079879760742,18.539682388305664,19582920
2021-11-09,14.327836990356445,19.039682388305664,19.30952262878418,18.53174591064453,18.849206924438477,21077784
2021-11-10,14.148666381835938,18.801586151123047,19.150793075561523,18.492063522338867,18.80952262878418,14562954
2021-11-11,14.996750831604004,19.928571701049805,20.174602508544922,19.404760360717773,19.404760360717773,24492132
2021-11-12,15.169949531555176,20.158729553222656,20.468252182006836,19.72222137451172,19.77777671813965,17582166
2021-11-16,15.19383430480957,20.190475463867188,20.373014450073242,19.904760360717773,20.317459106445312,12621042
2021-11-17,15.122166633605957,20.095237731933594,20.682538986206055,19.960317611694336,20.460317611694336,15109542
2021-11-18,14.50103759765625,19.269840240478516,20.063491821289062,19.269840240478516,20.039682388305664,14575554
2021-11-19,14.805630683898926,19.674602508544922,19.84126853942871,19.325395584106445,19.55555534362793,16160382
2021-11-22,15.1878662109375,20.182538986206055,20.41269874572754,19.793649673461914,20.14285659790039,15171030
2021-11-23,15.277450561523438,20.301586151123047,21.706348419189453,20.063491821289062,20.873014450073242,19541718
2021-11-24,15.52829360961914,20.634920120239258,20.738094329833984,20.079364776611328,20.25396728515625,15890112
2021-11-25,15.67162799835205,20.825395584106445,21.150793075561523,20.436506271362305,20.603174209594727,11258604
2021-11-26,15.259533882141113,20.27777671813965,20.45237922668457,19.928571701049805,20.174602508544922,12133926
2021-11-29,15.408842086791992,20.4761905670166,21.095237731933594,20.4761905670166,20.801586151123047,11068848
2021-11-30,15.408842086791992,20.4761905670166,21.071428298950195,20.103174209594727,20.468252182006836,30445002
2021-12-01,15.629819869995117,20.769840240478516,21.619047164916992,20.769840240478516,20.95237922668457,21642012
2021-12-02,16.519716262817383,21.95237922668457,22.007936477661133,20.9761905670166,21.039682388305664,16567740
2021-12-03,16.633188247680664,22.103174209594727,22.690475463867188,21.849206924438477,22.03174591064453,18262566
2021-12-06,17.021398544311523,22.619047164916992,23.0238094329834,22.4841251373291,22.674602508544922,15027642
2021-12-07,17.290159225463867,22.9761905670166,23.571428298950195,22.817459106445312,23.25396728515625,16451694
2021-12-08,17.278213500976562,22.960317611694336,23.333332061767578,22.825395584106445,22.960317611694336,13399722
2021-12-09,17.290159225463867,22.9761905670166,23.174602508544922,22.373014450073242,22.769840240478516,9640890
2021-12-10,17.67238998413086,23.4841251373291,23.72222137451172,23.206348419189453,23.206348419189453,14149800
2021-12-13,17.594755172729492,23.380952835083008,24.16666603088379,23.095237731933594,23.658729553222656,14865984
2021-12-14,17.511137008666992,23.269840240478516,24.03174591064453,23.015872955322266,23.888887405395508,12753468
2021-12-15,17.415576934814453,23.14285659790039,23.4841251373291,22.436506271362305,23.150793075561523,15868818
2021-12-16,17.81572914123535,23.674602508544922,23.72222137451172,23.174602508544922,23.674602508544922,14085792
2021-12-17,17.325992584228516,23.0238094329834,23.761903762817383,22.880952835083008,23.579364776611328,18303642
2021-12-20,16.298730850219727,21.658729553222656,22.674602508544922,21.507936477661133,22.634920120239258,19746342
2021-12-21,16.567495346069336,22.015872955322266,22.365079879760742,21.793649673461914,21.91269874572754,11447730
2021-12-22,16.412214279174805,21.80952262878418,22.063491821289062,21.5238094329834,21.9761905670166,10289160
2021-12-23,16.095672607421875,21.388887405395508,21.896825790405273,21.261903762817383,21.865079879760742,10867248
2021-12-27,16.244985580444336,21.58730125427246,21.690475463867188,21.214284896850586,21.261903762817383,8001882
2021-12-28,16.179288864135742,21.5,21.682538986206055,21.27777671813965,21.468252182006836,8727642
2021-12-29,16.203176498413086,21.53174591064453,21.634920120239258,21.404760360717773,21.53174591064453,4272660
2021-12-30,16.28081703186035,21.634920120239258,21.992063522338867,21.563491821289062,21.714284896850586,7253820
2022-01-03,16.28081703186035,21.634920120239258,22.16666603088379,21.634920120239258,21.738094329833984,12537126
2022-01-04,16.507770538330078,21.936506271362305,22.206348419189453,21.66666603088379,21.761903762817383,14781312
2022-01-05,16.233041763305664,21.571428298950195,22.34126853942871,21.571428298950195,22.007936477661133,18646740
2022-01-06,16.239011764526367,21.579364776611328,22.150793075561523,21.4841251373291,21.706348419189453,9625518
2022-01-07,16.382349014282227,21.769840240478516,21.817459106445312,21.27777671813965,21.579364776611328,8766828
2022-01-10,16.47193717956543,21.888887405395508,22.206348419189453,21.25396728515625,21.25396728515625,8384166
2022-01-11,16.842226028442383,22.380952835083008,22.595237731933594,21.77777671813965,21.896825790405273,15432984
2022-01-12,17.230436325073242,22.896825790405273,23.22222137451172,22.507936477661133,22.595237731933594,17622864
2022-01-13,16.884029388427734,22.436506271362305,23.007936477661133,22.357141494750977,22.650793075561523,12963132
2022-01-14,16.890003204345703,22.44444465637207,22.634920120239258,22.30952262878418,22.30952262878418,6274422
2022-01-17,16.519716262817383,21.95237922668457,22.5,21.95237922668457,22.373014450073242,7325262
2022-01-18,17.081119537353516,22.69841194152832,22.78571319580078,21.873014450073242,21.960317611694336,12579462
2022-01-19,17.343914031982422,23.047618865966797,23.349206924438477,22.888887405395508,23.25396728515625,11899440
2022-01-20,17.099040985107422,22.72222137451172,23.325395584106445,22.658729553222656,23.301586151123047,11047932
2022-01-21,16.400264739990234,21.793649673461914,22.690475463867188,21.75396728515625,22.61111068725586,14000364
2022-01-24,16.60332679748535,22.063491821289062,22.19841194152832,21.095237731933594,21.72222137451172,16535106
2022-01-25,16.358461380004883,21.738094329833984,22.14285659790039,21.468252182006836,22.0238094329834,15550038
2022-01-26,16.651107788085938,22.126983642578125,22.53174591064453,21.825395584106445,22.007936477661133,15821316
2022-01-27,16.69888687133789,22.190475463867188,22.492063522338867,22.047618865966797,22.373014450073242,10362996
2022-01-28,16.764585494995117,22.27777671813965,22.658729553222656,21.9841251373291,22.4761905670166,12157992
2022-01-31,16.627216339111328,22.095237731933594,22.396825790405273,21.992063522338867,22.063491821289062,12897864
2022-02-01,17.158763885498047,22.801586151123047,22.960317611694336,21.865079879760742,22.134920120239258,10462788
2022-02-02,17.290159225463867,22.9761905670166,23.11111068725586,22.674602508544922,22.761903762817383,8712900
2022-02-03,17.158763885498047,22.801586151123047,23.269840240478516,22.619047164916992,23.08730125427246,8721846
2022-02-04,17.188629150390625,22.84126853942871,22.92063331604004,22.468252182006836,22.58730125427246,9327780
2022-02-07,17.43946647644043,23.174602508544922,23.30952262878418,22.75396728515625,22.960317611694336,10791522
2022-02-08,17.26029396057129,22.936506271362305,23.206348419189453,22.515872955322266,23.174602508544922,11860632
2022-02-09,17.343914031982422,23.047618865966797,23.301586151123047,22.571428298950195,22.817459106445312,9470412
2022-02-10,17.200571060180664,22.857141494750977,23.4841251373291,22.801586151123047,23.16666603088379,25077780
2022-02-11,16.776531219482422,22.293649673461914,22.968252182006836,22.11111068725586,22.95237922668457,27874350
2022-02-14,16.591386795043945,22.047618865966797,22.42063331604004,21.793649673461914,22.22222137451172,10703952
2022-02-15,16.52568817138672,21.960317611694336,22.126983642578125,21.44444465637207,21.84126853942871,9253188
2022-02-16,16.3942928314209,21.78571319580078,22.293649673461914,21.682538986206055,22.03174591064453,11725182
2022-02-17,15.522318840026855,20.626983642578125,21.674602508544922,20.603174209594727,21.674602508544922,26330094
2022-02-18,15.253562927246094,20.269840240478516,20.825395584106445,20.22222137451172,20.793649673461914,9951102
2022-02-21,15.074389457702637,20.03174591064453,20.547618865966797,19.968252182006836,20.396825790405273,7627788
2022-02-22,15.169949531555176,20.158729553222656,20.492063522338867,19.936506271362305,20.380952835083008,13445712
2022-02-23,14.662290573120117,19.4841251373291,20.396825790405273,19.317459106445312,20.238094329833984,27310374
2022-02-24,14.50103759765625,19.269840240478516,19.53174591064453,18.317459106445312,18.801586151123047,26535348
2022-02-25,15.205781936645508,20.206348419189453,20.206348419189453,18.738094329833984,19.206348419189453,32351508
2022-03-02,16.18526268005371,21.507936477661133,21.66666603088379,20.95237922668457,21.22222137451172,19643904
2022-03-03,16.901948928833008,22.460317611694336,22.682538986206055,21.634920120239258,21.78571319580078,35079912
2022-03-04,17.558916091918945,23.333332061767578,23.333332061767578,22.158729553222656,22.396825790405273,25964946
2022-03-07,17.24237823486328,22.91269874572754,23.769840240478516,22.73015785217285,23.53174591064453,24619014
2022-03-08,16.79132080078125,22.158729553222656,23.11111068725586,21.936506271362305,22.75396728515625,17198622
2022-03-09,17.35664176940918,22.904760360717773,22.904760360717773,21.658729553222656,22.14285659790039,13896792
2022-03-10,18.156522750854492,23.960317611694336,23.960317611694336,22.714284896850586,23.007936477661133,19718874
2022-03-11,18.174558639526367,23.9841251373291,24.158729553222656,23.58730125427246,23.968252182006836,22935780
2022-03-14,17.362661361694336,22.91269874572754,23.880952835083008,22.801586151123047,23.634920120239258,19323738
2022-03-15,16.574817657470703,21.873014450073242,22.658729553222656,21.873014450073242,22.539682388305664,25752510
2022-03-16,16.93566131591797,22.349206924438477,22.94444465637207,21.865079879760742,22.460317611694336,18331740
2022-03-17,17.75958824157715,23.436506271362305,23.55555534362793,22.55555534362793,22.603174209594727,16895844
2022-03-18,18.336946487426758,24.19841194152832,24.19841194152832,23.293649673461914,23.428571701049805,29741544
2022-03-21,18.270788192749023,24.11111068725586,24.674602508544922,23.936506271362305,24.261903762817383,17637984
2022-03-22,17.964069366455078,23.706348419189453,24.317459106445312,23.492063522338867,24.190475463867188,16576812
2022-03-23,18.030223846435547,23.793649673461914,24.380952835083008,23.746030807495117,23.825395584106445,12342078
2022-03-24,18.571489334106445,24.507936477661133,24.72222137451172,23.357141494750977,23.888887405395508,26569116
2022-03-25,18.391069412231445,24.269840240478516,24.95237922668457,24.071428298950195,24.66666603088379,18768204
2022-03-28,18.46925163269043,24.373014450073242,24.92063331604004,24.103174209594727,24.380952835083008,11507454
2022-03-29,18.096376419067383,23.880952835083008,24.714284896850586,23.58730125427246,24.4841251373291,20544678
2022-03-30,18.47526741027832,24.380952835083008,24.5,23.658729553222656,24.08730125427246,17223570
2022-03-31,18.529390335083008,24.45237922668457,24.690475463867188,24.150793075561523,24.53174591064453,12145140
2022-04-01,18.427152633666992,24.317459106445312,24.849206924438477,24.05555534362793,24.626983642578125,16291044
2022-04-04,18.138477325439453,23.936506271362305,24.428571701049805,23.896825790405273,24.30952262878418,9408924
2022-04-05,18.126449584960938,23.92063331604004,24.4841251373291,23.80952262878418,24.05555534362793,14804244
2022-04-06,18.054279327392578,23.825395584106445,24.039682388305664,23.373014450073242,24.03174591064453,11636100
2022-04-07,17.615251541137695,23.246030807495117,23.825395584106445,22.904760360717773,23.547618865966797,20928348
2022-04-08,17.67539405822754,23.325395584106445,23.563491821289062,22.865079879760742,23.182538986206055,17969868
2022-04-11,17.60923957824707,23.238094329833984,23.436506271362305,23.007936477661133,23.11111068725586,7673274
2022-04-12,17.627277374267578,23.261903762817383,23.746030807495117,23.214284896850586,23.64285659790039,8120574
2022-04-13,17.831762313842773,23.53174591064453,23.66666603088379,23.158729553222656,23.30952262878418,10824912
2022-04-14,17.693431854248047,23.349206924438477,23.857141494750977,23.174602508544922,23.404760360717773,10050768
2022-04-18,17.735532760620117,23.404760360717773,23.801586151123047,23.182538986206055,23.261903762817383,11615688
2022-04-19,18.204631805419922,24.0238094329834,24.05555534362793,23.134920120239258,23.246030807495117,11933586
2022-04-20,17.470914840698242,23.05555534362793,24.16666603088379,22.849206924438477,23.92063331604004,15119244
2022-04-22,17.001813888549805,22.436506271362305,22.91269874572754,22.134920120239258,22.72222137451172,20463912
2022-04-25,16.659013748168945,21.9841251373291,22.261903762817383,21.28571319580078,22.126983642578125,18354420
2022-04-26,16.009489059448242,21.126983642578125,22.015872955322266,21.095237731933594,21.9841251373291,16442118
2022-04-27,16.97174644470215,22.396825790405273,22.69841194152832,21.55555534362793,21.55555534362793,19112562
2022-04-28,17.464902877807617,23.047618865966797,23.349206924438477,22.11111068725586,22.460317611694336,21984984
2022-04-29,16.821392059326172,22.19841194152832,23.492063522338867,22.190475463867188,23.333332061767578,16189866
2022-05-02,16.478586196899414,21.746030807495117,22.301586151123047,21.119047164916992,22.11111068725586,23122890
2022-05-03,16.610898971557617,21.92063331604004,22.14285659790039,21.690475463867188,21.72222137451172,14805504
2022-05-04,16.48460578918457,21.75396728515625,21.960317611694336,21.150793075561523,21.77777671813965,18374706
2022-05-05,16.8695068359375,22.261903762817383,22.44444465637207,21.047618865966797,22.007936477661133,35154630
2022-05-06,16.959716796875,22.380952835083008,22.80952262878418,21.73015785217285,22.22222137451172,19091394
2022-05-09,16.56278419494629,21.857141494750977,22.158729553222656,21.626983642578125,21.936506271362305,12874932
2022-05-10,15.841097831726074,20.904760360717773,21.9841251373291,20.325395584106445,21.9841251373291,30292038
2022-05-11,16.310195922851562,21.5238094329834,21.928571701049805,20.880952835083008,20.94444465637207,20948508
2022-05-12,16.47257423400879,21.738094329833984,21.849206924438477,21.214284896850586,21.349206924438477,16526664
2022-05-13,16.719152450561523,22.063491821289062,22.317459106445312,21.714284896850586,21.896825790405273,8366148
2022-05-16,16.959716796875,22.380952835083008,22.801586151123047,22.174602508544922,22.261903762817383,10852884
2022-05-17,17.156139373779297,22.182538986206055,22.55555534362793,22.103174209594727,22.539682388305664,13036842
2022-05-18,16.180171966552734,20.92063331604004,22.126983642578125,20.880952835083008,22.047618865966797,21238812
2022-05-19,16.60370445251465,21.468252182006836,21.69841194152832,20.793649673461914,20.84126853942871,14642586
2022-05-20,17.162273406982422,22.190475463867188,22.515872955322266,21.801586151123047,22.0,21950082
2022-05-23,17.63491439819336,22.801586151123047,23.174602508544922,22.507936477661133,22.53174591064453,12436074
2022-05-24,17.862022399902344,23.095237731933594,23.174602508544922,22.28571319580078,22.5,19769778
2022-05-25,17.745405197143555,22.94444465637207,23.05555534362793,22.674602508544922,22.865079879760742,14421708
2022-05-26,17.8252010345459,23.047618865966797,23.28571319580078,22.690475463867188,22.9841251373291,23166234
2022-05-27,18.04616928100586,23.333332061767578,23.603174209594727,23.182538986206055,23.19841194152832,16989462
2022-05-30,17.8252010345459,23.047618865966797,23.547618865966797,22.9841251373291,23.547618865966797,7867692
2022-05-31,17.904991149902344,23.150793075561523,23.373014450073242,22.825395584106445,23.25396728515625,23880276
2022-06-01,17.85588836669922,23.08730125427246,23.373014450073242,23.063491821289062,23.357141494750977,19002564
2022-06-02,18.580190658569336,24.0238094329834,24.269840240478516,23.380952835083008,23.44444465637207,15924006
2022-06-03,18.46356201171875,23.873014450073242,24.103174209594727,23.73015785217285,23.9841251373291,5847660
2022-06-06,18.61087989807129,24.063491821289062,24.44444465637207,23.84126853942871,24.05555534362793,9255204
2022-06-07,18.653850555419922,24.119047164916992,24.428571701049805,23.817459106445312,23.880952835083008,10281096
2022-06-08,17.739259719848633,22.936506271362305,24.007936477661133,22.78571319580078,23.992063522338867,18385794
2022-06-09,16.965850830078125,21.936506271362305,22.682538986206055,21.896825790405273,22.682538986206055,24434928
2022-06-10,16.85536766052246,21.793649673461914,21.94444465637207,21.11111068725586,21.69841194152832,18876186
2022-06-13,15.959198951721191,20.634920120239258,21.269840240478516,20.079364776611328,21.269840240478516,28035882
2022-06-14,15.597047805786133,20.16666603088379,20.873014450073242,19.9841251373291,20.769840240478516,18427122
2022-06-15,15.566354751586914,20.126983642578125,20.738094329833984,20.0238094329834,20.41269874572754,21422268
2022-06-17,14.338727951049805,18.539682388305664,19.595237731933594,18.42063331604004,19.53174591064453,48281688
2022-06-20,14.363276481628418,18.571428298950195,18.674602508544922,17.706348419189453,18.349206924438477,22753962
2022-06-21,14.645628929138184,18.936506271362305,19.08730125427246,18.64285659790039,18.793649673461914,23657886
2022-06-22,14.068650245666504,18.190475463867188,18.4841251373291,17.77777671813965,18.4841251373291,26676846
2022-06-23,13.669666290283203,17.674602508544922,18.801586151123047,17.373014450073242,18.436506271362305,34430508
2022-06-24,14.209822654724121,18.373014450073242,18.515872955322266,17.801586151123047,17.94444465637207,17235918
2022-06-27,14.424657821655273,18.650793075561523,18.95237922668457,18.333332061767578,18.69841194152832,18857664
2022-06-28,14.363276481628418,18.571428298950195,19.214284896850586,18.468252182006836,18.968252182006836,16396254
2022-06-29,14.20368480682373,18.365079879760742,18.833332061767578,18.301586151123047,18.73015785217285,10545696
2022-06-30,13.718771934509277,17.738094329833984,18.047618865966797,17.515872955322266,17.968252182006836,19893762
2022-07-01,13.675804138183594,17.682538986206055,17.865079879760742,17.095237731933594,17.45237922668457,20410110
2022-07-04,13.602147102355957,17.58730125427246,17.825395584106445,17.380952835083008,17.4761905670166,7633836
2022-07-05,13.36275863647461,17.27777671813965,17.5,16.91269874572754,17.41269874572754,21942018
2022-07-06,13.6389741897583,17.634920120239258,17.714284896850586,17.0,17.261903762817383,13930434
2022-07-07,14.424657821655273,18.650793075561523,18.825395584106445,17.960317611694336,18.0,33383826
2022-07-08,14.351001739501953,18.55555534362793,19.079364776611328,18.41269874572754,18.690475463867188,15663816
2022-07-11,14.08092212677002,18.206348419189453,18.44444465637207,18.08730125427246,18.206348419189453,10342332
2022-07-12,14.19140911102295,18.349206924438477,18.563491821289062,17.66666603088379,18.015872955322266,13657014
2022-07-13,14.277341842651367,18.460317611694336,18.817459106445312,18.119047164916992,18.269840240478516,10315872
2022-07-14,13.6389741897583,17.634920120239258,18.19841194152832,17.4841251373291,18.126983642578125,16702686
2022-07-15,14.449213027954102,18.682538986206055,18.72222137451172,17.42063331604004,17.626983642578125,30962862
2022-07-18,14.351001739501953,18.55555534362793,19.08730125427246,18.396825790405273,18.904760360717773,14158872
2022-07-19,14.725428581237793,19.039682388305664,19.119047164916992,18.428571701049805,18.539682388305664,10126368
2022-07-20,14.614940643310547,18.896825790405273,18.9761905670166,18.507936477661133,18.801586151123047,10776654
2022-07-21,14.633355140686035,18.92063331604004,19.015872955322266,18.44444465637207,18.888887405395508,13812750
2022-07-22,14.614940643310547,18.896825790405273,19.80952262878418,18.857141494750977,19.333332061767578,13098834
2022-07-25,14.909573554992676,19.27777671813965,19.53174591064453,19.0238094329834,19.349206924438477,10018512
2022-07-26,14.756120681762695,19.079364776611328,19.4761905670166,18.880952835083008,19.44444465637207,9266292
2022-07-27,14.73770523071289,19.05555534362793,19.396825790405273,18.682538986206055,19.206348419189453,18471474
2022-07-28,14.811361312866211,19.150793075561523,19.507936477661133,19.0238094329834,19.134920120239258,14995260
2022-07-29,15.013919830322266,19.41269874572754,19.64285659790039,18.91269874572754,19.16666603088379,18195282
2022-08-01,14.52900505065918,18.78571319580078,19.547618865966797,18.650793075561523,19.547618865966797,16655058
2022-08-02,14.977091789245605,19.365079879760742,19.515872955322266,18.61111068725586,18.793649673461914,16078734
2022-08-03,14.369416236877441,18.579364776611328,19.650793075561523,18.28571319580078,19.55555534362793,30645468
2022-08-04,14.82364273071289,19.16666603088379,19.357141494750977,18.34126853942871,18.714284896850586,25732728
2022-08-05,15.130546569824219,19.563491821289062,19.78571319580078,19.16666603088379,19.182538986206055,13861512
2022-08-08,15.253307342529297,19.72222137451172,20.095237731933594,19.4841251373291,19.92063331604004,13873230
2022-08-09,15.498834609985352,20.039682388305664,20.11111068725586,19.5,19.91269874572754,13320846
2022-08-10,15.578631401062012,20.14285659790039,20.357141494750977,19.95237922668457,20.261903762817383,19786284
2022-08-11,15.701395988464355,20.301586151123047,20.714284896850586,20.22222137451172,20.428571701049805,18592938
2022-08-12,16.020578384399414,20.714284896850586,20.833332061767578,20.380952835083008,20.45237922668457,12643344
2022-08-15,15.793466567993164,20.42063331604004,20.547618865966797,20.047618865966797,20.5,10822896
2022-08-16,15.421041488647461,19.388887405395508,20.16666603088379,19.007936477661133,20.015872955322266,29851668
2022-08-17,15.597783088684082,19.61111068725586,19.714284896850586,19.05555534362793,19.246030807495117,13086864
2022-08-18,15.288479804992676,19.22222137451172,19.84126853942871,19.174602508544922,19.801586151123047,14101038
2022-08-19,14.979174613952637,18.833332061767578,19.182538986206055,18.61111068725586,19.071428298950195,17160318
2022-08-22,14.606745719909668,18.365079879760742,18.674602508544922,18.238094329833984,18.674602508544922,15169014
2022-08-23,15.477850914001465,19.460317611694336,19.5238094329834,18.492063522338867,18.61111068725586,13856220
2022-08-24,15.351606369018555,19.301586151123047,19.55555534362793,19.11111068725586,19.44444465637207,12807144
2022-08-25,15.57253646850586,19.579364776611328,19.674602508544922,19.293649673461914,19.45237922668457,9875376
2022-08-26,15.187482833862305,19.095237731933594,19.928571701049805,19.071428298950195,19.833332061767578,11401110
2022-08-29,15.124360084533691,19.015872955322266,19.246030807495117,18.80952262878418,19.03174591064453,7581672
2022-08-30,14.859241485595703,18.682538986206055,19.126983642578125,18.619047164916992,18.968252182006836,12120822
2022-08-31,14.720373153686523,18.507936477661133,18.904760360717773,18.507936477661133,18.857141494750977,18110484
2022-09-01,14.739307403564453,18.53174591064453,18.626983642578125,17.968252182006836,18.5238094329834,15942780
2022-09-02,15.193795204162598,19.103174209594727,19.34126853942871,18.619047164916992,18.72222137451172,15630552
2022-09-05,15.414728164672852,19.380952835083008,19.992063522338867,19.301586151123047,19.317459106445312,10232838
2022-09-06,15.21273136138916,19.126983642578125,19.404760360717773,18.94444465637207,19.246030807495117,13405770
2022-09-08,14.92236614227295,18.761903762817383,19.325395584106445,18.634920120239258,19.28571319580078,23738526
2022-09-09,15.490476608276367,19.4761905670166,19.5,18.960317611694336,19.174602508544922,47303928
2022-09-12,15.534667015075684,19.53174591064453,20.079364776611328,19.34126853942871,19.706348419189453,16367022
2022-09-13,14.947616577148438,18.793649673461914,19.4761905670166,18.746030807495117,19.206348419189453,14301756
2022-09-14,14.392127990722656,18.095237731933594,18.80952262878418,17.84126853942871,18.674602508544922,31046400
2022-09-15,14.392127990722656,18.095237731933594,18.34126853942871,17.992063522338867,18.16666603088379,8507520
2022-09-16,14.512060165405273,18.246030807495117,18.4841251373291,17.904760360717773,17.91269874572754,20466054
2022-09-19,15.345291137695312,19.293649673461914,19.396825790405273,18.079364776611328,18.095237731933594,27641880
2022-09-20,15.2064208984375,19.119047164916992,19.293649673461914,18.888887405395508,19.238094329833984,17730216
2022-09-21,15.231669425964355,19.150793075561523,19.468252182006836,19.047618865966797,19.19841194152832,11988018
2022-09-22,15.578849792480469,19.58730125427246,19.91269874572754,19.41269874572754,19.492063522338867,22841658
2022-09-23,15.345291137695312,19.293649673461914,19.301586151123047,18.904760360717773,19.206348419189453,13070736
2022-09-26,14.934988021850586,18.77777671813965,19.269840240478516,18.75396728515625,19.119047164916992,7174944
2022-09-27,15.004426956176758,18.865079879760742,18.968252182006836,18.674602508544922,18.817459106445312,13450878
2022-09-28,14.966547966003418,18.817459106445312,19.03174591064453,18.73015785217285,18.928571701049805,7585578
2022-09-29,14.916051864624023,18.75396728515625,18.873014450073242,18.396825790405273,18.650793075561523,10180296
2022-09-30,15.427351951599121,19.396825790405273,19.674602508544922,18.579364776611328,18.64285659790039,15004836
2022-10-03,15.875530242919922,19.960317611694336,20.293649673461914,19.634920120239258,19.896825790405273,17975916
2022-10-04,16.102771759033203,20.246030807495117,20.626983642578125,20.14285659790039,20.396825790405273,14478786
2022-10-05,15.938652992248535,20.039682388305664,20.428571701049805,19.84126853942871,20.373014450073242,16273908
2022-10-06,16.12171173095703,20.269840240478516,20.460317611694336,20.0238094329834,20.126983642578125,15431724
2022-10-07,16.14695930480957,20.301586151123047,20.793649673461914,20.174602508544922,20.174602508544922,18627210
2022-10-10,16.2984561920166,20.492063522338867,20.674602508544922,20.325395584106445,20.634920120239258,12992994
2022-10-11,16.323705673217773,20.5238094329834,20.73015785217285,20.16666603088379,20.404760360717773,9658278
2022-10-13,16.35526466369629,20.563491821289062,20.706348419189453,20.16666603088379,20.238094329833984,11178216
2022-10-14,15.970210075378418,20.079364776611328,20.66666603088379,19.9841251373291,20.5,9453402
2022-10-17,16.304767608642578,20.5,20.61111068725586,20.015872955322266,20.23015785217285,8517096
2022-10-18,16.544631958007812,20.801586151123047,20.904760360717773,20.45237922668457,20.761903762817383,9863910
2022-10-19,16.29214096069336,20.4841251373291,20.896825790405273,20.357141494750977,20.801586151123047,12304404
2022-10-20,16.70244598388672,21.0,21.11111068725586,20.28571319580078,20.619047164916992,13144320
2022-10-21,17.030685424804688,21.41269874572754,21.603174209594727,20.833332061767578,20.992063522338867,14214942
2022-10-24,16.954936981201172,21.317459106445312,21.507936477661133,21.015872955322266,21.015872955322266,14292810
2022-10-25,16.860252380371094,21.19841194152832,21.507936477661133,21.039682388305664,21.25396728515625,9947826
2022-10-26,16.816062927246094,21.14285659790039,21.460317611694336,20.817459106445312,21.150793075561523,16322922
2022-10-27,16.7781925201416,21.095237731933594,21.30952262878418,20.507936477661133,21.150793075561523,12522636
2022-10-28,16.165895462036133,20.325395584106445,20.968252182006836,19.738094329833984,20.849206924438477,17654364
2022-10-31,16.2542667388916,20.436506271362305,20.857141494750977,19.801586151123047,20.0,14226786
2022-11-01,16.557262420654297,20.817459106445312,20.95237922668457,20.41269874572754,20.73015785217285,23993298
2022-11-03,16.273204803466797,20.460317611694336,20.619047164916992,20.190475463867188,20.58730125427246,7592004
2022-11-04,17.0180606842041,21.396825790405273,21.825395584106445,21.039682388305664,21.190475463867188,19713078
2022-11-07,16.771881103515625,21.08730125427246,21.357141494750977,20.80952262878418,21.238094329833984,16430022
2022-11-08,17.194805145263672,21.619047164916992,21.77777671813965,20.769840240478516,20.960317611694336,17675910
2022-11-09,17.99647331237793,22.626983642578125,22.928571701049805,21.833332061767578,21.91269874572754,32069772
2022-11-10,18.021724700927734,22.658729553222656,22.9841251373291,22.079364776611328,22.126983642578125,28353402
2022-11-11,19.643993377685547,24.69841194152832,24.84126853942871,22.992063522338867,23.015872955322266,39955482
2022-11-14,19.694490432739258,24.761903762817383,25.28571319580078,24.325395584106445,24.9761905670166,18347238
2022-11-16,19.29681396484375,24.261903762817383,25.134920120239258,24.11111068725586,24.936506271362305,12438090
2022-11-17,19.164257049560547,24.095237731933594,24.214284896850586,23.563491821289062,24.007936477661133,14861826
2022-11-18,18.82969856262207,23.674602508544922,24.5238094329834,23.5,24.396825790405273,12308310
2022-11-21,19.000133514404297,23.888887405395508,24.007936477661133,23.34126853942871,23.880952835083008,16460640
2022-11-22,19.67992401123047,22.9761905670166,23.05555534362793,22.047618865966797,22.047618865966797,16651656
2022-11-23,19.958637237548828,23.301586151123047,23.333332061767578,22.690475463867188,22.928571701049805,12043962
2022-11-24,20.15578269958496,23.53174591064453,23.833332061767578,23.079364776611328,23.44444465637207,6614244
2022-11-25,19.965431213378906,23.30952262878418,23.9841251373291,23.119047164916992,23.619047164916992,7897680
2022-11-28,19.8974552154541,23.23015785217285,23.507936477661133,22.801586151123047,23.25396728515625,14551866
2022-11-29,21.087093353271484,24.619047164916992,24.78571319580078,23.404760360717773,23.45237922668457,24813558
2022-11-30,21.46097755432129,25.05555534362793,25.77777671813965,24.45237922668457,24.595237731933594,42015456
2022-12-01,20.855960845947266,24.349206924438477,25.063491821289062,24.293649673461914,25.063491821289062,15880914
2022-12-02,21.1414737701416,24.682538986206055,25.08730125427246,23.80952262878418,24.603174209594727,14346234
2022-12-05,20.835569381713867,24.325395584106445,25.190475463867188,24.23015785217285,24.78571319580078,14742000
2022-12-06,21.10748291015625,24.64285659790039,25.150793075561523,24.269840240478516,24.571428298950195,15634458
2022-12-07,21.05989646911621,24.58730125427246,24.825395584106445,23.706348419189453,24.301586151123047,17629416
2022-12-08,21.025907516479492,24.547618865966797,25.134920120239258,24.468252182006836,24.75396728515625,10205370
2022-12-09,21.392995834350586,24.9761905670166,25.174602508544922,24.5238094329834,24.904760360717773,12848598
2022-12-12,21.250240325927734,24.80952262878418,24.928571701049805,24.238094329833984,24.738094329833984,12455100
2022-12-13,21.04630470275879,24.571428298950195,25.190475463867188,24.53174591064453,24.94444465637207,16831962
2022-12-14,21.155067443847656,24.69841194152832,24.738094329833984,24.126983642578125,24.5238094329834,16639812
2022-12-15,20.556854248046875,24.0,25.047618865966797,23.94444465637207,24.936506271362305,20351016
2022-12-16,20.5092716217041,23.94444465637207,24.14285659790039,23.634920120239258,23.9841251373291,24850854
2022-12-19,20.223756790161133,23.61111068725586,24.19841194152832,23.44444465637207,23.73015785217285,15352974
2022-12-20,20.699609756469727,24.16666603088379,24.45237922668457,23.66666603088379,23.69841194152832,14813568
2022-12-21,20.686012268066406,24.150793075561523,24.436506271362305,24.0,24.404760360717773,12074832
2022-12-22,20.298534393310547,23.69841194152832,24.071428298950195,23.206348419189453,24.071428298950195,19183626
2022-12-23,19.509977340698242,22.77777671813965,23.77777671813965,22.492063522338867,23.761903762817383,30149028
2022-12-26,19.1564884185791,22.365079879760742,22.817459106445312,22.349206924438477,22.77777671813965,7240212
2022-12-27,20.108192443847656,23.4761905670166,23.66666603088379,22.579364776611328,22.674602508544922,17502912
2022-12-28,20.019817352294922,23.373014450073242,23.873014450073242,23.293649673461914,23.64285659790039,10655064
2022-12-29,19.965431213378906,23.30952262878418,23.64285659790039,23.269840240478516,23.5,10380132
2023-01-02,20.026620864868164,23.380952835083008,23.55555534362793,22.857141494750977,23.238094329833984,6113394
2023-01-03,20.06740379333496,23.428571701049805,24.015872955322266,23.158729553222656,23.301586151123047,17155656
2023-01-04,19.972232818603516,23.317459106445312,23.5238094329834,22.95237922668457,23.5238094329834,9732996
2023-01-05,20.461681365966797,23.888887405395508,24.150793075561523,23.03174591064453,23.492063522338867,14763042
2023-01-06,20.618032455444336,24.071428298950195,24.650793075561523,24.03174591064453,24.22222137451172,14275296
2023-01-09,21.039508819580078,24.563491821289062,24.880952835083008,23.9761905670166,23.9841251373291,13096692
2023-01-10,21.624122619628906,25.246030807495117,25.468252182006836,24.357141494750977,24.357141494750977,19317438
2023-01-11,21.841655731201172,25.5,25.595237731933594,24.468252182006836,25.396825790405273,17544492
2023-01-12,21.923233032226562,25.595237731933594,25.873014450073242,25.365079879760742,25.595237731933594,12746664
2023-01-13,22.045591354370117,25.738094329833984,25.880952835083008,25.468252182006836,25.595237731933594,10054044
2023-01-16,21.67850685119629,25.30952262878418,25.55555534362793,24.80952262878418,25.55555534362793,6990858
2023-01-17,21.991209030151367,25.674602508544922,26.182538986206055,25.269840240478516,25.4761905670166,13195728
2023-01-18,22.7117919921875,26.515872955322266,26.888887405395508,25.84126853942871,25.95237922668457,19834668
2023-01-19,22.772972106933594,26.58730125427246,26.78571319580078,26.269840240478516,26.269840240478516,14786100
2023-01-20,22.569034576416016,26.349206924438477,26.674602508544922,26.19841194152832,26.45237922668457,11917458
2023-01-23,22.086381912231445,25.78571319580078,26.746030807495117,25.714284896850586,26.55555534362793,9830268
2023-01-24,22.018400192260742,25.706348419189453,26.015872955322266,25.41269874572754,25.714284896850586,8828820
2023-01-25,21.94362449645996,25.619047164916992,25.801586151123047,25.14285659790039,25.66666603088379,14182560
2023-01-26,22.433074951171875,26.190475463867188,26.261903762817383,25.75396728515625,25.793649673461914,8975484
2023-01-27,21.936826705932617,25.61111068725586,26.436506271362305,25.428571701049805,26.269840240478516,9225846
2023-01-30,22.038793563842773,25.73015785217285,25.928571701049805,25.428571701049805,25.78571319580078,7234920
2023-01-31,22.25632667541504,25.9841251373291,26.404760360717773,25.619047164916992,25.793649673461914,14706216
2023-02-01,21.834861755371094,25.492063522338867,25.936506271362305,25.05555534362793,25.880952835083008,11488680
2023-02-02,20.849157333374023,24.34126853942871,25.365079879760742,24.269840240478516,25.27777671813965,14599872
2023-02-03,21.10748291015625,24.64285659790039,24.9841251373291,24.27777671813965,24.404760360717773,10742634
2023-02-06,20.93754005432129,24.44444465637207,24.650793075561523,23.857141494750977,24.27777671813965,12777030
2023-02-07,21.236642837524414,24.793649673461914,25.03174591064453,24.206348419189453,24.44444465637207,10967418
2023-02-08,21.168663024902344,24.714284896850586,24.95237922668457,24.5,24.84126853942871,11919726
2023-02-09,19.489580154418945,22.75396728515625,23.865079879760742,22.682538986206055,23.75396728515625,37235520
2023-02-10,19.251659393310547,22.4761905670166,23.158729553222656,22.25396728515625,22.579364776611328,22591926
2023-02-13,19.435197830200195,22.690475463867188,22.769840240478516,21.75396728515625,22.246030807495117,11853576
2023-02-14,19.482784271240234,22.746030807495117,23.16666603088379,22.5,22.896825790405273,11007864
2023-02-15,19.401208877563477,22.650793075561523,22.865079879760742,22.357141494750977,22.69841194152832,11745972
2023-02-16,19.61874008178711,22.904760360717773,23.333332061767578,22.738094329833984,22.738094329833984,12189870
2023-02-17,19.435197830200195,22.690475463867188,23.16666603088379,22.42063331604004,23.16666603088379,9354618
2023-02-22,19.136089324951172,22.34126853942871,22.75396728515625,22.05555534362793,22.539682388305664,7513506
2023-02-23,19.34002685546875,22.579364776611328,22.833332061767578,22.103174209594727,22.45237922668457,10345482
2023-02-24,19.068115234375,22.261903762817383,22.94444465637207,22.063491821289062,22.460317611694336,9228618
2023-02-27,19.17008399963379,22.380952835083008,22.61111068725586,22.095237731933594,22.19841194152832,6466824
2023-02-28,19.462390899658203,22.72222137451172,22.857141494750977,22.30952262878418,22.34126853942871,19658772
2023-03-01,20.06740379333496,23.428571701049805,23.769840240478516,22.619047164916992,22.619047164916992,23004450
2023-03-02,20.101396560668945,23.468252182006836,23.801586151123047,23.190475463867188,23.42063331604004,10844820
2023-03-03,19.999425888061523,23.349206924438477,24.071428298950195,23.23015785217285,23.626983642578125,11558862
2023-03-06,19.36042022705078,22.603174209594727,23.45237922668457,22.4841251373291,23.16666603088379,13252302
2023-03-07,19.095306396484375,22.293649673461914,23.0238094329834,22.22222137451172,22.658729553222656,11043144
2023-03-08,19.455589294433594,22.714284896850586,22.84126853942871,22.349206924438477,22.42063331604004,12727260
2023-03-09,18.612653732299805,21.73015785217285,22.801586151123047,21.73015785217285,22.563491821289062,20849472
2023-03-10,18.3475341796875,21.42063331604004,22.03174591064453,21.34126853942871,21.650793075561523,10423728
2023-03-13,18.15039825439453,21.190475463867188,21.539682388305664,21.126983642578125,21.293649673461914,11845134
2023-03-14,18.388322830200195,21.468252182006836,21.690475463867188,21.30952262878418,21.317459106445312,12438342
2023-03-15,17.53225326538086,20.317459106445312,20.992063522338867,19.968252182006836,20.9761905670166,25827858
2023-03-16,17.717164993286133,20.53174591064453,20.682538986206055,20.05555534362793,20.404760360717773,17658648
2023-03-17,17.46377182006836,20.238094329833984,20.682538986206055,20.05555534362793,20.547618865966797,22837626
2023-03-20,17.361040115356445,20.119047164916992,20.380952835083008,20.0,20.16666603088379,9629046
2023-03-21,17.54595184326172,20.333332061767578,20.547618865966797,20.095237731933594,20.134920120239258,9023490
2023-03-22,17.61786460876465,20.41666603088379,20.816665649414062,20.0,20.25,16468560
2023-03-23,17.474042892456055,20.25,21.024999618530273,20.03333282470703,20.350000381469727,15159960
2023-03-24,17.682584762573242,20.491666793823242,20.674999237060547,20.16666603088379,20.433332443237305,9808560
2023-03-27,17.747299194335938,20.566665649414062,20.799999237060547,20.424999237060547,20.716665267944336,5658360
2023-03-28,17.812015533447266,20.641666412353516,20.91666603088379,20.508333206176758,20.591665267944336,5678400
2023-03-29,17.761682510375977,20.583332061767578,20.875,20.391666412353516,20.725000381469727,8022840
2023-03-30,18.336959838867188,21.25,21.375,20.825000762939453,20.933332443237305,14611320
2023-03-31,18.185949325561523,21.075000762939453,21.75,21.049999237060547,21.28333282470703,13625640
2023-04-03,18.265047073364258,21.16666603088379,21.383333206176758,20.66666603088379,20.958332061767578,9213360
2023-04-04,17.8192081451416,20.649999618530273,21.25,20.649999618530273,21.125,10639920
2023-04-05,17.287076950073242,20.03333282470703,20.649999618530273,19.858333587646484,20.649999618530273,10440240
2023-04-06,17.215167999267578,19.950000762939453,20.108333587646484,19.758333206176758,19.941665649414062,7568760
2023-04-10,17.696964263916016,20.508333206176758,20.825000762939453,20.016666412353516,20.16666603088379,13600680
2023-04-11,18.638980865478516,21.600000381469727,21.808332443237305,20.941665649414062,20.991666793823242,16731840
2023-04-12,18.459203720092773,21.391666412353516,21.78333282470703,21.308332443237305,21.78333282470703,15741720
2023-04-13,18.65336036682129,21.616666793823242,21.75,21.241666793823242,21.375,13083840
2023-04-14,18.804372787475586,21.79166603088379,21.975000381469727,21.299999237060547,21.441665649414062,13021080
2023-04-17,18.703699111938477,21.674999237060547,22.200000762939453,21.608333587646484,21.833332061767578,6453360
2023-04-18,18.732463836669922,21.708332061767578,21.975000381469727,21.441665649414062,21.883333206176758,6111600
2023-04-19,18.38729476928711,21.308332443237305,21.53333282470703,20.983333587646484,21.41666603088379,7248000
2023-04-20,18.617408752441406,21.575000762939453,21.725000381469727,21.083332061767578,21.100000381469727,11644440
2023-04-24,18.07808494567871,20.950000762939453,21.216665267944336,20.65833282470703,21.008333206176758,8525640
2023-04-25,17.445276260375977,20.216665267944336,20.716665267944336,20.04166603088379,20.65833282470703,10123560
2023-04-26,17.38056182861328,20.141666412353516,20.566665649414062,20.066665649414062,20.333332061767578,7086000
2023-04-27,17.57472038269043,20.366666793823242,20.616666793823242,19.991666793823242,20.16666603088379,8016720
2023-04-28,18.106849670410156,20.983333587646484,21.066665649414062,20.308332443237305,20.41666603088379,11117760
2023-05-02,17.56752586364746,20.358333587646484,21.091665267944336,20.133333206176758,20.850000381469727,13327440
2023-05-03,17.768871307373047,20.591665267944336,20.858333587646484,19.799999237060547,20.524999618530273,17237160
2023-05-04,17.0353946685791,19.741666793823242,21.083332061767578,19.700000762939453,20.875,16139520
2023-05-05,17.826396942138672,20.65833282470703,20.708332061767578,19.75,19.833332061767578,14900160
2023-05-08,17.99179458618164,20.850000381469727,21.083332061767578,20.558332443237305,21.0,8873280
2023-05-09,18.092464447021484,20.966665267944336,21.133333206176758,20.383333206176758,20.75,8694480
2023-05-10,17.52437973022461,20.308332443237305,21.116666793823242,20.049999237060547,21.0,16451040
2023-05-11,17.344602584838867,20.100000381469727,20.233333587646484,19.700000762939453,20.075000762939453,16195200
2023-05-12,17.445276260375977,20.216665267944336,20.458332061767578,19.841665267944336,20.100000381469727,14415480
2023-05-15,17.560340881347656,20.350000381469727,20.833332061767578,20.308332443237305,20.475000381469727,11285280
2023-05-16,17.149049758911133,19.458332061767578,20.225000381469727,19.29166603088379,20.024999618530273,16119000
2023-05-17,17.714563369750977,20.100000381469727,20.29166603088379,19.66666603088379,19.825000762939453,14625000
2023-05-18,17.773324966430664,20.16666603088379,20.25,19.816665649414062,20.066665649414062,11082000
2023-05-19,17.685190200805664,20.066665649414062,20.29166603088379,19.725000381469727,20.274999618530273,20315640
2023-05-22,18.426965713500977,20.90833282470703,20.991666793823242,20.008333206176758,20.04166603088379,15342600
2023-05-23,18.390249252319336,20.866666793823242,21.125,20.591665267944336,20.833332061767578,14266200
2023-05-24,17.96427345275879,20.383333206176758,20.65833282470703,20.208332061767578,20.458332061767578,12253320
2023-05-25,17.780668258666992,20.174999237060547,20.891666412353516,20.083332061767578,20.725000381469727,18010080
2023-05-26,18.331493377685547,20.799999237060547,20.966665267944336,20.608333587646484,20.683332443237305,14580960
2023-05-29,18.324146270751953,20.79166603088379,21.225000381469727,20.75,21.024999618530273,5503080
2023-05-30,17.861454010009766,20.266666412353516,20.975000381469727,20.183332443237305,20.975000381469727,10528320
2023-05-31,17.604402542114258,19.975000381469727,20.29166603088379,19.875,20.100000381469727,18733080
2023-06-01,17.83942413330078,20.241666793823242,20.483333587646484,19.891666412353516,20.208332061767578,11814360
2023-06-02,18.41962242126465,20.899999618530273,21.333332061767578,20.758333206176758,20.875,18885960
2023-06-05,18.40493392944336,20.883333206176758,21.133333206176758,20.716665267944336,21.04166603088379,6771600
2023-06-06,18.360870361328125,20.833332061767578,21.058332443237305,20.758333206176758,20.991666793823242,11718480
2023-06-07,18.50041389465332,20.991666793823242,21.04166603088379,20.641666412353516,20.950000762939453,15077280
2023-06-09,18.581201553344727,21.083332061767578,21.391666412353516,20.91666603088379,21.16666603088379,8905080
2023-06-12,18.456342697143555,20.941665649414062,21.04166603088379,20.549999237060547,21.03333282470703,7286280
2023-06-13,18.47103500366211,20.958332061767578,21.241666793823242,20.866666793823242,21.16666603088379,10306560
2023-06-14,19.12468147277832,21.700000762939453,21.825000762939453,21.149999618530273,21.233333587646484,18430800
2023-06-15,19.036548614501953,21.600000381469727,21.91666603088379,21.466665267944336,21.78333282470703,10100880
2023-06-16,19.058582305908203,21.625,21.75,21.333332061767578,21.549999237060547,17431920
2023-06-19,19.26422119140625,21.858333587646484,22.016666412353516,21.549999237060547,21.625,6662880
2023-06-20,18.992483139038086,21.549999237060547,21.891666412353516,21.25,21.875,10133040
2023-06-21,18.8382511138916,21.375,21.483333587646484,21.216665267944336,21.458332061767578,10302720
2023-06-22,18.478378295898438,20.966665267944336,21.566665649414062,20.79166603088379,21.358333587646484,11401080
2023-06-23,18.456342697143555,20.941665649414062,21.058332443237305,20.700000762939453,20.808332443237305,5623920
2023-06-26,18.603233337402344,21.108333587646484,21.216665267944336,20.858333587646484,20.858333587646484,5640840
2023-06-27,18.669328689575195,21.183332443237305,21.424999237060547,21.083332061767578,21.333332061767578,7787040
2023-06-28,18.382902145385742,20.858333587646484,21.516666412353516,20.716665267944336,21.325000762939453,12631680
2023-06-29,18.566511154174805,21.066665649414062,21.208332061767578,20.79166603088379,20.950000762939453,7711320
2023-06-30,18.41227912902832,20.891666412353516,21.316665649414062,20.841665267944336,21.25,10435080
2023-07-03,19.073272705078125,21.641666412353516,21.75,20.958332061767578,20.958332061767578,13318440
2023-07-04,19.036548614501953,21.600000381469727,21.799999237060547,21.466665267944336,21.591665267944336,6119280
2023-07-05,18.963106155395508,21.516666412353516,21.649999618530273,21.358333587646484,21.516666412353516,8583960
2023-07-06,18.779495239257812,21.308332443237305,21.483333587646484,20.975000381469727,21.316665649414062,10538640
2023-07-07,19.198123931884766,21.78333282470703,22.03333282470703,21.308332443237305,21.325000762939453,8835720
2023-07-10,19.308286666870117,21.90833282470703,21.933332443237305,21.583332061767578,21.641666412353516,5584320
2023-07-11,19.359699249267578,21.966665267944336,22.066665649414062,21.79166603088379,21.950000762939453,9247440
2023-07-12,19.763639450073242,22.424999237060547,22.66666603088379,22.225000381469727,22.341665267944336,12696360
2023-07-13,20.10882568359375,22.816665649414062,23.116666793823242,22.53333282470703,22.649999618530273,12825360
2023-07-14,19.94725227355957,22.633333206176758,23.016666412353516,22.424999237060547,23.016666412353516,8556840
2023-07-17,20.020692825317383,22.716665267944336,22.833332061767578,22.133333206176758,22.53333282470703,9912960
2023-07-18,20.2189884185791,22.941665649414062,23.133333206176758,22.66666603088379,22.78333282470703,7207080
2023-07-19,20.14554786682129,22.858333587646484,23.066665649414062,22.483333587646484,23.066665649414062,9119160
2023-07-20,20.211645126342773,22.933332443237305,23.241666793823242,22.90833282470703,23.083332061767578,7953960
2023-07-21,19.991315841674805,22.683332443237305,22.991666793823242,22.433332443237305,22.79166603088379,12433440
2023-07-24,20.57886505126953,23.350000381469727,23.466665267944336,22.65833282470703,22.65833282470703,14029080
2023-07-25,21.298606872558594,24.16666603088379,24.41666603088379,23.575000762939453,23.575000762939453,23455920
2023-07-26,21.3353271484375,24.208332061767578,24.433332443237305,23.983333587646484,24.116666793823242,9558840
2023-07-27,20.916702270507812,23.733333587646484,24.116666793823242,23.633333206176758,24.083332061767578,9480840
2023-07-28,20.84325408935547,23.649999618530273,23.758333206176758,23.216665267944336,23.691665649414062,8486760
2023-07-31,21.48221778869629,24.375,24.41666603088379,23.708332061767578,23.75,14794440
2023-08-01,21.41611671447754,24.299999237060547,24.466665267944336,24.133333206176758,24.208332061767578,12451440
2023-08-02,21.122344970703125,23.966665267944336,24.183332443237305,23.716665267944336,24.183332443237305,10671240
2023-08-03,20.924043655395508,23.741666793823242,24.316665649414062,23.608333587646484,23.991666793823242,17410440
2023-08-04,20.615585327148438,23.391666412353516,24.03333282470703,23.333332061767578,23.700000762939453,19486680
2023-08-07,20.402597427368164,23.149999618530273,23.325000762939453,22.91666603088379,23.325000762939453,18048840
2023-08-08,19.79301643371582,22.458332061767578,22.975000381469727,22.375,22.975000381469727,19684800
2023-08-09,18.992483139038086,21.549999237060547,22.583332061767578,21.450000762939453,22.475000381469727,24862920
2023-08-10,19.007171630859375,21.566665649414062,21.774999618530273,21.383333206176758,21.708332061767578,12581160
2023-08-11,18.845598220825195,21.383333206176758,21.766666412353516,21.25,21.691665649414062,17803800
2023-08-14,18.977794647216797,21.53333282470703,21.741666793823242,21.25,21.383333206176758,15096960
2023-08-15,18.933727264404297,21.483333587646484,21.700000762939453,21.358333587646484,21.66666603088379,16511880
2023-08-16,18.919038772583008,21.466665267944336,21.899999618530273,21.40833282470703,21.608333587646484,15067800
2023-08-17,18.830909729003906,21.366666793823242,21.833332061767578,21.29166603088379,21.66666603088379,10087800
2023-08-18,18.728086471557617,21.25,21.466665267944336,21.100000381469727,21.375,8382960
2023-08-21,18.616031646728516,20.766666412353516,21.03333282470703,20.54166603088379,21.016666412353516,12842640
2023-08-22,18.817731857299805,20.991666793823242,21.15833282470703,20.875,21.016666412353516,6851400
2023-08-23,18.8625545501709,21.04166603088379,21.208332061767578,20.90833282470703,21.075000762939453,11036760
2023-08-24,18.54132652282715,20.683332443237305,20.958332061767578,20.583332061767578,20.933332443237305,10843440
2023-08-25,18.5189151763916,20.65833282470703,20.79166603088379,20.516666412353516,20.683332443237305,8508480
2023-08-28,18.8252010345459,21.0,21.049999237060547,20.591665267944336,20.649999618530273,6635160
2023-08-29,19.183774948120117,21.399999618530273,21.508333206176758,20.975000381469727,21.083332061767578,7613520
2023-08-30,19.325712203979492,21.558332443237305,21.799999237060547,21.441665649414062,21.441665649414062,8559960
2023-08-31,19.31077003479004,21.54166603088379,21.758333206176758,21.458332061767578,21.625,11946480
2023-09-01,19.422826766967773,21.66666603088379,22.0,21.54166603088379,21.758333206176758,12237720
2023-09-04,19.55729103088379,21.816665649414062,22.04166603088379,21.641666412353516,21.75,3768960
2023-09-05,19.26595115661621,21.491666793823242,21.566665649414062,21.25,21.5,10342560
2023-09-06,18.96713638305664,21.15833282470703,21.633333206176758,21.125,21.491666793823242,15730320
2023-09-08,18.907373428344727,21.091665267944336,21.183332443237305,20.683332443237305,21.0,10665840
2023-09-11,19.086660385131836,21.29166603088379,21.424999237060547,21.091665267944336,21.424999237060547,10099080
2023-09-12,19.22112464904785,21.441665649414062,21.450000762939453,21.191665649414062,21.325000762939453,5940600
2023-09-13,18.944725036621094,21.133333206176758,21.5,21.133333206176758,21.399999618530273,10705440
2023-09-14,19.16136360168457,21.375,21.53333282470703,21.25,21.383333206176758,11659920
2023-09-15,19.25847816467285,21.483333587646484,21.625,21.29166603088379,21.483333587646484,12811320
2023-09-18,18.63097381591797,20.78333282470703,21.633333206176758,20.78333282470703,21.433332443237305,13315800
2023-09-19,18.369516372680664,20.491666793823242,20.883333206176758,20.383333206176758,20.799999237060547,14317320
2023-09-20,18.653383255004883,20.808332443237305,20.975000381469727,20.583332061767578,20.583332061767578,8694840
2023-09-21,18.22010612487793,20.325000762939453,20.566665649414062,20.191665649414062,20.5,11650080
2023-09-22,18.122989654541016,20.216665267944336,20.616666793823242,20.183332443237305,20.41666603088379,6385320
2023-09-25,18.227575302124023,20.333332061767578,20.341665267944336,20.008333206176758,20.083332061767578,12575280
2023-09-26,18.249984741210938,20.358333587646484,20.600000381469727,20.16666603088379,20.233333587646484,11932080
2023-09-27,18.264928817749023,20.375,20.649999618530273,20.28333282470703,20.458332061767578,8044560
2023-09-28,18.15287208557129,20.25,20.508333206176758,20.216665267944336,20.366666793823242,10978560
2023-09-29,18.0258731842041,20.108333587646484,20.54166603088379,19.933332443237305,20.399999618530273,12557160
2023-10-02,17.764415740966797,19.816665649414062,20.16666603088379,19.674999237060547,20.16666603088379,7661280
2023-10-03,17.39836883544922,19.40833282470703,19.866666793823242,19.183332443237305,19.725000381469727,15649440
2023-10-04,17.181734085083008,19.16666603088379,19.608333587646484,19.049999237060547,19.475000381469727,10827360
2023-10-05,16.935209274291992,18.891666412353516,19.200000762939453,18.774999618530273,19.16666603088379,8880360
2023-10-06,16.935209274291992,18.891666412353516,18.991666793823242,18.66666603088379,18.79166603088379,11990760
2023-10-09,16.830623626708984,18.774999618530273,18.816665649414062,18.491666793823242,18.758333206176758,6998760
2023-10-10,16.875450134277344,18.825000762939453,18.983333587646484,18.725000381469727,18.891666412353516,8689680
2023-10-11,16.82315444946289,18.766666412353516,19.0,18.708332061767578,18.958332061767578,7557480
2023-10-13,16.68122100830078,18.608333587646484,18.766666412353516,18.424999237060547,18.758333206176758,14255880
2023-10-16,16.838096618652344,18.78333282470703,19.024999618530273,18.674999237060547,18.741666793823242,7948440
2023-10-17,16.68122100830078,18.608333587646484,18.774999618530273,18.508333206176758,18.741666793823242,8582040
2023-10-18,16.180709838867188,18.049999237060547,18.575000762939453,17.966665267944336,18.5,15332280
2023-10-19,16.15829849243164,18.024999618530273,18.233333587646484,17.924999237060547,18.049999237060547,10394280
2023-10-20,16.023832321166992,17.875,18.03333282470703,17.708332061767578,17.891666412353516,17018160
2023-10-23,16.255409240722656,18.133333206176758,18.308332443237305,17.674999237060547,17.79166603088379,11660520
2023-10-24,16.098535537719727,17.958332061767578,18.391666412353516,17.924999237060547,18.391666412353516,10801440
2023-10-25,16.03877067565918,17.891666412353516,18.083332061767578,17.733333587646484,18.024999618530273,7316280
2023-10-26,16.292760848999023,18.174999237060547,18.266666412353516,17.833332061767578,17.933332443237305,7625160
2023-10-27,16.315174102783203,18.200000762939453,18.399999618530273,18.174999237060547,18.233333587646484,6672000
2023-10-30,16.345056533813477,18.233333587646484,18.441665649414062,18.091665267944336,18.308332443237305,5042760
2023-10-31,16.262880325317383,18.141666412353516,18.358333587646484,18.125,18.308332443237305,13353720
2023-11-01,16.569164276123047,18.483333587646484,18.5,18.149999618530273,18.16666603088379,11172840
2023-11-03,17.06967544555664,19.04166603088379,19.15833282470703,18.79166603088379,18.825000762939453,11056080
2023-11-06,17.271373748779297,19.266666412353516,19.516666412353516,19.024999618530273,19.133333206176758,11449440
2023-11-07,17.032323837280273,19.0,19.53333282470703,18.899999618530273,19.358333587646484,20671680
2023-11-08,16.95014762878418,18.90833282470703,19.16666603088379,18.883333206176758,19.0,9691560
2023-11-09,16.972562789916992,18.933332443237305,19.216665267944336,18.808332443237305,18.991666793823242,9772800
2023-11-10,17.749473571777344,19.799999237060547,19.858333587646484,19.04166603088379,19.04166603088379,14600400
2023-11-13,17.592599868774414,19.625,20.024999618530273,19.549999237060547,19.808332443237305,15117360
2023-11-14,18.048288345336914,20.133333206176758,20.375,19.625,19.625,18150000
2023-11-16,18.10805320739746,20.200000762939453,20.399999618530273,20.008333206176758,20.15833282470703,25467240
2023-11-17,18.309749603271484,20.424999237060547,20.591665267944336,20.216665267944336,20.28333282470703,15621120
2023-11-20,17.517650604248047,19.16666603088379,19.891666412353516,19.141666412353516,19.891666412353516,31297920
2023-11-21,17.807069778442383,19.483333587646484,19.733333587646484,19.100000381469727,19.241666793823242,15963360
2023-11-22,17.746137619018555,19.41666603088379,19.733333587646484,19.366666793823242,19.583332061767578,8336160
2023-11-23,17.708057403564453,19.375,19.583332061767578,19.29166603088379,19.41666603088379,5145360
2023-11-24,16.99973487854004,18.600000381469727,19.366666793823242,18.600000381469727,19.274999618530273,12288480
2023-11-27,16.99211883544922,18.591665267944336,18.725000381469727,18.424999237060547,18.591665267944336,7318680
2023-11-28,16.976886749267578,18.575000762939453,18.825000762939453,18.466665267944336,18.549999237060547,9165840
2023-11-29,17.022584915161133,18.625,18.75,18.524999618530273,18.741666793823242,6894840
2023-11-30,16.641759872436523,18.208332061767578,18.79166603088379,18.125,18.700000762939453,23382120
2023-12-01,16.870256423950195,18.458332061767578,18.716665267944336,18.100000381469727,18.29166603088379,15088560
2023-12-04,16.82455825805664,18.40833282470703,18.491666793823242,18.241666793823242,18.383333206176758,13020240
2023-12-05,16.954036712646484,18.549999237060547,18.616666793823242,18.350000381469727,18.41666603088379,10398240
2023-12-06,16.946420669555664,18.54166603088379,18.75,18.5,18.66666603088379,11545080
2023-12-07,16.99211883544922,18.591665267944336,18.725000381469727,18.508333206176758,18.591665267944336,10417800
2023-12-08,17.144445419311523,18.758333206176758,18.808332443237305,18.366666793823242,18.608333587646484,19615080
2023-12-11,17.167295455932617,18.78333282470703,18.858333587646484,18.616666793823242,18.700000762939453,6216000
2023-12-12,17.289154052734375,18.91666603088379,18.933332443237305,18.674999237060547,18.858333587646484,7563240
2023-12-13,17.517650604248047,19.16666603088379,19.266666412353516,18.75,18.91666603088379,9091560
2023-12-14,17.8756160736084,19.558332443237305,19.625,19.191665649414062,19.29166603088379,13155000
2023-12-15,17.69282341003418,19.358333587646484,19.649999618530273,19.091665267944336,19.375,21266160
2023-12-18,17.928932189941406,19.616666793823242,20.125,19.483333587646484,19.799999237060547,13194120
2023-12-19,17.487180709838867,19.133333206176758,19.54166603088379,19.04166603088379,19.274999618530273,14714280
2023-12-20,17.342470169067383,18.975000381469727,19.366666793823242,18.933332443237305,19.066665649414062,7553880
2023-12-21,17.82229995727539,19.5,19.65833282470703,19.091665267944336,19.108333587646484,9143640
2023-12-22,18.012712478637695,19.708332061767578,19.833332061767578,19.441665649414062,19.516666412353516,5625120
2023-12-26,17.974626541137695,19.66666603088379,19.766666412353516,19.625,19.75,2400240
2023-12-27,17.921316146850586,19.608333587646484,19.708332061767578,19.5,19.633333206176758,4538640
2023-12-28,18.09648895263672,19.799999237060547,19.799999237060547,19.53333282470703,19.54166603088379,5254200
2024-01-02,17.921316146850586,19.608333587646484,19.850000381469727,19.5,19.799999237060547,6753600
2024-01-03,17.72328758239746,19.391666412353516,19.641666412353516,19.350000381469727,19.566665649414062,7369440
2024-01-04,17.63188934326172,19.29166603088379,19.566665649414062,19.191665649414062,19.341665267944336,7351080
2024-01-05,17.639507293701172,19.299999237060547,19.308332443237305,19.008333206176758,19.200000762939453,8587560
2024-01-08,17.791833877563477,19.466665267944336,19.625,19.225000381469727,19.274999618530273,9935040
2024-01-09,16.862640380859375,18.450000762939453,19.549999237060547,18.450000762939453,19.358333587646484,19194240
2024-01-10,16.35995864868164,17.899999618530273,18.433332443237305,17.725000381469727,18.333332061767578,25515240
2024-01-11,16.146699905395508,17.66666603088379,18.03333282470703,17.66666603088379,17.91666603088379,12556800
2024-01-12,16.23048210144043,17.758333206176758,17.975000381469727,17.633333206176758,17.674999237060547,7463040
2024-01-15,16.207632064819336,17.733333587646484,17.766666412353516,17.54166603088379,17.708332061767578,6035040
2024-01-16,15.750652313232422,17.233333587646484,17.708332061767578,17.141666412353516,17.600000381469727,15841680
2024-01-17,15.65925407409668,17.133333206176758,17.399999618530273,17.100000381469727,17.16666603088379,10993920
2024-01-18,15.849661827087402,17.341665267944336,17.524999618530273,17.108333587646484,17.28333282470703,20207760
2024-01-19,16.04768943786621,17.558332443237305,17.708332061767578,17.341665267944336,17.466665267944336,12886560
2024-01-22,15.887743949890137,17.383333206176758,17.633333206176758,17.28333282470703,17.54166603088379,9004800
2024-01-23,16.16954803466797,17.691665649414062,17.825000762939453,17.40833282470703,17.608333587646484,9194040
2024-01-24,16.54275131225586,18.100000381469727,18.29166603088379,17.875,17.975000381469727,11746080
2024-01-25,16.58844757080078,18.149999618530273,18.28333282470703,17.850000381469727,18.141666412353516,10241400
2024-01-26,16.6341495513916,18.200000762939453,18.28333282470703,18.083332061767578,18.133333206176758,5997960
2024-01-29,16.26856231689453,17.799999237060547,18.274999618530273,17.716665267944336,18.208332061767578,10677000
2024-01-30,16.20001792907715,17.725000381469727,17.808332443237305,17.475000381469727,17.75,13403160
2024-01-31,16.024839401245117,17.53333282470703,17.850000381469727,17.508333206176758,17.608333587646484,12976200
2024-02-01,15.971522331237793,17.475000381469727,17.674999237060547,17.41666603088379,17.583332061767578,7012920
2024-02-02,16.35234260559082,17.891666412353516,18.091665267944336,17.66666603088379,17.933332443237305,13679880
2024-02-05,16.25333023071289,17.78333282470703,17.958332061767578,17.608333587646484,17.883333206176758,6298440
2024-02-06,16.550365447998047,18.108333587646484,18.233333587646484,17.75,17.79166603088379,9999600
2024-02-07,16.58844757080078,18.149999618530273,18.258333206176758,18.075000762939453,18.141666412353516,5982840
2024-02-08,16.260948181152344,17.79166603088379,18.333332061767578,17.75,18.141666412353516,7415040
2024-02-09,15.97913932800293,17.483333587646484,18.016666412353516,17.41666603088379,17.691665649414062,9794280
2024-02-14,15.796348571777344,17.28333282470703,17.450000762939453,17.208332061767578,17.41666603088379,8130720
2024-02-15,15.765884399414062,17.25,17.524999618530273,17.225000381469727,17.29166603088379,14963280
2024-02-16,16.15431785583496,17.674999237060547,17.833332061767578,17.299999237060547,17.391666412353516,23321280
2024-02-19,16.192398071289062,17.716665267944336,17.766666412353516,17.450000762939453,17.641666412353516,4652040
2024-02-20,16.299026489257812,17.833332061767578,17.833332061767578,17.53333282470703,17.549999237060547,12122520
2024-02-21,16.6341495513916,18.200000762939453,18.391666412353516,17.40833282470703,17.5,33698520
2024-02-22,16.489437103271484,18.04166603088379,18.308332443237305,17.899999618530273,18.225000381469727,14410080
2024-02-23,16.3447265625,17.883333206176758,18.258333206176758,17.79166603088379,18.04166603088379,12369720
2024-02-26,16.146699905395508,17.66666603088379,17.850000381469727,17.53333282470703,17.833332061767578,10697160
2024-02-27,16.489437103271484,18.04166603088379,18.04166603088379,17.816665649414062,17.850000381469727,9549600
2024-02-28,16.41327476501465,17.958332061767578,18.049999237060547,17.708332061767578,18.0,7200720
2024-02-29,16.375192642211914,17.91666603088379,18.016666412353516,17.79166603088379,17.90833282470703,11970840
2024-03-01,17.083511352539062,18.691665649414062,18.691665649414062,17.983333587646484,17.983333587646484,31361760
2024-03-04,16.777494430541992,18.274999618530273,18.733333587646484,18.216665267944336,18.633333206176758,9329400
2024-03-05,16.578580856323242,18.058332443237305,18.266666412353516,17.941665649414062,18.15833282470703,13608240
2024-03-06,16.356718063354492,17.816665649414062,18.183332443237305,17.66666603088379,18.066665649414062,15367920
2024-03-07,16.111900329589844,17.549999237060547,17.875,17.508333206176758,17.816665649414062,9828840
2024-03-08,16.249610900878906,17.700000762939453,17.700000762939453,17.450000762939453,17.5,9109200
2024-03-11,16.21135902404785,17.65833282470703,17.866666793823242,17.5,17.516666412353516,7983600
2024-03-12,16.479127883911133,17.950000762939453,18.058332443237305,17.66666603088379,17.808332443237305,14717520
2024-03-13,16.723939895629883,18.216665267944336,18.508333206176758,17.799999237060547,17.891666412353516,19393320
2024-03-14,16.21900749206543,17.66666603088379,18.625,17.649999618530273,18.583332061767578,21950520
2024-03-15,15.897688865661621,17.316665649414062,17.708332061767578,17.225000381469727,17.491666793823242,20189880
2024-03-18,16.394969940185547,17.858333587646484,17.958332061767578,17.358333587646484,17.458332061767578,12220080
2024-03-19,16.570932388305664,18.049999237060547,18.125,17.899999618530273,18.0,10386720
2024-03-20,16.716289520263672,18.208332061767578,18.225000381469727,17.850000381469727,18.008333206176758,7762320
2024-03-21,16.869300842285156,18.375,18.491666793823242,18.058332443237305,18.149999618530273,10047360
2024-03-22,16.532682418823242,18.008333206176758,18.299999237060547,17.966665267944336,18.274999618530273,5266080
2024-03-25,16.502079010009766,17.975000381469727,18.100000381469727,17.850000381469727,17.975000381469727,7199280
2024-03-26,16.456174850463867,17.924999237060547,17.966665267944336,17.716665267944336,17.883333206176758,6934440
2024-03-27,16.808095932006836,18.308332443237305,18.450000762939453,17.78333282470703,17.891666412353516,10456080
2024-03-28,16.98405647277832,18.5,18.583332061767578,18.149999618530273,18.29166603088379,12000480
2024-04-01,17.060562133789062,18.583332061767578,18.741666793823242,18.424999237060547,18.583332061767578,10429560
2024-04-02,17.19062042236328,18.725000381469727,18.958332061767578,18.466665267944336,18.641666412353516,10578840
2024-04-03,17.343629837036133,18.891666412353516,18.891666412353516,18.524999618530273,18.700000762939453,11062920
2024-04-04,17.64965057373047,19.225000381469727,19.516666412353516,18.758333206176758,18.91666603088379,19036440
2024-04-05,17.397180557250977,18.950000762939453,19.341665267944336,18.700000762939453,19.25,11992920
2024-04-08,17.71085548400879,19.29166603088379,19.5,19.058332443237305,19.16666603088379,10542840
2024-04-09,17.59609603881836,19.16666603088379,19.458332061767578,18.891666412353516,19.433332443237305,15952200
2024-04-10,17.481338500976562,19.04166603088379,19.25,18.950000762939453,19.100000381469727,9716760
2024-04-11,17.496639251708984,19.058332443237305,19.125,18.850000381469727,19.04166603088379,5760120
2024-04-12,17.068212509155273,18.591665267944336,19.183332443237305,18.433332443237305,19.04166603088379,13414920
2024-04-15,17.664947509765625,19.241666793823242,19.558332443237305,18.91666603088379,19.058332443237305,30596400
2024-04-16,17.152368545532227,18.683332443237305,18.991666793823242,18.558332443237305,18.991666793823242,14296200
2024-04-17,17.221223831176758,18.758333206176758,19.333332061767578,18.725000381469727,19.15833282470703,13046400
2024-04-18,17.231935501098633,18.770000457763672,19.139999389648438,18.709999084472656,18.93000030517578,12500200
2024-04-19,17.64505958557129,19.219999313354492,19.239999771118164,18.639999389648438,18.709999084472656,16038100
2024-04-22,18.012283325195312,19.6200008392334,20.010000228881836,18.920000076293945,19.239999771118164,22240200
2024-04-23,17.287017822265625,18.829999923706055,19.260000228881836,18.809999465942383,19.200000762939453,25684500
2024-04-24,16.85552978515625,18.360000610351562,19.049999237060547,18.239999771118164,18.950000762939453,18014900
2024-04-25,16.736181259155273,18.229999542236328,18.34000015258789,18.010000228881836,18.239999771118164,12418000
2024-04-26,17.103404998779297,18.6299991607666,18.68000030517578,18.149999618530273,18.299999237060547,11850900
2024-04-29,17.075864791870117,18.600000381469727,18.739999771118164,18.450000762939453,18.700000762939453,7728500
2024-04-30,16.76372718811035,18.260000228881836,18.520000457763672,18.149999618530273,18.459999084472656,8079400
2024-05-02,17.103404998779297,18.6299991607666,18.75,18.34000015258789,18.43000030517578,9028600
2024-05-03,18.049001693725586,19.65999984741211,19.790000915527344,19.110000610351562,19.549999237060547,29989200
2024-05-06,18.030641555786133,19.639999389648438,20.139999389648438,19.600000381469727,19.790000915527344,16958500
2024-05-07,17.727684020996094,19.309999465942383,19.780000686645508,19.1200008392334,19.739999771118164,17992100
2024-05-08,17.85621452331543,19.450000762939453,19.459999084472656,18.940000534057617,19.209999084472656,7291500
2024-05-09,17.764408111572266,19.350000381469727,19.59000015258789,19.110000610351562,19.110000610351562,11892800
2024-05-10,17.571613311767578,19.139999389648438,19.40999984741211,19.010000228881836,19.389999389648438,8644900
2024-05-13,17.727684020996094,19.309999465942383,19.420000076293945,19.170000076293945,19.219999313354492,7439100
2024-05-14,17.727684020996094,19.309999465942383,19.6299991607666,19.280000686645508,19.34000015258789,10347400
2024-05-15,18.223434448242188,19.850000381469727,19.920000076293945,19.270000457763672,19.299999237060547,17958300
2024-05-16,18.679716110229492,20.059999465942383,20.440000534057617,19.68000030517578,19.760000228881836,19167400
2024-05-17,18.204811096191406,19.549999237060547,20.239999771118164,19.549999237060547,20.030000686645508,12947900
2024-05-20,17.95339012145996,19.280000686645508,19.670000076293945,19.100000381469727,19.549999237060547,16587300
2024-05-21,17.64609718322754,18.950000762939453,19.40999984741211,18.84000015258789,19.389999389648438,21984500
2024-05-22,17.28293228149414,18.559999465942383,18.920000076293945,18.479999542236328,18.920000076293945,12811100
2024-05-23,17.18050193786621,18.450000762939453,18.530000686645508,18.209999084472656,18.520000457763672,11300500
2024-05-24,17.431921005249023,18.719999313354492,18.959999084472656,18.649999618530273,18.690000534057617,16587000
2024-05-27,17.236371994018555,18.510000228881836,18.670000076293945,18.190000534057617,18.6200008392334,8512000
2024-05-28,17.199119567871094,18.469999313354492,18.81999969482422,18.31999969482422,18.600000381469727,8281100
2024-05-29,16.984949111938477,18.239999771118164,18.450000762939453,18.049999237060547,18.350000381469727,10137100
2024-05-31,16.863895416259766,18.110000610351562,18.309999465942383,17.959999084472656,18.18000030517578,20769600
2024-06-03,16.379674911499023,17.59000015258789,18.15999984741211,17.520000457763672,18.149999618530273,13127300
2024-06-04,16.193435668945312,17.389999389648438,17.520000457763672,17.170000076293945,17.440000534057617,9689300
2024-06-05,16.06307029724121,17.25,17.510000228881836,17.18000030517578,17.450000762939453,8417000
2024-06-06,16.091005325317383,17.280000686645508,17.489999771118164,17.170000076293945,17.329999923706055,10124800
2024-06-07,15.802332878112793,16.969999313354492,17.190000534057617,16.90999984741211,17.170000076293945,8033000
2024-06-10,15.690590858459473,16.850000381469727,17.079999923706055,16.850000381469727,17.010000228881836,5398000
2024-06-11,16.06307029724121,17.25,17.270000457763672,16.780000686645508,16.850000381469727,14188600
2024-06-12,16.174816131591797,17.3700008392334,17.56999969482422,17.15999984741211,17.350000381469727,22498600
2024-06-13,16.137561798095703,17.329999923706055,17.59000015258789,17.239999771118164,17.290000915527344,10166600
2024-06-14,15.830270767211914,17.0,17.219999313354492,16.8700008392334,17.219999313354492,10990400
2024-06-17,15.727840423583984,16.889999389648438,16.950000762939453,16.68000030517578,16.889999389648438,7319800
2024-06-18,15.811647415161133,16.979999542236328,17.1299991607666,16.84000015258789,16.889999389648438,6467700
2024-06-19,16.044445037841797,17.229999542236328,17.34000015258789,16.829999923706055,16.889999389648438,5853500
2024-06-20,16.202747344970703,17.399999618530273,17.709999084472656,17.290000915527344,17.299999237060547,13141000
2024-06-21,16.519351959228516,17.739999771118164,17.829999923706055,17.209999084472656,17.280000686645508,17707600
2024-06-24,16.621784210205078,17.850000381469727,17.959999084472656,17.6299991607666,17.670000076293945,8537300
2024-06-25,16.61247444152832,17.84000015258789,17.940000534057617,17.639999389648438,17.760000228881836,7787200
2024-06-26,16.957012176513672,18.209999084472656,18.209999084472656,17.75,17.799999237060547,10144200
2024-06-27,17.003576278686523,18.260000228881836,18.350000381469727,18.030000686645508,18.219999313354492,7047600
2024-06-28,17.11531639099121,18.3799991607666,18.469999313354492,18.15999984741211,18.209999084472656,11288700
2024-07-01,17.059444427490234,18.31999969482422,18.5,18.1299991607666,18.40999984741211,7030800
2024-07-02,17.208433151245117,18.479999542236328,18.579999923706055,18.329999923706055,18.3700008392334,9765900
2024-07-03,17.07806968688965,18.34000015258789,18.84000015258789,18.280000686645508,18.6299991607666,11540000
2024-07-04,16.984949111938477,18.239999771118164,18.5,18.18000030517578,18.469999313354492,6349200
2024-07-05,16.76146125793457,18.0,18.280000686645508,17.75,18.280000686645508,11034900
2024-07-08,16.575223922729492,17.799999237060547,18.079999923706055,17.700000762939453,17.90999984741211,7197500
2024-07-09,16.677656173706055,17.90999984741211,17.940000534057617,17.56999969482422,17.790000915527344,5638400
2024-07-10,16.649723052978516,17.8799991607666,17.969999313354492,17.739999771118164,17.950000762939453,4984900
2024-07-11,16.873205184936523,18.1200008392334,18.190000534057617,17.899999618530273,17.93000030517578,5953800
2024-07-12,17.01288414001465,18.270000457763672,18.350000381469727,18.059999465942383,18.15999984741211,4444500
2024-07-15,17.320180892944336,18.600000381469727,18.690000534057617,18.15999984741211,18.270000457763672,7465600
2024-07-16,17.692655563354492,19.0,19.0,18.399999618530273,18.450000762939453,10707100
2024-07-17,17.711278915405273,19.020000457763672,19.1299991607666,18.790000915527344,19.0,8924500
2024-07-18,17.39467430114746,18.68000030517578,19.040000915527344,18.649999618530273,18.959999084472656,7058700
2024-07-19,17.497106552124023,18.790000915527344,18.8700008392334,18.610000610351562,18.6299991607666,7680000
2024-07-22,17.590221405029297,18.889999389648438,18.959999084472656,18.770000457763672,18.8700008392334,5909300
2024-07-23,16.7987117767334,18.040000915527344,18.790000915527344,17.940000534057617,18.790000915527344,19559500
2024-07-24,16.714906692504883,17.950000762939453,18.1299991607666,17.610000610351562,18.040000915527344,15129600
2024-07-25,17.059444427490234,18.31999969482422,18.479999542236328,17.780000686645508,17.81999969482422,13581600
2024-07-26,17.059444427490234,18.31999969482422,18.389999389648438,17.93000030517578,18.1200008392334,11820100
2024-07-29,16.873205184936523,18.1200008392334,18.399999618530273,17.989999771118164,18.399999618530273,9933700
2024-07-30,16.789403915405273,18.030000686645508,18.15999984741211,17.799999237060547,18.030000686645508,7199200
2024-07-31,17.003576278686523,18.260000228881836,18.3700008392334,18.0,18.020000457763672,8662400
2024-08-01,16.919769287109375,18.170000076293945,18.780000686645508,18.06999969482422,18.25,19025300
2024-08-02,16.137561798095703,17.329999923706055,18.360000610351562,17.329999923706055,18.18000030517578,17227700
2024-08-05,16.035131454467773,17.219999313354492,17.3700008392334,16.81999969482422,17.079999923706055,14510300
2024-08-06,16.016510009765625,17.200000762939453,17.350000381469727,16.889999389648438,17.219999313354492,9146300
2024-08-07,15.951325416564941,17.1299991607666,17.450000762939453,17.049999237060547,17.290000915527344,10709000
2024-08-08,16.18412208557129,17.3799991607666,17.43000030517578,17.100000381469727,17.139999389648438,9349500
2024-08-09,16.305177688598633,17.510000228881836,17.6200008392334,17.440000534057617,17.540000915527344,10482000
2024-08-12,16.5020809173584,17.600000381469727,17.719999313354492,17.520000457763672,17.530000686645508,11337900
2024-08-13,16.417692184448242,17.510000228881836,17.790000915527344,17.479999542236328,17.65999984741211,8705200
2024-08-14,16.31455421447754,17.399999618530273,17.510000228881836,17.329999923706055,17.450000762939453,9880600
2024-08-15,16.31455421447754,17.399999618530273,17.56999969482422,17.290000915527344,17.399999618530273,10043500
2024-08-16,16.145782470703125,17.219999313354492,17.479999542236328,17.18000030517578,17.479999542236328,8674600
2024-08-19,16.5489559173584,17.649999618530273,17.719999313354492,17.280000686645508,17.350000381469727,9998200
2024-08-20,16.64272117614746,17.75,17.75,17.360000610351562,17.65999984741211,9897100
2024-08-21,17.280302047729492,18.43000030517578,18.469999313354492,17.809999465942383,17.899999618530273,14339500
2024-08-22,17.13966178894043,18.280000686645508,18.479999542236328,18.06999969482422,18.440000534057617,8155200
2024-08-23,17.13966178894043,18.280000686645508,18.489999771118164,18.139999389648438,18.25,8064400
2024-08-26,17.27092742919922,18.420000076293945,18.579999923706055,18.290000915527344,18.479999542236328,5173600
2024-08-27,17.130281448364258,18.270000457763672,18.469999313354492,18.270000457763672,18.469999313354492,5575800
2024-08-28,16.93338394165039,18.059999465942383,18.25,17.850000381469727,18.149999618530273,6278900
2024-08-29,17.31780242919922,18.469999313354492,18.59000015258789,18.280000686645508,18.459999084472656,13118100
2024-08-30,17.158411026000977,18.299999237060547,18.420000076293945,18.170000076293945,18.34000015258789,21657900
2024-09-02,17.17716407775879,18.31999969482422,18.389999389648438,18.110000610351562,18.18000030517578,4610100
2024-09-03,16.595840454101562,17.700000762939453,18.25,17.700000762939453,18.18000030517578,13578700
2024-09-04,17.102153778076172,18.239999771118164,18.3700008392334,17.799999237060547,17.81999969482422,12457300
2024-09-05,17.252172470092773,18.399999618530273,18.459999084472656,18.139999389648438,18.170000076293945,9859600
2024-09-06,17.036523818969727,18.170000076293945,18.469999313354492,18.049999237060547,18.31999969482422,17399200
2024-09-09,17.34593391418457,18.5,18.780000686645508,18.25,18.270000457763672,10252000
2024-09-10,17.336559295654297,18.489999771118164,18.59000015258789,18.229999542236328,18.5,10857600
2024-09-11,17.41156768798828,18.56999969482422,18.81999969482422,18.389999389648438,18.59000015258789,11156700
2024-09-12,17.439699172973633,18.600000381469727,18.690000534057617,18.43000030517578,18.639999389648438,9132100
2024-09-13,17.62721824645996,18.799999237060547,18.950000762939453,18.610000610351562,18.700000762939453,11000600
2024-09-16,17.327180862426758,18.479999542236328,18.81999969482422,18.43000030517578,18.75,10058500
2024-09-17,17.364688873291016,18.520000457763672,18.520000457763672,18.219999313354492,18.3799991607666,11343200
2024-09-18,17.27092742919922,18.420000076293945,18.6299991607666,18.299999237060547,18.299999237060547,23546700
2024-09-19,17.299057006835938,18.450000762939453,18.760000228881836,18.43000030517578,18.540000915527344,7441600
2024-09-20,16.924007415771484,18.049999237060547,18.399999618530273,17.989999771118164,18.34000015258789,18702500
2024-09-23,16.633344650268555,17.739999771118164,18.020000457763672,17.6299991607666,17.920000076293945,9683000
2024-09-24,17.327180862426758,18.479999542236328,18.649999618530273,18.100000381469727,18.219999313354492,16895300
2024-09-25,17.130281448364258,18.270000457763672,18.540000915527344,18.170000076293945,18.489999771118164,6872000
2024-09-26,17.795989990234375,18.979999542236328,19.079999923706055,18.540000915527344,18.610000610351562,13095100
2024-09-27,17.814743041992188,19.0,19.25,18.8799991607666,18.979999542236328,15025500
2024-09-30,17.908506393432617,19.100000381469727,19.31999969482422,19.049999237060547,19.06999969482422,12718100
2024-10-01,17.93663215637207,19.1299991607666,19.299999237060547,19.059999465942383,19.209999084472656,11670700
2024-10-02,18.161664962768555,19.3700008392334,19.68000030517578,19.229999542236328,19.270000457763672,17920000
2024-10-03,17.674102783203125,18.850000381469727,19.200000762939453,18.780000686645508,19.06999969482422,10039600
2024-10-04,17.983516693115234,19.18000030517578,19.280000686645508,18.760000228881836,18.809999465942383,8154500
2024-10-07,18.20854377746582,19.420000076293945,19.469999313354492,18.989999771118164,19.280000686645508,11451600
2024-10-08,17.889753341674805,19.079999923706055,19.170000076293945,19.010000228881836,19.079999923706055,11291200
2024-10-09,17.91788101196289,19.110000610351562,19.299999237060547,18.860000610351562,18.940000534057617,9197600
2024-10-10,17.955387115478516,19.149999618530273,19.350000381469727,19.0,19.110000610351562,7865500
2024-10-11,17.280302047729492,18.43000030517578,19.139999389648438,18.280000686645508,19.09000015258789,41744400
2024-10-14,17.308429718017578,18.459999084472656,18.56999969482422,18.1200008392334,18.309999465942383,17232500
2024-10-15,17.1959171295166,18.34000015258789,18.5,18.260000228881836,18.299999237060547,14049100
2024-10-16,17.120908737182617,18.260000228881836,18.530000686645508,18.190000534057617,18.350000381469727,14271100
2024-10-17,17.055273056030273,18.190000534057617,18.260000228881836,17.979999542236328,18.1299991607666,16655200
2024-10-18,17.252172470092773,18.399999618530273,18.610000610351562,18.31999969482422,18.3799991607666,13602000
2024-10-21,17.1959171295166,18.34000015258789,18.510000228881836,18.299999237060547,18.440000534057617,10638600
2024-10-22,17.036523818969727,18.170000076293945,18.229999542236328,18.020000457763672,18.149999618530273,9754900
2024-10-23,16.83962059020996,17.959999084472656,18.149999618530273,17.90999984741211,18.049999237060547,9536300
2024-10-24,16.8021183013916,17.920000076293945,18.040000915527344,17.829999923706055,17.950000762939453,7632000
2024-10-25,16.867748260498047,17.989999771118164,18.229999542236328,17.889999389648438,17.989999771118164,7552300
2024-10-28,17.13966178894043,18.280000686645508,18.350000381469727,18.09000015258789,18.110000610351562,6057200
2024-10-29,17.327180862426758,18.479999542236328,18.530000686645508,18.190000534057617,18.31999969482422,8283700
2024-10-30,17.27092742919922,18.420000076293945,18.559999465942383,18.329999923706055,18.479999542236328,7538800
2024-10-31,17.158411026000977,18.299999237060547,18.530000686645508,18.190000534057617,18.299999237060547,6771700
2024-11-01,17.064651489257812,18.200000762939453,18.299999237060547,18.020000457763672,18.239999771118164,7633400
2024-11-04,17.0927791595459,18.229999542236328,18.530000686645508,18.110000610351562,18.530000686645508,10935800
2024-11-05,17.074024200439453,18.209999084472656,18.399999618530273,18.059999465942383,18.25,15068900
2024-11-06,18.714859008789062,19.959999084472656,19.979999542236328,18.899999618530273,19.0,45316700
2024-11-07,19.22117042541504,20.5,20.670000076293945,19.719999313354492,19.799999237060547,25280100
2024-11-08,19.18366813659668,20.459999084472656,20.459999084472656,19.93000030517578,20.06999969482422,18648000
2024-11-11,19.17428970336914,20.450000762939453,20.469999313354492,20.020000457763672,20.25,11700000
2024-11-12,18.45232391357422,19.68000030517578,20.309999465942383,19.6200008392334,20.299999237060547,18181600
2024-11-13,18.555463790893555,19.790000915527344,19.889999389648438,19.3700008392334,19.549999237060547,10137300
2024-11-14,18.78049087524414,20.030000686645508,20.09000015258789,19.65999984741211,19.709999084472656,13262900
2024-11-18,18.696104049682617,19.940000534057617,20.170000076293945,19.75,20.059999465942383,16385800
2024-11-19,18.686582565307617,19.6299991607666,19.729999542236328,19.309999465942383,19.549999237060547,12906800
2024-11-21,18.762741088867188,19.709999084472656,19.8700008392334,19.360000610351562,19.459999084472656,17490700
2024-11-22,18.838895797729492,19.790000915527344,19.850000381469727,19.56999969482422,19.780000686645508,7921500
2024-11-25,19.33390235900879,20.309999465942383,20.309999465942383,19.649999618530273,19.75,18966300
2024-11-26,18.991207122802734,19.950000762939453,20.280000686645508,19.8700008392334,20.209999084472656,11958400
2024-11-27,19.162553787231445,20.1299991607666,20.350000381469727,19.8799991607666,20.06999969482422,14764700
2024-11-28,19.27678871154785,20.25,20.489999771118164,20.030000686645508,20.110000610351562,13861900
2024-11-29,19.324384689331055,20.299999237060547,20.459999084472656,20.100000381469727,20.25,15876100
2024-12-02,19.4957332611084,20.479999542236328,20.549999237060547,20.149999618530273,20.239999771118164,14934900
2024-12-03,19.86699104309082,20.8700008392334,20.959999084472656,20.479999542236328,20.549999237060547,10778700
2024-12-04,19.819393157958984,20.81999969482422,21.0,20.520000457763672,20.81999969482422,15310000
2024-12-05,19.847951889038086,20.850000381469727,20.959999084472656,20.59000015258789,20.90999984741211,8528400
2024-12-06,19.48621368408203,20.469999313354492,21.010000228881836,20.450000762939453,20.780000686645508,9929100
2024-12-09,20.133535385131836,21.149999618530273,21.299999237060547,20.700000762939453,20.75,12784900
2024-12-10,20.028820037841797,21.040000915527344,21.200000762939453,20.989999771118164,21.149999618530273,6940700
2024-12-11,19.99074363708496,21.0,21.229999542236328,20.68000030517578,21.110000610351562,11287600
2024-12-12,19.609970092773438,20.600000381469727,20.940000534057617,20.489999771118164,20.780000686645508,13709300
2024-12-13,19.038803100585938,20.0,20.649999618530273,19.850000381469727,20.489999771118164,17394100
2024-12-16,19.162553787231445,20.1299991607666,20.209999084472656,19.889999389648438,20.100000381469727,11814500
2024-12-17,19.40053939819336,20.3799991607666,20.459999084472656,20.0,20.200000762939453,23180300
2024-12-18,18.677064895629883,19.6200008392334,20.40999984741211,19.520000457763672,20.219999313354492,23412800
2024-12-19,18.4390811920166,19.3700008392334,19.850000381469727,19.290000915527344,19.610000610351562,19321500
2024-12-20,18.32485008239746,19.25,19.399999618530273,18.889999389648438,19.309999465942383,27763000
2024-12-23,17.858396530151367,18.760000228881836,19.280000686645508,18.719999313354492,19.280000686645508,11315800
2024-12-26,17.810800552368164,18.709999084472656,18.8799991607666,18.559999465942383,18.760000228881836,12706300
2024-12-27,17.458581924438477,18.34000015258789,18.739999771118164,18.229999542236328,18.729999542236328,7688000
2024-12-30,17.2681941986084,18.139999389648438,18.459999084472656,18.100000381469727,18.350000381469727,9354300
2025-01-02,17.04924964904785,17.90999984741211,18.170000076293945,17.760000228881836,18.09000015258789,9490100
2025-01-03,16.48760414123535,17.31999969482422,17.8700008392334,17.31999969482422,17.809999465942383,12764200
2025-01-06,17.163482666015625,18.030000686645508,18.290000915527344,17.399999618530273,17.600000381469727,19572100
2025-01-07,17.077808380126953,17.940000534057617,18.56999969482422,17.850000381469727,18.139999389648438,12132300
2025-01-08,16.754148483276367,17.600000381469727,18.09000015258789,17.559999465942383,17.81999969482422,13010100
2025-01-09,16.27817726135254,17.100000381469727,17.639999389648438,17.100000381469727,17.540000915527344,14299700
2025-01-10,15.992592811584473,16.799999237060547,17.219999313354492,16.65999984741211,17.1200008392334,17317900
2025-01-13,16.1734619140625,16.989999771118164,17.06999969482422,16.510000228881836,16.81999969482422,12931600
2025-01-14,16.249618530273438,17.06999969482422,17.219999313354492,16.84000015258789,17.040000915527344,12190000
2025-01-15,16.801740646362305,17.649999618530273,17.68000030517578,17.219999313354492,17.219999313354492,11043700
2025-01-16,16.43048667907715,17.260000228881836,17.639999389648438,16.989999771118164,17.610000610351562,13266400
2025-01-17,16.53520393371582,17.3700008392334,17.5,17.170000076293945,17.399999618530273,12833100
2025-01-20,16.687509536743164,17.530000686645508,17.610000610351562,17.110000610351562,17.290000915527344,6081600
2025-01-21,17.04924964904785,17.90999984741211,17.93000030517578,17.5,17.600000381469727,10082400
2025-01-22,16.754148483276367,17.600000381469727,17.989999771118164,17.469999313354492,17.989999771118164,11092400
2025-01-23,16.620874404907227,17.459999084472656,17.690000534057617,17.360000610351562,17.6200008392334,8861100
2025-01-24,16.716068267822266,17.559999465942383,17.6299991607666,17.389999389648438,17.469999313354492,8425700
2025-01-27,16.89693832397461,17.75,17.780000686645508,17.459999084472656,17.530000686645508,8151600
2025-01-28,16.820783615112305,17.670000076293945,17.8799991607666,17.549999237060547,17.65999984741211,7886500
2025-01-29,16.630393981933594,17.469999313354492,17.799999237060547,17.3700008392334,17.700000762939453,14489200
2025-01-30,16.915977478027344,17.770000457763672,17.8799991607666,17.479999542236328,17.5,8594400
2025-01-31,16.392410278320312,17.219999313354492,17.920000076293945,16.959999084472656,17.729999542236328,18726300
2025-02-03,16.639909744262695,17.479999542236328,17.600000381469727,17.059999465942383,17.100000381469727,13393700
2025-02-04,16.268657684326172,17.09000015258789,17.459999084472656,17.030000686645508,17.350000381469727,10929300
2025-02-05,16.087787628173828,16.899999618530273,17.110000610351562,16.799999237060547,17.110000610351562,10004300
2025-02-06,16.268657684326172,17.09000015258789,17.15999984741211,16.790000915527344,16.940000534057617,6745400
2025-02-07,15.897400856018066,16.700000762939453,17.209999084472656,16.6299991607666,17.209999084472656,8165400
2025-02-10,16.725587844848633,17.56999969482422,17.739999771118164,17.0,17.100000381469727,20915200
2025-02-11,16.88741683959961,17.739999771118164,18.1299991607666,17.510000228881836,17.540000915527344,18838100
2025-02-12,16.53520393371582,17.3700008392334,17.65999984741211,17.219999313354492,17.540000915527344,14205900
2025-02-13,16.611356735229492,17.450000762939453,17.5,17.1299991607666,17.299999237060547,5875700
2025-02-14,16.735107421875,17.579999923706055,17.719999313354492,17.34000015258789,17.579999923706055,6853000
2025-02-17,16.53520393371582,17.3700008392334,17.709999084472656,17.360000610351562,17.549999237060547,8584700
2025-02-18,16.601835250854492,17.440000534057617,17.639999389648438,17.270000457763672,17.459999084472656,11477300
2025-02-19,16.525680541992188,17.360000610351562,17.5,17.170000076293945,17.31999969482422,8894400
2025-02-20,15.640376091003418,16.43000030517578,17.579999923706055,16.43000030517578,17.43000030517578,26719700
2025-02-21,15.440470695495605,16.219999313354492,16.770000457763672,16.09000015258789,16.600000381469727,18547500
2025-02-24,15.488066673278809,16.270000457763672,16.5,15.930000305175781,16.170000076293945,14514900
2025-02-25,15.535662651062012,16.31999969482422,16.56999969482422,16.1299991607666,16.25,8154600
2025-02-26,15.84980297088623,16.649999618530273,16.760000228881836,16.40999984741211,16.479999542236328,13693500
2025-02-27,16.040191650390625,16.850000381469727,17.0,16.559999465942383,16.600000381469727,12714900
2025-02-28,15.859323501586914,16.65999984741211,17.049999237060547,16.65999984741211,16.700000762939453,16846300
2025-03-05,15.9164400100708,16.719999313354492,16.920000076293945,16.450000762939453,16.469999313354492,12820200
2025-03-06,16.108322143554688,16.81999969482422,17.139999389648438,16.579999923706055,16.65999984741211,9605000
2025-03-07,16.242399215698242,16.959999084472656,17.1299991607666,16.639999389648438,16.739999771118164,9969500
2025-03-10,16.146629333496094,16.860000610351562,17.040000915527344,16.559999465942383,16.799999237060547,9647100
2025-03-11,16.089168548583984,16.799999237060547,17.040000915527344,16.700000762939453,16.850000381469727,11075300
2025-03-12,15.83059310913086,16.530000686645508,16.920000076293945,16.479999542236328,16.799999237060547,9389300
2025-03-13,15.782708168029785,16.479999542236328,16.639999389648438,16.260000228881836,16.559999465942383,8254500
2025-03-14,16.194515228271484,16.90999984741211,17.010000228881836,16.56999969482422,16.59000015258789,6674200
2025-03-17,16.46266746520996,17.190000534057617,17.350000381469727,16.809999465942383,16.860000610351562,10168800
2025-03-18,16.48181915283203,17.209999084472656,17.299999237060547,17.1200008392334,17.149999618530273,5362700
2025-03-19,16.51055145263672,17.239999771118164,17.450000762939453,17.09000015258789,17.200000762939453,6377200
2025-03-20,16.472246170043945,17.200000762939453,17.3799991607666,17.100000381469727,17.100000381469727,6055200
2025-03-21,16.414779663085938,17.139999389648438,17.25,17.020000457763672,17.170000076293945,15149800
2025-03-24,16.51055145263672,17.239999771118164,17.459999084472656,17.15999984741211,17.260000228881836,5837700
2025-03-25,16.587167739868164,17.31999969482422,17.530000686645508,17.170000076293945,17.25,11113800
2025-03-26,16.730819702148438,17.469999313354492,17.5,17.280000686645508,17.290000915527344,7724300
2025-03-27,16.644628524780273,17.3799991607666,17.579999923706055,17.299999237060547,17.459999084472656,9659100
2025-03-28,16.1849365234375,16.899999618530273,17.420000076293945,16.760000228881836,17.3700008392334,8220600
2025-03-31,15.495401382446289,16.18000030517578,16.84000015258789,16.18000030517578,16.790000915527344,16606800
2025-04-01,15.907207489013672,16.610000610351562,16.850000381469727,16.100000381469727,16.239999771118164,13212000
2025-04-02,15.686938285827637,16.3799991607666,16.600000381469727,16.079999923706055,16.540000915527344,10605600
2025-04-03,15.246402740478516,15.920000076293945,16.290000915527344,15.84000015258789,16.270000457763672,18339100
2025-04-04,14.50898265838623,15.149999618530273,15.600000381469727,15.050000190734863,15.569999694824219,18147000
2025-04-07,13.982254028320312,14.600000381469727,15.359999656677246,14.300000190734863,14.789999961853027,27336400
2025-04-08,13.40764045715332,14.0,15.010000228881836,13.960000038146973,14.770000457763672,21471100
2025-04-09,14.36532974243164,15.0,15.0600004196167,13.739999771118164,13.800000190734863,19415200
2025-04-10,13.924793243408203,14.539999961853027,15.140000343322754,14.34000015258789,14.869999885559082,14261000
2025-04-11,14.058869361877441,14.680000305175781,14.9399995803833,14.420000076293945,14.6899995803833,12951000
2025-04-14,14.50898265838623,15.149999618530273,15.350000381469727,14.829999923706055,14.930000305175781,10836400
2025-04-15,14.346174240112305,14.979999542236328,15.229999542236328,14.890000343322754,15.170000076293945,6983900
2025-04-16,14.432367324829102,15.069999694824219,15.109999656677246,14.800000190734863,14.869999885559082,9261400
2025-04-17,14.317444801330566,14.949999809265137,15.119999885559082,14.880000114440918,15.09000015258789,8358800
2025-04-22,14.259984016418457,14.890000343322754,14.970000267028809,14.670000076293945,14.949999809265137,8830500
2025-04-23,14.422791481018066,15.0600004196167,15.380000114440918,15.029999732971191,15.140000343322754,11517300
2025-04-24,14.719674110412598,15.369999885559082,15.369999885559082,14.979999542236328,15.050000190734863,11974400
2025-04-25,14.681365966796875,15.329999923706055,15.420000076293945,15.140000343322754,15.300000190734863,13749000
2025-04-28,14.892057418823242,15.550000190734863,15.699999809265137,15.289999961853027,15.369999885559082,10156000
2025-04-29,14.719674110412598,15.369999885559082,15.720000267028809,15.199999809265137,15.529999732971191,16421200
2025-04-30,14.355751991271973,14.989999771118164,15.210000038146973,14.6899995803833,15.199999809265137,15627500
2025-05-02,14.307867050170898,14.9399995803833,15.239999771118164,14.890000343322754,15.0600004196167,9768700
2025-05-05,14.192944526672363,14.819999694824219,15.119999885559082,14.729999542236328,14.949999809265137,8474800
2025-05-06,14.154637336730957,14.779999732971191,15.079999923706055,14.779999732971191,14.899999618530273,7328700
2025-05-07,13.991829872131348,14.609999656677246,15.0,14.479999542236328,14.960000038146973,8835900
2025-05-08,14.269558906555176,14.899999618530273,14.989999771118164,14.710000038146973,14.770000457763672,11859400
2025-05-09,14.240596771240234,14.75,14.930000305175781,14.510000228881836,14.899999618530273,10328800
2025-05-12,14.626782417297363,15.149999618530273,15.449999809265137,15.0600004196167,15.170000076293945,15800200
2025-05-13,14.964694023132324,15.5,15.6899995803833,15.109999656677246,15.130000114440918,10281500
2025-05-14,15.03227710723877,15.569999694824219,15.789999961853027,15.430000305175781,15.479999542236328,14389500
2025-05-15,15.167442321777344,15.710000038146973,15.819999694824219,15.5,15.5,13244500
2025-05-16,15.225370407104492,15.770000457763672,15.880000114440918,15.520000457763672,15.579999923706055,12622400
2025-05-19,15.14813232421875,15.6899995803833,15.979999542236328,15.670000076293945,15.699999809265137,8916400
2025-05-20,15.070895195007324,15.609999656677246,15.8100004196167,15.600000381469727,15.699999809265137,7894300
2025-05-21,14.926076889038086,15.460000038146973,15.729999542236328,15.460000038146973,15.600000381469727,9712600
2025-05-22,14.935731887817383,15.470000267028809,15.800000190734863,15.329999923706055,15.430000305175781,15204000
2025-05-23,14.916420936584473,15.449999809265137,15.5600004196167,15.199999809265137,15.260000228881836,9659700
2025-05-26,15.099860191345215,15.640000343322754,15.670000076293945,15.430000305175781,15.449999809265137,4639000
2025-05-27,15.524664878845215,16.079999923706055,16.280000686645508,15.779999732971191,15.819999694824219,19895700
2025-05-28,15.350879669189453,15.899999618530273,16.110000610351562,15.779999732971191,16.049999237060547,10138400
2025-05-29,15.206061363220215,15.75,16.079999923706055,15.699999809265137,15.920000076293945,8721400
2025-05-30,14.72332763671875,15.25,15.739999771118164,15.109999656677246,15.6899995803833,17175500
2025-06-02,15.466736793518066,16.020000457763672,16.329999923706055,15.880000114440918,15.930000305175781,15056300
2025-06-03,15.679137229919434,16.239999771118164,16.360000610351562,15.850000381469727,15.899999618530273,16151400
2025-06-04,15.582592010498047,16.139999389648438,16.459999084472656,16.139999389648438,16.239999771118164,10250800
2025-06-05,16.123252868652344,16.700000762939453,16.950000762939453,16.229999542236328,16.239999771118164,19074500
2025-06-06,16.113597869873047,16.690000534057617,16.829999923706055,16.6200008392334,16.639999389648438,13961800
2025-06-09,17.146644592285156,17.760000228881836,17.920000076293945,16.770000457763672,16.770000457763672,27120300
2025-06-10,17.040443420410156,17.649999618530273,17.93000030517578,17.6200008392334,17.8700008392334,14208200
2025-06-11,16.412891387939453,17.0,17.649999618530273,16.790000915527344,17.600000381469727,20858600
2025-06-12,16.33565330505371,16.920000076293945,17.06999969482422,16.729999542236328,16.81999969482422,8423800
2025-06-13,16.18117904663086,16.760000228881836,16.940000534057617,16.649999618530273,16.75,10235400
2025-06-16,16.2584171295166,16.84000015258789,17.229999542236328,16.84000015258789,16.989999771118164,6758200
2025-06-17,16.007396697998047,16.579999923706055,16.979999542236328,16.450000762939453,16.829999923706055,8710900
2025-06-18,15.959123611450195,16.530000686645508,16.739999771118164,16.420000076293945,16.520000457763672,8882000
2025-06-20,15.45708179473877,16.010000228881836,16.540000915527344,15.949999809265137,16.43000030517578,11937100
2025-06-23,15.534319877624512,16.09000015258789,16.09000015258789,15.800000190734863,16.030000686645508,5591900
2025-06-24,15.534319877624512,16.09000015258789,16.3700008392334,16.059999465942383,16.18000030517578,7747700
2025-06-25,15.312261581420898,15.859999656677246,16.020000457763672,15.6899995803833,16.0,11278000
2025-06-26,15.505353927612305,16.059999465942383,16.200000762939453,15.880000114440918,16.0,7808900
2025-06-27,15.350879669189453,15.899999618530273,16.059999465942383,15.75,16.020000457763672,11171600
2025-06-30,15.447427749633789,16.0,16.110000610351562,15.779999732971191,15.819999694824219,6442600
2025-07-01,15.447427749633789,16.0,16.09000015258789,15.8100004196167,16.059999465942383,5394000
2025-07-02,15.930157661437988,16.5,16.81999969482422,16.049999237060547,16.049999237060547,11037900
2025-07-03,16.21014404296875,16.790000915527344,17.100000381469727,16.549999237060547,16.59000015258789,9109900
2025-07-04,16.200490951538086,16.780000686645508,16.84000015258789,16.65999984741211,16.729999542236328,2644300
2025-07-07,16.26807403564453,16.850000381469727,16.920000076293945,16.670000076293945,16.75,8081200
2025-07-08,16.297033309936523,16.8799991607666,17.100000381469727,16.75,16.84000015258789,9208500
2025-07-09,16.21014404296875,16.790000915527344,16.959999084472656,16.690000534057617,16.860000610351562,5747000
2025-07-10,16.297033309936523,16.8799991607666,17.469999313354492,16.6299991607666,16.670000076293945,16845100
2025-07-11,16.113597869873047,16.690000534057617,16.84000015258789,16.459999084472656,16.760000228881836,11692900
2025-07-14,16.07497787475586,16.649999618530273,17.06999969482422,16.600000381469727,16.93000030517578,13733500
2025-07-15,15.901195526123047,16.469999313354492,16.670000076293945,16.3799991607666,16.600000381469727,8586000
2025-07-16,15.959123611450195,16.530000686645508,16.6200008392334,16.31999969482422,16.450000762939453,8009000
2025-07-17,15.785340309143066,16.350000381469727,16.579999923706055,16.260000228881836,16.579999923706055,8089300
2025-07-18,15.553627967834473,16.110000610351562,16.420000076293945,16.030000686645508,16.209999084472656,8826500
2025-07-21,16.046016693115234,16.6200008392334,16.770000457763672,16.260000228881836,16.260000228881836,10099400
2025-07-22,16.326000213623047,16.90999984741211,17.06999969482422,16.729999542236328,16.760000228881836,9828400
2025-07-23,16.625293731689453,17.219999313354492,17.399999618530273,16.860000610351562,16.860000610351562,9446300
2025-07-24,16.6832218170166,17.280000686645508,17.389999389648438,17.059999465942383,17.139999389648438,16306600
2025-07-25,16.5866756439209,17.18000030517578,17.329999923706055,17.030000686645508,17.110000610351562,8883900
2025-07-28,16.219799041748047,16.799999237060547,17.31999969482422,16.75,17.239999771118164,5696200
2025-07-29,16.132905960083008,16.709999084472656,16.860000610351562,16.459999084472656,16.829999923706055,8402200
2025-07-30,16.39358139038086,16.979999542236328,17.100000381469727,16.6200008392334,16.649999618530273,8253300
2025-07-31,16.2584171295166,16.84000015258789,16.90999984741211,16.420000076293945,16.780000686645508,10786300
2025-08-01,15.495698928833008,16.049999237060547,16.989999771118164,16.020000457763672,16.709999084472656,19651300
2025-08-04,15.669482231140137,16.229999542236328,16.6299991607666,16.1200008392334,16.229999542236328,9460800
2025-08-05,15.611555099487305,16.170000076293945,16.3799991607666,16.1299991607666,16.25,4882300
2025-08-06,15.437771797180176,15.989999771118164,16.3700008392334,15.880000114440918,16.329999923706055,6096000
2025-08-07,15.640522003173828,16.200000762939453,16.389999389648438,16.06999969482422,16.1299991607666,9925800
2025-08-08,15.823955535888672,16.389999389648438,16.540000915527344,16.059999465942383,16.25,9503100
2025-08-11,15.785340309143066,16.350000381469727,16.489999771118164,16.25,16.440000534057617,5443300
2025-08-12,15.902052879333496,16.350000381469727,16.530000686645508,16.280000686645508,16.350000381469727,5584400
2025-08-13,16.01876449584961,16.469999313354492,16.649999618530273,16.239999771118164,16.25,10955300
2025-08-14,15.853422164916992,16.299999237060547,16.489999771118164,15.850000381469727,16.25,11099800
2025-08-15,15.785338401794434,16.229999542236328,16.440000534057617,16.079999923706055,16.309999465942383,6938900
2025-08-18,15.940954208374023,16.389999389648438,16.540000915527344,16.18000030517578,16.18000030517578,8484400
2025-08-19,15.833970069885254,16.280000686645508,16.350000381469727,16.1299991607666,16.260000228881836,7620400
2025-08-20,15.629722595214844,16.06999969482422,16.450000762939453,15.970000267028809,16.25,6281900
2025-08-21,15.54218864440918,15.979999542236328,16.1299991607666,15.8100004196167,16.079999923706055,6085400
2025-08-22,15.91178035736084,16.360000610351562,16.399999618530273,15.859999656677246,16.100000381469727,7123500
2025-08-25,16.223011016845703,16.68000030517578,16.920000076293945,16.440000534057617,16.450000762939453,8012900
2025-08-26,16.339723587036133,16.799999237060547,16.81999969482422,16.450000762939453,16.540000915527344,14287300
2025-08-27,16.32027244567871,16.780000686645508,16.850000381469727,16.459999084472656,16.829999923706055,5602600
2025-08-28,16.329998016357422,16.790000915527344,17.059999465942383,16.739999771118164,16.969999313354492,8579700
2025-08-29,16.20355796813965,16.65999984741211,16.969999313354492,16.649999618530273,16.690000534057617,13469900
2025-09-01,16.436983108520508,16.899999618530273,16.899999618530273,16.610000610351562,16.639999389648438,4035300
2025-09-02,16.45643424987793,16.920000076293945,16.969999313354492,16.68000030517578,16.68000030517578,5878800
2025-09-03,16.300819396972656,16.760000228881836,17.0,16.510000228881836,16.8700008392334,8400600
2025-09-04,16.534244537353516,17.0,17.049999237060547,16.6299991607666,16.780000686645508,6165900
2025-09-05,16.962190628051758,17.440000534057617,17.489999771118164,17.059999465942383,17.059999465942383,10602100
2025-09-08,16.894107818603516,17.3700008392334,17.690000534057617,17.059999465942383,17.540000915527344,9834700
2025-09-09,16.62177848815918,17.09000015258789,17.59000015258789,17.09000015258789,17.389999389648438,8151700
2025-09-10,16.45643424987793,16.920000076293945,17.229999542236328,16.809999465942383,17.049999237060547,10034600
2025-09-11,16.534244537353516,17.0,17.09000015258789,16.729999542236328,17.010000228881836,8422600
2025-09-12,15.853422164916992,16.299999237060547,16.8799991607666,16.299999237060547,16.809999465942383,18474900
2025-09-15,16.242464065551758,16.700000762939453,16.760000228881836,16.229999542236328,16.3799991607666,10133000
2025-09-16,16.32027244567871,16.780000686645508,16.8799991607666,16.639999389648438,16.81999969482422,6643200
2025-09-17,16.37862777709961,16.84000015258789,17.049999237060547,16.59000015258789,16.700000762939453,7276700
2025-09-18,16.34944725036621,16.809999465942383,16.899999618530273,16.670000076293945,16.790000915527344,7345400
2025-09-19,16.310544967651367,16.770000457763672,16.8799991607666,16.610000610351562,16.809999465942383,10277700
2025-09-22,16.2813663482666,16.739999771118164,16.739999771118164,16.43000030517578,16.700000762939453,6292200
2025-09-23,16.39807891845703,16.860000610351562,17.31999969482422,16.690000534057617,16.760000228881836,10488600
2025-09-24,16.242464065551758,16.700000762939453,16.899999618530273,16.610000610351562,16.850000381469727,6711100
2025-09-25,16.223011016845703,16.68000030517578,16.760000228881836,16.530000686645508,16.700000762939453,5233200
2025-09-26,16.164657592773438,16.6200008392334,16.760000228881836,16.530000686645508,16.700000762939453,4193200
2025-09-29,16.300819396972656,16.760000228881836,16.989999771118164,16.690000534057617,16.790000915527344,7457600
2025-09-30,16.15492820739746,16.610000610351562,16.950000762939453,16.559999465942383,16.899999618530273,6908300
2025-10-01,16.49534034729004,16.959999084472656,17.139999389648438,16.729999542236328,16.790000915527344,12948700
2025-10-02,16.699586868286133,17.170000076293945,17.31999969482422,16.760000228881836,17.020000457763672,11154800
2025-10-03,17.020544052124023,17.5,17.65999984741211,17.06999969482422,17.1299991607666,12692300
2025-10-06,16.971914291381836,17.450000762939453,17.649999618530273,17.1299991607666,17.600000381469727,12044600
2025-10-07,16.719038009643555,17.190000534057617,17.530000686645508,17.190000534057617,17.360000610351562,13850000
2025-10-08,17.04972267150879,17.530000686645508,17.65999984741211,17.239999771118164,17.309999465942383,15887100
2025-10-09,17.088626861572266,17.56999969482422,17.770000457763672,17.40999984741211,17.59000015258789,9644400
2025-10-10,16.87465476989746,17.350000381469727,17.68000030517578,17.329999923706055,17.6299991607666,9632200
2025-10-13,17.234516143798828,17.719999313354492,18.0,17.530000686645508,17.579999923706055,13685900
2025-10-14,17.224790573120117,17.709999084472656,17.780000686645508,17.540000915527344,17.610000610351562,10039600
2025-10-15,17.429039001464844,17.920000076293945,17.989999771118164,17.56999969482422,17.600000381469727,13860300
2025-10-16,17.185888290405273,17.670000076293945,17.899999618530273,17.579999923706055,17.780000686645508,11717500
2025-10-17,17.506847381591797,18.0,18.15999984741211,17.610000610351562,17.610000610351562,12028300
2025-10-20,17.759723663330078,18.260000228881836,18.420000076293945,18.0,18.040000915527344,11361500
2025-10-21,17.691640853881836,18.190000534057617,18.579999923706055,18.190000534057617,18.280000686645508,8315300
2025-10-22,17.506847381591797,18.0,18.360000610351562,17.969999313354492,18.299999237060547,9522200
2025-10-23,17.691640853881836,18.190000534057617,18.329999923706055,18.020000457763672,18.049999237060547,5624000
2025-10-24,17.711091995239258,18.209999084472656,18.469999313354492,18.170000076293945,18.309999465942383,4950900
2025-10-27,17.72081756591797,18.219999313354492,18.450000762939453,18.049999237060547,18.34000015258789,8605500
2025-10-28,17.954242706298828,18.459999084472656,18.65999984741211,18.149999618530273,18.190000534057617,9056800
2025-10-29,18.72260093688965,19.25,19.25,18.600000381469727,18.600000381469727,19719900
2025-10-30,18.20711898803711,18.719999313354492,19.209999084472656,18.68000030517578,19.1200008392334,12657500
2025-10-31,18.421092987060547,18.940000534057617,18.940000534057617,18.260000228881836,18.84000015258789,15122000
2025-11-03,18.1973934173584,18.709999084472656,18.8799991607666,18.5,18.850000381469727,10484600
2025-11-04,18.070955276489258,18.579999923706055,18.770000457763672,18.450000762939453,18.700000762939453,9600000
2025-11-05,18.566984176635742,19.09000015258789,19.290000915527344,18.5,18.579999923706055,12573100
2025-11-06,18.596160888671875,19.1200008392334,19.399999618530273,18.950000762939453,19.09000015258789,12505000
2025-11-07,18.50862693786621,19.030000686645508,19.200000762939453,18.809999465942383,19.06999969482422,8119200
2025-11-10,18.576709747314453,19.100000381469727,19.25,18.93000030517578,19.139999389648438,8972900
2025-11-11,18.65567398071289,18.899999618530273,19.100000381469727,18.760000228881836,19.100000381469727,11665000
2025-11-12,18.803735733032227,19.049999237060547,19.18000030517578,18.860000610351562,18.899999618530273,11431200
2025-11-13,18.665546417236328,18.90999984741211,19.280000686645508,18.809999465942383,19.040000915527344,8617100
2025-11-14,18.52735710144043,18.770000457763672,18.950000762939453,18.65999984741211,18.860000610351562,7175700
2025-11-17,18.458261489868164,18.700000762939453,18.8799991607666,18.459999084472656,18.799999237060547,12081200
2025-11-18,18.408906936645508,18.649999618530273,18.739999771118164,18.479999542236328,18.479999542236328,11608800
2025-11-19,18.250974655151367,18.489999771118164,18.780000686645508,18.440000534057617,18.549999237060547,5682400
2025-11-21,18.231233596801758,18.469999313354492,18.579999923706055,18.239999771118164,18.3799991607666,8705100
2025-11-24,18.349681854248047,18.59000015258789,18.75,18.389999389648438,18.389999389648438,10011700
2025-11-25,18.517484664916992,18.760000228881836,18.8799991607666,18.5,18.59000015258789,9926000
2025-11-26,18.882699966430664,19.1299991607666,19.25,18.790000915527344,18.790000915527344,6610200
2025-11-27,18.862960815429688,19.110000610351562,19.149999618530273,18.959999084472656,19.030000686645508,2499800
2025-11-28,18.793867111206055,19.040000915527344,19.260000228881836,18.93000030517578,19.079999923706055,5313600
2025-12-01,18.902442932128906,19.149999618530273,19.25,18.84000015258789,19.110000610351562,9203800
2025-12-02,18.862960815429688,19.110000610351562,19.229999542236328,18.93000030517578,19.18000030517578,6269000
2025-12-03,19.376237869262695,19.6299991607666,19.729999542236328,19.18000030517578,19.18000030517578,12653900
2025-12-04,19.34662628173828,19.600000381469727,19.809999465942383,19.540000915527344,19.729999542236328,9828900
2025-12-05,18.853090286254883,19.100000381469727,19.770000457763672,18.899999618530273,19.6200008392334,18903500
2025-12-08,18.803735733032227,19.049999237060547,19.309999465942383,19.010000228881836,19.290000915527344,9864600
2025-12-09,18.83334732055664,19.079999923706055,19.149999618530273,18.899999618530273,18.950000762939453,14842900
2025-12-10,19.336755752563477,19.59000015258789,19.68000030517578,19.010000228881836,19.149999618530273,14169200
2025-12-11,19.6032657623291,19.860000610351562,19.969999313354492,19.299999237060547,19.489999771118164,7479800
2025-12-12,19.672359466552734,19.93000030517578,20.049999237060547,19.600000381469727,19.979999542236328,9598600
2025-12-15,20.106672286987305,20.3700008392334,20.479999542236328,19.8700008392334,19.989999771118164,13121100
2025-12-16,20.383052825927734,20.649999618530273,20.760000228881836,20.18000030517578,20.40999984741211,12326000
2025-12-17,20.047447204589844,20.309999465942383,20.65999984741211,20.25,20.510000228881836,12937300
2025-12-18,20.165897369384766,20.43000030517578,20.56999969482422,20.299999237060547,20.299999237060547,9087300
2025-12-19,20.106672286987305,20.3700008392334,20.670000076293945,20.280000686645508,20.440000534057617,12971100
2025-12-22,20.304086685180664,20.56999969482422,20.809999465942383,20.229999542236328,20.3799991607666,7241100
2025-12-23,20.48175811767578,20.75,20.760000228881836,20.459999084472656,20.6299991607666,4248900
2025-12-26,20.48175811767578,20.75,20.809999465942383,20.6200008392334,20.6200008392334,6177000
2025-12-29,20.264604568481445,20.530000686645508,20.8700008392334,20.3799991607666,20.799999237060547,6726100
2025-12-30,20.126413345336914,20.389999389648438,20.729999542236328,20.389999389648438,20.65999984741211,5129900
2026-01-02,20.244863510131836,20.510000228881836,20.6200008392334,20.31999969482422,20.389999389648438,5849100
2026-01-05,20.442276000976562,20.709999084472656,20.940000534057617,20.40999984741211,20.510000228881836,6662200
2026-01-06,20.777881622314453,21.049999237060547,21.239999771118164,20.440000534057617,20.770000457763672,9874300
2026-01-07,20.995037078857422,21.270000457763672,21.3799991607666,20.81999969482422,21.020000457763672,9547500
2026-01-08,20.92594337463379,21.200000762939453,21.399999618530273,21.0,21.350000381469727,7742900
2026-01-09,20.777881622314453,21.049999237060547,21.31999969482422,20.979999542236328,21.200000762939453,5859200
2026-01-12,20.975296020507812,21.25,21.389999389648438,20.780000686645508,21.020000457763672,6443700
2026-01-13,21.379995346069336,21.65999984741211,21.90999984741211,20.959999084472656,21.030000686645508,13492400
2026-01-14,21.92288589477539,22.209999084472656,22.290000915527344,21.329999923706055,21.709999084472656,12114600
2026-01-15,21.991981506347656,22.280000686645508,22.3799991607666,22.110000610351562,22.270000457763672,5843800
2026-01-16,21.755083084106445,22.040000915527344,22.350000381469727,22.010000228881836,22.260000228881836,6596300
2026-01-19,21.72547149658203,22.010000228881836,22.100000381469727,21.8799991607666,21.969999313354492,2849100
2026-01-20,21.913015365600586,22.200000762939453,22.200000762939453,21.739999771118164,22.020000457763672,8888200
2026-01-21,22.268360137939453,22.559999465942383,22.600000381469727,21.809999465942383,22.299999237060547,13048000
2026-01-22,22.781639099121094,23.079999923706055,23.700000762939453,22.610000610351562,22.610000610351562,16595100
2026-01-23,22.94944190979004,23.25,23.350000381469727,22.469999313354492,22.780000686645508,16298800
2026-01-26,22.4361629486084,22.729999542236328,23.290000915527344,22.59000015258789,23.270000457763672,13549200
2026-01-27,23.196210861206055,23.5,23.729999542236328,22.829999923706055,22.989999771118164,20037400
2026-01-28,23.423236846923828,23.729999542236328,24.079999923706055,23.479999542236328,23.6299991607666,12010700
2026-01-29,22.446035385131836,22.739999771118164,24.030000686645508,22.65999984741211,23.799999237060547,18487400
2026-01-30,22.130172729492188,22.420000076293945,22.760000228881836,22.25,22.549999237060547,12859100
2026-02-02,22.2979736328125,22.59000015258789,22.690000534057617,22.40999984741211,22.56999969482422,8184500
2026-02-03,22.742156982421875,23.040000915527344,23.219999313354492,22.739999771118164,22.75,10723400
2026-02-04,22.110429763793945,22.399999618530273,23.020000457763672,22.190000534057617,22.84000015258789,14668500
2026-02-05,21.72547149658203,22.010000228881836,22.510000228881836,21.68000030517578,22.350000381469727,14913800
2026-02-06,21.68598747253418,21.969999313354492,22.170000076293945,21.760000228881836,21.989999771118164,14272000
2026-02-09,21.96236801147461,22.25,22.329999923706055,22.0,22.09000015258789,13151100
2026-02-10,21.863662719726562,22.149999618530273,22.350000381469727,21.8799991607666,22.350000381469727,14652000
2026-02-11,22.35719871520996,22.649999618530273,22.799999237060547,22.200000762939453,22.229999542236328,24385900
2026-02-12,21.90314483642578,22.190000534057617,22.6299991607666,22.020000457763672,22.5,13817100
2026-02-13,21.37012481689453,21.649999618530273,21.649999618530273,21.049999237060547,21.579999923706055,27229400
2026-02-18,21.34051513671875,21.6200008392334,21.719999313354492,21.31999969482422,21.700000762939453,7824800
2026-02-19,21.241806030273438,21.520000457763672,21.670000076293945,21.34000015258789,21.56999969482422,9139800
2026-02-20,21.360254287719727,21.639999389648438,21.719999313354492,21.270000457763672,21.450000762939453,8893300
2026-02-23,21.330642700195312,21.610000610351562,21.8700008392334,21.479999542236328,21.639999389648438,11733900
2026-02-24,20.856847763061523,21.1299991607666,21.540000915527344,20.670000076293945,21.510000228881836,24680000
2026-02-25,21.133228302001953,21.40999984741211,21.59000015258789,21.100000381469727,21.25,12711600
2026-02-26,20.8074951171875,21.079999923706055,21.5,20.969999313354492,21.5,14080800
2026-02-27,20.718656539916992,20.989999771118164,20.989999771118164,20.729999542236328,20.979999542236328,15728400
2026-03-02,20.531112670898438,20.799999237060547,20.899999618530273,20.459999084472656,20.610000610351562,6548400
2026-03-03,19.494688034057617,19.75,20.25,19.40999984741211,20.25,19616000
2026-03-04,19.6032657623291,19.860000610351562,19.93000030517578,19.639999389648438,19.90999984741211,7907000
2026-03-05,19.07024574279785,19.31999969482422,19.84000015258789,19.190000534057617,19.84000015258789,10704700
2026-03-06,18.65567398071289,18.899999618530273,19.290000915527344,18.770000457763672,19.200000762939453,12677700
2026-03-09,18.507614135742188,18.75,18.8799991607666,18.299999237060547,18.709999084472656,18152400
2026-03-10,18.606321334838867,18.850000381469727,19.049999237060547,18.65999984741211,18.8799991607666,8949100
2026-03-11,18.526935577392578,18.670000076293945,19.030000686645508,18.420000076293945,18.670000076293945,13797600
2026-03-12,17.8918399810791,18.030000686645508,18.56999969482422,17.950000762939453,18.56999969482422,14559700
2026-03-13,17.59413719177246,17.729999542236328,18.299999237060547,17.68000030517578,18.100000381469727,16608500
2026-03-16,17.66360092163086,17.799999237060547,18.06999969482422,17.709999084472656,18.010000228881836,6974400
2026-03-17,17.524673461914062,17.65999984741211,17.940000534057617,17.530000686645508,17.8700008392334,8748800
2026-03-18,17.256742477416992,17.389999389648438,17.59000015258789,17.329999923706055,17.459999084472656,11277300
2026-03-19,17.355976104736328,17.489999771118164,17.540000915527344,16.790000915527344,17.0,10455400
2026-03-20,17.3162841796875,17.450000762939453,17.479999542236328,17.190000534057617,17.280000686645508,19846400
2026-03-23,17.86206817626953,18.0,18.270000457763672,17.690000534057617,17.84000015258789,14630100
2026-03-24,18.100229263305664,18.239999771118164,18.280000686645508,17.829999923706055,17.90999984741211,7146700
2026-03-25,18.31854248046875,18.459999084472656,18.56999969482422,18.270000457763672,18.440000534057617,8663400
2026-03-26,18.288774490356445,18.43000030517578,18.68000030517578,18.25,18.309999465942383,8307500
2026-03-27,17.991071701049805,18.1299991607666,18.450000762939453,18.09000015258789,18.440000534057617,4543100
2026-03-30,18.219310760498047,18.360000610351562,18.549999237060547,18.239999771118164,18.299999237060547,7983900
2026-03-31,18.854406356811523,19.0,19.0,18.469999313354492,18.6200008392334,13972800
2026-04-01,19.56888771057129,19.719999313354492,19.920000076293945,19.360000610351562,19.5,17665700
2026-04-02,19.658199310302734,19.809999465942383,19.809999465942383,18.989999771118164,19.049999237060547,10957800
2026-04-06,19.469655990600586,19.6200008392334,19.989999771118164,19.469999313354492,19.860000610351562,7754600
2026-04-07,19.549043655395508,19.700000762939453,19.809999465942383,19.399999618530273,19.5,15873300
2026-04-08,20.28337287902832,20.440000534057617,20.6299991607666,20.239999771118164,20.530000686645508,21697800
2026-04-09,21.16655158996582,21.329999923706055,21.360000610351562,20.360000610351562,20.530000686645508,16432400
2026-04-10,21.126859664916992,21.290000915527344,21.56999969482422,21.219999313354492,21.329999923706055,12263800
2026-04-13,20.958162307739258,21.1200008392334,21.350000381469727,20.969999313354492,21.270000457763672,11296700
2026-04-14,21.43448257446289,21.600000381469727,21.6200008392334,21.079999923706055,21.190000534057617,10286300
2026-04-15,21.632949829101562,21.799999237060547,21.8700008392334,21.469999313354492,21.530000686645508,12007400
2026-04-16,21.365020751953125,21.530000686645508,22.09000015258789,21.360000610351562,21.93000030517578,11557200
2026-04-17,21.374942779541016,21.540000915527344,22.229999542236328,21.540000915527344,22.229999542236328,11316100
2026-04-20,21.27570915222168,21.440000534057617,21.639999389648438,21.360000610351562,21.5,7470300
2026-04-22,21.55356216430664,21.719999313354492,21.84000015258789,21.190000534057617,21.260000228881836,14006900
2026-04-23,21.513870239257812,21.68000030517578,21.850000381469727,21.43000030517578,21.68000030517578,12421300
2026-04-24,21.603179931640625,21.770000457763672,22.030000686645508,21.579999923706055,21.6299991607666,5866200
2026-04-27,21.494022369384766,21.65999984741211,22.010000228881836,21.530000686645508,21.709999084472656,9566800
2026-04-28,22.38712501525879,22.559999465942383,22.770000457763672,21.760000228881836,22.219999313354492,21269700
2026-04-29,22.287891387939453,22.459999084472656,23.09000015258789,22.34000015258789,22.610000610351562,15853300
2026-04-30,22.436744689941406,22.610000610351562,22.950000762939453,22.43000030517578,22.559999465942383,13197300
2026-05-04,22.476436614990234,22.649999618530273,22.770000457763672,22.399999618530273,22.600000381469727,7688700
2026-05-05,23.568008422851562,23.75,23.75,22.600000381469727,22.600000381469727,16149900
2026-05-06,24.1733341217041,24.360000610351562,24.610000610351562,23.770000457763672,23.799999237060547,13736700
2026-05-07,23.587854385375977,23.770000457763672,24.440000534057617,23.65999984741211,24.34000015258789,7274600
2026-05-08,23.697010040283203,23.8799991607666,24.079999923706055,23.68000030517578,23.920000076293945,10948100
2026-05-11,23.51839256286621,23.700000762939453,24.040000915527344,23.56999969482422,23.81999969482422,6177300
2026-05-12,23.43900489807129,23.6200008392334,23.75,22.93000030517578,23.549999237060547,9649600
2026-05-13,23.309999465942383,23.489999771118164,24.170000076293945,23.40999984741211,23.6200008392334,23349400
2026-05-14,23.579999923706055,23.579999923706055,23.790000915527344,23.229999542236328,23.59000015258789,6526900
2026-05-15,23.34000015258789,23.34000015258789,23.540000915527344,22.719999313354492,22.90999984741211,9444300
2026-05-18,23.260000228881836,23.260000228881836,23.600000381469727,23.049999237060547,23.290000915527344,8065800
2026-05-19,23.020000457763672,23.020000457763672,23.270000457763672,22.809999465942383,23.0,5951300
2026-05-20,23.469999313354492,23.469999313354492,23.670000076293945,23.06999969482422,23.1299991607666,7110500
2026-05-21,23.5,23.5,23.6200008392334,23.110000610351562,23.290000915527344,5696400
2026-05-22,24.010000228881836,24.010000228881836,24.010000228881836,23.34000015258789,23.420000076293945,5256700
2026-05-25,24.18000030517578,24.18000030517578,24.229999542236328,23.780000686645508,24.010000228881836,3249200
2026-05-26,23.610000610351562,23.610000610351562,24.18000030517578,23.389999389648438,24.040000915527344,7751600
2026-05-27,23.739999771118164,23.739999771118164,24.049999237060547,23.309999465942383,24.020000457763672,9704900
2026-05-28,23.5,23.5,24.040000915527344,23.3700008392334,23.809999465942383,10557800
2026-05-29,22.770000457763672,22.770000457763672,23.479999542236328,22.739999771118164,23.479999542236328,25837800
2026-06-01,23.139999389648438,23.139999389648438,23.260000228881836,22.450000762939453,22.829999923706055,11527200
2026-06-02,24.649999618530273,24.649999618530273,24.649999618530273,23.239999771118164,23.25,19052000
2026-06-03,24.1299991607666,24.1299991607666,24.239999771118164,23.799999237060547,24.030000686645508,13017800
2026-06-05,23.479999542236328,23.479999542236328,24.010000228881836,23.3799991607666,23.8700008392334,10640800
2026-06-08,23.68000030517578,23.68000030517578,23.889999389648438,23.34000015258789,23.479999542236328,8306800
2026-06-09,23.469999313354492,23.469999313354492,23.8700008392334,22.899999618530273,23.790000915527344,8666400
2026-06-10,23.43000030517578,23.43000030517578,23.530000686645508,23.059999465942383,23.270000457763672,18269200
2026-06-11,23.81999969482422,23.81999969482422,23.81999969482422,23.229999542236328,23.399999618530273,10097000
2026-06-12,23.8799991607666,23.8799991607666,24.110000610351562,23.520000457763672,23.530000686645508,9298900
2026-06-15,23.360000610351562,23.360000610351562,24.549999237060547,23.299999237060547,24.260000228881836,9809600
2026-06-16,23.290000915527344,23.290000915527344,23.719999313354492,23.1200008392334,23.260000228881836,6778000
2026-06-17,22.809999465942383,22.809999465942383,23.5,22.809999465942383,23.5,8822600
2026-06-18,21.649999618530273,21.649999618530273,22.81999969482422,21.610000610351562,22.81999969482422,20239300
2026-06-19,21.65999984741211,21.65999984741211,21.989999771118164,21.540000915527344,21.709999084472656,11260500
2026-06-22,21.899999618530273,21.899999618530273,21.920000076293945,21.510000228881836,21.739999771118164,10433000
2026-06-23,21.700000762939453,21.700000762939453,21.75,21.309999465942383,21.68000030517578,11955800
2026-06-24,21.3799991607666,21.3799991607666,21.6299991607666,21.209999084472656,21.510000228881836,12239200
2026-06-25,21.440000534057617,21.440000534057617,21.8799991607666,21.43000030517578,21.5,8014900
2026-06-26,21.420000076293945,21.420000076293945,21.540000915527344,21.15999984741211,21.540000915527344,9578200
2026-06-29,21.290000915527344,21.290000915527344,21.520000457763672,20.889999389648438,21.31999969482422,5304000
2026-06-30,20.780000686645508,20.780000686645508,21.15999984741211,20.739999771118164,21.010000228881836,8895800
2026-07-01,20.889999389648438,20.889999389648438,21.040000915527344,20.489999771118164,20.510000228881836,6435000
2026-07-02,21.149999618530273,21.149999618530273,21.3799991607666,20.940000534057617,21.040000915527344,5693100
2026-07-03,21.440000534057617,21.440000534057617,21.56999969482422,21.25,21.260000228881836,6278600
2026-07-06,21.84000015258789,21.84000015258789,21.899999618530273,21.5,21.760000228881836,13387500
2026-07-07,21.850000381469727,21.850000381469727,22.049999237060547,21.559999465942383,21.84000015258789,10964100
2026-07-08,22.139999389648438,22.139999389648438,22.149999618530273,21.420000076293945,21.690000534057617,10140200
2026-07-09,22.479999542236328,22.479999542236328,22.81999969482422,22.100000381469727,22.18000030517578,9419900
2026-07-10,23.010000228881836,23.010000228881836,23.100000381469727,22.579999923706055,22.920000076293945,10455600
2026-07-13,22.81999969482422,22.81999969482422,23.350000381469727,22.81999969482422,23.010000228881836,7928400
2026-07-14,23.31999969482422,23.31999969482422,23.350000381469727,22.950000762939453,23.0,6220100
2026-07-15,24.200000762939453,24.200000762939453,24.420000076293945,23.09000015258789,23.149999618530273,15383900
2026-07-16,23.90999984741211,23.90999984741211,24.3700008392334,23.799999237060547,24.110000610351562,8000700
2026-07-17,24.040000915527344,24.040000915527344,24.239999771118164,23.59000015258789,23.780000686645508,5373300
2026-07-20,23.6200008392334,23.6200008392334,24.25,23.530000686645508,24.09000015258789,4278300
2026-07-21,23.489999771118164,23.489999771118164,23.770000457763672,23.420000076293945,23.559999465942383,4029600
2026-07-22,24.059999465942383,24.059999465942383,24.09000015258789,23.450000762939453,23.520000457763672,7459800
2026-07-23,24.059999465942383,24.059999465942383,24.40999984741211,23.829999923706055,23.920000076293945,7630100
2026-07-24,24.260000228881836,24.260000228881836,24.450000762939453,23.81999969482422,23.8700008392334,5544000
2026-07-27,24.350000381469727,24.350000381469727,24.489999771118164,24.149999618530273,24.200000762939453,2466300
