Date,Adj Close,Close,High,Low,Open,Volume
2021-11-22,18.15378189086914,20.459999084472656,21.0,19.5,20.597999572753906,311000
2021-11-23,17.61254119873047,19.850000381469727,21.847999572753906,19.700000762939453,20.500999450683594,2311000
2021-11-24,17.607219696044922,19.8439998626709,20.239999771118164,19.488000869750977,20.239999771118164,2758000
2021-11-25,18.51313018798828,20.864999771118164,21.07900047302246,20.05900001525879,20.298999786376953,1303000
2021-11-26,17.471460342407227,19.69099998474121,20.9950008392334,19.246000289916992,20.9950008392334,1679000
2021-11-29,17.75893783569336,20.014999389648438,20.402999877929688,19.902000427246094,19.909000396728516,817000
2021-11-30,16.73235511779785,18.857999801635742,20.0,18.253000259399414,19.899999618530273,2747000
2021-12-01,15.881453514099121,17.89900016784668,19.520000457763672,17.85099983215332,19.000999450683594,1714000
2021-12-02,16.59039306640625,18.697999954223633,18.749000549316406,17.5,17.606000900268555,2618000
2021-12-03,17.26206398010254,19.454999923706055,20.634000778198242,18.799999237060547,18.799999237060547,3741000
2021-12-06,18.011817932128906,20.299999237060547,20.393999099731445,19.80500030517578,20.05900001525879,1985000
2021-12-07,18.098773956298828,20.398000717163086,20.75,19.97599983215332,20.75,711000
2021-12-08,18.378265380859375,20.71299934387207,20.739999771118164,19.954999923706055,20.39900016784668,3294000
2021-12-09,17.625850677490234,19.864999771118164,20.700000762939453,19.850000381469727,20.5,695000
2021-12-10,18.189273834228516,20.5,20.58099937438965,20.100000381469727,20.100000381469727,1502000
2021-12-13,18.02423667907715,20.31399917602539,20.663999557495117,20.201000213623047,20.406999588012695,856000
2021-12-14,17.477676391601562,19.697999954223633,20.667999267578125,19.39299964904785,20.350000381469727,1549000
2021-12-15,17.33304786682129,19.53499984741211,19.773000717163086,19.200000762939453,19.649999618530273,1319000
2021-12-16,16.7438907623291,18.871000289916992,19.5,18.871000289916992,19.35700035095215,1387000
2021-12-17,16.717273712158203,18.840999603271484,19.01099967956543,18.53499984741211,18.700000762939453,2095000
2021-12-20,16.172483444213867,18.226999282836914,18.940000534057617,18.08300018310547,18.700000762939453,3039000
2021-12-21,16.089963912963867,18.134000778198242,18.400999069213867,17.67099952697754,18.361000061035156,2284000
2021-12-22,16.062458038330078,18.10300064086914,18.302000045776367,17.709999084472656,18.076000213623047,1219000
2021-12-23,16.1494140625,18.201000213623047,18.299999237060547,18.020999908447266,18.086000442504883,985000
2021-12-27,15.882340431213379,17.899999618530273,18.790000915527344,17.860000610351562,18.469999313354492,977200
2021-12-28,16.49456787109375,18.59000015258789,18.649999618530273,18.020000457763672,18.200000762939453,558900
2021-12-29,16.024307250976562,18.059999465942383,18.889999389648438,18.010000228881836,18.780000686645508,1602200
2021-12-30,16.19289207458496,18.25,18.479999542236328,17.81999969482422,18.280000686645508,1367400
2022-01-03,15.358845710754395,17.309999465942383,18.360000610351562,16.93000030517578,18.06999969482422,1398600
2022-01-04,14.799858093261719,16.68000030517578,17.280000686645508,16.139999389648438,17.040000915527344,2336500
2022-01-05,14.019048690795898,15.800000190734863,16.719999313354492,15.770000457763672,16.540000915527344,3006300
2022-01-06,13.504427909851074,15.220000267028809,15.699999809265137,14.760000228881836,15.5600004196167,4011300
2022-01-07,13.619773864746094,15.350000381469727,15.600000381469727,14.649999618530273,15.029999732971191,2789100
2022-01-10,13.442316055297852,15.149999618530273,15.449999809265137,14.720000267028809,15.010000228881836,1713700
2022-01-11,14.329599380493164,16.149999618530273,16.260000228881836,15.239999771118164,15.390000343322754,1330500
2022-01-12,15.394336700439453,17.350000381469727,17.489999771118164,16.1299991607666,16.139999389648438,3658000
2022-01-13,15.341100692749023,17.290000915527344,17.56999969482422,17.079999923706055,17.200000762939453,2396500
2022-01-14,15.864599227905273,17.8799991607666,17.940000534057617,16.989999771118164,17.229999542236328,1571800
2022-01-17,15.367719650268555,17.31999969482422,18.25,17.260000228881836,18.239999771118164,1367100
2022-01-18,15.660521507263184,17.649999618530273,17.90999984741211,17.049999237060547,17.280000686645508,1966000
2022-01-19,15.704886436462402,17.700000762939453,18.18000030517578,17.510000228881836,17.56999969482422,1975600
2022-01-20,16.636531829833984,18.75,18.969999313354492,17.479999542236328,17.700000762939453,4504500
2022-01-21,16.9027156829834,19.049999237060547,19.559999465942383,18.389999389648438,18.559999465942383,1722800
2022-01-24,16.716384887695312,18.84000015258789,19.43000030517578,18.600000381469727,19.270000457763672,1416400
2022-01-25,17.186649322509766,19.3700008392334,19.489999771118164,18.530000686645508,18.6200008392334,1540000
2022-01-26,17.64803123474121,19.889999389648438,20.420000076293945,19.68000030517578,19.799999237060547,5082300
2022-01-27,17.577049255371094,19.809999465942383,20.549999237060547,19.760000228881836,20.1200008392334,1877500
2022-01-28,17.31086540222168,19.510000228881836,19.81999969482422,19.299999237060547,19.6299991607666,1630100
2022-01-31,17.621414184570312,19.860000610351562,20.0,19.610000610351562,19.989999771118164,938400
2022-02-01,17.133411407470703,19.309999465942383,20.5,19.229999542236328,20.5,3211100
2022-02-02,16.84947967529297,18.989999771118164,19.6200008392334,18.579999923706055,19.299999237060547,2220800
2022-02-03,16.70751190185547,18.829999923706055,19.440000534057617,18.3799991607666,19.139999389648438,1704400
2022-02-04,16.57442283630371,18.68000030517578,18.700000762939453,17.790000915527344,18.5,3034500
2022-02-07,16.991439819335938,19.149999618530273,19.280000686645508,18.600000381469727,18.600000381469727,2308200
2022-02-08,16.68089485168457,18.799999237060547,19.170000076293945,18.68000030517578,18.799999237060547,1408500
2022-02-09,16.867223739624023,19.010000228881836,19.3700008392334,18.549999237060547,19.0,1099500
2022-02-10,16.751874923706055,18.8799991607666,19.239999771118164,18.6299991607666,19.139999389648438,1106900
2022-02-11,16.512313842773438,18.610000610351562,19.280000686645508,18.510000228881836,18.81999969482422,1584700
2022-02-14,16.663148880004883,18.780000686645508,19.260000228881836,18.729999542236328,18.760000228881836,638000
2022-02-15,17.70127296447754,19.950000762939453,20.0,19.059999465942383,19.059999465942383,1580100
2022-02-16,17.77225112915039,20.030000686645508,20.200000762939453,19.670000076293945,20.059999465942383,1349800
2022-02-17,17.75450325012207,20.010000228881836,20.469999313354492,19.940000534057617,20.209999084472656,1743500
2022-02-18,17.64803123474121,19.889999389648438,20.100000381469727,19.670000076293945,20.040000915527344,968700
2022-02-21,16.822856903076172,18.959999084472656,19.93000030517578,18.8700008392334,19.8700008392334,1339500
2022-02-22,17.035804748535156,19.200000762939453,19.459999084472656,19.020000457763672,19.280000686645508,1306800
2022-02-23,16.68976593017578,18.809999465942383,19.3700008392334,18.780000686645508,19.200000762939453,853800
2022-02-24,17.106794357299805,19.280000686645508,19.3799991607666,17.65999984741211,17.799999237060547,1650900
2022-02-25,16.876096725463867,19.020000457763672,19.110000610351562,18.6200008392334,18.850000381469727,1159200
2022-03-02,16.876096725463867,19.020000457763672,19.5,18.920000076293945,19.399999618530273,655600
2022-03-03,17.31973648071289,19.520000457763672,19.760000228881836,18.81999969482422,19.049999237060547,1614800
2022-03-04,16.59217071533203,18.700000762939453,19.739999771118164,18.670000076293945,19.489999771118164,1477900
2022-03-07,15.979944229125977,18.010000228881836,18.850000381469727,18.0,18.5,1242200
2022-03-08,16.237253189086914,18.299999237060547,18.520000457763672,17.520000457763672,18.059999465942383,1616300
2022-03-09,16.947078704833984,19.100000381469727,19.15999984741211,18.309999465942383,18.399999618530273,1347300
2022-03-10,16.485692977905273,18.579999923706055,19.110000610351562,18.209999084472656,19.049999237060547,977600
2022-03-11,15.811359405517578,17.81999969482422,19.15999984741211,17.760000228881836,19.15999984741211,1585500
2022-03-14,15.793611526489258,17.799999237060547,18.3700008392334,17.219999313354492,18.200000762939453,2482100
2022-03-15,15.589539527893066,17.56999969482422,17.690000534057617,16.969999313354492,17.6200008392334,3876800
2022-03-16,15.953326225280762,17.979999542236328,18.1299991607666,17.229999542236328,17.75,4246700
2022-03-17,16.2549991607666,18.31999969482422,18.399999618530273,17.65999984741211,17.940000534057617,2154800
2022-03-18,16.68089485168457,18.799999237060547,18.940000534057617,18.06999969482422,18.309999465942383,3565600
2022-03-21,16.175146102905273,18.229999542236328,18.8799991607666,17.889999389648438,18.760000228881836,3323100
2022-03-22,16.663148880004883,18.780000686645508,18.989999771118164,18.350000381469727,18.479999542236328,2549900
2022-03-23,16.893844604492188,19.040000915527344,19.25,18.610000610351562,18.75,2395500
2022-03-24,17.789997100830078,20.049999237060547,20.09000015258789,18.860000610351562,19.200000762939453,4856400
2022-03-25,18.331239700317383,20.65999984741211,21.239999771118164,19.860000610351562,20.110000610351562,4406800
2022-03-28,18.499820709228516,20.850000381469727,21.100000381469727,20.459999084472656,20.68000030517578,2536300
2022-03-29,19.049936294555664,21.469999313354492,21.739999771118164,21.010000228881836,21.010000228881836,3368600
2022-03-30,18.32236671447754,20.649999618530273,21.610000610351562,20.520000457763672,21.3799991607666,1588300
2022-03-31,18.144908905029297,20.450000762939453,20.809999465942383,20.309999465942383,20.6299991607666,1779700
2022-04-01,19.254011154174805,21.700000762939453,21.729999542236328,20.440000534057617,20.649999618530273,3333700
2022-04-04,19.395978927612305,21.860000610351562,22.149999618530273,21.469999313354492,21.68000030517578,2184900
2022-04-05,19.156410217285156,21.59000015258789,22.149999618530273,21.59000015258789,21.84000015258789,2352400
2022-04-06,18.801496505737305,21.190000534057617,21.440000534057617,20.93000030517578,21.440000534057617,2570700
2022-04-07,18.9966983795166,21.40999984741211,21.799999237060547,21.0,21.139999389648438,1966900
2022-04-08,19.218523025512695,21.65999984741211,22.059999465942383,21.219999313354492,21.34000015258789,2618000
2022-04-11,18.561931610107422,20.920000076293945,21.579999923706055,20.75,21.559999465942383,1716700
2022-04-12,18.615169525146484,20.979999542236328,21.5,20.760000228881836,21.09000015258789,1178800
2022-04-13,18.81924057006836,21.209999084472656,21.5,20.770000457763672,21.31999969482422,2404600
2022-04-14,18.029560089111328,20.31999969482422,21.149999618530273,20.31999969482422,21.079999923706055,2102400
2022-04-18,18.588550567626953,20.950000762939453,21.190000534057617,20.040000915527344,20.31999969482422,2366800
2022-04-19,18.81924057006836,21.209999084472656,21.260000228881836,20.440000534057617,20.649999618530273,2380400
2022-04-20,18.952335357666016,21.360000610351562,21.700000762939453,20.809999465942383,21.270000457763672,2416900
2022-04-22,17.931961059570312,20.209999084472656,21.18000030517578,20.1299991607666,20.90999984741211,2519500
2022-04-25,18.171527862548828,20.479999542236328,20.479999542236328,19.200000762939453,20.059999465942383,4004800
2022-04-26,18.499820709228516,20.850000381469727,20.989999771118164,20.09000015258789,20.18000030517578,4874600
2022-04-27,18.677278518676758,21.049999237060547,21.5,20.860000610351562,20.989999771118164,2596700
2022-04-28,18.854732513427734,21.25,21.479999542236328,20.719999313354492,21.1299991607666,2815900
2022-04-29,18.624040603637695,20.989999771118164,22.3799991607666,20.959999084472656,21.549999237060547,4621800
2022-05-02,18.309541702270508,20.299999237060547,20.93000030517578,19.920000076293945,20.65999984741211,3189200
2022-05-03,18.417776107788086,20.420000076293945,20.549999237060547,19.760000228881836,20.280000686645508,2960900
2022-05-04,18.67032241821289,20.700000762939453,20.920000076293945,19.549999237060547,20.40999984741211,4935100
2022-05-05,17.49778938293457,19.399999618530273,20.56999969482422,18.959999084472656,20.489999771118164,5820200
2022-05-06,17.669160842895508,19.59000015258789,19.600000381469727,18.75,19.399999618530273,4080300
2022-05-09,17.182106018066406,19.049999237060547,19.31999969482422,18.709999084472656,19.020000457763672,3559900
2022-05-10,17.551902770996094,19.459999084472656,19.770000457763672,19.100000381469727,19.200000762939453,3609400
2022-05-11,17.344459533691406,19.229999542236328,19.600000381469727,19.0,19.510000228881836,3240000
2022-05-12,17.777393341064453,19.709999084472656,19.829999923706055,18.700000762939453,19.079999923706055,4145700
2022-05-13,18.345619201660156,20.34000015258789,20.899999618530273,19.709999084472656,19.760000228881836,3999300
2022-05-16,18.5350284576416,20.549999237060547,20.920000076293945,20.219999313354492,20.399999618530273,1952300
2022-05-17,19.13031005859375,21.209999084472656,21.639999389648438,20.780000686645508,20.850000381469727,4783000
2022-05-18,18.634244918823242,20.65999984741211,21.190000534057617,20.25,21.079999923706055,2842800
2022-05-19,18.742477416992188,20.780000686645508,21.399999618530273,20.459999084472656,20.670000076293945,3801300
2022-05-20,18.71541976928711,20.75,21.360000610351562,20.520000457763672,21.059999465942383,2913100
2022-05-23,18.94992446899414,21.010000228881836,21.170000076293945,20.760000228881836,20.860000610351562,2537900
2022-05-24,18.67032241821289,20.700000762939453,21.1299991607666,20.43000030517578,20.829999923706055,1997600
2022-05-25,18.634244918823242,20.65999984741211,21.06999969482422,20.420000076293945,20.579999923706055,1962400
2022-05-26,18.399734497070312,20.399999618530273,20.770000457763672,20.139999389648438,20.700000762939453,5433900
2022-05-27,18.264442443847656,20.25,20.6200008392334,20.100000381469727,20.399999618530273,1518100
2022-05-30,18.27346420288086,20.260000228881836,20.770000457763672,19.950000762939453,20.469999313354492,1557700
2022-05-31,17.89464569091797,19.84000015258789,20.68000030517578,19.709999084472656,20.3799991607666,2673500
2022-06-01,17.452693939208984,19.350000381469727,19.8700008392334,19.06999969482422,19.600000381469727,5877100
2022-06-02,17.76837158203125,19.700000762939453,19.8799991607666,19.350000381469727,19.579999923706055,3402300
2022-06-03,17.633079528808594,19.549999237060547,19.889999389648438,19.31999969482422,19.59000015258789,1739200
2022-06-06,17.335439682006836,19.219999313354492,19.75,19.219999313354492,19.549999237060547,1368000
2022-06-07,17.019756317138672,18.8700008392334,19.200000762939453,18.6299991607666,19.200000762939453,1773500
2022-06-08,16.740154266357422,18.559999465942383,19.030000686645508,18.469999313354492,18.610000610351562,1755400
2022-06-09,16.613876342773438,18.420000076293945,18.850000381469727,18.239999771118164,18.549999237060547,2907600
2022-06-10,16.505643844604492,18.299999237060547,18.649999618530273,18.030000686645508,18.540000915527344,3243700
2022-06-13,16.045652389526367,17.790000915527344,18.139999389648438,17.510000228881836,18.1200008392334,3001900
2022-06-14,15.946438789367676,17.68000030517578,17.969999313354492,17.489999771118164,17.739999771118164,2495000
2022-06-15,16.37937355041504,18.15999984741211,18.649999618530273,17.799999237060547,17.940000534057617,3656900
2022-06-17,16.4425106048584,18.229999542236328,18.389999389648438,17.6200008392334,17.8700008392334,4062000
2022-06-20,16.217025756835938,17.979999542236328,18.350000381469727,17.68000030517578,18.209999084472656,2334400
2022-06-21,16.144865036010742,17.899999618530273,18.260000228881836,17.75,18.09000015258789,1730700
2022-06-22,16.62289810180664,18.43000030517578,18.520000457763672,17.729999542236328,17.770000457763672,2267900
2022-06-23,16.604862213134766,18.40999984741211,18.690000534057617,18.139999389648438,18.459999084472656,1299200
2022-06-24,16.505643844604492,18.299999237060547,18.559999465942383,17.8700008392334,18.559999465942383,2191300
2022-06-27,16.62289810180664,18.43000030517578,18.43000030517578,18.049999237060547,18.299999237060547,1213100
2022-06-28,16.505643844604492,18.299999237060547,18.59000015258789,18.059999465942383,18.510000228881836,2390300
2022-06-29,16.424470901489258,18.209999084472656,18.540000915527344,18.010000228881836,18.299999237060547,2800900
2022-06-30,16.22603988647461,17.989999771118164,18.09000015258789,17.610000610351562,17.950000762939453,2585000
2022-07-01,16.43349266052246,18.219999313354492,18.219999313354492,17.530000686645508,17.709999084472656,3725200
2022-07-04,16.43349266052246,18.219999313354492,18.43000030517578,17.860000610351562,18.100000381469727,1279900
2022-07-05,16.38839340209961,18.170000076293945,18.190000534057617,17.700000762939453,18.010000228881836,1505200
2022-07-06,17.10995101928711,18.969999313354492,19.020000457763672,18.15999984741211,18.15999984741211,4514500
2022-07-07,17.44367027282715,19.34000015258789,19.549999237060547,19.079999923706055,19.170000076293945,2513900
2022-07-08,17.732297897338867,19.65999984741211,19.84000015258789,19.3700008392334,19.43000030517578,3143700
2022-07-11,17.281320571899414,19.15999984741211,19.639999389648438,19.100000381469727,19.469999313354492,1972500
2022-07-12,17.20916748046875,19.079999923706055,19.420000076293945,18.799999237060547,19.15999984741211,1797600
2022-07-13,16.875442504882812,18.709999084472656,19.1299991607666,18.700000762939453,18.780000686645508,1687600
2022-07-14,16.5236873626709,18.31999969482422,18.84000015258789,18.290000915527344,18.65999984741211,2585900
2022-07-15,16.776229858398438,18.600000381469727,18.68000030517578,18.030000686645508,18.389999389648438,2951100
2022-07-18,17.0919132232666,18.950000762939453,19.200000762939453,18.59000015258789,18.829999923706055,3285900
2022-07-19,17.19112777709961,19.059999465942383,19.469999313354492,18.860000610351562,19.110000610351562,1274000
2022-07-20,17.019756317138672,18.8700008392334,19.079999923706055,18.700000762939453,18.969999313354492,1704100
2022-07-21,16.677017211914062,18.489999771118164,18.780000686645508,18.280000686645508,18.709999084472656,2464100
2022-07-22,17.019756317138672,18.8700008392334,19.06999969482422,18.479999542236328,18.579999923706055,2877600
2022-07-25,16.911523818969727,18.75,19.25,18.709999084472656,18.979999542236328,1397300
2022-07-26,16.794269561767578,18.6200008392334,18.860000610351562,18.440000534057617,18.829999923706055,1786900
2022-07-27,17.705232620239258,19.6299991607666,19.729999542236328,18.739999771118164,18.75,2160200
2022-07-28,17.99386215209961,19.950000762939453,20.110000610351562,19.489999771118164,19.56999969482422,2717400
2022-07-29,17.822490692138672,19.760000228881836,20.1299991607666,19.40999984741211,20.030000686645508,1925700
2022-08-01,17.903667449951172,19.850000381469727,20.270000457763672,19.59000015258789,19.65999984741211,2519000
2022-08-02,17.98484230041504,19.940000534057617,20.020000457763672,19.639999389648438,19.84000015258789,1765000
2022-08-03,18.42679786682129,20.43000030517578,20.639999389648438,19.5,19.59000015258789,4277600
2022-08-04,19.436973571777344,21.549999237060547,21.6299991607666,20.639999389648438,20.639999389648438,4990400
2022-08-05,19.157371520996094,21.239999771118164,21.649999618530273,20.989999771118164,21.5,2357800
2022-08-08,19.33776092529297,21.440000534057617,21.860000610351562,21.200000762939453,21.3700008392334,2885400
2022-08-09,19.13031005859375,21.209999084472656,21.860000610351562,20.93000030517578,21.510000228881836,2761300
2022-08-10,19.500112533569336,21.6200008392334,21.899999618530273,21.260000228881836,21.6200008392334,3899800
2022-08-11,19.049137115478516,21.1200008392334,21.75,21.0,21.600000381469727,1825600
2022-08-12,19.0130615234375,21.079999923706055,21.549999237060547,20.969999313354492,21.360000610351562,2340900
2022-08-15,18.940906524658203,21.0,21.219999313354492,20.809999465942383,21.079999923706055,4668300
2022-08-16,18.8507080078125,20.899999618530273,21.06999969482422,20.610000610351562,21.06999969482422,3624200
2022-08-17,19.103256225585938,21.18000030517578,21.520000457763672,20.760000228881836,20.790000915527344,3239700
2022-08-18,19.03110122680664,21.100000381469727,21.40999984741211,20.90999984741211,21.15999984741211,2869400
2022-08-19,18.70639991760254,20.739999771118164,20.93000030517578,20.610000610351562,20.799999237060547,2172000
2022-08-22,18.69738006591797,20.729999542236328,20.889999389648438,20.219999313354492,20.360000610351562,1614700
2022-08-23,18.444833755493164,20.450000762939453,20.65999984741211,20.18000030517578,20.65999984741211,2097600
2022-08-24,18.462871551513672,20.469999313354492,21.030000686645508,20.270000457763672,20.899999618530273,3136600
2022-08-25,18.868749618530273,20.920000076293945,20.920000076293945,20.5,20.5,1845300
2022-08-26,18.28248405456543,20.270000457763672,21.030000686645508,20.270000457763672,20.93000030517578,1870000
2022-08-29,18.156208038330078,20.1299991607666,20.31999969482422,20.0,20.190000534057617,2118100
2022-08-30,17.912683486938477,19.860000610351562,20.329999923706055,19.780000686645508,20.15999984741211,1355100
2022-08-31,17.750333786010742,19.68000030517578,20.25,19.40999984741211,19.8799991607666,4563200
2022-09-01,18.156208038330078,20.1299991607666,20.1299991607666,19.6200008392334,19.68000030517578,2791300
2022-09-02,18.69738006591797,20.729999542236328,20.81999969482422,20.1299991607666,20.229999542236328,3459100
2022-09-05,18.88678741455078,20.940000534057617,21.079999923706055,20.670000076293945,20.889999389648438,1605100
2022-09-06,18.5350284576416,20.549999237060547,20.8700008392334,20.209999084472656,20.790000915527344,2496300
2022-09-08,18.24640655517578,20.229999542236328,20.6200008392334,19.940000534057617,20.6200008392334,2852700
2022-09-09,18.038955688476562,20.0,20.43000030517578,19.799999237060547,20.3700008392334,4164300
2022-09-12,17.750333786010742,19.68000030517578,20.280000686645508,19.649999618530273,20.0,3446400
2022-09-13,17.155048370361328,19.020000457763672,19.389999389648438,18.81999969482422,19.350000381469727,3155700
2022-09-14,18.111112594604492,20.079999923706055,20.079999923706055,18.959999084472656,19.040000915527344,4094200
2022-09-15,17.948762893676758,19.899999618530273,20.56999969482422,19.899999618530273,20.040000915527344,5161500
2022-09-16,17.633079528808594,19.549999237060547,19.889999389648438,19.420000076293945,19.770000457763672,3814900
2022-09-19,18.25542449951172,20.239999771118164,20.540000915527344,19.520000457763672,19.579999923706055,3193000
2022-09-20,18.327579498291016,20.31999969482422,20.520000457763672,20.020000457763672,20.110000610351562,3209500
2022-09-21,18.435813903808594,20.440000534057617,20.56999969482422,19.739999771118164,20.0,10367300
2022-09-22,18.71541976928711,20.75,20.889999389648438,20.18000030517578,20.799999237060547,5732500
2022-09-23,18.417776107788086,20.420000076293945,20.639999389648438,20.270000457763672,20.469999313354492,2571900
2022-09-26,18.102094650268555,20.06999969482422,20.450000762939453,19.950000762939453,20.239999771118164,2433600
2022-09-27,17.9758243560791,19.93000030517578,20.440000534057617,19.8799991607666,20.270000457763672,2188700
2022-09-28,18.36366081237793,20.360000610351562,20.360000610351562,19.809999465942383,19.889999389648438,2240100
2022-09-29,18.029935836791992,19.989999771118164,20.149999618530273,19.510000228881836,20.100000381469727,1740000
2022-09-30,18.36366081237793,20.360000610351562,20.469999313354492,19.809999465942383,19.979999542236328,2069700
2022-10-03,19.545207977294922,21.670000076293945,21.860000610351562,20.799999237060547,20.989999771118164,5182400
2022-10-04,19.76167869567871,21.90999984741211,22.360000610351562,21.790000915527344,22.0,3587900
2022-10-05,20.023242950439453,22.200000762939453,22.450000762939453,21.6200008392334,22.010000228881836,2593900
2022-10-06,19.734619140625,21.8799991607666,22.450000762939453,21.770000457763672,22.25,1985500
2022-10-07,19.52717399597168,21.649999618530273,21.920000076293945,21.549999237060547,21.84000015258789,2002200
2022-10-10,19.599327087402344,21.729999542236328,21.860000610351562,21.459999084472656,21.530000686645508,1475300
2022-10-11,19.78873634338379,21.940000534057617,22.360000610351562,21.59000015258789,21.65999984741211,3443400
2022-10-13,19.42795753479004,21.540000915527344,21.829999923706055,21.280000686645508,21.799999237060547,2966800
2022-10-14,18.96796417236328,21.030000686645508,21.690000534057617,20.8700008392334,21.479999542236328,1701900
2022-10-17,19.256587982177734,21.350000381469727,21.75,21.18000030517578,21.360000610351562,1868000
2022-10-18,19.626386642456055,21.760000228881836,21.81999969482422,21.360000610351562,21.579999923706055,1397800
2022-10-19,19.30168342590332,21.399999618530273,21.81999969482422,21.25,21.690000534057617,1900800
2022-10-20,19.40089988708496,21.510000228881836,21.780000686645508,21.25,21.530000686645508,4343900
2022-10-21,20.03226089477539,22.209999084472656,22.3799991607666,21.280000686645508,21.440000534057617,3628500
2022-10-24,19.328744888305664,21.43000030517578,22.280000686645508,21.3799991607666,22.209999084472656,2198400
2022-10-25,18.88678741455078,20.940000534057617,21.329999923706055,20.90999984741211,21.309999465942383,1890500
2022-10-26,18.300521850585938,20.290000915527344,20.969999313354492,20.260000228881836,20.579999923706055,3994700
2022-10-27,18.751501083374023,20.790000915527344,21.170000076293945,20.239999771118164,20.440000534057617,4572300
2022-10-28,18.8507080078125,20.899999618530273,21.06999969482422,20.6200008392334,20.780000686645508,2850000
2022-10-31,19.77069854736328,21.920000076293945,22.010000228881836,20.56999969482422,20.770000457763672,4279800
2022-11-01,19.78873634338379,21.940000534057617,22.290000915527344,21.43000030517578,21.709999084472656,3521600
2022-11-03,20.23971176147461,22.440000534057617,22.8799991607666,21.469999313354492,21.65999984741211,3487100
2022-11-04,19.93305015563965,22.100000381469727,22.8700008392334,22.059999465942383,22.68000030517578,2445800
2022-11-07,19.364822387695312,21.469999313354492,22.25,21.309999465942383,22.100000381469727,2342900
2022-11-08,19.04012107849121,21.110000610351562,21.469999313354492,20.889999389648438,21.149999618530273,2777000
2022-11-09,18.71541976928711,20.75,21.5,20.610000610351562,21.049999237060547,3122000
2022-11-10,17.137008666992188,19.0,20.40999984741211,18.950000762939453,20.209999084472656,6596800
2022-11-11,16.53270149230957,18.329999923706055,19.200000762939453,18.31999969482422,19.0,6401800
2022-11-14,16.884464263916016,18.719999313354492,18.969999313354492,18.299999237060547,18.68000030517578,3967700
2022-11-16,16.244081497192383,18.010000228881836,18.670000076293945,17.75,18.6200008392334,2858600
2022-11-17,15.856242179870605,17.579999923706055,17.790000915527344,16.81999969482422,17.790000915527344,4973000
2022-11-18,16.162904739379883,17.920000076293945,18.649999618530273,17.75,17.899999618530273,2210200
2022-11-21,17.055831909179688,18.90999984741211,18.920000076293945,17.860000610351562,17.93000030517578,2685400
2022-11-22,16.568782806396484,18.3700008392334,19.110000610351562,18.170000076293945,19.110000610351562,2375500
2022-11-23,16.45153045654297,18.239999771118164,18.489999771118164,18.049999237060547,18.3799991607666,1938100
2022-11-24,17.182106018066406,19.049999237060547,19.219999313354492,18.360000610351562,18.389999389648438,1708100
2022-11-25,16.568782806396484,18.3700008392334,19.299999237060547,18.290000915527344,19.229999542236328,2255300
2022-11-28,16.722118377685547,18.540000915527344,18.700000762939453,18.190000534057617,18.389999389648438,1135500
2022-11-29,17.218181610107422,19.09000015258789,19.25,18.459999084472656,18.540000915527344,2676500
2022-11-30,16.938579559326172,18.780000686645508,18.979999542236328,18.329999923706055,18.979999542236328,2200200
2022-12-01,16.604862213134766,18.40999984741211,18.93000030517578,18.280000686645508,18.920000076293945,4206100
2022-12-02,17.0107364654541,18.860000610351562,19.350000381469727,18.440000534057617,18.510000228881836,1880800
2022-12-05,16.55976676940918,18.360000610351562,18.81999969482422,18.270000457763672,18.799999237060547,1794600
2022-12-06,16.514665603637695,18.309999465942383,18.6200008392334,18.1200008392334,18.309999465942383,1862000
2022-12-07,16.30721664428711,18.079999923706055,18.3799991607666,17.8700008392334,18.229999542236328,2730300
2022-12-08,15.973494529724121,17.709999084472656,18.209999084472656,17.690000534057617,17.93000030517578,2336300
2022-12-09,16.189964294433594,17.950000762939453,18.059999465942383,17.649999618530273,17.969999313354492,4252100
2022-12-12,15.8472261428833,17.56999969482422,18.290000915527344,17.280000686645508,17.950000762939453,2811600
2022-12-13,15.278996467590332,16.940000534057617,17.8700008392334,16.729999542236328,17.610000610351562,2974500
2022-12-14,15.603697776794434,17.299999237060547,17.299999237060547,16.469999313354492,16.700000762939453,6520800
2022-12-15,16.063690185546875,17.809999465942383,18.100000381469727,16.969999313354492,17.31999969482422,3770400
2022-12-16,15.206841468811035,16.860000610351562,17.84000015258789,16.68000030517578,17.6299991607666,3492200
2022-12-19,15.73898983001709,17.450000762939453,17.709999084472656,16.860000610351562,16.90999984741211,2375300
2022-12-20,16.072711944580078,17.81999969482422,18.079999923706055,17.200000762939453,17.399999618530273,2727800
2022-12-21,16.550743103027344,18.350000381469727,18.43000030517578,17.59000015258789,17.889999389648438,3306800
2022-12-22,16.144865036010742,17.899999618530273,18.350000381469727,17.790000915527344,18.219999313354492,1608800
2022-12-23,17.02877426147461,18.8799991607666,19.219999313354492,18.010000228881836,18.010000228881836,3909200
2022-12-26,16.71309471130371,18.530000686645508,18.90999984741211,18.440000534057617,18.8799991607666,1414100
2022-12-27,16.280160903930664,18.049999237060547,18.670000076293945,17.899999618530273,18.600000381469727,1029100
2022-12-28,16.965639114379883,18.809999465942383,18.860000610351562,18.0,18.219999313354492,1577500
2022-12-29,16.66799545288086,18.479999542236328,19.079999923706055,18.31999969482422,18.8700008392334,1333300
2023-01-02,15.919380187988281,17.649999618530273,18.270000457763672,17.389999389648438,18.229999542236328,2080100
2023-01-03,15.071548461914062,16.709999084472656,17.68000030517578,16.649999618530273,17.600000381469727,3495200
2023-01-04,15.116645812988281,16.760000228881836,16.979999542236328,16.440000534057617,16.889999389648438,4407700
2023-01-05,15.585658073425293,17.280000686645508,17.5,16.84000015258789,17.479999542236328,2613900
2023-01-06,16.180944442749023,17.940000534057617,18.040000915527344,17.270000457763672,17.270000457763672,3363200
2023-01-09,16.2080020904541,17.969999313354492,18.09000015258789,17.59000015258789,18.0,1249700
2023-01-10,16.5236873626709,18.31999969482422,18.40999984741211,17.559999465942383,17.81999969482422,3110000
2023-01-11,16.758190155029297,18.579999923706055,18.6299991607666,17.969999313354492,18.049999237060547,1506700
2023-01-12,16.740154266357422,18.559999465942383,18.989999771118164,18.440000534057617,18.760000228881836,1532200
2023-01-13,16.217025756835938,17.979999542236328,18.75,17.93000030517578,18.75,2240800
2023-01-16,16.045652389526367,17.790000915527344,18.209999084472656,17.760000228881836,17.969999313354492,1030100
2023-01-17,16.550743103027344,18.350000381469727,18.469999313354492,17.81999969482422,17.940000534057617,1581800
2023-01-18,16.758190155029297,18.579999923706055,18.899999618530273,18.399999618530273,18.670000076293945,3378000
2023-01-19,16.7672119140625,18.59000015258789,18.719999313354492,18.079999923706055,18.239999771118164,1978800
2023-01-20,16.613876342773438,18.420000076293945,18.639999389648438,18.31999969482422,18.610000610351562,1393900
2023-01-23,16.64093780517578,18.450000762939453,18.729999542236328,18.299999237060547,18.40999984741211,1607500
2023-01-24,16.893482208251953,18.729999542236328,18.780000686645508,18.309999465942383,18.43000030517578,2028300
2023-01-25,17.200145721435547,19.06999969482422,19.09000015258789,18.6299991607666,18.75,1821500
2023-01-26,17.587980270385742,19.5,19.549999237060547,19.149999618530273,19.18000030517578,3618900
2023-01-27,17.245243072509766,19.1200008392334,19.530000686645508,19.030000686645508,19.440000534057617,1728000
2023-01-30,17.344459533691406,19.229999542236328,19.540000915527344,19.1299991607666,19.34000015258789,1952500
2023-01-31,17.678178787231445,19.600000381469727,19.649999618530273,19.09000015258789,19.290000915527344,2437700
2023-02-01,17.678178787231445,19.600000381469727,19.8700008392334,19.190000534057617,19.530000686645508,3355300
2023-02-02,17.245243072509766,19.1200008392334,19.84000015258789,19.06999969482422,19.25,2862300
2023-02-03,16.71309471130371,18.530000686645508,18.989999771118164,18.520000457763672,18.940000534057617,1760400
2023-02-06,17.11897087097168,18.979999542236328,19.1200008392334,18.200000762939453,18.510000228881836,2533800
2023-02-07,17.02877426147461,18.8799991607666,19.149999618530273,18.649999618530273,19.049999237060547,2156100
2023-02-08,17.38053321838379,19.270000457763672,19.3799991607666,18.760000228881836,18.8799991607666,2595300
2023-02-09,16.64093780517578,18.450000762939453,19.399999618530273,18.399999618530273,19.299999237060547,1851900
2023-02-10,17.20916748046875,19.079999923706055,19.1200008392334,18.3700008392334,18.440000534057617,2213800
2023-02-13,16.857406616210938,18.690000534057617,19.200000762939453,18.68000030517578,18.760000228881836,2015500
2023-02-14,16.586820602416992,18.389999389648438,19.040000915527344,18.3700008392334,18.719999313354492,2790100
2023-02-15,16.92053985595703,18.760000228881836,19.059999465942383,18.3700008392334,18.5,2594300
2023-02-16,17.57896614074707,19.489999771118164,19.56999969482422,18.6200008392334,18.709999084472656,3332900
2023-02-17,17.615041732788086,19.530000686645508,19.56999969482422,19.1299991607666,19.170000076293945,2087600
2023-02-22,17.20916748046875,19.079999923706055,19.299999237060547,18.920000076293945,19.299999237060547,1858000
2023-02-23,17.398574829101562,19.290000915527344,19.540000915527344,19.079999923706055,19.25,1562700
2023-02-24,17.353477478027344,19.239999771118164,19.65999984741211,19.010000228881836,19.15999984741211,1966400
2023-02-27,17.398574829101562,19.290000915527344,19.6299991607666,19.09000015258789,19.09000015258789,2466200
2023-02-28,17.470733642578125,19.3700008392334,19.530000686645508,19.18000030517578,19.3799991607666,3171000
2023-03-01,16.586820602416992,18.389999389648438,19.559999465942383,18.100000381469727,19.450000762939453,5217300
2023-03-02,16.947601318359375,18.790000915527344,18.989999771118164,18.329999923706055,18.350000381469727,2229100
2023-03-03,16.29819679260254,18.06999969482422,18.75,17.950000762939453,18.729999542236328,2160400
2023-03-06,16.761899948120117,18.489999771118164,18.489999771118164,17.700000762939453,17.989999771118164,2693100
2023-03-07,17.006662368774414,18.760000228881836,18.90999984741211,18.360000610351562,18.5,2616600
2023-03-08,17.63217544555664,19.450000762939453,19.479999542236328,18.56999969482422,18.68000030517578,1353700
2023-03-09,17.47806739807129,19.280000686645508,19.440000534057617,18.850000381469727,19.110000610351562,2002700
2023-03-10,17.17890739440918,18.950000762939453,19.059999465942383,18.559999465942383,18.889999389648438,1707500
2023-03-13,17.17890739440918,18.950000762939453,19.200000762939453,18.610000610351562,18.84000015258789,2979200
2023-03-14,17.30582046508789,19.09000015258789,19.31999969482422,18.790000915527344,18.950000762939453,2671900
2023-03-15,17.768159866333008,19.600000381469727,19.899999618530273,18.670000076293945,18.8700008392334,5625000
2023-03-16,17.867876052856445,19.709999084472656,19.899999618530273,19.15999984741211,19.709999084472656,4639300
2023-03-17,17.7409610748291,19.56999969482422,19.65999984741211,19.229999542236328,19.5,4120400
2023-03-20,17.24236488342285,19.020000457763672,19.84000015258789,18.770000457763672,19.610000610351562,4910900
2023-03-21,17.360212326049805,19.149999618530273,19.329999923706055,19.030000686645508,19.030000686645508,2397500
2023-03-22,17.2967586517334,19.079999923706055,19.3799991607666,18.770000457763672,19.290000915527344,3730700
2023-03-23,16.616849899291992,18.329999923706055,19.110000610351562,17.959999084472656,18.989999771118164,4105200
2023-03-24,17.197038650512695,18.969999313354492,19.100000381469727,18.260000228881836,18.270000457763672,2808300
2023-03-27,17.56871795654297,19.3799991607666,19.520000457763672,18.90999984741211,19.040000915527344,2350000
2023-03-28,17.63217544555664,19.450000762939453,19.600000381469727,19.1200008392334,19.3799991607666,1718900
2023-03-29,17.523391723632812,19.329999923706055,19.540000915527344,19.0,19.520000457763672,2433700
2023-03-30,18.067317962646484,19.93000030517578,20.31999969482422,19.459999084472656,19.600000381469727,4295200
2023-03-31,17.487131118774414,19.290000915527344,20.020000457763672,19.030000686645508,20.020000457763672,3612900
2023-04-03,16.852554321289062,18.59000015258789,19.290000915527344,18.389999389648438,19.280000686645508,4001600
2023-04-04,17.31488800048828,19.100000381469727,19.25,18.6200008392334,18.6200008392334,2741800
2023-04-05,17.55059051513672,19.360000610351562,19.5,18.729999542236328,19.100000381469727,3485700
2023-04-06,17.559656143188477,19.3700008392334,19.579999923706055,19.059999465942383,19.3700008392334,2428500
2023-04-10,17.378345489501953,19.170000076293945,19.59000015258789,19.06999969482422,19.3700008392334,1554100
2023-04-11,17.976661682128906,19.829999923706055,20.280000686645508,19.299999237060547,19.350000381469727,5211200
2023-04-12,18.429929733276367,20.329999923706055,20.780000686645508,19.899999618530273,19.899999618530273,5110600
2023-04-13,18.429929733276367,20.329999923706055,20.5,20.0,20.350000381469727,1629400
2023-04-14,18.593107223510742,20.510000228881836,20.600000381469727,19.84000015258789,20.219999313354492,2532900
2023-04-17,18.230491638183594,20.110000610351562,20.670000076293945,20.040000915527344,20.5,3091700
2023-04-18,18.185161590576172,20.059999465942383,20.3700008392334,19.950000762939453,20.219999313354492,2342300
2023-04-19,17.577783584594727,19.389999389648438,19.8700008392334,19.15999984741211,19.610000610351562,6157400
2023-04-20,17.60498046875,19.420000076293945,19.790000915527344,19.239999771118164,19.43000030517578,3021100
2023-04-24,17.783851623535156,19.34000015258789,19.59000015258789,18.81999969482422,19.149999618530273,4228700
2023-04-25,17.747072219848633,19.299999237060547,19.459999084472656,19.020000457763672,19.100000381469727,1864200
2023-04-26,17.719486236572266,19.270000457763672,19.479999542236328,19.1200008392334,19.389999389648438,1433200
2023-04-27,18.18844985961914,19.780000686645508,19.940000534057617,19.25,19.25,2793700
2023-04-28,18.721784591674805,20.360000610351562,20.530000686645508,19.829999923706055,19.829999923706055,4735300
2023-05-02,18.620630264282227,20.25,20.3700008392334,19.8700008392334,20.280000686645508,2398900
2023-05-03,18.749366760253906,20.389999389648438,20.850000381469727,19.8799991607666,20.3799991607666,4423400
2023-05-04,18.970054626464844,20.6299991607666,20.950000762939453,20.239999771118164,20.729999542236328,4315500
2023-05-05,19.512582778930664,21.219999313354492,21.440000534057617,20.56999969482422,20.709999084472656,3649500
2023-05-08,18.988447189331055,20.649999618530273,21.350000381469727,20.540000915527344,21.350000381469727,3521100
2023-05-09,19.172353744506836,20.850000381469727,21.149999618530273,20.350000381469727,20.43000030517578,7148000
2023-05-10,19.503385543823242,21.209999084472656,21.459999084472656,20.670000076293945,20.829999923706055,3764300
2023-05-11,19.521778106689453,21.229999542236328,21.479999542236328,20.850000381469727,20.8799991607666,2889800
2023-05-12,19.383848190307617,21.079999923706055,21.5,20.8700008392334,21.110000610351562,2300600
2023-05-15,19.411434173583984,21.110000610351562,21.270000457763672,20.850000381469727,21.020000457763672,1510700
2023-05-16,19.310287475585938,21.0,21.479999542236328,20.81999969482422,21.260000228881836,1640700
2023-05-17,19.6781005859375,21.399999618530273,21.559999465942383,20.829999923706055,20.829999923706055,2657700
2023-05-18,19.90798568725586,21.649999618530273,21.850000381469727,21.309999465942383,21.3700008392334,5022000
2023-05-19,20.119478225708008,21.8799991607666,22.149999618530273,21.510000228881836,21.68000030517578,4488000
2023-05-22,20.229822158813477,22.0,22.170000076293945,21.75,21.75,5664900
2023-05-23,20.229822158813477,22.0,22.399999618530273,21.969999313354492,22.170000076293945,2204600
2023-05-24,20.257410049438477,22.030000686645508,22.200000762939453,21.790000915527344,21.969999313354492,4036200
2023-05-25,20.2666072845459,22.040000915527344,23.239999771118164,22.040000915527344,22.489999771118164,5074200
2023-05-26,20.31258201599121,22.09000015258789,22.3700008392334,21.780000686645508,22.209999084472656,2112900
2023-05-29,20.257410049438477,22.030000686645508,22.139999389648438,21.639999389648438,22.049999237060547,1907800
2023-05-30,20.18384552001953,21.950000762939453,22.399999618530273,21.719999313354492,22.040000915527344,2572000
2023-05-31,20.00913429260254,21.760000228881836,22.020000457763672,21.639999389648438,21.809999465942383,3621000
2023-06-01,20.00913429260254,21.760000228881836,21.940000534057617,21.350000381469727,21.770000457763672,5646900
2023-06-02,19.871204376220703,21.610000610351562,22.40999984741211,21.290000915527344,22.010000228881836,5041500
2023-06-05,19.77005386352539,21.5,21.6200008392334,21.139999389648438,21.6200008392334,4695000
2023-06-06,20.54246711730957,22.34000015258789,22.540000915527344,21.510000228881836,21.59000015258789,4729300
2023-06-07,20.763154983520508,22.579999923706055,23.190000534057617,22.350000381469727,22.350000381469727,5066000
2023-06-09,20.31258201599121,22.09000015258789,22.829999923706055,21.920000076293945,22.760000228881836,5120100
2023-06-12,20.294189453125,22.06999969482422,22.15999984741211,21.829999923706055,22.030000686645508,5702200
2023-06-13,20.027524948120117,21.780000686645508,22.040000915527344,21.469999313354492,22.0,3849800
2023-06-14,20.39533805847168,22.18000030517578,22.34000015258789,21.59000015258789,21.84000015258789,2923000
2023-06-15,20.386144638061523,22.170000076293945,22.299999237060547,21.93000030517578,22.149999618530273,2275100
2023-06-16,20.137868881225586,21.899999618530273,22.190000534057617,21.780000686645508,22.020000457763672,4301300
2023-06-19,20.2390193939209,22.010000228881836,22.100000381469727,21.75,21.889999389648438,1562800
2023-06-20,20.689592361450195,22.5,22.600000381469727,21.8799991607666,21.920000076293945,5000300
2023-06-21,20.864303588867188,22.690000534057617,22.799999237060547,22.280000686645508,22.600000381469727,3557100
2023-06-22,20.763154983520508,22.579999923706055,22.579999923706055,22.200000762939453,22.290000915527344,1832700
2023-06-23,21.22292137145996,23.079999923706055,23.389999389648438,22.5,22.739999771118164,4562400
2023-06-26,21.029821395874023,22.8700008392334,23.31999969482422,22.40999984741211,23.139999389648438,3060100
2023-06-27,20.64361572265625,22.450000762939453,23.389999389648438,21.959999084472656,23.1299991607666,4358200
2023-06-28,20.50568199157715,22.299999237060547,22.75,22.149999618530273,22.450000762939453,2548200
2023-06-29,20.50568199157715,22.299999237060547,22.530000686645508,21.93000030517578,22.469999313354492,3535300
2023-06-30,20.616029739379883,22.420000076293945,22.860000610351562,22.229999542236328,22.389999389648438,5718800
2023-07-03,20.772348403930664,22.59000015258789,22.739999771118164,22.209999084472656,22.43000030517578,4515100
2023-07-04,20.560855865478516,22.360000610351562,22.600000381469727,22.139999389648438,22.600000381469727,2034400
2023-07-05,20.790740966796875,22.610000610351562,23.200000762939453,21.959999084472656,22.260000228881836,4392500
2023-07-06,20.487293243408203,22.280000686645508,22.540000915527344,22.139999389648438,22.459999084472656,3929800
2023-07-07,20.70798110961914,22.520000457763672,22.760000228881836,22.209999084472656,22.510000228881836,3734000
2023-07-10,20.64361572265625,22.450000762939453,22.520000457763672,22.18000030517578,22.520000457763672,1996700
2023-07-11,20.468900680541992,22.260000228881836,22.459999084472656,21.709999084472656,22.25,3926800
2023-07-12,20.376949310302734,22.15999984741211,22.520000457763672,22.09000015258789,22.299999237060547,3610900
2023-07-13,20.2666072845459,22.040000915527344,22.350000381469727,22.0,22.15999984741211,2010800
2023-07-14,19.696491241455078,21.420000076293945,22.020000457763672,21.290000915527344,22.020000457763672,4367000
2023-07-17,19.659711837768555,21.3799991607666,21.440000534057617,21.0,21.260000228881836,3119200
2023-07-18,19.696491241455078,21.420000076293945,21.56999969482422,21.219999313354492,21.3799991607666,2665500
2023-07-19,19.6229305267334,21.34000015258789,21.5,21.06999969482422,21.43000030517578,2189200
2023-07-20,19.650514602661133,21.3700008392334,21.43000030517578,20.940000534057617,21.239999771118164,2978400
2023-07-21,19.963157653808594,21.709999084472656,22.06999969482422,21.469999313354492,21.469999313354492,5054100
2023-07-24,20.174652099609375,21.940000534057617,22.09000015258789,21.549999237060547,21.549999237060547,1619600
2023-07-25,20.330970764160156,22.110000610351562,22.719999313354492,22.020000457763672,22.329999923706055,2724200
2023-07-26,20.330970764160156,22.110000610351562,22.299999237060547,21.8799991607666,21.8799991607666,3205400
2023-07-27,20.101089477539062,21.860000610351562,22.219999313354492,21.780000686645508,22.18000030517578,3476000
2023-07-28,20.229822158813477,22.0,22.479999542236328,21.780000686645508,22.149999618530273,7077500
2023-07-31,20.119478225708008,21.8799991607666,22.31999969482422,21.65999984741211,22.260000228881836,4560700
2023-08-01,20.616029739379883,22.420000076293945,22.549999237060547,21.559999465942383,21.770000457763672,5694000
2023-08-02,20.64361572265625,22.450000762939453,22.6299991607666,22.280000686645508,22.43000030517578,3402600
2023-08-03,20.763154983520508,22.579999923706055,23.280000686645508,22.520000457763672,22.6299991607666,5186000
2023-08-04,20.60683250427246,22.40999984741211,22.700000762939453,22.280000686645508,22.600000381469727,2627700
2023-08-07,20.39533805847168,22.18000030517578,22.479999542236328,22.079999923706055,22.40999984741211,3151100
2023-08-08,20.340167999267578,22.1200008392334,22.40999984741211,21.700000762939453,22.049999237060547,2887200
2023-08-09,20.376949310302734,22.15999984741211,22.209999084472656,21.889999389648438,21.959999084472656,1793200
2023-08-10,20.47809600830078,22.270000457763672,22.399999618530273,22.030000686645508,22.190000534057617,2006400
2023-08-11,20.441314697265625,22.229999542236328,22.389999389648438,21.969999313354492,22.270000457763672,2642400
2023-08-14,20.147066116333008,21.90999984741211,22.389999389648438,21.84000015258789,22.389999389648438,3273000
2023-08-15,19.88959312438965,21.6299991607666,22.110000610351562,21.450000762939453,21.889999389648438,3793800
2023-08-16,19.39304542541504,21.09000015258789,21.700000762939453,20.959999084472656,21.670000076293945,4230000
2023-08-17,19.098793029785156,20.770000457763672,21.219999313354492,20.639999389648438,21.139999389648438,5021900
2023-08-18,19.337871551513672,21.030000686645508,21.059999465942383,20.6299991607666,20.649999618530273,4597100
2023-08-21,19.172353744506836,20.850000381469727,21.030000686645508,20.670000076293945,20.799999237060547,3751200
2023-08-22,19.402240753173828,21.100000381469727,21.399999618530273,20.850000381469727,21.0,1730100
2023-08-23,19.650514602661133,21.3700008392334,21.479999542236328,21.0,21.110000610351562,3282300
2023-08-24,19.696491241455078,21.420000076293945,21.420000076293945,21.079999923706055,21.239999771118164,2420000
2023-08-25,19.282699584960938,20.969999313354492,21.6299991607666,20.84000015258789,21.450000762939453,3022000
2023-08-28,19.47580337524414,21.18000030517578,21.270000457763672,20.809999465942383,20.959999084472656,1982300
2023-08-29,19.595340728759766,21.309999465942383,21.489999771118164,21.059999465942383,21.190000534057617,2087000
2023-08-30,19.43901824951172,21.139999389648438,21.530000686645508,21.049999237060547,21.450000762939453,1085600
2023-08-31,18.942468643188477,20.600000381469727,21.18000030517578,20.469999313354492,21.139999389648438,3790800
2023-09-01,19.586145401000977,21.299999237060547,21.299999237060547,20.56999969482422,20.639999389648438,5466600
2023-09-04,19.88959312438965,21.6299991607666,21.700000762939453,21.079999923706055,21.139999389648438,2796900
2023-09-05,19.383848190307617,21.079999923706055,21.489999771118164,20.760000228881836,21.489999771118164,5000500
2023-09-06,18.740171432495117,20.3799991607666,21.1200008392334,20.270000457763672,20.989999771118164,4160900
2023-09-08,18.62982749938965,20.260000228881836,20.459999084472656,20.110000610351562,20.299999237060547,2209400
2023-09-11,18.988447189331055,20.649999618530273,20.799999237060547,20.229999542236328,20.360000610351562,2355500
2023-09-12,19.503385543823242,21.209999084472656,21.290000915527344,20.639999389648438,20.700000762939453,3112100
2023-09-13,19.61373519897461,21.329999923706055,21.65999984741211,21.09000015258789,21.290000915527344,2157400
2023-09-14,19.632125854492188,21.350000381469727,21.510000228881836,21.020000457763672,21.459999084472656,1565500
2023-09-15,19.255111694335938,20.940000534057617,21.40999984741211,20.81999969482422,21.389999389648438,2066000
2023-09-18,19.172353744506836,20.850000381469727,21.020000457763672,20.670000076293945,20.829999923706055,1704400
2023-09-19,19.153961181640625,20.829999923706055,21.010000228881836,20.649999618530273,20.760000228881836,2963800
2023-09-20,19.319480895996094,21.010000228881836,21.260000228881836,20.690000534057617,20.829999923706055,3673800
2023-09-21,18.666608810424805,20.299999237060547,20.649999618530273,20.139999389648438,20.610000610351562,5596900
2023-09-22,18.721784591674805,20.360000610351562,20.559999465942383,20.190000534057617,20.360000610351562,2890700
2023-09-25,18.73097801208496,20.3700008392334,20.43000030517578,20.079999923706055,20.40999984741211,1829800
2023-09-26,18.078107833862305,19.65999984741211,20.360000610351562,19.469999313354492,20.360000610351562,4277400
2023-09-27,18.050518035888672,19.6299991607666,19.850000381469727,19.360000610351562,19.850000381469727,2601500
2023-09-28,18.363161087036133,19.969999313354492,20.170000076293945,19.530000686645508,19.549999237060547,2501300
2023-09-29,18.620630264282227,20.25,20.43000030517578,19.940000534057617,20.270000457763672,1845300
2023-10-02,18.20684051513672,19.799999237060547,20.149999618530273,19.530000686645508,20.149999618530273,4921200
2023-10-03,17.86661148071289,19.43000030517578,19.790000915527344,19.280000686645508,19.649999618530273,2766900
2023-10-04,18.38155174255371,19.989999771118164,20.1299991607666,19.5,19.56999969482422,3361700
2023-10-05,18.33557891845703,19.940000534057617,20.100000381469727,19.579999923706055,20.030000686645508,2514200
2023-10-06,18.34477424621582,19.950000762939453,20.280000686645508,19.25,19.65999984741211,4747400
2023-10-09,18.721784591674805,20.360000610351562,20.3700008392334,19.510000228881836,19.729999542236328,4016500
2023-10-10,19.181550979614258,20.860000610351562,20.950000762939453,20.329999923706055,20.350000381469727,4540200
2023-10-11,19.503385543823242,21.209999084472656,21.309999465942383,20.739999771118164,20.860000610351562,6307000
2023-10-13,19.255111694335938,20.940000534057617,21.299999237060547,20.790000915527344,21.149999618530273,2319400
2023-10-16,19.21833038330078,20.899999618530273,21.190000534057617,20.760000228881836,21.0,3122400
2023-10-17,18.758562088012695,20.399999618530273,20.81999969482422,20.239999771118164,20.739999771118164,3912400
2023-10-18,17.68270492553711,19.229999542236328,20.25,19.139999389648438,20.25,5837400
2023-10-19,17.618335723876953,19.15999984741211,19.440000534057617,19.049999237060547,19.149999618530273,5274600
2023-10-20,17.64592170715332,19.190000534057617,19.34000015258789,18.739999771118164,19.0,3528800
2023-10-23,18.3907470703125,20.0,20.25,19.100000381469727,19.100000381469727,4206300
2023-10-24,18.93327522277832,20.59000015258789,20.610000610351562,20.1200008392334,20.219999313354492,3705100
2023-10-25,18.62982749938965,20.260000228881836,20.780000686645508,20.059999465942383,20.59000015258789,4392900
2023-10-26,18.93327522277832,20.59000015258789,20.84000015258789,20.299999237060547,20.309999465942383,3076300
2023-10-27,18.55626678466797,20.18000030517578,21.040000915527344,20.149999618530273,20.809999465942383,2016300
2023-10-30,18.00454330444336,19.579999923706055,20.270000457763672,19.540000915527344,20.219999313354492,2188800
2023-10-31,18.455114364624023,20.06999969482422,20.450000762939453,19.280000686645508,19.760000228881836,3103300
2023-11-01,18.363161087036133,19.969999313354492,20.459999084472656,19.8799991607666,20.100000381469727,4945600
2023-11-03,18.87810516357422,20.530000686645508,20.90999984741211,20.440000534057617,20.530000686645508,4437300
2023-11-06,18.666608810424805,20.299999237060547,20.889999389648438,20.239999771118164,20.68000030517578,1419100
2023-11-07,19.209135055541992,20.889999389648438,21.110000610351562,20.25,20.25,2298700
2023-11-08,19.301090240478516,20.989999771118164,21.200000762939453,20.700000762939453,21.040000915527344,1117200
2023-11-09,19.016033172607422,20.68000030517578,21.3700008392334,20.59000015258789,20.969999313354492,2468700
2023-11-10,19.107986450195312,20.780000686645508,21.25,20.649999618530273,20.979999542236328,6277900
2023-11-13,18.91488265991211,20.56999969482422,20.979999542236328,20.440000534057617,20.799999237060547,2963400
2023-11-14,19.521778106689453,21.229999542236328,21.540000915527344,20.690000534057617,20.780000686645508,6496700
2023-11-16,19.871204376220703,21.610000610351562,21.639999389648438,21.209999084472656,21.299999237060547,3298600
2023-11-17,20.156259536743164,21.920000076293945,21.950000762939453,21.5,21.920000076293945,4208100
2023-11-20,20.386144638061523,22.170000076293945,22.18000030517578,21.579999923706055,21.579999923706055,1571400
2023-11-21,20.045913696289062,21.799999237060547,22.040000915527344,21.450000762939453,21.950000762939453,2508900
2023-11-22,20.055110931396484,21.809999465942383,22.459999084472656,21.6200008392334,21.799999237060547,3347400
2023-11-23,20.386144638061523,22.170000076293945,22.34000015258789,21.719999313354492,21.920000076293945,1654000
2023-11-24,20.2666072845459,22.040000915527344,22.31999969482422,21.899999618530273,22.110000610351562,1251700
2023-11-27,20.220626831054688,21.989999771118164,22.360000610351562,21.799999237060547,22.200000762939453,1507000
2023-11-28,20.303386688232422,22.079999923706055,22.139999389648438,21.780000686645508,21.829999923706055,1648600
2023-11-29,20.81832504272461,22.639999389648438,22.719999313354492,21.940000534057617,22.059999465942383,5032300
2023-11-30,21.232120513916016,23.09000015258789,23.270000457763672,22.690000534057617,22.739999771118164,5380900
2023-12-01,21.581541061401367,23.469999313354492,23.469999313354492,22.610000610351562,23.31999969482422,3863100
2023-12-04,21.553956985473633,23.440000534057617,23.6200008392334,23.149999618530273,23.350000381469727,1930400
2023-12-05,21.581541061401367,23.469999313354492,23.770000457763672,23.049999237060547,23.530000686645508,2204700
2023-12-06,21.39763641357422,23.270000457763672,23.719999313354492,22.969999313354492,23.5,3167300
2023-12-07,21.43441390991211,23.309999465942383,23.420000076293945,23.100000381469727,23.25,1771400
2023-12-08,21.406831741333008,23.280000686645508,23.3799991607666,22.989999771118164,23.309999465942383,2246500
2023-12-11,21.333267211914062,23.200000762939453,23.329999923706055,22.940000534057617,23.209999084472656,1406000
2023-12-12,21.526369094848633,23.40999984741211,23.450000762939453,23.010000228881836,23.1200008392334,1636600
2023-12-13,22.10567855834961,24.040000915527344,24.3799991607666,23.190000534057617,23.31999969482422,3677100
2023-12-14,22.565448760986328,24.540000915527344,24.8799991607666,24.110000610351562,24.110000610351562,5687100
2023-12-15,22.721765518188477,24.709999084472656,24.8700008392334,24.25,24.5,3433300
2023-12-18,22.556251525878906,24.530000686645508,24.809999465942383,24.43000030517578,24.56999969482422,1591400
2023-12-19,22.46430015563965,24.43000030517578,24.700000762939453,24.350000381469727,24.6200008392334,1805300
2023-12-20,22.1424617767334,24.079999923706055,24.579999923706055,23.790000915527344,24.43000030517578,2846700
2023-12-21,22.2528076171875,24.200000762939453,24.479999542236328,24.030000686645508,24.389999389648438,2411300
2023-12-22,22.1700496673584,24.110000610351562,24.350000381469727,23.950000762939453,24.1200008392334,1812600
2023-12-26,22.33556365966797,24.290000915527344,24.530000686645508,24.09000015258789,24.100000381469727,2166200
2023-12-27,22.482694625854492,24.450000762939453,24.479999542236328,24.06999969482422,24.3799991607666,1260600
2023-12-28,22.418319702148438,24.3799991607666,24.540000915527344,24.239999771118164,24.440000534057617,1519100
2024-01-02,21.99533462524414,23.920000076293945,24.200000762939453,23.579999923706055,24.040000915527344,3161800
2024-01-03,22.62061882019043,24.600000381469727,24.600000381469727,23.6200008392334,23.93000030517578,3040400
2024-01-04,22.20682716369629,24.149999618530273,24.649999618530273,23.940000534057617,24.6200008392334,4988500
2024-01-05,22.42751693725586,24.389999389648438,24.479999542236328,23.959999084472656,24.149999618530273,2957500
2024-01-08,22.519472122192383,24.489999771118164,24.649999618530273,23.93000030517578,23.93000030517578,2011000
2024-01-09,22.61142349243164,24.59000015258789,24.799999237060547,24.239999771118164,24.239999771118164,2422800
2024-01-10,22.46430015563965,24.43000030517578,24.860000610351562,24.200000762939453,24.579999923706055,2325200
2024-01-11,22.381540298461914,24.34000015258789,24.690000534057617,24.209999084472656,24.270000457763672,2603400
2024-01-12,22.61142349243164,24.59000015258789,24.81999969482422,24.200000762939453,24.34000015258789,2845000
2024-01-15,22.45510482788086,24.420000076293945,24.639999389648438,24.270000457763672,24.579999923706055,1404000
2024-01-16,21.921770095825195,23.84000015258789,24.299999237060547,23.6299991607666,24.299999237060547,2324300
2024-01-17,21.87579345703125,23.790000915527344,23.8799991607666,23.469999313354492,23.84000015258789,3049200
2024-01-18,21.581541061401367,23.469999313354492,23.889999389648438,23.389999389648438,23.889999389648438,1808500
2024-01-19,21.839014053344727,23.75,24.15999984741211,23.1299991607666,23.43000030517578,3083800
2024-01-22,21.480392456054688,23.360000610351562,23.860000610351562,23.149999618530273,23.860000610351562,2249000
2024-01-23,21.921770095825195,23.84000015258789,24.030000686645508,23.399999618530273,23.399999618530273,2922900
2024-01-24,21.710277557373047,23.610000610351562,24.25,23.3700008392334,24.1200008392334,2004100
2024-01-25,21.673498153686523,23.56999969482422,23.8799991607666,23.5,23.799999237060547,2548100
2024-01-26,21.655105590820312,23.549999237060547,23.709999084472656,23.350000381469727,23.600000381469727,1972800
2024-01-29,21.839014053344727,23.75,23.950000762939453,23.34000015258789,23.399999618530273,2934300
2024-01-30,21.79303550720215,23.700000762939453,23.8700008392334,23.260000228881836,23.75,2854800
2024-01-31,21.958553314208984,23.8799991607666,24.43000030517578,23.6299991607666,23.81999969482422,3043200
2024-02-01,22.078092575073242,24.010000228881836,24.010000228881836,23.549999237060547,23.860000610351562,2551300
2024-02-02,21.802230834960938,23.709999084472656,24.059999465942383,23.31999969482422,23.959999084472656,2660900
2024-02-05,21.66429901123047,23.559999465942383,23.8799991607666,23.43000030517578,23.799999237060547,2165800
2024-02-06,21.99533462524414,23.920000076293945,24.209999084472656,23.43000030517578,23.559999465942383,2433000
2024-02-07,22.43671226501465,24.399999618530273,24.59000015258789,23.889999389648438,23.93000030517578,2577600
2024-02-08,21.848209381103516,23.760000228881836,24.399999618530273,23.6299991607666,24.389999389648438,1974100
2024-02-09,21.884990692138672,23.799999237060547,23.93000030517578,23.389999389648438,23.68000030517578,3193800
2024-02-14,21.756254196166992,23.65999984741211,23.799999237060547,23.399999618530273,23.790000915527344,1417600
2024-02-15,21.314876556396484,23.18000030517578,23.81999969482422,23.139999389648438,23.780000686645508,2404300
2024-02-16,21.25050926208496,23.110000610351562,23.360000610351562,22.81999969482422,23.290000915527344,2176100
2024-02-19,21.47119903564453,23.350000381469727,23.350000381469727,22.81999969482422,23.010000228881836,1592600
2024-02-20,21.581541061401367,23.469999313354492,23.690000534057617,23.149999618530273,23.31999969482422,3649400
2024-02-21,21.609128952026367,23.5,24.34000015258789,23.209999084472656,23.510000228881836,5187000
2024-02-22,22.041309356689453,23.969999313354492,24.18000030517578,23.600000381469727,23.690000534057617,9860700
2024-02-23,21.563152313232422,23.450000762939453,24.030000686645508,23.280000686645508,23.959999084472656,2111000
2024-02-26,21.59800148010254,23.31999969482422,23.709999084472656,23.15999984741211,23.329999923706055,2165000
2024-02-27,21.95920181274414,23.709999084472656,23.81999969482422,23.389999389648438,23.40999984741211,2737600
2024-02-28,21.986989974975586,23.739999771118164,23.75,23.010000228881836,23.600000381469727,4959300
2024-02-29,21.783235549926758,23.520000457763672,23.81999969482422,23.489999771118164,23.739999771118164,1981400
2024-03-01,21.848068237304688,23.59000015258789,23.68000030517578,23.1200008392334,23.600000381469727,1971800
2024-03-04,21.672096252441406,23.399999618530273,23.649999618530273,23.190000534057617,23.479999542236328,1992200
2024-03-05,21.727664947509766,23.459999084472656,23.81999969482422,23.290000915527344,23.399999618530273,1911800
2024-03-06,21.746187210083008,23.479999542236328,23.959999084472656,23.3700008392334,23.56999969482422,4068700
2024-03-07,21.949941635131836,23.700000762939453,23.729999542236328,23.3700008392334,23.3799991607666,2177600
2024-03-08,21.996252059936523,23.75,24.15999984741211,23.40999984741211,23.40999984741211,2443600
2024-03-11,21.77397346496582,23.510000228881836,23.829999923706055,23.5,23.65999984741211,2258100
2024-03-12,21.90363311767578,23.649999618530273,23.729999542236328,23.3700008392334,23.700000762939453,2673700
2024-03-13,22.45932960510254,24.25,24.440000534057617,23.479999542236328,23.530000686645508,6912100
2024-03-14,22.32040786743164,24.100000381469727,24.5,23.889999389648438,24.100000381469727,3280000
2024-03-15,22.079605102539062,23.84000015258789,24.299999237060547,23.84000015258789,24.219999313354492,4651900
2024-03-18,22.03329849243164,23.790000915527344,23.979999542236328,23.549999237060547,23.8700008392334,7970700
2024-03-19,21.83880615234375,23.579999923706055,23.920000076293945,23.450000762939453,23.670000076293945,2875500
2024-03-20,22.496376037597656,24.290000915527344,24.299999237060547,23.549999237060547,23.639999389648438,3964900
2024-03-21,22.496376037597656,24.290000915527344,24.510000228881836,24.06999969482422,24.170000076293945,4242000
2024-03-22,22.042558670043945,23.799999237060547,24.389999389648438,23.639999389648438,24.350000381469727,7367900
2024-03-25,21.91289520263672,23.65999984741211,23.899999618530273,23.489999771118164,23.899999618530273,2461300
2024-03-26,21.91289520263672,23.65999984741211,23.81999969482422,23.5,23.639999389648438,2735800
2024-03-27,21.85732650756836,23.600000381469727,23.700000762939453,23.25,23.65999984741211,2746600
2024-03-28,21.5887393951416,23.309999465942383,23.739999771118164,23.1299991607666,23.56999969482422,4002100
2024-04-01,21.19049072265625,22.8799991607666,23.209999084472656,22.6299991607666,23.0,5802100
2024-04-02,21.246063232421875,22.940000534057617,23.25,22.549999237060547,22.969999313354492,3900200
2024-04-03,21.11639976501465,22.799999237060547,23.010000228881836,22.56999969482422,22.860000610351562,1954300
2024-04-04,21.338680267333984,23.040000915527344,23.399999618530273,22.860000610351562,22.90999984741211,1958000
2024-04-05,21.301631927490234,23.0,23.219999313354492,22.809999465942383,22.979999542236328,2659300
2024-04-08,21.560956954956055,23.280000686645508,23.469999313354492,22.850000381469727,23.0,2223800
2024-04-09,21.82954216003418,23.56999969482422,23.739999771118164,23.25,23.25,1949300
2024-04-10,21.162708282470703,22.850000381469727,23.520000457763672,22.709999084472656,23.459999084472656,2950000
2024-04-11,21.079357147216797,22.760000228881836,23.030000686645508,22.600000381469727,22.799999237060547,3689700
2024-04-12,20.616275787353516,22.260000228881836,22.920000076293945,22.110000610351562,22.670000076293945,3150400
2024-04-15,19.97722625732422,21.56999969482422,22.170000076293945,21.440000534057617,22.15999984741211,4399400
2024-04-16,19.810516357421875,21.389999389648438,21.790000915527344,21.219999313354492,21.450000762939453,3417100
2024-04-17,19.736427307128906,21.309999465942383,21.670000076293945,21.09000015258789,21.6299991607666,2811000
2024-04-18,19.56971549987793,21.1299991607666,21.540000915527344,20.93000030517578,21.299999237060547,3037900
2024-04-19,19.840557098388672,20.90999984741211,21.079999923706055,20.649999618530273,20.700000762939453,2758200
2024-04-22,19.85004425048828,20.920000076293945,21.049999237060547,20.6200008392334,20.68000030517578,4141300
2024-04-23,19.89748764038086,20.969999313354492,21.100000381469727,20.459999084472656,20.670000076293945,3347500
2024-04-24,20.314983367919922,21.40999984741211,21.639999389648438,20.760000228881836,20.920000076293945,3635900
2024-04-25,19.29022216796875,20.329999923706055,21.389999389648438,20.200000762939453,21.389999389648438,5187900
2024-04-26,20.172657012939453,21.260000228881836,21.31999969482422,20.420000076293945,20.559999465942383,5313100
2024-04-29,20.33396339416504,21.43000030517578,21.510000228881836,21.040000915527344,21.06999969482422,2338900
2024-04-30,19.85004425048828,20.920000076293945,21.3700008392334,20.709999084472656,21.260000228881836,7744800
2024-05-02,20.514245986938477,21.6200008392334,21.739999771118164,21.200000762939453,21.350000381469727,4020800
2024-05-03,21.06458282470703,22.200000762939453,22.450000762939453,21.809999465942383,22.1299991607666,5460400
2024-05-06,20.779926300048828,21.899999618530273,22.25,21.809999465942383,22.09000015258789,3910200
2024-05-07,20.65657615661621,21.770000457763672,21.989999771118164,21.610000610351562,21.799999237060547,2786300
2024-05-08,20.305496215820312,21.399999618530273,21.610000610351562,20.950000762939453,21.610000610351562,5819500
2024-05-09,19.92595672607422,21.0,21.229999542236328,20.760000228881836,20.899999618530273,2649500
2024-05-10,20.106239318847656,21.190000534057617,21.5,20.950000762939453,21.200000762939453,4448900
2024-05-13,20.011354446411133,21.09000015258789,21.450000762939453,21.09000015258789,21.190000534057617,1826000
2024-05-14,19.755159378051758,20.81999969482422,21.280000686645508,20.790000915527344,21.200000762939453,2470600
2024-05-15,20.049304962158203,21.1299991607666,21.299999237060547,20.700000762939453,20.84000015258789,6351800
2024-05-16,19.80260467529297,20.8700008392334,21.34000015258789,20.75,21.190000534057617,2613600
2024-05-17,19.755159378051758,20.81999969482422,20.979999542236328,20.43000030517578,20.90999984741211,6852600
2024-05-20,19.584367752075195,20.639999389648438,20.90999984741211,20.5,20.610000610351562,1636300
2024-05-21,19.67925453186035,20.739999771118164,20.799999237060547,20.559999465942383,20.639999389648438,2478900
2024-05-22,19.242778778076172,20.280000686645508,20.6299991607666,20.1299991607666,20.479999542236328,4405800
2024-05-23,19.252267837524414,20.290000915527344,20.43000030517578,20.139999389648438,20.209999084472656,3454600
2024-05-24,19.35664176940918,20.399999618530273,20.739999771118164,20.219999313354492,20.389999389648438,2614500
2024-05-27,19.413572311401367,20.459999084472656,20.559999465942383,20.270000457763672,20.489999771118164,871400
2024-05-28,19.261754989624023,20.299999237060547,21.010000228881836,20.299999237060547,20.670000076293945,3443800
2024-05-29,19.43254852294922,20.479999542236328,20.75,20.200000762939453,20.299999237060547,2563600
2024-05-31,19.214313507080078,20.25,20.469999313354492,20.209999084472656,20.389999389648438,3640200
2024-06-03,19.517946243286133,20.56999969482422,20.68000030517578,20.200000762939453,20.350000381469727,2379200
2024-06-04,19.517946243286133,20.56999969482422,20.729999542236328,20.31999969482422,20.559999465942383,1959500
2024-06-05,19.54641342163086,20.600000381469727,20.90999984741211,20.40999984741211,20.40999984741211,2626200
2024-06-06,19.774137496948242,20.84000015258789,21.020000457763672,20.5,20.5,6320400
2024-06-07,19.347152709960938,20.389999389648438,20.850000381469727,20.18000030517578,20.5,4972300
2024-06-10,18.95812225341797,19.979999542236328,20.190000534057617,19.799999237060547,20.190000534057617,3501100
2024-06-11,19.15738296508789,20.190000534057617,20.239999771118164,19.860000610351562,20.110000610351562,3088300
2024-06-12,18.76835060119629,19.780000686645508,20.530000686645508,19.760000228881836,20.459999084472656,5419400
2024-06-13,18.55011558532715,19.549999237060547,19.889999389648438,19.31999969482422,19.8799991607666,4707500
2024-06-14,18.55960464477539,19.559999465942383,19.719999313354492,19.299999237060547,19.5,4534100
2024-06-17,18.322391510009766,19.309999465942383,19.610000610351562,19.290000915527344,19.600000381469727,3579000
2024-06-18,18.369834899902344,19.360000610351562,19.639999389648438,19.25,19.309999465942383,6760300
2024-06-19,18.588069915771484,19.59000015258789,19.81999969482422,19.100000381469727,19.309999465942383,2541200
2024-06-20,18.50267219543457,19.5,20.040000915527344,19.399999618530273,19.6299991607666,4747900
2024-06-21,18.71141815185547,19.719999313354492,20.040000915527344,19.43000030517578,19.5,16677600
2024-06-24,19.29970932006836,20.34000015258789,20.360000610351562,19.729999542236328,19.729999542236328,2217400
2024-06-25,19.22380256652832,20.260000228881836,20.440000534057617,20.09000015258789,20.299999237060547,2323700
2024-06-26,19.489482879638672,20.540000915527344,20.600000381469727,19.860000610351562,20.049999237060547,2960700
2024-06-27,19.916467666625977,20.989999771118164,20.989999771118164,20.420000076293945,20.540000915527344,3406100
2024-06-28,19.527435302734375,20.579999923706055,20.950000762939453,20.479999542236328,20.899999618530273,2838100
2024-07-01,19.73618507385254,20.799999237060547,20.93000030517578,20.329999923706055,20.459999084472656,4016900
2024-07-02,19.67925453186035,20.739999771118164,20.979999542236328,20.690000534057617,20.719999313354492,3589800
2024-07-03,19.859535217285156,20.93000030517578,21.200000762939453,20.68000030517578,20.809999465942383,2613000
2024-07-04,20.504758834838867,21.610000610351562,21.790000915527344,20.989999771118164,20.989999771118164,4989100
2024-07-05,20.7514591217041,21.8700008392334,22.049999237060547,21.459999084472656,21.709999084472656,3437600
2024-07-08,20.590152740478516,21.700000762939453,22.040000915527344,21.6200008392334,21.899999618530273,1668900
2024-07-09,20.846342086791992,21.969999313354492,22.239999771118164,21.600000381469727,21.6200008392334,3047200
2024-07-10,20.637596130371094,21.75,22.200000762939453,21.75,22.09000015258789,1419200
2024-07-11,20.779926300048828,21.899999618530273,22.149999618530273,21.760000228881836,21.93000030517578,1848600
2024-07-12,20.846342086791992,21.969999313354492,21.969999313354492,21.649999618530273,21.899999618530273,1229500
2024-07-15,20.82736587524414,21.950000762939453,22.079999923706055,21.81999969482422,22.079999923706055,1121700
2024-07-16,20.7514591217041,21.8700008392334,22.15999984741211,21.809999465942383,21.950000762939453,1345100
2024-07-17,20.57117462158203,21.68000030517578,22.0,21.6299991607666,21.969999313354492,2548700
2024-07-18,20.305496215820312,21.399999618530273,21.600000381469727,21.149999618530273,21.600000381469727,2656500
2024-07-19,20.34345054626465,21.440000534057617,21.600000381469727,21.1299991607666,21.5,2220200
2024-07-22,20.855833053588867,21.979999542236328,22.229999542236328,21.389999389648438,21.450000762939453,3562600
2024-07-23,20.33396339416504,21.43000030517578,21.950000762939453,21.389999389648438,21.799999237060547,1868500
2024-07-24,20.03032875061035,21.110000610351562,21.5,20.979999542236328,21.43000030517578,1803900
2024-07-25,19.74567222595215,20.809999465942383,21.100000381469727,20.799999237060547,21.0,1861700
2024-07-26,19.944931030273438,21.020000457763672,21.219999313354492,20.780000686645508,20.81999969482422,1620900
2024-07-29,19.92595672607422,21.0,21.079999923706055,20.850000381469727,21.030000686645508,3525800
2024-07-30,19.831069946289062,20.899999618530273,21.079999923706055,20.829999923706055,21.0,1951500
2024-07-31,20.00186538696289,21.079999923706055,21.190000534057617,20.809999465942383,20.93000030517578,3272100
2024-08-01,20.077770233154297,21.15999984741211,21.520000457763672,20.969999313354492,20.969999313354492,2598800
2024-08-02,20.34345054626465,21.440000534057617,21.610000610351562,21.100000381469727,21.15999984741211,2463700
2024-08-05,20.03032875061035,21.110000610351562,21.399999618530273,20.770000457763672,21.06999969482422,2159500
2024-08-06,20.296005249023438,21.389999389648438,21.549999237060547,21.170000076293945,21.309999465942383,2362500
2024-08-07,20.7514591217041,21.8700008392334,21.989999771118164,21.469999313354492,21.549999237060547,2785300
2024-08-08,21.083559036254883,22.219999313354492,22.219999313354492,21.68000030517578,21.68000030517578,1481400
2024-08-09,21.709800720214844,22.8799991607666,22.8799991607666,22.209999084472656,22.219999313354492,3310900
2024-08-12,21.671846389770508,22.84000015258789,22.989999771118164,22.709999084472656,22.989999771118164,2425000
2024-08-13,22.146276473999023,23.34000015258789,23.389999389648438,22.809999465942383,22.829999923706055,2246600
2024-08-14,22.32655906677246,23.530000686645508,23.850000381469727,23.1200008392334,23.1200008392334,3344000
2024-08-15,22.013439178466797,23.200000762939453,23.610000610351562,23.040000915527344,23.530000686645508,3639900
2024-08-16,22.041900634765625,23.229999542236328,23.639999389648438,23.1299991607666,23.579999923706055,2313900
2024-08-19,22.20320701599121,23.399999618530273,23.450000762939453,23.1299991607666,23.40999984741211,2978700
2024-08-20,22.31707000732422,23.520000457763672,23.59000015258789,23.290000915527344,23.59000015258789,2060900
2024-08-21,21.918550491333008,23.100000381469727,23.639999389648438,22.989999771118164,23.530000686645508,4180100
2024-08-22,21.633893966674805,22.799999237060547,23.149999618530273,22.649999618530273,23.149999618530273,2354300
2024-08-23,22.155765533447266,23.350000381469727,23.530000686645508,22.739999771118164,22.93000030517578,2313200
2024-08-26,22.155765533447266,23.350000381469727,23.450000762939453,23.059999465942383,23.450000762939453,1522600
2024-08-27,21.94701385498047,23.1299991607666,23.43000030517578,22.90999984741211,23.399999618530273,3232600
2024-08-28,21.681339263916016,22.850000381469727,23.059999465942383,22.670000076293945,23.0,3690100
2024-08-29,21.168954849243164,22.309999465942383,22.989999771118164,22.200000762939453,22.989999771118164,2937600
2024-08-30,20.960206985473633,22.09000015258789,22.3700008392334,21.84000015258789,22.309999465942383,3226100
2024-09-02,20.73248291015625,21.850000381469727,22.229999542236328,21.739999771118164,22.229999542236328,1728200
2024-09-03,21.00765037536621,22.139999389648438,22.200000762939453,21.75,21.850000381469727,6000800
2024-09-04,21.425146102905273,22.579999923706055,22.799999237060547,22.15999984741211,22.200000762939453,3041200
2024-09-05,21.2069091796875,22.350000381469727,22.709999084472656,22.170000076293945,22.600000381469727,2960900
2024-09-06,20.903274536132812,22.030000686645508,22.459999084472656,21.979999542236328,22.200000762939453,2021700
2024-09-09,20.68503761291504,21.799999237060547,22.100000381469727,21.729999542236328,22.030000686645508,1764600
2024-09-10,20.789413452148438,21.90999984741211,22.0,21.559999465942383,21.610000610351562,2551200
2024-09-11,20.82736587524414,21.950000762939453,22.190000534057617,21.780000686645508,21.780000686645508,1609400
2024-09-12,20.779926300048828,21.899999618530273,22.030000686645508,21.65999984741211,21.780000686645508,1702800
2024-09-13,21.18793296813965,22.329999923706055,22.59000015258789,21.969999313354492,22.030000686645508,2017700
2024-09-16,21.463102340698242,22.6200008392334,22.68000030517578,22.209999084472656,22.549999237060547,3738500
2024-09-17,21.13100242614746,22.270000457763672,22.56999969482422,22.059999465942383,22.450000762939453,7022900
2024-09-18,21.510543823242188,22.670000076293945,22.8799991607666,22.079999923706055,22.1200008392334,2876300
2024-09-19,20.82736587524414,21.950000762939453,22.809999465942383,21.950000762939453,22.729999542236328,3329400
2024-09-20,20.153682708740234,21.239999771118164,22.1299991607666,21.18000030517578,21.969999313354492,4815400
2024-09-23,20.049304962158203,21.1299991607666,21.350000381469727,21.0,21.229999542236328,1769900
2024-09-24,20.2200984954834,21.309999465942383,21.6200008392334,21.110000610351562,21.350000381469727,4064800
2024-09-25,19.992374420166016,21.06999969482422,21.520000457763672,21.030000686645508,21.34000015258789,3143400
2024-09-26,20.125211715698242,21.209999084472656,21.459999084472656,21.1200008392334,21.25,1863400
2024-09-27,20.049304962158203,21.1299991607666,21.559999465942383,21.100000381469727,21.100000381469727,1862600
2024-09-30,20.00186538696289,21.079999923706055,21.399999618530273,20.90999984741211,21.399999618530273,2043400
2024-10-01,19.973398208618164,21.049999237060547,21.3700008392334,20.8799991607666,21.09000015258789,3597900
2024-10-02,20.00186538696289,21.079999923706055,21.389999389648438,21.079999923706055,21.200000762939453,3041700
2024-10-03,20.09674835205078,21.18000030517578,21.229999542236328,20.649999618530273,20.940000534057617,2598800
2024-10-04,20.495267868041992,21.600000381469727,21.600000381469727,21.020000457763672,21.079999923706055,3254400
2024-10-07,20.62810707092285,21.739999771118164,21.739999771118164,21.489999771118164,21.65999984741211,3203400
2024-10-08,20.485780715942383,21.59000015258789,21.670000076293945,21.399999618530273,21.489999771118164,7042600
2024-10-09,20.02083969116211,21.100000381469727,21.489999771118164,20.959999084472656,21.3700008392334,2906800
2024-10-10,20.34345054626465,21.440000534057617,21.600000381469727,20.969999313354492,20.969999313354492,2489800
2024-10-11,20.115726470947266,21.200000762939453,21.479999542236328,21.0,21.440000534057617,2664100
2024-10-14,20.229589462280273,21.31999969482422,21.440000534057617,21.030000686645508,21.290000915527344,1381000
2024-10-15,20.258054733276367,21.350000381469727,21.559999465942383,21.1299991607666,21.290000915527344,1586500
2024-10-16,20.286521911621094,21.3799991607666,21.670000076293945,21.18000030517578,21.489999771118164,3398000
2024-10-17,20.134702682495117,21.219999313354492,21.229999542236328,20.8700008392334,21.18000030517578,2401400
2024-10-18,20.172657012939453,21.260000228881836,21.3700008392334,21.049999237060547,21.3700008392334,2232700
2024-10-21,20.390892028808594,21.489999771118164,21.6299991607666,21.25,21.299999237060547,1938100
2024-10-22,19.992374420166016,21.06999969482422,21.440000534057617,21.040000915527344,21.34000015258789,1800600
2024-10-23,20.058794021606445,21.139999389648438,21.139999389648438,20.809999465942383,21.010000228881836,2174000
2024-10-24,20.134702682495117,21.219999313354492,21.34000015258789,20.850000381469727,20.989999771118164,1913700
2024-10-25,19.982885360717773,21.059999465942383,21.3799991607666,20.940000534057617,21.100000381469727,5614200
2024-10-28,20.21061134338379,21.299999237060547,21.479999542236328,21.09000015258789,21.09000015258789,1496600
2024-10-29,19.973398208618164,21.049999237060547,21.40999984741211,20.979999542236328,21.100000381469727,1492500
2024-10-30,20.115726470947266,21.200000762939453,21.350000381469727,21.0,21.0,1772600
2024-10-31,20.058794021606445,21.139999389648438,21.3700008392334,21.040000915527344,21.170000076293945,1499600
2024-11-01,19.35664176940918,20.399999618530273,21.200000762939453,20.399999618530273,21.200000762939453,2637300
2024-11-04,19.982885360717773,21.059999465942383,21.389999389648438,20.510000228881836,20.510000228881836,2517800
2024-11-05,19.973398208618164,21.049999237060547,21.170000076293945,20.8799991607666,21.149999618530273,1958800
2024-11-06,19.650787353515625,20.709999084472656,20.8799991607666,20.329999923706055,20.770000457763672,5106500
2024-11-07,19.461017608642578,20.510000228881836,21.280000686645508,20.15999984741211,20.579999923706055,3762100
2024-11-08,19.071985244750977,20.100000381469727,20.5,20.100000381469727,20.360000610351562,2538200
2024-11-11,19.166872024536133,20.200000762939453,20.290000915527344,19.969999313354492,20.110000610351562,1729300
2024-11-12,19.053009033203125,20.079999923706055,20.329999923706055,20.020000457763672,20.149999618530273,1440900
2024-11-13,19.08147430419922,20.110000610351562,20.280000686645508,19.860000610351562,20.100000381469727,2817000
2024-11-14,19.119426727294922,20.149999618530273,20.489999771118164,20.059999465942383,20.139999389648438,1175800
2024-11-18,18.71141815185547,19.719999313354492,20.170000076293945,19.719999313354492,20.110000610351562,3389900
2024-11-19,19.14789390563965,20.18000030517578,20.209999084472656,19.65999984741211,19.719999313354492,1513700
2024-11-21,18.749374389648438,19.760000228881836,19.979999542236328,19.68000030517578,19.979999542236328,1755900
2024-11-22,19.280733108520508,20.31999969482422,20.329999923706055,19.65999984741211,19.959999084472656,2386800
2024-11-25,19.508459091186523,20.559999465942383,20.790000915527344,20.270000457763672,20.31999969482422,2094000
2024-11-26,20.011354446411133,21.09000015258789,21.239999771118164,20.549999237060547,20.75,2891300
2024-11-27,19.15738296508789,20.190000534057617,21.260000228881836,20.190000534057617,21.209999084472656,4062400
2024-11-28,18.331880569458008,19.31999969482422,20.110000610351562,19.299999237060547,20.0,5428400
2024-11-29,18.17057228088379,19.149999618530273,19.200000762939453,18.510000228881836,19.139999389648438,7460700
2024-12-02,17.781543731689453,18.739999771118164,19.190000534057617,18.6299991607666,19.15999984741211,2771800
2024-12-03,17.724613189697266,18.68000030517578,19.040000915527344,18.600000381469727,18.739999771118164,3420800
2024-12-04,17.439952850341797,18.3799991607666,18.729999542236328,18.299999237060547,18.59000015258789,4147300
2024-12-05,18.056713104248047,19.030000686645508,19.219999313354492,18.549999237060547,18.549999237060547,4134100
2024-12-06,17.876428604125977,18.84000015258789,19.1299991607666,18.760000228881836,19.0,2497600
2024-12-09,17.84796142578125,18.809999465942383,19.020000457763672,18.75,18.860000610351562,2017800
2024-12-10,18.085174560546875,19.059999465942383,19.209999084472656,18.899999618530273,19.0,1916900
2024-12-11,18.407785415649414,19.399999618530273,19.799999237060547,18.850000381469727,19.139999389648438,2867400
2024-12-12,17.82898712158203,18.790000915527344,19.280000686645508,18.790000915527344,19.190000534057617,3623600
2024-12-13,17.449443817138672,18.389999389648438,18.989999771118164,18.360000610351562,18.989999771118164,3558600
2024-12-16,17.240694046020508,18.170000076293945,18.5,18.079999923706055,18.299999237060547,1990700
2024-12-17,17.335580825805664,18.270000457763672,18.459999084472656,18.010000228881836,18.270000457763672,3298300
2024-12-18,16.7757568359375,17.68000030517578,18.229999542236328,17.670000076293945,18.149999618530273,4617500
2024-12-19,16.737802505493164,17.639999389648438,17.860000610351562,17.0,17.59000015258789,6406600
2024-12-20,17.335580825805664,18.270000457763672,18.3700008392334,17.610000610351562,17.639999389648438,3973900
2024-12-23,16.595474243164062,17.489999771118164,18.1200008392334,17.489999771118164,18.100000381469727,3760900
2024-12-26,16.529052734375,17.420000076293945,17.56999969482422,17.219999313354492,17.489999771118164,2529800
2024-12-27,16.548032760620117,17.440000534057617,17.639999389648438,17.3799991607666,17.520000457763672,2123100
2024-12-30,16.3867244720459,17.270000457763672,17.540000915527344,17.200000762939453,17.3700008392334,1972000
2025-01-02,16.348770141601562,17.229999542236328,17.3799991607666,17.030000686645508,17.260000228881836,1786800
2025-01-03,16.196956634521484,17.06999969482422,17.360000610351562,17.06999969482422,17.239999771118164,1980200
2025-01-06,16.472126007080078,17.360000610351562,17.450000762939453,17.209999084472656,17.309999465942383,1378900
2025-01-07,16.462635040283203,17.350000381469727,17.639999389648438,17.100000381469727,17.59000015258789,2810400
2025-01-08,16.159000396728516,17.030000686645508,17.31999969482422,17.010000228881836,17.31999969482422,2528800
2025-01-09,16.168489456176758,17.040000915527344,17.200000762939453,16.940000534057617,17.030000686645508,1826000
2025-01-10,15.940764427185059,16.799999237060547,17.190000534057617,16.770000457763672,17.040000915527344,2029100
2025-01-13,15.798434257507324,16.649999618530273,16.920000076293945,16.6299991607666,16.899999618530273,1871900
2025-01-14,16.36775016784668,17.25,17.270000457763672,16.610000610351562,16.610000610351562,2945300
2025-01-15,16.756778717041016,17.65999984741211,17.809999465942383,17.350000381469727,17.43000030517578,2215600
2025-01-16,16.282350540161133,17.15999984741211,17.709999084472656,17.15999984741211,17.709999084472656,2697500
2025-01-17,16.244400024414062,17.1200008392334,17.34000015258789,17.0,17.34000015258789,2433800
2025-01-20,16.310815811157227,17.190000534057617,17.399999618530273,16.90999984741211,17.1200008392334,2113000
2025-01-21,16.396215438842773,17.280000686645508,17.479999542236328,17.1200008392334,17.239999771118164,2016700
2025-01-22,16.728313446044922,17.6299991607666,17.700000762939453,17.25,17.469999313354492,3294900
2025-01-23,16.358257293701172,17.239999771118164,17.739999771118164,17.15999984741211,17.739999771118164,3012600
2025-01-24,16.159000396728516,17.030000686645508,17.290000915527344,16.969999313354492,17.290000915527344,1755200
2025-01-27,16.908594131469727,17.81999969482422,17.950000762939453,16.93000030517578,16.93000030517578,3261200
2025-01-28,16.908594131469727,17.81999969482422,17.93000030517578,17.68000030517578,17.850000381469727,1554500
2025-01-29,16.7757568359375,17.68000030517578,18.040000915527344,17.68000030517578,17.979999542236328,1978000
2025-01-30,17.52535057067871,18.469999313354492,18.6200008392334,17.719999313354492,17.799999237060547,3034900
2025-01-31,17.487398147583008,18.43000030517578,18.579999923706055,18.270000457763672,18.469999313354492,2911200
2025-02-03,17.686656951904297,18.639999389648438,18.969999313354492,18.290000915527344,18.31999969482422,2374100
2025-02-04,17.876428604125977,18.84000015258789,18.920000076293945,18.3799991607666,18.3799991607666,2594300
2025-02-05,17.866939544677734,18.829999923706055,18.969999313354492,18.559999465942383,18.84000015258789,1948800
2025-02-06,17.876428604125977,18.84000015258789,19.0,18.719999313354492,18.760000228881836,1829700
2025-02-07,18.009267807006836,18.979999542236328,19.209999084472656,18.559999465942383,18.56999969482422,3764900
2025-02-10,17.70563316345215,18.65999984741211,19.329999923706055,18.639999389648438,18.979999542236328,2280800
2025-02-11,17.91438102722168,18.8799991607666,19.079999923706055,18.43000030517578,18.81999969482422,6690000
2025-02-12,17.63921356201172,18.59000015258789,18.799999237060547,18.420000076293945,18.75,2494900
2025-02-13,17.99028778076172,18.959999084472656,18.969999313354492,18.40999984741211,18.549999237060547,1810500
2025-02-14,18.55011558532715,19.549999237060547,19.760000228881836,19.010000228881836,19.170000076293945,3635900
2025-02-17,18.882217407226562,19.899999618530273,20.139999389648438,19.469999313354492,19.719999313354492,3397700
2025-02-18,18.730396270751953,19.739999771118164,20.110000610351562,19.530000686645508,19.920000076293945,1692300
2025-02-19,18.151596069335938,19.1299991607666,20.049999237060547,19.1299991607666,19.84000015258789,4250900
2025-02-20,18.407785415649414,19.399999618530273,19.459999084472656,19.059999465942383,19.219999313354492,2769200
2025-02-21,18.436250686645508,19.43000030517578,19.670000076293945,19.290000915527344,19.40999984741211,5166300
2025-02-24,17.515949249267578,18.299999237060547,19.299999237060547,18.299999237060547,19.299999237060547,4658900
2025-02-25,17.515949249267578,18.299999237060547,18.690000534057617,18.219999313354492,18.40999984741211,8852400
2025-02-26,17.14266014099121,17.90999984741211,18.579999923706055,17.850000381469727,18.510000228881836,4871800
2025-02-27,17.45852279663086,18.239999771118164,18.469999313354492,17.950000762939453,18.010000228881836,4938400
2025-02-28,16.903371810913086,17.65999984741211,18.25,17.510000228881836,18.25,4605800
2025-03-05,16.702367782592773,17.450000762939453,17.780000686645508,17.309999465942383,17.31999969482422,2457600
2025-03-06,16.798084259033203,17.549999237060547,17.81999969482422,17.389999389648438,17.420000076293945,1851400
2025-03-07,17.247947692871094,18.020000457763672,18.25,17.280000686645508,17.31999969482422,2362800
2025-03-10,17.152231216430664,17.920000076293945,18.15999984741211,17.809999465942383,17.809999465942383,1864400
2025-03-11,16.69279670715332,17.440000534057617,17.700000762939453,17.219999313354492,17.450000762939453,5041300
2025-03-12,16.97037124633789,17.729999542236328,17.809999465942383,17.420000076293945,17.420000076293945,2801900
2025-03-13,17.28623390197754,18.059999465942383,18.25,17.610000610351562,17.889999389648438,2472300
2025-03-14,17.9658145904541,18.770000457763672,18.780000686645508,18.110000610351562,18.270000457763672,3442100
2025-03-17,18.243389129638672,19.059999465942383,19.280000686645508,18.639999389648438,18.920000076293945,3145400
2025-03-18,18.090242385864258,18.899999618530273,19.290000915527344,18.899999618530273,18.90999984741211,1728700
2025-03-19,18.329532623291016,19.149999618530273,19.440000534057617,18.8700008392334,18.989999771118164,3188800
2025-03-20,18.157245635986328,18.969999313354492,19.200000762939453,18.969999313354492,19.139999389648438,1042000
2025-03-21,18.147672653198242,18.959999084472656,19.149999618530273,18.739999771118164,18.790000915527344,1532500
2025-03-24,17.937101364135742,18.739999771118164,19.1200008392334,18.739999771118164,18.989999771118164,1116500
2025-03-25,18.16681671142578,18.979999542236328,19.270000457763672,18.700000762939453,18.700000762939453,1878300
2025-03-26,18.099815368652344,18.90999984741211,19.350000381469727,18.84000015258789,19.059999465942383,1579900
2025-03-27,18.0615291595459,18.8700008392334,19.049999237060547,18.709999084472656,18.729999542236328,2517200
2025-03-28,17.870098114013672,18.670000076293945,18.8700008392334,18.360000610351562,18.8700008392334,3393400
2025-03-31,17.707382202148438,18.5,18.829999923706055,18.40999984741211,18.40999984741211,1605900
2025-04-01,17.994529724121094,18.799999237060547,18.959999084472656,18.459999084472656,18.59000015258789,1317200
2025-04-02,17.774381637573242,18.56999969482422,19.020000457763672,18.56999969482422,18.780000686645508,2812200
2025-04-03,18.683683395385742,19.520000457763672,19.610000610351562,18.389999389648438,18.389999389648438,3625800
2025-04-04,17.73609733581543,18.530000686645508,19.139999389648438,18.5,19.139999389648438,2429400
2025-04-07,17.707382202148438,18.5,18.8700008392334,18.040000915527344,18.25,3281100
2025-04-08,17.58295440673828,18.3700008392334,18.84000015258789,18.260000228881836,18.579999923706055,2108800
2025-04-09,18.051958084106445,18.860000610351562,19.200000762939453,18.079999923706055,18.1299991607666,3248600
2025-04-10,17.822240829467773,18.6200008392334,18.8700008392334,18.329999923706055,18.6299991607666,1789400
2025-04-11,18.185958862304688,19.0,19.059999465942383,18.530000686645508,18.780000686645508,2297200
2025-04-14,18.56882095336914,19.399999618530273,19.809999465942383,19.149999618530273,19.149999618530273,3972200
2025-04-15,18.674108505249023,19.510000228881836,19.600000381469727,19.100000381469727,19.360000610351562,2111700
2025-04-16,18.635822296142578,19.469999313354492,19.700000762939453,19.200000762939453,19.329999923706055,2223300
2025-04-17,18.970827102661133,19.81999969482422,19.989999771118164,19.280000686645508,19.3700008392334,2766100
2025-04-22,19.124711990356445,19.469999313354492,19.809999465942383,19.31999969482422,19.3700008392334,2795700
2025-04-23,19.429214477539062,19.780000686645508,20.06999969482422,19.690000534057617,19.729999542236328,2069900
2025-04-24,19.949813842773438,20.309999465942383,20.440000534057617,19.850000381469727,20.020000457763672,2401200
2025-04-25,19.88105583190918,20.239999771118164,20.559999465942383,20.1299991607666,20.299999237060547,1885400
2025-04-28,19.831945419311523,20.190000534057617,20.5,20.15999984741211,20.360000610351562,1822600
2025-04-29,19.959636688232422,20.31999969482422,20.65999984741211,19.81999969482422,19.989999771118164,2333900
2025-04-30,20.175735473632812,20.540000915527344,20.59000015258789,20.0,20.18000030517578,4809000
2025-05-02,20.539173126220703,20.90999984741211,21.110000610351562,20.600000381469727,20.809999465942383,5226400
2025-05-05,20.2248477935791,20.59000015258789,21.1299991607666,20.540000915527344,20.989999771118164,1856800
2025-05-06,20.08733367919922,20.450000762939453,20.84000015258789,20.399999618530273,20.84000015258789,1382300
2025-05-07,19.949813842773438,20.309999465942383,20.75,20.219999313354492,20.43000030517578,2209000
2025-05-08,20.882966995239258,21.260000228881836,21.579999923706055,20.68000030517578,20.75,5841000
2025-05-09,20.391836166381836,20.760000228881836,21.360000610351562,20.600000381469727,21.15999984741211,9721600
2025-05-12,20.08733367919922,20.450000762939453,20.979999542236328,20.31999969482422,20.979999542236328,1891800
2025-05-13,21.118711471557617,21.5,21.530000686645508,20.34000015258789,20.559999465942383,5215700
2025-05-14,20.95172691345215,21.329999923706055,21.729999542236328,21.15999984741211,21.6200008392334,2521900
2025-05-15,21.38392448425293,21.770000457763672,21.860000610351562,21.31999969482422,21.5,2571800
2025-05-16,21.51161766052246,21.899999618530273,21.940000534057617,21.309999465942383,21.809999465942383,2433900
2025-05-19,21.668777465820312,22.059999465942383,22.25,21.760000228881836,21.8799991607666,1618700
2025-05-20,22.051864624023438,22.450000762939453,22.450000762939453,21.68000030517578,22.049999237060547,1723300
2025-05-21,21.354454040527344,21.739999771118164,22.450000762939453,21.65999984741211,22.450000762939453,2263100
2025-05-22,21.31516456604004,21.700000762939453,22.0,21.6299991607666,21.700000762939453,3675300
2025-05-23,21.23658561706543,21.6200008392334,21.690000534057617,21.100000381469727,21.260000228881836,2080200
2025-05-26,21.285696029663086,21.670000076293945,21.940000534057617,21.59000015258789,21.6200008392334,1461400
2025-05-27,21.835765838623047,22.229999542236328,22.489999771118164,21.850000381469727,21.979999542236328,2300600
2025-05-28,21.87505531311035,22.270000457763672,22.440000534057617,22.030000686645508,22.15999984741211,1458900
2025-05-29,22.317075729370117,22.719999313354492,22.729999542236328,22.049999237060547,22.049999237060547,2165600
2025-05-30,22.248315811157227,22.649999618530273,22.790000915527344,22.290000915527344,22.719999313354492,4117500
2025-06-02,22.14026641845703,22.540000915527344,23.030000686645508,22.200000762939453,22.709999084472656,1730500
2025-06-03,22.34654426574707,22.75,22.809999465942383,22.34000015258789,22.34000015258789,1697000
2025-06-04,22.356367111206055,22.760000228881836,22.93000030517578,22.459999084472656,22.719999313354492,2586300
2025-06-05,22.17955780029297,22.579999923706055,22.989999771118164,22.450000762939453,22.6200008392334,2601800
2025-06-06,21.865232467651367,22.260000228881836,22.719999313354492,22.030000686645508,22.649999618530273,3111000
2025-06-09,21.737537384033203,22.1299991607666,22.34000015258789,21.75,22.06999969482422,2632600
2025-06-10,21.757184982299805,22.149999618530273,22.489999771118164,22.030000686645508,22.3700008392334,3265000
2025-06-11,21.708070755004883,22.100000381469727,22.3700008392334,21.739999771118164,22.149999618530273,2774900
2025-06-12,21.825942993164062,22.219999313354492,22.290000915527344,21.969999313354492,21.979999542236328,3136800
2025-06-13,21.491971969604492,21.8799991607666,22.1299991607666,21.690000534057617,22.1299991607666,2682200
2025-06-16,21.806299209594727,22.200000762939453,22.31999969482422,22.0,22.149999618530273,2783900
2025-06-17,21.825942993164062,22.219999313354492,22.3700008392334,22.059999465942383,22.329999923706055,4361700
2025-06-18,21.786653518676758,22.18000030517578,22.520000457763672,21.90999984741211,22.34000015258789,3653000
2025-06-20,21.521440505981445,21.90999984741211,22.059999465942383,21.68000030517578,21.90999984741211,6492600
2025-06-23,21.5509090423584,21.940000534057617,22.059999465942383,21.690000534057617,21.84000015258789,2832300
2025-06-24,22.336719512939453,22.739999771118164,22.93000030517578,21.899999618530273,21.899999618530273,2748300
2025-06-25,22.307252883911133,22.709999084472656,22.760000228881836,22.399999618530273,22.559999465942383,2200000
2025-06-26,22.768917083740234,23.18000030517578,23.6299991607666,22.600000381469727,22.899999618530273,4791900
2025-06-27,22.6019344329834,23.010000228881836,23.329999923706055,22.850000381469727,22.850000381469727,1803700
2025-06-30,22.77873992919922,23.190000534057617,23.270000457763672,22.65999984741211,22.850000381469727,3380100
2025-07-01,22.80820655822754,23.219999313354492,23.5,23.010000228881836,23.18000030517578,2453200
2025-07-02,22.13044548034668,22.530000686645508,23.350000381469727,22.309999465942383,23.350000381469727,3903000
2025-07-03,22.49388313293457,22.899999618530273,23.09000015258789,22.5,22.530000686645508,1850300
2025-07-04,22.47423553466797,22.8799991607666,23.06999969482422,22.399999618530273,22.700000762939453,2245000
2025-07-07,22.37601089477539,22.780000686645508,23.09000015258789,22.559999465942383,23.040000915527344,1233200
2025-07-08,22.61175537109375,23.020000457763672,23.3700008392334,22.530000686645508,22.790000915527344,2859200
2025-07-09,22.209026336669922,22.610000610351562,22.989999771118164,22.549999237060547,22.979999542236328,2134000
2025-07-10,22.051864624023438,22.450000762939453,22.6299991607666,22.06999969482422,22.5,2563600
2025-07-11,21.64913558959961,22.040000915527344,22.549999237060547,21.989999771118164,22.489999771118164,1498300
2025-07-14,21.462505340576172,21.850000381469727,22.1299991607666,21.75,21.940000534057617,1356300
2025-07-15,21.609844207763672,22.0,22.1299991607666,21.709999084472656,21.84000015258789,1407400
2025-07-16,21.747360229492188,22.139999389648438,22.209999084472656,21.739999771118164,21.959999084472656,2134700
2025-07-17,21.609844207763672,22.0,22.25,21.940000534057617,22.25,1936900
2025-07-18,20.961549758911133,21.34000015258789,21.8799991607666,21.18000030517578,21.719999313354492,2293000
2025-07-21,20.863323211669922,21.239999771118164,21.530000686645508,21.100000381469727,21.34000015258789,2809000
2025-07-22,20.617755889892578,20.989999771118164,21.299999237060547,20.860000610351562,21.290000915527344,4964900
2025-07-23,20.961549758911133,21.34000015258789,21.34000015258789,20.760000228881836,20.799999237060547,3000500
2025-07-24,20.548995971679688,20.920000076293945,21.5,20.920000076293945,21.5,1740700
2025-07-25,20.50970458984375,20.8799991607666,21.15999984741211,20.760000228881836,20.979999542236328,1597600
2025-07-28,20.254318237304688,20.6200008392334,21.1299991607666,20.459999084472656,21.1299991607666,3868500
2025-07-29,20.36236572265625,20.729999542236328,20.81999969482422,20.489999771118164,20.579999923706055,1320900
2025-07-30,20.686513900756836,21.059999465942383,21.43000030517578,20.520000457763672,20.520000457763672,2051600
2025-07-31,20.36236572265625,20.729999542236328,20.950000762939453,20.600000381469727,20.690000534057617,1793800
2025-08-01,20.686513900756836,21.059999465942383,21.350000381469727,20.790000915527344,20.979999542236328,2266000
2025-08-04,20.33289909362793,20.700000762939453,21.3799991607666,20.579999923706055,21.18000030517578,2573900
2025-08-05,20.686513900756836,21.059999465942383,21.139999389648438,20.510000228881836,20.559999465942383,2530100
2025-08-06,21.069597244262695,21.450000762939453,21.75,21.020000457763672,21.209999084472656,2824500
2025-08-07,21.295516967773438,21.68000030517578,21.940000534057617,21.3700008392334,21.450000762939453,2478800
2025-08-08,21.305341720581055,21.690000534057617,21.84000015258789,21.489999771118164,21.549999237060547,1560600
2025-08-11,21.020483016967773,21.399999618530273,21.719999313354492,21.350000381469727,21.489999771118164,4383100
2025-08-12,21.629487991333008,22.020000457763672,22.229999542236328,21.399999618530273,21.459999084472656,2060200
2025-08-13,21.39374542236328,21.780000686645508,22.290000915527344,21.780000686645508,21.790000915527344,2727300
2025-08-14,21.56072998046875,21.950000762939453,22.190000534057617,21.479999542236328,21.579999923706055,1401400
2025-08-15,21.619667053222656,22.010000228881836,22.200000762939453,21.799999237060547,21.940000534057617,1129800
2025-08-18,21.855409622192383,22.25,22.329999923706055,22.059999465942383,22.149999618530273,1625800
2025-08-19,21.354454040527344,21.739999771118164,22.219999313354492,21.6299991607666,22.219999313354492,1641400
2025-08-20,21.639312744140625,22.030000686645508,22.139999389648438,21.600000381469727,21.6200008392334,1537900
2025-08-21,21.767005920410156,22.15999984741211,22.389999389648438,21.68000030517578,22.0,3428000
2025-08-22,22.100976943969727,22.5,22.850000381469727,22.219999313354492,22.229999542236328,3461700
2025-08-25,21.835765838623047,22.229999542236328,22.690000534057617,22.15999984741211,22.6299991607666,2577700
2025-08-26,21.570552825927734,21.959999084472656,22.280000686645508,21.809999465942383,22.110000610351562,1766000
2025-08-27,21.963459014892578,22.360000610351562,22.489999771118164,21.860000610351562,21.899999618530273,3831300
2025-08-28,22.818029403686523,23.229999542236328,23.670000076293945,22.440000534057617,22.5,5326300
2025-08-29,23.07341957092285,23.489999771118164,23.700000762939453,23.209999084472656,23.329999923706055,3429400
2025-09-01,23.014484405517578,23.43000030517578,23.639999389648438,23.190000534057617,23.600000381469727,2746200
2025-09-02,22.818029403686523,23.229999542236328,23.459999084472656,23.079999923706055,23.309999465942383,3214100
2025-09-03,22.66086769104004,23.06999969482422,23.360000610351562,22.969999313354492,23.200000762939453,1270700
2025-09-04,22.994836807250977,23.40999984741211,23.40999984741211,23.040000915527344,23.100000381469727,1692100
2025-09-05,23.397567749023438,23.81999969482422,24.0,23.59000015258789,23.690000534057617,2993600
2025-09-08,22.97519302368164,23.389999389648438,23.920000076293945,23.389999389648438,23.8700008392334,1586400
2025-09-09,22.818029403686523,23.229999542236328,23.540000915527344,23.229999542236328,23.34000015258789,2096900
2025-09-10,23.053773880004883,23.469999313354492,23.6299991607666,23.229999542236328,23.290000915527344,1576800
2025-09-11,23.49579620361328,23.920000076293945,24.100000381469727,23.56999969482422,23.68000030517578,1944100
2025-09-12,23.328807830810547,23.75,24.0,23.6299991607666,23.649999618530273,1656200
2025-09-15,23.44668197631836,23.8700008392334,24.229999542236328,23.649999618530273,23.649999618530273,1806800
2025-09-16,23.62348747253418,24.049999237060547,24.3799991607666,23.889999389648438,23.889999389648438,2254800
2025-09-17,23.780651092529297,24.209999084472656,24.440000534057617,23.940000534057617,23.979999542236328,2919500
2025-09-18,23.869054794311523,24.299999237060547,24.3700008392334,24.059999465942383,24.100000381469727,1727400
2025-09-19,23.74135971069336,24.170000076293945,24.5,24.170000076293945,24.420000076293945,2539300
2025-09-22,23.652956008911133,24.079999923706055,24.1200008392334,23.75,24.049999237060547,2004000
2025-09-23,24.134265899658203,24.56999969482422,24.719999313354492,23.920000076293945,23.920000076293945,2173000
2025-09-24,23.83958625793457,24.270000457763672,24.690000534057617,24.059999465942383,24.540000915527344,4552000
2025-09-25,23.702068328857422,24.1299991607666,24.329999923706055,23.979999542236328,24.149999618530273,2104900
2025-09-26,23.810117721557617,24.239999771118164,24.3700008392334,24.149999618530273,24.149999618530273,992400
2025-09-29,24.01639747619629,24.450000762939453,24.860000610351562,24.280000686645508,24.790000915527344,1560800
2025-09-30,24.045862197875977,24.479999542236328,24.65999984741211,24.329999923706055,24.6200008392334,1854100
2025-10-01,23.849409103393555,24.280000686645508,24.59000015258789,24.190000534057617,24.479999542236328,1313000
2025-10-02,23.466325759887695,23.889999389648438,24.3700008392334,23.760000228881836,24.25,1756900
2025-10-03,23.55472755432129,23.979999542236328,24.020000457763672,23.459999084472656,23.969999313354492,3073900
2025-10-06,23.034128189086914,23.450000762939453,24.030000686645508,23.309999465942383,24.020000457763672,2062000
2025-10-07,22.847497940063477,23.260000228881836,23.309999465942383,22.8799991607666,23.200000762939453,2335600
2025-10-08,22.93590545654297,23.350000381469727,23.399999618530273,23.1200008392334,23.200000762939453,1614000
2025-10-09,22.837677001953125,23.25,23.610000610351562,23.049999237060547,23.540000915527344,1578000
2025-10-10,22.63140106201172,23.040000915527344,23.43000030517578,22.68000030517578,23.170000076293945,1637200
2025-10-13,22.641223907470703,23.049999237060547,23.280000686645508,22.959999084472656,23.25,857600
2025-10-14,22.47423553466797,22.8799991607666,23.079999923706055,22.649999618530273,23.0,1432600
2025-10-15,22.749271392822266,23.15999984741211,23.399999618530273,22.489999771118164,22.540000915527344,3628400
2025-10-16,22.700159072875977,23.110000610351562,23.290000915527344,22.8799991607666,23.010000228881836,1177700
2025-10-17,22.82785415649414,23.239999771118164,23.239999771118164,22.829999923706055,23.010000228881836,2067100
2025-10-20,23.230579376220703,23.649999618530273,23.829999923706055,23.190000534057617,23.190000534057617,2026100
2025-10-21,23.318984985351562,23.739999771118164,23.93000030517578,23.530000686645508,23.530000686645508,1599800
2025-10-22,23.33863067626953,23.760000228881836,23.84000015258789,23.6299991607666,23.780000686645508,1163700
2025-10-23,23.62348747253418,24.049999237060547,24.209999084472656,23.760000228881836,24.040000915527344,1746600
2025-10-24,23.97710418701172,24.40999984741211,24.520000457763672,24.170000076293945,24.229999542236328,1709000
2025-10-27,24.114620208740234,24.549999237060547,24.889999389648438,24.440000534057617,24.56999969482422,2018000
2025-10-28,23.90834617614746,24.34000015258789,24.610000610351562,24.079999923706055,24.540000915527344,2107300
2025-10-29,24.055686950683594,24.489999771118164,24.610000610351562,24.299999237060547,24.459999084472656,2267200
2025-10-30,23.967281341552734,24.399999618530273,24.610000610351562,24.190000534057617,24.479999542236328,1234700
2025-10-31,24.036039352416992,24.469999313354492,24.639999389648438,24.270000457763672,24.399999618530273,2843000
2025-11-03,24.163734436035156,24.600000381469727,24.760000228881836,24.43000030517578,24.700000762939453,2859600
2025-11-04,24.37000846862793,24.809999465942383,24.809999465942383,24.360000610351562,24.489999771118164,1617300
2025-11-05,24.89061164855957,25.34000015258789,25.579999923706055,24.709999084472656,24.809999465942383,4603800
2025-11-06,24.77273941040039,25.219999313354492,25.530000686645508,25.219999313354492,25.469999313354492,1992400
2025-11-07,24.900434494018555,25.350000381469727,25.350000381469727,25.0,25.209999084472656,1375400
2025-11-10,25.195112228393555,25.649999618530273,25.690000534057617,25.309999465942383,25.5,1678000
2025-11-11,25.617488861083984,26.079999923706055,26.239999771118164,25.799999237060547,25.8700008392334,2476900
2025-11-12,25.53890609741211,26.0,26.09000015258789,25.760000228881836,26.09000015258789,2541100
2025-11-13,25.72553825378418,26.190000534057617,26.420000076293945,25.860000610351562,26.18000030517578,2944700
2025-11-14,26.08897590637207,26.559999465942383,26.690000534057617,26.100000381469727,26.18000030517578,2570900
2025-11-17,25.63713264465332,26.100000381469727,26.6200008392334,25.959999084472656,26.530000686645508,2172800
2025-11-18,25.76482582092285,26.229999542236328,26.299999237060547,25.81999969482422,25.969999313354492,742500
2025-11-19,25.430858612060547,25.889999389648438,26.229999542236328,25.8799991607666,26.200000762939453,1191200
2025-11-21,24.98883819580078,25.440000534057617,25.959999084472656,25.309999465942383,25.899999618530273,1287600
2025-11-24,25.39156723022461,25.850000381469727,25.850000381469727,25.229999542236328,25.440000534057617,1732800
2025-11-25,25.646957397460938,26.110000610351562,26.25,25.610000610351562,26.010000228881836,1706400
2025-11-26,25.94163703918457,26.40999984741211,26.549999237060547,26.049999237060547,26.270000457763672,1605600
2025-11-27,25.823762893676758,26.290000915527344,26.440000534057617,26.200000762939453,26.360000610351562,553400
2025-11-28,25.931812286376953,26.399999618530273,26.760000228881836,26.229999542236328,26.229999542236328,1805200
2025-12-01,25.97110366821289,26.440000534057617,26.6200008392334,26.280000686645508,26.40999984741211,2030400
2025-12-02,26.678333282470703,27.15999984741211,27.15999984741211,26.43000030517578,26.469999313354492,2335300
2025-12-03,26.570283889770508,27.049999237060547,27.309999465942383,27.0,27.299999237060547,1487200
2025-12-04,27.012304306030273,27.5,27.6299991607666,27.09000015258789,27.350000381469727,2916000
2025-12-05,24.812030792236328,25.260000228881836,27.510000228881836,25.190000534057617,27.510000228881836,6101900
2025-12-08,24.949546813964844,25.399999618530273,25.739999771118164,25.100000381469727,25.649999618530273,3000800
2025-12-09,25.028127670288086,25.479999542236328,25.75,24.579999923706055,24.969999313354492,2937300
2025-12-10,25.27369499206543,25.729999542236328,26.079999923706055,25.3799991607666,25.559999465942383,2459600
2025-12-11,25.460325241088867,25.920000076293945,26.200000762939453,25.690000534057617,25.729999542236328,2215600
2025-12-12,25.529081344604492,25.989999771118164,26.280000686645508,25.739999771118164,25.899999618530273,2558600
2025-12-15,25.72553825378418,26.190000534057617,26.469999313354492,26.0,26.0,1094000
2025-12-16,24.7039794921875,25.149999618530273,25.8799991607666,25.149999618530273,25.829999923706055,2942600
2025-12-17,24.37000846862793,24.809999465942383,24.989999771118164,24.540000915527344,24.709999084472656,4129300
2025-12-18,24.566463470458984,25.010000228881836,25.350000381469727,24.639999389648438,24.760000228881836,2604900
2025-12-19,24.399477005004883,24.84000015258789,25.290000915527344,24.84000015258789,24.950000762939453,1814300
2025-12-22,23.878877639770508,24.309999465942383,25.200000762939453,24.309999465942383,24.850000381469727,2946700
2025-12-23,24.753095626831055,25.200000762939453,25.489999771118164,24.40999984741211,24.450000762939453,2260400
2025-12-26,24.851320266723633,25.299999237060547,25.34000015258789,24.940000534057617,25.149999618530273,788000
2025-12-29,24.68433380126953,25.1299991607666,25.299999237060547,25.049999237060547,25.299999237060547,1404100
2025-12-30,25.116531372070312,25.56999969482422,25.56999969482422,25.170000076293945,25.31999969482422,2691200
2026-01-02,24.861143112182617,25.309999465942383,25.93000030517578,25.219999313354492,25.93000030517578,1356300
2026-01-05,25.1460018157959,25.600000381469727,25.850000381469727,25.200000762939453,25.31999969482422,1785500
2026-01-06,25.30316162109375,25.760000228881836,26.170000076293945,25.549999237060547,25.790000915527344,1602300
2026-01-07,24.929899215698242,25.3799991607666,25.799999237060547,25.3799991607666,25.75,1415900
2026-01-08,25.165647506713867,25.6200008392334,25.860000610351562,25.31999969482422,25.389999389648438,1397100
2026-01-09,26.079151153564453,26.549999237060547,26.559999465942383,25.420000076293945,25.6200008392334,3783400
2026-01-12,26.147911071777344,26.6200008392334,26.780000686645508,26.200000762939453,26.56999969482422,2622500
2026-01-13,26.079151153564453,26.549999237060547,26.709999084472656,26.1299991607666,26.450000762939453,1919800
2026-01-14,26.246137619018555,26.719999313354492,26.790000915527344,26.239999771118164,26.549999237060547,1680200
2026-01-15,26.491703033447266,26.969999313354492,27.290000915527344,26.59000015258789,26.889999389648438,1442000
2026-01-16,26.314897537231445,26.790000915527344,27.149999618530273,26.559999465942383,27.079999923706055,2473800
2026-01-19,26.265783309936523,26.739999771118164,27.020000457763672,26.579999923706055,26.790000915527344,907500
2026-01-20,26.177379608154297,26.649999618530273,26.780000686645508,26.389999389648438,26.739999771118164,2735400
2026-01-21,26.747093200683594,27.229999542236328,27.229999542236328,26.709999084472656,26.90999984741211,3200600
2026-01-22,26.914077758789062,27.399999618530273,27.90999984741211,27.18000030517578,27.459999084472656,5608200
2026-01-23,27.424856185913086,27.920000076293945,28.110000610351562,27.25,27.530000686645508,2109100
2026-01-26,27.43467903137207,27.93000030517578,28.100000381469727,27.18000030517578,28.100000381469727,2167900
2026-01-27,28.05350685119629,28.559999465942383,28.65999984741211,28.079999923706055,28.09000015258789,4621600
2026-01-28,28.240137100219727,28.75,29.06999969482422,28.59000015258789,28.690000534057617,2090400
2026-01-29,27.81776237487793,28.31999969482422,29.1299991607666,28.079999923706055,29.040000915527344,2572700
2026-01-30,27.994569778442383,28.5,28.75,28.139999389648438,28.40999984741211,2010000
2026-02-02,28.08297348022461,28.59000015258789,28.799999237060547,28.34000015258789,28.5,3431800
2026-02-03,28.16155433654785,28.670000076293945,29.049999237060547,28.440000534057617,28.780000686645508,3048100
2026-02-04,27.60166358947754,28.100000381469727,28.5,27.719999313354492,28.5,2777600
2026-02-05,28.08297348022461,28.59000015258789,28.899999618530273,28.079999923706055,28.09000015258789,1818000
2026-02-06,28.13208770751953,28.639999389648438,28.780000686645508,28.260000228881836,28.479999542236328,1499800
2026-02-09,28.524993896484375,29.040000915527344,29.1200008392334,28.639999389648438,28.639999389648438,2024900
2026-02-10,28.48570442199707,29.0,29.239999771118164,28.579999923706055,29.040000915527344,1764100
2026-02-11,28.711624145507812,29.229999542236328,29.469999313354492,29.040000915527344,29.290000915527344,1740800
2026-02-12,28.603574752807617,29.1200008392334,29.260000228881836,28.549999237060547,29.219999313354492,3578600
2026-02-13,27.925813674926758,28.43000030517578,28.959999084472656,27.959999084472656,28.610000610351562,2910700
2026-02-18,28.16155433654785,28.670000076293945,28.780000686645508,27.860000610351562,28.200000762939453,2102900
2026-02-19,28.56428337097168,29.079999923706055,29.3799991607666,28.510000228881836,28.670000076293945,1897300
2026-02-20,28.948139190673828,29.299999237060547,29.299999237060547,28.65999984741211,28.8700008392334,1745800
2026-02-23,28.829580307006836,29.18000030517578,29.350000381469727,28.90999984741211,29.25,1996600
2026-02-24,29.07657814025879,29.43000030517578,29.579999923706055,29.1200008392334,29.329999923706055,4633600
2026-02-25,29.086458206176758,29.440000534057617,29.770000457763672,29.25,29.559999465942383,2982800
2026-02-26,29.491535186767578,29.850000381469727,30.1299991607666,29.31999969482422,29.43000030517578,2309400
2026-02-27,28.869098663330078,29.219999313354492,29.799999237060547,29.06999969482422,29.489999771118164,3235600
2026-03-02,28.59246253967285,28.940000534057617,29.100000381469727,28.3799991607666,28.899999618530273,1982400
2026-03-03,27.881107330322266,28.219999313354492,28.59000015258789,27.100000381469727,28.0,4332300
2026-03-04,28.483783721923828,28.829999923706055,28.979999542236328,28.350000381469727,28.5,1620700
2026-03-05,27.495792388916016,27.829999923706055,28.829999923706055,27.799999237060547,28.829999923706055,2388100
2026-03-06,27.080835342407227,27.40999984741211,27.920000076293945,27.350000381469727,27.600000381469727,2050100
2026-03-09,27.169755935668945,27.5,27.84000015258789,26.809999465942383,27.34000015258789,2965900
2026-03-10,27.476032257080078,27.809999465942383,28.639999389648438,27.450000762939453,27.799999237060547,3596500
2026-03-11,27.169755935668945,27.5,28.15999984741211,27.280000686645508,27.450000762939453,3364000
2026-03-12,26.636240005493164,26.959999084472656,27.110000610351562,26.709999084472656,27.0,1803900
2026-03-13,26.043445587158203,26.360000610351562,27.190000534057617,26.040000915527344,27.09000015258789,2985200
2026-03-16,26.735036849975586,27.059999465942383,27.1299991607666,26.700000762939453,26.799999237060547,1356100
2026-03-17,26.60660171508789,26.93000030517578,27.520000457763672,26.75,27.049999237060547,1534000
2026-03-18,26.61648178100586,26.940000534057617,27.34000015258789,26.540000915527344,26.65999984741211,1548700
2026-03-19,26.85359764099121,27.18000030517578,27.209999084472656,26.18000030517578,26.31999969482422,1945400
2026-03-20,25.509929656982422,25.81999969482422,26.959999084472656,25.81999969482422,26.920000076293945,2644900
2026-03-23,27.06107521057129,27.389999389648438,27.389999389648438,26.489999771118164,26.489999771118164,2033500
2026-03-24,26.695520401000977,27.020000457763672,27.260000228881836,26.639999389648438,27.209999084472656,1995000
2026-03-25,27.54519271850586,27.8799991607666,27.8799991607666,27.059999465942383,27.219999313354492,2164400
2026-03-26,26.67576026916504,27.0,27.559999465942383,26.780000686645508,27.399999618530273,1402300
2026-03-27,26.241043090820312,26.559999465942383,27.020000457763672,26.40999984741211,26.850000381469727,2012400
2026-03-30,26.26080322265625,26.579999923706055,27.010000228881836,26.40999984741211,26.920000076293945,2298800
2026-03-31,27.60447120666504,27.940000534057617,27.940000534057617,26.889999389648438,27.079999923706055,2477300
2026-04-01,28.108348846435547,28.450000762939453,28.639999389648438,28.15999984741211,28.43000030517578,1817700
2026-04-02,27.436513900756836,27.770000457763672,28.200000762939453,27.25,27.25,2779300
2026-04-06,27.54519271850586,27.8799991607666,28.200000762939453,27.700000762939453,27.950000762939453,685200
2026-04-07,27.5847110748291,27.920000076293945,27.93000030517578,27.459999084472656,27.8799991607666,1534700
2026-04-08,28.661623001098633,29.010000228881836,29.690000534057617,28.739999771118164,29.09000015258789,2594400
2026-04-09,29.106216430664062,29.459999084472656,29.530000686645508,28.8700008392334,28.889999389648438,2112800
2026-04-10,28.829580307006836,29.18000030517578,29.850000381469727,29.15999984741211,29.520000457763672,2232300
2026-04-13,28.938261032104492,29.290000915527344,29.469999313354492,28.950000762939453,28.959999084472656,1482900
2026-04-14,29.14573860168457,29.5,29.709999084472656,29.290000915527344,29.290000915527344,2100200
2026-04-15,30.048994064331055,30.239999771118164,30.239999771118164,29.15999984741211,29.15999984741211,2905100
2026-04-16,29.63164710998535,29.81999969482422,30.43000030517578,29.68000030517578,30.309999465942383,1219100
2026-04-17,30.1881103515625,30.3799991607666,30.6200008392334,30.18000030517578,30.40999984741211,2744100
2026-04-20,29.87013053894043,30.059999465942383,30.450000762939453,30.010000228881836,30.389999389648438,966300
2026-04-22,29.363351821899414,29.549999237060547,30.100000381469727,29.420000076293945,30.059999465942383,777800
2026-04-23,28.528657913208008,28.709999084472656,29.690000534057617,28.700000762939453,29.690000534057617,1179500
2026-04-24,28.469038009643555,28.649999618530273,28.920000076293945,28.3799991607666,28.719999313354492,2000500
2026-04-27,28.21068000793457,28.389999389648438,29.020000457763672,28.260000228881836,28.520000457763672,1448600
2026-04-28,27.852954864501953,28.030000686645508,28.219999313354492,27.729999542236328,28.06999969482422,913600
2026-04-29,27.35611343383789,27.530000686645508,27.979999542236328,27.420000076293945,27.649999618530273,2534600
2026-04-30,27.32630157470703,27.5,27.959999084472656,27.489999771118164,27.600000381469727,2848500
2026-05-04,27.177249908447266,27.350000381469727,27.65999984741211,27.110000610351562,27.43000030517578,3340700
2026-05-05,27.385921478271484,27.559999465942383,27.739999771118164,27.299999237060547,27.299999237060547,1524600
2026-05-06,28.25042724609375,28.43000030517578,28.579999923706055,27.920000076293945,28.149999618530273,2595300
2026-05-07,27.674091339111328,27.850000381469727,28.5,27.700000762939453,28.219999313354492,1569800
2026-05-08,27.952322006225586,28.1299991607666,28.5,28.100000381469727,28.15999984741211,4041300
2026-05-11,27.28655242919922,27.459999084472656,28.239999771118164,27.459999084472656,28.1299991607666,1776500
2026-05-12,26.889080047607422,27.059999465942383,27.719999313354492,27.059999465942383,27.34000015258789,1999400
2026-05-13,25.805965423583984,25.969999313354492,27.079999923706055,25.969999313354492,27.030000686645508,4196800
2026-05-14,26.35249137878418,26.520000457763672,26.6299991607666,26.059999465942383,26.059999465942383,1632300
2026-05-15,26.23324966430664,26.399999618530273,26.399999618530273,25.719999313354492,25.719999313354492,1283700
2026-05-18,26.133880615234375,26.299999237060547,26.399999618530273,26.040000915527344,26.190000534057617,1751300
2026-05-19,25.646976470947266,25.809999465942383,26.270000457763672,25.6299991607666,25.829999923706055,1605800
2026-05-20,26.47173309326172,26.639999389648438,26.8799991607666,25.899999618530273,25.950000762939453,1805200
2026-05-21,26.342554092407227,26.510000228881836,26.75,26.1200008392334,26.459999084472656,2217700
2026-05-22,25.736408233642578,25.899999618530273,26.360000610351562,25.809999465942383,26.34000015258789,2237200
2026-05-25,26.51148223876953,26.68000030517578,26.68000030517578,26.049999237060547,26.239999771118164,1240700
2026-05-26,26.143817901611328,26.309999465942383,26.68000030517578,26.1200008392334,26.68000030517578,1537600
2026-05-27,25.974891662597656,26.139999389648438,26.6299991607666,26.020000457763672,26.579999923706055,936000
2026-05-28,26.02457618713379,26.190000534057617,26.540000915527344,25.920000076293945,26.139999389648438,1771900
2026-05-29,25.776155471801758,25.940000534057617,26.299999237060547,25.690000534057617,26.299999237060547,2116200
2026-06-01,25.50786018371582,25.670000076293945,26.059999465942383,25.389999389648438,26.059999465942383,1467100
2026-06-02,25.547607421875,25.709999084472656,25.90999984741211,25.6200008392334,25.719999313354492,2123100
2026-06-03,24.553922653198242,24.709999084472656,25.360000610351562,24.709999084472656,25.25,2818700
2026-06-05,24.66322898864746,24.81999969482422,25.040000915527344,24.610000610351562,24.700000762939453,1812800
2026-06-08,24.424745559692383,24.579999923706055,24.860000610351562,24.479999542236328,24.860000610351562,1610000
2026-06-09,24.69304084777832,24.850000381469727,24.979999542236328,24.59000015258789,24.829999923706055,4023200
2026-06-10,24.29556655883789,24.450000762939453,24.81999969482422,24.280000686645508,24.81999969482422,2765900
2026-06-11,24.792409896850586,24.950000762939453,24.950000762939453,24.100000381469727,24.450000762939453,2772200
2026-06-12,24.394933700561523,24.549999237060547,25.0,24.510000228881836,24.809999465942383,2946400
2026-06-15,23.75897789001465,23.90999984741211,25.360000610351562,23.90999984741211,24.989999771118164,6486400
2026-06-16,23.580114364624023,23.729999542236328,23.889999389648438,23.31999969482422,23.809999465942383,2835600
2026-06-17,23.301883697509766,23.450000762939453,24.280000686645508,23.450000762939453,23.899999618530273,5933400
2026-06-18,23.619861602783203,23.770000457763672,23.93000030517578,23.350000381469727,23.450000762939453,1807800
2026-06-19,23.629798889160156,23.780000686645508,23.889999389648438,23.6299991607666,23.690000534057617,1710200
2026-06-22,23.947776794433594,24.100000381469727,24.18000030517578,23.719999313354492,23.850000381469727,1318300
2026-06-23,24.027271270751953,24.18000030517578,24.280000686645508,23.760000228881836,23.899999618530273,1769200
2026-06-24,24.404870986938477,24.559999465942383,24.600000381469727,24.010000228881836,24.06999969482422,2209300
2026-06-25,24.951398849487305,25.110000610351562,25.110000610351562,24.649999618530273,24.739999771118164,1634500
2026-06-26,25.438302993774414,25.600000381469727,25.65999984741211,25.020000457763672,25.1200008392334,895100
2026-06-29,25.13026237487793,25.290000915527344,25.65999984741211,25.280000686645508,25.610000610351562,1417300
2026-06-30,25.011018753051758,25.170000076293945,25.18000030517578,24.739999771118164,25.06999969482422,1858800
2026-07-01,25.120325088500977,25.280000686645508,25.329999923706055,24.540000915527344,24.760000228881836,1965400
2026-07-02,25.269376754760742,25.43000030517578,25.739999771118164,25.209999084472656,25.389999389648438,1310300
2026-07-03,25.637039184570312,25.799999237060547,25.899999618530273,25.239999771118164,25.239999771118164,1644800
2026-07-06,25.050765991210938,25.209999084472656,25.75,25.18000030517578,25.739999771118164,1686400
2026-07-07,24.77253532409668,24.93000030517578,25.350000381469727,24.850000381469727,25.350000381469727,1741700
2026-07-08,24.484365463256836,24.639999389648438,24.860000610351562,24.239999771118164,24.809999465942383,1753600
2026-07-09,25.28925132751465,25.450000762939453,25.469999313354492,24.739999771118164,24.739999771118164,1498400
2026-07-10,26.412113189697266,26.579999923706055,26.639999389648438,25.889999389648438,25.920000076293945,3145400
2026-07-13,25.875524520874023,26.040000915527344,26.649999618530273,25.90999984741211,26.649999618530273,1514400
2026-07-14,26.034513473510742,26.200000762939453,26.360000610351562,25.84000015258789,26.079999923706055,1824600
2026-07-15,26.541290283203125,26.709999084472656,26.799999237060547,26.09000015258789,26.399999618530273,2763800
2026-07-16,25.729999542236328,25.729999542236328,26.479999542236328,25.6299991607666,26.399999618530273,1736100
2026-07-17,25.219999313354492,25.219999313354492,25.709999084472656,25.219999313354492,25.649999618530273,1114000
2026-07-20,24.850000381469727,24.850000381469727,25.420000076293945,24.850000381469727,25.190000534057617,908500
2026-07-21,24.59000015258789,24.59000015258789,24.959999084472656,24.440000534057617,24.8700008392334,1696500
2026-07-22,25.200000762939453,25.200000762939453,25.200000762939453,24.600000381469727,24.6299991607666,1235900
2026-07-23,24.729999542236328,24.729999542236328,25.100000381469727,24.639999389648438,25.030000686645508,1062700
2026-07-24,24.290000915527344,24.290000915527344,24.649999618530273,24.25,24.459999084472656,1308900
2026-07-27,24.729999542236328,24.729999542236328,24.850000381469727,24.34000015258789,24.350000381469727,770300
