Date,Adj Close,Close,High,Low,Open,Volume
2015-04-02,16.221317291259766,17.200000762939453,17.200000762939453,13.800000190734863,13.800000190734863,2668180
2015-04-06,16.409934997558594,17.399999618530273,18.5,17.100000381469727,17.600000381469727,1519710
2015-04-07,14.900976181030273,15.800000190734863,16.899999618530273,15.600000381469727,16.799999237060547,2354260
2015-04-08,14.712355613708496,15.600000381469727,16.200000762939453,15.5,16.100000381469727,1826330
2015-04-09,15.37252426147461,16.299999237060547,16.899999618530273,15.300000190734863,15.399999618530273,2230390
2015-04-10,15.749765396118164,16.700000762939453,16.700000762939453,16.200000762939453,16.299999237060547,2917270
2015-04-13,16.032695770263672,17.0,17.100000381469727,16.5,16.799999237060547,2744030
2015-04-14,16.032695770263672,17.0,17.100000381469727,16.5,17.0,1831440
2015-04-15,15.844075202941895,16.799999237060547,17.100000381469727,16.799999237060547,17.0,1709570
2015-04-16,16.032695770263672,17.0,17.299999237060547,16.600000381469727,16.899999618530273,1694260
2015-04-17,15.844075202941895,16.799999237060547,17.100000381469727,16.100000381469727,17.0,1691310
2015-04-20,15.37252426147461,16.299999237060547,16.899999618530273,16.0,16.799999237060547,1374180
2015-04-22,15.561145782470703,16.5,16.899999618530273,16.100000381469727,16.399999618530273,1087230
2015-04-23,14.052186012268066,14.899999618530273,16.600000381469727,14.899999618530273,16.600000381469727,2760360
2015-04-24,14.240806579589844,15.100000381469727,15.399999618530273,15.0,15.0,1052430
2015-04-27,13.297707557678223,14.100000381469727,15.300000190734863,13.899999618530273,15.300000190734863,2558170
2015-04-28,13.203396797180176,14.0,14.300000190734863,13.899999618530273,14.199999809265137,1225480
2015-04-29,11.97736644744873,12.699999809265137,14.0,12.399999618530273,13.899999618530273,5766540
2015-04-30,12.260296821594238,13.0,13.399999618530273,12.800000190734863,12.800000190734863,2009380
2015-05-04,12.826156616210938,13.600000381469727,14.0,13.300000190734863,13.399999618530273,1870450
2015-05-05,12.920466423034668,13.699999809265137,13.800000190734863,13.5,13.600000381469727,978210
2015-05-06,12.071677207946777,12.800000190734863,13.699999809265137,12.399999618530273,13.600000381469727,3653730
2015-05-07,11.600126266479492,12.300000190734863,13.0,12.0,12.800000190734863,1343480
2015-05-08,11.78874683380127,12.5,12.600000381469727,11.699999809265137,12.5,1704280
2015-05-11,11.505817413330078,12.199999809265137,12.699999809265137,12.0,12.600000381469727,2195890
2015-05-12,11.694436073303223,12.399999618530273,12.600000381469727,11.800000190734863,12.100000381469727,4129340
2015-05-13,11.3171968460083,12.0,12.5,12.0,12.399999618530273,2257830
2015-05-14,12.071677207946777,12.800000190734863,13.0,11.800000190734863,12.0,3441920
2015-05-15,12.63753604888916,13.399999618530273,13.699999809265137,12.699999809265137,12.699999809265137,2203800
2015-05-18,12.73184585571289,13.5,13.899999618530273,13.100000381469727,13.5,2415920
2015-05-19,12.73184585571289,13.5,13.600000381469727,13.199999809265137,13.600000381469727,1191710
2015-05-20,12.165987014770508,12.899999618530273,13.5,12.800000190734863,13.399999618530273,1854390
2015-05-21,11.97736644744873,12.699999809265137,12.899999618530273,12.199999809265137,12.800000190734863,2507620
2015-05-22,12.165987014770508,12.899999618530273,13.0,12.600000381469727,12.699999809265137,1638050
2015-05-25,11.97736644744873,12.699999809265137,12.800000190734863,12.5,12.699999809265137,741990
2015-05-26,11.411506652832031,12.100000381469727,12.699999809265137,12.0,12.699999809265137,3091340
2015-05-27,12.543227195739746,13.300000190734863,13.300000190734863,12.100000381469727,12.300000190734863,3536970
2015-05-28,12.354606628417969,13.100000381469727,13.399999618530273,12.699999809265137,13.399999618530273,3631090
2015-05-29,11.883057594299316,12.600000381469727,13.199999809265137,12.600000381469727,13.199999809265137,2114710
2015-06-01,12.4489164352417,13.199999809265137,13.199999809265137,12.199999809265137,12.699999809265137,1963140
2015-06-02,13.392016410827637,14.199999809265137,14.199999809265137,13.100000381469727,13.199999809265137,2991510
2015-06-03,12.920466423034668,13.699999809265137,14.5,13.600000381469727,14.100000381469727,4029820
2015-06-05,12.543227195739746,13.300000190734863,13.699999809265137,13.199999809265137,13.600000381469727,1433620
2015-06-08,13.109086036682129,13.899999618530273,14.199999809265137,13.399999618530273,13.800000190734863,5311390
2015-06-09,12.260296821594238,13.0,14.399999618530273,12.800000190734863,14.199999809265137,5280420
2015-06-10,12.165987014770508,12.899999618530273,13.5,12.800000190734863,13.300000190734863,2115630
2015-06-11,12.260296821594238,13.0,13.199999809265137,12.600000381469727,13.100000381469727,1161780
2015-06-12,12.260296821594238,13.0,13.100000381469727,12.699999809265137,12.899999618530273,1907530
2015-06-15,12.165987014770508,12.899999618530273,13.399999618530273,12.699999809265137,12.899999618530273,1852090
2015-06-16,11.97736644744873,12.699999809265137,13.100000381469727,12.699999809265137,12.899999618530273,1072160
2015-06-17,12.071677207946777,12.800000190734863,12.899999618530273,12.5,12.800000190734863,1535590
2015-06-18,12.260296821594238,13.0,13.100000381469727,12.699999809265137,12.899999618530273,1177040
2015-06-19,11.97736644744873,12.699999809265137,13.300000190734863,12.699999809265137,12.899999618530273,3155040
2015-06-22,12.071677207946777,12.800000190734863,12.899999618530273,12.600000381469727,12.800000190734863,812820
2015-06-23,12.165987014770508,12.899999618530273,12.899999618530273,12.699999809265137,12.800000190734863,945340
2015-06-24,12.354606628417969,13.100000381469727,13.199999809265137,12.699999809265137,12.899999618530273,1320230
2015-06-25,12.260296821594238,13.0,13.300000190734863,12.800000190734863,13.100000381469727,1702040
2015-06-26,11.97736644744873,12.699999809265137,13.199999809265137,12.600000381469727,12.899999618530273,1704150
2015-06-29,11.97736644744873,12.699999809265137,12.899999618530273,12.5,12.600000381469727,1031370
2015-06-30,11.97736644744873,12.699999809265137,12.899999618530273,12.600000381469727,12.699999809265137,930640
2015-07-01,12.260296821594238,13.0,13.0,12.699999809265137,12.800000190734863,1128320
2015-07-02,12.63753604888916,13.399999618530273,13.5,12.800000190734863,12.899999618530273,5241130
2015-07-03,12.543227195739746,13.300000190734863,13.399999618530273,13.100000381469727,13.300000190734863,721560
2015-07-06,12.354606628417969,13.100000381469727,13.5,13.100000381469727,13.199999809265137,823490
2015-07-07,11.97736644744873,12.699999809265137,13.100000381469727,12.399999618530273,13.0,1345030
2015-07-08,11.600126266479492,12.300000190734863,12.699999809265137,12.100000381469727,12.699999809265137,1368000
2015-07-10,11.694436073303223,12.399999618530273,12.600000381469727,12.300000190734863,12.5,898180
2015-07-13,11.78874683380127,12.5,12.800000190734863,12.300000190734863,12.5,1372990
2015-07-14,11.694436073303223,12.399999618530273,12.600000381469727,12.199999809265137,12.600000381469727,2150890
2015-07-15,11.694436073303223,12.399999618530273,12.399999618530273,12.100000381469727,12.300000190734863,789570
2015-07-16,11.78874683380127,12.5,12.600000381469727,12.300000190734863,12.399999618530273,1804680
2015-07-17,11.505817413330078,12.199999809265137,12.5,12.0,12.399999618530273,1338780
2015-07-20,11.12857723236084,11.800000190734863,12.199999809265137,11.800000190734863,12.199999809265137,1530380
2015-07-21,10.562716484069824,11.199999809265137,11.899999618530273,11.199999809265137,11.800000190734863,4282190
2015-07-22,9.808236122131348,10.399999618530273,11.199999809265137,10.100000381469727,11.100000381469727,4210710
2015-07-23,9.242378234863281,9.800000190734863,10.300000190734863,9.600000381469727,10.100000381469727,4049860
2015-07-24,8.67651653289795,9.199999809265137,9.699999809265137,9.0,9.600000381469727,2036870
2015-07-27,9.148067474365234,9.699999809265137,9.699999809265137,8.600000381469727,9.100000381469727,3129610
2015-07-28,8.770827293395996,9.300000190734863,10.100000381469727,9.100000381469727,10.0,2448710
2015-07-29,8.582207679748535,9.100000381469727,9.399999618530273,9.0,9.199999809265137,1773050
2015-07-30,9.053757667541504,9.600000381469727,9.600000381469727,9.0,9.100000381469727,3787890
2015-07-31,8.582207679748535,9.100000381469727,9.600000381469727,8.899999618530273,9.5,1738980
2015-08-03,8.34643268585205,8.850000381469727,8.979999542236328,8.6899995803833,8.800000190734863,1005100
2015-08-04,8.431310653686523,8.9399995803833,9.0,8.640000343322754,8.779999732971191,938700
2015-08-05,9.148067474365234,9.699999809265137,9.869999885559082,8.960000038146973,8.979999542236328,1035200
2015-08-06,8.629362106323242,9.149999618530273,9.539999961853027,9.109999656677246,9.539999961853027,508700
2015-08-07,8.478466033935547,8.989999771118164,9.329999923706055,8.949999809265137,9.050000190734863,783100
2015-08-10,8.34643268585205,8.850000381469727,9.170000076293945,8.829999923706055,9.079999923706055,438400
2015-08-11,8.289847373962402,8.789999961853027,8.989999771118164,8.550000190734863,8.899999618530273,800000
2015-08-12,7.959762096405029,8.4399995803833,8.710000038146973,8.350000381469727,8.65999984741211,1376800
2015-08-13,8.223830223083496,8.720000267028809,9.399999618530273,8.720000267028809,9.199999809265137,1800200
2015-08-14,8.34643268585205,8.850000381469727,8.960000038146973,8.640000343322754,8.8100004196167,737000
2015-08-17,8.091794967651367,8.579999923706055,8.989999771118164,8.579999923706055,8.75,382400
2015-08-18,8.440742492675781,8.949999809265137,9.100000381469727,8.40999984741211,8.640000343322754,1629300
2015-08-19,8.054071426391602,8.539999961853027,8.880000114440918,8.449999809265137,8.850000381469727,1670800
2015-08-20,7.648538589477539,8.109999656677246,8.529999732971191,7.989999771118164,8.529999732971191,1556500
2015-08-21,7.195851802825928,7.630000114440918,8.020000457763672,7.610000133514404,8.0,1419800
2015-08-24,7.148695945739746,7.579999923706055,7.690000057220459,6.659999847412109,6.699999809265137,2471400
2015-08-25,6.875196933746338,7.289999961853027,7.78000020980835,7.21999979019165,7.699999809265137,1502500
2015-08-26,7.450488090515137,7.900000095367432,7.900000095367432,7.349999904632568,7.349999904632568,2947800
2015-08-27,7.459918975830078,7.909999847412109,8.100000381469727,7.739999771118164,7.96999979019165,676300
2015-08-28,7.620245456695557,8.079999923706055,8.199999809265137,7.769999980926514,7.789999961853027,4841400
2015-08-31,7.431625843048096,7.880000114440918,7.880000114440918,7.730000019073486,7.849999904632568,765900
2015-09-01,6.90349006652832,7.320000171661377,7.920000076293945,7.260000228881836,7.849999904632568,1848300
2015-09-02,6.978938579559326,7.400000095367432,7.5,7.25,7.329999923706055,1529800
2015-09-03,7.39390230178833,7.840000152587891,7.949999809265137,7.21999979019165,7.440000057220459,2674000
2015-09-04,7.073248386383057,7.5,7.78000020980835,7.429999828338623,7.78000020980835,3204800
2015-09-08,7.1769890785217285,7.610000133514404,7.760000228881836,7.510000228881836,7.610000133514404,1249400
2015-09-09,7.195851802825928,7.630000114440918,7.730000019073486,7.449999809265137,7.71999979019165,1615400
2015-09-10,6.912920951843262,7.329999923706055,7.420000076293945,7.139999866485596,7.25,1940400
2015-09-11,7.243005752563477,7.679999828338623,7.690000057220459,7.230000019073486,7.25,1702700
2015-09-14,7.450488090515137,7.900000095367432,7.989999771118164,7.650000095367432,7.710000038146973,958900
2015-09-15,7.120403289794922,7.550000190734863,7.800000190734863,7.5,7.730000019073486,8400600
2015-09-16,7.516504764556885,7.96999979019165,8.210000038146973,7.559999942779541,7.610000133514404,1690000
2015-09-17,7.318454742431641,7.760000228881836,7.940000057220459,7.760000228881836,7.809999942779541,763600
2015-09-18,6.978938579559326,7.400000095367432,7.699999809265137,7.349999904632568,7.679999828338623,1613100
2015-09-21,6.479094982147217,6.869999885559082,7.420000076293945,6.860000133514404,7.380000114440918,1078800
2015-09-22,6.22445821762085,6.599999904632568,6.880000114440918,6.420000076293945,6.849999904632568,2081100
2015-09-23,5.903804302215576,6.260000228881836,6.659999847412109,6.230000019073486,6.650000095367432,1640400
2015-09-24,5.686891555786133,6.03000020980835,6.21999979019165,5.909999847412109,6.21999979019165,3849100
2015-09-25,5.4699788093566895,5.800000190734863,6.119999885559082,5.670000076293945,6.050000190734863,4117000
2015-09-28,5.517133712768555,5.849999904632568,5.889999866485596,5.579999923706055,5.699999809265137,4213600
2015-09-29,5.517133712768555,5.849999904632568,6.079999923706055,5.769999980926514,5.920000076293945,1339700
2015-09-30,5.668029308319092,6.010000228881836,6.099999904632568,5.849999904632568,6.099999904632568,1366400
2015-10-01,5.65859842300415,6.0,6.059999942779541,5.840000152587891,6.050000190734863,760400
2015-10-02,5.941528797149658,6.300000190734863,6.409999847412109,5.900000095367432,6.010000228881836,927500
2015-10-05,5.856649398803711,6.210000038146973,6.489999771118164,6.159999847412109,6.360000133514404,1216600
2015-10-06,5.988683223724365,6.349999904632568,6.449999809265137,6.139999866485596,6.25,832200
2015-10-07,6.507389068603516,6.900000095367432,6.980000019073486,6.360000133514404,6.369999885559082,2913700
2015-10-08,7.450488090515137,7.900000095367432,7.900000095367432,6.880000114440918,7.010000228881836,4376300
2015-10-09,8.478466033935547,8.989999771118164,8.989999771118164,7.260000228881836,8.010000228881836,34201200
2015-10-13,8.148382186889648,8.640000343322754,8.970000267028809,8.25,8.899999618530273,2454700
2015-10-14,7.563660144805908,8.020000457763672,8.630000114440918,7.869999885559082,8.619999885559082,3262300
2015-10-15,7.101541519165039,7.53000020980835,8.149999618530273,7.329999923706055,8.0600004196167,1357100
2015-10-16,6.856334686279297,7.269999980926514,7.599999904632568,7.159999847412109,7.5,1009200
2015-10-19,7.035523891448975,7.460000038146973,7.690000057220459,7.110000133514404,7.25,647300
2015-10-20,7.4033331871032715,7.849999904632568,8.0,7.420000076293945,7.659999847412109,1683900
2015-10-21,7.082679271697998,7.510000228881836,7.880000114440918,7.420000076293945,7.849999904632568,923000
2015-10-22,7.224143981933594,7.659999847412109,7.800000190734863,7.309999942779541,7.489999771118164,935800
2015-10-23,7.261868000030518,7.699999809265137,7.889999866485596,7.570000171661377,7.860000133514404,1077600
2015-10-26,6.752594470977783,7.159999847412109,7.75,7.159999847412109,7.639999866485596,867200
2015-10-27,6.978938579559326,7.400000095367432,7.480000019073486,6.940000057220459,7.179999828338623,920600
2015-10-28,7.016662120819092,7.440000057220459,7.440000057220459,7.349999904632568,7.369999885559082,52100
2015-10-29,6.978938579559326,7.400000095367432,7.599999904632568,7.21999979019165,7.28000020980835,665700
2015-10-30,6.922351837158203,7.340000152587891,7.659999847412109,7.190000057220459,7.340000152587891,814200
2015-11-03,7.1769890785217285,7.610000133514404,8.039999961853027,7.300000190734863,7.309999942779541,741500
2015-11-04,6.8657660484313965,7.28000020980835,7.900000095367432,7.28000020980835,7.800000190734863,1405100
2015-11-05,6.9506449699401855,7.369999885559082,7.46999979019165,7.300000190734863,7.320000171661377,623000
2015-11-06,6.9506449699401855,7.369999885559082,7.599999904632568,7.25,7.5,555000
2015-11-09,6.8846282958984375,7.300000190734863,7.409999847412109,7.230000019073486,7.329999923706055,886300
2015-11-10,6.818611145019531,7.230000019073486,7.400000095367432,7.190000057220459,7.349999904632568,502700
2015-11-11,6.790318012237549,7.199999809265137,7.360000133514404,7.190000057220459,7.329999923706055,845200
2015-11-12,6.601698398590088,7.0,7.329999923706055,6.960000038146973,7.239999771118164,1193000
2015-11-13,6.59226655960083,6.989999771118164,7.050000190734863,6.860000133514404,7.0,846000
2015-11-16,6.545112133026123,6.940000057220459,7.110000133514404,6.940000057220459,7.0,454800
2015-11-17,6.648853778839111,7.050000190734863,7.119999885559082,6.929999828338623,6.989999771118164,480600
2015-11-18,6.507389068603516,6.900000095367432,7.239999771118164,6.900000095367432,7.050000190734863,415100
2015-11-19,6.5545430183410645,6.949999809265137,7.059999942779541,6.829999923706055,6.949999809265137,634300
2015-11-23,6.384786128997803,6.769999980926514,7.019999980926514,6.71999979019165,7.010000228881836,577600
2015-11-24,6.130148410797119,6.5,6.769999980926514,6.480000019073486,6.75,785900
2015-11-25,5.837787628173828,6.190000057220459,6.5,6.110000133514404,6.480000019073486,731500
2015-11-26,5.686891555786133,6.03000020980835,6.179999828338623,5.929999828338623,6.159999847412109,879800
2015-11-27,5.668029308319092,6.010000228881836,6.050000190734863,5.960000038146973,6.039999961853027,705100
2015-11-30,5.65859842300415,6.0,6.0,5.849999904632568,5.920000076293945,1077400
2015-12-01,5.611443519592285,5.949999809265137,6.150000095367432,5.889999866485596,5.96999979019165,705000
2015-12-02,5.800063133239746,6.150000095367432,6.380000114440918,5.869999885559082,6.050000190734863,885300
2015-12-03,5.7623395919799805,6.110000133514404,6.389999866485596,6.010000228881836,6.300000190734863,811700
2015-12-04,5.583150386810303,5.920000076293945,6.099999904632568,5.75,6.099999904632568,633700
2015-12-07,5.639736652374268,5.980000019073486,6.070000171661377,5.880000114440918,5.96999979019165,518300
2015-12-08,5.611443519592285,5.949999809265137,6.079999923706055,5.869999885559082,6.079999923706055,481300
2015-12-09,5.809493541717529,6.159999847412109,6.389999866485596,6.0,6.03000020980835,882500
2015-12-10,5.724615573883057,6.070000171661377,6.289999961853027,5.929999828338623,6.230000019073486,804300
2015-12-11,5.724615573883057,6.070000171661377,6.170000076293945,5.949999809265137,6.019999980926514,381500
2015-12-14,5.65859842300415,6.0,6.099999904632568,5.920000076293945,6.019999980926514,748500
2015-12-15,5.705753326416016,6.050000190734863,6.210000038146973,5.960000038146973,6.0,1011100
2015-12-16,5.734046459197998,6.079999923706055,6.099999904632568,5.949999809265137,5.949999809265137,731100
2015-12-17,5.771770477294922,6.119999885559082,6.349999904632568,6.079999923706055,6.110000133514404,1120400
2015-12-18,5.65859842300415,6.0,6.010000228881836,5.860000133514404,5.960000038146973,1621500
2015-12-21,5.65859842300415,6.0,6.139999866485596,5.889999866485596,6.0,1905500
2015-12-22,5.705753326416016,6.050000190734863,6.150000095367432,5.989999771118164,6.010000228881836,721100
2015-12-23,5.781201362609863,6.130000114440918,6.289999961853027,6.070000171661377,6.130000114440918,691600
2015-12-28,5.724615573883057,6.070000171661377,6.099999904632568,5.960000038146973,6.050000190734863,369900
2015-12-29,5.960391044616699,6.320000171661377,6.320000171661377,6.010000228881836,6.010000228881836,473200
2015-12-30,5.884942054748535,6.239999771118164,6.400000095367432,5.929999828338623,6.369999885559082,1431400
2016-01-04,5.649167060852051,5.989999771118164,6.179999828338623,5.960000038146973,6.119999885559082,594900
2016-01-05,5.366237640380859,5.690000057220459,6.079999923706055,5.650000095367432,6.03000020980835,2054500
2016-01-06,4.922980308532715,5.21999979019165,5.760000228881836,5.139999866485596,5.650000095367432,953600
2016-01-07,4.291103839874268,4.550000190734863,5.110000133514404,4.550000190734863,5.110000133514404,962200
2016-01-08,4.055329322814941,4.300000190734863,4.699999809265137,4.099999904632568,4.599999904632568,1253600
2016-01-11,3.866708755493164,4.099999904632568,4.460000038146973,4.050000190734863,4.300000190734863,496900
2016-01-12,3.7252440452575684,3.950000047683716,4.380000114440918,3.8499999046325684,4.110000133514404,1375500
2016-01-13,3.1405222415924072,3.3299999237060547,4.090000152587891,3.2699999809265137,3.9800000190734863,2460300
2016-01-14,2.4614901542663574,2.609999895095825,3.3299999237060547,2.130000114440918,3.2899999618530273,8913900
2016-01-15,2.829299211502075,3.0,3.0,2.009999990463257,2.390000104904175,16252800
2016-01-18,2.829299211502075,3.0,3.299999952316284,3.0,3.049999952316284,5901100
2016-01-19,2.3011631965637207,2.440000057220459,3.180000066757202,2.369999885559082,3.109999895095825,3998200
2016-01-20,2.074819326400757,2.200000047683716,2.390000104904175,2.119999885559082,2.299999952316284,3721400
2016-01-21,1.9050613641738892,2.0199999809265137,2.369999885559082,2.0199999809265137,2.180000066757202,5010100
2016-01-22,1.4146496057510376,1.5,2.119999885559082,1.5,2.0799999237060547,9438800
2016-01-26,1.4146496057510376,1.5,1.590000033378601,1.3300000429153442,1.4199999570846558,5828300
2016-01-27,1.5749765634536743,1.6699999570846558,1.7200000286102295,1.5499999523162842,1.5499999523162842,5735500
2016-01-28,1.6692864894866943,1.7699999809265137,1.8700000047683716,1.7300000190734863,1.7599999904632568,5315800
2016-01-29,1.7824584245681763,1.8899999856948853,1.9299999475479126,1.75,1.7999999523162842,4437900
2016-02-01,1.8767685890197754,1.9900000095367432,2.0,1.840000033378601,1.899999976158142,2522200
2016-02-02,1.7447346448898315,1.850000023841858,2.069999933242798,1.809999942779541,2.0,2595700
2016-02-03,1.6975795030593872,1.7999999523162842,1.940000057220459,1.7999999523162842,1.8799999952316284,2821500
2016-02-04,1.7824584245681763,1.8899999856948853,1.940000057220459,1.840000033378601,1.850000023841858,1743800
2016-02-05,2.1691291332244873,2.299999952316284,2.450000047683716,1.9800000190734863,1.9800000190734863,6507800
2016-02-10,2.0465264320373535,2.1700000762939453,2.3499999046325684,2.1500000953674316,2.3499999046325684,2124500
2016-02-11,1.942785382270813,2.059999942779541,2.240000009536743,2.009999990463257,2.009999990463257,3341400
2016-02-12,2.018233299255371,2.140000104904175,2.190000057220459,2.049999952316284,2.130000114440918,2843200
2016-02-15,2.0842504501342773,2.2100000381469727,2.3299999237060547,2.1600000858306885,2.309999942779541,2022600
2016-02-16,2.1691291332244873,2.299999952316284,2.3299999237060547,2.1700000762939453,2.2100000381469727,2381300
2016-02-17,2.1502673625946045,2.2799999713897705,2.4100000858306885,2.2799999713897705,2.299999952316284,3691400
2016-02-18,2.0465264320373535,2.1700000762939453,2.309999942779541,2.130000114440918,2.2799999713897705,2635600
2016-02-19,2.037095546722412,2.1600000858306885,2.2100000381469727,2.069999933242798,2.1500000953674316,2208100
2016-02-22,2.074819326400757,2.200000047683716,2.299999952316284,2.180000066757202,2.259999990463257,3728900
2016-02-23,2.037095546722412,2.1600000858306885,2.2100000381469727,2.1500000953674316,2.1600000858306885,1412100
2016-02-24,2.0842504501342773,2.2100000381469727,2.2899999618530273,2.0999999046325684,2.1500000953674316,1940100
2016-02-25,2.1031126976013184,2.2300000190734863,2.2799999713897705,2.1700000762939453,2.2300000190734863,1524200
2016-02-26,2.206853151321411,2.3399999141693115,2.4700000286102295,2.259999990463257,2.259999990463257,3280200
2016-02-29,2.4803524017333984,2.630000114440918,2.7200000286102295,2.369999885559082,2.390000104904175,4195100
2016-03-01,2.7349894046783447,2.9000000953674316,2.9000000953674316,2.7200000286102295,2.7200000286102295,4338500
2016-03-02,2.819868326187134,2.990000009536743,3.140000104904175,2.940000057220459,3.0,4142000
2016-03-03,2.7161271572113037,2.880000114440918,2.880000114440918,2.880000114440918,2.880000114440918,4027300
2016-03-04,2.9236090183258057,3.0999999046325684,3.25,2.880000114440918,2.880000114440918,3241000
2016-03-07,2.9141781330108643,3.0899999141693115,3.200000047683716,2.9600000381469727,3.130000114440918,1341300
2016-03-08,3.1876769065856934,3.380000114440918,3.440000057220459,3.0,3.0999999046325684,3002900
2016-03-09,3.489469289779663,3.700000047683716,3.9700000286102295,3.4100000858306885,3.5,3528000
2016-03-10,3.593209743499756,3.809999942779541,4.019999980926514,3.700000047683716,3.9000000953674316,5076100
2016-03-11,3.3574349880218506,3.559999942779541,3.950000047683716,3.450000047683716,3.8499999046325684,2588300
2016-03-14,3.0839359760284424,3.2699999809265137,3.690000057220459,3.25,3.609999895095825,1936400
2016-03-15,2.7161271572113037,2.880000114440918,3.1500000953674316,2.869999885559082,3.1500000953674316,2116700
2016-03-16,2.933040142059326,3.109999895095825,3.2200000286102295,2.5799999237060547,2.859999895095825,2964700
2016-03-17,3.197108268737793,3.390000104904175,3.630000114440918,3.259999990463257,3.359999895095825,3577500
2016-03-18,3.2348320484161377,3.430000066757202,3.619999885559082,3.299999952316284,3.440000057220459,2145600
2016-03-21,3.2254011631011963,3.4200000762939453,3.5199999809265137,3.4000000953674316,3.5,1228800
2016-03-22,3.253694534301758,3.450000047683716,3.490000009536743,3.359999895095825,3.390000104904175,1230300
2016-03-23,3.263125419616699,3.4600000381469727,3.5,3.2899999618530273,3.430000066757202,1230900
2016-03-24,3.121659994125366,3.309999942779541,3.4200000762939453,3.25,3.359999895095825,2593900
2016-03-28,3.15938401222229,3.3499999046325684,3.4000000953674316,3.180000066757202,3.380000114440918,3148600
2016-03-29,3.385728120803833,3.5899999141693115,3.9200000762939453,3.3299999237060547,3.3499999046325684,6359800
2016-03-30,3.112229108810425,3.299999952316284,3.799999952316284,3.299999952316284,3.700000047683716,5177800
2016-03-31,3.1405222415924072,3.3299999237060547,3.3299999237060547,3.3299999237060547,3.3299999237060547,55500
2016-04-01,3.263125419616699,3.4600000381469727,3.4600000381469727,3.4600000381469727,3.4600000381469727,33800
2016-04-04,3.3951590061187744,3.5999999046325684,3.5999999046325684,3.5999999046325684,3.5999999046325684,42700
2016-04-05,3.0462119579315186,3.2300000190734863,3.2300000190734863,3.2300000190734863,3.2300000190734863,149300
2016-04-06,3.0462119579315186,3.2300000190734863,3.2300000190734863,3.2300000190734863,3.2300000190734863,25400
2016-04-07,2.5463693141937256,2.700000047683716,2.700000047683716,2.700000047683716,2.700000047683716,245200
2016-04-08,2.970764398574829,3.1500000953674316,3.25,3.009999990463257,3.119999885559082,23714900
2016-04-11,3.15938401222229,3.3499999046325684,3.3499999046325684,3.3499999046325684,3.3499999046325684,37300
2016-04-12,3.4328830242156982,3.640000104904175,3.640000104904175,3.640000104904175,3.640000104904175,46000
2016-04-13,3.178245782852173,3.369999885559082,3.369999885559082,3.369999885559082,3.369999885559082,179100
2016-04-14,3.678088903427124,3.9000000953674316,3.9000000953674316,3.5999999046325684,3.6500000953674316,32498300
2016-04-15,3.5366241931915283,3.75,4.050000190734863,3.680000066757202,4.0,31979500
2016-04-18,3.527193069458008,3.740000009536743,3.8499999046325684,3.6600000858306885,3.75,15875200
2016-04-19,3.6592273712158203,3.880000114440918,3.880000114440918,3.880000114440918,3.880000114440918,123100
2016-04-20,3.678088903427124,3.9000000953674316,3.9800000190734863,3.740000009536743,3.8299999237060547,18056000
2016-04-22,3.7252440452575684,3.950000047683716,3.9800000190734863,3.75,3.809999942779541,14725900
2016-04-25,3.7252440452575684,3.950000047683716,4.039999961853027,3.9200000762939453,3.9700000286102295,10973900
2016-04-26,4.027035713195801,4.269999980926514,4.289999961853027,3.9600000381469727,3.990000009536743,18010600
2016-04-27,4.064760208129883,4.309999942779541,4.340000152587891,4.099999904632568,4.340000152587891,17018100
2016-04-28,4.027035713195801,4.269999980926514,4.369999885559082,4.230000019073486,4.320000171661377,12537500
2016-04-29,4.036466598510742,4.28000020980835,4.349999904632568,4.159999847412109,4.28000020980835,18712700
2016-05-02,4.140207290649414,4.389999866485596,4.389999866485596,4.150000095367432,4.28000020980835,10866500
2016-05-03,4.045897483825684,4.289999961853027,4.380000114440918,4.170000076293945,4.380000114440918,7289800
2016-05-04,4.262810230255127,4.519999980926514,4.599999904632568,4.210000038146973,4.239999771118164,11242300
2016-05-05,4.196793556213379,4.449999809265137,4.590000152587891,4.360000133514404,4.559999942779541,7917600
2016-05-06,4.243948936462402,4.5,4.539999961853027,4.349999904632568,4.380000114440918,5528000
2016-05-09,4.149638652801514,4.400000095367432,4.53000020980835,4.079999923706055,4.46999979019165,7694300
2016-05-10,4.196793556213379,4.449999809265137,4.519999980926514,4.269999980926514,4.510000228881836,8185600
2016-05-11,4.149638652801514,4.400000095367432,4.570000171661377,4.349999904632568,4.5,11256700
2016-05-12,4.149638652801514,4.400000095367432,4.599999904632568,4.309999942779541,4.559999942779541,11174800
2016-05-13,4.225086688995361,4.480000019073486,4.480000019073486,4.199999809265137,4.400000095367432,11443800
2016-05-16,4.036466598510742,4.28000020980835,4.519999980926514,4.260000228881836,4.489999771118164,6727900
2016-05-17,3.762968063354492,3.990000009536743,4.300000190734863,3.9100000858306885,4.300000190734863,7999200
2016-05-18,3.630934000015259,3.8499999046325684,3.990000009536743,3.759999990463257,3.940000057220459,17041400
2016-05-19,3.612071990966797,3.8299999237060547,3.880000114440918,3.630000114440918,3.799999952316284,9827500
2016-05-20,3.8289849758148193,4.059999942779541,4.090000152587891,3.809999942779541,3.9000000953674316,9415000
2016-05-23,3.696951150894165,3.9200000762939453,3.9700000286102295,3.8399999141693115,3.940000057220459,6145300
2016-05-24,3.83841609954834,4.070000171661377,4.090000152587891,3.9200000762939453,3.990000009536743,12138800
2016-05-25,4.121345520019531,4.369999885559082,4.420000076293945,4.130000114440918,4.150000095367432,17580400
2016-05-27,4.225086688995361,4.480000019073486,4.539999961853027,4.369999885559082,4.380000114440918,10521200
2016-05-30,4.243948936462402,4.5,4.5,4.420000076293945,4.480000019073486,6135800
2016-05-31,4.470292568206787,4.739999771118164,4.739999771118164,4.480000019073486,4.489999771118164,25666300
2016-06-01,4.4797234535217285,4.75,4.880000114440918,4.650000095367432,4.849999904632568,9158200
2016-06-02,4.640050888061523,4.920000076293945,4.960000038146973,4.670000076293945,4.739999771118164,7196800
2016-06-03,4.649481296539307,4.929999828338623,4.929999828338623,4.820000171661377,4.920000076293945,5845300
2016-06-06,4.762653827667236,5.050000190734863,5.050000190734863,4.840000152587891,4.940000057220459,7359200
2016-06-07,4.649481296539307,4.929999828338623,5.019999980926514,4.889999866485596,4.989999771118164,14097700
2016-06-08,4.5928955078125,4.869999885559082,5.019999980926514,4.869999885559082,4.900000095367432,9915800
2016-06-09,4.498586177825928,4.769999980926514,4.880000114440918,4.71999979019165,4.869999885559082,5798200
2016-06-10,4.243948936462402,4.5,4.710000038146973,4.5,4.699999809265137,4582700
2016-06-13,4.206225395202637,4.460000038146973,4.690000057220459,4.28000020980835,4.460000038146973,4961600
2016-06-14,4.206225395202637,4.460000038146973,4.539999961853027,4.260000228881836,4.489999771118164,7246300
2016-06-15,4.319396495819092,4.579999923706055,4.619999885559082,4.429999828338623,4.53000020980835,10121000
2016-06-16,4.272242069244385,4.53000020980835,4.650000095367432,4.449999809265137,4.590000152587891,10021500
2016-06-17,4.177931785583496,4.429999828338623,4.610000133514404,4.429999828338623,4.599999904632568,12351700
2016-06-20,4.404275894165039,4.670000076293945,4.730000019073486,4.460000038146973,4.46999979019165,17335200
2016-06-21,4.470292568206787,4.739999771118164,4.75,4.599999904632568,4.699999809265137,14487100
2016-06-22,4.526878833770752,4.800000190734863,4.929999828338623,4.739999771118164,4.75,10669800
2016-06-23,4.630620002746582,4.909999847412109,4.940000057220459,4.820000171661377,4.840000152587891,6130100
2016-06-24,4.508017063140869,4.78000020980835,4.840000152587891,4.550000190734863,4.639999866485596,10723800
2016-06-27,4.4325690269470215,4.699999809265137,4.829999923706055,4.599999904632568,4.78000020980835,5474500
2016-06-28,4.5928955078125,4.869999885559082,4.920000076293945,4.769999980926514,4.840000152587891,10920700
2016-06-29,4.658912658691406,4.940000057220459,5.019999980926514,4.829999923706055,4.940000057220459,7499000
2016-06-30,4.621189117431641,4.900000095367432,4.980000019073486,4.75,4.949999809265137,11472300
2016-07-01,4.574033737182617,4.849999904632568,4.940000057220459,4.800000190734863,4.929999828338623,11137900
2016-07-04,4.904118061065674,5.199999809265137,5.199999809265137,4.949999809265137,4.96999979019165,14262100
2016-07-05,4.960704803466797,5.260000228881836,5.340000152587891,5.079999923706055,5.170000076293945,9192500
2016-07-06,5.007859230041504,5.309999942779541,5.389999866485596,5.159999847412109,5.260000228881836,11133300
2016-07-07,5.073876857757568,5.380000114440918,5.519999980926514,5.269999980926514,5.369999885559082,8880500
2016-07-08,5.224772930145264,5.539999961853027,5.570000171661377,5.400000095367432,5.460000038146973,9207600
2016-07-11,5.309651851654053,5.630000114440918,5.699999809265137,5.550000190734863,5.590000152587891,10460800
2016-07-12,5.196479797363281,5.510000228881836,5.690000057220459,5.510000228881836,5.639999866485596,7450600
2016-07-13,5.045583248138428,5.349999904632568,5.570000171661377,5.059999942779541,5.539999961853027,23212200
2016-07-14,5.092738628387451,5.400000095367432,5.489999771118164,5.170000076293945,5.369999885559082,14158300
2016-07-15,5.092738628387451,5.400000095367432,5.510000228881836,5.28000020980835,5.380000114440918,13232900
2016-07-18,5.366237640380859,5.690000057220459,5.690000057220459,5.380000114440918,5.460000038146973,11212600
2016-07-19,5.649167060852051,5.989999771118164,6.019999980926514,5.599999904632568,5.690000057220459,17237100
2016-07-20,5.56428861618042,5.900000095367432,5.960000038146973,5.760000228881836,5.920000076293945,27127000
2016-07-21,5.545426368713379,5.880000114440918,6.03000020980835,5.820000171661377,5.889999866485596,14099100
2016-07-22,5.65859842300415,6.0,6.010000228881836,5.889999866485596,5.900000095367432,8525600
2016-07-25,5.677460193634033,6.019999980926514,6.130000114440918,5.949999809265137,6.059999942779541,16492200
2016-07-26,5.686891555786133,6.03000020980835,6.079999923706055,6.019999980926514,6.039999961853027,10300000
2016-07-27,5.7434773445129395,6.090000152587891,6.179999828338623,6.010000228881836,6.050000190734863,18451800
2016-07-28,5.696321964263916,6.039999961853027,6.130000114440918,5.889999866485596,6.099999904632568,8665900
2016-07-29,5.771770477294922,6.119999885559082,6.119999885559082,5.900000095367432,6.019999980926514,10910200
2016-08-01,5.771770477294922,6.119999885559082,6.25,6.070000171661377,6.099999904632568,11018800
2016-08-02,5.903804302215576,6.260000228881836,6.260000228881836,6.0,6.119999885559082,8363300
2016-08-03,6.082993507385254,6.449999809265137,6.480000019073486,6.199999809265137,6.260000228881836,10859400
2016-08-04,6.101855278015137,6.46999979019165,6.599999904632568,6.400000095367432,6.5,10321500
2016-08-05,6.2810444831848145,6.659999847412109,6.699999809265137,6.449999809265137,6.519999980926514,10421200
2016-08-08,6.064131736755371,6.429999828338623,6.699999809265137,6.349999904632568,6.699999809265137,7043700
2016-08-09,6.130148410797119,6.5,6.599999904632568,6.460000038146973,6.480000019073486,7524900
2016-08-10,6.026406764984131,6.389999866485596,6.570000171661377,6.150000095367432,6.53000020980835,7060700
2016-08-11,6.601698398590088,7.0,7.139999866485596,6.28000020980835,6.340000152587891,15061300
2016-08-12,6.460233211517334,6.849999904632568,7.110000133514404,6.75,6.980000019073486,15936600
2016-08-15,6.488525867462158,6.880000114440918,6.980000019073486,6.849999904632568,6.96999979019165,9341800
2016-08-16,6.413078308105469,6.800000190734863,6.960000038146973,6.75,6.880000114440918,14291400
2016-08-17,6.6394219398498535,7.039999961853027,7.050000190734863,6.690000057220459,6.800000190734863,13478200
2016-08-18,6.714869976043701,7.119999885559082,7.230000019073486,6.929999828338623,7.059999942779541,17900900
2016-08-19,7.139265060424805,7.570000171661377,7.619999885559082,7.150000095367432,7.170000076293945,12546800
2016-08-22,6.8846282958984375,7.300000190734863,7.75,7.28000020980835,7.639999866485596,12953400
2016-08-23,7.026093006134033,7.449999809265137,7.579999923706055,7.360000133514404,7.5,7246100
2016-08-24,6.8846282958984375,7.300000190734863,7.480000019073486,7.25,7.449999809265137,8090200
2016-08-25,6.809179306030273,7.21999979019165,7.429999828338623,7.130000114440918,7.369999885559082,6812100
2016-08-26,6.790318012237549,7.199999809265137,7.400000095367432,7.070000171661377,7.269999980926514,5520900
2016-08-29,6.780887126922607,7.190000057220459,7.25,6.960000038146973,7.210000038146973,9176900
2016-08-30,6.677145957946777,7.079999923706055,7.449999809265137,7.059999942779541,7.21999979019165,10974100
2016-08-31,6.790318012237549,7.199999809265137,7.230000019073486,6.960000038146973,7.190000057220459,11403200
2016-09-01,6.696008205413818,7.099999904632568,7.25,7.070000171661377,7.199999809265137,8232700
2016-09-02,6.79974889755249,7.210000038146973,7.21999979019165,7.039999961853027,7.150000095367432,11793200
2016-09-05,6.875196933746338,7.289999961853027,7.429999828338623,7.230000019073486,7.230000019073486,5882000
2016-09-06,6.875196933746338,7.289999961853027,7.320000171661377,7.119999885559082,7.289999961853027,4324700
2016-09-08,6.8846282958984375,7.300000190734863,7.389999866485596,7.21999979019165,7.300000190734863,7365500
2016-09-09,6.563973903656006,6.960000038146973,7.289999961853027,6.960000038146973,7.289999961853027,10621100
2016-09-12,6.526250839233398,6.920000076293945,7.03000020980835,6.650000095367432,6.78000020980835,9374500
2016-09-13,6.290475368499756,6.670000076293945,6.96999979019165,6.5,6.900000095367432,9407300
2016-09-14,6.243319988250732,6.619999885559082,6.78000020980835,6.5,6.730000019073486,7515900
2016-09-15,6.2810444831848145,6.659999847412109,6.739999771118164,6.53000020980835,6.619999885559082,4776800
2016-09-16,6.22445821762085,6.599999904632568,6.71999979019165,6.400000095367432,6.650000095367432,22786500
2016-09-19,6.205596446990967,6.579999923706055,6.760000228881836,6.539999961853027,6.670000076293945,4674300
2016-09-20,5.903804302215576,6.260000228881836,6.440000057220459,5.960000038146973,6.400000095367432,23227400
2016-09-21,5.8283562660217285,6.179999828338623,6.409999847412109,6.019999980926514,6.289999961853027,16119700
2016-09-22,5.922666072845459,6.28000020980835,6.429999828338623,6.179999828338623,6.269999980926514,10066100
2016-09-23,5.932096481323242,6.289999961853027,6.349999904632568,6.170000076293945,6.289999961853027,8152400
2016-09-26,5.809493541717529,6.159999847412109,6.21999979019165,6.099999904632568,6.199999809265137,3660600
2016-09-27,5.818925380706787,6.170000076293945,6.210000038146973,6.010000228881836,6.170000076293945,9337000
2016-09-28,5.950959205627441,6.309999942779541,6.420000076293945,6.150000095367432,6.150000095367432,9018000
2016-09-29,5.866080284118652,6.21999979019165,6.480000019073486,6.179999828338623,6.309999942779541,7197600
2016-09-30,5.960391044616699,6.320000171661377,6.329999923706055,6.130000114440918,6.199999809265137,4603700
2016-10-03,5.932096481323242,6.289999961853027,6.389999866485596,6.199999809265137,6.309999942779541,9158000
2016-10-04,5.8283562660217285,6.179999828338623,6.320000171661377,6.099999904632568,6.269999980926514,9113800
2016-10-05,5.818925380706787,6.170000076293945,6.289999961853027,6.170000076293945,6.210000038146973,5554000
2016-10-06,5.8283562660217285,6.179999828338623,6.25,6.130000114440918,6.179999828338623,8927600
2016-10-07,5.837787628173828,6.190000057220459,6.21999979019165,6.119999885559082,6.210000038146973,6952900
2016-10-10,5.790632247924805,6.139999866485596,6.25,6.110000133514404,6.190000057220459,4273500
2016-10-11,6.149010181427002,6.519999980926514,6.53000020980835,6.210000038146973,6.300000190734863,11057400
2016-10-13,6.149010181427002,6.519999980926514,6.739999771118164,6.409999847412109,6.550000190734863,10671300
2016-10-14,6.205596446990967,6.579999923706055,6.650000095367432,6.550000190734863,6.579999923706055,6346500
2016-10-17,6.186734199523926,6.559999942779541,6.619999885559082,6.5,6.579999923706055,6895600
2016-10-18,6.469664096832275,6.860000133514404,6.96999979019165,6.559999942779541,6.570000171661377,11188700
2016-10-19,6.271613597869873,6.650000095367432,7.070000171661377,6.639999866485596,6.900000095367432,10464900
2016-10-20,6.460233211517334,6.849999904632568,6.889999866485596,6.5,6.630000114440918,5814600
2016-10-21,6.384786128997803,6.769999980926514,6.900000095367432,6.730000019073486,6.829999923706055,3882500
2016-10-24,6.441370964050293,6.829999923706055,6.880000114440918,6.760000228881836,6.809999942779541,4935900
2016-10-25,6.441370964050293,6.829999923706055,6.889999866485596,6.760000228881836,6.860000133514404,5551700
2016-10-26,6.3470611572265625,6.730000019073486,6.860000133514404,6.659999847412109,6.829999923706055,6349700
2016-10-27,6.450802326202393,6.840000152587891,6.889999866485596,6.730000019073486,6.730000019073486,3943500
2016-10-28,6.460233211517334,6.849999904632568,6.880000114440918,6.78000020980835,6.840000152587891,4079300
2016-10-31,6.733731746673584,7.139999866485596,7.239999771118164,6.880000114440918,6.880000114440918,12803700
2016-11-01,6.507389068603516,6.900000095367432,7.28000020980835,6.849999904632568,7.199999809265137,7639400
2016-11-03,5.998114109039307,6.360000133514404,6.78000020980835,6.320000171661377,6.769999980926514,11986000
2016-11-04,5.752908706665039,6.099999904632568,6.460000038146973,6.059999942779541,6.369999885559082,10464600
2016-11-07,6.177303314208984,6.550000190734863,6.579999923706055,6.269999980926514,6.28000020980835,5251600
2016-11-08,6.375353813171387,6.760000228881836,6.840000152587891,6.460000038146973,6.550000190734863,5423800
2016-11-09,6.337629795074463,6.71999979019165,6.760000228881836,6.150000095367432,6.199999809265137,10345700
2016-11-10,5.752908706665039,6.099999904632568,6.900000095367432,6.099999904632568,6.800000190734863,11773400
2016-11-11,5.196479797363281,5.510000228881836,6.150000095367432,5.190000057220459,6.090000152587891,21105200
2016-11-14,4.9512739181518555,5.25,5.480000019073486,5.079999923706055,5.440000057220459,17504200
2016-11-16,5.149324417114258,5.460000038146973,5.5,5.28000020980835,5.300000190734863,14688200
2016-11-17,5.46054744720459,5.789999961853027,6.0,5.679999828338623,5.679999828338623,16587700
2016-11-18,5.422822952270508,5.75,5.989999771118164,5.570000171661377,5.800000190734863,7826400
2016-11-21,5.649167060852051,5.989999771118164,5.989999771118164,5.760000228881836,5.869999885559082,6151900
2016-11-22,5.847218036651611,6.199999809265137,6.289999961853027,6.03000020980835,6.070000171661377,9455900
2016-11-23,5.8283562660217285,6.179999828338623,6.389999866485596,6.050000190734863,6.170000076293945,7797600
2016-11-24,5.818925380706787,6.170000076293945,6.269999980926514,6.110000133514404,6.239999771118164,2284100
2016-11-25,5.8283562660217285,6.179999828338623,6.21999979019165,5.980000019073486,6.099999904632568,3370600
2016-11-28,6.22445821762085,6.599999904632568,6.610000133514404,6.230000019073486,6.230000019073486,10230000
2016-11-29,5.847218036651611,6.199999809265137,6.71999979019165,6.199999809265137,6.590000152587891,7728700
2016-11-30,5.998114109039307,6.360000133514404,6.510000228881836,6.170000076293945,6.300000190734863,11725500
2016-12-01,5.573719024658203,5.909999847412109,6.480000019073486,5.809999942779541,6.429999828338623,11751600
2016-12-02,5.498271465301514,5.829999923706055,5.909999847412109,5.559999942779541,5.800000190734863,8603700
2016-12-05,5.5077033042907715,5.840000152587891,6.039999961853027,5.75,5.889999866485596,4995300
2016-12-06,5.611443519592285,5.949999809265137,5.96999979019165,5.710000038146973,5.800000190734863,4706300
2016-12-07,5.583150386810303,5.920000076293945,6.079999923706055,5.840000152587891,6.050000190734863,5550700
2016-12-08,5.583150386810303,5.920000076293945,6.050000190734863,5.820000171661377,5.989999771118164,5134500
2016-12-09,5.677460193634033,6.019999980926514,6.139999866485596,5.869999885559082,5.940000057220459,5398100
2016-12-12,5.526564598083496,5.860000133514404,5.929999828338623,5.650000095367432,5.900000095367432,8313500
2016-12-13,5.592581272125244,5.929999828338623,5.96999979019165,5.71999979019165,5.809999942779541,7157900
2016-12-14,5.3850998878479,5.710000038146973,5.980000019073486,5.710000038146973,5.949999809265137,5927500
2016-12-15,5.394530773162842,5.71999979019165,5.880000114440918,5.699999809265137,5.71999979019165,6071700
2016-12-16,5.602011680603027,5.940000057220459,6.079999923706055,5.760000228881836,5.760000228881836,10576400
2016-12-19,5.592581272125244,5.929999828338623,6.0,5.809999942779541,5.949999809265137,9162700
2016-12-20,5.630305767059326,5.96999979019165,5.980000019073486,5.880000114440918,5.960000038146973,5946500
2016-12-21,5.583150386810303,5.920000076293945,5.920000076293945,5.920000076293945,5.920000076293945,8502200
2016-12-22,5.592581272125244,5.929999828338623,5.960000038146973,5.860000133514404,5.909999847412109,5195800
2016-12-23,5.583150386810303,5.920000076293945,6.0,5.900000095367432,5.960000038146973,5312800
2016-12-26,5.649167060852051,5.989999771118164,5.989999771118164,5.909999847412109,5.960000038146973,1825000
2016-12-27,5.65859842300415,6.0,6.050000190734863,5.949999809265137,6.010000228881836,5875700
2016-12-28,5.800063133239746,6.150000095367432,6.269999980926514,6.0,6.0,5959700
2016-12-29,5.790632247924805,6.139999866485596,6.190000057220459,6.050000190734863,6.159999847412109,5038800
2017-01-02,5.7623395919799805,6.110000133514404,6.170000076293945,6.059999942779541,6.139999866485596,2054000
2017-01-03,5.8283562660217285,6.179999828338623,6.320000171661377,6.130000114440918,6.130000114440918,15058700
2017-01-04,5.8283562660217285,6.179999828338623,6.25,6.150000095367432,6.170000076293945,5369900
2017-01-05,5.837787628173828,6.190000057220459,6.239999771118164,6.170000076293945,6.21999979019165,6732800
2017-01-06,5.988683223724365,6.349999904632568,6.429999828338623,6.190000057220459,6.199999809265137,9024300
2017-01-09,6.082993507385254,6.449999809265137,6.480000019073486,6.28000020980835,6.349999904632568,9512900
2017-01-10,6.186734199523926,6.559999942779541,6.630000114440918,6.489999771118164,6.489999771118164,8823500
2017-01-11,6.21502685546875,6.590000152587891,6.739999771118164,6.420000076293945,6.599999904632568,6644800
2017-01-12,6.4979567527771,6.889999866485596,6.909999847412109,6.760000228881836,6.900000095367432,12968500
2017-01-13,6.365922927856445,6.75,6.989999771118164,6.699999809265137,6.880000114440918,7062000
2017-01-16,6.356491565704346,6.739999771118164,6.800000190734863,6.659999847412109,6.800000190734863,3686700
2017-01-17,6.488525867462158,6.880000114440918,6.949999809265137,6.71999979019165,6.730000019073486,8425600
2017-01-18,6.469664096832275,6.860000133514404,6.940000057220459,6.820000171661377,6.909999847412109,4010300
2017-01-19,6.507389068603516,6.900000095367432,6.920000076293945,6.800000190734863,6.849999904632568,8729500
2017-01-20,6.846904277801514,7.260000228881836,7.269999980926514,6.909999847412109,6.909999847412109,10121100
2017-01-23,6.941214561462402,7.360000133514404,7.389999866485596,7.210000038146973,7.28000020980835,9044200
2017-01-24,7.073248386383057,7.5,7.690000057220459,7.369999885559082,7.380000114440918,14311600
2017-01-26,7.214713096618652,7.650000095367432,7.690000057220459,7.570000171661377,7.570000171661377,13054900
2017-01-27,7.233574390411377,7.670000076293945,7.699999809265137,7.489999771118164,7.670000076293945,9918500
2017-01-30,6.969506740570068,7.389999866485596,7.630000114440918,7.079999923706055,7.630000114440918,8106400
2017-01-31,7.073248386383057,7.5,7.550000190734863,7.230000019073486,7.349999904632568,7939500
2017-02-01,7.092109680175781,7.519999980926514,7.869999885559082,7.389999866485596,7.599999904632568,18523800
2017-02-02,7.186419486999512,7.619999885559082,7.769999980926514,7.429999828338623,7.480000019073486,23165500
2017-02-03,7.309022903442383,7.75,7.789999961853027,7.579999923706055,7.650000095367432,10051300
2017-02-06,7.450488090515137,7.900000095367432,8.039999961853027,7.809999942779541,7.809999942779541,7959500
2017-02-07,7.412764072418213,7.860000133514404,8.050000190734863,7.769999980926514,7.949999809265137,12399400
2017-02-08,7.450488090515137,7.900000095367432,7.96999979019165,7.78000020980835,7.960000038146973,5107500
2017-02-09,7.478780269622803,7.929999828338623,8.050000190734863,7.849999904632568,7.889999866485596,8110900
2017-02-10,7.865451335906982,8.34000015258789,8.399999618530273,7.96999979019165,7.96999979019165,8578300
2017-02-13,8.204967498779297,8.699999809265137,8.760000228881836,8.449999809265137,8.479999542236328,10378200
2017-02-14,8.063502311706543,8.550000190734863,8.819999694824219,8.449999809265137,8.699999809265137,7347700
2017-02-15,8.242691040039062,8.739999771118164,8.8100004196167,8.600000381469727,8.609999656677246,9659400
2017-02-16,8.299277305603027,8.800000190734863,8.890000343322754,8.5600004196167,8.710000038146973,7213000
2017-02-17,8.629362106323242,9.149999618530273,9.239999771118164,8.579999923706055,8.600000381469727,14807200
2017-02-20,8.770827293395996,9.300000190734863,9.5,9.170000076293945,9.25,11660700
2017-02-21,8.563345909118652,9.079999923706055,9.510000228881836,8.800000190734863,9.5,13477200
2017-02-22,8.223830223083496,8.720000267028809,9.149999618530273,8.699999809265137,9.079999923706055,10690800
2017-02-23,8.044641494750977,8.529999732971191,8.989999771118164,8.510000228881836,8.8100004196167,9685300
2017-02-24,8.091794967651367,8.579999923706055,8.720000267028809,8.279999732971191,8.4399995803833,8153400
2017-03-01,8.006916999816895,8.489999771118164,8.869999885559082,8.359999656677246,8.75,7974700
2017-03-02,7.733417510986328,8.199999809265137,8.579999923706055,8.130000114440918,8.550000190734863,6459300
2017-03-03,8.006916999816895,8.489999771118164,8.5,8.149999618530273,8.239999771118164,7915800
2017-03-06,8.138951301574707,8.630000114440918,8.760000228881836,8.369999885559082,8.489999771118164,11139100
2017-03-07,7.922037601470947,8.399999618530273,8.869999885559082,8.369999885559082,8.739999771118164,6056000
2017-03-08,7.733417510986328,8.199999809265137,8.479999542236328,8.0,8.460000038146973,7731800
2017-03-09,7.591953277587891,8.050000190734863,8.15999984741211,7.860000133514404,8.079999923706055,5960200
2017-03-10,7.931468486785889,8.40999984741211,8.449999809265137,8.119999885559082,8.25,5671500
2017-03-13,7.931468486785889,8.40999984741211,8.40999984741211,8.40999984741211,8.40999984741211,0
2017-03-14,7.931468486785889,8.40999984741211,8.40999984741211,8.40999984741211,8.40999984741211,0
2017-03-15,7.931468486785889,8.40999984741211,8.40999984741211,8.40999984741211,8.40999984741211,0
2017-03-16,7.931468486785889,8.40999984741211,8.40999984741211,8.40999984741211,8.40999984741211,0
2017-03-17,7.931468486785889,8.40999984741211,8.40999984741211,8.40999984741211,8.40999984741211,0
2017-03-20,7.931468486785889,8.40999984741211,8.40999984741211,8.40999984741211,8.40999984741211,0
2017-03-21,8.101226806640625,8.59000015258789,8.960000038146973,8.15999984741211,8.899999618530273,9491700
2017-03-22,8.25212287902832,8.75,8.84000015258789,8.40999984741211,8.5,6249400
2017-03-23,8.204967498779297,8.699999809265137,8.760000228881836,8.489999771118164,8.649999618530273,5030000
2017-03-24,8.063502311706543,8.550000190734863,8.789999961853027,8.489999771118164,8.609999656677246,5339100
2017-03-27,8.063502311706543,8.550000190734863,8.5600004196167,8.279999732971191,8.449999809265137,3588500
2017-03-28,8.063502311706543,8.550000190734863,8.550000190734863,8.4399995803833,8.550000190734863,2286700
2017-03-29,8.044641494750977,8.529999732971191,8.569999694824219,8.399999618530273,8.489999771118164,3915400
2017-03-30,8.063502311706543,8.550000190734863,8.600000381469727,8.4399995803833,8.5600004196167,3738200
2017-03-31,8.063502311706543,8.550000190734863,8.59000015258789,8.489999771118164,8.550000190734863,3188600
2017-04-03,8.36529541015625,8.869999885559082,8.869999885559082,8.5,8.550000190734863,45374700
2017-04-04,8.450173377990723,8.960000038146973,9.0,8.789999961853027,8.880000114440918,7517500
2017-04-05,8.223830223083496,8.720000267028809,9.039999961853027,8.5600004196167,9.0,5936800
2017-04-06,8.110658645629883,8.600000381469727,8.800000190734863,8.460000038146973,8.710000038146973,6370900
2017-04-07,8.25212287902832,8.75,8.970000267028809,8.510000228881836,8.609999656677246,5442800
2017-04-10,8.308708190917969,8.8100004196167,8.90999984741211,8.699999809265137,8.819999694824219,3022100
2017-04-11,8.384157180786133,8.890000343322754,8.989999771118164,8.699999809265137,8.859999656677246,5166100
2017-04-12,8.34643268585205,8.850000381469727,8.930000305175781,8.770000457763672,8.829999923706055,7245100
2017-04-13,8.120087623596191,8.609999656677246,8.869999885559082,8.609999656677246,8.859999656677246,14431800
2017-04-17,8.34643268585205,8.850000381469727,8.850000381469727,8.5600004196167,8.649999618530273,4106600
2017-04-18,8.431310653686523,8.9399995803833,9.180000305175781,8.710000038146973,8.729999542236328,7690600
2017-04-19,8.34643268585205,8.850000381469727,9.130000114440918,8.75,9.069999694824219,5683100
2017-04-20,8.195535659790039,8.6899995803833,8.970000267028809,8.630000114440918,8.949999809265137,4456800
2017-04-24,8.129520416259766,8.619999885559082,8.890000343322754,8.619999885559082,8.869999885559082,5016600
2017-04-25,8.110658645629883,8.600000381469727,8.680000305175781,8.319999694824219,8.600000381469727,6699300
2017-04-26,8.091794967651367,8.579999923706055,8.649999618530273,8.40999984741211,8.579999923706055,5178800
2017-04-27,8.186105728149414,8.680000305175781,8.710000038146973,8.449999809265137,8.609999656677246,3104200
2017-04-28,8.233261108398438,8.729999542236328,8.779999732971191,8.550000190734863,8.630000114440918,5476700
2017-05-02,8.742536544799805,9.270000457763672,9.319999694824219,8.75,8.75,14704900
2017-05-03,8.846275329589844,9.380000114440918,9.380000114440918,9.100000381469727,9.25,5667400
2017-05-04,8.67651653289795,9.199999809265137,9.5,9.100000381469727,9.420000076293945,5181900
2017-05-05,8.70481014251709,9.229999542236328,9.300000190734863,9.050000190734863,9.289999961853027,2583400
2017-05-08,8.751965522766113,9.279999732971191,9.350000381469727,9.100000381469727,9.199999809265137,4147400
2017-05-09,9.148067474365234,9.699999809265137,9.739999771118164,9.319999694824219,9.350000381469727,6990400
2017-05-10,9.148067474365234,9.699999809265137,9.84000015258789,9.520000457763672,9.789999961853027,6493300
2017-05-11,9.346117973327637,9.90999984741211,9.979999542236328,9.65999984741211,9.699999809265137,12040000
2017-05-12,9.355548858642578,9.920000076293945,10.050000190734863,9.880000114440918,9.9399995803833,8359900
2017-05-15,9.553601264953613,10.130000114440918,10.1899995803833,9.819999694824219,9.850000381469727,7408500
2017-05-16,9.874255180358887,10.470000267028809,10.550000190734863,10.149999618530273,10.199999809265137,6993200
2017-05-17,9.742219924926758,10.329999923706055,10.4399995803833,10.020000457763672,10.3100004196167,7164700
2017-05-18,8.091794967651367,8.579999923706055,8.930000305175781,7.650000095367432,7.800000190734863,33267500
2017-05-19,8.36529541015625,8.869999885559082,9.149999618530273,8.699999809265137,9.0,23010500
2017-05-22,7.450488090515137,7.900000095367432,8.699999809265137,7.650000095367432,8.699999809265137,29007900
2017-05-23,7.535366535186768,7.989999771118164,8.100000381469727,7.809999942779541,7.989999771118164,17547200
2017-05-24,8.082365036010742,8.569999694824219,8.800000190734863,8.050000190734863,8.270000457763672,13558700
2017-05-25,8.223830223083496,8.720000267028809,8.869999885559082,8.300000190734863,8.609999656677246,18216000
2017-05-26,8.280414581298828,8.779999732971191,8.9399995803833,8.649999618530273,8.729999542236328,11196800
2017-05-29,8.280414581298828,8.779999732971191,8.779999732971191,8.779999732971191,8.779999732971191,0
2017-05-30,8.072933197021484,8.5600004196167,8.680000305175781,8.40999984741211,8.680000305175781,6102700
2017-05-31,7.9974846839904785,8.479999542236328,8.640000343322754,8.199999809265137,8.529999732971191,11993300
2017-06-01,7.790004253387451,8.260000228881836,8.640000343322754,8.25,8.460000038146973,8395800
2017-06-02,7.714556694030762,8.180000305175781,8.420000076293945,8.050000190734863,8.34000015258789,7413500
2017-06-05,7.431625843048096,7.880000114440918,8.329999923706055,7.809999942779541,8.079999923706055,10374500
2017-06-06,7.337316036224365,7.78000020980835,8.020000457763672,7.679999828338623,7.949999809265137,13630400
2017-06-07,7.57309103012085,8.029999732971191,8.029999732971191,7.730000019073486,7.869999885559082,10258500
2017-06-08,7.4693498611450195,7.920000076293945,8.0,7.809999942779541,8.0,6509700
2017-06-09,7.431625843048096,7.880000114440918,8.039999961853027,7.820000171661377,7.900000095367432,4520800
2017-06-12,7.299592018127441,7.739999771118164,7.909999847412109,7.5,7.900000095367432,9414700
2017-06-13,7.450488090515137,7.900000095367432,7.960000038146973,7.710000038146973,7.730000019073486,7956600
2017-06-14,7.648538589477539,8.109999656677246,8.140000343322754,7.929999828338623,8.010000228881836,8406300
2017-06-15,7.648538589477539,8.109999656677246,8.109999656677246,8.109999656677246,8.109999656677246,0
2017-06-16,7.827727794647217,8.300000190734863,8.300000190734863,7.940000057220459,8.0,8113800
2017-06-19,7.865451335906982,8.34000015258789,8.380000114440918,8.119999885559082,8.25,5716800
2017-06-20,7.657969951629639,8.119999885559082,8.260000228881836,7.96999979019165,8.25,13020900
2017-06-21,7.667401313781738,8.130000114440918,8.199999809265137,7.96999979019165,8.149999618530273,4224300
2017-06-22,7.922037601470947,8.399999618530273,8.399999618530273,8.0600004196167,8.100000381469727,4978100
2017-06-23,7.780572891235352,8.25,8.449999809265137,8.15999984741211,8.399999618530273,3417700
2017-06-26,7.88431453704834,8.359999656677246,8.420000076293945,8.100000381469727,8.279999732971191,6534700
2017-06-27,7.799435138702393,8.270000457763672,8.350000381469727,8.199999809265137,8.350000381469727,3021400
2017-06-28,7.799435138702393,8.270000457763672,8.350000381469727,8.140000343322754,8.350000381469727,4044100
2017-06-29,7.95033073425293,8.430000305175781,8.430000305175781,8.210000038146973,8.329999923706055,5331600
2017-06-30,8.157811164855957,8.649999618530273,8.649999618530273,8.4399995803833,8.4399995803833,6919500
2017-07-03,8.204967498779297,8.699999809265137,8.699999809265137,8.539999961853027,8.65999984741211,6844300
2017-07-04,8.25212287902832,8.75,8.859999656677246,8.600000381469727,8.649999618530273,2922100
2017-07-05,8.440742492675781,8.949999809265137,8.979999542236328,8.670000076293945,8.8100004196167,4433900
2017-07-06,8.403017044067383,8.90999984741211,9.0,8.819999694824219,8.970000267028809,4227800
2017-07-07,8.299277305603027,8.800000190734863,8.989999771118164,8.770000457763672,8.989999771118164,3383700
2017-07-10,8.308708190917969,8.8100004196167,8.930000305175781,8.670000076293945,8.819999694824219,3665500
2017-07-11,8.469035148620605,8.979999542236328,8.979999542236328,8.779999732971191,8.8100004196167,2818100
2017-07-12,8.54448413848877,9.0600004196167,9.239999771118164,9.020000457763672,9.069999694824219,9885800
2017-07-13,8.91229248046875,9.449999809265137,9.489999771118164,9.069999694824219,9.130000114440918,14336200
2017-07-14,9.044325828552246,9.59000015258789,9.680000305175781,9.489999771118164,9.5,6850100
2017-07-17,8.902861595153809,9.4399995803833,9.720000267028809,9.329999923706055,9.550000190734863,5268400
2017-07-18,9.053757667541504,9.600000381469727,9.600000381469727,9.319999694824219,9.4399995803833,4204200
2017-07-19,9.100912094116211,9.649999618530273,9.710000038146973,9.539999961853027,9.609999656677246,9652700
2017-07-20,9.100912094116211,9.649999618530273,9.710000038146973,9.539999961853027,9.609999656677246,3037200
2017-07-21,9.383843421936035,9.949999809265137,9.949999809265137,9.609999656677246,9.640000343322754,4598000
2017-07-24,9.581892013549805,10.15999984741211,10.170000076293945,9.869999885559082,9.970000267028809,8244800
2017-07-25,9.619616508483887,10.199999809265137,10.229999542236328,10.069999694824219,10.1899995803833,6316500
2017-07-26,9.506446838378906,10.079999923706055,10.229999542236328,9.890000343322754,10.180000305175781,5830700
2017-07-27,9.610185623168945,10.1899995803833,10.289999961853027,10.119999885559082,10.130000114440918,5769600
2017-07-28,9.82709789276123,10.420000076293945,10.420000076293945,10.15999984741211,10.260000228881836,6029700
2017-07-31,9.751652717590332,10.34000015258789,10.5,10.229999542236328,10.420000076293945,6889800
2017-08-01,9.713927268981934,10.300000190734863,10.390000343322754,10.130000114440918,10.300000190734863,11032000
2017-08-02,10.345803260803223,10.970000267028809,10.970000267028809,10.149999618530273,10.279999732971191,10938400
2017-08-03,10.204338073730469,10.819999694824219,10.9399995803833,10.5600004196167,10.920000076293945,8060800
2017-08-04,10.213770866394043,10.829999923706055,10.960000038146973,10.75,10.899999618530273,7849900
2017-08-07,10.26092529296875,10.880000114440918,10.949999809265137,10.84000015258789,10.84000015258789,6299000
2017-08-08,10.23263168334961,10.850000381469727,10.920000076293945,10.6899995803833,10.84000015258789,5639100
2017-08-09,10.128891944885254,10.739999771118164,10.850000381469727,10.670000076293945,10.75,3069800
2017-08-10,9.855391502380371,10.449999809265137,10.65999984741211,10.149999618530273,10.649999618530273,6988500
2017-08-11,9.789375305175781,10.380000114440918,10.600000381469727,10.3100004196167,10.3100004196167,5220600
2017-08-14,9.751652717590332,10.34000015258789,10.5,10.3100004196167,10.399999618530273,4582200
2017-08-15,9.497013092041016,10.069999694824219,10.40999984741211,10.010000228881836,10.380000114440918,5934300
2017-08-16,9.685633659362793,10.270000457763672,10.34000015258789,10.050000190734863,10.130000114440918,8953600
2017-08-17,9.525307655334473,10.100000381469727,10.390000343322754,10.0600004196167,10.300000190734863,5004700
2017-08-18,9.647910118103027,10.229999542236328,10.260000228881836,10.069999694824219,10.130000114440918,6001200
2017-08-21,9.506446838378906,10.079999923706055,10.300000190734863,9.819999694824219,10.25,7256500
2017-08-22,9.742219924926758,10.329999923706055,10.449999809265137,10.140000343322754,10.140000343322754,7548900
2017-08-23,9.82709789276123,10.420000076293945,10.520000457763672,10.239999771118164,10.34000015258789,4537500
2017-08-24,9.874255180358887,10.470000267028809,10.579999923706055,10.34000015258789,10.449999809265137,5420600
2017-08-25,9.7327880859375,10.319999694824219,10.529999732971191,10.260000228881836,10.489999771118164,5262100
2017-08-28,9.893115997314453,10.489999771118164,10.529999732971191,10.170000076293945,10.300000190734863,4706900
2017-08-29,9.902547836303711,10.5,10.529999732971191,10.220000267028809,10.40999984741211,4020400
2017-08-30,9.77994441986084,10.369999885559082,10.529999732971191,10.229999542236328,10.449999809265137,8378600
2017-08-31,9.742219924926758,10.329999923706055,10.470000267028809,10.239999771118164,10.399999618530273,6322100
2017-09-01,9.761082649230957,10.350000381469727,10.460000038146973,10.239999771118164,10.350000381469727,8295300
2017-09-04,9.525307655334473,10.100000381469727,10.369999885559082,10.020000457763672,10.3100004196167,7353700
2017-09-05,9.563031196594238,10.140000343322754,10.319999694824219,10.079999923706055,10.199999809265137,11873400
2017-09-06,9.195221900939941,9.75,9.930000305175781,9.350000381469727,9.800000190734863,29902700
2017-09-07,9.195221900939941,9.75,9.75,9.75,9.75,0
2017-09-08,9.298962593078613,9.859999656677246,9.949999809265137,9.630000114440918,9.729999542236328,8687100
2017-09-11,9.336686134338379,9.899999618530273,10.039999961853027,9.75,9.869999885559082,7194600
2017-09-12,9.261240005493164,9.819999694824219,9.949999809265137,9.779999732971191,9.850000381469727,8026100
2017-09-13,9.280101776123047,9.84000015258789,9.880000114440918,9.729999542236328,9.800000190734863,5187700
2017-09-14,9.383843421936035,9.949999809265137,10.010000228881836,9.8100004196167,9.850000381469727,11577200
2017-09-15,9.619616508483887,10.199999809265137,10.25,9.970000267028809,9.989999771118164,10369700
2017-09-18,9.902547836303711,10.5,10.670000076293945,10.300000190734863,10.300000190734863,24409100
2017-09-19,9.968563079833984,10.569999694824219,10.640000343322754,10.359999656677246,10.550000190734863,17245700
2017-09-20,9.893115997314453,10.489999771118164,10.699999809265137,10.420000076293945,10.65999984741211,9321100
2017-09-21,9.798807144165039,10.390000343322754,10.470000267028809,10.109999656677246,10.449999809265137,15602800
2017-09-22,10.223200798034668,10.84000015258789,11.079999923706055,10.25,10.34000015258789,18657300
2017-09-25,10.506131172180176,11.140000343322754,11.199999809265137,10.850000381469727,10.850000381469727,25932900
2017-09-26,10.704182624816895,11.350000381469727,11.649999618530273,11.130000114440918,11.199999809265137,14321000
2017-09-27,10.930525779724121,11.59000015258789,11.609999656677246,11.279999732971191,11.449999809265137,18355100
2017-09-28,11.03426742553711,11.699999809265137,11.779999732971191,11.390000343322754,11.550000190734863,7840100
2017-09-29,11.402076721191406,12.09000015258789,12.140000343322754,11.619999885559082,11.770000457763672,11392800
2017-10-02,11.552972793579102,12.25,12.489999771118164,11.960000038146973,12.010000228881836,9189000
2017-10-03,12.071677207946777,12.800000190734863,12.949999809265137,12.170000076293945,12.300000190734863,12507300
2017-10-04,11.911349296569824,12.630000114440918,12.949999809265137,12.449999809265137,12.800000190734863,9767700
2017-10-05,11.58126449584961,12.279999732971191,12.800000190734863,12.210000038146973,12.800000190734863,26950200
2017-10-06,11.458662033081055,12.149999618530273,12.359999656677246,11.90999984741211,12.300000190734863,23272600
2017-10-09,11.779315948486328,12.489999771118164,12.489999771118164,12.119999885559082,12.199999809265137,8461300
2017-10-10,12.213141441345215,12.949999809265137,13.100000381469727,12.600000381469727,12.640000343322754,22611000
2017-10-11,12.307451248168945,13.050000190734863,13.149999618530273,12.539999961853027,12.960000038146973,38698100
2017-10-12,12.307451248168945,13.050000190734863,13.050000190734863,13.050000190734863,13.050000190734863,0
2017-10-13,12.33574390411377,13.079999923706055,13.199999809265137,12.949999809265137,13.170000076293945,12893000
2017-10-16,12.543227195739746,13.300000190734863,13.350000381469727,13.050000190734863,13.119999885559082,11794300
2017-10-17,12.31688404083252,13.0600004196167,13.350000381469727,12.960000038146973,13.350000381469727,14573500
2017-10-18,12.514933586120605,13.270000457763672,13.270000457763672,12.899999618530273,13.199999809265137,14825500
2017-10-19,12.354606628417969,13.100000381469727,13.199999809265137,13.0,13.109999656677246,7741700
2017-10-20,12.750707626342773,13.520000457763672,13.550000190734863,13.050000190734863,13.0600004196167,11584900
2017-10-23,12.543227195739746,13.300000190734863,13.569999694824219,13.229999542236328,13.550000190734863,6943700
2017-10-24,12.590381622314453,13.350000381469727,13.479999542236328,13.220000267028809,13.350000381469727,7555400
2017-10-25,12.580950736999512,13.34000015258789,13.479999542236328,13.109999656677246,13.4399995803833,4227800
2017-10-26,12.279158592224121,13.020000457763672,13.4399995803833,13.010000228881836,13.399999618530273,7959700
2017-10-27,12.514933586120605,13.270000457763672,13.319999694824219,12.75,13.0,9510500
2017-10-30,12.071677207946777,12.800000190734863,13.270000457763672,12.399999618530273,13.270000457763672,13098400
2017-10-31,11.97736644744873,12.699999809265137,12.930000305175781,12.359999656677246,12.800000190734863,16677800
2017-11-01,11.552972793579102,12.25,12.800000190734863,12.229999542236328,12.779999732971191,8613100
2017-11-02,11.552972793579102,12.25,12.25,12.25,12.25,0
2017-11-03,11.600126266479492,12.300000190734863,12.600000381469727,12.119999885559082,12.3100004196167,12235600
2017-11-06,11.60955810546875,12.3100004196167,12.399999618530273,12.15999984741211,12.300000190734863,6936600
2017-11-07,11.22288703918457,11.899999618530273,12.3100004196167,11.640000343322754,12.3100004196167,10043000
2017-11-08,11.883057594299316,12.600000381469727,12.640000343322754,11.899999618530273,11.979999542236328,5976500
2017-11-09,11.515247344970703,12.210000038146973,12.760000228881836,12.170000076293945,12.6899995803833,8678800
2017-11-10,10.798491477966309,11.449999809265137,12.239999771118164,11.449999809265137,12.239999771118164,7985100
2017-11-13,11.364351272583008,12.050000190734863,12.149999618530273,11.069999694824219,11.529999732971191,10859900
2017-11-14,11.0814208984375,11.75,12.279999732971191,11.640000343322754,12.010000228881836,7428900
2017-11-15,11.0814208984375,11.75,11.75,11.75,11.75,0
2017-11-16,11.364351272583008,12.050000190734863,12.3100004196167,11.8100004196167,11.8100004196167,6266000
2017-11-17,11.552972793579102,12.25,12.539999961853027,12.050000190734863,12.100000381469727,6378300
2017-11-20,11.552972793579102,12.25,12.25,12.25,12.25,0
2017-11-21,12.241433143615723,12.979999542236328,12.979999542236328,12.319999694824219,12.489999771118164,11233900
2017-11-22,12.590381622314453,13.350000381469727,13.350000381469727,12.829999923706055,12.949999809265137,13849000
2017-11-23,12.354606628417969,13.100000381469727,13.279999732971191,12.960000038146973,13.260000228881836,3849800
2017-11-24,12.156556129455566,12.890000343322754,13.180000305175781,12.729999542236328,13.039999961853027,3959600
2017-11-27,12.213141441345215,12.949999809265137,13.029999732971191,12.75,12.8100004196167,10334100
2017-11-28,12.345175743103027,13.09000015258789,13.199999809265137,12.979999542236328,12.979999542236328,5346100
2017-11-29,12.071677207946777,12.800000190734863,13.470000267028809,12.649999618530273,13.270000457763672,11195700
2017-11-30,12.279158592224121,13.020000457763672,13.020000457763672,12.470000267028809,12.829999923706055,12403800
2017-12-01,12.024521827697754,12.75,13.180000305175781,12.619999885559082,12.930000305175781,6956900
2017-12-04,12.071677207946777,12.800000190734863,13.0,12.800000190734863,12.890000343322754,6113600
2017-12-05,11.835902214050293,12.550000190734863,12.989999771118164,12.460000038146973,12.890000343322754,4562800
2017-12-06,12.128263473510742,12.859999656677246,12.930000305175781,12.460000038146973,12.550000190734863,8018600
2017-12-07,11.779315948486328,12.489999771118164,12.760000228881836,12.15999984741211,12.640000343322754,5896400
2017-12-08,11.76988410949707,12.479999542236328,12.739999771118164,12.3100004196167,12.649999618530273,4883500
2017-12-11,11.600126266479492,12.300000190734863,12.640000343322754,12.25,12.539999961853027,6107800
2017-12-12,11.373783111572266,12.0600004196167,12.239999771118164,11.84000015258789,12.210000038146973,10813400
2017-12-13,11.185162544250488,11.859999656677246,12.350000381469727,11.65999984741211,12.210000038146973,10475900
2017-12-14,10.911664009094238,11.569999694824219,11.800000190734863,11.420000076293945,11.800000190734863,8736900
2017-12-15,10.685319900512695,11.329999923706055,11.619999885559082,11.15999984741211,11.579999923706055,16948600
2017-12-18,11.326627731323242,12.010000228881836,12.010000228881836,11.390000343322754,11.390000343322754,12364600
2017-12-19,11.336058616638184,12.020000457763672,12.170000076293945,11.880000114440918,12.0,14520800
2017-12-20,11.543540954589844,12.239999771118164,12.239999771118164,12.09000015258789,12.09000015258789,3270200
2017-12-21,11.600126266479492,12.300000190734863,12.350000381469727,12.119999885559082,12.25,4265700
2017-12-22,11.618987083435059,12.319999694824219,12.399999618530273,12.210000038146973,12.270000457763672,1639100
2017-12-25,11.618987083435059,12.319999694824219,12.319999694824219,12.319999694824219,12.319999694824219,0
2017-12-26,11.647282600402832,12.350000381469727,12.449999809265137,12.050000190734863,12.229999542236328,2321200
2017-12-27,11.901918411254883,12.619999885559082,12.649999618530273,12.350000381469727,12.350000381469727,3392100
2017-12-28,12.232003211975098,12.970000267028809,13.0,12.619999885559082,12.619999885559082,5947000
2017-12-29,12.232003211975098,12.970000267028809,12.970000267028809,12.970000267028809,12.970000267028809,0
2018-01-02,12.250866889953613,12.989999771118164,13.149999618530273,12.880000114440918,12.970000267028809,10298500
2018-01-03,11.883057594299316,12.600000381469727,13.130000114440918,12.600000381469727,13.050000190734863,7136400
2018-01-04,11.901918411254883,12.619999885559082,12.979999542236328,12.569999694824219,12.699999809265137,5690600
2018-01-05,11.883057594299316,12.600000381469727,12.850000381469727,12.520000457763672,12.729999542236328,4030600
2018-01-08,12.033952713012695,12.760000228881836,12.9399995803833,12.399999618530273,12.600000381469727,3279500
2018-01-09,11.647282600402832,12.350000381469727,12.920000076293945,12.329999923706055,12.800000190734863,6625100
2018-01-10,11.618987083435059,12.319999694824219,12.449999809265137,12.100000381469727,12.350000381469727,3716000
2018-01-11,11.864192962646484,12.579999923706055,12.579999923706055,12.239999771118164,12.359999656677246,14832700
2018-01-12,11.911349296569824,12.630000114440918,12.670000076293945,12.34000015258789,12.449999809265137,4245100
2018-01-15,11.986797332763672,12.710000038146973,12.899999618530273,12.699999809265137,12.729999542236328,4112400
2018-01-16,12.071677207946777,12.800000190734863,12.899999618530273,12.720000267028809,12.800000190734863,3839500
2018-01-17,12.203710556030273,12.9399995803833,12.949999809265137,12.729999542236328,12.869999885559082,5193300
2018-01-18,12.156556129455566,12.890000343322754,13.09000015258789,12.75,12.960000038146973,6069100
2018-01-19,12.165987014770508,12.899999618530273,12.960000038146973,12.800000190734863,12.930000305175781,5558400
2018-01-22,12.024521827697754,12.75,12.9399995803833,12.609999656677246,12.9399995803833,5236600
2018-01-23,11.685006141662598,12.390000343322754,12.789999961853027,12.279999732971191,12.75,5839300
2018-01-24,12.477209091186523,13.229999542236328,13.3100004196167,12.5,12.5,16560900
2018-01-25,12.477209091186523,13.229999542236328,13.229999542236328,13.229999542236328,13.229999542236328,0
2018-01-26,13.18453311920166,13.979999542236328,13.989999771118164,13.260000228881836,13.260000228881836,14470300
2018-01-29,12.920466423034668,13.699999809265137,13.979999542236328,13.539999961853027,13.979999542236328,10819000
2018-01-30,12.826156616210938,13.600000381469727,13.699999809265137,13.40999984741211,13.699999809265137,14014700
2018-01-31,13.458033561706543,14.270000457763672,14.34000015258789,13.75,13.789999961853027,19229600
2018-02-01,13.344861030578613,14.149999618530273,14.470000267028809,14.109999656677246,14.350000381469727,13459800
2018-02-02,12.967621803283691,13.75,14.039999961853027,13.600000381469727,13.979999542236328,6365200
2018-02-05,12.741277694702148,13.510000228881836,13.84000015258789,13.260000228881836,13.600000381469727,5150000
2018-02-06,12.901604652404785,13.680000305175781,13.680000305175781,12.90999984741211,13.210000038146973,19876300
2018-02-07,12.63753604888916,13.399999618530273,13.890000343322754,13.3100004196167,13.630000114440918,7914000
2018-02-08,12.260296821594238,13.0,13.640000343322754,12.899999618530273,13.40999984741211,7875000
2018-02-09,12.128263473510742,12.859999656677246,13.239999771118164,12.600000381469727,13.100000381469727,9298300
2018-02-14,12.4300537109375,13.180000305175781,13.300000190734863,12.930000305175781,12.930000305175781,11058400
2018-02-15,12.590381622314453,13.350000381469727,13.5,13.220000267028809,13.300000190734863,11153100
2018-02-16,12.571518898010254,13.329999923706055,13.4399995803833,13.109999656677246,13.390000343322754,6590300
2018-02-19,12.590381622314453,13.350000381469727,13.430000305175781,13.220000267028809,13.300000190734863,2382800
2018-02-20,12.599812507629395,13.359999656677246,13.449999809265137,13.029999732971191,13.279999732971191,4348300
2018-02-21,13.061931610107422,13.850000381469727,14.0,13.399999618530273,13.40999984741211,15650500
2018-02-22,12.967621803283691,13.75,14.079999923706055,13.65999984741211,14.0,6623400
2018-02-23,13.448602676391602,14.260000228881836,14.260000228881836,13.720000267028809,13.899999618530273,7058000
2018-02-26,13.542912483215332,14.359999656677246,14.359999656677246,14.0600004196167,14.300000190734863,7462600
2018-02-27,13.241119384765625,14.039999961853027,14.3100004196167,13.859999656677246,14.260000228881836,5587500
2018-02-28,13.429739952087402,14.239999771118164,14.270000457763672,13.899999618530273,14.09000015258789,11531700
2018-03-01,12.920466423034668,13.699999809265137,14.350000381469727,13.649999618530273,14.25,7433100
2018-03-02,13.014778137207031,13.800000190734863,13.800000190734863,13.069999694824219,13.600000381469727,9120200
2018-03-05,12.826156616210938,13.600000381469727,13.720000267028809,13.319999694824219,13.699999809265137,5366200
2018-03-06,12.496071815490723,13.25,13.75,13.220000267028809,13.699999809265137,5828400
2018-03-07,12.73184585571289,13.5,13.550000190734863,13.149999618530273,13.25,4555800
2018-03-08,12.571518898010254,13.329999923706055,13.630000114440918,13.220000267028809,13.600000381469727,3311000
2018-03-09,12.63753604888916,13.399999618530273,13.649999618530273,13.350000381469727,13.350000381469727,5869200
2018-03-12,12.788433074951172,13.5600004196167,13.630000114440918,13.350000381469727,13.550000190734863,3829200
2018-03-13,12.6846923828125,13.449999809265137,13.710000038146973,13.289999961853027,13.550000190734863,5466300
2018-03-14,12.807294845581055,13.579999923706055,13.640000343322754,13.350000381469727,13.550000190734863,4853600
2018-03-15,12.590381622314453,13.350000381469727,13.630000114440918,13.350000381469727,13.550000190734863,5325600
2018-03-16,12.65639877319336,13.420000076293945,13.5,13.25,13.3100004196167,11628900
2018-03-19,12.326313018798828,13.069999694824219,13.369999885559082,12.84000015258789,13.25,4756900
2018-03-20,12.345175743103027,13.09000015258789,13.1899995803833,13.050000190734863,13.119999885559082,4812300
2018-03-21,12.373468399047852,13.119999885559082,13.140000343322754,12.720000267028809,13.09000015258789,8712700
2018-03-22,12.31688404083252,13.0600004196167,13.369999885559082,12.90999984741211,13.130000114440918,6766700
2018-03-23,12.31688404083252,13.0600004196167,13.25,12.920000076293945,12.9399995803833,8819700
2018-03-26,12.477209091186523,13.229999542236328,13.260000228881836,13.09000015258789,13.229999542236328,3415000
2018-03-27,12.31688404083252,13.0600004196167,13.289999961853027,12.949999809265137,13.289999961853027,2902600
2018-03-28,12.005660057067871,12.729999542236328,13.0,12.609999656677246,12.960000038146973,5572100
2018-03-29,12.401762008666992,13.149999618530273,13.1899995803833,12.729999542236328,12.729999542236328,4686400
2018-04-02,12.071677207946777,12.800000190734863,13.180000305175781,12.75,13.029999732971191,4493700
2018-04-03,12.099968910217285,12.829999923706055,12.970000267028809,12.65999984741211,12.869999885559082,5279600
2018-04-04,11.732160568237305,12.4399995803833,12.789999961853027,12.260000228881836,12.609999656677246,8539800
2018-04-05,12.345175743103027,13.09000015258789,13.319999694824219,12.859999656677246,13.0,11686400
2018-04-06,12.826156616210938,13.600000381469727,13.600000381469727,13.039999961853027,13.149999618530273,9249200
2018-04-09,12.769572257995605,13.539999961853027,13.890000343322754,13.4399995803833,13.630000114440918,5690500
2018-04-10,12.967621803283691,13.75,13.800000190734863,13.479999542236328,13.699999809265137,5126600
2018-04-11,13.250551223754883,14.050000190734863,14.050000190734863,13.449999809265137,13.5,5626400
2018-04-12,13.288274765014648,14.09000015258789,14.149999618530273,13.9399995803833,14.029999732971191,4287200
2018-04-13,13.175104141235352,13.970000267028809,14.100000381469727,13.779999732971191,13.970000267028809,23245300
2018-04-16,13.061931610107422,13.850000381469727,14.069999694824219,13.680000305175781,13.899999618530273,3423900
2018-04-17,13.146810531616211,13.9399995803833,13.949999809265137,13.729999542236328,13.850000381469727,2499400
2018-04-18,13.344861030578613,14.149999618530273,14.149999618530273,13.9399995803833,13.949999809265137,6630600
2018-04-19,13.250551223754883,14.050000190734863,14.1899995803833,13.850000381469727,14.170000076293945,2279300
2018-04-20,13.47689437866211,14.289999961853027,14.289999961853027,13.859999656677246,13.979999542236328,2931800
2018-04-23,13.542912483215332,14.359999656677246,14.359999656677246,14.050000190734863,14.25,4113300
2018-04-24,13.373153686523438,14.180000305175781,14.399999618530273,14.010000228881836,14.399999618530273,3412400
2018-04-25,12.977051734924316,13.760000228881836,14.119999885559082,13.710000038146973,14.050000190734863,10606300
2018-04-26,13.316567420959473,14.119999885559082,14.15999984741211,13.720000267028809,13.720000267028809,6957700
2018-04-27,13.542912483215332,14.359999656677246,14.359999656677246,13.989999771118164,14.149999618530273,3858700
2018-04-30,14.00503158569336,14.850000381469727,14.920000076293945,14.270000457763672,14.350000381469727,7261400
2018-05-02,13.948444366455078,14.789999961853027,14.960000038146973,14.619999885559082,14.720000267028809,15584500
2018-05-03,13.872997283935547,14.710000038146973,14.880000114440918,14.510000228881836,14.699999809265137,6532300
2018-05-04,13.571205139160156,14.390000343322754,14.829999923706055,14.390000343322754,14.5600004196167,7964500
2018-05-07,13.788118362426758,14.619999885559082,14.890000343322754,14.380000114440918,14.380000114440918,4711800
2018-05-08,13.863565444946289,14.699999809265137,14.989999771118164,14.550000190734863,14.550000190734863,6203100
2018-05-09,13.863565444946289,14.699999809265137,14.84000015258789,14.430000305175781,14.800000190734863,4434000
2018-05-10,13.759825706481934,14.59000015258789,14.779999732971191,14.300000190734863,14.6899995803833,4729600
2018-05-11,13.712669372558594,14.539999961853027,14.619999885559082,14.09000015258789,14.5,4933300
2018-05-14,13.467463493347168,14.279999732971191,14.710000038146973,13.899999618530273,14.520000457763672,4705900
2018-05-15,13.259984016418457,14.0600004196167,14.119999885559082,13.729999542236328,14.010000228881836,6043100
2018-05-16,13.41087818145752,14.220000267028809,14.350000381469727,13.920000076293945,14.0,2840000
2018-05-17,13.175104141235352,13.970000267028809,14.079999923706055,13.760000228881836,14.069999694824219,9009500
2018-05-18,12.882741928100586,13.65999984741211,13.869999885559082,13.4399995803833,13.800000190734863,10895400
2018-05-21,13.127947807312012,13.920000076293945,13.920000076293945,13.529999732971191,13.739999771118164,5943500
2018-05-22,14.052186012268066,14.899999618530273,14.899999618530273,13.949999809265137,14.0,9812100
2018-05-23,13.505188941955566,14.319999694824219,14.65999984741211,14.3100004196167,14.59000015258789,6934900
2018-05-24,13.627791404724121,14.449999809265137,14.729999542236328,14.079999923706055,14.25,5197500
2018-05-25,13.41087818145752,14.220000267028809,14.579999923706055,14.039999961853027,14.350000381469727,4487100
2018-05-28,12.750707626342773,13.520000457763672,14.0,13.0600004196167,14.0,8648700
2018-05-29,12.958189964294434,13.739999771118164,13.899999618530273,13.40999984741211,13.550000190734863,5837700
2018-05-30,13.024208068847656,13.8100004196167,13.949999809265137,13.34000015258789,13.699999809265137,10303300
2018-06-01,13.146810531616211,13.9399995803833,14.34000015258789,13.710000038146973,14.0,7720300
2018-06-04,13.665514945983887,14.489999771118164,14.510000228881836,13.979999542236328,14.010000228881836,9836600
2018-06-05,13.071361541748047,13.859999656677246,14.699999809265137,13.699999809265137,14.300000190734863,6157200
2018-06-06,12.6658296585083,13.430000305175781,13.84000015258789,13.3100004196167,13.720000267028809,16498200
2018-06-07,12.071677207946777,12.800000190734863,13.25,11.930000305175781,13.25,16904100
2018-06-08,12.86388111114502,13.640000343322754,13.789999961853027,12.4399995803833,12.850000381469727,12969600
2018-06-11,12.562088966369629,13.319999694824219,13.75,13.119999885559082,13.640000343322754,5447100
2018-06-12,12.4489164352417,13.199999809265137,13.550000190734863,13.0600004196167,13.229999542236328,5348300
2018-06-13,12.590381622314453,13.350000381469727,13.4399995803833,13.079999923706055,13.270000457763672,4260100
2018-06-14,12.45834732055664,13.210000038146973,13.529999732971191,13.029999732971191,13.350000381469727,4953700
2018-06-15,12.288589477539062,13.029999732971191,13.199999809265137,12.720000267028809,13.069999694824219,12752400
2018-06-18,11.845332145690918,12.5600004196167,12.979999542236328,12.460000038146973,12.850000381469727,6909300
2018-06-19,12.73184585571289,13.5,13.65999984741211,12.229999542236328,12.399999618530273,16898600
2018-06-20,12.45834732055664,13.210000038146973,13.619999885559082,13.069999694824219,13.550000190734863,6810800
2018-06-21,12.260296821594238,13.0,13.25,12.880000114440918,13.119999885559082,3460000
2018-06-22,12.33574390411377,13.079999923706055,13.210000038146973,12.960000038146973,13.210000038146973,3887300
2018-06-25,12.703553199768066,13.470000267028809,13.600000381469727,13.010000228881836,13.079999923706055,6199100
2018-06-26,12.948758125305176,13.729999542236328,13.729999542236328,13.149999618530273,13.539999961853027,4276200
2018-06-27,12.411192893981934,13.15999984741211,13.6899995803833,12.920000076293945,13.619999885559082,9762800
2018-06-28,12.77900218963623,13.550000190734863,13.579999923706055,12.960000038146973,13.109999656677246,3796700
2018-06-29,13.297707557678223,14.100000381469727,14.140000343322754,13.529999732971191,13.65999984741211,7462500
2018-07-02,13.071361541748047,13.859999656677246,14.0,13.75,13.899999618530273,10254200
2018-07-03,12.911035537719727,13.6899995803833,14.149999618530273,13.630000114440918,13.859999656677246,9991200
2018-07-04,12.920466423034668,13.699999809265137,13.800000190734863,13.59000015258789,13.609999656677246,1658900
2018-07-05,12.807294845581055,13.579999923706055,13.859999656677246,13.25,13.710000038146973,3365000
2018-07-06,12.911035537719727,13.6899995803833,13.770000457763672,13.470000267028809,13.649999618530273,2158000
2018-07-10,13.203396797180176,14.0,14.0,13.739999771118164,13.760000228881836,7638900
2018-07-11,13.259984016418457,14.0600004196167,14.329999923706055,13.850000381469727,13.850000381469727,8016000
2018-07-12,13.844703674316406,14.680000305175781,14.699999809265137,14.109999656677246,14.109999656677246,5893200
2018-07-13,13.854133605957031,14.6899995803833,14.850000381469727,14.479999542236328,14.569999694824219,3007900
2018-07-16,14.146496772766113,15.0,15.0,14.529999732971191,14.699999809265137,2961300
2018-07-17,14.061616897583008,14.90999984741211,15.25,14.859999656677246,15.0,4203400
2018-07-18,13.882429122924805,14.720000267028809,14.930000305175781,14.550000190734863,14.8100004196167,3132400
2018-07-19,14.184219360351562,15.039999961853027,15.039999961853027,14.329999923706055,14.550000190734863,3427900
2018-07-20,14.40113353729248,15.270000457763672,15.5,15.069999694824219,15.300000190734863,7540700
2018-07-23,14.269100189208984,15.130000114440918,15.239999771118164,14.829999923706055,15.140000343322754,2982700
2018-07-24,14.316254615783691,15.180000305175781,15.34000015258789,14.960000038146973,15.25,4689700
2018-07-25,14.184219360351562,15.039999961853027,15.260000228881836,14.949999809265137,15.170000076293945,4612700
2018-07-26,13.750393867492676,14.579999923706055,15.09000015258789,14.470000267028809,14.899999618530273,4932300
2018-07-27,13.580636024475098,14.399999618530273,14.729999542236328,14.279999732971191,14.729999542236328,4058500
2018-07-30,13.835272789001465,14.670000076293945,14.899999618530273,14.369999885559082,14.5,4405100
2018-07-31,14.00503158569336,14.850000381469727,14.949999809265137,14.550000190734863,14.670000076293945,3547200
2018-08-01,13.957877159118652,14.800000190734863,14.989999771118164,14.470000267028809,14.869999885559082,4712500
2018-08-02,14.00503158569336,14.850000381469727,14.850000381469727,14.59000015258789,14.670000076293945,2373600
2018-08-03,14.40113353729248,15.270000457763672,15.390000343322754,14.8100004196167,14.890000343322754,4354700
2018-08-06,14.448287963867188,15.319999694824219,15.489999771118164,15.100000381469727,15.289999961853027,2662300
2018-08-07,14.335116386413574,15.199999809265137,15.420000076293945,14.949999809265137,15.329999923706055,3298000
2018-08-08,13.722101211547852,14.550000190734863,15.520000457763672,14.390000343322754,15.300000190734863,7346100
2018-08-09,14.042755126953125,14.890000343322754,14.890000343322754,13.949999809265137,14.550000190734863,11260100
2018-08-10,13.420309066772461,14.229999542236328,14.8100004196167,14.229999542236328,14.670000076293945,6145100
2018-08-13,13.580636024475098,14.399999618530273,14.65999984741211,14.140000343322754,14.170000076293945,4046200
2018-08-14,13.344861030578613,14.149999618530273,14.59000015258789,13.819999694824219,14.539999961853027,19063000
2018-08-15,13.127947807312012,13.920000076293945,14.15999984741211,13.90999984741211,14.0,8855600
2018-08-16,13.061931610107422,13.850000381469727,14.039999961853027,13.600000381469727,14.039999961853027,6204200
2018-08-17,12.807294845581055,13.579999923706055,13.789999961853027,13.3100004196167,13.649999618530273,6883000
2018-08-20,13.005345344543457,13.789999961853027,13.880000114440918,13.40999984741211,13.569999694824219,3978600
2018-08-21,12.826156616210938,13.600000381469727,14.029999732971191,13.529999732971191,13.720000267028809,5587500
2018-08-22,13.052501678466797,13.84000015258789,13.84000015258789,13.4399995803833,13.5,5006100
2018-08-23,12.873311042785645,13.649999618530273,13.890000343322754,13.510000228881836,13.800000190734863,5332200
2018-08-24,12.590381622314453,13.350000381469727,13.850000381469727,13.350000381469727,13.850000381469727,4615600
2018-08-27,12.986483573913574,13.770000457763672,13.84000015258789,13.34000015258789,13.359999656677246,5348400
2018-08-28,12.750707626342773,13.520000457763672,13.850000381469727,13.380000114440918,13.850000381469727,5547300
2018-08-29,12.948758125305176,13.729999542236328,13.920000076293945,13.520000457763672,13.529999732971191,4908100
2018-08-30,12.599812507629395,13.359999656677246,13.819999694824219,13.210000038146973,13.680000305175781,4547500
2018-08-31,13.420309066772461,14.229999542236328,14.289999961853027,13.8100004196167,13.869999885559082,10253400
2018-09-03,13.071361541748047,13.859999656677246,14.100000381469727,13.850000381469727,14.0600004196167,1977000
2018-09-04,12.807294845581055,13.579999923706055,14.0,13.420000076293945,14.0,3246000
2018-09-05,12.920466423034668,13.699999809265137,13.850000381469727,13.510000228881836,13.539999961853027,2529300
2018-09-06,13.193964958190918,13.989999771118164,14.1899995803833,13.520000457763672,13.84000015258789,3066600
2018-09-10,13.099656105041504,13.890000343322754,14.199999809265137,13.760000228881836,14.180000305175781,2404000
2018-09-11,12.873311042785645,13.649999618530273,13.6899995803833,13.350000381469727,13.609999656677246,3227600
2018-09-12,12.835586547851562,13.609999656677246,13.819999694824219,13.5600004196167,13.8100004196167,4649900
2018-09-13,13.052501678466797,13.84000015258789,14.069999694824219,13.65999984741211,13.699999809265137,8681300
2018-09-14,13.061931610107422,13.850000381469727,14.0600004196167,13.739999771118164,13.84000015258789,2791200
2018-09-17,13.392016410827637,14.199999809265137,14.380000114440918,13.770000457763672,13.770000457763672,2915500
2018-09-18,13.722101211547852,14.550000190734863,14.789999961853027,14.25,14.3100004196167,7995000
2018-09-19,13.627791404724121,14.449999809265137,14.65999984741211,14.319999694824219,14.399999618530273,3125500
2018-09-20,13.769256591796875,14.600000381469727,14.760000228881836,14.359999656677246,14.640000343322754,3165600
2018-09-21,14.07104778289795,14.920000076293945,15.170000076293945,14.699999809265137,14.75,8975900
2018-09-24,13.769256591796875,14.600000381469727,14.890000343322754,14.5600004196167,14.779999732971191,6711400
2018-09-25,14.080479621887207,14.930000305175781,15.0,14.300000190734863,14.460000038146973,4612900
2018-09-26,13.901289939880371,14.739999771118164,15.020000457763672,14.670000076293945,14.949999809265137,3224800
2018-09-27,14.118203163146973,14.970000267028809,15.029999732971191,14.739999771118164,14.739999771118164,3096400
2018-09-28,14.127633094787598,14.979999542236328,14.979999542236328,14.649999618530273,14.800000190734863,3608900
2018-10-01,14.00503158569336,14.850000381469727,14.949999809265137,14.529999732971191,14.9399995803833,4541700
2018-10-02,14.00503158569336,14.850000381469727,15.100000381469727,14.850000381469727,14.979999542236328,11365300
2018-10-03,14.335116386413574,15.199999809265137,15.479999542236328,14.960000038146973,15.199999809265137,23256000
2018-10-04,14.118203163146973,14.970000267028809,15.199999809265137,14.75,15.149999618530273,7338100
2018-10-05,14.052186012268066,14.899999618530273,15.199999809265137,14.8100004196167,15.149999618530273,7914400
2018-10-08,14.212512969970703,15.069999694824219,15.699999809265137,14.829999923706055,15.470000267028809,19860000
2018-10-09,14.721787452697754,15.609999656677246,15.739999771118164,15.15999984741211,15.25,14552300
2018-10-10,14.429426193237305,15.300000190734863,15.529999732971191,15.1899995803833,15.329999923706055,3915300
2018-10-11,14.486011505126953,15.359999656677246,15.630000114440918,15.039999961853027,15.600000381469727,4316200
2018-10-15,14.335116386413574,15.199999809265137,15.569999694824219,15.09000015258789,15.520000457763672,5310500
2018-10-16,14.806666374206543,15.699999809265137,15.699999809265137,15.319999694824219,15.399999618530273,4635000
2018-10-17,14.75951099395752,15.649999618530273,15.899999618530273,15.4399995803833,15.569999694824219,6869500
2018-10-18,14.731217384338379,15.619999885559082,15.949999809265137,15.550000190734863,15.609999656677246,7035100
2018-10-19,14.665202140808105,15.550000190734863,15.949999809265137,15.329999923706055,15.609999656677246,4928300
2018-10-22,14.985854148864746,15.890000343322754,15.899999618530273,15.609999656677246,15.649999618530273,4259600
2018-10-23,14.948131561279297,15.850000381469727,16.040000915527344,15.630000114440918,15.630000114440918,8500000
2018-10-24,14.137063980102539,14.989999771118164,16.25,14.84000015258789,15.819999694824219,14961500
2018-10-25,14.391703605651855,15.260000228881836,15.5600004196167,15.029999732971191,15.279999732971191,9052800
2018-10-26,14.844389915466309,15.739999771118164,16.079999923706055,15.260000228881836,15.260000228881836,9551700
2018-10-29,14.74064826965332,15.630000114440918,15.9399995803833,15.140000343322754,15.579999923706055,7586100
2018-10-30,15.231060028076172,16.149999618530273,16.329999923706055,15.350000381469727,15.770000457763672,15752000
2018-10-31,15.702610969543457,16.649999618530273,16.68000030517578,16.06999969482422,16.350000381469727,10452200
2018-11-01,15.740335464477539,16.690000534057617,16.989999771118164,16.399999618530273,16.610000610351562,13205700
2018-11-05,15.844075202941895,16.799999237060547,16.950000762939453,16.540000915527344,16.719999313354492,15716900
2018-11-06,15.504559516906738,16.440000534057617,16.84000015258789,16.420000076293945,16.459999084472656,6649900
2018-11-07,15.721471786499023,16.670000076293945,16.809999465942383,16.420000076293945,16.600000381469727,6343600
2018-11-08,15.35366439819336,16.280000686645508,16.829999923706055,16.190000534057617,16.770000457763672,8153500
2018-11-09,15.542283058166504,16.479999542236328,16.549999237060547,16.1299991607666,16.520000457763672,6181600
2018-11-12,15.419679641723633,16.350000381469727,16.579999923706055,15.850000381469727,16.469999313354492,6074100
2018-11-13,15.570576667785645,16.510000228881836,16.65999984741211,16.31999969482422,16.3700008392334,5794200
2018-11-14,15.938384056091309,16.899999618530273,16.950000762939453,16.260000228881836,16.510000228881836,17058300
2018-11-16,16.560829162597656,17.559999465942383,17.559999465942383,16.809999465942383,16.950000762939453,10262900
2018-11-19,16.400503158569336,17.389999389648438,17.56999969482422,17.139999389648438,17.399999618530273,4707700
2018-11-21,16.75888442993164,17.770000457763672,17.889999389648438,17.049999237060547,17.18000030517578,11585300
2018-11-22,16.7305908203125,17.739999771118164,17.90999984741211,17.549999237060547,17.729999542236328,3180500
2018-11-23,16.315622329711914,17.299999237060547,17.690000534057617,17.260000228881836,17.670000076293945,6482000
2018-11-26,15.976109504699707,16.940000534057617,17.579999923706055,16.739999771118164,17.40999984741211,6603700
2018-11-27,16.523107528686523,17.520000457763672,17.65999984741211,16.860000610351562,17.09000015258789,7725000
2018-11-28,16.485382080078125,17.479999542236328,17.649999618530273,17.25,17.5,8518100
2018-11-29,16.598554611206055,17.600000381469727,17.75,17.25,17.270000457763672,6491400
2018-11-30,16.447660446166992,17.440000534057617,17.799999237060547,17.350000381469727,17.450000762939453,9631800
2018-12-03,15.825213432312012,16.780000686645508,17.579999923706055,16.760000228881836,17.40999984741211,12826900
2018-12-04,15.419679641723633,16.350000381469727,16.950000762939453,16.299999237060547,16.950000762939453,9347600
2018-12-05,15.655455589294434,16.600000381469727,16.6299991607666,16.399999618530273,16.450000762939453,6988900
2018-12-06,15.325369834899902,16.25,16.610000610351562,16.25,16.450000762939453,9063800
2018-12-07,15.287647247314453,16.209999084472656,16.59000015258789,16.100000381469727,16.18000030517578,12430800
2018-12-10,14.900976181030273,15.800000190734863,16.420000076293945,15.800000190734863,16.209999084472656,7917300
2018-12-11,15.37252426147461,16.299999237060547,16.43000030517578,15.960000038146973,16.1299991607666,10997500
2018-12-12,15.447972297668457,16.3799991607666,16.639999389648438,16.209999084472656,16.420000076293945,10066400
2018-12-13,15.466835021972656,16.399999618530273,16.43000030517578,16.059999465942383,16.329999923706055,7520100
2018-12-14,15.325369834899902,16.25,16.530000686645508,16.09000015258789,16.209999084472656,4672200
2018-12-17,15.08016300201416,15.989999771118164,16.3700008392334,15.850000381469727,16.280000686645508,6916200
2018-12-18,15.325369834899902,16.25,16.459999084472656,15.880000114440918,16.049999237060547,12045100
2018-12-19,15.655455589294434,16.600000381469727,17.1299991607666,16.290000915527344,16.399999618530273,13311900
2018-12-20,15.683747291564941,16.6299991607666,16.809999465942383,16.270000457763672,16.610000610351562,8011800
2018-12-21,15.476265907287598,16.40999984741211,16.690000534057617,16.31999969482422,16.6299991607666,12872600
2018-12-26,15.287647247314453,16.209999084472656,16.56999969482422,16.190000534057617,16.190000534057617,3494100
2018-12-27,15.334802627563477,16.260000228881836,16.549999237060547,16.049999237060547,16.25,4871300
2018-12-28,16.032695770263672,17.0,17.0,16.329999923706055,16.479999542236328,8687200
2019-01-02,15.985541343688965,16.950000762939453,17.09000015258789,16.68000030517578,16.709999084472656,11991800
2019-01-03,16.447660446166992,17.440000534057617,17.450000762939453,16.639999389648438,16.8700008392334,16008200
2019-01-04,16.221317291259766,17.200000762939453,17.40999984741211,17.049999237060547,17.290000915527344,7617400
2019-01-07,15.938384056091309,16.899999618530273,17.280000686645508,16.719999313354492,17.260000228881836,5598900
2019-01-08,16.14586639404297,17.1200008392334,17.239999771118164,16.68000030517578,16.920000076293945,8069100
2019-01-09,16.221317291259766,17.200000762939453,17.280000686645508,17.0,17.139999389648438,6879900
2019-01-10,16.4759521484375,17.469999313354492,17.479999542236328,17.049999237060547,17.059999465942383,4299700
2019-01-11,16.428796768188477,17.420000076293945,17.639999389648438,17.389999389648438,17.5,5221000
2019-01-14,16.97579574584961,18.0,18.0,17.290000915527344,17.549999237060547,12619800
2019-01-15,16.834331512451172,17.850000381469727,18.15999984741211,17.600000381469727,18.0,6220100
2019-01-16,17.18327522277832,18.219999313354492,18.350000381469727,17.81999969482422,17.850000381469727,8245100
2019-01-17,17.73970603942871,18.809999465942383,18.84000015258789,17.969999313354492,18.299999237060547,13225600
2019-01-18,17.513362884521484,18.56999969482422,18.950000762939453,18.459999084472656,18.899999618530273,23848900
2019-01-21,17.541654586791992,18.600000381469727,18.639999389648438,18.15999984741211,18.469999313354492,3026500
2019-01-22,17.541654586791992,18.600000381469727,18.75,18.329999923706055,18.5,4377300
2019-01-23,17.59823989868164,18.65999984741211,18.770000457763672,18.5,18.770000457763672,5659800
2019-01-24,18.211254119873047,19.309999465942383,19.360000610351562,18.639999389648438,18.649999618530273,10739800
2019-01-28,18.626220703125,19.75,19.75,19.010000228881836,19.260000228881836,10192200
2019-01-29,18.437597274780273,19.549999237060547,19.81999969482422,19.1200008392334,19.75,9569700
2019-01-30,18.65451431274414,19.780000686645508,19.780000686645508,19.43000030517578,19.5,7096500
2019-01-31,18.531911849975586,19.649999618530273,19.8700008392334,19.649999618530273,19.799999237060547,10003700
2019-02-01,18.23954963684082,19.34000015258789,19.709999084472656,19.18000030517578,19.559999465942383,10917200
2019-02-04,18.23954963684082,19.34000015258789,19.3799991607666,19.1299991607666,19.219999313354492,9803700
2019-02-05,18.39987564086914,19.510000228881836,19.649999618530273,19.200000762939453,19.200000762939453,5119200
2019-02-06,17.88117027282715,18.959999084472656,19.389999389648438,18.850000381469727,19.209999084472656,10472600
2019-02-07,17.749135971069336,18.81999969482422,19.1200008392334,18.670000076293945,19.09000015258789,6461700
2019-02-08,18.3338565826416,19.440000534057617,19.479999542236328,18.510000228881836,18.81999969482422,7890700
2019-02-11,18.201824188232422,19.299999237060547,19.510000228881836,19.0,19.280000686645508,4899000
2019-02-12,18.484756469726562,19.600000381469727,19.719999313354492,19.270000457763672,19.530000686645508,10591600
2019-02-13,17.975482940673828,19.059999465942383,19.600000381469727,18.809999465942383,19.600000381469727,28748700
2019-02-14,18.522480010986328,19.639999389648438,19.639999389648438,18.829999923706055,19.1200008392334,6478700
2019-02-15,18.645082473754883,19.770000457763672,19.84000015258789,19.399999618530273,19.510000228881836,8330300
2019-02-18,18.73939323425293,19.8700008392334,19.8700008392334,19.479999542236328,19.549999237060547,3656600
2019-02-19,18.513044357299805,19.6299991607666,19.950000762939453,19.479999542236328,19.850000381469727,6633000
2019-02-20,18.305564880371094,19.40999984741211,20.09000015258789,19.299999237060547,19.700000762939453,8596000
2019-02-21,18.3338565826416,19.440000534057617,19.65999984741211,19.139999389648438,19.549999237060547,6450600
2019-02-22,18.579063415527344,19.700000762939453,19.700000762939453,19.260000228881836,19.600000381469727,5297300
2019-02-25,18.230117797851562,19.329999923706055,19.899999618530273,19.290000915527344,19.56999969482422,8592000
2019-02-26,18.211254119873047,19.309999465942383,19.459999084472656,19.100000381469727,19.209999084472656,6968600
2019-02-27,18.107515335083008,19.200000762939453,19.420000076293945,19.1299991607666,19.280000686645508,7009200
2019-02-28,18.352720260620117,19.459999084472656,19.479999542236328,19.020000457763672,19.110000610351562,9160100
2019-03-01,18.01320457458496,19.100000381469727,19.540000915527344,18.959999084472656,19.399999618530273,9129100
2019-03-06,18.201824188232422,19.299999237060547,19.3700008392334,18.989999771118164,19.059999465942383,3909200
2019-03-07,18.324426651000977,19.43000030517578,19.579999923706055,19.190000534057617,19.25,8644900
2019-03-08,18.597925186157227,19.719999313354492,19.780000686645508,19.079999923706055,19.25,10233900
2019-03-11,18.65451431274414,19.780000686645508,20.049999237060547,19.6299991607666,19.790000915527344,5962200
2019-03-12,18.65451431274414,19.780000686645508,19.989999771118164,19.6200008392334,19.780000686645508,3852000
2019-03-13,19.012893676757812,20.15999984741211,20.440000534057617,19.540000915527344,19.799999237060547,18341000
2019-03-14,19.14492416381836,20.299999237060547,20.299999237060547,19.950000762939453,20.209999084472656,4068700
2019-03-15,19.371267318725586,20.540000915527344,20.649999618530273,20.260000228881836,20.299999237060547,7575600
2019-03-18,19.295820236206055,20.459999084472656,20.65999984741211,20.219999313354492,20.610000610351562,6399100
2019-03-19,18.352720260620117,19.459999084472656,19.93000030517578,19.100000381469727,19.389999389648438,28238000
2019-03-20,18.248981475830078,19.350000381469727,19.610000610351562,19.200000762939453,19.459999084472656,19018300
2019-03-21,18.201824188232422,19.299999237060547,19.479999542236328,18.799999237060547,19.329999923706055,13363500
2019-03-22,17.46620750427246,18.520000457763672,19.06999969482422,18.389999389648438,18.709999084472656,10049000
2019-03-25,17.4945011138916,18.549999237060547,18.809999465942383,18.309999465942383,18.40999984741211,6887500
2019-03-26,17.38132667541504,18.43000030517578,18.790000915527344,18.299999237060547,18.770000457763672,12241700
2019-03-27,16.928640365600586,17.950000762939453,18.31999969482422,17.899999618530273,18.200000762939453,9832600
2019-03-28,17.57938003540039,18.639999389648438,19.260000228881836,17.6200008392334,17.940000534057617,13685800
2019-03-29,18.060359954833984,19.149999618530273,19.31999969482422,18.68000030517578,19.18000030517578,16998000
2019-04-01,17.664255142211914,18.729999542236328,19.399999618530273,18.690000534057617,19.280000686645508,8791500
2019-04-02,18.069791793823242,19.15999984741211,19.299999237060547,18.459999084472656,18.780000686645508,8032600
2019-04-03,17.76799964904785,18.84000015258789,19.450000762939453,18.639999389648438,19.329999923706055,6374900
2019-04-04,17.815153121948242,18.889999389648438,19.110000610351562,18.81999969482422,19.0,5308700
2019-04-05,17.447343826293945,18.5,19.0,18.5,18.889999389648438,7120400
2019-04-08,17.13612174987793,18.170000076293945,18.540000915527344,18.06999969482422,18.540000915527344,7299800
2019-04-09,17.00408935546875,18.030000686645508,18.309999465942383,17.959999084472656,18.1299991607666,5511200
2019-04-10,17.126691818237305,18.15999984741211,18.360000610351562,17.989999771118164,18.25,13460500
2019-04-11,17.022951126098633,18.049999237060547,18.360000610351562,17.940000534057617,18.170000076293945,9293300
2019-04-12,17.154983520507812,18.190000534057617,18.420000076293945,17.709999084472656,17.899999618530273,10641600
2019-04-15,17.173843383789062,18.209999084472656,18.3799991607666,17.969999313354492,18.290000915527344,13892500
2019-04-16,17.117259979248047,18.149999618530273,18.440000534057617,18.020000457763672,18.18000030517578,5554800
2019-04-17,16.607986450195312,17.610000610351562,18.219999313354492,17.459999084472656,18.149999618530273,13962100
2019-04-18,16.843761444091797,17.860000610351562,17.969999313354492,17.579999923706055,17.760000228881836,5570100
2019-04-22,16.362781524658203,17.350000381469727,17.860000610351562,17.350000381469727,17.860000610351562,8131200
2019-04-23,16.155298233032227,17.1299991607666,17.600000381469727,16.93000030517578,17.559999465942383,20965100
2019-04-24,16.240175247192383,17.219999313354492,17.309999465942383,16.940000534057617,17.110000610351562,11650800
2019-04-25,16.240175247192383,17.219999313354492,17.389999389648438,17.1299991607666,17.170000076293945,8955800
2019-04-26,16.645709991455078,17.649999618530273,17.649999618530273,17.219999313354492,17.299999237060547,5930700
2019-04-29,16.560829162597656,17.559999465942383,17.90999984741211,17.440000534057617,17.829999923706055,7595300
2019-04-30,17.070106506347656,18.100000381469727,18.149999618530273,17.469999313354492,17.649999618530273,15156500
2019-05-02,16.54197120666504,17.540000915527344,18.09000015258789,17.459999084472656,18.059999465942383,24478200
2019-05-03,16.645709991455078,17.649999618530273,17.90999984741211,17.540000915527344,17.690000534057617,6756400
2019-05-06,16.607986450195312,17.610000610351562,17.670000076293945,17.360000610351562,17.540000915527344,6952000
2019-05-07,16.598554611206055,17.600000381469727,17.670000076293945,17.25,17.5,5378700
2019-05-08,16.62684440612793,17.6299991607666,17.90999984741211,17.579999923706055,17.600000381469727,8727200
2019-05-09,16.362781524658203,17.350000381469727,17.59000015258789,17.18000030517578,17.479999542236328,8308700
2019-05-10,16.296764373779297,17.280000686645508,17.59000015258789,17.149999618530273,17.489999771118164,6635600
2019-05-13,16.13643455505371,17.110000610351562,17.229999542236328,16.700000762939453,16.90999984741211,7922400
2019-05-14,16.17416000366211,17.149999618530273,17.5,17.079999923706055,17.200000762939453,9317200
2019-05-15,15.976109504699707,16.940000534057617,17.149999618530273,16.84000015258789,17.0,11961600
2019-05-16,15.76862907409668,16.719999313354492,16.969999313354492,16.559999465942383,16.739999771118164,9699100
2019-05-17,15.938384056091309,16.899999618530273,17.190000534057617,16.510000228881836,16.530000686645508,8398100
2019-05-20,16.127004623413086,17.100000381469727,17.170000076293945,16.709999084472656,16.90999984741211,5770000
2019-05-21,16.494813919067383,17.489999771118164,17.510000228881836,17.09000015258789,17.200000762939453,10730700
2019-05-22,16.58912467956543,17.59000015258789,17.649999618530273,17.350000381469727,17.510000228881836,6820300
2019-05-23,16.79660415649414,17.809999465942383,18.0,17.329999923706055,17.440000534057617,6663800
2019-05-24,17.070106506347656,18.100000381469727,18.100000381469727,17.809999465942383,17.969999313354492,4994900
2019-05-27,17.258724212646484,18.299999237060547,18.329999923706055,18.020000457763672,18.15999984741211,3099600
2019-05-28,17.45677375793457,18.510000228881836,18.639999389648438,18.200000762939453,18.399999618530273,11834900
2019-05-29,18.079221725463867,19.170000076293945,19.270000457763672,18.479999542236328,18.489999771118164,10728500
2019-05-30,18.258411407470703,19.360000610351562,19.770000457763672,19.100000381469727,19.100000381469727,8364100
2019-05-31,18.258411407470703,19.360000610351562,19.489999771118164,19.170000076293945,19.309999465942383,7742000
2019-06-03,18.409305572509766,19.520000457763672,19.649999618530273,19.299999237060547,19.309999465942383,6249500
2019-06-04,18.201824188232422,19.299999237060547,19.540000915527344,19.15999984741211,19.540000915527344,6587200
2019-06-05,17.8623104095459,18.940000534057617,19.489999771118164,18.81999969482422,19.389999389648438,5219800
2019-06-06,17.956619262695312,19.040000915527344,19.299999237060547,18.889999389648438,19.200000762939453,6757300
2019-06-07,18.01320457458496,19.100000381469727,19.200000762939453,18.690000534057617,19.0,8962800
2019-06-10,18.0414981842041,19.1299991607666,19.260000228881836,18.899999618530273,18.979999542236328,4469900
2019-06-11,18.18296241760254,19.280000686645508,19.31999969482422,18.739999771118164,19.229999542236328,6886800
2019-06-12,18.201824188232422,19.299999237060547,19.5,19.040000915527344,19.149999618530273,6924700
2019-06-13,18.711097717285156,19.84000015258789,20.110000610351562,19.34000015258789,19.450000762939453,10061400
2019-06-14,18.645082473754883,19.770000457763672,19.969999313354492,19.610000610351562,19.860000610351562,5312400
2019-06-17,18.211254119873047,19.309999465942383,19.8700008392334,19.299999237060547,19.690000534057617,8371500
2019-06-18,18.626220703125,19.75,19.780000686645508,19.190000534057617,19.459999084472656,10228600
2019-06-19,19.31468391418457,20.479999542236328,20.5,19.889999389648438,20.139999389648438,9623600
2019-06-21,19.69192123413086,20.8799991607666,21.0,20.420000076293945,20.479999542236328,13915800
2019-06-24,19.569320678710938,20.75,21.079999923706055,20.6200008392334,20.8700008392334,10733100
2019-06-25,19.135494232177734,20.290000915527344,20.739999771118164,20.18000030517578,20.610000610351562,6877000
2019-06-26,18.86199378967285,20.0,20.3700008392334,19.81999969482422,20.299999237060547,4266000
2019-06-27,19.239233016967773,20.399999618530273,20.5,19.639999389648438,19.889999389648438,10944300
2019-06-28,19.55045509338379,20.729999542236328,20.979999542236328,20.510000228881836,20.579999923706055,11511500
2019-07-01,19.47500991821289,20.649999618530273,21.049999237060547,20.450000762939453,21.049999237060547,6143500
2019-07-02,19.47500991821289,20.649999618530273,20.81999969482422,20.489999771118164,20.729999542236328,12574200
2019-07-03,19.984285354614258,21.190000534057617,21.309999465942383,20.469999313354492,20.5,4526100
2019-07-04,20.201194763183594,21.420000076293945,21.559999465942383,21.270000457763672,21.270000457763672,4837200
2019-07-05,20.36152458190918,21.59000015258789,21.610000610351562,21.219999313354492,21.420000076293945,7675000
2019-07-08,20.46526336669922,21.700000762939453,21.850000381469727,21.239999771118164,21.600000381469727,5937600
2019-07-10,20.71990203857422,21.969999313354492,22.200000762939453,21.510000228881836,21.600000381469727,10331900
2019-07-11,20.46526336669922,21.700000762939453,21.90999984741211,21.479999542236328,21.90999984741211,8374400
2019-07-12,20.267213821411133,21.489999771118164,21.850000381469727,21.3799991607666,21.739999771118164,6128500
2019-07-15,20.427541732788086,21.65999984741211,21.8799991607666,21.510000228881836,21.600000381469727,5869000
2019-07-16,20.5218505859375,21.760000228881836,21.850000381469727,21.579999923706055,21.700000762939453,5446700
2019-07-17,20.757625579833984,22.010000228881836,22.15999984741211,21.709999084472656,21.860000610351562,4754300
2019-07-18,21.182018280029297,22.459999084472656,22.65999984741211,21.860000610351562,22.040000915527344,5167500
2019-07-19,21.106571197509766,22.3799991607666,22.459999084472656,22.020000457763672,22.420000076293945,4875400
2019-07-22,21.002832412719727,22.270000457763672,22.549999237060547,22.079999923706055,22.440000534057617,6373500
2019-07-23,20.899091720581055,22.15999984741211,22.3799991607666,21.920000076293945,22.3799991607666,7005700
2019-07-24,20.94624137878418,22.209999084472656,22.540000915527344,22.010000228881836,22.190000534057617,6025400
2019-07-25,20.663314819335938,21.90999984741211,22.31999969482422,21.8799991607666,22.260000228881836,7913300
2019-07-26,20.861366271972656,22.1200008392334,22.260000228881836,21.8700008392334,21.899999618530273,4487100
2019-07-29,20.899091720581055,22.15999984741211,22.18000030517578,21.940000534057617,22.049999237060547,2710400
2019-07-30,20.842504501342773,22.100000381469727,22.200000762939453,21.979999542236328,22.139999389648438,4902800
2019-07-31,20.672746658325195,21.920000076293945,22.15999984741211,21.399999618530273,22.15999984741211,10262400
2019-08-01,20.418107986450195,21.649999618530273,22.18000030517578,21.59000015258789,22.06999969482422,8991700
2019-08-02,20.70103645324707,21.950000762939453,22.170000076293945,21.6200008392334,21.649999618530273,9090900
2019-08-05,20.43697166442871,21.670000076293945,21.850000381469727,21.469999313354492,21.68000030517578,8470400
2019-08-06,20.776487350463867,22.030000686645508,22.25,21.709999084472656,21.709999084472656,6018600
2019-08-07,20.74819564819336,22.0,22.0,21.56999969482422,21.809999465942383,5242400
2019-08-08,21.483814239501953,22.780000686645508,22.84000015258789,22.079999923706055,22.1200008392334,8689500
2019-08-09,21.596982955932617,22.899999618530273,23.09000015258789,22.5,22.90999984741211,5176700
2019-08-12,21.191448211669922,22.469999313354492,22.850000381469727,22.280000686645508,22.850000381469727,4921000
2019-08-13,21.644140243530273,22.950000762939453,23.34000015258789,21.959999084472656,22.510000228881836,21011700
2019-08-14,20.71990203857422,21.969999313354492,22.690000534057617,21.969999313354492,22.649999618530273,7295700
2019-08-15,20.90852165222168,22.170000076293945,22.600000381469727,21.81999969482422,22.200000762939453,9772800
2019-08-16,21.879915237426758,23.200000762939453,23.219999313354492,21.979999542236328,22.399999618530273,8579300
2019-08-19,21.72901725769043,23.040000915527344,23.510000228881836,22.59000015258789,23.219999313354492,7274600
2019-08-20,21.861051559448242,23.18000030517578,23.290000915527344,22.5,22.989999771118164,5242700
2019-08-21,22.228858947753906,23.56999969482422,23.56999969482422,22.649999618530273,23.469999313354492,7632500
2019-08-22,21.50267219543457,22.799999237060547,23.3700008392334,22.459999084472656,23.209999084472656,9598400
2019-08-23,20.70103645324707,21.950000762939453,23.030000686645508,21.8700008392334,22.440000534057617,10445400
2019-08-26,20.370954513549805,21.600000381469727,22.149999618530273,21.34000015258789,22.0,5205100
2019-08-27,20.484127044677734,21.719999313354492,21.809999465942383,21.15999984741211,21.520000457763672,8447400
2019-08-28,20.955673217773438,22.219999313354492,22.219999313354492,21.399999618530273,21.600000381469727,7686200
2019-08-29,21.229175567626953,22.510000228881836,22.68000030517578,21.969999313354492,22.239999771118164,6669200
2019-08-30,20.842504501342773,22.100000381469727,22.860000610351562,22.100000381469727,22.65999984741211,12456200
2019-09-02,21.464950561523438,22.760000228881836,22.959999084472656,22.1200008392334,22.200000762939453,8986200
2019-09-03,21.106571197509766,22.3799991607666,23.219999313354492,22.260000228881836,22.690000534057617,8277300
2019-09-04,21.578123092651367,22.8799991607666,22.8799991607666,22.479999542236328,22.709999084472656,6432600
2019-09-05,21.917634963989258,23.239999771118164,23.540000915527344,22.8799991607666,22.969999313354492,8166500
2019-09-06,21.993085861206055,23.31999969482422,23.639999389648438,23.190000534057617,23.260000228881836,5715600
2019-09-09,21.84218978881836,23.15999984741211,23.280000686645508,22.639999389648438,23.229999542236328,10922500
2019-09-10,21.861051559448242,23.18000030517578,23.25,22.780000686645508,23.110000610351562,7015700
2019-09-11,22.238292694091797,23.579999923706055,23.920000076293945,23.280000686645508,23.3700008392334,8331800
2019-09-12,22.398616790771484,23.75,23.8700008392334,23.290000915527344,23.809999465942383,5089900
2019-09-13,22.153411865234375,23.489999771118164,23.760000228881836,23.139999389648438,23.700000762939453,3594100
2019-09-16,21.710155487060547,23.020000457763672,23.600000381469727,22.93000030517578,23.549999237060547,6067400
2019-09-17,21.804466247558594,23.1200008392334,23.309999465942383,22.8799991607666,23.020000457763672,6664200
2019-09-18,22.21942901611328,23.559999465942383,23.559999465942383,23.06999969482422,23.200000762939453,3857700
2019-09-19,22.172273635864258,23.510000228881836,24.149999618530273,23.459999084472656,23.600000381469727,4670100
2019-09-20,22.653255462646484,24.020000457763672,24.020000457763672,23.459999084472656,23.6200008392334,9150800
2019-09-23,22.55894660949707,23.920000076293945,24.209999084472656,23.770000457763672,24.020000457763672,3987200
2019-09-24,22.247724533081055,23.59000015258789,23.770000457763672,23.239999771118164,23.649999618530273,4832800
2019-09-25,22.313739776611328,23.65999984741211,23.700000762939453,23.110000610351562,23.450000762939453,4805600
2019-09-26,22.25715446472168,23.600000381469727,23.850000381469727,23.360000610351562,23.59000015258789,3249400
2019-09-27,22.549516677856445,23.90999984741211,24.030000686645508,23.43000030517578,23.59000015258789,6008500
2019-09-30,23.105945587158203,24.5,24.579999923706055,23.670000076293945,23.920000076293945,10571800
2019-10-01,23.105945587158203,24.5,24.639999389648438,24.25,24.56999969482422,9558400
2019-10-02,22.51179313659668,23.8700008392334,24.350000381469727,23.799999237060547,24.299999237060547,7225800
2019-10-03,22.870168685913086,24.25,24.25,23.530000686645508,23.8700008392334,5713500
2019-10-04,23.096513748168945,24.489999771118164,24.559999465942383,24.030000686645508,24.350000381469727,6406400
2019-10-07,22.53065299987793,23.889999389648438,24.469999313354492,23.700000762939453,24.399999618530273,5493100
2019-10-08,22.50235939025879,23.860000610351562,24.31999969482422,23.700000762939453,24.010000228881836,12704500
2019-10-09,22.587238311767578,23.950000762939453,24.15999984741211,23.760000228881836,24.06999969482422,2549500
2019-10-10,22.294876098632812,23.639999389648438,24.079999923706055,23.43000030517578,23.899999618530273,10552900
2019-10-11,22.794723510742188,24.170000076293945,24.299999237060547,23.719999313354492,23.719999313354492,5441900
2019-10-14,22.870168685913086,24.25,24.329999923706055,23.959999084472656,24.309999465942383,6435800
2019-10-15,22.34203338623047,23.690000534057617,24.219999313354492,23.6200008392334,24.200000762939453,9938200
2019-10-16,22.134552001953125,23.469999313354492,23.729999542236328,23.190000534057617,23.700000762939453,7400200
2019-10-17,21.785606384277344,23.100000381469727,23.6200008392334,22.809999465942383,23.520000457763672,8034600
2019-10-18,21.67243003845215,22.979999542236328,23.290000915527344,22.549999237060547,22.979999542236328,6735400
2019-10-21,21.67243003845215,22.979999542236328,23.270000457763672,22.860000610351562,23.06999969482422,4715300
2019-10-22,21.69129180908203,23.0,23.329999923706055,22.709999084472656,23.079999923706055,5583700
2019-10-23,21.69129180908203,23.0,23.020000457763672,22.670000076293945,23.0,4961800
2019-10-24,21.3612060546875,22.649999618530273,23.1200008392334,21.920000076293945,23.0,12553900
2019-10-25,21.521535873413086,22.81999969482422,23.020000457763672,22.440000534057617,22.649999618530273,10761400
2019-10-28,21.549829483032227,22.850000381469727,23.25,22.68000030517578,22.899999618530273,3962200
2019-10-29,21.6158447265625,22.920000076293945,23.209999084472656,22.709999084472656,22.84000015258789,7029000
2019-10-30,21.785606384277344,23.100000381469727,23.1299991607666,22.709999084472656,23.0,4710200
2019-10-31,21.50267219543457,22.799999237060547,23.030000686645508,22.700000762939453,22.93000030517578,3738200
2019-11-01,21.606412887573242,22.90999984741211,23.059999465942383,22.65999984741211,22.989999771118164,5690800
2019-11-04,21.483814239501953,22.780000686645508,23.200000762939453,22.65999984741211,23.100000381469727,19930700
2019-11-05,21.663000106811523,22.969999313354492,23.200000762939453,22.600000381469727,23.200000762939453,9156500
2019-11-06,22.21942901611328,23.559999465942383,23.770000457763672,23.079999923706055,23.100000381469727,6837200
2019-11-07,22.426912307739258,23.780000686645508,23.989999771118164,23.579999923706055,23.6200008392334,4283300
2019-11-08,22.153411865234375,23.489999771118164,24.0,23.15999984741211,23.700000762939453,5120600
2019-11-11,22.46463394165039,23.81999969482422,23.899999618530273,23.229999542236328,23.309999465942383,3615400
2019-11-12,21.738447189331055,23.049999237060547,24.229999542236328,22.81999969482422,24.200000762939453,10531600
2019-11-13,21.927066802978516,23.25,23.440000534057617,22.850000381469727,22.950000762939453,10733200
2019-11-14,22.653255462646484,24.020000457763672,24.020000457763672,23.049999237060547,23.350000381469727,5515100
2019-11-18,22.455204010009766,23.809999465942383,24.25,23.75,24.15999984741211,4939700
2019-11-19,22.44577407836914,23.799999237060547,24.010000228881836,23.709999084472656,23.860000610351562,4053200
2019-11-21,22.672117233276367,24.040000915527344,24.09000015258789,23.75,23.780000686645508,8045100
2019-11-22,22.813583374023438,24.190000534057617,24.190000534057617,23.90999984741211,23.940000534057617,6457700
2019-11-25,22.794723510742188,24.170000076293945,24.34000015258789,23.90999984741211,24.200000762939453,3651900
2019-11-26,22.766427993774414,24.139999389648438,24.209999084472656,23.610000610351562,23.90999984741211,7122700
2019-11-27,22.77585792541504,24.149999618530273,24.209999084472656,23.540000915527344,24.139999389648438,7258000
2019-11-28,22.549516677856445,23.90999984741211,24.280000686645508,23.90999984741211,24.170000076293945,6283600
2019-11-29,23.039928436279297,24.43000030517578,24.489999771118164,23.84000015258789,24.040000915527344,7533200
2019-12-02,23.756683349609375,25.190000534057617,25.200000762939453,24.5,24.520000457763672,8815600
2019-12-03,23.803836822509766,25.239999771118164,25.3700008392334,25.100000381469727,25.200000762939453,7095700
2019-12-04,23.90757942199707,25.350000381469727,25.549999237060547,24.899999618530273,25.0,5925900
2019-12-05,23.784975051879883,25.219999313354492,25.399999618530273,25.09000015258789,25.34000015258789,7565700
2019-12-06,23.766115188598633,25.200000762939453,25.34000015258789,25.030000686645508,25.139999389648438,6322200
2019-12-09,23.766115188598633,25.200000762939453,25.43000030517578,25.110000610351562,25.25,5878900
2019-12-10,23.624645233154297,25.049999237060547,25.229999542236328,24.93000030517578,25.200000762939453,7106400
2019-12-11,24.190505981445312,25.649999618530273,25.93000030517578,24.850000381469727,25.06999969482422,8482400
2019-12-12,24.407421112060547,25.8799991607666,25.950000762939453,25.489999771118164,25.719999313354492,6195300
2019-12-13,23.964162826538086,25.40999984741211,26.030000686645508,25.329999923706055,25.959999084472656,7934900
2019-12-16,23.926441192626953,25.3700008392334,25.670000076293945,25.31999969482422,25.549999237060547,20187200
2019-12-17,23.82269859313965,25.260000228881836,25.479999542236328,24.989999771118164,25.3799991607666,6007900
2019-12-18,23.82269859313965,25.260000228881836,25.350000381469727,24.530000686645508,25.200000762939453,11735100
2019-12-19,24.030181884765625,25.479999542236328,25.56999969482422,25.020000457763672,25.260000228881836,5640400
2019-12-20,24.209369659423828,25.670000076293945,25.670000076293945,24.950000762939453,25.479999542236328,7927700
2019-12-23,24.464006423950195,25.940000534057617,25.989999771118164,25.520000457763672,25.65999984741211,3360400
2019-12-26,25.086454391479492,26.600000381469727,26.760000228881836,25.81999969482422,25.950000762939453,3264900
2019-12-27,25.341089248657227,26.8700008392334,26.8700008392334,26.270000457763672,26.729999542236328,4187500
2019-12-30,24.61490249633789,26.100000381469727,26.889999389648438,26.100000381469727,26.8700008392334,5820300
2020-01-02,24.8978328704834,26.399999618530273,26.59000015258789,26.139999389648438,26.31999969482422,20924400
2020-01-03,24.17164421081543,25.6299991607666,26.299999237060547,25.6299991607666,26.100000381469727,12503800
2020-01-06,23.48318099975586,24.899999618530273,25.600000381469727,24.329999923706055,25.600000381469727,20872200
2020-01-07,23.83213233947754,25.270000457763672,25.389999389648438,24.600000381469727,24.93000030517578,10403100
2020-01-08,24.143354415893555,25.600000381469727,25.700000762939453,24.899999618530273,25.09000015258789,24709700
2020-01-09,24.454574584960938,25.93000030517578,25.93000030517578,25.40999984741211,25.600000381469727,6467800
2020-01-10,24.209369659423828,25.670000076293945,26.270000457763672,25.459999084472656,25.969999313354492,6990500
2020-01-13,24.473438262939453,25.950000762939453,25.979999542236328,25.309999465942383,25.780000686645508,5130600
2020-01-14,24.331974029541016,25.799999237060547,26.09000015258789,25.6200008392334,25.850000381469727,3856900
2020-01-15,23.5492000579834,24.969999313354492,25.6299991607666,24.959999084472656,25.610000610351562,10077500
2020-01-16,22.955045700073242,24.34000015258789,24.799999237060547,23.8799991607666,24.649999618530273,16493600
2020-01-17,22.91732406616211,24.299999237060547,24.799999237060547,24.15999984741211,24.489999771118164,8464300
2020-01-20,23.28513526916504,24.690000534057617,24.690000534057617,24.299999237060547,24.299999237060547,4696800
2020-01-21,22.851306915283203,24.229999542236328,24.719999313354492,24.110000610351562,24.489999771118164,6299300
2020-01-22,22.936185836791992,24.31999969482422,24.549999237060547,23.93000030517578,24.399999618530273,3734600
2020-01-23,23.37944221496582,24.790000915527344,24.790000915527344,23.700000762939453,24.100000381469727,11115200
2020-01-24,22.945615768432617,24.329999923706055,24.850000381469727,24.309999465942383,24.790000915527344,4910200
2020-01-27,22.540082931518555,23.899999618530273,24.100000381469727,23.700000762939453,23.950000762939453,8032800
2020-01-28,22.540082931518555,23.899999618530273,24.229999542236328,23.809999465942383,24.06999969482422,4749700
2020-01-29,22.304309844970703,23.649999618530273,24.040000915527344,23.450000762939453,24.0,5554900
2020-01-30,21.898775100708008,23.219999313354492,23.5,22.950000762939453,23.5,8670800
2020-01-31,21.879915237426758,23.200000762939453,23.219999313354492,22.700000762939453,23.219999313354492,9566100
2020-02-03,21.936500549316406,23.260000228881836,23.399999618530273,22.8799991607666,23.200000762939453,5812200
2020-02-04,22.379756927490234,23.729999542236328,24.030000686645508,23.40999984741211,23.450000762939453,7664900
2020-02-05,22.351465225219727,23.700000762939453,24.270000457763672,23.65999984741211,24.0,8949600
2020-02-06,22.21942901611328,23.559999465942383,24.190000534057617,23.530000686645508,23.93000030517578,3697600
2020-02-07,21.879915237426758,23.200000762939453,23.709999084472656,23.030000686645508,23.549999237060547,3234500
2020-02-10,21.40836524963379,22.700000762939453,23.18000030517578,22.459999084472656,23.18000030517578,4970700
2020-02-11,22.398616790771484,23.75,23.8700008392334,22.690000534057617,22.799999237060547,7312500
2020-02-12,23.049358367919922,24.440000534057617,24.450000762939453,23.329999923706055,23.75,9021000
2020-02-13,22.44577407836914,23.799999237060547,24.299999237060547,23.690000534057617,24.299999237060547,6026800
2020-02-14,21.710155487060547,23.020000457763672,23.940000534057617,22.56999969482422,23.940000534057617,13184300
2020-02-17,21.427223205566406,22.719999313354492,23.100000381469727,22.639999389648438,23.040000915527344,4014200
2020-02-18,21.8704833984375,23.190000534057617,23.190000534057617,22.1299991607666,22.549999237060547,6450100
2020-02-19,22.700410842895508,24.06999969482422,24.06999969482422,22.90999984741211,22.969999313354492,9206000
2020-02-20,22.75699806213379,24.1299991607666,24.31999969482422,23.610000610351562,23.889999389648438,7269700
2020-02-21,22.53065299987793,23.889999389648438,23.889999389648438,23.110000610351562,23.780000686645508,7445200
2020-02-26,20.729333877563477,21.979999542236328,23.59000015258789,21.979999542236328,22.600000381469727,11479300
2020-02-27,20.144609451293945,21.360000610351562,21.760000228881836,20.93000030517578,21.65999984741211,15990100
2020-02-28,19.91826629638672,21.1200008392334,21.5,20.649999618530273,21.360000610351562,16782200
2020-03-02,20.474693298339844,21.709999084472656,21.770000457763672,20.790000915527344,21.1200008392334,9424300
2020-03-03,19.83338737487793,21.030000686645508,22.40999984741211,20.920000076293945,21.600000381469727,14348600
2020-03-04,20.078594207763672,21.290000915527344,21.68000030517578,21.0,21.59000015258789,12482300
2020-03-05,19.710783004760742,20.899999618530273,21.670000076293945,20.610000610351562,20.979999542236328,16641400
2020-03-06,18.201824188232422,19.299999237060547,19.989999771118164,18.8799991607666,19.719999313354492,24503400
2020-03-09,16.362781524658203,17.350000381469727,17.989999771118164,16.5,17.100000381469727,30125800
2020-03-10,17.4945011138916,18.549999237060547,18.84000015258789,17.81999969482422,18.350000381469727,35869000
2020-03-11,16.14586639404297,17.1200008392334,18.100000381469727,15.1899995803833,17.850000381469727,14630200
2020-03-12,13.47689437866211,14.289999961853027,15.020000457763672,13.5,14.25,15800400
2020-03-13,16.457090377807617,17.450000762939453,17.450000762939453,13.859999656677246,16.010000228881836,18815700
2020-03-16,13.731532096862793,14.5600004196167,15.130000114440918,13.800000190734863,14.329999923706055,18282500
2020-03-17,15.655455589294434,16.600000381469727,17.190000534057617,13.630000114440918,14.8100004196167,36567200
2020-03-18,14.448287963867188,15.319999694824219,15.970000267028809,14.600000381469727,14.890000343322754,36786000
2020-03-19,16.97579574584961,18.0,19.200000762939453,14.34000015258789,15.0,33206600
2020-03-20,17.362464904785156,18.40999984741211,19.139999389648438,17.200000762939453,18.790000915527344,18712000
2020-03-23,16.598554611206055,17.600000381469727,18.690000534057617,16.799999237060547,18.200000762939453,15021000
2020-03-24,17.928325653076172,19.010000228881836,19.700000762939453,18.719999313354492,18.989999771118164,14061100
2020-03-25,18.437597274780273,19.549999237060547,20.049999237060547,18.399999618530273,18.5,16888100
2020-03-26,19.83338737487793,21.030000686645508,21.399999618530273,19.34000015258789,19.459999084472656,15362300
2020-03-27,18.060359954833984,19.149999618530273,20.420000076293945,19.0,20.010000228881836,14106200
2020-03-30,18.673372268676758,19.799999237060547,20.020000457763672,18.950000762939453,19.190000534057617,15925700
2020-03-31,18.531911849975586,19.649999618530273,20.700000762939453,19.270000457763672,19.6200008392334,11000900
2020-04-01,18.447031021118164,19.559999465942383,19.899999618530273,18.459999084472656,18.68000030517578,11072000
2020-04-02,19.182647705078125,20.34000015258789,20.639999389648438,19.489999771118164,20.0,10715400
2020-04-03,19.465576171875,20.639999389648438,20.639999389648438,19.399999618530273,20.31999969482422,9440600
2020-04-06,19.578750610351562,20.760000228881836,21.719999313354492,20.479999542236328,21.209999084472656,12992200
2020-04-07,18.494186401367188,19.610000610351562,21.889999389648438,19.020000457763672,21.8700008392334,15117600
2020-04-08,18.277273178100586,19.3799991607666,20.139999389648438,18.850000381469727,19.5,13472900
2020-04-09,18.362152099609375,19.469999313354492,20.0,19.100000381469727,19.399999618530273,9069800
2020-04-13,18.729963302612305,19.860000610351562,20.25,19.010000228881836,19.239999771118164,6974300
2020-04-14,18.946874618530273,20.09000015258789,20.6200008392334,19.920000076293945,20.139999389648438,10495300
2020-04-15,18.81484031677246,19.950000762939453,20.100000381469727,19.219999313354492,19.84000015258789,9640700
2020-04-16,18.248981475830078,19.350000381469727,20.190000534057617,19.020000457763672,20.010000228881836,8348300
2020-04-17,19.088336944580078,20.239999771118164,20.68000030517578,19.479999542236328,19.68000030517578,10185000
2020-04-20,18.89971923828125,20.040000915527344,20.920000076293945,19.540000915527344,19.549999237060547,7705000
2020-04-22,19.58818244934082,20.770000457763672,20.780000686645508,20.059999465942383,20.139999389648438,10069200
2020-04-23,19.786231994628906,20.979999542236328,21.260000228881836,20.15999984741211,20.75,9919100
2020-04-24,19.380699157714844,20.549999237060547,20.600000381469727,18.68000030517578,20.34000015258789,15649800
2020-04-27,19.493871688842773,20.670000076293945,21.299999237060547,19.809999465942383,20.850000381469727,10002500
2020-04-28,19.050615310668945,20.200000762939453,21.239999771118164,20.18000030517578,21.209999084472656,8265200
2020-04-29,18.635650634765625,19.760000228881836,20.56999969482422,19.34000015258789,20.56999969482422,13565500
2020-04-30,18.663944244384766,19.790000915527344,20.110000610351562,19.350000381469727,19.389999389648438,9124800
2020-05-04,18.579063415527344,19.700000762939453,19.75,18.770000457763672,18.959999084472656,6502400
2020-05-05,18.531911849975586,19.649999618530273,19.899999618530273,19.479999542236328,19.75,6082600
2020-05-06,18.99402618408203,20.139999389648438,20.299999237060547,19.450000762939453,19.649999618530273,7741900
2020-05-07,18.531911849975586,19.649999618530273,20.649999618530273,19.5,20.139999389648438,16032000
2020-05-08,19.14492416381836,20.299999237060547,20.5,19.8700008392334,20.100000381469727,7632000
2020-05-11,18.833702087402344,19.969999313354492,20.520000457763672,19.770000457763672,19.770000457763672,4187800
2020-05-12,18.409305572509766,19.520000457763672,20.309999465942383,19.520000457763672,20.15999984741211,4534500
2020-05-13,18.484756469726562,19.600000381469727,20.0,19.31999969482422,19.950000762939453,5582200
2020-05-14,19.371267318725586,20.540000915527344,20.75,19.1299991607666,19.350000381469727,10834900
2020-05-15,18.54134178161621,19.65999984741211,20.540000915527344,19.3799991607666,20.1299991607666,9411100
2020-05-18,19.65419578552246,20.84000015258789,20.989999771118164,20.0,20.15999984741211,8140800
2020-05-19,18.975168228149414,20.1200008392334,20.920000076293945,20.1200008392334,20.850000381469727,4932200
2020-05-20,19.173215866088867,20.329999923706055,20.780000686645508,20.079999923706055,20.290000915527344,5473200
2020-05-21,19.437286376953125,20.610000610351562,20.959999084472656,20.510000228881836,20.649999618530273,5450100
2020-05-22,19.701353073120117,20.889999389648438,21.450000762939453,20.5,20.68000030517578,7772300
2020-05-25,20.088024139404297,21.299999237060547,21.6299991607666,20.90999984741211,21.5,6641600
2020-05-26,20.19176483154297,21.40999984741211,22.579999923706055,21.360000610351562,21.610000610351562,9525800
2020-05-27,22.11568832397461,23.450000762939453,23.65999984741211,21.729999542236328,21.899999618530273,13532200
2020-05-28,21.851619720458984,23.170000076293945,23.579999923706055,22.399999618530273,22.600000381469727,11777500
2020-05-29,21.248037338256836,22.530000686645508,23.0,21.899999618530273,23.0,19789800
2020-06-01,21.332918167114258,22.6200008392334,22.760000228881836,22.040000915527344,22.479999542236328,7686700
2020-06-02,21.3612060546875,22.649999618530273,23.0,22.350000381469727,23.0,7366800
2020-06-03,21.8327579498291,23.149999618530273,23.260000228881836,22.479999542236328,22.649999618530273,7754900
2020-06-04,21.08771324157715,22.360000610351562,23.239999771118164,21.829999923706055,22.899999618530273,12112200
2020-06-05,21.79503631591797,23.110000610351562,23.6299991607666,22.6200008392334,22.899999618530273,17924400
2020-06-08,22.794723510742188,24.170000076293945,24.290000915527344,23.059999465942383,23.530000686645508,10847800
2020-06-09,22.926753997802734,24.309999465942383,24.479999542236328,23.350000381469727,23.40999984741211,6197500
2020-06-10,22.794723510742188,24.170000076293945,24.700000762939453,23.93000030517578,24.520000457763672,11202700
2020-06-12,22.700410842895508,24.06999969482422,24.200000762939453,22.90999984741211,23.399999618530273,8751600
2020-06-15,22.191137313842773,23.530000686645508,23.90999984741211,22.950000762939453,23.270000457763672,6883800
2020-06-16,22.323171615600586,23.670000076293945,24.440000534057617,23.31999969482422,24.299999237060547,7744800
2020-06-17,22.728702545166016,24.100000381469727,24.600000381469727,23.350000381469727,23.760000228881836,15560100
2020-06-18,22.125120162963867,23.459999084472656,23.950000762939453,23.43000030517578,23.6200008392334,6553700
2020-06-19,22.474063873291016,23.829999923706055,24.020000457763672,22.90999984741211,23.690000534057617,13680200
2020-06-22,22.05910301208496,23.389999389648438,24.049999237060547,23.09000015258789,24.049999237060547,4597400
2020-06-23,22.44577407836914,23.799999237060547,24.030000686645508,23.440000534057617,23.649999618530273,5908100
2020-06-24,21.766742706298828,23.079999923706055,23.940000534057617,22.920000076293945,23.780000686645508,8396200
2020-06-25,22.077964782714844,23.40999984741211,23.860000610351562,23.020000457763672,23.139999389648438,5076800
2020-06-26,21.493244171142578,22.790000915527344,23.520000457763672,22.559999465942383,23.25,6024600
2020-06-29,21.389503479003906,22.68000030517578,23.079999923706055,22.350000381469727,22.8799991607666,6875000
2020-06-30,21.21031379699707,22.489999771118164,22.700000762939453,22.170000076293945,22.510000228881836,11277100
2020-07-01,21.663000106811523,22.969999313354492,23.1200008392334,22.239999771118164,22.5,9299000
2020-07-02,21.182018280029297,22.459999084472656,23.290000915527344,22.459999084472656,23.18000030517578,7356700
2020-07-03,21.21031379699707,22.489999771118164,22.719999313354492,22.43000030517578,22.579999923706055,2790500
2020-07-06,21.95536231994629,23.280000686645508,23.75,22.8799991607666,23.020000457763672,12919200
2020-07-07,21.879915237426758,23.200000762939453,23.540000915527344,22.860000610351562,23.280000686645508,5178400
2020-07-08,21.81389617919922,23.1299991607666,23.690000534057617,23.09000015258789,23.239999771118164,8513400
2020-07-09,21.549829483032227,22.850000381469727,23.350000381469727,22.549999237060547,23.329999923706055,6720700
2020-07-10,21.5403995513916,22.84000015258789,23.059999465942383,22.68000030517578,22.84000015258789,5222800
2020-07-13,20.965106964111328,22.229999542236328,23.059999465942383,22.229999542236328,22.989999771118164,5576100
2020-07-14,20.974536895751953,22.239999771118164,22.59000015258789,21.719999313354492,21.920000076293945,7438600
2020-07-15,21.351776123046875,22.639999389648438,22.690000534057617,22.239999771118164,22.5,7387300
2020-07-16,21.3612060546875,22.649999618530273,22.729999542236328,22.270000457763672,22.440000534057617,10067400
2020-07-17,22.134552001953125,23.469999313354492,23.479999542236328,22.649999618530273,22.729999542236328,9376700
2020-07-20,22.55894660949707,23.920000076293945,23.920000076293945,22.959999084472656,23.389999389648438,8214400
2020-07-21,22.181705474853516,23.520000457763672,24.3799991607666,23.5,23.920000076293945,12837300
2020-07-22,21.898775100708008,23.219999313354492,23.790000915527344,23.149999618530273,23.75,11219200
2020-07-23,21.45551872253418,22.75,23.479999542236328,22.68000030517578,23.219999313354492,5581800
2020-07-24,21.031124114990234,22.299999237060547,22.920000076293945,22.270000457763672,22.81999969482422,5899300
2020-07-27,21.436655044555664,22.729999542236328,22.959999084472656,22.3799991607666,22.6200008392334,8420000
2020-07-28,21.51210594177246,22.809999465942383,22.8700008392334,22.190000534057617,22.5,7900600
2020-07-29,21.172588348388672,22.450000762939453,23.040000915527344,22.360000610351562,22.959999084472656,5056700
2020-07-30,21.436655044555664,22.729999542236328,22.93000030517578,22.209999084472656,22.299999237060547,6340500
2020-07-31,20.955673217773438,22.219999313354492,22.90999984741211,22.079999923706055,22.700000762939453,6707200
2020-08-03,20.795347213745117,22.049999237060547,22.979999542236328,22.020000457763672,22.420000076293945,7849200
2020-08-04,20.342660903930664,21.56999969482422,22.31999969482422,21.139999389648438,21.920000076293945,9185000
2020-08-05,20.644453048706055,21.889999389648438,22.049999237060547,21.540000915527344,21.829999923706055,5791200
2020-08-06,21.474382400512695,22.770000457763672,22.770000457763672,21.75,21.899999618530273,5927900
2020-08-07,22.002517700195312,23.329999923706055,23.520000457763672,22.229999542236328,22.469999313354492,11392700
2020-08-10,21.56869125366211,22.8700008392334,23.489999771118164,22.479999542236328,23.40999984741211,5788100
2020-08-11,21.021696090698242,22.290000915527344,23.0,22.290000915527344,22.950000762939453,4504300
2020-08-12,21.248037338256836,22.530000686645508,22.530000686645508,21.979999542236328,22.309999465942383,6353200
2020-08-13,20.76705551147461,22.020000457763672,23.1200008392334,22.020000457763672,22.75,6374200
2020-08-14,21.51210594177246,22.809999465942383,22.920000076293945,22.020000457763672,22.239999771118164,8344300
2020-08-17,20.955673217773438,22.219999313354492,22.989999771118164,22.100000381469727,22.770000457763672,23455000
2020-08-18,21.20088005065918,22.479999542236328,22.729999542236328,22.260000228881836,22.579999923706055,7197400
2020-08-19,21.097143173217773,22.3700008392334,22.68000030517578,22.149999618530273,22.540000915527344,5640100
2020-08-20,21.483814239501953,22.780000686645508,22.959999084472656,21.860000610351562,21.90999984741211,4739000
2020-08-21,21.276330947875977,22.559999465942383,22.850000381469727,22.360000610351562,22.799999237060547,3536000
2020-08-24,21.134864807128906,22.40999984741211,22.670000076293945,22.100000381469727,22.610000610351562,10222900
2020-08-25,21.8704833984375,23.190000534057617,23.780000686645508,22.420000076293945,22.5,43663000
2020-08-26,21.031124114990234,22.299999237060547,23.100000381469727,21.93000030517578,23.0,18221900
2020-08-27,21.25746726989746,22.540000915527344,22.690000534057617,22.1200008392334,22.309999465942383,7247100
2020-08-28,22.40804672241211,23.760000228881836,24.350000381469727,22.43000030517578,22.540000915527344,27639300
2020-08-31,21.314054489135742,22.600000381469727,23.75,22.600000381469727,23.600000381469727,23273600
2020-09-01,21.351776123046875,22.639999389648438,23.0,22.399999618530273,22.799999237060547,10707200
2020-09-02,20.899091720581055,22.15999984741211,22.920000076293945,22.09000015258789,22.700000762939453,6540100
2020-09-03,20.917953491210938,22.18000030517578,22.350000381469727,21.68000030517578,22.25,12511000
2020-09-04,21.06884765625,22.34000015258789,22.3700008392334,21.59000015258789,22.25,21393600
2020-09-08,20.804780960083008,22.059999465942383,22.510000228881836,21.860000610351562,21.8700008392334,6831200
2020-09-09,20.82364273071289,22.079999923706055,22.5,21.739999771118164,22.299999237060547,7566100
2020-09-10,20.2294921875,21.450000762939453,22.139999389648438,21.31999969482422,22.049999237060547,6931200
2020-09-11,19.823955535888672,21.020000457763672,21.540000915527344,20.75,21.5,9246000
2020-09-14,20.267213821411133,21.489999771118164,21.65999984741211,20.899999618530273,21.139999389648438,5763500
2020-09-15,20.078594207763672,21.290000915527344,21.68000030517578,20.799999237060547,21.68000030517578,8953200
2020-09-16,20.276643753051758,21.5,21.770000457763672,21.260000228881836,21.350000381469727,9124400
2020-09-17,20.540714263916016,21.780000686645508,21.780000686645508,21.200000762939453,21.200000762939453,6015400
2020-09-18,20.13517951965332,21.350000381469727,21.829999923706055,21.139999389648438,21.75,10195700
2020-09-21,19.276958465576172,20.440000534057617,21.110000610351562,20.299999237060547,21.100000381469727,8575300
2020-09-22,19.437286376953125,20.610000610351562,20.790000915527344,20.219999313354492,20.440000534057617,9777500
2020-09-23,19.607044219970703,20.790000915527344,20.90999984741211,20.399999618530273,20.399999618530273,8139500
2020-09-24,19.522165298461914,20.700000762939453,21.280000686645508,20.579999923706055,20.799999237060547,6247200
2020-09-25,19.65419578552246,20.84000015258789,20.90999984741211,20.260000228881836,20.549999237060547,3949600
2020-09-28,18.75825309753418,19.889999389648438,20.920000076293945,19.860000610351562,20.850000381469727,8005800
2020-09-29,18.05093002319336,19.139999389648438,20.0,19.139999389648438,19.940000534057617,13994000
2020-09-30,17.975482940673828,19.059999465942383,19.5,18.790000915527344,19.31999969482422,15407700
2020-10-01,18.418737411499023,19.530000686645508,19.739999771118164,18.8799991607666,19.100000381469727,13387200
2020-10-02,17.871740341186523,18.950000762939453,19.579999923706055,18.8700008392334,19.440000534057617,7167300
2020-10-05,17.796295166015625,18.8700008392334,19.18000030517578,18.719999313354492,18.84000015258789,6271500
2020-10-06,17.730276107788086,18.799999237060547,19.079999923706055,18.399999618530273,19.059999465942383,17234000
2020-10-07,17.38132667541504,18.43000030517578,18.889999389648438,18.43000030517578,18.860000610351562,8172200
2020-10-08,17.419050216674805,18.469999313354492,18.6200008392334,18.290000915527344,18.520000457763672,6188900
2020-10-09,16.994659423828125,18.020000457763672,18.420000076293945,17.739999771118164,18.360000610351562,19013000
2020-10-13,16.91921043395996,17.940000534057617,18.3799991607666,17.940000534057617,18.020000457763672,11118200
2020-10-14,17.852876663208008,18.93000030517578,19.100000381469727,18.020000457763672,18.1299991607666,16908200
2020-10-15,17.918893814086914,19.0,19.139999389648438,18.56999969482422,18.739999771118164,13614200
2020-10-16,17.683120727539062,18.75,18.940000534057617,18.399999618530273,18.940000534057617,11328300
2020-10-19,17.6076717376709,18.670000076293945,18.950000762939453,18.520000457763672,18.59000015258789,7000300
2020-10-20,17.428482055664062,18.479999542236328,18.889999389648438,18.420000076293945,18.809999465942383,5997500
2020-10-21,17.305883407592773,18.350000381469727,18.639999389648438,18.219999313354492,18.56999969482422,6210800
2020-10-22,17.560518264770508,18.6200008392334,18.6200008392334,18.059999465942383,18.299999237060547,7013500
2020-10-23,17.09839630126953,18.1299991607666,18.6299991607666,18.09000015258789,18.469999313354492,6123700
2020-10-26,16.994659423828125,18.020000457763672,18.270000457763672,17.8700008392334,18.1299991607666,6248900
2020-10-27,17.022951126098633,18.049999237060547,18.239999771118164,17.8799991607666,18.09000015258789,9016300
2020-10-28,16.53253936767578,17.530000686645508,18.0,17.5,17.75,8269300
2020-10-29,17.287015914916992,18.329999923706055,18.440000534057617,17.309999465942383,17.510000228881836,11546900
2020-10-30,17.29644775390625,18.34000015258789,18.700000762939453,18.059999465942383,18.219999313354492,14024700
2020-11-03,17.3153133392334,18.360000610351562,18.68000030517578,18.139999389648438,18.600000381469727,11490600
2020-11-04,17.956619262695312,19.040000915527344,19.299999237060547,18.329999923706055,18.530000686645508,7672000
2020-11-05,18.729963302612305,19.860000610351562,20.0,19.170000076293945,19.469999313354492,11409000
2020-11-06,18.116945266723633,19.209999084472656,19.81999969482422,19.15999984741211,19.799999237060547,9482400
2020-11-09,19.286392211914062,20.450000762939453,20.600000381469727,19.6200008392334,19.709999084472656,19144300
2020-11-10,18.928010940551758,20.06999969482422,20.690000534057617,19.979999542236328,20.479999542236328,11730900
2020-11-11,18.89971923828125,20.040000915527344,20.700000762939453,19.639999389648438,20.040000915527344,11843500
2020-11-12,17.918893814086914,19.0,19.989999771118164,18.75,19.989999771118164,20223400
2020-11-13,18.201824188232422,19.299999237060547,19.420000076293945,18.670000076293945,19.110000610351562,10611100
2020-11-16,17.852876663208008,18.93000030517578,19.690000534057617,18.8799991607666,19.59000015258789,10704400
2020-11-17,17.730276107788086,18.799999237060547,19.0,18.3799991607666,18.899999618530273,12913600
2020-11-18,17.324743270874023,18.3700008392334,18.8700008392334,18.360000610351562,18.75,9611000
2020-11-19,17.541654586791992,18.600000381469727,18.600000381469727,18.209999084472656,18.350000381469727,8263100
2020-11-23,18.107515335083008,19.200000762939453,19.489999771118164,18.389999389648438,18.700000762939453,12650700
2020-11-24,17.8623104095459,18.940000534057617,19.780000686645508,18.8799991607666,19.540000915527344,21415700
2020-11-25,18.069791793823242,19.15999984741211,19.5,18.969999313354492,18.979999542236328,9878800
2020-11-26,18.352720260620117,19.459999084472656,19.579999923706055,19.059999465942383,19.09000015258789,4538300
2020-11-27,18.267841339111328,19.3700008392334,19.799999237060547,19.25,19.530000686645508,5599000
2020-11-30,17.88117027282715,18.959999084472656,19.68000030517578,18.780000686645508,19.309999465942383,12169100
2020-12-01,18.55077362060547,19.670000076293945,20.1299991607666,19.200000762939453,19.219999313354492,15864000
2020-12-02,18.86199378967285,20.0,20.5,19.739999771118164,19.829999923706055,13219000
2020-12-03,19.09777069091797,20.25,20.6299991607666,19.959999084472656,20.15999984741211,9654600
2020-12-04,19.465576171875,20.639999389648438,21.0,20.1200008392334,20.329999923706055,9164600
2020-12-07,18.84313201904297,19.979999542236328,20.6200008392334,19.770000457763672,20.6200008392334,6682400
2020-12-08,18.682802200317383,19.809999465942383,20.200000762939453,19.68000030517578,19.860000610351562,7544700
2020-12-09,18.145238876342773,19.239999771118164,19.84000015258789,19.079999923706055,19.65999984741211,11402100
2020-12-10,18.201824188232422,19.299999237060547,19.43000030517578,18.700000762939453,19.350000381469727,10298500
2020-12-11,17.701980590820312,18.770000457763672,19.190000534057617,18.649999618530273,19.190000534057617,16154900
2020-12-14,17.4945011138916,18.549999237060547,19.219999313354492,18.549999237060547,18.8700008392334,8612000
2020-12-15,18.390443801879883,19.5,19.579999923706055,18.549999237060547,18.549999237060547,16351500
2020-12-16,18.409305572509766,19.520000457763672,19.639999389648438,19.209999084472656,19.479999542236328,14844600
2020-12-17,18.673372268676758,19.799999237060547,19.979999542236328,19.280000686645508,19.530000686645508,13250900
2020-12-18,18.277273178100586,19.3799991607666,19.899999618530273,19.209999084472656,19.81999969482422,14886400
2020-12-21,18.15467071533203,19.25,19.299999237060547,18.670000076293945,18.989999771118164,8601500
2020-12-22,18.060359954833984,19.149999618530273,19.459999084472656,19.0,19.280000686645508,10092600
2020-12-23,18.107515335083008,19.200000762939453,19.389999389648438,19.18000030517578,19.200000762939453,6346900
2020-12-28,18.531911849975586,19.649999618530273,19.729999542236328,19.15999984741211,19.350000381469727,7493600
2020-12-29,18.418737411499023,19.530000686645508,19.84000015258789,19.31999969482422,19.790000915527344,6787300
2020-12-30,18.145238876342773,19.239999771118164,19.6299991607666,19.209999084472656,19.6299991607666,16176200
2021-01-04,18.060359954833984,19.149999618530273,19.770000457763672,19.059999465942383,19.360000610351562,15041500
2021-01-05,18.201824188232422,19.299999237060547,19.3799991607666,18.790000915527344,19.100000381469727,10187600
2021-01-06,18.088651657104492,19.18000030517578,19.530000686645508,18.90999984741211,19.110000610351562,14303600
2021-01-07,18.513044357299805,19.6299991607666,19.799999237060547,18.959999084472656,19.18000030517578,16655700
2021-01-08,18.86199378967285,20.0,20.219999313354492,19.68000030517578,19.729999542236328,16484700
2021-01-11,18.531911849975586,19.649999618530273,20.030000686645508,19.399999618530273,19.780000686645508,11065800
2021-01-12,19.51273536682129,20.690000534057617,20.850000381469727,19.68000030517578,19.989999771118164,16763300
2021-01-13,19.522165298461914,20.700000762939453,20.829999923706055,20.190000534057617,20.829999923706055,7102400
2021-01-14,19.55988883972168,20.739999771118164,21.040000915527344,20.579999923706055,20.760000228881836,7145300
2021-01-15,20.003145217895508,21.209999084472656,21.3799991607666,20.459999084472656,20.5,15699200
2021-01-18,19.729644775390625,20.920000076293945,21.31999969482422,20.920000076293945,21.229999542236328,7843300
2021-01-19,19.899402618408203,21.100000381469727,21.420000076293945,20.799999237060547,21.18000030517578,16568900
2021-01-20,19.83338737487793,21.030000686645508,21.350000381469727,20.959999084472656,21.209999084472656,10341900
2021-01-21,19.701353073120117,20.889999389648438,21.15999984741211,20.690000534057617,21.020000457763672,9775800
2021-01-22,19.66362953186035,20.850000381469727,21.010000228881836,20.34000015258789,20.600000381469727,14337000
2021-01-26,19.493871688842773,20.670000076293945,21.170000076293945,20.510000228881836,20.6200008392334,9335100
2021-01-27,19.578750610351562,20.760000228881836,20.979999542236328,20.479999542236328,20.600000381469727,9771900
2021-01-28,19.729644775390625,20.920000076293945,21.149999618530273,20.700000762939453,20.700000762939453,9044100
2021-01-29,19.14492416381836,20.299999237060547,21.100000381469727,20.079999923706055,20.799999237060547,15314400
2021-02-01,19.899402618408203,21.100000381469727,21.3799991607666,20.479999542236328,20.8799991607666,11936600
2021-02-02,19.58818244934082,20.770000457763672,21.850000381469727,20.770000457763672,21.600000381469727,10692200
2021-02-03,20.46526336669922,21.700000762939453,21.850000381469727,20.84000015258789,20.889999389648438,13052100
2021-02-04,20.276643753051758,21.5,21.979999542236328,21.3700008392334,21.649999618530273,12574300
2021-02-05,20.13517951965332,21.350000381469727,21.610000610351562,21.209999084472656,21.530000686645508,9050400
2021-02-08,20.13517951965332,21.350000381469727,21.670000076293945,21.100000381469727,21.31999969482422,6088700
2021-02-09,19.66362953186035,20.850000381469727,21.34000015258789,20.65999984741211,21.309999465942383,8915700
2021-02-10,18.984596252441406,20.1299991607666,20.920000076293945,19.75,20.860000610351562,21258600
2021-02-11,18.682802200317383,19.809999465942383,20.469999313354492,19.479999542236328,20.219999313354492,14210800
2021-02-12,19.031753540039062,20.18000030517578,20.270000457763672,18.81999969482422,19.56999969482422,27179400
2021-02-17,19.050615310668945,20.200000762939453,20.299999237060547,19.209999084472656,20.0,23297800
2021-02-18,19.14492416381836,20.299999237060547,20.31999969482422,19.760000228881836,19.899999618530273,18051900
2021-02-19,18.45646095275879,19.56999969482422,20.43000030517578,19.520000457763672,20.309999465942383,14957800
2021-02-22,18.003774642944336,19.09000015258789,19.350000381469727,18.360000610351562,18.969999313354492,19324200
2021-02-23,18.352720260620117,19.459999084472656,19.540000915527344,18.969999313354492,19.139999389648438,14790600
2021-02-24,18.15467071533203,19.25,19.600000381469727,19.040000915527344,19.5,9479700
2021-02-25,17.588809967041016,18.649999618530273,19.43000030517578,18.459999084472656,19.260000228881836,14747400
2021-02-26,17.070106506347656,18.100000381469727,18.729999542236328,18.100000381469727,18.670000076293945,17810500
2021-03-01,17.051240921020508,18.079999923706055,18.729999542236328,18.06999969482422,18.1299991607666,11907300
2021-03-02,17.258724212646484,18.299999237060547,18.479999542236328,17.510000228881836,17.950000762939453,13410700
2021-03-03,17.43791389465332,18.489999771118164,18.690000534057617,17.43000030517578,18.15999984741211,14038100
2021-03-04,18.720531463623047,19.850000381469727,20.0,18.540000915527344,18.709999084472656,21698200
2021-03-05,19.154354095458984,20.309999465942383,20.84000015258789,19.799999237060547,19.940000534057617,23493500
2021-03-08,17.63596534729004,18.700000762939453,20.06999969482422,18.549999237060547,19.979999542236328,16425200
2021-03-09,17.38132667541504,18.43000030517578,18.920000076293945,18.280000686645508,18.739999771118164,16617900
2021-03-10,17.46620750427246,18.520000457763672,18.760000228881836,18.280000686645508,18.709999084472656,14515500
2021-03-11,18.682802200317383,19.809999465942383,19.809999465942383,18.469999313354492,18.670000076293945,16843300
2021-03-12,18.5884952545166,19.709999084472656,19.709999084472656,19.079999923706055,19.459999084472656,8929200
2021-03-15,18.9185791015625,20.059999465942383,20.059999465942383,19.3700008392334,19.700000762939453,7438100
2021-03-16,18.107515335083008,19.200000762939453,19.959999084472656,19.1299991607666,19.670000076293945,9161300
2021-03-17,19.399560928344727,20.56999969482422,20.56999969482422,19.170000076293945,19.170000076293945,13109400
2021-03-18,19.11663246154785,20.270000457763672,20.68000030517578,19.899999618530273,20.079999923706055,14378200
2021-03-19,19.58818244934082,20.770000457763672,20.979999542236328,20.170000076293945,20.25,15212500
2021-03-22,19.239233016967773,20.399999618530273,20.739999771118164,20.229999542236328,20.450000762939453,5003700
2021-03-23,18.84313201904297,19.979999542236328,20.3700008392334,19.770000457763672,20.34000015258789,4524600
2021-03-24,18.494186401367188,19.610000610351562,20.09000015258789,19.59000015258789,19.809999465942383,7624300
2021-03-25,18.673372268676758,19.799999237060547,19.989999771118164,19.139999389648438,19.420000076293945,13283100
2021-03-26,18.579063415527344,19.700000762939453,20.18000030517578,19.579999923706055,19.760000228881836,7393400
2021-03-29,18.795978546142578,19.93000030517578,20.110000610351562,19.5,19.600000381469727,5704200
2021-03-30,18.975168228149414,20.1200008392334,20.270000457763672,19.75,19.75,8192400
2021-03-31,19.09777069091797,20.25,20.34000015258789,19.899999618530273,20.049999237060547,10938500
2021-04-01,19.012893676757812,20.15999984741211,20.3700008392334,20.010000228881836,20.200000762939453,3933500
2021-04-05,19.55988883972168,20.739999771118164,20.889999389648438,20.25,20.299999237060547,6405400
2021-04-06,19.739078521728516,20.93000030517578,20.959999084472656,20.260000228881836,20.719999313354492,8213000
2021-04-07,19.09777069091797,20.25,20.93000030517578,20.190000534057617,20.93000030517578,6594400
2021-04-08,19.286392211914062,20.450000762939453,20.75,20.260000228881836,20.399999618530273,8861300
2021-04-09,19.154354095458984,20.309999465942383,20.450000762939453,20.15999984741211,20.270000457763672,3531000
2021-04-12,19.31468391418457,20.479999542236328,20.600000381469727,20.190000534057617,20.3700008392334,4628300
2021-04-13,19.126062393188477,20.280000686645508,20.43000030517578,19.860000610351562,20.399999618530273,8439500
2021-04-14,19.192081451416016,20.350000381469727,20.510000228881836,20.030000686645508,20.15999984741211,9506700
2021-04-15,19.427854537963867,20.600000381469727,20.760000228881836,20.219999313354492,20.25,10916400
2021-04-16,19.814525604248047,21.010000228881836,21.239999771118164,20.559999465942383,20.610000610351562,14736800
2021-04-19,19.625904083251953,20.809999465942383,21.290000915527344,20.739999771118164,21.110000610351562,10591200
2021-04-20,19.58818244934082,20.770000457763672,21.040000915527344,20.709999084472656,20.719999313354492,6573900
2021-04-22,19.616472244262695,20.799999237060547,21.09000015258789,20.459999084472656,20.81999969482422,8039400
2021-04-23,19.86168098449707,21.059999465942383,21.350000381469727,20.81999969482422,20.889999389648438,11366800
2021-04-26,19.503305435180664,20.68000030517578,21.399999618530273,20.540000915527344,21.09000015258789,5838100
2021-04-27,19.258098602294922,20.420000076293945,20.8799991607666,20.25,20.690000534057617,6587200
2021-04-28,19.55988883972168,20.739999771118164,20.770000457763672,20.329999923706055,20.440000534057617,5086500
2021-04-29,19.399560928344727,20.56999969482422,20.760000228881836,20.360000610351562,20.700000762939453,4518500
2021-04-30,18.86199378967285,20.0,20.790000915527344,19.670000076293945,20.450000762939453,22557700
2021-05-03,19.682493209838867,20.8700008392334,20.899999618530273,19.809999465942383,20.020000457763672,17486500
2021-05-04,19.503305435180664,20.68000030517578,21.020000457763672,20.540000915527344,20.6200008392334,8160700
2021-05-05,19.66362953186035,20.850000381469727,20.940000534057617,20.549999237060547,20.8799991607666,3925500
2021-05-06,19.522165298461914,20.700000762939453,20.829999923706055,20.450000762939453,20.760000228881836,3187600
2021-05-07,20.125747680664062,21.34000015258789,21.389999389648438,20.700000762939453,20.75,6504300
2021-05-10,20.21062469482422,21.43000030517578,21.549999237060547,21.079999923706055,21.139999389648438,8444500
2021-05-11,19.993717193603516,21.200000762939453,21.290000915527344,20.940000534057617,21.18000030517578,6872000
2021-05-12,19.060043334960938,20.209999084472656,20.969999313354492,20.200000762939453,20.899999618530273,8229600
2021-05-13,19.66362953186035,20.850000381469727,21.149999618530273,20.3799991607666,20.389999389648438,5888900
2021-05-14,19.75794219970703,20.950000762939453,21.649999618530273,20.770000457763672,21.100000381469727,7004600
2021-05-17,19.522165298461914,20.700000762939453,21.030000686645508,20.479999542236328,20.920000076293945,7470700
2021-05-18,19.465576171875,20.639999389648438,20.760000228881836,20.459999084472656,20.600000381469727,4452500
2021-05-19,19.069475173950195,20.219999313354492,20.690000534057617,19.979999542236328,20.40999984741211,12638800
2021-05-20,19.060043334960938,20.209999084472656,20.479999542236328,20.059999465942383,20.270000457763672,12503200
2021-05-21,18.833702087402344,19.969999313354492,20.459999084472656,19.860000610351562,20.309999465942383,8064500
2021-05-24,19.616472244262695,20.799999237060547,20.899999618530273,20.0,20.0,8422200
2021-05-25,19.55045509338379,20.729999542236328,20.989999771118164,20.6200008392334,20.84000015258789,6312900
2021-05-26,19.616472244262695,20.799999237060547,20.950000762939453,20.510000228881836,20.850000381469727,4059300
2021-05-27,19.66362953186035,20.850000381469727,20.899999618530273,20.649999618530273,20.760000228881836,10411100
2021-05-28,19.69192123413086,20.8799991607666,20.989999771118164,20.59000015258789,20.719999313354492,4104400
2021-05-31,19.493871688842773,20.670000076293945,20.899999618530273,20.459999084472656,20.799999237060547,6468400
2021-06-01,20.13517951965332,21.350000381469727,21.350000381469727,20.790000915527344,20.790000915527344,9667100
2021-06-02,20.446401596069336,21.68000030517578,22.0,21.100000381469727,21.290000915527344,9548100
2021-06-04,20.078594207763672,21.290000915527344,21.579999923706055,21.059999465942383,21.579999923706055,7744000
2021-06-07,19.91826629638672,21.1200008392334,21.440000534057617,21.06999969482422,21.290000915527344,10420200
2021-06-08,20.012577056884766,21.219999313354492,21.25,21.010000228881836,21.170000076293945,4903800
2021-06-09,19.63533592224121,20.81999969482422,21.290000915527344,20.760000228881836,21.290000915527344,5679600
2021-06-10,19.889972686767578,21.09000015258789,21.09000015258789,20.670000076293945,20.950000762939453,5114800
2021-06-11,19.40899085998535,20.579999923706055,21.149999618530273,20.299999237060547,21.149999618530273,4978400
2021-06-14,19.569320678710938,20.75,21.020000457763672,20.459999084472656,20.729999542236328,6864800
2021-06-15,19.33354377746582,20.5,20.829999923706055,20.31999969482422,20.75,8367500
2021-06-16,19.078907012939453,20.229999542236328,20.549999237060547,20.149999618530273,20.520000457763672,12573300
2021-06-17,18.9563045501709,20.100000381469727,20.34000015258789,19.979999542236328,20.260000228881836,6796300
2021-06-18,19.173215866088867,20.329999923706055,20.329999923706055,19.8700008392334,20.09000015258789,14680500
2021-06-21,18.9185791015625,20.059999465942383,20.31999969482422,19.899999618530273,20.31999969482422,9061100
2021-06-22,18.729963302612305,19.860000610351562,20.040000915527344,19.510000228881836,20.040000915527344,10807600
2021-06-23,18.5884952545166,19.709999084472656,20.020000457763672,19.559999465942383,19.829999923706055,5938500
2021-06-24,18.795978546142578,19.93000030517578,20.0,19.649999618530273,19.8700008392334,6592200
2021-06-25,18.42816734313965,19.540000915527344,19.950000762939453,19.260000228881836,19.950000762939453,13010100
2021-06-28,18.494186401367188,19.610000610351562,19.850000381469727,19.43000030517578,19.56999969482422,5309300
2021-06-29,18.484756469726562,19.600000381469727,19.700000762939453,19.25,19.700000762939453,5545900
2021-06-30,18.060359954833984,19.149999618530273,19.610000610351562,19.149999618530273,19.440000534057617,10627600
2021-07-01,18.626220703125,19.75,19.920000076293945,19.059999465942383,19.209999084472656,14913700
2021-07-02,18.626220703125,19.75,20.049999237060547,19.360000610351562,19.93000030517578,8569900
2021-07-05,18.663944244384766,19.790000915527344,19.950000762939453,19.56999969482422,19.56999969482422,5924200
2021-07-06,18.258411407470703,19.360000610351562,19.799999237060547,19.309999465942383,19.670000076293945,6091100
2021-07-07,19.11663246154785,20.270000457763672,20.389999389648438,19.549999237060547,19.579999923706055,11430900
2021-07-08,18.86199378967285,20.0,20.170000076293945,19.75,19.93000030517578,7068500
2021-07-12,18.984596252441406,20.1299991607666,20.360000610351562,19.90999984741211,20.149999618530273,5522300
2021-07-13,19.239233016967773,20.399999618530273,20.479999542236328,19.850000381469727,19.90999984741211,5310500
2021-07-14,19.578750610351562,20.760000228881836,20.979999542236328,20.510000228881836,20.520000457763672,12042100
2021-07-15,19.36183738708496,20.530000686645508,20.940000534057617,20.5,20.790000915527344,8739600
2021-07-16,19.295820236206055,20.459999084472656,20.75,20.40999984741211,20.68000030517578,5038000
2021-07-19,19.682493209838867,20.8700008392334,21.079999923706055,20.09000015258789,20.1200008392334,18421700
2021-07-20,20.13517951965332,21.350000381469727,21.799999237060547,20.770000457763672,20.770000457763672,27285400
2021-07-21,20.46526336669922,21.700000762939453,21.860000610351562,21.15999984741211,21.350000381469727,14542400
2021-07-22,20.2294921875,21.450000762939453,21.670000076293945,21.350000381469727,21.6200008392334,5460400
2021-07-23,20.13517951965332,21.350000381469727,21.549999237060547,21.200000762939453,21.399999618530273,2784500
2021-07-26,20.05973243713379,21.270000457763672,21.530000686645508,21.079999923706055,21.31999969482422,3761000
2021-07-27,19.616472244262695,20.799999237060547,21.229999542236328,20.65999984741211,21.229999542236328,7136600
2021-07-28,19.908836364746094,21.110000610351562,21.270000457763672,20.799999237060547,20.799999237060547,6317700
2021-07-29,19.720212936401367,20.90999984741211,21.219999313354492,20.770000457763672,21.190000534057617,5696100
2021-07-30,19.484439849853516,20.65999984741211,21.020000457763672,20.549999237060547,20.690000534057617,8055100
2021-08-02,19.63533592224121,20.81999969482422,21.25,20.760000228881836,20.790000915527344,8117400
2021-08-03,19.55045509338379,20.729999542236328,20.8799991607666,20.280000686645508,20.850000381469727,5203200
2021-08-04,19.135494232177734,20.290000915527344,20.729999542236328,20.06999969482422,20.510000228881836,5298100
2021-08-05,18.946874618530273,20.09000015258789,20.600000381469727,19.959999084472656,20.440000534057617,3988600
2021-08-06,19.04118537902832,20.190000534057617,20.299999237060547,19.93000030517578,20.06999969482422,3873000
2021-08-09,18.833702087402344,19.969999313354492,20.3799991607666,19.969999313354492,20.139999389648438,6633900
2021-08-10,18.465892791748047,19.579999923706055,20.170000076293945,19.530000686645508,20.079999923706055,7530300
2021-08-11,18.522480010986328,19.639999389648438,19.8799991607666,19.43000030517578,19.6299991607666,5568500
2021-08-12,18.437597274780273,19.549999237060547,19.81999969482422,19.420000076293945,19.690000534057617,5722700
2021-08-13,18.032068252563477,19.1200008392334,19.3700008392334,18.889999389648438,19.360000610351562,15065800
2021-08-16,17.551088333129883,18.610000610351562,19.079999923706055,18.34000015258789,19.079999923706055,11584100
2021-08-17,17.532222747802734,18.59000015258789,18.6200008392334,18.040000915527344,18.59000015258789,9764800
2021-08-18,17.022951126098633,18.049999237060547,18.549999237060547,18.049999237060547,18.549999237060547,16704400
2021-08-19,17.22100257873535,18.260000228881836,18.260000228881836,17.5,17.950000762939453,17856700
2021-08-20,17.08896827697754,18.1200008392334,18.34000015258789,17.90999984741211,18.0,8538900
2021-08-23,17.38132667541504,18.43000030517578,18.489999771118164,18.049999237060547,18.049999237060547,9503300
2021-08-24,17.664255142211914,18.729999542236328,19.030000686645508,18.5,18.530000686645508,9723300
2021-08-25,17.796295166015625,18.8700008392334,18.940000534057617,18.5,18.68000030517578,7421200
2021-08-26,17.664255142211914,18.729999542236328,18.950000762939453,18.399999618530273,18.700000762939453,11651900
2021-08-27,17.928325653076172,19.010000228881836,19.059999465942383,18.68000030517578,18.799999237060547,17974400
2021-08-30,17.777429580688477,18.850000381469727,19.040000915527344,18.549999237060547,18.920000076293945,10148700
2021-08-31,17.65482521057129,18.719999313354492,19.079999923706055,18.440000534057617,18.850000381469727,11686200
2021-09-01,18.248981475830078,19.350000381469727,19.540000915527344,18.399999618530273,18.739999771118164,16372400
2021-09-02,17.928325653076172,19.010000228881836,19.329999923706055,18.729999542236328,19.219999313354492,10355700
2021-09-03,17.90946388244629,18.989999771118164,19.110000610351562,18.18000030517578,19.100000381469727,21165800
2021-09-06,17.8623104095459,18.940000534057617,19.0,18.559999465942383,18.899999618530273,5639300
2021-09-08,17.192705154418945,18.229999542236328,18.8799991607666,18.1200008392334,18.729999542236328,13474400
2021-09-09,17.503931045532227,18.559999465942383,18.920000076293945,17.8700008392334,18.200000762939453,10014100
2021-09-10,17.08896827697754,18.1200008392334,18.780000686645508,17.940000534057617,18.610000610351562,9058400
2021-09-13,17.400190353393555,18.450000762939453,18.68000030517578,18.31999969482422,18.579999923706055,10287600
2021-09-14,17.371896743774414,18.420000076293945,18.65999984741211,18.420000076293945,18.5,4389400
2021-09-15,17.173843383789062,18.209999084472656,18.530000686645508,18.079999923706055,18.5,5349500
2021-09-16,16.66457176208496,17.670000076293945,18.190000534057617,17.610000610351562,18.1200008392334,9197500
2021-09-17,16.53253936767578,17.530000686645508,17.68000030517578,17.399999618530273,17.68000030517578,9042000
2021-09-20,16.325057983398438,17.309999465942383,17.530000686645508,17.030000686645508,17.479999542236328,8502100
2021-09-21,16.645709991455078,17.649999618530273,17.860000610351562,17.209999084472656,17.3700008392334,20399900
2021-09-22,16.711727142333984,17.719999313354492,17.860000610351562,17.549999237060547,17.860000610351562,17100600
2021-09-23,16.862621307373047,17.8799991607666,18.030000686645508,17.670000076293945,17.799999237060547,11409600
2021-09-24,16.6928653717041,17.700000762939453,17.860000610351562,17.489999771118164,17.68000030517578,5057700
2021-09-27,16.7305908203125,17.739999771118164,17.950000762939453,17.489999771118164,17.6299991607666,9754600
2021-09-28,16.183589935302734,17.15999984741211,17.65999984741211,17.09000015258789,17.56999969482422,6428000
2021-09-29,16.01383399963379,16.979999542236328,17.290000915527344,16.920000076293945,17.25,12173100
2021-09-30,15.834643363952637,16.790000915527344,17.280000686645508,16.760000228881836,17.049999237060547,15404000
2021-10-01,16.325057983398438,17.309999465942383,17.309999465942383,16.670000076293945,16.739999771118164,23374600
2021-10-04,16.032695770263672,17.0,17.049999237060547,16.690000534057617,17.020000457763672,13591400
2021-10-05,16.032695770263672,17.0,17.200000762939453,16.93000030517578,17.059999465942383,7966800
2021-10-06,17.192705154418945,18.229999542236328,18.530000686645508,16.8700008392334,16.899999618530273,25019200
2021-10-07,16.63627815246582,17.639999389648438,18.1200008392334,17.5,18.1200008392334,9723000
2021-10-08,17.202138900756836,18.239999771118164,18.479999542236328,17.649999618530273,17.690000534057617,11398800
2021-10-11,17.13612174987793,18.170000076293945,18.389999389648438,17.969999313354492,18.149999618530273,5704400
2021-10-13,17.39076042175293,18.440000534057617,18.639999389648438,18.010000228881836,18.06999969482422,8941500
2021-10-14,17.57938003540039,18.639999389648438,18.75,18.209999084472656,18.469999313354492,5868200
2021-10-15,17.305883407592773,18.350000381469727,18.68000030517578,18.170000076293945,18.68000030517578,9564200
2021-10-18,17.173843383789062,18.209999084472656,18.34000015258789,17.979999542236328,18.209999084472656,8992800
2021-10-19,16.579694747924805,17.579999923706055,18.0,17.270000457763672,17.8700008392334,15382000
2021-10-20,16.108142852783203,17.079999923706055,17.700000762939453,17.059999465942383,17.65999984741211,13561900
2021-10-21,15.457405090332031,16.389999389648438,17.040000915527344,16.25,16.889999389648438,18362400
2021-10-22,15.63659381866455,16.579999923706055,16.719999313354492,15.630000114440918,16.389999389648438,27554700
2021-10-25,15.78748893737793,16.739999771118164,16.93000030517578,16.31999969482422,16.3700008392334,11144900
2021-10-26,15.3630952835083,16.290000915527344,16.65999984741211,16.18000030517578,16.420000076293945,10109900
2021-10-27,15.278215408325195,16.200000762939453,16.579999923706055,16.06999969482422,16.399999618530273,8996200
2021-10-28,15.183906555175781,16.100000381469727,16.43000030517578,15.949999809265137,16.1200008392334,9654600
2021-10-29,15.08016300201416,15.989999771118164,16.200000762939453,15.720000267028809,16.1299991607666,16126700
2021-11-01,15.617731094360352,16.559999465942383,16.700000762939453,16.040000915527344,16.229999542236328,14151400
2021-11-03,16.334487915039062,17.31999969482422,17.43000030517578,16.399999618530273,16.43000030517578,15062600
2021-11-04,16.249608993530273,17.229999542236328,17.56999969482422,17.010000228881836,17.329999923706055,13166900
2021-11-05,16.023265838623047,16.989999771118164,17.450000762939453,16.709999084472656,17.420000076293945,17489800
2021-11-08,15.806352615356445,16.760000228881836,17.1299991607666,16.559999465942383,17.06999969482422,14251500
2021-11-09,15.966679573059082,16.93000030517578,17.170000076293945,16.719999313354492,16.790000915527344,10327300
2021-11-10,15.881800651550293,16.84000015258789,17.100000381469727,16.670000076293945,16.829999923706055,12691100
2021-11-11,16.20245361328125,17.18000030517578,17.5,16.959999084472656,17.110000610351562,12397400
2021-11-12,15.81578254699707,16.770000457763672,17.18000030517578,16.600000381469727,17.010000228881836,19073300
2021-11-16,15.730902671813965,16.68000030517578,16.940000534057617,16.520000457763672,16.889999389648438,11745800
2021-11-17,15.825213432312012,16.780000686645508,17.110000610351562,16.559999465942383,16.84000015258789,10999100
2021-11-18,15.796919822692871,16.75,17.079999923706055,16.639999389648438,16.940000534057617,9333000
2021-11-19,16.051557540893555,17.020000457763672,17.229999542236328,16.75,16.809999465942383,12991300
2021-11-22,15.90066146850586,16.860000610351562,17.43000030517578,16.68000030517578,17.020000457763672,10140400
2021-11-23,16.560829162597656,17.559999465942383,17.559999465942383,16.8700008392334,17.209999084472656,17296000
2021-11-24,16.55139923095703,17.549999237060547,17.739999771118164,17.270000457763672,17.290000915527344,14596700
2021-11-25,16.890914916992188,17.90999984741211,17.979999542236328,17.600000381469727,17.68000030517578,7255700
2021-11-26,16.617416381835938,17.6200008392334,17.690000534057617,17.350000381469727,17.5,8948500
2021-11-29,16.617416381835938,17.6200008392334,17.8700008392334,17.399999618530273,17.84000015258789,11575200
2021-11-30,16.57026481628418,17.56999969482422,17.56999969482422,17.200000762939453,17.540000915527344,24587200
2021-12-01,16.5136775970459,17.510000228881836,17.969999313354492,17.399999618530273,17.829999923706055,16204800
2021-12-02,16.607986450195312,17.610000610351562,17.920000076293945,17.40999984741211,17.649999618530273,10834600
2021-12-03,17.070106506347656,18.100000381469727,18.540000915527344,17.600000381469727,17.610000610351562,19031200
2021-12-06,16.598554611206055,17.600000381469727,18.3700008392334,17.5,18.229999542236328,19312400
2021-12-07,16.306194305419922,17.290000915527344,17.84000015258789,17.149999618530273,17.690000534057617,13572200
2021-12-08,16.6928653717041,17.700000762939453,17.780000686645508,17.049999237060547,17.299999237060547,14519000
2021-12-09,16.457090377807617,17.450000762939453,17.809999465942383,17.309999465942383,17.65999984741211,6646700
2021-12-10,16.994659423828125,18.020000457763672,18.200000762939453,17.649999618530273,17.65999984741211,8741200
2021-12-13,17.08896827697754,18.1200008392334,18.389999389648438,17.809999465942383,17.899999618530273,9708300
2021-12-14,17.48507308959961,18.540000915527344,18.780000686645508,18.299999237060547,18.309999465942383,14053600
2021-12-15,17.701980590820312,18.770000457763672,19.1299991607666,18.56999969482422,18.610000610351562,18381900
2021-12-16,17.400190353393555,18.450000762939453,19.040000915527344,18.190000534057617,18.950000762939453,16418200
2021-12-17,17.202138900756836,18.239999771118164,18.440000534057617,17.850000381469727,17.920000076293945,14784700
2021-12-20,17.145553588867188,18.18000030517578,18.270000457763672,17.860000610351562,18.1299991607666,8355700
2021-12-21,17.032381057739258,18.059999465942383,18.18000030517578,17.739999771118164,18.110000610351562,9740800
2021-12-22,16.97579574584961,18.0,18.200000762939453,17.760000228881836,18.200000762939453,7103700
2021-12-23,16.66457176208496,17.670000076293945,18.020000457763672,17.670000076293945,18.020000457763672,4891800
2021-12-27,16.787174224853516,17.799999237060547,17.950000762939453,17.670000076293945,17.780000686645508,6991500
2021-12-28,16.53253936767578,17.530000686645508,17.920000076293945,17.440000534057617,17.920000076293945,5827800
2021-12-29,16.50424575805664,17.5,17.68000030517578,17.299999237060547,17.489999771118164,5984200
2021-12-30,16.749452590942383,17.760000228881836,17.81999969482422,17.440000534057617,17.649999618530273,8778100
2022-01-03,16.400503158569336,17.389999389648438,17.899999618530273,17.100000381469727,17.899999618530273,9080400
2022-01-04,16.381641387939453,17.3700008392334,17.559999465942383,17.100000381469727,17.360000610351562,10053300
2022-01-05,15.664888381958008,16.610000610351562,17.229999542236328,16.559999465942383,17.100000381469727,10354500
2022-01-06,15.183906555175781,16.100000381469727,16.979999542236328,15.989999771118164,16.979999542236328,17298000
2022-01-07,14.957560539245605,15.859999656677246,16.110000610351562,15.6899995803833,16.040000915527344,8649400
2022-01-10,14.75951099395752,15.649999618530273,15.819999694824219,15.390000343322754,15.819999694824219,9972600
2022-01-11,15.08959674835205,16.0,16.040000915527344,15.510000228881836,15.510000228881836,10737200
2022-01-12,15.400818824768066,16.329999923706055,16.350000381469727,15.760000228881836,15.899999618530273,8961200
2022-01-13,15.334802627563477,16.260000228881836,16.5,16.149999618530273,16.200000762939453,7614300
2022-01-14,15.38195514678955,16.309999465942383,16.420000076293945,16.1200008392334,16.219999313354492,4790500
2022-01-17,15.419679641723633,16.350000381469727,16.540000915527344,16.1299991607666,16.1299991607666,3878000
2022-01-18,15.466835021972656,16.399999618530273,16.5,16.219999313354492,16.5,4786400
2022-01-19,15.778059005737305,16.729999542236328,16.899999618530273,16.43000030517578,16.559999465942383,6973600
2022-01-20,16.485382080078125,17.479999542236328,17.6200008392334,16.84000015258789,16.8799991607666,9032200
2022-01-21,16.01383399963379,16.979999542236328,17.420000076293945,16.850000381469727,17.399999618530273,11634700
2022-01-24,15.683747291564941,16.6299991607666,17.09000015258789,16.579999923706055,16.979999542236328,6431400
2022-01-25,15.862936973571777,16.81999969482422,16.940000534057617,16.459999084472656,16.549999237060547,8870000
2022-01-26,15.910093307495117,16.8700008392334,17.270000457763672,16.809999465942383,17.0,14266900
2022-01-27,15.712041854858398,16.65999984741211,17.110000610351562,16.479999542236328,17.110000610351562,24283300
2022-01-28,14.863251686096191,15.760000228881836,16.65999984741211,15.6899995803833,16.65999984741211,23991700
2022-01-31,14.731217384338379,15.619999885559082,15.949999809265137,15.40999984741211,15.779999732971191,16527300
2022-02-01,14.62747573852539,15.510000228881836,15.880000114440918,15.1899995803833,15.760000228881836,14263500
2022-02-02,14.570891380310059,15.449999809265137,15.8100004196167,15.430000305175781,15.510000228881836,4907700
2022-02-03,14.353978157043457,15.220000267028809,15.65999984741211,15.020000457763672,15.520000457763672,10535400
2022-02-04,14.391703605651855,15.260000228881836,15.260000228881836,14.789999961853027,15.1899995803833,19246400
2022-02-07,14.023893356323242,14.869999885559082,15.149999618530273,14.720000267028809,15.149999618530273,14098300
2022-02-08,14.684062957763672,15.569999694824219,15.619999885559082,14.770000457763672,15.0,16104600
2022-02-09,15.1461820602417,16.059999465942383,16.239999771118164,15.529999732971191,15.539999961853027,15564400
2022-02-10,15.06130313873291,15.970000267028809,16.18000030517578,15.850000381469727,16.040000915527344,17787600
2022-02-11,15.1461820602417,16.059999465942383,16.25,15.890000343322754,16.06999969482422,10416600
2022-02-14,15.268784523010254,16.190000534057617,16.489999771118164,16.079999923706055,16.079999923706055,8826200
2022-02-15,15.693178176879883,16.639999389648438,16.709999084472656,16.3799991607666,16.459999084472656,8066600
2022-02-16,15.759195327758789,16.709999084472656,16.81999969482422,16.459999084472656,16.780000686645508,7036400
2022-02-17,15.730902671813965,16.68000030517578,16.979999542236328,16.6299991607666,16.639999389648438,7178000
2022-02-18,14.3445463180542,15.210000038146973,16.0,14.960000038146973,15.899999618530273,47509100
2022-02-21,14.40113353729248,15.270000457763672,16.0,15.15999984741211,15.319999694824219,17715400
2022-02-22,14.976423263549805,15.880000114440918,16.219999313354492,15.59000015258789,15.600000381469727,22843100
2022-02-23,14.85382080078125,15.75,16.450000762939453,15.739999771118164,15.859999656677246,17038400
2022-02-24,15.193337440490723,16.110000610351562,16.309999465942383,15.100000381469727,15.350000381469727,12899700
2022-02-25,14.618045806884766,15.5,16.110000610351562,15.329999923706055,16.059999465942383,18571300
2022-03-02,14.750078201293945,15.640000343322754,15.84000015258789,15.350000381469727,15.350000381469727,9010200
2022-03-03,14.684062957763672,15.569999694824219,15.829999923706055,15.529999732971191,15.600000381469727,6416000
2022-03-04,14.382269859313965,15.25,15.640000343322754,14.979999542236328,15.579999923706055,9517000
2022-03-07,14.665202140808105,15.550000190734863,15.979999542236328,15.039999961853027,15.1899995803833,18397000
2022-03-08,15.231060028076172,16.149999618530273,16.309999465942383,15.5600004196167,15.5600004196167,25535300
2022-03-09,15.532853126525879,16.469999313354492,16.579999923706055,15.970000267028809,16.190000534057617,12046200
2022-03-10,15.334802627563477,16.260000228881836,16.639999389648438,16.049999237060547,16.350000381469727,9134400
2022-03-11,14.67463207244873,15.5600004196167,16.469999313354492,15.40999984741211,16.329999923706055,12389900
2022-03-14,14.50487232208252,15.380000114440918,16.110000610351562,15.260000228881836,15.920000076293945,8197100
2022-03-15,14.382269859313965,15.25,15.460000038146973,15.050000190734863,15.289999961853027,9136500
2022-03-16,14.816097259521484,15.710000038146973,15.800000190734863,15.279999732971191,15.430000305175781,8397800
2022-03-17,15.63659381866455,16.579999923706055,16.6299991607666,15.569999694824219,15.6899995803833,20861000
2022-03-18,16.66457176208496,17.670000076293945,17.670000076293945,16.389999389648438,16.520000457763672,24916500
2022-03-21,16.221317291259766,17.200000762939453,17.760000228881836,17.1299991607666,17.450000762939453,5922200
2022-03-22,16.560829162597656,17.559999465942383,17.760000228881836,17.389999389648438,17.6200008392334,6177800
2022-03-23,16.617416381835938,17.6200008392334,17.90999984741211,17.40999984741211,17.639999389648438,6359600
2022-03-24,17.145553588867188,18.18000030517578,18.280000686645508,17.479999542236328,17.700000762939453,12789500
2022-03-25,17.362464904785156,18.40999984741211,18.600000381469727,18.15999984741211,18.280000686645508,12822900
2022-03-28,17.65482521057129,18.719999313354492,18.979999542236328,18.309999465942383,18.549999237060547,8963700
2022-03-29,17.428482055664062,18.479999542236328,19.229999542236328,18.43000030517578,19.0,10393000
2022-03-30,17.371896743774414,18.420000076293945,18.65999984741211,18.270000457763672,18.56999969482422,5464200
2022-03-31,17.4945011138916,18.549999237060547,18.8700008392334,18.40999984741211,18.56999969482422,13320900
2022-04-01,17.918893814086914,19.0,19.09000015258789,18.6200008392334,18.700000762939453,17041700
2022-04-04,17.805723190307617,18.8799991607666,19.030000686645508,18.700000762939453,18.950000762939453,3707700
2022-04-05,17.46620750427246,18.520000457763672,19.079999923706055,18.360000610351562,18.989999771118164,10463200
2022-04-06,17.070106506347656,18.100000381469727,18.549999237060547,17.8700008392334,18.43000030517578,12859400
2022-04-07,17.032381057739258,18.059999465942383,18.170000076293945,17.8799991607666,17.8799991607666,4987300
2022-04-08,17.23043441772461,18.270000457763672,18.329999923706055,17.780000686645508,17.860000610351562,9109700
2022-04-11,17.211570739746094,18.25,18.40999984741211,17.959999084472656,18.0,6260000
2022-04-12,17.40962028503418,18.459999084472656,18.860000610351562,18.25,18.25,7505900
2022-04-13,17.48507308959961,18.540000915527344,18.81999969482422,18.360000610351562,18.389999389648438,6516200
2022-04-14,17.3530330657959,18.399999618530273,18.610000610351562,18.219999313354492,18.520000457763672,7763200
2022-04-18,17.022951126098633,18.049999237060547,18.56999969482422,17.989999771118164,18.350000381469727,7552200
2022-04-19,16.97579574584961,18.0,18.079999923706055,17.719999313354492,17.90999984741211,4649900
2022-04-20,17.758567810058594,18.829999923706055,18.899999618530273,18.06999969482422,18.170000076293945,14468600
2022-04-22,17.249296188354492,18.290000915527344,18.969999313354492,18.15999984741211,18.65999984741211,9412600
2022-04-25,17.249296188354492,18.290000915527344,18.290000915527344,18.290000915527344,18.290000915527344,0
2022-04-26,16.787174224853516,17.799999237060547,18.09000015258789,17.530000686645508,18.09000015258789,7899700
2022-04-27,16.66457176208496,17.670000076293945,18.020000457763672,17.6200008392334,17.799999237060547,11461700
2022-04-28,16.40900230407715,17.3799991607666,17.770000457763672,17.3799991607666,17.739999771118164,9836000
2022-04-29,15.45543098449707,16.3700008392334,17.690000534057617,16.3700008392334,17.690000534057617,13017300
2022-05-02,14.9361572265625,15.819999694824219,16.43000030517578,15.609999656677246,16.360000610351562,12563000
2022-05-03,15.068337440490723,15.960000038146973,16.15999984741211,15.680000305175781,15.869999885559082,9245200
2022-05-04,15.294928550720215,16.200000762939453,16.31999969482422,15.569999694824219,15.880000114440918,17924800
2022-05-05,14.813422203063965,15.6899995803833,16.190000534057617,15.479999542236328,16.040000915527344,6042700
2022-05-06,14.492416381835938,15.350000381469727,15.899999618530273,15.170000076293945,15.640000343322754,11849100
2022-05-09,14.58682918548584,15.449999809265137,15.75,15.109999656677246,15.170000076293945,13622200
2022-05-10,14.454651832580566,15.3100004196167,15.609999656677246,15.229999542236328,15.5,9951300
2022-05-11,14.501856803894043,15.359999656677246,15.5,15.050000190734863,15.359999656677246,6571300
2022-05-12,14.416886329650879,15.270000457763672,15.430000305175781,14.979999542236328,15.279999732971191,13389200
2022-05-13,14.671801567077637,15.539999961853027,15.979999542236328,15.15999984741211,15.199999809265137,17681600
2022-05-16,15.068337440490723,15.960000038146973,16.110000610351562,15.539999961853027,15.800000190734863,10561100
2022-05-17,15.13442611694336,16.030000686645508,16.350000381469727,15.8100004196167,16.200000762939453,13418600
2022-05-18,14.73789119720459,15.609999656677246,15.920000076293945,15.460000038146973,15.890000343322754,9613600
2022-05-19,14.73789119720459,15.609999656677246,15.8100004196167,15.420000076293945,15.489999771118164,8192200
2022-05-20,14.98336410522461,15.869999885559082,16.030000686645508,15.619999885559082,15.789999961853027,9231200
2022-05-23,15.181632041931152,16.079999923706055,16.149999618530273,15.850000381469727,15.930000305175781,17127200
2022-05-24,15.266603469848633,16.170000076293945,16.18000030517578,15.729999542236328,15.979999542236328,9871700
2022-05-25,15.143868446350098,16.040000915527344,16.15999984741211,15.800000190734863,15.979999542236328,10068000
2022-05-26,16.191852569580078,17.149999618530273,17.25,16.06999969482422,16.100000381469727,18156400
2022-05-27,16.125762939453125,17.079999923706055,17.239999771118164,16.90999984741211,17.110000610351562,9930400
2022-05-30,16.2012939453125,17.15999984741211,17.360000610351562,17.030000686645508,17.25,5663800
2022-05-31,16.692241668701172,17.68000030517578,17.81999969482422,17.18000030517578,17.3799991607666,25689800
2022-06-01,16.796098709106445,17.790000915527344,18.15999984741211,17.6200008392334,17.68000030517578,14291000
2022-06-02,17.324811935424805,18.350000381469727,18.40999984741211,17.790000915527344,17.979999542236328,7328200
2022-06-03,17.36257553100586,18.389999389648438,18.540000915527344,18.200000762939453,18.350000381469727,11564200
2022-06-06,17.220956802368164,18.239999771118164,18.729999542236328,18.170000076293945,18.520000457763672,20222700
2022-06-07,16.87162971496582,17.8700008392334,18.149999618530273,17.670000076293945,18.100000381469727,8129500
2022-06-08,16.66391944885254,17.649999618530273,18.18000030517578,17.549999237060547,17.6299991607666,8564300
2022-06-09,16.928274154663086,17.93000030517578,18.049999237060547,17.56999969482422,17.610000610351562,10493700
2022-06-10,16.48453140258789,17.459999084472656,17.700000762939453,17.079999923706055,17.649999618530273,13447300
2022-06-13,16.059673309326172,17.010000228881836,17.290000915527344,16.81999969482422,17.229999542236328,8348000
2022-06-14,16.10688018798828,17.059999465942383,17.190000534057617,16.770000457763672,16.90999984741211,8764800
2022-06-15,16.125762939453125,17.079999923706055,17.3799991607666,16.84000015258789,17.3700008392334,7988300
2022-06-17,15.946378707885742,16.889999389648438,16.969999313354492,16.420000076293945,16.84000015258789,14396100
2022-06-20,15.814201354980469,16.75,17.0,16.459999084472656,17.0,6311400
2022-06-21,15.814201354980469,16.75,16.8799991607666,16.549999237060547,16.780000686645508,7442100
2022-06-22,15.85196590423584,16.790000915527344,16.959999084472656,16.15999984741211,16.540000915527344,11379600
2022-06-23,15.785874366760254,16.719999313354492,17.239999771118164,16.670000076293945,16.780000686645508,8446400
2022-06-24,15.70090389251709,16.6299991607666,17.25,16.540000915527344,16.899999618530273,13148200
2022-06-27,15.757553100585938,16.690000534057617,17.100000381469727,16.579999923706055,16.600000381469727,6083800
2022-06-28,15.445989608764648,16.360000610351562,16.829999923706055,16.1200008392334,16.700000762939453,10773500
2022-06-29,15.427106857299805,16.34000015258789,16.65999984741211,16.170000076293945,16.530000686645508,9759800
2022-06-30,15.077778816223145,15.970000267028809,16.18000030517578,15.829999923706055,16.010000228881836,10909800
2022-07-01,15.096659660339355,15.989999771118164,16.059999465942383,15.619999885559082,15.819999694824219,10423000
2022-07-04,15.058895111083984,15.949999809265137,16.200000762939453,15.800000190734863,15.819999694824219,3600200
2022-07-05,15.228837966918945,16.1299991607666,16.229999542236328,15.760000228881836,15.789999961853027,8437400
2022-07-06,15.209956169128418,16.110000610351562,16.360000610351562,15.850000381469727,15.960000038146973,10108100
2022-07-07,15.219398498535156,16.1200008392334,16.40999984741211,16.09000015258789,16.350000381469727,10895800
2022-07-08,15.181632041931152,16.079999923706055,16.280000686645508,15.899999618530273,16.170000076293945,9563800
2022-07-11,14.879509925842285,15.760000228881836,16.06999969482422,15.720000267028809,15.949999809265137,5491700
2022-07-12,14.803979873657227,15.680000305175781,15.84000015258789,15.539999961853027,15.84000015258789,4671000
2022-07-13,14.567947387695312,15.430000305175781,15.779999732971191,15.40999984741211,15.600000381469727,5462500
2022-07-14,14.53962230682373,15.399999618530273,15.5,15.220000267028809,15.319999694824219,5494700
2022-07-15,14.482975006103516,15.34000015258789,15.5,15.220000267028809,15.380000114440918,4127500
2022-07-18,14.90783405303955,15.789999961853027,16.020000457763672,15.5,15.579999923706055,9551100
2022-07-19,15.011687278747559,15.899999618530273,16.100000381469727,15.84000015258789,15.920000076293945,6302500
2022-07-20,15.115543365478516,16.010000228881836,16.09000015258789,15.630000114440918,15.859999656677246,6841600
2022-07-21,15.115543365478516,16.010000228881836,16.079999923706055,15.75,15.800000190734863,5288400
2022-07-22,15.191073417663574,16.09000015258789,16.170000076293945,15.890000343322754,16.06999969482422,8626100
2022-07-25,15.493194580078125,16.40999984741211,16.479999542236328,16.1299991607666,16.15999984741211,7187900
2022-07-26,15.5687255859375,16.489999771118164,16.68000030517578,16.360000610351562,16.5,7363300
2022-07-27,16.41844367980957,17.389999389648438,17.389999389648438,16.5,16.520000457763672,11144800
2022-07-28,16.569503784179688,17.549999237060547,17.600000381469727,17.280000686645508,17.329999923706055,6992200
2022-07-29,16.5600643157959,17.540000915527344,17.729999542236328,17.399999618530273,17.549999237060547,6931900
2022-08-01,16.5600643157959,17.540000915527344,17.709999084472656,17.3700008392334,17.489999771118164,8811900
2022-08-02,16.730009078979492,17.719999313354492,17.75,17.3700008392334,17.3799991607666,8728600
2022-08-03,16.95659828186035,17.959999084472656,18.020000457763672,17.559999465942383,17.739999771118164,7785700
2022-08-04,17.447546005249023,18.479999542236328,18.65999984741211,17.8799991607666,18.06999969482422,14920900
2022-08-05,17.287044525146484,18.309999465942383,18.489999771118164,18.170000076293945,18.459999084472656,8524300
2022-08-08,17.37201690673828,18.399999618530273,18.649999618530273,18.299999237060547,18.450000762939453,8571800
2022-08-09,16.99436378479004,18.0,18.59000015258789,17.829999923706055,18.420000076293945,9057000
2022-08-10,17.37201690673828,18.399999618530273,18.600000381469727,18.239999771118164,18.389999389648438,7150300
2022-08-11,17.390899658203125,18.420000076293945,18.809999465942383,18.1200008392334,18.530000686645508,12962000
2022-08-12,18.297266006469727,19.3799991607666,19.479999542236328,18.540000915527344,18.700000762939453,20034800
2022-08-15,18.561622619628906,19.65999984741211,19.739999771118164,19.040000915527344,19.200000762939453,10681000
2022-08-16,18.608827590942383,19.709999084472656,19.860000610351562,19.459999084472656,19.65999984741211,10945300
2022-08-17,18.769330978393555,19.8799991607666,20.030000686645508,19.549999237060547,19.739999771118164,11838300
2022-08-18,18.84486198425293,19.959999084472656,20.020000457763672,19.690000534057617,19.8700008392334,4917000
2022-08-19,18.250059127807617,19.329999923706055,19.860000610351562,19.139999389648438,19.850000381469727,8647600
2022-08-22,18.16508674621582,19.239999771118164,19.479999542236328,19.139999389648438,19.309999465942383,6046700
2022-08-23,18.467206954956055,19.559999465942383,19.739999771118164,19.100000381469727,19.229999542236328,9023500
2022-08-24,18.882627487182617,20.0,20.049999237060547,19.139999389648438,19.6200008392334,13568900
2022-08-25,19.15642547607422,20.290000915527344,20.399999618530273,19.729999542236328,20.239999771118164,10926400
2022-08-26,18.910953521728516,20.030000686645508,20.520000457763672,19.829999923706055,20.489999771118164,8605500
2022-08-29,18.96759796142578,20.09000015258789,20.360000610351562,19.850000381469727,19.989999771118164,5966200
2022-08-30,19.00536346435547,20.1299991607666,20.81999969482422,19.860000610351562,20.280000686645508,14867500
2022-08-31,19.08089256286621,20.209999084472656,20.579999923706055,20.040000915527344,20.450000762939453,13224900
2022-09-01,19.231956481933594,20.3700008392334,20.8700008392334,20.06999969482422,20.5,15537900
2022-09-02,19.128101348876953,20.260000228881836,20.600000381469727,20.0,20.600000381469727,13343500
2022-09-05,19.4207820892334,20.56999969482422,20.84000015258789,20.309999465942383,20.6200008392334,5434800
2022-09-06,19.08089256286621,20.209999084472656,20.649999618530273,20.020000457763672,20.399999618530273,11452900
2022-09-08,19.222517013549805,20.360000610351562,20.649999618530273,20.030000686645508,20.139999389648438,10330100
2022-09-09,19.571842193603516,20.729999542236328,20.790000915527344,20.329999923706055,20.5,10563900
2022-09-12,19.496313095092773,20.649999618530273,20.90999984741211,20.270000457763672,20.799999237060547,11015800
2022-09-13,18.68436050415039,19.790000915527344,20.65999984741211,19.6299991607666,20.3799991607666,16633600
2022-09-14,19.00536346435547,20.1299991607666,20.139999389648438,19.40999984741211,19.780000686645508,8680800
2022-09-15,18.769330978393555,19.8799991607666,20.149999618530273,19.709999084472656,20.049999237060547,8982200
2022-09-16,18.561622619628906,19.65999984741211,19.93000030517578,19.309999465942383,19.68000030517578,19325500
2022-09-19,18.68436050415039,19.790000915527344,19.889999389648438,19.40999984741211,19.6200008392334,7249100
2022-09-20,18.54273796081543,19.639999389648438,20.09000015258789,19.440000534057617,19.8700008392334,8962100
2022-09-21,18.741008758544922,19.850000381469727,20.06999969482422,19.540000915527344,19.649999618530273,8268800
2022-09-22,18.882627487182617,20.0,20.209999084472656,19.600000381469727,20.059999465942383,13683100
2022-09-23,18.268943786621094,19.350000381469727,19.829999923706055,19.049999237060547,19.700000762939453,13649900
2022-09-26,17.796876907348633,18.850000381469727,19.440000534057617,18.65999984741211,19.15999984741211,16573300
2022-09-27,17.541959762573242,18.579999923706055,19.06999969482422,18.1299991607666,18.889999389648438,31350600
2022-09-28,17.42866325378418,18.459999084472656,18.760000228881836,18.280000686645508,18.440000534057617,18270800
2022-09-29,17.173751831054688,18.190000534057617,18.350000381469727,17.979999542236328,18.06999969482422,8666100
2022-09-30,17.447546005249023,18.479999542236328,18.610000610351562,17.989999771118164,18.110000610351562,13661000
2022-10-03,18.16508674621582,19.239999771118164,19.3799991607666,18.610000610351562,18.950000762939453,13902000
2022-10-04,18.316146850585938,19.399999618530273,19.989999771118164,19.34000015258789,19.899999618530273,8213200
2022-10-05,18.467206954956055,19.559999465942383,19.56999969482422,19.1200008392334,19.5,7348900
2022-10-06,18.703243255615234,19.809999465942383,20.1200008392334,19.600000381469727,19.690000534057617,13670100
2022-10-07,18.04235076904297,19.110000610351562,19.899999618530273,18.790000915527344,19.709999084472656,16520200
2022-10-10,17.211515426635742,18.229999542236328,19.3799991607666,18.09000015258789,19.200000762939453,29511700
2022-10-11,17.938495635986328,19.0,19.030000686645508,18.06999969482422,18.110000610351562,21379700
2022-10-13,18.665477752685547,19.770000457763672,19.940000534057617,18.420000076293945,18.5,15595400
2022-10-14,18.22173500061035,19.299999237060547,19.809999465942383,19.200000762939453,19.719999313354492,6839200
2022-10-17,18.920392990112305,20.040000915527344,20.34000015258789,19.239999771118164,19.459999084472656,14691300
2022-10-18,19.298046112060547,20.440000534057617,21.049999237060547,20.100000381469727,20.260000228881836,27206800
2022-10-19,19.54351806640625,20.700000762939453,20.809999465942383,20.18000030517578,20.43000030517578,14647000
2022-10-20,19.54351806640625,20.700000762939453,20.899999618530273,20.190000534057617,20.8700008392334,17088000
2022-10-21,20.07223129272461,21.260000228881836,21.389999389648438,20.270000457763672,20.579999923706055,13484200
2022-10-24,19.873964309692383,21.049999237060547,21.15999984741211,20.799999237060547,21.049999237060547,5992800
2022-10-25,19.43022346496582,20.579999923706055,21.0,20.579999923706055,21.0,7559900
2022-10-26,19.043128967285156,20.170000076293945,20.719999313354492,20.020000457763672,20.489999771118164,9852200
2022-10-27,19.78899383544922,20.959999084472656,21.209999084472656,20.329999923706055,20.520000457763672,12484600
2022-10-28,20.053348541259766,21.239999771118164,21.239999771118164,20.760000228881836,20.899999618530273,12272400
2022-10-31,20.90306854248047,22.139999389648438,22.299999237060547,20.770000457763672,21.0,14712600
2022-11-01,20.629268646240234,21.850000381469727,22.34000015258789,21.6299991607666,22.34000015258789,9116100
2022-11-03,20.6009464263916,21.81999969482422,22.270000457763672,21.309999465942383,21.40999984741211,8719800
2022-11-04,19.316926956176758,20.459999084472656,21.59000015258789,20.1299991607666,21.5,29360900
2022-11-07,19.090333938598633,20.219999313354492,21.09000015258789,20.15999984741211,20.40999984741211,17577100
2022-11-08,19.619049072265625,20.780000686645508,21.06999969482422,20.040000915527344,20.059999465942383,14109600
2022-11-09,19.345251083374023,20.489999771118164,20.959999084472656,20.34000015258789,20.649999618530273,11787000
2022-11-10,18.504974365234375,19.600000381469727,20.040000915527344,19.1200008392334,19.899999618530273,13522700
2022-11-11,18.84486198425293,19.959999084472656,20.440000534057617,19.190000534057617,19.5,14224300
2022-11-14,18.863744735717773,19.979999542236328,20.450000762939453,19.65999984741211,20.450000762939453,14317800
2022-11-16,18.127323150634766,19.200000762939453,19.959999084472656,18.989999771118164,19.959999084472656,16803600
2022-11-17,17.8252010345459,18.8799991607666,18.90999984741211,18.0,18.84000015258789,26764900
2022-11-18,18.183971405029297,19.260000228881836,19.639999389648438,19.020000457763672,19.020000457763672,12565400
2022-11-21,18.722126007080078,19.829999923706055,20.06999969482422,19.25,19.639999389648438,15762300
2022-11-22,18.42000389099121,19.510000228881836,19.979999542236328,19.260000228881836,19.959999084472656,9454000
2022-11-23,18.297266006469727,19.3799991607666,19.639999389648438,19.09000015258789,19.440000534057617,9004600
2022-11-24,18.84486198425293,19.959999084472656,20.280000686645508,19.40999984741211,19.59000015258789,3911300
2022-11-25,17.85352325439453,18.90999984741211,19.93000030517578,18.709999084472656,19.93000030517578,12703100
2022-11-28,18.504974365234375,19.600000381469727,19.729999542236328,19.100000381469727,19.100000381469727,20371900
2022-11-29,18.37279510498047,19.459999084472656,20.079999923706055,19.399999618530273,19.68000030517578,13400700
2022-11-30,18.37279510498047,19.459999084472656,19.770000457763672,18.8799991607666,19.440000534057617,14189500
2022-12-01,18.04235076904297,19.110000610351562,19.34000015258789,18.8700008392334,19.1299991607666,13319100
2022-12-02,18.16508674621582,19.239999771118164,19.549999237060547,18.989999771118164,19.0,12882900
2022-12-05,17.749670028686523,18.799999237060547,19.149999618530273,18.690000534057617,18.979999542236328,4959000
2022-12-06,17.73078727722168,18.780000686645508,18.899999618530273,18.440000534057617,18.899999618530273,5433900
2022-12-07,17.655256271362305,18.700000762939453,18.93000030517578,18.489999771118164,18.760000228881836,9517800
2022-12-08,16.569503784179688,17.549999237060547,18.75,17.43000030517578,18.639999389648438,18906800
2022-12-09,16.654476165771484,17.639999389648438,17.899999618530273,17.3700008392334,17.549999237060547,9782700
2022-12-12,16.456209182739258,17.43000030517578,18.0,17.09000015258789,17.799999237060547,12373500
2022-12-13,15.597050666809082,16.520000457763672,17.65999984741211,16.450000762939453,17.43000030517578,21728900
2022-12-14,15.965261459350586,16.90999984741211,17.110000610351562,16.209999084472656,16.280000686645508,13956000
2022-12-15,16.182411193847656,17.139999389648438,17.469999313354492,16.530000686645508,16.670000076293945,12684800
2022-12-16,16.191852569580078,17.149999618530273,17.190000534057617,16.790000915527344,17.1299991607666,11916800
2022-12-19,16.63559341430664,17.6200008392334,17.719999313354492,17.1200008392334,17.219999313354492,7627600
2022-12-20,17.305927276611328,18.329999923706055,18.799999237060547,17.520000457763672,17.559999465942383,19319200
2022-12-21,17.494754791259766,18.530000686645508,18.68000030517578,18.190000534057617,18.31999969482422,17549600
2022-12-22,17.5230770111084,18.559999465942383,19.100000381469727,18.40999984741211,18.520000457763672,7391300
2022-12-23,18.080114364624023,19.149999618530273,19.520000457763672,18.56999969482422,18.639999389648438,7768200
2022-12-26,17.4664306640625,18.5,19.1200008392334,18.399999618530273,19.049999237060547,3188700
2022-12-27,17.04157066345215,18.049999237060547,18.600000381469727,17.899999618530273,18.600000381469727,8959500
2022-12-28,17.4381046295166,18.469999313354492,18.719999313354492,18.110000610351562,18.170000076293945,5995500
2022-12-29,17.570283889770508,18.610000610351562,18.829999923706055,18.3700008392334,18.690000534057617,5980000
2023-01-02,16.67336082458496,17.65999984741211,18.479999542236328,17.540000915527344,18.309999465942383,11855600
2023-01-03,16.29570960998535,17.260000228881836,17.709999084472656,17.1200008392334,17.65999984741211,7425800
2023-01-04,16.541181564331055,17.520000457763672,17.690000534057617,17.110000610351562,17.440000534057617,7541700
2023-01-05,16.654476165771484,17.639999389648438,17.84000015258789,17.229999542236328,17.530000686645508,8129000
2023-01-06,16.805538177490234,17.799999237060547,17.950000762939453,17.540000915527344,17.670000076293945,5244100
2023-01-09,16.730009078979492,17.719999313354492,18.170000076293945,17.600000381469727,17.799999237060547,6421200
2023-01-10,17.11709976196289,18.1299991607666,18.260000228881836,17.459999084472656,17.5,6129600
2023-01-11,17.494754791259766,18.530000686645508,18.59000015258789,18.030000686645508,18.1200008392334,5360900
2023-01-12,17.62693214416504,18.670000076293945,19.25,18.299999237060547,18.450000762939453,10063700
2023-01-13,17.34369468688965,18.3700008392334,18.649999618530273,17.770000457763672,18.270000457763672,11934700
2023-01-16,17.277603149414062,18.299999237060547,18.68000030517578,18.18000030517578,18.209999084472656,5760100
2023-01-17,17.532520294189453,18.56999969482422,18.760000228881836,18.149999618530273,18.299999237060547,6886700
2023-01-18,17.815759658813477,18.8700008392334,19.229999542236328,18.760000228881836,18.940000534057617,9166300
2023-01-19,18.00458335876465,19.06999969482422,19.190000534057617,18.6200008392334,18.670000076293945,7774100
2023-01-20,17.334253311157227,18.360000610351562,19.059999465942383,18.31999969482422,19.059999465942383,15771100
2023-01-23,17.456989288330078,18.489999771118164,18.860000610351562,18.329999923706055,18.559999465942383,12857700
2023-01-24,17.768550872802734,18.81999969482422,18.969999313354492,18.440000534057617,18.56999969482422,6694500
2023-01-25,17.73078727722168,18.780000686645508,18.969999313354492,18.3700008392334,18.790000915527344,5690500
2023-01-26,17.7402286529541,18.790000915527344,18.940000534057617,18.56999969482422,18.829999923706055,5315300
2023-01-27,17.494754791259766,18.530000686645508,18.899999618530273,18.489999771118164,18.739999771118164,11205000
2023-01-30,17.173751831054688,18.190000534057617,18.6299991607666,17.950000762939453,18.56999969482422,12184400
2023-01-31,17.353134155273438,18.3799991607666,18.549999237060547,18.190000534057617,18.299999237060547,7275600
2023-02-01,17.11709976196289,18.1299991607666,18.43000030517578,17.56999969482422,18.329999923706055,18401200
2023-02-02,17.37201690673828,18.399999618530273,18.670000076293945,18.020000457763672,18.020000457763672,7267300
2023-02-03,17.03213119506836,18.040000915527344,18.329999923706055,17.899999618530273,18.1200008392334,6900000
2023-02-06,16.5600643157959,17.540000915527344,18.030000686645508,17.34000015258789,18.030000686645508,16213500
2023-02-07,16.720565795898438,17.709999084472656,17.790000915527344,17.329999923706055,17.530000686645508,21289000
2023-02-08,16.805538177490234,17.799999237060547,18.079999923706055,17.65999984741211,17.889999389648438,17148300
2023-02-09,16.040790557861328,16.989999771118164,17.969999313354492,16.93000030517578,17.84000015258789,10605300
2023-02-10,16.5600643157959,17.540000915527344,17.6200008392334,17.0,17.0,7789500
2023-02-13,16.53173828125,17.510000228881836,17.690000534057617,17.3799991607666,17.479999542236328,5868500
2023-02-14,16.390121459960938,17.360000610351562,17.639999389648438,16.969999313354492,17.600000381469727,6322400
2023-02-15,16.456209182739258,17.43000030517578,17.690000534057617,16.969999313354492,17.389999389648438,11563400
2023-02-16,16.947158813476562,17.950000762939453,18.290000915527344,17.399999618530273,17.479999542236328,15009800
2023-02-17,17.239839553833008,18.260000228881836,18.479999542236328,17.809999465942383,17.809999465942383,9953800
2023-02-22,16.99436378479004,18.0,18.040000915527344,17.290000915527344,17.649999618530273,6473200
2023-02-23,16.909393310546875,17.90999984741211,18.190000534057617,17.56999969482422,18.0,5588400
2023-02-24,17.00380516052246,18.010000228881836,18.15999984741211,17.649999618530273,17.959999084472656,6578000
2023-02-27,17.069894790649414,18.079999923706055,18.18000030517578,17.8700008392334,18.010000228881836,7794500
2023-02-28,16.95659828186035,17.959999084472656,18.239999771118164,17.920000076293945,18.100000381469727,9087300
2023-03-01,16.456209182739258,17.43000030517578,18.079999923706055,17.15999984741211,18.059999465942383,13692700
2023-03-02,16.77721405029297,17.770000457763672,17.93000030517578,17.299999237060547,17.420000076293945,12680600
2023-03-03,16.701684951782227,17.690000534057617,17.899999618530273,17.56999969482422,17.760000228881836,12829100
2023-03-06,17.05101203918457,18.059999465942383,18.270000457763672,17.65999984741211,17.850000381469727,7539000
2023-03-07,17.34369468688965,18.3700008392334,18.6299991607666,18.06999969482422,18.100000381469727,14025000
2023-03-08,17.938495635986328,19.0,19.100000381469727,18.360000610351562,18.469999313354492,14928600
2023-03-09,18.01402473449707,19.079999923706055,19.610000610351562,18.989999771118164,19.0,12899800
2023-03-10,17.957378387451172,19.020000457763672,19.239999771118164,18.709999084472656,19.030000686645508,11173200
2023-03-13,17.90073013305664,18.959999084472656,19.18000030517578,18.670000076293945,18.850000381469727,6607300
2023-03-14,17.532520294189453,18.56999969482422,19.260000228881836,18.40999984741211,19.110000610351562,16575000
2023-03-15,17.456989288330078,18.489999771118164,18.670000076293945,17.780000686645508,18.0,18953900
2023-03-16,17.608049392700195,18.649999618530273,18.850000381469727,18.06999969482422,18.43000030517578,10848300
2023-03-17,17.73078727722168,18.780000686645508,18.850000381469727,18.200000762939453,18.56999969482422,15080700
2023-03-20,17.475872039794922,18.510000228881836,18.889999389648438,18.3700008392334,18.809999465942383,10477200
2023-03-21,17.532520294189453,18.56999969482422,18.729999542236328,18.420000076293945,18.520000457763672,4933600
2023-03-22,17.390899658203125,18.420000076293945,18.8700008392334,18.350000381469727,18.610000610351562,6132500
2023-03-23,16.8338623046875,17.829999923706055,18.579999923706055,17.579999923706055,18.420000076293945,10425700
2023-03-24,17.135982513427734,18.149999618530273,18.280000686645508,17.760000228881836,17.829999923706055,5967800
2023-03-27,17.305927276611328,18.329999923706055,18.459999084472656,18.15999984741211,18.25,5121700
2023-03-28,17.494754791259766,18.530000686645508,18.760000228881836,18.209999084472656,18.229999542236328,8585000
2023-03-29,17.655256271362305,18.700000762939453,18.770000457763672,18.309999465942383,18.649999618530273,6314900
2023-03-30,17.985702514648438,19.049999237060547,19.219999313354492,18.739999771118164,18.799999237060547,12143800
2023-03-31,17.796876907348633,18.850000381469727,19.3799991607666,18.760000228881836,19.110000610351562,13412100
2023-04-03,17.910171508789062,18.969999313354492,19.09000015258789,18.700000762939453,18.959999084472656,9772400
2023-04-04,18.136762619018555,19.209999084472656,19.579999923706055,19.030000686645508,19.049999237060547,13240300
2023-04-05,17.608049392700195,18.649999618530273,19.5,18.43000030517578,19.299999237060547,11761400
2023-04-06,17.617488861083984,18.65999984741211,18.799999237060547,18.5,18.6299991607666,5250600
2023-04-10,17.551401138305664,18.59000015258789,18.81999969482422,18.489999771118164,18.809999465942383,5153400
2023-04-11,17.97626304626465,19.040000915527344,19.149999618530273,18.610000610351562,19.0,12329200
2023-04-12,18.240617752075195,19.31999969482422,19.649999618530273,18.950000762939453,19.100000381469727,13471300
2023-04-13,18.16508674621582,19.239999771118164,19.559999465942383,19.139999389648438,19.5,9095000
2023-04-14,18.212295532226562,19.290000915527344,19.290000915527344,18.850000381469727,19.200000762939453,15650400
2023-04-17,18.599388122558594,19.700000762939453,19.790000915527344,19.260000228881836,19.290000915527344,14134500
2023-04-18,18.52385711669922,19.6200008392334,19.770000457763672,19.229999542236328,19.670000076293945,11991200
2023-04-19,18.23117446899414,19.309999465942383,19.530000686645508,19.190000534057617,19.43000030517578,7262300
2023-04-20,18.60634994506836,19.639999389648438,19.829999923706055,19.059999465942383,19.239999771118164,10821300
2023-04-24,18.710561752319336,19.75,19.90999984741211,19.479999542236328,19.84000015258789,8068800
2023-04-25,18.66319465637207,19.700000762939453,19.889999389648438,19.489999771118164,19.719999313354492,9164000
2023-04-26,18.47372055053711,19.5,19.81999969482422,19.389999389648438,19.600000381469727,5163000
2023-04-27,18.445297241210938,19.469999313354492,19.59000015258789,19.219999313354492,19.489999771118164,6567000
2023-04-28,18.66319465637207,19.700000762939453,19.850000381469727,19.389999389648438,19.5,8418500
2023-05-02,18.64424705505371,19.68000030517578,19.850000381469727,19.43000030517578,19.600000381469727,10396200
2023-05-03,18.890562057495117,19.940000534057617,20.1200008392334,19.540000915527344,19.68000030517578,13783000
2023-05-04,18.8526668548584,19.899999618530273,20.149999618530273,19.670000076293945,20.1299991607666,10327100
2023-05-05,19.8474063873291,20.950000762939453,21.1299991607666,20.43000030517578,20.799999237060547,34269600
2023-05-08,19.477930068969727,20.559999465942383,21.100000381469727,20.530000686645508,21.049999237060547,11991600
2023-05-09,19.4116153717041,20.489999771118164,20.84000015258789,20.43000030517578,20.510000228881836,8150900
2023-05-10,19.4116153717041,20.489999771118164,20.649999618530273,20.34000015258789,20.520000457763672,8677300
2023-05-11,19.743196487426758,20.84000015258789,20.940000534057617,20.209999084472656,20.290000915527344,12856400
2023-05-12,19.752670288085938,20.850000381469727,21.040000915527344,20.670000076293945,20.780000686645508,7343600
2023-05-15,19.88530158996582,20.989999771118164,21.09000015258789,20.829999923706055,20.93000030517578,6521100
2023-05-16,19.62950897216797,20.719999313354492,21.100000381469727,20.639999389648438,20.959999084472656,8046300
2023-05-17,19.7242488861084,20.81999969482422,21.020000457763672,20.649999618530273,20.959999084472656,14863500
2023-05-18,19.961090087890625,21.06999969482422,21.1200008392334,20.690000534057617,20.709999084472656,8211800
2023-05-19,20.0653018951416,21.18000030517578,21.399999618530273,20.920000076293945,21.25,7922700
2023-05-22,20.017932891845703,21.1299991607666,21.420000076293945,21.06999969482422,21.149999618530273,6997400
2023-05-23,19.90424919128418,21.010000228881836,21.309999465942383,20.610000610351562,20.969999313354492,6534300
2023-05-24,19.65793228149414,20.75,21.040000915527344,20.670000076293945,20.84000015258789,8234600
2023-05-25,19.88530158996582,20.989999771118164,21.290000915527344,20.90999984741211,20.979999542236328,8709900
2023-05-26,19.894775390625,21.0,21.34000015258789,20.850000381469727,21.34000015258789,6963000
2023-05-29,19.65793228149414,20.75,20.969999313354492,20.59000015258789,20.81999969482422,6165400
2023-05-30,19.71477508544922,20.809999465942383,21.09000015258789,20.670000076293945,21.049999237060547,7339400
2023-05-31,19.7242488861084,20.81999969482422,20.889999389648438,20.520000457763672,20.84000015258789,14056000
2023-06-01,20.813724517822266,21.969999313354492,22.110000610351562,20.610000610351562,20.829999923706055,26217300
2023-06-02,21.438987731933594,22.6299991607666,22.81999969482422,22.030000686645508,22.190000534057617,24898100
2023-06-05,21.382144927978516,22.56999969482422,23.049999237060547,22.450000762939453,22.790000915527344,11783300
2023-06-06,21.72319984436035,22.93000030517578,23.030000686645508,22.59000015258789,22.729999542236328,18087300
2023-06-07,21.382144927978516,22.56999969482422,23.3700008392334,22.389999389648438,23.0,18550800
2023-06-09,21.221092224121094,22.399999618530273,23.100000381469727,22.31999969482422,22.739999771118164,10676700
2023-06-12,21.31583023071289,22.5,22.889999389648438,22.270000457763672,22.829999923706055,12035000
2023-06-13,21.391620635986328,22.579999923706055,22.68000030517578,22.290000915527344,22.559999465942383,9351500
2023-06-14,21.74214744567871,22.950000762939453,23.0,22.520000457763672,22.739999771118164,14005200
2023-06-15,21.751619338989258,22.959999084472656,23.030000686645508,22.43000030517578,22.5,13631600
2023-06-16,20.71898651123047,21.8700008392334,22.829999923706055,21.809999465942383,22.829999923706055,38915100
2023-06-19,20.965303421020508,22.1299991607666,22.329999923706055,21.690000534057617,21.809999465942383,9474000
2023-06-20,21.240041732788086,22.420000076293945,22.520000457763672,21.8799991607666,22.1299991607666,18448600
2023-06-21,21.097936630249023,22.270000457763672,22.350000381469727,21.809999465942383,22.34000015258789,18118200
2023-06-22,20.993724822998047,22.15999984741211,22.200000762939453,21.540000915527344,22.1200008392334,10944700
2023-06-23,20.671619415283203,21.81999969482422,22.280000686645508,21.690000534057617,22.280000686645508,27345300
2023-06-26,20.538986206054688,21.68000030517578,21.84000015258789,21.43000030517578,21.690000534057617,8145500
2023-06-27,20.50109100341797,21.639999389648438,21.979999542236328,21.3799991607666,21.850000381469727,8030100
2023-06-28,20.42530059814453,21.559999465942383,21.719999313354492,21.43000030517578,21.65999984741211,5848400
2023-06-29,20.71898651123047,21.8700008392334,22.0,21.559999465942383,21.68000030517578,12392600
2023-06-30,21.031620025634766,22.200000762939453,22.389999389648438,21.959999084472656,22.0,27429200
2023-07-03,21.448461532592773,22.639999389648438,23.0,21.799999237060547,21.860000610351562,22550600
2023-07-04,21.55267333984375,22.75,22.969999313354492,22.31999969482422,22.530000686645508,8371700
2023-07-05,21.67582893371582,22.8799991607666,22.950000762939453,22.450000762939453,22.649999618530273,16408500
2023-07-06,21.240041732788086,22.420000076293945,22.739999771118164,22.110000610351562,22.600000381469727,13859100
2023-07-07,21.524250030517578,22.719999313354492,22.969999313354492,22.219999313354492,22.34000015258789,12549300
2023-07-10,21.031620025634766,22.200000762939453,22.65999984741211,22.170000076293945,22.600000381469727,11477000
2023-07-11,21.050565719604492,22.219999313354492,22.309999465942383,21.40999984741211,22.059999465942383,21152600
2023-07-12,21.448461532592773,22.639999389648438,22.809999465942383,22.239999771118164,22.440000534057617,16042000
2023-07-13,21.59056854248047,22.790000915527344,22.969999313354492,22.639999389648438,22.889999389648438,11729000
2023-07-14,21.258989334106445,22.440000534057617,22.889999389648438,22.299999237060547,22.889999389648438,8726600
2023-07-17,21.476882934570312,22.670000076293945,22.700000762939453,22.309999465942383,22.510000228881836,5723300
2023-07-18,21.438987731933594,22.6299991607666,22.770000457763672,22.31999969482422,22.510000228881836,7916700
2023-07-19,21.600040435791016,22.799999237060547,22.799999237060547,22.309999465942383,22.649999618530273,9572800
2023-07-20,21.73267364501953,22.940000534057617,23.139999389648438,22.600000381469727,22.950000762939453,9095200
2023-07-21,22.121095657348633,23.350000381469727,23.549999237060547,22.829999923706055,22.829999923706055,12099400
2023-07-24,22.75583267211914,24.020000457763672,24.200000762939453,23.700000762939453,23.700000762939453,25267200
2023-07-25,22.8221492767334,24.09000015258789,24.440000534057617,23.989999771118164,24.200000762939453,20199700
2023-07-26,22.73688507080078,24.0,24.15999984741211,23.739999771118164,23.860000610351562,18719200
2023-07-27,22.140043258666992,23.3700008392334,24.09000015258789,23.18000030517578,23.860000610351562,11108900
2023-07-28,22.140043258666992,23.3700008392334,23.450000762939453,22.829999923706055,23.3700008392334,13840600
2023-07-31,22.016883850097656,23.239999771118164,23.649999618530273,23.020000457763672,23.649999618530273,16123900
2023-08-01,21.789514541625977,23.0,23.270000457763672,22.860000610351562,23.059999465942383,12332300
2023-08-02,21.827411651611328,23.040000915527344,23.1200008392334,22.81999969482422,22.8700008392334,9790700
2023-08-03,22.064254760742188,23.290000915527344,23.3700008392334,23.049999237060547,23.139999389648438,20216800
2023-08-04,21.988462448120117,23.209999084472656,23.440000534057617,23.040000915527344,23.200000762939453,11811300
2023-08-07,22.016883850097656,23.239999771118164,23.59000015258789,22.860000610351562,23.329999923706055,12833100
2023-08-08,22.09267234802246,23.31999969482422,23.440000534057617,22.68000030517578,23.1200008392334,12633500
2023-08-09,22.6042537689209,23.860000610351562,23.8700008392334,23.1200008392334,23.200000762939453,17321900
2023-08-10,22.717937469482422,23.979999542236328,24.360000610351562,23.860000610351562,24.09000015258789,12772500
2023-08-11,21.600040435791016,22.799999237060547,23.59000015258789,22.3799991607666,23.5,60535200
2023-08-14,21.637935638427734,22.84000015258789,22.90999984741211,22.329999923706055,22.860000610351562,9689600
2023-08-15,21.808462142944336,23.020000457763672,23.18000030517578,22.790000915527344,23.030000686645508,19575900
2023-08-16,21.524250030517578,22.719999313354492,23.1200008392334,22.68000030517578,23.0,16892700
2023-08-17,21.050565719604492,22.219999313354492,22.809999465942383,22.020000457763672,22.790000915527344,15467800
2023-08-18,21.097936630249023,22.270000457763672,22.459999084472656,22.049999237060547,22.079999923706055,9346200
2023-08-21,20.94635581970215,22.110000610351562,22.200000762939453,21.739999771118164,22.149999618530273,9909600
2023-08-22,21.628461837768555,22.829999923706055,22.8799991607666,22.1200008392334,22.1200008392334,12332700
2023-08-23,22.073726654052734,23.299999237060547,23.450000762939453,22.829999923706055,22.850000381469727,15541100
2023-08-24,21.912673950195312,23.1299991607666,23.43000030517578,22.959999084472656,23.43000030517578,13208700
2023-08-25,21.457935333251953,22.649999618530273,23.100000381469727,22.3700008392334,23.049999237060547,13654800
2023-08-28,21.55267333984375,22.75,22.950000762939453,22.559999465942383,22.6200008392334,10025000
2023-08-29,21.666357040405273,22.8700008392334,23.139999389648438,22.799999237060547,22.989999771118164,14801500
2023-08-30,21.438987731933594,22.6299991607666,22.8700008392334,22.559999465942383,22.760000228881836,5657600
2023-08-31,21.173725128173828,22.350000381469727,22.6200008392334,22.200000762939453,22.5,12521200
2023-09-01,21.476882934570312,22.670000076293945,22.81999969482422,22.309999465942383,22.399999618530273,11033700
2023-09-04,21.410568237304688,22.600000381469727,22.809999465942383,22.510000228881836,22.59000015258789,4001000
2023-09-05,20.91793441772461,22.079999923706055,22.690000534057617,22.010000228881836,22.65999984741211,10615900
2023-09-06,20.71898651123047,21.8700008392334,22.34000015258789,21.809999465942383,22.049999237060547,11356300
2023-09-08,20.91793441772461,22.079999923706055,22.209999084472656,21.739999771118164,21.979999542236328,11887400
2023-09-11,20.974777221679688,22.139999389648438,22.31999969482422,21.75,22.200000762939453,9594300
2023-09-12,21.56214714050293,22.760000228881836,22.84000015258789,22.020000457763672,22.170000076293945,11245900
2023-09-13,22.09267234802246,23.31999969482422,23.639999389648438,22.639999389648438,22.770000457763672,29346300
2023-09-14,22.680044174194336,23.940000534057617,24.059999465942383,23.360000610351562,23.450000762939453,41506400
2023-09-15,22.58530616760254,23.84000015258789,24.020000457763672,23.790000915527344,23.93000030517578,13560700
2023-09-18,22.490570068359375,23.739999771118164,24.360000610351562,23.739999771118164,23.940000534057617,11589900
2023-09-19,22.500043869018555,23.75,23.860000610351562,23.469999313354492,23.84000015258789,21844000
2023-09-20,22.623199462890625,23.8799991607666,24.170000076293945,23.780000686645508,23.84000015258789,22740000
2023-09-21,22.244251251220703,23.479999542236328,23.860000610351562,23.34000015258789,23.639999389648438,17635100
2023-09-22,22.19688606262207,23.43000030517578,23.690000534057617,23.100000381469727,23.540000915527344,13466700
2023-09-25,22.15898895263672,23.389999389648438,23.469999313354492,23.149999618530273,23.329999923706055,11451000
2023-09-26,21.647409439086914,22.850000381469727,23.399999618530273,22.809999465942383,23.350000381469727,12896800
2023-09-27,21.12635612487793,22.299999237060547,23.299999237060547,22.170000076293945,22.920000076293945,16196800
2023-09-28,21.58109474182129,22.780000686645508,22.860000610351562,22.139999389648438,22.209999084472656,20475400
2023-09-29,21.618988037109375,22.81999969482422,23.040000915527344,22.639999389648438,22.940000534057617,11891300
2023-10-02,21.258989334106445,22.440000534057617,22.989999771118164,22.440000534057617,22.809999465942383,12094300
2023-10-03,20.52951431274414,21.670000076293945,22.440000534057617,21.59000015258789,22.299999237060547,15719500
2023-10-04,20.576879501342773,21.719999313354492,22.0,21.540000915527344,21.65999984741211,15832700
2023-10-05,20.444250106811523,21.579999923706055,21.81999969482422,21.329999923706055,21.719999313354492,12155000
2023-10-06,20.643198013305664,21.790000915527344,21.90999984741211,21.09000015258789,21.31999969482422,19501400
2023-10-09,20.90846061706543,22.06999969482422,22.110000610351562,21.56999969482422,21.649999618530273,11145100
2023-10-10,21.72319984436035,22.93000030517578,23.06999969482422,22.399999618530273,22.40999984741211,19050600
2023-10-11,21.855831146240234,23.06999969482422,23.1200008392334,22.770000457763672,22.780000686645508,10132700
2023-10-13,21.31583023071289,22.5,23.030000686645508,22.34000015258789,23.0,9191600
2023-10-16,21.372671127319336,22.559999465942383,22.760000228881836,22.270000457763672,22.68000030517578,12354500
2023-10-17,20.756881713867188,21.90999984741211,22.440000534057617,21.799999237060547,22.280000686645508,9370800
2023-10-18,20.178985595703125,21.299999237060547,21.850000381469727,21.1200008392334,21.75,14283300
2023-10-19,20.52951431274414,21.670000076293945,22.190000534057617,21.3700008392334,21.639999389648438,15828800
2023-10-20,20.43477439880371,21.56999969482422,21.799999237060547,21.329999923706055,21.639999389648438,9386100
2023-10-23,21.249515533447266,22.43000030517578,22.520000457763672,21.280000686645508,21.360000610351562,20670200
2023-10-24,21.060039520263672,22.229999542236328,22.649999618530273,22.1299991607666,22.649999618530273,5667400
2023-10-25,20.88951301574707,22.049999237060547,22.34000015258789,21.950000762939453,22.239999771118164,5940900
2023-10-26,21.57162094116211,22.770000457763672,22.889999389648438,22.020000457763672,22.200000762939453,16064500
2023-10-27,20.93688201904297,22.100000381469727,23.0,22.100000381469727,22.6299991607666,13980700
2023-10-30,20.86109161376953,22.020000457763672,22.31999969482422,21.68000030517578,22.139999389648438,12881900
2023-10-31,21.13582992553711,22.309999465942383,22.530000686645508,21.860000610351562,22.0,19705200
2023-11-01,21.789514541625977,23.0,23.15999984741211,22.219999313354492,22.299999237060547,18741000
2023-11-03,21.912673950195312,23.1299991607666,23.940000534057617,22.93000030517578,23.93000030517578,15266100
2023-11-06,21.912673950195312,23.1299991607666,23.309999465942383,22.969999313354492,23.1299991607666,10524600
2023-11-07,21.694778442382812,22.899999618530273,23.280000686645508,22.790000915527344,23.0,18912100
2023-11-08,21.457935333251953,22.649999618530273,23.030000686645508,22.360000610351562,22.899999618530273,16160000
2023-11-09,21.647409439086914,22.850000381469727,23.040000915527344,22.43000030517578,22.639999389648438,10072000
2023-11-10,21.874778747558594,23.09000015258789,23.549999237060547,22.8799991607666,23.1200008392334,21165000
2023-11-13,21.600040435791016,22.799999237060547,23.190000534057617,22.530000686645508,23.1200008392334,17080400
2023-11-14,22.177936553955078,23.40999984741211,23.59000015258789,22.860000610351562,22.969999313354492,15217100
2023-11-16,22.367412567138672,23.610000610351562,23.709999084472656,23.31999969482422,23.559999465942383,10625500
2023-11-17,22.026357650756836,23.25,23.809999465942383,23.149999618530273,23.700000762939453,16209800
2023-11-20,22.32004165649414,23.559999465942383,23.68000030517578,23.09000015258789,23.3799991607666,10951900
2023-11-21,21.694778442382812,22.899999618530273,23.40999984741211,22.68000030517578,23.360000610351562,28014500
2023-11-22,21.476882934570312,22.670000076293945,23.110000610351562,22.489999771118164,23.059999465942383,26019900
2023-11-23,21.704252243041992,22.90999984741211,23.100000381469727,22.6200008392334,22.780000686645508,6164700
2023-11-24,21.372671127319336,22.559999465942383,22.90999984741211,22.3799991607666,22.770000457763672,11780200
2023-11-27,21.382144927978516,22.56999969482422,22.799999237060547,22.329999923706055,22.729999542236328,6319700
2023-11-28,21.486356735229492,22.68000030517578,22.889999389648438,22.420000076293945,22.6200008392334,10965500
2023-11-29,21.694778442382812,22.899999618530273,23.200000762939453,22.579999923706055,22.670000076293945,12192300
2023-11-30,21.694778442382812,22.899999618530273,23.079999923706055,22.450000762939453,23.010000228881836,23094100
2023-12-01,21.57162094116211,22.770000457763672,23.100000381469727,22.34000015258789,22.920000076293945,14893800
2023-12-04,21.391620635986328,22.579999923706055,22.84000015258789,22.479999542236328,22.649999618530273,7574400
2023-12-05,21.277935028076172,22.459999084472656,22.979999542236328,22.31999969482422,22.59000015258789,14022900
2023-12-06,21.363197326660156,22.549999237060547,22.700000762939453,22.239999771118164,22.450000762939453,7911100
2023-12-07,21.211618423461914,22.389999389648438,22.65999984741211,22.3799991607666,22.649999618530273,5297000
2023-12-08,21.003196716308594,22.170000076293945,22.610000610351562,22.059999465942383,22.389999389648438,9553200
2023-12-11,20.984251022338867,22.149999618530273,22.440000534057617,21.889999389648438,22.260000228881836,6339200
2023-12-12,21.154775619506836,22.329999923706055,22.65999984741211,22.200000762939453,22.229999542236328,8862900
2023-12-13,21.164249420166016,22.34000015258789,22.40999984741211,21.559999465942383,22.309999465942383,42550000
2023-12-14,21.74214744567871,22.950000762939453,23.59000015258789,22.420000076293945,22.459999084472656,25824000
2023-12-15,21.618988037109375,22.81999969482422,23.43000030517578,22.81999969482422,23.229999542236328,23303700
2023-12-18,21.041091918945312,22.209999084472656,22.93000030517578,22.1200008392334,22.729999542236328,23082200
2023-12-19,21.221092224121094,22.399999618530273,22.6299991607666,21.950000762939453,22.139999389648438,13699100
2023-12-20,21.410568237304688,22.600000381469727,22.829999923706055,22.290000915527344,22.3700008392334,7438400
2023-12-21,21.618988037109375,22.81999969482422,22.920000076293945,22.420000076293945,22.420000076293945,9939400
2023-12-22,21.694778442382812,22.899999618530273,22.969999313354492,22.760000228881836,22.809999465942383,4125000
2023-12-26,21.704252243041992,22.90999984741211,23.020000457763672,22.690000534057617,22.920000076293945,3563400
2023-12-27,21.789514541625977,23.0,23.079999923706055,22.729999542236328,22.90999984741211,4046700
2023-12-28,21.74214744567871,22.950000762939453,23.049999237060547,22.780000686645508,22.989999771118164,5017100
2024-01-02,21.07898712158203,22.25,22.700000762939453,22.15999984741211,22.6200008392334,13279700
2024-01-03,21.202144622802734,22.3799991607666,22.6299991607666,22.280000686645508,22.280000686645508,18307700
2024-01-04,21.221092224121094,22.399999618530273,22.8799991607666,22.190000534057617,22.459999084472656,7859600
2024-01-05,21.457935333251953,22.649999618530273,22.739999771118164,22.219999313354492,22.219999313354492,16550600
2024-01-08,22.395830154418945,23.639999389648438,23.75,22.59000015258789,22.649999618530273,10537300
2024-01-09,22.263198852539062,23.5,23.700000762939453,23.309999465942383,23.530000686645508,8395500
2024-01-10,22.556884765625,23.809999465942383,23.920000076293945,23.190000534057617,23.5,9332600
2024-01-11,21.893726348876953,23.110000610351562,23.850000381469727,23.06999969482422,23.65999984741211,9924600
2024-01-12,22.234779357910156,23.469999313354492,23.850000381469727,23.059999465942383,23.059999465942383,9382800
2024-01-15,22.064254760742188,23.290000915527344,23.510000228881836,23.149999618530273,23.459999084472656,3910300
2024-01-16,21.57162094116211,22.770000457763672,23.209999084472656,22.719999313354492,23.100000381469727,10939800
2024-01-17,20.86109161376953,22.020000457763672,22.3799991607666,21.84000015258789,22.3799991607666,26977100
2024-01-18,20.624250411987305,21.770000457763672,22.18000030517578,21.68000030517578,22.170000076293945,9141300
2024-01-19,21.221092224121094,22.399999618530273,22.59000015258789,21.510000228881836,21.81999969482422,17896200
2024-01-22,21.107410430908203,22.280000686645508,22.6200008392334,22.149999618530273,22.5,9350900
2024-01-23,21.73267364501953,22.940000534057617,23.020000457763672,22.149999618530273,22.389999389648438,23394600
2024-01-24,21.32530403137207,22.510000228881836,23.040000915527344,22.489999771118164,22.989999771118164,7963500
2024-01-25,21.268463134765625,22.450000762939453,22.75,22.3700008392334,22.600000381469727,4823600
2024-01-26,21.448461532592773,22.639999389648438,22.829999923706055,22.31999969482422,22.559999465942383,7899100
2024-01-29,21.656883239746094,22.860000610351562,22.889999389648438,22.329999923706055,22.610000610351562,5827500
2024-01-30,21.438987731933594,22.6299991607666,23.100000381469727,22.600000381469727,22.799999237060547,11777500
2024-01-31,21.846357345581055,23.059999465942383,23.579999923706055,22.81999969482422,22.899999618530273,14655700
2024-02-01,21.808462142944336,23.020000457763672,23.229999542236328,22.920000076293945,23.1200008392334,7049400
2024-02-02,21.637935638427734,22.84000015258789,23.200000762939453,22.770000457763672,23.040000915527344,5983200
2024-02-05,21.476882934570312,22.670000076293945,23.09000015258789,22.610000610351562,22.829999923706055,5289500
2024-02-06,21.33477783203125,22.520000457763672,23.18000030517578,22.280000686645508,22.65999984741211,15713500
2024-02-07,22.225305557250977,23.459999084472656,23.579999923706055,22.56999969482422,22.700000762939453,18522800
2024-02-08,22.31056785583496,23.549999237060547,23.600000381469727,23.239999771118164,23.34000015258789,12935700
2024-02-09,22.8221492767334,24.09000015258789,24.549999237060547,23.709999084472656,23.860000610351562,22070400
2024-02-14,22.57583236694336,23.829999923706055,24.040000915527344,23.6200008392334,24.040000915527344,6399600
2024-02-15,22.632675170898438,23.889999389648438,24.0,23.56999969482422,24.0,5588100
2024-02-16,22.19688606262207,23.43000030517578,23.940000534057617,23.020000457763672,23.940000534057617,14352100
2024-02-19,22.016883850097656,23.239999771118164,23.450000762939453,23.1200008392334,23.350000381469727,5571200
2024-02-20,22.121095657348633,23.350000381469727,23.450000762939453,23.040000915527344,23.200000762939453,7374500
2024-02-21,21.780040740966797,22.989999771118164,23.350000381469727,22.780000686645508,23.350000381469727,9063600
2024-02-22,21.685304641723633,22.889999389648438,23.200000762939453,22.75,22.950000762939453,8846900
2024-02-23,21.609516143798828,22.809999465942383,23.1200008392334,22.799999237060547,22.989999771118164,7771500
2024-02-26,21.53372573852539,22.729999542236328,22.950000762939453,22.600000381469727,22.850000381469727,11421500
2024-02-27,21.836883544921875,23.049999237060547,23.049999237060547,22.719999313354492,22.93000030517578,16292000
2024-02-28,21.67582893371582,22.8799991607666,23.06999969482422,22.770000457763672,22.979999542236328,6140700
2024-02-29,21.524250030517578,22.719999313354492,22.75,22.43000030517578,22.670000076293945,9504700
2024-03-01,21.08846092224121,22.260000228881836,22.780000686645508,22.15999984741211,22.739999771118164,10590300
2024-03-04,20.93688201904297,22.100000381469727,22.329999923706055,22.030000686645508,22.260000228881836,7588900
2024-03-05,20.89898681640625,22.059999465942383,22.260000228881836,21.93000030517578,22.139999389648438,8670100
2024-03-06,21.173725128173828,22.350000381469727,22.459999084472656,21.979999542236328,22.059999465942383,10653400
2024-03-07,20.95583152770996,22.1200008392334,22.309999465942383,21.979999542236328,22.239999771118164,3338800
2024-03-08,21.041091918945312,22.209999084472656,22.3799991607666,21.979999542236328,22.0,2878500
2024-03-11,21.031620025634766,22.200000762939453,22.420000076293945,22.059999465942383,22.149999618530273,5835500
2024-03-12,21.13582992553711,22.309999465942383,22.459999084472656,22.030000686645508,22.389999389648438,5400300
2024-03-13,21.003196716308594,22.170000076293945,22.469999313354492,22.09000015258789,22.309999465942383,7160100
2024-03-14,21.031620025634766,22.200000762939453,22.200000762939453,21.760000228881836,22.170000076293945,17514600
2024-03-15,20.89898681640625,22.059999465942383,22.18000030517578,21.920000076293945,22.100000381469727,18254000
2024-03-18,20.88951301574707,22.049999237060547,22.219999313354492,21.799999237060547,22.059999465942383,16261800
2024-03-19,20.86109161376953,22.020000457763672,22.219999313354492,21.899999618530273,22.100000381469727,3780600
2024-03-20,20.93688201904297,22.100000381469727,22.290000915527344,21.850000381469727,22.059999465942383,8205200
2024-03-21,21.031620025634766,22.200000762939453,22.299999237060547,21.899999618530273,22.110000610351562,27925600
2024-03-22,20.71898651123047,21.8700008392334,22.219999313354492,21.8700008392334,22.049999237060547,4888500
2024-03-25,20.69056510925293,21.84000015258789,21.989999771118164,21.75,21.8799991607666,5228500
2024-03-26,20.90846061706543,22.06999969482422,22.299999237060547,21.760000228881836,22.020000457763672,5769600
2024-03-27,21.28740882873535,22.469999313354492,22.540000915527344,22.030000686645508,22.030000686645508,10618600
2024-03-28,21.08846092224121,22.260000228881836,22.690000534057617,22.1299991607666,22.690000534057617,14880300
2024-04-01,20.88951301574707,22.049999237060547,22.299999237060547,21.950000762939453,22.299999237060547,6426700
2024-04-02,21.33477783203125,22.520000457763672,22.520000457763672,21.90999984741211,21.989999771118164,11875400
2024-04-03,21.12635612487793,22.299999237060547,22.579999923706055,22.25,22.40999984741211,19372600
2024-04-04,21.240041732788086,22.420000076293945,22.829999923706055,22.290000915527344,22.350000381469727,7388000
2024-04-05,21.268463134765625,22.450000762939453,22.649999618530273,22.34000015258789,22.34000015258789,5715700
2024-04-08,21.600040435791016,22.799999237060547,22.829999923706055,22.34000015258789,22.520000457763672,6435700
2024-04-09,22.045307159423828,23.270000457763672,23.290000915527344,22.850000381469727,22.850000381469727,13694300
2024-04-10,21.50530433654785,22.700000762939453,23.270000457763672,22.6299991607666,23.15999984741211,14076100
2024-04-11,21.524250030517578,22.719999313354492,22.84000015258789,22.450000762939453,22.520000457763672,7619100
2024-04-12,21.12635612487793,22.299999237060547,22.850000381469727,22.260000228881836,22.649999618530273,14857900
2024-04-15,20.52951431274414,21.670000076293945,22.40999984741211,21.530000686645508,22.299999237060547,15579400
2024-04-16,20.25477409362793,21.3799991607666,21.739999771118164,21.350000381469727,21.510000228881836,19214700
2024-04-17,20.008460998535156,21.1200008392334,21.489999771118164,21.100000381469727,21.3799991607666,8580700
2024-04-18,19.989511489868164,21.100000381469727,21.200000762939453,20.829999923706055,21.079999923706055,9850000
2024-04-19,20.131616592407227,21.25,21.579999923706055,21.010000228881836,21.100000381469727,10744700
2024-04-22,19.980037689208984,21.09000015258789,21.299999237060547,20.979999542236328,21.25,8107500
2024-04-23,19.980037689208984,21.09000015258789,21.110000610351562,20.780000686645508,20.940000534057617,7401400
2024-04-24,19.563196182250977,20.649999618530273,21.049999237060547,20.510000228881836,20.940000534057617,21231200
2024-04-25,19.515827178955078,20.600000381469727,20.809999465942383,20.290000915527344,20.59000015258789,9930400
2024-04-26,19.743196487426758,20.84000015258789,21.049999237060547,20.610000610351562,20.68000030517578,11120200
2024-04-29,19.733722686767578,20.829999923706055,20.940000534057617,20.6299991607666,20.829999923706055,10647300
2024-04-30,19.098983764648438,20.15999984741211,20.799999237060547,20.040000915527344,20.690000534057617,16254700
2024-05-02,19.539066314697266,20.530000686645508,20.6299991607666,20.200000762939453,20.59000015258789,11560800
2024-05-03,19.98638153076172,21.0,21.149999618530273,20.68000030517578,20.809999465942383,11830500
2024-05-06,19.79603385925293,20.799999237060547,21.09000015258789,20.719999313354492,20.899999618530273,9489600
2024-05-07,19.738929748535156,20.739999771118164,21.200000762939453,20.739999771118164,20.829999923706055,9236800
2024-05-08,19.67230987548828,20.670000076293945,20.860000610351562,20.56999969482422,20.600000381469727,8767300
2024-05-09,19.472444534301758,20.459999084472656,20.559999465942383,20.0,20.0,10775000
2024-05-10,19.96734619140625,20.979999542236328,21.440000534057617,20.809999465942383,21.0,17458500
2024-05-13,19.834104537963867,20.84000015258789,21.170000076293945,20.799999237060547,20.979999542236328,8199100
2024-05-14,19.643756866455078,20.639999389648438,20.989999771118164,20.6299991607666,20.799999237060547,5633200
2024-05-15,19.50099754333496,20.489999771118164,20.739999771118164,20.350000381469727,20.68000030517578,10991100
2024-05-16,20.024450302124023,21.040000915527344,21.170000076293945,20.530000686645508,20.700000762939453,9016900
2024-05-17,19.738929748535156,20.739999771118164,20.8700008392334,20.459999084472656,20.8700008392334,9154000
2024-05-20,19.32968521118164,20.309999465942383,20.639999389648438,20.190000534057617,20.600000381469727,9456500
2024-05-21,19.681827545166016,20.68000030517578,20.81999969482422,20.270000457763672,20.270000457763672,8736000
2024-05-22,19.50099754333496,20.489999771118164,20.81999969482422,20.389999389648438,20.540000915527344,9783100
2024-05-23,19.50099754333496,20.489999771118164,20.719999313354492,20.270000457763672,20.350000381469727,12625600
2024-05-24,19.339202880859375,20.31999969482422,20.610000610351562,20.270000457763672,20.479999542236328,8268200
2024-05-27,19.32968521118164,20.309999465942383,20.3799991607666,20.139999389648438,20.209999084472656,2079100
2024-05-28,19.167890548706055,20.139999389648438,20.600000381469727,19.989999771118164,20.5,9972200
2024-05-29,18.796714782714844,19.75,19.989999771118164,19.709999084472656,19.889999389648438,7340400
2024-05-31,18.75864601135254,19.709999084472656,19.829999923706055,19.450000762939453,19.610000610351562,11046300
2024-06-03,18.872854232788086,19.829999923706055,20.06999969482422,19.610000610351562,19.760000228881836,9028300
2024-06-04,18.90140724182129,19.860000610351562,19.979999542236328,19.6299991607666,19.75,6889800
2024-06-05,18.84429931640625,19.799999237060547,20.420000076293945,19.719999313354492,20.270000457763672,9910800
2024-06-06,19.510515213012695,20.5,20.5,19.6299991607666,19.649999618530273,24524700
2024-06-07,18.84429931640625,19.799999237060547,20.420000076293945,19.780000686645508,20.200000762939453,16215700
2024-06-10,18.653955459594727,19.600000381469727,19.84000015258789,19.40999984741211,19.729999542236328,8037700
2024-06-11,19.034648895263672,20.0,20.139999389648438,19.739999771118164,19.8700008392334,13275100
2024-06-12,18.653955459594727,19.600000381469727,20.239999771118164,19.479999542236328,20.1200008392334,12494800
2024-06-13,18.454090118408203,19.389999389648438,19.600000381469727,19.329999923706055,19.600000381469727,9953600
2024-06-14,18.815750122070312,19.770000457763672,19.799999237060547,19.239999771118164,19.329999923706055,9475500
2024-06-17,18.33988380432129,19.270000457763672,19.600000381469727,19.260000228881836,19.530000686645508,6933900
2024-06-18,18.55878257751465,19.5,19.559999465942383,19.15999984741211,19.270000457763672,14428500
2024-06-19,18.596853256225586,19.540000915527344,19.540000915527344,19.219999313354492,19.360000610351562,7186400
2024-06-20,18.653955459594727,19.600000381469727,19.93000030517578,19.260000228881836,19.739999771118164,18847600
2024-06-21,19.082233428955078,20.049999237060547,20.079999923706055,19.549999237060547,19.639999389648438,16798200
2024-06-24,19.2820987701416,20.260000228881836,20.489999771118164,20.049999237060547,20.09000015258789,7677700
2024-06-25,19.358238220214844,20.34000015258789,20.469999313354492,20.100000381469727,20.100000381469727,11046400
2024-06-26,19.605688095092773,20.600000381469727,20.6200008392334,20.040000915527344,20.049999237060547,11216800
2024-06-27,20.072036743164062,21.09000015258789,21.1200008392334,20.540000915527344,20.600000381469727,14283800
2024-06-28,19.719894409179688,20.719999313354492,21.209999084472656,20.540000915527344,20.989999771118164,14621500
2024-07-01,19.605688095092773,20.600000381469727,20.81999969482422,20.459999084472656,20.549999237060547,10526600
2024-07-02,19.69134521484375,20.690000534057617,21.059999465942383,20.6200008392334,20.6200008392334,12111700
2024-07-03,20.129140853881836,21.149999618530273,21.170000076293945,20.700000762939453,20.950000762939453,8030300
2024-07-04,20.319486618041992,21.350000381469727,21.469999313354492,21.139999389648438,21.200000762939453,3681800
2024-07-05,20.462247848510742,21.5,21.520000457763672,21.139999389648438,21.18000030517578,4954500
2024-07-08,20.36707305908203,21.399999618530273,21.5,21.229999542236328,21.450000762939453,10985100
2024-07-09,20.719215393066406,21.770000457763672,21.8799991607666,21.270000457763672,21.270000457763672,6775400
2024-07-10,21.27121925354004,22.350000381469727,22.360000610351562,21.90999984741211,21.940000534057617,19541300
2024-07-11,21.994537353515625,23.110000610351562,23.139999389648438,22.450000762939453,22.450000762939453,14239600
2024-07-12,21.680465698242188,22.780000686645508,23.3799991607666,22.780000686645508,23.100000381469727,10747500
2024-07-15,22.04212188720703,23.15999984741211,23.25,22.700000762939453,22.780000686645508,12879400
2024-07-16,21.709016799926758,22.809999465942383,23.56999969482422,22.809999465942383,23.239999771118164,12138100
2024-07-17,21.64239501953125,22.739999771118164,22.8799991607666,22.56999969482422,22.8799991607666,9882900
2024-07-18,21.556739807128906,22.649999618530273,22.770000457763672,22.399999618530273,22.700000762939453,9993000
2024-07-19,21.47108268737793,22.559999465942383,22.940000534057617,22.530000686645508,22.790000915527344,5186300
2024-07-22,21.575773239135742,22.670000076293945,22.950000762939453,22.469999313354492,22.530000686645508,8987300
2024-07-23,21.290254592895508,22.3700008392334,22.770000457763672,22.25,22.559999465942383,6033100
2024-07-24,21.033287048339844,22.100000381469727,22.309999465942383,21.969999313354492,22.18000030517578,4779700
2024-07-25,21.17604637145996,22.25,22.31999969482422,21.829999923706055,21.959999084472656,6940800
2024-07-26,21.4901180267334,22.579999923706055,22.729999542236328,22.1200008392334,22.239999771118164,5352900
2024-07-29,21.356876373291016,22.440000534057617,22.709999084472656,22.34000015258789,22.6200008392334,4213900
2024-07-30,21.118942260742188,22.190000534057617,22.350000381469727,21.979999542236328,22.260000228881836,5311200
2024-07-31,21.080873489379883,22.149999618530273,22.309999465942383,22.049999237060547,22.059999465942383,7590400
2024-08-01,21.7946720123291,22.899999618530273,22.950000762939453,22.299999237060547,22.3799991607666,14391700
2024-08-02,22.28005599975586,23.40999984741211,23.520000457763672,22.770000457763672,22.889999389648438,17154400
2024-08-05,21.59480857849121,22.690000534057617,23.010000228881836,22.520000457763672,22.84000015258789,15126200
2024-08-06,22.118261337280273,23.239999771118164,23.65999984741211,22.739999771118164,22.799999237060547,15529600
2024-08-07,22.0611572265625,23.18000030517578,23.610000610351562,23.18000030517578,23.399999618530273,5689200
2024-08-08,22.670265197753906,23.81999969482422,23.81999969482422,23.25,23.399999618530273,7908900
2024-08-09,22.441850662231445,23.579999923706055,24.100000381469727,23.219999313354492,23.989999771118164,14337400
2024-08-12,21.851776123046875,22.959999084472656,23.93000030517578,22.860000610351562,23.770000457763672,16722000
2024-08-13,21.956466674804688,23.06999969482422,23.350000381469727,22.889999389648438,23.1299991607666,14484000
2024-08-14,22.251502990722656,23.3799991607666,23.5,22.829999923706055,22.8799991607666,13069200
2024-08-15,22.69881820678711,23.850000381469727,24.399999618530273,23.850000381469727,24.100000381469727,23050400
2024-08-16,22.08019256591797,23.200000762939453,24.079999923706055,23.190000534057617,23.979999542236328,13150700
2024-08-19,22.460886001586914,23.600000381469727,23.670000076293945,23.190000534057617,23.479999542236328,10177200
2024-08-20,22.50847053527832,23.649999618530273,23.780000686645508,23.389999389648438,23.510000228881836,12144600
2024-08-21,22.365711212158203,23.5,23.84000015258789,23.420000076293945,23.84000015258789,10526600
2024-08-22,22.251502990722656,23.3799991607666,23.84000015258789,23.100000381469727,23.610000610351562,13105600
2024-08-23,22.47040367126465,23.610000610351562,23.770000457763672,23.229999542236328,23.399999618530273,8067300
2024-08-26,21.81370735168457,22.920000076293945,23.510000228881836,22.719999313354492,23.43000030517578,13842700
2024-08-27,21.747085571289062,22.850000381469727,23.040000915527344,22.739999771118164,22.799999237060547,7179300
2024-08-28,21.461565017700195,22.549999237060547,22.780000686645508,22.309999465942383,22.770000457763672,16197200
2024-08-29,20.97618293762207,22.040000915527344,22.639999389648438,21.899999618530273,22.540000915527344,10799100
2024-08-30,20.795352935791016,21.850000381469727,21.90999984741211,21.690000534057617,21.860000610351562,17572100
2024-09-02,20.443212509155273,21.479999542236328,21.770000457763672,21.3799991607666,21.700000762939453,10663700
2024-09-03,20.3956241607666,21.43000030517578,21.729999542236328,21.3799991607666,21.639999389648438,27721100
2024-09-04,20.624042510986328,21.670000076293945,21.940000534057617,21.420000076293945,21.540000915527344,16811600
2024-09-05,20.738250732421875,21.790000915527344,21.8799991607666,21.440000534057617,21.68000030517578,12702300
2024-09-06,20.55742073059082,21.600000381469727,21.899999618530273,21.559999465942383,21.56999969482422,14219300
2024-09-09,20.271900177001953,21.299999237060547,21.700000762939453,21.260000228881836,21.59000015258789,6408600
2024-09-10,20.55742073059082,21.600000381469727,21.6200008392334,21.049999237060547,21.329999923706055,14405300
2024-09-11,20.55742073059082,21.600000381469727,21.799999237060547,21.440000534057617,21.540000915527344,21452700
2024-09-12,20.081554412841797,21.100000381469727,21.510000228881836,20.979999542236328,21.43000030517578,10414900
2024-09-13,20.13865852355957,21.15999984741211,21.420000076293945,21.010000228881836,21.25,15107800
2024-09-16,20.09107208251953,21.110000610351562,21.25,21.010000228881836,21.15999984741211,7476500
2024-09-17,19.93879508972168,20.950000762939453,21.139999389648438,20.84000015258789,21.110000610351562,11385300
2024-09-18,19.653274536132812,20.649999618530273,21.049999237060547,20.649999618530273,20.84000015258789,17708700
2024-09-19,19.491479873657227,20.479999542236328,20.760000228881836,20.3799991607666,20.68000030517578,8858100
2024-09-20,18.95850944519043,19.920000076293945,20.440000534057617,19.739999771118164,20.389999389648438,22520400
2024-09-23,18.84429931640625,19.799999237060547,19.959999084472656,19.549999237060547,19.829999923706055,9718200
2024-09-24,19.063201904296875,20.030000686645508,20.170000076293945,19.8700008392334,19.90999984741211,19406700
2024-09-25,18.872854232788086,19.829999923706055,20.239999771118164,19.770000457763672,20.020000457763672,8690600
2024-09-26,19.205961227416992,20.18000030517578,20.389999389648438,19.899999618530273,19.989999771118164,13721700
2024-09-27,19.101268768310547,20.06999969482422,20.350000381469727,20.040000915527344,20.09000015258789,8055400
2024-09-30,19.034648895263672,20.0,20.239999771118164,20.0,20.100000381469727,10589400
2024-10-01,18.90140724182129,19.860000610351562,20.25,19.709999084472656,20.0,19370900
2024-10-02,19.082233428955078,20.049999237060547,20.1200008392334,19.889999389648438,20.040000915527344,11942400
2024-10-03,18.815750122070312,19.770000457763672,19.84000015258789,19.479999542236328,19.610000610351562,21292200
2024-10-04,18.987062454223633,19.950000762939453,19.989999771118164,19.600000381469727,19.600000381469727,7223900
2024-10-07,18.968027114868164,19.93000030517578,20.170000076293945,19.860000610351562,20.100000381469727,6439700
2024-10-08,18.701541900634766,19.649999618530273,19.809999465942383,19.59000015258789,19.780000686645508,10457100
2024-10-09,18.311330795288086,19.239999771118164,19.549999237060547,19.18000030517578,19.5,15516100
2024-10-10,18.33988380432129,19.270000457763672,19.530000686645508,19.15999984741211,19.260000228881836,9842800
2024-10-11,18.206640243530273,19.1299991607666,19.360000610351562,18.969999313354492,19.34000015258789,11185600
2024-10-14,18.178089141845703,19.100000381469727,19.18000030517578,18.93000030517578,19.1299991607666,9679200
2024-10-15,18.178089141845703,19.100000381469727,19.299999237060547,18.979999542236328,19.100000381469727,13938900
2024-10-16,18.32084846496582,19.25,19.3799991607666,18.780000686645508,18.979999542236328,13468400
2024-10-17,18.51119613647461,19.450000762939453,19.450000762939453,18.920000076293945,18.920000076293945,11670900
2024-10-18,18.26374626159668,19.190000534057617,19.5,18.989999771118164,19.5,16260400
2024-10-21,18.225675582885742,19.149999618530273,19.3799991607666,19.030000686645508,19.350000381469727,27629300
2024-10-22,17.987741470336914,18.899999618530273,19.030000686645508,18.729999542236328,19.010000228881836,16351300
2024-10-23,18.082916259765625,19.0,19.06999969482422,18.81999969482422,18.899999618530273,17921900
2024-10-24,18.178089141845703,19.100000381469727,19.170000076293945,18.780000686645508,19.0,13823000
2024-10-25,18.29229736328125,19.219999313354492,19.219999313354492,18.81999969482422,19.0,22295900
2024-10-28,18.84429931640625,19.799999237060547,19.860000610351562,19.43000030517578,19.450000762939453,18662400
2024-10-29,18.93947410583496,19.899999618530273,20.100000381469727,19.739999771118164,19.8700008392334,15548900
2024-10-30,18.825267791748047,19.780000686645508,20.139999389648438,19.780000686645508,19.799999237060547,13460400
2024-10-31,18.93947410583496,19.899999618530273,20.06999969482422,19.709999084472656,19.709999084472656,11654100
2024-11-01,18.51119613647461,19.450000762939453,19.959999084472656,19.329999923706055,19.950000762939453,16370200
2024-11-04,19.472444534301758,20.459999084472656,20.459999084472656,19.540000915527344,19.56999969482422,12974100
2024-11-05,19.481962203979492,20.469999313354492,20.610000610351562,20.190000534057617,20.479999542236328,10429200
2024-11-06,19.70086097717285,20.700000762939453,20.780000686645508,19.899999618530273,19.899999618530273,15020300
2024-11-07,19.12982177734375,20.100000381469727,20.690000534057617,20.030000686645508,20.260000228881836,15678700
2024-11-08,18.51119613647461,19.450000762939453,19.719999313354492,18.860000610351562,19.510000228881836,25591900
2024-11-11,18.76816177368164,19.719999313354492,19.81999969482422,19.209999084472656,19.209999084472656,10037700
2024-11-12,18.996578216552734,19.959999084472656,20.06999969482422,19.610000610351562,19.610000610351562,19037000
2024-11-13,19.11078643798828,20.079999923706055,20.149999618530273,19.770000457763672,19.790000915527344,23789400
2024-11-14,19.139339447021484,20.110000610351562,20.549999237060547,19.829999923706055,20.040000915527344,14210100
2024-11-18,19.196443557739258,20.170000076293945,20.3700008392334,19.889999389648438,19.889999389648438,12407300
2024-11-19,19.42485809326172,20.40999984741211,20.420000076293945,19.8700008392334,19.979999542236328,11688200
2024-11-21,18.948991775512695,19.90999984741211,20.149999618530273,19.889999389648438,20.020000457763672,12943600
2024-11-22,19.186925888061523,20.15999984741211,20.270000457763672,19.93000030517578,20.1200008392334,7077700
2024-11-25,19.358238220214844,20.34000015258789,20.479999542236328,20.1200008392334,20.15999984741211,20681600
2024-11-26,19.777000427246094,20.780000686645508,20.850000381469727,20.280000686645508,20.420000076293945,14171700
2024-11-27,19.263063430786133,20.239999771118164,20.829999923706055,20.170000076293945,20.700000762939453,24394500
2024-11-28,18.482643127441406,19.420000076293945,20.059999465942383,19.270000457763672,20.059999465942383,12290100
2024-11-29,18.51119613647461,19.450000762939453,19.709999084472656,18.739999771118164,19.260000228881836,23318000
2024-12-02,17.949674606323242,18.860000610351562,19.510000228881836,18.860000610351562,19.15999984741211,16243400
2024-12-03,17.85449981689453,18.760000228881836,19.1299991607666,18.600000381469727,18.899999618530273,9870100
2024-12-04,18.349401473999023,19.280000686645508,19.3700008392334,18.59000015258789,18.59000015258789,11663300
2024-12-05,18.76816177368164,19.719999313354492,20.040000915527344,19.520000457763672,19.530000686645508,10765300
2024-12-06,18.273263931274414,19.200000762939453,19.90999984741211,19.110000610351562,19.530000686645508,11268300
2024-12-09,18.206640243530273,19.1299991607666,19.450000762939453,19.049999237060547,19.239999771118164,6283000
2024-12-10,18.634920120239258,19.579999923706055,19.84000015258789,19.239999771118164,19.31999969482422,7494800
2024-12-11,18.90140724182129,19.860000610351562,20.399999618530273,19.489999771118164,19.700000762939453,12673900
2024-12-12,18.43505859375,19.3700008392334,19.729999542236328,19.260000228881836,19.700000762939453,14438700
2024-12-13,18.09243392944336,19.010000228881836,19.530000686645508,19.010000228881836,19.489999771118164,16330900
2024-12-16,17.6070499420166,18.5,19.09000015258789,18.440000534057617,19.049999237060547,12335200
2024-12-17,17.99725914001465,18.90999984741211,19.010000228881836,18.59000015258789,18.700000762939453,14291900
2024-12-18,17.273942947387695,18.149999618530273,18.93000030517578,18.040000915527344,18.690000534057617,15028100
2024-12-19,17.6070499420166,18.5,18.700000762939453,17.969999313354492,18.190000534057617,10811900
2024-12-20,17.74980926513672,18.649999618530273,18.93000030517578,18.329999923706055,18.489999771118164,24110700
2024-12-23,17.312013626098633,18.190000534057617,18.6299991607666,18.079999923706055,18.559999465942383,16010700
2024-12-26,17.09311294555664,17.959999084472656,18.399999618530273,17.959999084472656,18.260000228881836,9938700
2024-12-27,16.98842430114746,17.850000381469727,18.260000228881836,17.780000686645508,18.110000610351562,8113400
2024-12-30,16.978904724121094,17.84000015258789,17.969999313354492,17.670000076293945,17.81999969482422,6007300
2025-01-02,16.931320190429688,17.790000915527344,17.90999984741211,17.389999389648438,17.760000228881836,9388300
2025-01-03,16.74097442626953,17.59000015258789,17.920000076293945,17.559999465942383,17.770000457763672,5476600
2025-01-06,17.102630615234375,17.969999313354492,18.239999771118164,17.760000228881836,18.239999771118164,8743400
2025-01-07,17.416702270507812,18.299999237060547,18.5,17.889999389648438,17.920000076293945,9538800
2025-01-08,17.131183624267578,18.0,18.15999984741211,17.829999923706055,18.15999984741211,9107900
2025-01-09,16.98842430114746,17.850000381469727,18.040000915527344,17.81999969482422,17.979999542236328,9190600
2025-01-10,16.379314422607422,17.209999084472656,17.850000381469727,17.18000030517578,17.760000228881836,15867400
2025-01-13,16.284141540527344,17.110000610351562,17.40999984741211,17.010000228881836,17.200000762939453,9326300
2025-01-14,16.426902770996094,17.260000228881836,17.459999084472656,16.959999084472656,17.010000228881836,23596600
2025-01-15,16.512556076049805,17.350000381469727,17.469999313354492,16.809999465942383,16.899999618530273,28975200
2025-01-16,16.093795776367188,16.90999984741211,17.649999618530273,16.84000015258789,17.270000457763672,21594200
2025-01-17,16.24607276916504,17.06999969482422,17.290000915527344,16.940000534057617,16.950000762939453,8985100
2025-01-20,16.150897979736328,16.969999313354492,17.170000076293945,16.760000228881836,17.170000076293945,5948800
2025-01-21,16.055727005004883,16.8700008392334,17.059999465942383,16.809999465942383,17.020000457763672,9153300
2025-01-22,16.169933319091797,16.989999771118164,17.049999237060547,16.579999923706055,16.950000762939453,15759400
2025-01-23,15.970069885253906,16.780000686645508,17.18000030517578,16.690000534057617,17.030000686645508,11324800
2025-01-24,15.89393138885498,16.700000762939453,17.09000015258789,16.670000076293945,16.760000228881836,6301200
2025-01-27,16.541109085083008,17.3799991607666,17.459999084472656,16.6299991607666,16.790000915527344,17015200
2025-01-28,16.731456756591797,17.579999923706055,17.729999542236328,17.190000534057617,17.299999237060547,16307800
2025-01-29,17.045528411865234,17.90999984741211,17.90999984741211,17.6299991607666,17.670000076293945,12549700
2025-01-30,17.43573760986328,18.31999969482422,18.399999618530273,17.889999389648438,17.989999771118164,14879900
2025-01-31,17.511877059936523,18.399999618530273,18.510000228881836,18.200000762939453,18.420000076293945,12925600
2025-02-03,17.74980926513672,18.649999618530273,18.649999618530273,18.260000228881836,18.5,17691900
2025-02-04,17.82594871520996,18.729999542236328,19.0,18.459999084472656,18.6200008392334,20176700
2025-02-05,17.5784969329834,18.469999313354492,18.790000915527344,18.450000762939453,18.790000915527344,7394700
2025-02-06,17.959192276000977,18.8700008392334,18.899999618530273,18.219999313354492,18.399999618530273,18351300
2025-02-07,17.559463500976562,18.450000762939453,18.889999389648438,18.31999969482422,18.8799991607666,11831500
2025-02-10,17.540428161621094,18.43000030517578,18.860000610351562,18.309999465942383,18.6200008392334,12360700
2025-02-11,17.864017486572266,18.770000457763672,18.950000762939453,18.219999313354492,18.299999237060547,20393000
2025-02-12,17.67367172241211,18.56999969482422,18.729999542236328,18.3799991607666,18.420000076293945,12885800
2025-02-13,17.883052825927734,18.790000915527344,18.81999969482422,18.43000030517578,18.56999969482422,6900700
2025-02-14,18.777679443359375,19.729999542236328,19.899999618530273,18.899999618530273,18.979999542236328,22834200
2025-02-17,18.43505859375,19.3700008392334,20.06999969482422,19.34000015258789,19.729999542236328,11420400
2025-02-18,18.101951599121094,19.020000457763672,19.459999084472656,19.020000457763672,19.399999618530273,8719700
2025-02-19,17.74980926513672,18.649999618530273,18.959999084472656,18.43000030517578,18.889999389648438,8364600
2025-02-20,17.597532272338867,18.489999771118164,18.65999984741211,18.3799991607666,18.549999237060547,6345400
2025-02-21,17.197805404663086,18.06999969482422,18.5,17.739999771118164,18.5,26566200
2025-02-24,17.131183624267578,18.0,18.260000228881836,17.860000610351562,18.1299991607666,14206900
2025-02-25,17.11214828491211,17.979999542236328,18.190000534057617,17.84000015258789,18.06999969482422,17814400
2025-02-26,16.560144424438477,17.399999618530273,18.200000762939453,17.3799991607666,18.18000030517578,11325200
2025-02-27,16.607730865478516,17.450000762939453,17.670000076293945,17.329999923706055,17.469999313354492,11911500
2025-02-28,16.112831115722656,16.93000030517578,17.59000015258789,16.93000030517578,17.040000915527344,17088900
2025-03-05,16.62676429748535,17.469999313354492,17.530000686645508,17.0,17.059999465942383,13033800
2025-03-06,17.09311294555664,17.959999084472656,17.979999542236328,17.360000610351562,17.56999969482422,13002600
2025-03-07,17.00745964050293,17.8700008392334,18.110000610351562,17.68000030517578,17.850000381469727,11497400
2025-03-10,16.503040313720703,17.34000015258789,17.860000610351562,17.280000686645508,17.649999618530273,12045900
2025-03-11,16.550626754760742,17.389999389648438,17.469999313354492,17.209999084472656,17.260000228881836,7080300
2025-03-12,16.664833068847656,17.510000228881836,17.559999465942383,17.219999313354492,17.389999389648438,5692400
2025-03-13,16.94083595275879,17.799999237060547,18.1299991607666,17.329999923706055,17.5,16793700
2025-03-14,17.131183624267578,18.0,18.09000015258789,17.649999618530273,18.09000015258789,12174600
2025-03-17,17.28346061706543,18.15999984741211,18.309999465942383,17.969999313354492,18.049999237060547,12419800
2025-03-18,17.178770065307617,18.049999237060547,18.5,17.979999542236328,18.100000381469727,6653000
2025-03-19,17.321531295776367,18.200000762939453,18.399999618530273,17.90999984741211,18.110000610351562,10306900
2025-03-20,17.312013626098633,18.190000534057617,18.5,18.149999618530273,18.239999771118164,6280100
2025-03-21,16.921802520751953,17.780000686645508,18.299999237060547,17.690000534057617,18.170000076293945,10549700
2025-03-24,16.255590438842773,17.079999923706055,17.84000015258789,16.979999542236328,17.84000015258789,12449100
2025-03-25,16.22703742980957,17.049999237060547,17.559999465942383,16.959999084472656,17.09000015258789,9494400
2025-03-26,16.255590438842773,17.079999923706055,17.299999237060547,16.969999313354492,17.139999389648438,6092500
2025-03-27,16.484004974365234,17.31999969482422,17.40999984741211,17.09000015258789,17.15999984741211,8341700
2025-03-28,16.160415649414062,16.979999542236328,17.299999237060547,16.75,17.25,10512600
2025-03-31,15.43709945678711,16.219999313354492,16.6299991607666,16.010000228881836,16.610000610351562,16101600
2025-04-01,15.503722190856934,16.290000915527344,16.56999969482422,15.949999809265137,16.219999313354492,11049300
2025-04-02,16.055727005004883,16.8700008392334,17.020000457763672,16.15999984741211,16.209999084472656,13619500
2025-04-03,16.798076629638672,17.649999618530273,17.760000228881836,16.780000686645508,16.790000915527344,17746400
2025-04-04,16.24607276916504,17.06999969482422,17.6200008392334,17.010000228881836,17.520000457763672,13689600
2025-04-07,16.21752166748047,17.040000915527344,17.479999542236328,16.649999618530273,16.90999984741211,21656100
2025-04-08,16.02717399597168,16.84000015258789,17.360000610351562,16.799999237060547,17.040000915527344,8335300
2025-04-09,16.341245651245117,17.170000076293945,17.3799991607666,16.420000076293945,16.729999542236328,15815900
2025-04-10,16.35076332092285,17.18000030517578,17.479999542236328,16.84000015258789,17.040000915527344,14448600
2025-04-11,16.91228485107422,17.770000457763672,17.899999618530273,17.25,17.25,14529200
2025-04-14,17.5784969329834,18.469999313354492,18.649999618530273,17.93000030517578,18.0,16873700
2025-04-15,17.6070499420166,18.5,18.670000076293945,18.329999923706055,18.450000762939453,8317100
2025-04-16,17.616567611694336,18.510000228881836,18.729999542236328,18.389999389648438,18.510000228881836,8474200
2025-04-17,17.968708038330078,18.8799991607666,18.950000762939453,18.360000610351562,18.450000762939453,10802500
2025-04-22,18.120986938476562,19.040000915527344,19.139999389648438,18.68000030517578,18.75,10222100
2025-04-23,18.454090118408203,19.389999389648438,19.709999084472656,19.209999084472656,19.309999465942383,22979800
2025-04-24,18.968027114868164,19.93000030517578,19.969999313354492,19.280000686645508,19.639999389648438,13549400
2025-04-25,18.73009490966797,19.68000030517578,20.0,19.579999923706055,19.950000762939453,11489500
2025-04-28,18.625402450561523,19.56999969482422,19.799999237060547,19.399999618530273,19.799999237060547,9247000
2025-04-29,18.52071189880371,19.459999084472656,19.90999984741211,19.399999618530273,19.65999984741211,10023500
2025-04-30,18.463607788085938,19.399999618530273,19.65999984741211,19.06999969482422,19.329999923706055,19611800
2025-05-02,18.33988380432129,19.270000457763672,19.34000015258789,19.030000686645508,19.209999084472656,11519900
2025-05-05,17.987741470336914,18.899999618530273,19.3799991607666,18.729999542236328,19.309999465942383,15275200
2025-05-06,18.130502700805664,19.049999237060547,19.06999969482422,18.770000457763672,19.0,11324700
2025-05-07,17.844982147216797,18.75,19.219999313354492,18.639999389648438,19.219999313354492,5639400
2025-05-08,18.282779693603516,19.209999084472656,19.450000762939453,19.079999923706055,19.43000030517578,12535900
2025-05-09,16.98842430114746,17.850000381469727,19.399999618530273,17.850000381469727,19.399999618530273,24979900
2025-05-12,16.4744873046875,17.309999465942383,17.940000534057617,17.280000686645508,17.850000381469727,12028000
2025-05-13,17.26442527770996,18.139999389648438,18.200000762939453,17.389999389648438,17.389999389648438,17210000
2025-05-14,16.798076629638672,17.649999618530273,18.1200008392334,17.649999618530273,18.1200008392334,5966000
2025-05-15,17.026493072509766,17.889999389648438,18.200000762939453,17.540000915527344,17.729999542236328,11786500
2025-05-16,17.340564727783203,18.219999313354492,18.450000762939453,17.700000762939453,17.770000457763672,8348000
2025-05-19,17.29297637939453,18.170000076293945,18.450000762939453,18.0,18.260000228881836,4132600
2025-05-20,17.711740493774414,18.610000610351562,18.729999542236328,17.959999084472656,18.139999389648438,10954700
2025-05-21,17.11214828491211,17.979999542236328,18.649999618530273,17.93000030517578,18.610000610351562,10058400
2025-05-22,17.273942947387695,18.149999618530273,18.760000228881836,17.940000534057617,18.0,14492500
2025-05-23,17.18828773498535,18.059999465942383,18.290000915527344,17.65999984741211,18.149999618530273,4280400
2025-05-26,17.664154052734375,18.559999465942383,18.790000915527344,18.059999465942383,18.059999465942383,6639400
2025-05-27,18.178089141845703,19.100000381469727,19.3700008392334,18.8799991607666,18.8799991607666,26168800
2025-05-28,18.054363250732422,18.969999313354492,19.15999984741211,18.760000228881836,19.100000381469727,3768900
2025-05-29,18.254228591918945,19.18000030517578,19.18000030517578,18.770000457763672,18.979999542236328,5161000
2025-05-30,17.911602020263672,18.81999969482422,19.3700008392334,18.81999969482422,19.200000762939453,17389900
2025-06-02,18.254228591918945,19.18000030517578,19.469999313354492,18.93000030517578,19.040000915527344,8913600
2025-06-03,18.644437789916992,19.59000015258789,19.770000457763672,19.18000030517578,19.18000030517578,7276500
2025-06-04,18.701541900634766,19.649999618530273,20.530000686645508,19.639999389648438,19.799999237060547,18238000
2025-06-05,18.330366134643555,19.260000228881836,19.809999465942383,19.079999923706055,19.649999618530273,10783300
2025-06-06,18.159053802490234,19.079999923706055,19.299999237060547,18.81999969482422,19.239999771118164,9252900
2025-06-09,17.940156936645508,18.850000381469727,19.100000381469727,18.549999237060547,18.8700008392334,8692400
2025-06-10,18.225675582885742,19.149999618530273,19.270000457763672,18.860000610351562,19.200000762939453,17052700
2025-06-11,18.30181312561035,19.229999542236328,19.389999389648438,18.950000762939453,19.040000915527344,21512200
2025-06-12,18.120986938476562,19.040000915527344,19.610000610351562,19.020000457763672,19.450000762939453,15972700
2025-06-13,18.206640243530273,19.1299991607666,19.149999618530273,18.579999923706055,19.0,6428300
2025-06-16,18.53974723815918,19.479999542236328,19.600000381469727,19.170000076293945,19.31999969482422,12471700
2025-06-17,18.37136459350586,18.5,18.899999618530273,18.389999389648438,18.510000228881836,10115200
2025-06-18,18.351503372192383,18.479999542236328,18.639999389648438,18.3799991607666,18.5,13192300
2025-06-20,17.845048904418945,17.969999313354492,18.360000610351562,17.940000534057617,18.219999313354492,13567200
2025-06-23,17.358455657958984,17.479999542236328,17.940000534057617,17.420000076293945,17.920000076293945,10086300
2025-06-24,17.715953826904297,17.84000015258789,17.940000534057617,17.43000030517578,17.600000381469727,10954800
2025-06-25,17.62657928466797,17.75,17.799999237060547,17.549999237060547,17.600000381469727,6302600
2025-06-26,17.745744705200195,17.8700008392334,18.040000915527344,17.6200008392334,17.889999389648438,8305900
2025-06-27,17.83511734008789,17.959999084472656,18.18000030517578,17.610000610351562,17.610000610351562,9680400
2025-06-30,18.401155471801758,18.530000686645508,18.709999084472656,17.81999969482422,17.84000015258789,12763300
2025-07-01,18.550111770629883,18.68000030517578,18.950000762939453,18.56999969482422,18.59000015258789,8951200
2025-07-02,17.994007110595703,18.1200008392334,18.90999984741211,18.010000228881836,18.610000610351562,8984000
2025-07-03,18.51038932800293,18.639999389648438,18.770000457763672,18.170000076293945,18.170000076293945,6967800
2025-07-04,18.450807571411133,18.579999923706055,18.760000228881836,18.299999237060547,18.56999969482422,2687000
2025-07-07,18.172754287719727,18.299999237060547,18.729999542236328,18.25,18.6299991607666,5124700
2025-07-08,18.013866424560547,18.139999389648438,18.40999984741211,17.920000076293945,18.299999237060547,7328100
2025-07-09,17.338594436645508,17.459999084472656,18.18000030517578,17.399999618530273,18.18000030517578,10796700
2025-07-10,17.060543060302734,17.18000030517578,17.350000381469727,16.889999389648438,17.34000015258789,12691800
2025-07-11,17.000961303710938,17.1200008392334,17.190000534057617,16.8700008392334,17.1299991607666,9341200
2025-07-14,17.269081115722656,17.389999389648438,17.489999771118164,17.020000457763672,17.020000457763672,8621600
2025-07-15,17.328664779663086,17.450000762939453,17.889999389648438,17.229999542236328,17.639999389648438,7268000
2025-07-16,16.881793975830078,17.0,17.719999313354492,16.8700008392334,17.450000762939453,17266700
2025-07-17,16.603740692138672,16.719999313354492,17.18000030517578,16.649999618530273,17.0,9174800
2025-07-18,16.46471405029297,16.579999923706055,16.649999618530273,16.40999984741211,16.600000381469727,10443800
2025-07-21,16.4945068359375,16.610000610351562,16.760000228881836,16.43000030517578,16.709999084472656,10891100
2025-07-22,16.673255920410156,16.790000915527344,16.790000915527344,16.469999313354492,16.65999984741211,12352600
2025-07-23,16.971168518066406,17.09000015258789,17.200000762939453,16.6299991607666,16.780000686645508,7142900
2025-07-24,16.63353157043457,16.75,17.079999923706055,16.6299991607666,16.860000610351562,4775400
2025-07-25,16.56402015686035,16.68000030517578,16.940000534057617,16.549999237060547,16.760000228881836,3701400
2025-07-28,16.732837677001953,16.850000381469727,16.889999389648438,16.520000457763672,16.670000076293945,18051800
2025-07-29,16.732837677001953,16.850000381469727,17.040000915527344,16.639999389648438,16.860000610351562,8980400
2025-07-30,16.4945068359375,16.610000610351562,16.950000762939453,16.170000076293945,16.850000381469727,10186800
2025-07-31,16.42499351501465,16.540000915527344,16.690000534057617,16.170000076293945,16.399999618530273,8874900
2025-08-01,16.21645164489746,16.329999923706055,16.920000076293945,16.219999313354492,16.770000457763672,7927800
2025-08-04,16.325687408447266,16.440000534057617,16.75,16.34000015258789,16.579999923706055,5953600
2025-08-05,16.42499351501465,16.540000915527344,16.780000686645508,16.34000015258789,16.34000015258789,5152800
2025-08-06,16.583881378173828,16.700000762939453,16.75,16.450000762939453,16.75,8177800
2025-08-07,16.832141876220703,16.950000762939453,16.989999771118164,16.579999923706055,16.75,9551400
2025-08-08,15.233336448669434,15.34000015258789,16.81999969482422,15.220000267028809,16.81999969482422,34744600
2025-08-11,15.342571258544922,15.449999809265137,15.609999656677246,15.09000015258789,15.34000015258789,16474400
2025-08-12,15.78944206237793,15.899999618530273,16.079999923706055,15.470000267028809,15.520000457763672,13091800
2025-08-13,15.809303283691406,15.920000076293945,16.170000076293945,15.75,15.869999885559082,8050100
2025-08-14,15.92846965789795,16.040000915527344,16.15999984741211,15.619999885559082,15.699999809265137,6785600
2025-08-15,15.84902572631836,15.960000038146973,16.040000915527344,15.649999618530273,15.880000114440918,10546300
2025-08-18,15.749720573425293,15.859999656677246,16.18000030517578,15.84000015258789,15.989999771118164,12380500
2025-08-19,15.322710990905762,15.430000305175781,15.850000381469727,15.359999656677246,15.6899995803833,13198600
2025-08-20,14.846048355102539,14.949999809265137,15.5600004196167,14.800000190734863,15.420000076293945,23391300
2025-08-21,14.577925682067871,14.680000305175781,14.920000076293945,14.430000305175781,14.869999885559082,15759900
2025-08-22,14.965213775634766,15.069999694824219,15.079999923706055,14.529999732971191,14.789999961853027,15427400
2025-08-25,14.50841236114502,14.609999656677246,15.140000343322754,14.539999961853027,15.140000343322754,14078200
2025-08-26,14.498481750488281,14.600000381469727,14.739999771118164,14.460000038146973,14.65999984741211,11002900
2025-08-27,14.478620529174805,14.579999923706055,14.609999656677246,14.220000267028809,14.5,22749900
2025-08-28,14.518342971801758,14.619999885559082,14.869999885559082,14.569999694824219,14.699999809265137,15706400
2025-08-29,14.448829650878906,14.550000190734863,14.779999732971191,14.479999542236328,14.640000343322754,26350500
2025-09-01,14.220428466796875,14.319999694824219,14.729999542236328,14.229999542236328,14.579999923706055,8638800
2025-09-02,14.01188850402832,14.109999656677246,14.489999771118164,14.020000457763672,14.199999809265137,15069800
2025-09-03,14.111193656921387,14.210000038146973,14.399999618530273,14.140000343322754,14.149999618530273,8984600
2025-09-04,14.697091102600098,14.800000190734863,14.880000114440918,14.239999771118164,14.25,16720800
2025-09-05,14.597785949707031,14.699999809265137,15.350000381469727,14.600000381469727,15.220000267028809,17458000
2025-09-08,14.538204193115234,14.640000343322754,15.0,14.489999771118164,14.649999618530273,11534600
2025-09-09,14.42896842956543,14.529999732971191,14.699999809265137,14.4399995803833,14.579999923706055,8382600
2025-09-10,14.50841236114502,14.609999656677246,14.800000190734863,14.420000076293945,14.489999771118164,8001300
2025-09-11,14.895700454711914,15.0,15.079999923706055,14.569999694824219,14.699999809265137,19829400
2025-09-12,14.707021713256836,14.8100004196167,15.100000381469727,14.789999961853027,14.880000114440918,8888300
2025-09-15,14.756673812866211,14.859999656677246,15.039999961853027,14.739999771118164,14.800000190734863,4952900
2025-09-16,14.776535034179688,14.880000114440918,15.09000015258789,14.779999732971191,14.949999809265137,8845300
2025-09-17,15.17375373840332,15.279999732971191,15.399999618530273,14.8100004196167,14.84000015258789,15326500
2025-09-18,14.925491333007812,15.029999732971191,15.3100004196167,14.979999542236328,15.279999732971191,25448200
2025-09-19,14.50841236114502,14.609999656677246,15.100000381469727,14.59000015258789,15.050000190734863,15339600
2025-09-22,14.806325912475586,14.90999984741211,14.949999809265137,14.479999542236328,14.800000190734863,18607100
2025-09-23,15.044656753540039,15.149999618530273,15.350000381469727,14.760000228881836,14.800000190734863,21958200
2025-09-24,15.17375373840332,15.279999732971191,15.399999618530273,15.010000228881836,15.010000228881836,15426700
2025-09-25,15.024796485900879,15.130000114440918,15.449999809265137,15.069999694824219,15.279999732971191,12490000
2025-09-26,15.124100685119629,15.229999542236328,15.319999694824219,14.979999542236328,15.199999809265137,9825600
2025-09-29,15.541180610656738,15.649999618530273,15.670000076293945,15.34000015258789,15.399999618530273,20121600
2025-09-30,15.858956336975098,15.970000267028809,16.049999237060547,15.6899995803833,15.880000114440918,27743800
2025-10-01,15.630555152893066,15.739999771118164,16.110000610351562,15.569999694824219,16.110000610351562,23967300
2025-10-02,15.78944206237793,15.899999618530273,16.049999237060547,15.270000457763672,15.829999923706055,23100700
2025-10-03,15.78944206237793,15.899999618530273,15.989999771118164,15.710000038146973,15.829999923706055,10654300
2025-10-06,15.640485763549805,15.75,16.09000015258789,15.680000305175781,15.890000343322754,11122700
2025-10-07,15.590832710266113,15.699999809265137,15.739999771118164,15.359999656677246,15.59000015258789,14460600
2025-10-08,15.620624542236328,15.729999542236328,15.9399995803833,15.550000190734863,15.699999809265137,17512500
2025-10-09,15.382292747497559,15.489999771118164,15.9399995803833,15.420000076293945,15.789999961853027,17080900
2025-10-10,15.422015190124512,15.529999732971191,15.710000038146973,15.229999542236328,15.59000015258789,12570700
2025-10-13,15.362432479858398,15.470000267028809,15.640000343322754,15.40999984741211,15.529999732971191,12109900
2025-10-14,15.263127326965332,15.369999885559082,15.520000457763672,15.260000228881836,15.5,7826800
2025-10-15,15.471667289733887,15.579999923706055,15.75,15.100000381469727,15.140000343322754,21172300
2025-10-16,14.945353507995605,15.050000190734863,15.5,15.020000457763672,15.380000114440918,17602800
2025-10-17,15.362432479858398,15.470000267028809,15.569999694824219,15.010000228881836,15.09000015258789,18400600
2025-10-20,15.37236213684082,15.479999542236328,15.670000076293945,15.380000114440918,15.510000228881836,13253600
2025-10-21,15.461736679077148,15.569999694824219,15.680000305175781,15.369999885559082,15.390000343322754,14934900
2025-10-22,15.263127326965332,15.369999885559082,15.630000114440918,15.270000457763672,15.630000114440918,11184000
2025-10-23,15.441876411437988,15.550000190734863,15.699999809265137,15.239999771118164,15.539999961853027,12653300
2025-10-24,15.27305793762207,15.380000114440918,15.800000190734863,15.239999771118164,15.75,10360700
2025-10-27,15.451807022094727,15.5600004196167,15.640000343322754,15.3100004196167,15.579999923706055,13689600
2025-10-28,15.69013786315918,15.800000190734863,15.9399995803833,15.489999771118164,15.550000190734863,16809500
2025-10-29,15.531250953674316,15.640000343322754,16.0,15.520000457763672,15.800000190734863,23523900
2025-10-30,15.878816604614258,15.989999771118164,16.1200008392334,15.350000381469727,15.510000228881836,9483200
2025-10-31,15.809303283691406,15.920000076293945,16.149999618530273,15.890000343322754,16.079999923706055,10380200
2025-11-03,15.501459121704102,15.609999656677246,16.030000686645508,15.600000381469727,16.0,5531400
2025-11-04,15.541180610656738,15.649999618530273,15.890000343322754,15.489999771118164,15.520000457763672,15601800
2025-11-05,15.670276641845703,15.779999732971191,15.970000267028809,15.609999656677246,15.649999618530273,12002300
2025-11-06,15.51138973236084,15.619999885559082,15.760000228881836,15.390000343322754,15.729999542236328,15366500
2025-11-07,15.531250953674316,15.640000343322754,15.680000305175781,15.4399995803833,15.609999656677246,12135100
2025-11-10,15.700068473815918,15.8100004196167,15.949999809265137,15.609999656677246,15.739999771118164,14209700
2025-11-11,16.20652198791504,16.31999969482422,16.56999969482422,15.970000267028809,16.049999237060547,24523500
2025-11-12,16.285964965820312,16.399999618530273,16.440000534057617,16.040000915527344,16.399999618530273,29517700
2025-11-13,16.30582618713379,16.420000076293945,16.65999984741211,16.350000381469727,16.350000381469727,15081600
2025-11-14,16.405132293701172,16.520000457763672,16.860000610351562,16.260000228881836,16.440000534057617,21093500
2025-11-17,14.91556167602539,15.020000457763672,16.270000457763672,15.020000457763672,16.0,33891900
2025-11-18,15.302849769592285,15.40999984741211,15.520000457763672,14.869999885559082,14.90999984741211,15569700
2025-11-19,15.580902099609375,15.6899995803833,15.770000457763672,15.289999961853027,15.350000381469727,22493200
2025-11-21,15.223405838012695,15.329999923706055,15.680000305175781,15.149999618530273,15.65999984741211,13457500
2025-11-24,15.143961906433105,15.25,15.539999961853027,15.25,15.359999656677246,10845200
2025-11-25,15.322710990905762,15.430000305175781,15.510000228881836,15.210000038146973,15.270000457763672,4708600
2025-11-26,16.7229061126709,16.84000015258789,17.450000762939453,15.4399995803833,15.520000457763672,51427200
2025-11-27,16.91158676147461,17.030000686645508,17.200000762939453,16.729999542236328,17.010000228881836,15083400
2025-11-28,16.732837677001953,16.850000381469727,17.149999618530273,16.719999313354492,16.959999084472656,8215000
2025-12-01,16.46471405029297,16.579999923706055,16.780000686645508,16.450000762939453,16.75,7161400
2025-12-02,16.712976455688477,16.829999923706055,16.979999542236328,16.489999771118164,16.700000762939453,6534200
2025-12-03,16.554088592529297,16.670000076293945,17.0,16.649999618530273,16.93000030517578,6388000
2025-12-04,16.772558212280273,16.889999389648438,17.1299991607666,16.760000228881836,16.860000610351562,5956500
2025-12-05,16.00791358947754,16.1200008392334,16.969999313354492,15.949999809265137,16.790000915527344,13350400
2025-12-08,15.69013786315918,15.800000190734863,16.229999542236328,15.65999984741211,16.190000534057617,9801000
2025-12-09,15.461736679077148,15.569999694824219,15.75,15.229999542236328,15.6899995803833,7146600
2025-12-10,15.561041831970215,15.670000076293945,15.699999809265137,15.470000267028809,15.579999923706055,3928200
2025-12-11,15.630555152893066,15.739999771118164,16.010000228881836,15.529999732971191,15.550000190734863,4053300
2025-12-12,15.680207252502441,15.789999961853027,16.18000030517578,15.529999732971191,15.550000190734863,10180000
2025-12-15,15.729860305786133,15.84000015258789,15.979999542236328,15.710000038146973,15.979999542236328,101326800
2025-12-16,14.637508392333984,14.739999771118164,15.539999961853027,14.720000267028809,15.369999885559082,19621500
2025-12-17,14.448829650878906,14.550000190734863,14.630000114440918,14.210000038146973,14.59000015258789,16321600
2025-12-18,14.548133850097656,14.649999618530273,14.859999656677246,14.399999618530273,14.399999618530273,8751100
2025-12-19,14.389246940612793,14.489999771118164,14.8100004196167,14.460000038146973,14.609999656677246,8890800
2025-12-22,14.319733619689941,14.420000076293945,14.630000114440918,14.3100004196167,14.479999542236328,100251700
2025-12-23,14.528273582458496,14.630000114440918,14.84000015258789,14.390000343322754,14.460000038146973,5176500
2025-12-26,14.627577781677246,14.729999542236328,14.789999961853027,14.5,14.5,2242500
2025-12-29,14.50841236114502,14.609999656677246,14.800000190734863,14.520000457763672,14.609999656677246,7140100
2025-12-30,14.657369613647461,14.760000228881836,14.8100004196167,14.600000381469727,14.6899995803833,5316200
2026-01-02,14.647439002990723,14.75,14.829999923706055,14.619999885559082,14.779999732971191,3952400
2026-01-05,14.73681354522705,14.84000015258789,14.930000305175781,14.680000305175781,14.789999961853027,3881500
2026-01-06,14.73681354522705,14.84000015258789,15.140000343322754,14.84000015258789,14.899999618530273,7881500
2026-01-07,14.558064460754395,14.65999984741211,14.899999618530273,14.510000228881836,14.800000190734863,6364800
2026-01-08,14.73681354522705,14.84000015258789,14.970000267028809,14.59000015258789,14.670000076293945,8510700
2026-01-09,14.726882934570312,14.829999923706055,15.069999694824219,14.770000457763672,14.859999656677246,10905100
2026-01-12,14.786465644836426,14.890000343322754,15.210000038146973,14.729999542236328,14.729999542236328,14943500
2026-01-13,14.210498809814453,14.3100004196167,14.880000114440918,14.180000305175781,14.779999732971191,14837800
2026-01-14,13.60473918914795,13.699999809265137,14.489999771118164,13.630000114440918,14.430000305175781,19885500
2026-01-15,13.634531021118164,13.729999542236328,13.859999656677246,13.5600004196167,13.859999656677246,11332700
2026-01-16,13.505435943603516,13.600000381469727,13.760000228881836,13.460000038146973,13.75,9407500
2026-01-19,13.445852279663086,13.539999961853027,13.640000343322754,13.390000343322754,13.5600004196167,3841600
2026-01-20,13.306825637817383,13.399999618530273,13.5600004196167,13.3100004196167,13.420000076293945,6610600
2026-01-21,13.952306747436523,14.050000190734863,14.109999656677246,13.520000457763672,13.550000190734863,41176200
2026-01-22,14.121124267578125,14.220000267028809,14.489999771118164,14.0,14.0,16593700
2026-01-23,14.707021713256836,14.8100004196167,14.970000267028809,14.130000114440918,14.220000267028809,14164900
2026-01-26,14.746744155883789,14.850000381469727,14.9399995803833,14.600000381469727,14.869999885559082,9113000
2026-01-27,14.945353507995605,15.050000190734863,15.1899995803833,14.859999656677246,14.949999809265137,16903800
2026-01-28,15.044656753540039,15.149999618530273,15.449999809265137,14.920000076293945,15.100000381469727,18516200
2026-01-29,14.776535034179688,14.880000114440918,15.34000015258789,14.600000381469727,15.34000015258789,13718800
2026-01-30,14.657369613647461,14.760000228881836,14.930000305175781,14.619999885559082,14.8100004196167,12202300
2026-02-02,14.647439002990723,14.75,14.970000267028809,14.630000114440918,14.9399995803833,8858500
2026-02-03,14.965213775634766,15.069999694824219,15.079999923706055,14.770000457763672,14.949999809265137,16327400
2026-02-04,15.163823127746582,15.270000457763672,15.270000457763672,14.869999885559082,15.0,14822600
2026-02-05,15.084379196166992,15.1899995803833,15.399999618530273,15.100000381469727,15.3100004196167,7913100
2026-02-06,15.143961906433105,15.25,15.390000343322754,14.850000381469727,15.109999656677246,11509100
2026-02-09,15.362432479858398,15.470000267028809,15.520000457763672,15.119999885559082,15.319999694824219,7716700
2026-02-10,15.78944206237793,15.899999618530273,16.100000381469727,15.369999885559082,15.470000267028809,20349000
2026-02-11,16.33561897277832,16.450000762939453,16.520000457763672,15.899999618530273,16.059999465942383,17626200
2026-02-12,16.17673110961914,16.290000915527344,16.530000686645508,16.18000030517578,16.270000457763672,10540200
2026-02-13,16.127079010009766,16.239999771118164,16.280000686645508,15.800000190734863,15.859999656677246,8341000
2026-02-18,15.988052368164062,16.100000381469727,16.170000076293945,15.90999984741211,16.079999923706055,7166400
2026-02-19,16.33561897277832,16.450000762939453,16.450000762939453,16.059999465942383,16.1299991607666,5306800
2026-02-20,16.395200729370117,16.510000228881836,16.65999984741211,16.190000534057617,16.270000457763672,7488000
2026-02-23,16.573949813842773,16.690000534057617,16.969999313354492,16.440000534057617,16.600000381469727,14224900
2026-02-24,17.040681838989258,17.15999984741211,17.399999618530273,16.770000457763672,16.770000457763672,22095400
2026-02-25,16.554088592529297,16.670000076293945,17.299999237060547,16.579999923706055,17.299999237060547,8979100
2026-02-26,16.514366149902344,16.6299991607666,16.790000915527344,16.3700008392334,16.709999084472656,8368900
2026-02-27,15.858956336975098,15.970000267028809,16.540000915527344,15.920000076293945,16.530000686645508,14721600
2026-03-02,15.640485763549805,15.75,15.899999618530273,15.5,15.670000076293945,6813500
2026-03-03,15.362432479858398,15.470000267028809,15.569999694824219,14.890000343322754,15.09000015258789,12439600
2026-03-04,15.61069393157959,15.720000267028809,15.84000015258789,15.5600004196167,15.600000381469727,6687800
2026-03-05,15.51138973236084,15.619999885559082,16.09000015258789,15.300000190734863,15.670000076293945,13865800
2026-03-06,15.37236213684082,15.479999542236328,15.720000267028809,15.25,15.399999618530273,11888700
2026-03-09,15.829163551330566,15.9399995803833,16.15999984741211,15.420000076293945,15.510000228881836,15617500
2026-03-10,16.931446075439453,17.049999237060547,17.360000610351562,16.110000610351562,16.360000610351562,21529300
2026-03-11,16.981098175048828,17.100000381469727,17.389999389648438,16.579999923706055,16.81999969482422,7667900
2026-03-12,16.36540985107422,16.479999542236328,16.90999984741211,16.329999923706055,16.610000610351562,12270100
2026-03-13,16.146940231323242,16.260000228881836,16.719999313354492,16.139999389648438,16.6200008392334,7196500
2026-03-16,16.285964965820312,16.399999618530273,16.739999771118164,16.260000228881836,16.56999969482422,7297900
2026-03-17,16.196590423583984,16.309999465942383,16.700000762939453,16.079999923706055,16.40999984741211,6481200
2026-03-18,15.968191146850586,16.079999923706055,16.450000762939453,16.030000686645508,16.200000762939453,10462500
2026-03-19,16.07742691040039,16.190000534057617,16.399999618530273,15.600000381469727,15.819999694824219,9120600
2026-03-20,16.00791358947754,16.1200008392334,16.299999237060547,15.850000381469727,16.190000534057617,11676400
2026-03-23,16.732837677001953,16.850000381469727,16.920000076293945,16.399999618530273,16.43000030517578,8506300
2026-03-24,16.405132293701172,16.520000457763672,16.860000610351562,16.420000076293945,16.75,10964600
2026-03-25,16.4945068359375,16.610000610351562,16.8700008392334,16.479999542236328,16.75,10814800
2026-03-26,15.888747215270996,16.0,16.34000015258789,15.949999809265137,16.270000457763672,10103600
2026-03-27,15.620624542236328,15.729999542236328,16.15999984741211,15.600000381469727,16.0,8719400
2026-03-30,15.491528511047363,15.600000381469727,15.90999984741211,15.5,15.850000381469727,7913700
2026-03-31,16.137008666992188,16.25,16.3700008392334,15.670000076293945,15.789999961853027,10662800
2026-04-01,16.067495346069336,16.18000030517578,16.6200008392334,16.170000076293945,16.399999618530273,15648800
2026-04-02,15.988052368164062,16.100000381469727,16.399999618530273,15.680000305175781,15.789999961853027,10496700
2026-04-06,15.819233894348145,15.930000305175781,16.239999771118164,15.930000305175781,16.239999771118164,6945800
2026-04-07,16.285964965820312,16.399999618530273,16.489999771118164,15.770000457763672,15.899999618530273,14838800
2026-04-08,16.027772903442383,16.139999389648438,17.34000015258789,16.049999237060547,17.270000457763672,17767400
2026-04-09,16.00791358947754,16.1200008392334,16.3799991607666,16.020000457763672,16.280000686645508,11588400
2026-04-10,16.315757751464844,16.43000030517578,16.540000915527344,16.09000015258789,16.270000457763672,20232800
2026-04-13,16.127079010009766,16.239999771118164,16.350000381469727,15.680000305175781,16.350000381469727,18997700
2026-04-14,16.802350997924805,16.920000076293945,17.049999237060547,16.260000228881836,16.329999923706055,15732700
2026-04-15,16.842071533203125,16.959999084472656,17.100000381469727,16.809999465942383,16.850000381469727,10354300
2026-04-16,16.474645614624023,16.59000015258789,17.010000228881836,16.479999542236328,17.010000228881836,54573800
2026-04-17,16.434921264648438,16.549999237060547,17.1299991607666,16.540000915527344,16.979999542236328,15436500
2026-04-20,16.355478286743164,16.469999313354492,16.68000030517578,16.260000228881836,16.649999618530273,9320800
2026-04-22,16.11714744567871,16.229999542236328,16.540000915527344,16.030000686645508,16.420000076293945,10356800
2026-04-23,15.809303283691406,15.920000076293945,16.329999923706055,15.920000076293945,16.010000228881836,16615600
2026-04-24,15.70999813079834,15.819999694824219,16.260000228881836,15.630000114440918,15.989999771118164,20341000
2026-04-27,15.491528511047363,15.600000381469727,16.040000915527344,15.550000190734863,15.819999694824219,5086700
2026-04-28,15.481597900390625,15.59000015258789,15.59000015258789,15.25,15.520000457763672,10514100
2026-04-29,15.470000267028809,15.470000267028809,15.649999618530273,15.260000228881836,15.289999961853027,8816000
2026-04-30,15.729999542236328,15.729999542236328,15.890000343322754,15.510000228881836,15.630000114440918,7122100
2026-05-04,16.239999771118164,16.239999771118164,16.329999923706055,15.720000267028809,15.800000190734863,10799800
2026-05-05,16.290000915527344,16.290000915527344,16.450000762939453,16.010000228881836,16.010000228881836,28875800
2026-05-06,16.690000534057617,16.690000534057617,16.899999618530273,16.31999969482422,16.43000030517578,6505300
2026-05-07,16.290000915527344,16.290000915527344,16.670000076293945,16.15999984741211,16.549999237060547,11188600
2026-05-08,16.93000030517578,16.93000030517578,17.139999389648438,16.420000076293945,16.719999313354492,19970100
2026-05-11,16.18000030517578,16.18000030517578,16.920000076293945,16.030000686645508,16.770000457763672,16680600
2026-05-12,15.75,15.75,16.18000030517578,15.600000381469727,16.06999969482422,14261300
2026-05-13,15.289999961853027,15.289999961853027,15.739999771118164,15.25,15.680000305175781,15996300
2026-05-14,15.270000457763672,15.270000457763672,15.550000190734863,15.210000038146973,15.40999984741211,19687400
2026-05-15,14.970000267028809,14.970000267028809,15.220000267028809,14.800000190734863,15.0,17429300
2026-05-18,14.899999618530273,14.899999618530273,15.170000076293945,14.720000267028809,14.970000267028809,15276200
2026-05-19,14.609999656677246,14.609999656677246,14.84000015258789,14.5,14.779999732971191,10598800
2026-05-20,15.020000457763672,15.020000457763672,15.260000228881836,14.649999618530273,14.739999771118164,21109900
2026-05-21,14.670000076293945,14.670000076293945,14.9399995803833,14.630000114440918,14.920000076293945,12986500
2026-05-22,14.210000038146973,14.210000038146973,14.609999656677246,14.069999694824219,14.600000381469727,14249900
2026-05-25,14.359999656677246,14.359999656677246,14.510000228881836,14.300000190734863,14.420000076293945,4221500
2026-05-26,14.25,14.25,14.260000228881836,13.949999809265137,14.210000038146973,11876500
2026-05-27,14.050000190734863,14.050000190734863,14.449999809265137,13.979999542236328,14.449999809265137,8620900
2026-05-28,13.850000381469727,13.850000381469727,14.130000114440918,13.760000228881836,14.130000114440918,9661600
2026-05-29,13.720000267028809,13.720000267028809,13.90999984741211,13.5600004196167,13.859999656677246,21918900
2026-06-01,13.920000076293945,13.920000076293945,14.100000381469727,13.720000267028809,13.789999961853027,10642800
2026-06-02,14.1899995803833,14.1899995803833,14.369999885559082,13.960000038146973,14.0,8817900
2026-06-03,13.890000343322754,13.890000343322754,14.15999984741211,13.6899995803833,13.84000015258789,11983600
2026-06-05,13.9399995803833,13.9399995803833,14.010000228881836,13.75,13.84000015258789,6473500
2026-06-08,13.520000457763672,13.520000457763672,13.9399995803833,13.420000076293945,13.859999656677246,39303600
2026-06-09,13.489999771118164,13.489999771118164,13.800000190734863,13.420000076293945,13.619999885559082,7767300
2026-06-10,13.300000190734863,13.300000190734863,13.739999771118164,13.300000190734863,13.5,14741100
2026-06-11,13.489999771118164,13.489999771118164,13.609999656677246,13.130000114440918,13.300000190734863,6797200
2026-06-12,13.359999656677246,13.359999656677246,13.609999656677246,13.25,13.359999656677246,5628800
2026-06-15,13.270000457763672,13.270000457763672,13.789999961853027,13.270000457763672,13.59000015258789,8952400
2026-06-16,13.029999732971191,13.029999732971191,13.279999732971191,12.9399995803833,13.25,9629500
2026-06-17,12.449999809265137,12.449999809265137,13.229999542236328,12.449999809265137,13.170000076293945,16995200
2026-06-18,12.329999923706055,12.329999923706055,12.649999618530273,12.319999694824219,12.380000114440918,8340800
2026-06-19,12.449999809265137,12.449999809265137,12.470000267028809,12.15999984741211,12.300000190734863,16088900
2026-06-22,12.470000267028809,12.470000267028809,12.6899995803833,12.380000114440918,12.569999694824219,9530000
2026-06-23,12.899999618530273,12.899999618530273,13.0,12.300000190734863,12.319999694824219,11891500
2026-06-24,12.979999542236328,12.979999542236328,13.119999885559082,12.720000267028809,12.8100004196167,19891100
2026-06-25,13.449999809265137,13.449999809265137,13.510000228881836,13.119999885559082,13.119999885559082,11052800
2026-06-26,13.6899995803833,13.6899995803833,13.8100004196167,13.3100004196167,13.449999809265137,9388000
2026-06-29,13.609999656677246,13.609999656677246,13.779999732971191,13.170000076293945,13.5600004196167,13133300
2026-06-30,13.430000305175781,13.430000305175781,13.640000343322754,13.260000228881836,13.479999542236328,11139200
2026-07-01,13.170000076293945,13.170000076293945,13.329999923706055,12.9399995803833,13.229999542236328,12101600
2026-07-02,13.449999809265137,13.449999809265137,13.550000190734863,13.15999984741211,13.34000015258789,8632800
2026-07-03,13.630000114440918,13.630000114440918,13.65999984741211,13.40999984741211,13.569999694824219,4178100
2026-07-06,13.5,13.5,13.729999542236328,13.34000015258789,13.479999542236328,8646800
2026-07-07,13.5,13.5,13.729999542236328,13.380000114440918,13.579999923706055,11827400
2026-07-08,13.25,13.25,13.529999732971191,13.170000076293945,13.430000305175781,7905500
2026-07-09,13.75,13.75,13.800000190734863,13.260000228881836,13.300000190734863,10408900
2026-07-10,14.359999656677246,14.359999656677246,14.390000343322754,13.850000381469727,14.25,14968200
2026-07-13,14.109999656677246,14.109999656677246,14.420000076293945,13.989999771118164,14.300000190734863,6318700
2026-07-14,14.130000114440918,14.130000114440918,14.1899995803833,14.020000457763672,14.149999618530273,4010400
2026-07-15,14.069999694824219,14.069999694824219,14.170000076293945,13.960000038146973,14.119999885559082,6676600
2026-07-16,13.930000305175781,13.930000305175781,14.100000381469727,13.829999923706055,13.979999542236328,4761300
2026-07-17,13.699999809265137,13.699999809265137,13.930000305175781,13.649999618530273,13.899999618530273,6711900
2026-07-20,13.569999694824219,13.569999694824219,13.779999732971191,13.5,13.6899995803833,6415700
2026-07-21,13.239999771118164,13.239999771118164,13.569999694824219,13.199999809265137,13.520000457763672,7426700
2026-07-22,13.640000343322754,13.640000343322754,13.75,13.210000038146973,13.260000228881836,12755600
2026-07-23,13.960000038146973,13.960000038146973,14.079999923706055,13.489999771118164,13.5600004196167,16919800
2026-07-24,13.569999694824219,13.569999694824219,13.869999885559082,13.489999771118164,13.829999923706055,8199600
2026-07-27,13.710000038146973,13.710000038146973,13.75,13.390000343322754,13.65999984741211,10027500
