Date,Adj Close,Close,High,Low,Open,Volume
2015-01-02,2.4443674087524414,3.2580089569091797,3.3258841037750244,3.22310209274292,3.3258841037750244,10494038
2015-01-05,2.4443674087524414,3.2580089569091797,3.285159111022949,3.1998300552368164,3.226979970932007,7174785
2015-01-06,2.4370925426483154,3.2483129501342773,3.3317019939422607,3.209527015686035,3.2599480152130127,25175174
2015-01-07,2.4880170822143555,3.316188097000122,3.4499990940093994,3.265765905380249,3.3084309101104736,6412651
2015-01-08,2.4967474937438965,3.327824115753174,3.3840630054473877,3.2483129501342773,3.3569130897521973,5285435
2015-01-09,2.4385476112365723,3.2502520084381104,3.306490898132324,3.2502520084381104,3.3006739616394043,4110779
2015-01-12,2.4050824642181396,3.2056479454040527,3.2580089569091797,3.1784980297088623,3.2580089569091797,10502805
2015-01-13,2.2697694301605225,3.025294065475464,3.2347381114959717,3.025294065475464,3.1804370880126953,22999121
2015-01-14,2.2421250343322754,2.988447904586792,3.009779930114746,2.9108760356903076,2.9632370471954346,9159530
2015-01-15,2.279954433441162,3.0388689041137695,3.083472967147827,2.992326021194458,2.992326021194458,8473713
2015-01-16,2.316328525543213,3.087351083755493,3.1319549083709717,3.042747974395752,3.062140941619873,8661926
2015-01-19,2.199930429458618,2.9322080612182617,3.08541202545166,2.9322080612182617,3.0563230514526367,2387469
2015-01-20,2.197021007537842,2.9283299446105957,3.0582621097564697,2.9283299446105957,2.957418918609619,4394904
2015-01-21,2.2537648677825928,3.0039620399475098,3.0155980587005615,2.9108760356903076,2.951601028442383,7014417
2015-01-22,2.2232108116149902,2.9632370471954346,3.087351083755493,2.9419050216674805,3.033051013946533,4128827
2015-01-23,1.9642242193222046,2.6180429458618164,3.087351083755493,2.6180429458618164,3.033051013946533,8419054
2015-01-26,1.9278494119644165,2.569561004638672,2.5811960697174072,2.507503032684326,2.579257011413574,10717832
2015-01-27,2.0035083293914795,2.6704039573669434,2.7091898918151855,2.4784140586853027,2.5113821029663086,6710182
2015-01-28,1.935124158859253,2.579257011413574,2.6587679386138916,2.5346529483795166,2.6587679386138916,22626305
2015-01-29,1.9627689123153687,2.6161038875579834,2.6568291187286377,2.4939279556274414,2.5443499088287354,18401566
2015-01-30,1.935124158859253,2.579257011413574,2.5850749015808105,2.4493250846862793,2.5656819343566895,13471415
2015-02-02,1.9307588338851929,2.573438882827759,2.5811960697174072,2.5113821029663086,2.579257011413574,3697742
2015-02-03,1.9598586559295654,2.61222505569458,2.6277389526367188,2.5327138900756836,2.588953971862793,12990827
2015-02-04,2.0515222549438477,2.7344000339508057,2.740217924118042,2.5967109203338623,2.6199820041656494,12176612
2015-02-05,2.044247627258301,2.7247040271759033,2.759610891342163,2.666524887084961,2.7053110599517822,7667748
2015-02-06,2.034062623977661,2.7111289501190186,2.7111289501190186,2.579257011413574,2.685918092727661,5638657
2015-02-09,2.039881944656372,2.718885898590088,2.755733013153076,2.6005890369415283,2.6704039573669434,4422749
2015-02-10,2.073347568511963,2.7634899616241455,2.8003358840942383,2.682039976119995,2.7091898918151855,6672024
2015-02-11,2.100991725921631,2.8003358840942383,2.827486038208008,2.7247040271759033,2.7634899616241455,7568228
2015-02-12,2.167921304702759,2.8895440101623535,2.9322080612182617,2.8158509731292725,2.843000888824463,5986722
2015-02-13,2.2333950996398926,2.9768118858337402,2.9768118858337402,2.843000888824463,2.846879005432129,8106569
2015-02-18,2.2843194007873535,3.044687032699585,3.0795938968658447,2.959357976913452,2.994265079498291,8658832
2015-02-19,2.2901389598846436,3.0524439811706543,3.1028659343719482,3.025294065475464,3.042747974395752,2974282
2015-02-20,2.2697694301605225,3.025294065475464,3.08541202545166,2.988447904586792,3.0602009296417236,5994973
2015-02-23,2.3410632610321045,3.12031888961792,3.16880202293396,2.972933053970337,3.0408079624176025,6890145
2015-02-24,2.374528408050537,3.1649229526519775,3.1649229526519775,3.0892910957336426,3.114501953125,5436006
2015-02-25,2.4167230129241943,3.221163034439087,3.22310209274292,3.1222589015960693,3.1222589015960693,3337817
2015-02-26,2.4909257888793945,3.320065975189209,3.320065975189209,3.1416521072387695,3.226979970932007,5815526
2015-02-27,2.4647367000579834,3.285159111022949,3.413151979446411,3.246372938156128,3.3317019939422607,5555637
2015-03-02,2.403627872467041,3.2037088871002197,3.2890379428863525,3.170741081237793,3.2560698986053467,4509894
2015-03-03,2.4138123989105225,3.2172839641571045,3.2483129501342773,3.155226945877075,3.1959519386291504,3373397
2015-03-04,2.3541581630706787,3.137773036956787,3.209527015686035,3.1106228828430176,3.1435909271240234,10543541
2015-03-05,2.3643431663513184,3.151348114013672,3.1823770999908447,3.1028659343719482,3.151348114013672,5491180
2015-03-06,2.368708372116089,3.157166004180908,3.209527015686035,3.1028659343719482,3.1435909271240234,3691554
2015-03-09,2.3541581630706787,3.137773036956787,3.1998300552368164,3.118380069732666,3.157166004180908,8280343
2015-03-10,2.3716187477111816,3.1610450744628906,3.2308590412139893,3.023355007171631,3.046626091003418,7926606
2015-03-11,2.3410632610321045,3.12031888961792,3.157166004180908,3.0795938968658447,3.1300160884857178,4411405
2015-03-12,2.4734668731689453,3.296794891357422,3.3239450454711914,3.170741081237793,3.170741081237793,4617150
2015-03-13,2.498201608657837,3.3297629356384277,3.3297629356384277,3.170741081237793,3.1998300552368164,7743549
2015-03-16,2.4734668731689453,3.296794891357422,3.403455972671509,3.2521910667419434,3.3433380126953125,5484477
2015-03-17,2.5156610012054443,3.353034019470215,3.3782451152801514,3.2521910667419434,3.294856071472168,5757257
2015-03-18,2.5724055767059326,3.4286670684814453,3.4596951007843018,3.277401924133301,3.318126916885376,5842855
2015-03-19,2.598594903945923,3.463573932647705,3.548902988433838,3.4344849586486816,3.5023601055145264,4402123
2015-03-20,2.779012441635132,3.7040460109710693,3.717621088027954,3.5101170539855957,3.5101170539855957,8233419
2015-03-23,2.822662353515625,3.7622249126434326,3.878582000732422,3.6865930557250977,3.6865930557250977,6490514
2015-03-24,2.7324538230895996,3.64198899269104,3.853372097015381,3.5993239879608154,3.7622249126434326,11860517
2015-03-25,2.6888041496276855,3.5838100910186768,3.6807749271392822,3.496541976928711,3.6807749271392822,4560428
2015-03-26,2.589864730834961,3.4519379138946533,3.5624780654907227,3.3763060569763184,3.529510021209717,5404551
2015-03-27,2.4516427516937256,3.2677059173583984,3.461635112762451,3.2386159896850586,3.351094961166382,7135080
2015-03-30,2.4341824054718018,3.244434118270874,3.2929160594940186,3.1843159198760986,3.2677059173583984,5436006
2015-03-31,2.576770782470703,3.4344849586486816,3.4538779258728027,3.2677059173583984,3.2677059173583984,12512301
2015-04-01,2.6480650901794434,3.529510021209717,3.568295955657959,3.4325449466705322,3.4344849586486816,10374923
2015-04-02,2.6480650901794434,3.529510021209717,3.58768892288208,3.4887850284576416,3.529510021209717,6723074
2015-04-06,2.735363245010376,3.645867109298706,3.678834915161133,3.546963930130005,3.568295955657959,5661346
2015-04-07,2.7159411907196045,3.548902988433838,3.5993239879608154,3.484905958175659,3.568295955657959,2800507
2015-04-08,2.671416997909546,3.4907240867614746,3.591567039489746,3.4577560424804688,3.591567039489746,4379434
2015-04-09,2.656575918197632,3.4713308811187744,3.5566599369049072,3.461635112762451,3.465512990951538,4289195
2015-04-10,2.604631185531616,3.403455972671509,3.515934944152832,3.347217082977295,3.4538779258728027,9315257
2015-04-13,2.615020751953125,3.4170310497283936,3.4926629066467285,3.3801839351654053,3.3801839351654053,8109147
2015-04-14,2.555655002593994,3.33945894241333,3.4596951007843018,3.3123090267181396,3.4383630752563477,3900393
2015-04-15,2.6447031497955322,3.4558169841766357,3.494602918624878,3.3452770709991455,3.3646700382232666,8285500
2015-04-16,2.68625807762146,3.5101170539855957,3.5101170539855957,3.4325449466705322,3.4325449466705322,3506435
2015-04-17,2.68625807762146,3.5101170539855957,3.58768892288208,3.4499990940093994,3.4907240867614746,3780246
2015-04-20,2.65212345123291,3.465512990951538,3.6167778968811035,3.3995769023895264,3.550842046737671,5275638
2015-04-22,2.656575918197632,3.4713308811187744,3.5062379837036133,3.3026130199432373,3.482966899871826,7302667
2015-04-23,2.663996934890747,3.4810280799865723,3.5004210472106934,3.424787998199463,3.424787998199463,33465831
2015-04-24,2.693678617477417,3.519813060760498,3.5450239181518555,3.4286670684814453,3.4810280799865723,7172722
2015-04-27,2.6447031497955322,3.4558169841766357,3.537266969680786,3.409274101257324,3.537266969680786,4115936
2015-04-28,2.6417341232299805,3.4519379138946533,3.4693920612335205,3.3627309799194336,3.4693920612335205,3546140
2015-04-29,2.649155378341675,3.461635112762451,3.461635112762451,3.353034019470215,3.3995769023895264,4238661
2015-04-30,2.6417341232299805,3.4519379138946533,3.47714900970459,3.3549740314483643,3.4383630752563477,5331844
2015-05-04,2.7500760555267334,3.5935070514678955,3.620656967163086,3.3860020637512207,3.5004210472106934,5923297
2015-05-05,2.748591423034668,3.591567039489746,3.7757999897003174,3.5779919624328613,3.6478068828582764,8732055
2015-05-06,2.83170223236084,3.7001678943634033,3.715682029724121,3.548902988433838,3.58768892288208,13988098
2015-05-07,2.91629695892334,3.8107070922851562,3.8107070922851562,3.6342320442199707,3.643928050994873,6517844
2015-05-08,2.8628687858581543,3.7408928871154785,3.8553109169006348,3.7234389781951904,3.8553109169006348,4389747
2015-05-11,2.8836464881896973,3.768043041229248,3.801011085510254,3.7234389781951904,3.7622249126434326,7755925
2015-05-12,2.897002935409546,3.7854959964752197,3.8165249824523926,3.674957036972046,3.7408928871154785,6069227
2015-05-13,2.83170223236084,3.7001678943634033,3.8281610012054443,3.6962890625,3.791313886642456,4350558
2015-05-14,2.9014556407928467,3.791313886642456,3.791313886642456,3.6885321140289307,3.7564070224761963,3118149
2015-05-15,2.911844253540039,3.804888963699341,3.872765064239502,3.746711015701294,3.7602860927581787,4385622
2015-05-18,2.9059081077575684,3.7971320152282715,3.8165249824523926,3.7447710037231445,3.7990710735321045,5150334
2015-05-19,2.8791942596435547,3.7622249126434326,3.8068289756774902,3.674957036972046,3.8068289756774902,2747395
2015-05-20,2.7456235885620117,3.58768892288208,3.768043041229248,3.5547211170196533,3.735074996948242,9134779
2015-05-21,2.83170223236084,3.7001678943634033,3.7001678943634033,3.519813060760498,3.548902988433838,5034828
2015-05-22,2.7174248695373535,3.550842046737671,3.746711015701294,3.4907240867614746,3.674957036972046,7587822
2015-05-25,2.7678847312927246,3.6167778968811035,3.6924099922180176,3.4538779258728027,3.5450239181518555,1847066
2015-05-26,2.6981308460235596,3.5256309509277344,3.591567039489746,3.4189701080322266,3.591567039489746,5312249
2015-05-27,2.79905104637146,3.6575028896331787,3.6575028896331787,3.4577560424804688,3.4907240867614746,6700385
2015-05-28,2.7871785163879395,3.64198899269104,3.6497459411621094,3.568295955657959,3.609020948410034,7341341
2015-05-29,2.7530431747436523,3.5973849296569824,3.665260076522827,3.5644168853759766,3.665260076522827,7770363
2015-06-01,2.7649166584014893,3.6128990650177,3.6478068828582764,3.537266969680786,3.572174072265625,3538921
2015-06-02,2.7248458862304688,3.5605390071868896,3.6594419479370117,3.546963930130005,3.6303529739379883,5516447
2015-06-03,2.742654800415039,3.5838100910186768,3.605142116546631,3.5217530727386475,3.5838100910186768,10041811
2015-06-05,2.656575918197632,3.4713308811187744,3.5993239879608154,3.4713308811187744,3.5838100910186768,3889049
2015-06-08,2.6476709842681885,3.4596951007843018,3.5062379837036133,3.442241907119751,3.461635112762451,7503255
2015-06-09,2.6476709842681885,3.4596951007843018,3.4926629066467285,3.430605888366699,3.4364240169525146,4237630
2015-06-10,2.707035541534424,3.537266969680786,3.548902988433838,3.4344849586486816,3.5120561122894287,7823475
2015-06-11,2.643219232559204,3.4538779258728027,3.5838100910186768,3.407335042953491,3.5624780654907227,5759835
2015-06-12,2.5853378772735596,3.3782451152801514,3.446120023727417,3.358851909637451,3.4189701080322266,9051759
2015-06-15,2.460672378540039,3.2153449058532715,3.3646700382232666,3.172679901123047,3.351094961166382,13006296
2015-06-16,2.448798656463623,3.1998300552368164,3.2541310787200928,3.1416521072387695,3.207587957382202,13392520
2015-06-17,2.419116973876953,3.1610450744628906,3.211466073989868,3.135833978652954,3.1998300552368164,9171906
2015-06-18,2.4206008911132812,3.1629838943481445,3.190134048461914,3.1222589015960693,3.1784980297088623,9668479
2015-06-19,2.383497476577759,3.114501953125,3.1610450744628906,3.098987102508545,3.1416521072387695,21466087
2015-06-22,2.426537275314331,3.170741081237793,3.1940131187438965,3.135833978652954,3.135833978652954,8277249
2015-06-23,2.37756085395813,3.1067440509796143,3.2153449058532715,3.1048049926757812,3.1959519386291504,5485508
2015-06-24,2.3552989959716797,3.077655076980591,3.1241979598999023,3.044687032699585,3.1241979598999023,5461273
2015-06-25,2.336005687713623,3.0524439811706543,3.0718369483947754,3.009779930114746,3.062140941619873,7471285
2015-06-26,2.4295053482055664,3.1746199131011963,3.1978909969329834,3.0485661029815674,3.0485661029815674,7974562
2015-06-29,2.3731095790863037,3.1009271144866943,3.226979970932007,3.08541202545166,3.153286933898926,6726167
2015-06-30,2.448798656463623,3.1998300552368164,3.1998300552368164,3.097048044204712,3.1222589015960693,7597620
2015-07-01,2.410212278366089,3.149409055709839,3.2502520084381104,3.135833978652954,3.1784980297088623,8360269
2015-07-02,2.4591872692108154,3.213404893875122,3.2347381114959717,3.153286933898926,3.170741081237793,5909890
2015-07-03,2.404275894165039,3.1416521072387695,3.211466073989868,3.1222589015960693,3.188194990158081,1038007
2015-07-06,2.4473142623901367,3.1978909969329834,3.2192230224609375,3.083472967147827,3.095108985900879,5332875
2015-07-07,2.500743865966797,3.2677059173583984,3.2677059173583984,3.097048044204712,3.1746199131011963,4844552
2015-07-08,2.537846565246582,3.316188097000122,3.3258841037750244,3.221163034439087,3.244434118270874,4305180
2015-07-10,2.4933223724365234,3.2580089569091797,3.335581064224243,3.149409055709839,3.335581064224243,11658897
2015-07-13,2.566044330596924,3.353034019470215,3.3956990242004395,3.242495059967041,3.275463104248047,3777152
2015-07-14,2.643219232559204,3.4538779258728027,3.482966899871826,3.318126916885376,3.318126916885376,5722708
2015-07-15,2.6788382530212402,3.5004210472106934,3.546963930130005,3.4364240169525146,3.47714900970459,7087124
2015-07-16,2.8153765201568604,3.678834915161133,3.727318048477173,3.601263999938965,3.607081890106201,10104205
2015-07-17,2.7500760555267334,3.5935070514678955,3.661381959915161,3.537266969680786,3.5857489109039307,7317621
2015-07-20,2.760464668273926,3.607081890106201,3.661381959915161,3.5430850982666016,3.5935070514678955,4422233
2015-07-21,2.760464668273926,3.607081890106201,3.6594419479370117,3.5663559436798096,3.5663559436798096,4144297
2015-07-22,2.818345308303833,3.6827139854431152,3.6827139854431152,3.5624780654907227,3.603203058242798,4087575
2015-07-23,2.7753050327301025,3.626473903656006,3.713742971420288,3.5760529041290283,3.6303529739379883,11666116
2015-07-24,2.7159411907196045,3.548902988433838,3.6187169551849365,3.475209951400757,3.610960006713867,9900523
2015-07-27,2.6209568977355957,3.424787998199463,3.5644168853759766,3.409274101257324,3.5236918926239014,5344219
2015-07-28,2.6832900047302246,3.5062379837036133,3.513995885848999,3.405395030975342,3.446120023727417,6229079
2015-07-29,2.6120522022247314,3.413151979446411,3.513995885848999,3.320065975189209,3.4713308811187744,10386783
2015-07-30,2.560107707977295,3.3452770709991455,3.4538779258728027,3.287097930908203,3.3937599658966064,7770879
2015-07-31,2.592758893966675,3.38794207572937,3.401516914367676,3.296794891357422,3.3220059871673584,12689170
2015-08-03,2.610567808151245,3.411212921142578,3.4907240867614746,3.38794207572937,3.38794207572937,5407645
2015-08-04,2.625408887863159,3.430605888366699,3.5062379837036133,3.403455972671509,3.409274101257324,3915863
2015-08-05,2.560107707977295,3.3452770709991455,3.498481035232544,3.3026130199432373,3.4538779258728027,4294867
2015-08-06,2.500743865966797,3.2677059173583984,3.3220059871673584,3.2153449058532715,3.3220059871673584,4473283
2015-08-07,2.4710607528686523,3.2289199829101562,3.2502520084381104,3.170741081237793,3.225040912628174,3947317
2015-08-10,2.4710607528686523,3.2289199829101562,3.2483129501342773,3.1804370880126953,3.226979970932007,5090003
2015-08-11,2.448798656463623,3.1998300552368164,3.213404893875122,3.1338939666748047,3.213404893875122,3401242
2015-08-12,2.384981870651245,3.116441011428833,3.2037088871002197,3.0737760066986084,3.1862549781799316,6359539
2015-08-13,2.2959342002868652,3.0000829696655273,3.114501953125,2.9865078926086426,3.1009271144866943,4055604
2015-08-14,2.3374900817871094,3.0543839931488037,3.0892910957336426,3.0039620399475098,3.021415948867798,3325957
2015-08-17,2.2751567363739014,2.972933053970337,3.0563230514526367,2.957418918609619,3.033051013946533,3893690
2015-08-18,2.285545825958252,2.9865078926086426,3.023355007171631,2.905057907104492,2.951601028442383,4593430
2015-08-19,2.3033552169799805,3.009779930114746,3.0272328853607178,2.92057204246521,2.9651761054992676,7015964
2015-08-20,2.2202441692352295,2.901179075241089,2.9651761054992676,2.8914830684661865,2.953540086746216,4832177
2015-08-21,2.189077615737915,2.8604540824890137,2.8914830684661865,2.8313651084899902,2.8895440101623535,5427755
2015-08-24,2.15197491645813,2.81197190284729,2.9225120544433594,2.7014319896698,2.7266430854797363,9836582
2015-08-25,2.15197491645813,2.81197190284729,2.887603998184204,2.8042149543762207,2.8720901012420654,6817438
2015-08-26,2.2528951168060303,2.9438440799713135,2.9438440799713135,2.7654290199279785,2.792578935623169,3617816
2015-08-27,2.3642044067382812,3.0892910957336426,3.147469997406006,2.91475510597229,2.9651761054992676,7341341
2015-08-28,2.3597519397735596,3.083472967147827,3.147469997406006,3.025294065475464,3.077655076980591,5506650
2015-08-31,2.3345212936401367,3.0505049228668213,3.0912299156188965,2.9419050216674805,3.062140941619873,7302667
2015-09-01,2.23656964302063,2.9225120544433594,3.0369300842285156,2.887603998184204,2.953540086746216,6741637
2015-09-02,2.3330376148223877,3.0485661029815674,3.081533908843994,2.901179075241089,2.9419050216674805,5147240
2015-09-03,2.3345212936401367,3.0505049228668213,3.170741081237793,2.9651761054992676,3.1048049926757812,5178695
2015-09-04,2.2202441692352295,2.901179075241089,3.0408079624176025,2.8720901012420654,2.9671149253845215,10475991
2015-09-08,2.2350850105285645,2.92057204246521,2.957418918609619,2.825546979904175,2.825546979904175,4430484
2015-09-09,2.3226490020751953,3.0349910259246826,3.0795938968658447,2.957418918609619,2.957418918609619,6295082
2015-09-10,2.2618002891540527,2.9554800987243652,3.011718988418579,2.8895440101623535,2.9283299446105957,10707003
2015-09-11,2.2840614318847656,2.9845690727233887,3.021415948867798,2.9341468811035156,2.9671149253845215,2695314
2015-09-14,2.3864660263061523,3.118380069732666,3.137773036956787,2.9748730659484863,2.9962050914764404,6668930
2015-09-15,2.3968544006347656,3.1319549083709717,3.2056479454040527,3.0912299156188965,3.13971209526062,4429452
2015-09-16,2.4933223724365234,3.2580089569091797,3.2599480152130127,3.153286933898926,3.153286933898926,8257139
2015-09-17,2.566044330596924,3.353034019470215,3.3743669986724854,3.170741081237793,3.2483129501342773,16236858
2015-09-18,2.448798656463623,3.1998300552368164,3.335581064224243,3.159105062484741,3.3297629356384277,9210580
2015-09-21,2.3864660263061523,3.118380069732666,3.225040912628174,3.118380069732666,3.13971209526062,8766088
2015-09-22,2.3745930194854736,3.1028659343719482,3.1028659343719482,2.990386962890625,3.083472967147827,7539867
2015-09-23,2.3226490020751953,3.0349910259246826,3.1416521072387695,3.0020229816436768,3.097048044204712,10051093
2015-09-24,2.2558629512786865,2.9477219581604004,2.9768118858337402,2.86627197265625,2.9089369773864746,8186495
2015-09-25,2.285545825958252,2.9865078926086426,3.042747974395752,2.9031190872192383,2.969054937362671,7662076
2015-09-28,2.2261805534362793,2.9089369773864746,2.9962050914764404,2.846879005432129,2.9651761054992676,6133683
2015-09-29,2.2558629512786865,2.9477219581604004,2.969054937362671,2.8740289211273193,2.9322080612182617,5983628
2015-09-30,2.350846529006958,3.0718369483947754,3.1416521072387695,2.9981439113616943,3.0194759368896484,14324819
2015-10-01,2.3745930194854736,3.1028659343719482,3.147469997406006,3.0155980587005615,3.075716018676758,9248738
2015-10-02,2.5274574756622314,3.3026130199432373,3.3026130199432373,3.0582621097564697,3.1125619411468506,10645640
2015-10-05,2.552687406539917,3.335581064224243,3.368549108505249,3.261888027191162,3.368549108505249,5768601
2015-10-06,2.5200366973876953,3.2929160594940186,3.351094961166382,3.2580089569091797,3.3433380126953125,5074533
2015-10-07,2.574949264526367,3.3646700382232666,3.413151979446411,3.283220052719116,3.3452770709991455,4369121
2015-10-08,2.629862070083618,3.4364240169525146,3.4364240169525146,3.318126916885376,3.318126916885376,5371549
2015-10-09,2.5972115993499756,3.3937599658966064,3.4907240867614746,3.2909770011901855,3.4907240867614746,6983478
2015-10-13,2.5972115993499756,3.3937599658966064,3.440303087234497,3.320065975189209,3.409274101257324,3585845
2015-10-14,2.560107707977295,3.3452770709991455,3.426727056503296,3.283220052719116,3.370487928390503,14640398
2015-10-15,2.5289416313171387,3.3045520782470703,3.389880895614624,3.246372938156128,3.3297629356384277,5157553
2015-10-16,2.5230047702789307,3.296794891357422,3.3840630054473877,3.2386159896850586,3.287097930908203,11199451
2015-10-19,2.588306427001953,3.3821239471435547,3.42284893989563,3.2347381114959717,3.294856071472168,4672325
2015-10-20,2.6788382530212402,3.5004210472106934,3.519813060760498,3.3782451152801514,3.3782451152801514,5127645
2015-10-21,2.540813684463501,3.320065975189209,3.5062379837036133,3.314249038696289,3.5004210472106934,6398213
2015-10-22,2.5972115993499756,3.3937599658966064,3.4713308811187744,3.320065975189209,3.320065975189209,7137142
2015-10-23,2.5986950397491455,3.3956990242004395,3.535327911376953,3.3937599658966064,3.4693920612335205,6246611
2015-10-26,2.5230047702789307,3.296794891357422,3.4344849586486816,3.2483129501342773,3.407335042953491,4088091
2015-10-27,2.5081634521484375,3.277401924133301,3.320065975189209,3.2192230224609375,3.294856071472168,5997551
2015-10-28,2.4369261264801025,3.1843159198760986,3.3239450454711914,3.151348114013672,3.2560698986053467,196463
2015-10-29,2.441378593444824,3.190134048461914,3.242495059967041,3.1125619411468506,3.1261370182037354,5938251
2015-10-30,2.48441743850708,3.246372938156128,3.3258841037750244,3.159105062484741,3.188194990158081,5948048
2015-11-03,2.6194729804992676,3.42284893989563,3.479088068008423,3.287097930908203,3.3258841037750244,8815075
2015-11-04,2.693678617477417,3.519813060760498,3.58768892288208,3.4596951007843018,3.4596951007843018,10255807
2015-11-05,2.7307827472686768,3.568295955657959,3.6361711025238037,3.442241907119751,3.517874002456665,4264959
2015-11-06,2.7100045680999756,3.5411460399627686,3.5935070514678955,3.446120023727417,3.5760529041290283,4554240
2015-11-09,2.6788382530212402,3.5004210472106934,3.5760529041290283,3.4286670684814453,3.519813060760498,4406248
2015-11-10,2.631345510482788,3.4383630752563477,3.4674530029296875,3.33945894241333,3.4364240169525146,4095310
2015-11-11,2.6699328422546387,3.4887850284576416,3.5644168853759766,3.461635112762451,3.4907240867614746,3685366
2015-11-12,2.6625125408172607,3.479088068008423,3.6342320442199707,3.4383630752563477,3.5236918926239014,3022753
2015-11-13,2.712972402572632,3.5450239181518555,3.58768892288208,3.4189701080322266,3.479088068008423,6888082
2015-11-16,2.720393419265747,3.5547211170196533,3.6575028896331787,3.513995885848999,3.5779919624328613,8291172
2015-11-17,2.7589802742004395,3.605142116546631,3.64198899269104,3.519813060760498,3.607081890106201,4619728
2015-11-18,2.770853281021118,3.620656967163086,3.6730170249938965,3.5644168853759766,3.568295955657959,5129708
2015-11-19,2.8524796962738037,3.727318048477173,3.7564070224761963,3.6303529739379883,3.6846530437469482,5468492
2015-11-23,3.0112805366516113,3.9348220825195312,3.989121913909912,3.8145859241485596,3.8669469356536865,9414778
2015-11-24,2.9563682079315186,3.863068103790283,4.027907848358154,3.752527952194214,3.8863399028778076,6008895
2015-11-25,2.818345308303833,3.6827139854431152,3.8068289756774902,3.6497459411621094,3.787436008453369,8184432
2015-11-26,2.8569321632385254,3.733135938644409,3.737014055252075,3.610960006713867,3.7079250812530518,3409492
2015-11-27,2.776789903640747,3.6284139156341553,3.729257106781006,3.5430850982666016,3.7214999198913574,5105988
2015-11-30,2.8079562187194824,3.6691389083862305,3.713742971420288,3.5411460399627686,3.570235013961792,11927552
2015-12-01,2.760464668273926,3.607081890106201,3.715682029724121,3.5838100910186768,3.6478068828582764,4479471
2015-12-02,2.7901463508605957,3.645867109298706,3.717621088027954,3.5566599369049072,3.58768892288208,4506285
2015-12-03,2.867321252822876,3.746711015701294,3.7835569381713867,3.6516849994659424,3.7564070224761963,6425027
2015-12-04,2.7545273303985596,3.5993239879608154,3.7738609313964844,3.548902988433838,3.7564070224761963,8651097
2015-12-07,2.70851993560791,3.539206027984619,3.645867109298706,3.498481035232544,3.6361711025238037,8114819
2015-12-08,2.7307827472686768,3.568295955657959,3.572174072265625,3.463573932647705,3.5411460399627686,7678062
2015-12-09,2.8168609142303467,3.6807749271392822,3.781618118286133,3.5838100910186768,3.6361711025238037,9105387
2015-12-10,2.720393419265747,3.5547211170196533,3.7234389781951904,3.552781105041504,3.7234389781951904,5680940
2015-12-11,2.672900676727295,3.4926629066467285,3.58768892288208,3.4499990940093994,3.5741140842437744,10755474
2015-12-14,2.6120522022247314,3.413151979446411,3.5101170539855957,3.353034019470215,3.426727056503296,12121953
2015-12-15,2.6550915241241455,3.4693920612335205,3.5023601055145264,3.3976380825042725,3.413151979446411,10054187
2015-12-16,2.6447031497955322,3.4558169841766357,3.4558169841766357,3.370487928390503,3.3976380825042725,4688825
2015-12-17,2.707035541534424,3.537266969680786,3.5624780654907227,3.4674530029296875,3.537266969680786,9181703
2015-12-18,2.6120522022247314,3.413151979446411,3.465512990951538,3.3569130897521973,3.4499990940093994,11941990
2015-12-21,2.671416997909546,3.4907240867614746,3.4907240867614746,3.3666090965270996,3.391819953918457,7079389
2015-12-22,2.6758697032928467,3.496541976928711,3.5547211170196533,3.4519379138946533,3.5120561122894287,6716886
2015-12-23,2.8643524646759033,3.7428319454193115,3.804888963699341,3.5450239181518555,3.5450239181518555,7453753
2015-12-28,2.819828510284424,3.6846530437469482,3.7622249126434326,3.6730170249938965,3.7622249126434326,4222160
2015-12-29,2.79905104637146,3.6575028896331787,3.719559907913208,3.6284139156341553,3.6846530437469482,3991664
2015-12-30,2.8094403743743896,3.6710779666900635,3.6846530437469482,3.601263999938965,3.6846530437469482,5802634
2016-01-04,2.693678617477417,3.519813060760498,3.609020948410034,3.5004210472106934,3.5973849296569824,4292289
2016-01-05,2.723360776901245,3.5585989952087402,3.5585989952087402,3.446120023727417,3.519813060760498,5138990
2016-01-06,2.6343140602111816,3.442241907119751,3.5585989952087402,3.442241907119751,3.4907240867614746,7498099
2016-01-07,2.4666085243225098,3.22310209274292,3.372426986694336,3.155226945877075,3.372426986694336,10280043
2016-01-08,2.496290922164917,3.261888027191162,3.2677059173583984,3.1940131187438965,3.22310209274292,8265389
2016-01-11,2.560107707977295,3.3452770709991455,3.4170310497283936,3.296794891357422,3.3433380126953125,4970887
2016-01-12,2.6194729804992676,3.42284893989563,3.484905958175659,3.337519884109497,3.413151979446411,9888147
2016-01-13,2.6892266273498535,3.513995885848999,3.550842046737671,3.461635112762451,3.4693920612335205,10991643
2016-01-14,2.7055516242980957,3.535327911376953,3.5779919624328613,3.475209951400757,3.535327911376953,5142599
2016-01-15,2.626892566680908,3.4325449466705322,3.479088068008423,3.3666090965270996,3.461635112762451,8729476
2016-01-18,2.8094403743743896,3.6710779666900635,3.6710779666900635,3.4713308811187744,3.5023601055145264,5897514
2016-01-19,2.834669828414917,3.7040460109710693,3.7777390480041504,3.645867109298706,3.7408928871154785,7452721
2016-01-20,2.819828510284424,3.6846530437469482,3.717621088027954,3.607081890106201,3.6361711025238037,7295963
2016-01-21,2.7827260494232178,3.6361711025238037,3.6904709339141846,3.609020948410034,3.665260076522827,10361000
2016-01-22,2.8925514221191406,3.7796790599823,3.8068289756774902,3.640049934387207,3.655564069747925,7530585
2016-01-26,2.9355907440185547,3.8359179496765137,3.841736078262329,3.6924099922180176,3.7796790599823,8024064
2016-01-27,3.063225269317627,4.002696990966797,4.045361042022705,3.820404052734375,3.8378570079803467,11205123
2016-01-28,3.095874786376953,4.045361042022705,4.045361042022705,3.946458101272583,4.016272068023682,8279828
2016-01-29,3.164144992828369,4.13456916809082,4.167537212371826,4.004635810852051,4.05311918258667,10725051
2016-02-01,3.1671125888824463,4.138446807861328,4.186930179595947,4.062815189361572,4.16947603225708,7880197
2016-02-02,3.072129964828491,4.0143327713012695,4.074450969696045,3.9794259071350098,4.045361042022705,8825388
2016-02-03,3.0840024948120117,4.029847145080566,4.06087589263916,3.9794259071350098,4.06087589263916,10250651
2016-02-04,3.190859317779541,4.16947603225708,4.227654933929443,4.051178932189941,4.062815189361572,9994371
2016-02-05,3.2442879676818848,4.239291191101074,4.264501094818115,4.1229329109191895,4.167537212371826,5993941
2016-02-10,3.2576444149017334,4.256743907928467,4.262561798095703,4.155900955200195,4.155900955200195,7301120
2016-02-11,3.190859317779541,4.16947603225708,4.1946868896484375,4.113236904144287,4.16947603225708,6958727
2016-02-12,3.1611766815185547,4.130690097808838,4.183051109313965,4.068633079528809,4.152021884918213,4810004
2016-02-15,3.2353827953338623,4.227654933929443,4.305226802825928,4.157839775085449,4.221837043762207,2796382
2016-02-16,3.276937961578369,4.281954765319824,4.281954765319824,4.150083065032959,4.235412120819092,6184217
2016-02-17,3.296231985092163,4.30716609954834,4.390554904937744,4.243168830871582,4.287773132324219,9932493
2016-02-18,3.2799065113067627,4.285833835601807,4.3188018798828125,4.216019153594971,4.274198055267334,8745462
2016-02-19,3.297715902328491,4.309104919433594,4.316862106323242,4.186930179595947,4.217957973480225,6730808
2016-02-22,3.4312870502471924,4.483641147613525,4.547637939453125,4.357586860656738,4.5243659019470215,13360034
2016-02-23,3.407541275024414,4.45261287689209,4.49721622467041,4.415765762329102,4.49721622467041,10461037
2016-02-24,3.2205417156219482,4.208261966705322,4.367283821105957,4.181111812591553,4.367283821105957,10719894
2016-02-25,3.287327289581299,4.295529842376709,4.295529842376709,4.144265174865723,4.179172992706299,34325939
2016-02-26,3.3051371574401855,4.3188018798828125,4.419644832611084,4.2509260177612305,4.332376956939697,5295232
2016-02-29,3.3555965423583984,4.384737014770508,4.42352294921875,4.285833835601807,4.285833835601807,10115034
2016-03-01,3.4001200199127197,4.442915916442871,4.475883960723877,4.357586860656738,4.437098026275635,10717832
2016-03-02,3.3689537048339844,4.402191162109375,4.485580921173096,4.328497886657715,4.440977096557617,16114648
2016-03-03,3.4461283683776855,4.5030341148376465,4.576726913452148,4.349830150604248,4.470066070556641,13360034
2016-03-04,3.3912153244018555,4.431280136108398,4.6446027755737305,4.42352294921875,4.545699119567871,17243926
2016-03-07,3.3837954998016357,4.421584129333496,4.512731075286865,4.38861608505249,4.435159206390381,9427670
2016-03-08,3.3971519470214844,4.439037799835205,4.464248180389404,4.3750410079956055,4.421584129333496,11100446
2016-03-09,3.3823111057281494,4.419644832611084,4.495276927947998,4.340134143829346,4.495276927947998,9719529
2016-03-10,3.4060568809509277,4.4506731033325195,4.493338108062744,4.382798194885254,4.460370063781738,12970716
2016-03-11,3.4060568809509277,4.4506731033325195,4.473945140838623,4.361465930938721,4.460370063781738,13024860
2016-03-14,3.3466928005218506,4.373102188110352,4.493338108062744,4.324618816375732,4.406070232391357,13234730
2016-03-15,3.3184940814971924,4.336255073547363,4.394433975219727,4.258684158325195,4.3537092208862305,8399975
2016-03-16,3.3541126251220703,4.382798194885254,4.38861608505249,4.268380165100098,4.293591022491455,11333520
2016-03-17,3.4312870502471924,4.483641147613525,4.508852005004883,4.402191162109375,4.460370063781738,25347917
2016-03-18,3.435739040374756,4.489459037780762,4.586423873901367,4.472005844116211,4.514669895172119,14031929
2016-03-21,3.450579881668091,4.508852005004883,4.530183792114258,4.4506731033325195,4.464248180389404,10148036
2016-03-22,3.4194140434265137,4.4681267738342285,4.553455829620361,4.454552173614502,4.510790824890137,9193048
2016-03-23,3.3837954998016357,4.421584129333496,4.448733806610107,4.338193893432617,4.444855213165283,5115270
2016-03-24,3.428319215774536,4.479763031005859,4.479763031005859,4.31492280960083,4.421584129333496,8780526
2016-03-28,3.5247864723205566,4.605816841125488,4.652359962463379,4.584484100341797,4.625209808349609,32433495
2016-03-29,3.5411124229431152,4.6271491050720215,4.638784885406494,4.586423873901367,4.623270034790039,22635071
2016-03-30,3.5915722846984863,4.693085193634033,4.770656108856201,4.615512847900391,4.654298782348633,19633459
2016-03-31,3.5589213371276855,4.650420188903809,4.689206123352051,4.565092086791992,4.66981315612793,4125
2016-04-01,3.554468870162964,4.6446027755737305,4.718296051025391,4.594181060791016,4.603877067565918,13406
2016-04-04,3.4580016136169434,4.518548965454102,4.64266300201416,4.45261287689209,4.615512847900391,50533
2016-04-05,3.4906516075134277,4.56121301651001,4.580605983734131,4.473945140838623,4.508852005004883,23204
2016-04-06,3.4111483097076416,4.415765762329102,4.5030341148376465,4.357586860656738,4.495276927947998,23720
2016-04-07,3.432121515274048,4.442915916442871,4.491397857666016,4.400251865386963,4.460370063781738,8484542
2016-04-08,3.5654516220092773,4.615512847900391,4.663994789123535,4.508852005004883,4.539881229400635,17468751
2016-04-11,3.5954129695892334,4.654298782348633,4.689206123352051,4.590301990509033,4.673692226409912,515
2016-04-12,3.7452220916748047,4.8482279777526855,4.8501667976379395,4.693085193634033,4.731871128082275,10313
2016-04-13,3.7527127265930176,4.857924938201904,5.061550140380859,4.811381816864014,4.954888820648193,41767
2016-04-14,3.6658239364624023,4.74544620513916,4.873438835144043,4.700841903686523,4.859864234924316,12256538
2016-04-15,3.7407279014587402,4.842410087585449,4.883134841918945,4.733809947967529,4.791988849639893,19479279
2016-04-18,3.7991535663604736,4.91804313659668,4.943253040313721,4.8075032234191895,4.842410087585449,34910688
2016-04-19,3.8620736598968506,4.99949312210083,5.038279056549072,4.881196022033691,4.9529500007629395,3609
2016-04-20,3.838103771209717,4.968463897705078,5.020824909210205,4.929677963256836,4.968463897705078,16428165
2016-04-22,3.8201262950897217,4.945192813873291,4.964585781097412,4.857924938201904,4.857924938201904,9696324
2016-04-25,3.847092390060425,4.980100154876709,5.003370761871338,4.916102886199951,4.916102886199951,10535291
2016-04-26,3.8680665493011475,5.00724983215332,5.040217876434326,4.945192813873291,4.997553825378418,15448941
2016-04-27,3.9474642276763916,5.110032081604004,5.119729042053223,5.0285820960998535,5.040217876434326,18834714
2016-04-28,3.971433639526367,5.141060829162598,5.17984676361084,5.0247039794921875,5.042157173156738,13676129
2016-04-29,3.954955577850342,5.119729042053223,5.162393093109131,5.047975063323975,5.117790222167969,12361215
2016-05-02,3.921996831893921,5.077064037322998,5.106153964996338,5.0247039794921875,5.044096946716309,9921149
2016-05-03,3.932483673095703,5.090640068054199,5.111971855163574,4.9510111808776855,5.020824909210205,11379929
2016-05-04,3.9429712295532227,5.104215145111084,5.123607158660889,5.040217876434326,5.042157173156738,20772019
2016-05-05,3.9444684982299805,5.106153964996338,5.166272163391113,5.051854133605957,5.096457004547119,8521153
2016-05-06,3.969935417175293,5.139122009277344,5.14300012588501,5.077064037322998,5.0809431076049805,6845283
2016-05-09,3.895031452178955,5.042157173156738,5.148818016052246,5.022764205932617,5.090640068054199,11719228
2016-05-10,4.020871162414551,5.2050580978393555,5.2050580978393555,5.090640068054199,5.119729042053223,12863976
2016-05-11,4.03884744644165,5.228329181671143,5.274871826171875,5.17984676361084,5.274871826171875,17804440
2016-05-12,4.154200553894043,5.377655029296875,5.377655029296875,5.191483020782471,5.234147071838379,20479644
2016-05-13,4.0283613204956055,5.214754104614258,5.381533145904541,5.125546932220459,5.381533145904541,13960769
2016-05-16,4.007388591766357,5.187603950500488,5.232207775115967,5.096457004547119,5.17209005355835,13258450
2016-05-17,4.014878749847412,5.197300910949707,5.259357929229736,5.1565752029418945,5.17209005355835,26613328
2016-05-18,3.9804229736328125,5.1526970863342285,5.203117847442627,5.0983967781066895,5.164332866668701,12257054
2016-05-19,3.975928544998169,5.146879196166992,5.158514976501465,5.053792953491211,5.110032081604004,5143631
2016-05-20,4.008885860443115,5.189542770385742,5.224451065063477,5.125546932220459,5.125546932220459,9844317
2016-05-23,3.9684383869171143,5.13718318939209,5.148818016052246,5.026642799377441,5.119729042053223,7188708
2016-05-24,3.9115099906921387,5.063488960266113,5.162393093109131,5.03439998626709,5.146879196166992,14013881
2016-05-25,3.902521848678589,5.051854133605957,5.119729042053223,5.020824909210205,5.088699817657471,9155405
2016-05-27,3.948962450027466,5.111971855163574,5.14300012588501,5.03439998626709,5.0983967781066895,13417271
2016-05-30,3.939974069595337,5.100336074829102,5.160453796386719,5.055731773376465,5.071247100830078,2351889
2016-05-31,3.8336093425750732,4.962646007537842,5.110032081604004,4.927739143371582,5.053792953491211,13028985
2016-06-01,3.923494815826416,5.079003810882568,5.082881927490234,4.960707187652588,4.987856864929199,14892037
2016-06-02,3.892035961151123,5.038279056549072,5.117790222167969,5.020824909210205,5.073185920715332,10297059
2016-06-03,4.016376495361328,5.199240207672119,5.199240207672119,5.020824909210205,5.117790222167969,18770773
2016-06-06,3.951958656311035,5.11584997177124,5.282629013061523,5.088699817657471,5.216692924499512,11594956
2016-06-07,3.9969019889831543,5.1740288734436035,5.2089362144470215,5.0460357666015625,5.0460357666015625,7656920
2016-06-08,4.1676836013793945,5.395108222961426,5.443591117858887,5.1526970863342285,5.195361137390137,18390737
2016-06-09,4.2321014404296875,5.4784979820251465,5.494011878967285,5.395108222961426,5.410623073577881,16664333
2016-06-10,4.17966890335083,5.410623073577881,5.468801021575928,5.373775959014893,5.468801021575928,23836541
2016-06-13,4.293522357940674,5.558009147644043,5.579340934753418,5.309779167175293,5.313658237457275,15150378
2016-06-14,4.143714427947998,5.36407995223999,5.598733901977539,5.290387153625488,5.552190780639648,8081302
2016-06-15,4.185660362243652,5.418379783630371,5.470740795135498,5.296204090118408,5.377655029296875,10040264
2016-06-16,4.254572868347168,5.50758695602417,5.509525775909424,5.321414947509766,5.3505048751831055,10426488
2016-06-17,4.170679569244385,5.39898681640625,5.53667688369751,5.395108222961426,5.50758695602417,17898289
2016-06-20,4.1676836013793945,5.395108222961426,5.505648136138916,5.373775959014893,5.492073059082031,7424361
2016-06-21,4.215623378753662,5.4571661949157715,5.464922904968262,5.352444171905518,5.3543829917907715,6296629
2016-06-22,4.221614360809326,5.464922904968262,5.530858993530273,5.412561893463135,5.439712047576904,17068605
2016-06-23,4.27704381942749,5.53667688369751,5.577402114868164,5.462983131408691,5.509525775909424,8806309
2016-06-24,4.191652774810791,5.4261369705200195,5.466862201690674,5.3330512046813965,5.430016040802002,8784136
2016-06-27,4.19764518737793,5.433894157409668,5.459105014801025,5.366018772125244,5.402864933013916,12496316
2016-06-28,4.293522357940674,5.558009147644043,5.612308979034424,5.484315872192383,5.515344142913818,8962551
2016-06-29,4.34445858001709,5.623945236206055,5.715091228485107,5.563827037811279,5.623945236206055,14791484
2016-06-30,4.356442928314209,5.639459133148193,5.674365997314453,5.559947967529297,5.559947967529297,18749115
2016-07-01,4.350450038909912,5.631701946258545,5.69182014465332,5.592916011810303,5.666608810424805,7220162
2016-07-04,4.3534464836120605,5.635580062866211,5.697638034820557,5.6064910888671875,5.635580062866211,2266807
2016-07-05,4.318991661071777,5.590977191925049,5.643338203430176,5.552190780639648,5.6064910888671875,4537224
2016-07-06,4.357940196990967,5.641397953033447,5.668548107147217,5.592916011810303,5.639459133148193,5492727
2016-07-07,4.253075122833252,5.505648136138916,5.6782450675964355,5.503708839416504,5.6782450675964355,6496187
2016-07-08,4.407378196716309,5.705395221710205,5.748058795928955,5.515344142913818,5.526979923248291,7601229
2016-07-11,4.507749557495117,5.8353271484375,5.846962928771973,5.709273815155029,5.720909118652344,6217734
2016-07-12,4.4643049240112305,5.779088020324707,5.881869792938232,5.779088020324707,5.874113082885742,11050943
2016-07-13,4.504753589630127,5.831449031829834,5.852780818939209,5.740302085876465,5.740302085876465,4377371
2016-07-14,4.531718730926514,5.866355895996094,5.930353164672852,5.7829670906066895,5.903203010559082,13453367
2016-07-15,4.389400482177734,5.682123184204102,5.87217378616333,5.647215843200684,5.856659889221191,6311583
2016-07-18,4.432844638824463,5.738362789154053,5.749999046325684,5.647215843200684,5.653034210205078,3648755
2016-07-19,4.470297813415527,5.7868452072143555,5.815935134887695,5.724788188934326,5.738362789154053,10732270
2016-07-20,4.491270542144775,5.813994884490967,5.8353271484375,5.732544898986816,5.825631141662598,4238145
2016-07-21,4.510745525360107,5.839206218719482,5.8760528564453125,5.769392013549805,5.798480987548828,6294567
2016-07-22,4.717482566833496,6.106828212738037,6.106828212738037,5.82951021194458,5.8799309730529785,18941454
2016-07-25,4.708494186401367,6.095192909240723,6.106828212738037,6.013741970062256,6.104888916015625,12034807
2016-07-26,4.620105743408203,5.98077392578125,6.112646102905273,5.978835105895996,6.095192909240723,14204672
2016-07-27,4.606624603271484,5.963321208953857,6.025378227233887,5.9322919845581055,5.98077392578125,7783770
2016-07-28,4.6216044425964355,5.9827141761779785,6.0021071434021,5.914837837219238,6.000166893005371,7415079
2016-07-29,4.614114284515381,5.97301721572876,5.976895809173584,5.817873954772949,5.916778087615967,7937950
2016-08-01,4.4643049240112305,5.779088020324707,5.97301721572876,5.732544898986816,5.97301721572876,7076811
2016-08-02,4.317492485046387,5.58903694152832,5.72672700881958,5.519223213195801,5.687941074371338,15720174
2016-08-03,4.3534464836120605,5.635580062866211,5.649155139923096,5.462983131408691,5.538616180419922,5353501
2016-08-04,4.420860767364502,5.722848892211914,5.744181156158447,5.592916011810303,5.604551792144775,5630406
2016-08-05,4.497262954711914,5.821752071380615,5.821752071380615,5.720909118652344,5.784905910491943,6554455
2016-08-08,4.368427276611328,5.654973030090332,5.810116767883301,5.5754618644714355,5.810116767883301,5589154
2016-08-09,4.351948261260986,5.633640766143799,5.703455924987793,5.620066165924072,5.687941074371338,3253250
2016-08-10,4.371423244476318,5.6588521003723145,5.693758964538574,5.623945236206055,5.623945236206055,5217369
2016-08-11,4.486776351928711,5.8081769943237305,5.817873954772949,5.594854831695557,5.629763126373291,6746794
2016-08-12,4.4133710861206055,5.713151931762695,5.817873954772949,5.629763126373291,5.781026840209961,4749672
2016-08-15,4.5481977462768555,5.887688159942627,5.889627933502197,5.641397953033447,5.713151931762695,12241068
2016-08-16,4.485278606414795,5.806238174438477,5.998228073120117,5.781026840209961,5.831449031829834,8864577
2016-08-17,4.5002593994140625,5.825631141662598,5.843084812164307,5.6782450675964355,5.757756233215332,6693681
2016-08-18,4.476289749145508,5.794601917266846,5.8799309730529785,5.748058795928955,5.825631141662598,5290592
2016-08-19,4.390898704528809,5.684062957763672,5.806238174438477,5.684062957763672,5.744181156158447,5701051
2016-08-22,4.372921466827393,5.660790920257568,5.742240905761719,5.633640766143799,5.701516151428223,5570591
2016-08-23,4.357940196990967,5.641397953033447,5.736423969268799,5.631701946258545,5.6588521003723145,6013020
2016-08-24,4.341462135314941,5.620066165924072,5.664669990539551,5.5502519607543945,5.5754618644714355,11024129
2016-08-25,4.329476356506348,5.604551792144775,5.664669990539551,5.567705154418945,5.623945236206055,10969470
2016-08-26,4.33097505569458,5.6064910888671875,5.682123184204102,5.548312187194824,5.604551792144775,10711644
2016-08-29,4.419363021850586,5.720909118652344,5.76163387298584,5.5541300773620605,5.5541300773620605,11024129
2016-08-30,4.359438896179199,5.643338203430176,5.728665828704834,5.587098121643066,5.724788188934326,7146940
2016-08-31,4.402883529663086,5.6995768547058105,5.839206218719482,5.662731170654297,5.740302085876465,13121802
2016-09-01,4.3699259757995605,5.656912803649902,5.7519378662109375,5.6064910888671875,5.722848892211914,6884988
2016-09-02,4.662053108215332,6.035074234008789,6.035074234008789,5.664669990539551,5.686001777648926,11094773
2016-09-05,4.666546821594238,6.040892124176025,6.217368125915527,5.98077392578125,6.062224864959717,4405217
2016-09-06,4.672540187835693,6.048649787902832,6.120402812957764,5.98077392578125,6.093253135681152,3633801
2016-09-08,4.654562950134277,6.025378227233887,6.101009845733643,5.974956035614014,6.048649787902832,6093978
2016-09-09,4.411871910095215,5.711213111877441,5.949746131896973,5.676305770874023,5.922595977783203,5505619
2016-09-12,4.34445858001709,5.623945236206055,5.740302085876465,5.623945236206055,5.653034210205078,11504717
2016-09-13,4.259066104888916,5.513404846191406,5.647215843200684,5.486255168914795,5.538616180419922,7042778
2016-09-14,4.377415657043457,5.666608810424805,5.672427177429199,5.486255168914795,5.486255168914795,7100531
2016-09-15,4.441834449768066,5.749999046325684,5.779088020324707,5.643338203430176,5.660790920257568,4458329
2016-09-16,4.374420642852783,5.662731170654297,5.7306060791015625,5.596795082092285,5.713151931762695,11214920
2016-09-19,4.419363021850586,5.720909118652344,5.769392013549805,5.668548107147217,5.69182014465332,4685216
2016-09-20,4.443332195281982,5.7519378662109375,5.813994884490967,5.703455924987793,5.722848892211914,4217519
2016-09-21,4.588646411895752,5.940049171447754,5.94586706161499,5.76163387298584,5.796542167663574,5339063
2016-09-22,4.644076347351074,6.011803150177002,6.029256820678711,5.922595977783203,5.965260028839111,4236598
2016-09-23,4.590144157409668,5.941987991333008,6.040892124176025,5.877992153167725,5.990470886230469,6359539
2016-09-26,4.5002593994140625,5.825631141662598,5.897385120391846,5.79072380065918,5.87217378616333,4925510
2016-09-27,4.471795082092285,5.788784027099609,5.905141830444336,5.746119976043701,5.891567230224609,6345616
2016-09-28,4.6216044425964355,5.9827141761779785,6.023438930511475,5.788784027099609,5.806238174438477,6616849
2016-09-29,4.570669651031494,5.916778087615967,6.019559860229492,5.87217378616333,5.940049171447754,8935737
2016-09-30,4.522730350494385,5.854720115661621,5.963321208953857,5.821752071380615,5.916778087615967,7026793
2016-10-03,4.614114284515381,5.97301721572876,6.0021071434021,5.817873954772949,5.8353271484375,6001676
2016-10-04,4.5691704750061035,5.914837837219238,6.00986385345459,5.83726692199707,5.990470886230469,5565434
2016-10-05,4.629095077514648,5.992410182952881,6.031196117401123,5.905141830444336,5.938109874725342,5406098
2016-10-06,4.606624603271484,5.963321208953857,5.992410182952881,5.833387851715088,5.992410182952881,5982081
2016-10-07,4.591641902923584,5.943927764892578,5.992410182952881,5.86441707611084,5.963321208953857,7449112
2016-10-10,4.641079425811768,6.0079240798950195,6.035074234008789,5.957502841949463,6.0079240798950195,3007283
2016-10-11,4.627597332000732,5.990470886230469,6.005984783172607,5.9109601974487305,6.000166893005371,5502009
2016-10-13,4.651566505432129,6.021499156951904,6.099071025848389,5.961380958557129,6.005984783172607,9766453
2016-10-14,4.5691704750061035,5.914837837219238,6.106828212738037,5.868295192718506,6.066102981567383,10255291
2016-10-17,4.715983867645264,6.104888916015625,6.126221179962158,5.868295192718506,5.914837837219238,7789958
2016-10-18,4.739953517913818,6.135918140411377,6.135918140411377,6.031196117401123,6.108767986297607,6735449
2016-10-19,4.792386531829834,6.203793048858643,6.217368125915527,6.073860168457031,6.073860168457031,5992910
2016-10-20,4.810362815856934,6.22706413269043,6.22706413269043,6.104888916015625,6.2057318687438965,5578841
2016-10-21,4.816355228424072,6.23482084274292,6.269729137420654,6.139795780181885,6.196035861968994,3626066
2016-10-24,4.778903007507324,6.186338901519775,6.26391077041626,6.130099773406982,6.26391077041626,4735750
2016-10-25,4.837329864501953,6.261971950531006,6.279425144195557,6.093253135681152,6.190217971801758,4311884
2016-10-26,4.8822712898254395,6.320149898529053,6.422933101654053,6.194096088409424,6.230943202972412,13507510
2016-10-27,4.906240940093994,6.351179122924805,6.4074177742004395,6.318211078643799,6.378328800201416,8718648
2016-10-28,4.924217700958252,6.374450206756592,6.438446998596191,6.3123931884765625,6.351179122924805,8356660
2016-10-31,5.048561096191406,6.535411834716797,6.558682918548584,6.374450206756592,6.376389980316162,8715554
2016-11-01,4.906240940093994,6.351179122924805,6.593589782714844,6.341483116149902,6.593589782714844,7292869
2016-11-03,4.828341007232666,6.250336170196533,6.4074177742004395,6.22900390625,6.391903877258301,9892272
2016-11-04,4.84481954574585,6.271667957305908,6.4054789543151855,6.225124835968018,6.283304214477539,6181639
2016-11-07,4.979647159576416,6.44620418548584,6.481112003326416,6.2813639640808105,6.283304214477539,4855381
2016-11-08,4.98114538192749,6.44814395904541,6.496625900268555,6.378328800201416,6.4016008377075195,6474014
2016-11-09,4.858302593231201,6.289122104644775,6.33760404586792,6.147552967071533,6.22900390625,9245129
2016-11-10,4.531718730926514,5.866355895996094,6.3647541999816895,5.76163387298584,6.341483116149902,19470513
2016-11-11,4.061319351196289,5.257419109344482,5.777149200439453,5.175968170166016,5.7306060791015625,39969237
2016-11-14,4.119744300842285,5.3330512046813965,5.461043834686279,5.094518184661865,5.267115116119385,19707713
2016-11-16,4.3804121017456055,5.670487880706787,5.670487880706787,5.325294017791748,5.428075790405273,31672908
2016-11-17,4.262063026428223,5.517283916473389,5.713151931762695,5.494011878967285,5.711213111877441,9877834
2016-11-18,4.257567882537842,5.511466026306152,5.546372890472412,5.383472919464111,5.517283916473389,10181553
2016-11-21,4.423856735229492,5.72672700881958,5.767451763153076,5.509525775909424,5.511466026306152,9497798
2016-11-22,4.498761177062988,5.8236918449401855,5.856659889221191,5.629763126373291,5.839206218719482,21120084
2016-11-23,4.446328639984131,5.75581693649292,5.815935134887695,5.670487880706787,5.798480987548828,4034978
2016-11-24,4.450821876525879,5.76163387298584,5.79072380065918,5.715091228485107,5.76163387298584,1561910
2016-11-25,4.440335750579834,5.748058795928955,5.767451763153076,5.548312187194824,5.643338203430176,3475496
2016-11-28,4.5691704750061035,5.914837837219238,5.930353164672852,5.697638034820557,5.7519378662109375,4727499
2016-11-29,4.434343338012695,5.740302085876465,5.94586706161499,5.740302085876465,5.8760528564453125,7362998
2016-11-30,4.488275051116943,5.810116767883301,5.936171054840088,5.769392013549805,5.769392013549805,12072966
2016-12-01,4.224610328674316,5.468801021575928,5.6801838874816895,5.445529937744141,5.620066165924072,11349506
2016-12-02,4.31149959564209,5.58128023147583,5.653034210205078,5.3020219802856445,5.430016040802002,11451089
2016-12-05,4.257567882537842,5.511466026306152,5.622004985809326,5.373775959014893,5.596795082092285,6743700
2016-12-06,4.238093852996826,5.486255168914795,5.565765857696533,5.406744003295898,5.511466026306152,6363148
2016-12-07,4.175174713134766,5.4048051834106445,5.558009147644043,5.385412216186523,5.546372890472412,13529683
2016-12-08,4.146710395812988,5.367958068847656,5.528919219970703,5.319476127624512,5.4804368019104,8173603
2016-12-09,4.149706840515137,5.371837139129639,5.474618911743164,5.284568786621094,5.395108222961426,7683218
2016-12-12,4.1482086181640625,5.369897842407227,5.406744003295898,5.2806901931762695,5.294264793395996,14712590
2016-12-13,4.241089820861816,5.490133762359619,5.490133762359619,5.2806901931762695,5.342747211456299,5690222
2016-12-14,4.149706840515137,5.371837139129639,5.513404846191406,5.369897842407227,5.505648136138916,8503105
2016-12-15,4.143714427947998,5.36407995223999,5.383472919464111,5.267115116119385,5.327232837677002,8171541
2016-12-16,4.170679569244385,5.39898681640625,5.521162033081055,5.327232837677002,5.410623073577881,11006081
2016-12-19,4.031357765197754,5.21863317489624,5.39898681640625,5.21863317489624,5.39898681640625,7949810
2016-12-20,3.981919765472412,5.154635906219482,5.300083160400391,5.082881927490234,5.263236045837402,5361236
2016-12-21,3.984916925430298,5.158514976501465,5.158514976501465,5.158514976501465,5.158514976501465,6538470
2016-12-22,4.097273826599121,5.303962230682373,5.303962230682373,5.092578887939453,5.158514976501465,4686763
2016-12-23,4.109258651733398,5.319476127624512,5.371837139129639,5.2089362144470215,5.319476127624512,4380981
2016-12-26,4.190155029296875,5.424198150634766,5.424198150634766,5.259357929229736,5.348565101623535,980770
2016-12-27,4.128733158111572,5.344686985015869,5.4784979820251465,5.259357929229736,5.4784979820251465,3623488
2016-12-28,4.203636646270752,5.441650867462158,5.466862201690674,5.296204090118408,5.303962230682373,2779881
2016-12-29,4.3129987716674805,5.5832200050354,5.594854831695557,5.377655029296875,5.441650867462158,5705692
2017-01-02,4.250078201293945,5.501769065856934,5.558009147644043,5.28844690322876,5.517283916473389,2764411
2017-01-03,4.2995147705078125,5.565765857696533,5.594854831695557,5.505648136138916,5.559947967529297,6795781
2017-01-04,4.423856735229492,5.72672700881958,5.767451763153076,5.519223213195801,5.519223213195801,6732871
2017-01-05,4.435841083526611,5.742240905761719,5.792663097381592,5.656912803649902,5.763574123382568,6606021
2017-01-06,4.371423244476318,5.6588521003723145,5.7519378662109375,5.594854831695557,5.742240905761719,4273210
2017-01-09,4.390898704528809,5.684062957763672,5.810116767883301,5.639459133148193,5.711213111877441,5149819
2017-01-10,4.38191032409668,5.672427177429199,5.7306060791015625,5.594854831695557,5.718969821929932,6622006
2017-01-11,4.407378196716309,5.705395221710205,5.775208950042725,5.604551792144775,5.643338203430176,5823260
2017-01-12,4.665048599243164,6.038952827453613,6.089375019073486,5.819812774658203,5.891567230224609,11233484
2017-01-13,4.623103141784668,5.984652996063232,6.069982051849365,5.9109601974487305,6.069982051849365,5029156
2017-01-16,4.615611553192139,5.974956035614014,6.0040459632873535,5.9322919845581055,5.988531112670898,2416346
2017-01-17,4.748941421508789,6.147552967071533,6.166945934295654,5.940049171447754,5.974956035614014,9441592
2017-01-18,4.6860222816467285,6.066102981567383,6.196035861968994,6.064164161682129,6.147552967071533,7768301
2017-01-19,4.756433010101318,6.157249927520752,6.186338901519775,6.035074234008789,6.093253135681152,13653955
2017-01-20,4.795382499694824,6.207671165466309,6.258092880249023,6.141736030578613,6.1882781982421875,14195906
2017-01-23,4.793884754180908,6.2057318687438965,6.258092880249023,6.166945934295654,6.254213809967041,7263477
2017-01-24,4.885267734527588,6.324028968811035,6.360875129699707,6.211550235748291,6.22706413269043,5508197
2017-01-26,4.86429500579834,6.296878814697266,6.428750991821289,6.267788887023926,6.397721767425537,6272393
2017-01-27,4.8043718338012695,6.219306945800781,6.335665225982666,6.190217971801758,6.322090148925781,3409492
2017-01-30,4.678532600402832,6.0564069747924805,6.2600321769714355,6.021499156951904,6.2600321769714355,3035129
2017-01-31,4.69650936126709,6.079678058624268,6.176642894744873,6.048649787902832,6.1650071144104,7632168
2017-02-01,4.712986469268799,6.101009845733643,6.322090148925781,6.071920871734619,6.166945934295654,8013751
2017-02-02,4.766919136047363,6.170825004577637,6.242578983306885,6.050589084625244,6.0816168785095215,5497368
2017-02-03,4.846317291259766,6.273606777191162,6.291060924530029,6.116525173187256,6.116525173187256,11775950
2017-02-06,4.859800338745117,6.291060924530029,6.358935832977295,6.22706413269043,6.3123931884765625,10261995
2017-02-07,4.900249481201172,6.343421936035156,6.358935832977295,6.258092880249023,6.279425144195557,9318867
2017-02-08,4.895755290985107,6.33760404586792,6.380268096923828,6.225124835968018,6.345361232757568,12144641
2017-02-09,4.874782085418701,6.31045389175415,6.3647541999816895,6.242578983306885,6.3647541999816895,5779430
2017-02-10,4.922720432281494,6.37251091003418,6.440385818481445,6.225124835968018,6.279425144195557,5841824
2017-02-13,5.092004299163818,6.59165096282959,6.593589782714844,6.374450206756592,6.409358024597168,11071053
2017-02-14,4.988636016845703,6.4578399658203125,6.636254787445068,6.428750991821289,6.560622215270996,8717616
2017-02-15,5.1504292488098145,6.667283058166504,6.669222831726074,6.500504016876221,6.5295939445495605,14182499
2017-02-16,5.057548522949219,6.547047138214111,6.72934103012085,6.525714874267578,6.6595258712768555,7092281
2017-02-17,5.063540935516357,6.554804801940918,6.593589782714844,6.44814395904541,6.580015182495117,3949896
2017-02-20,5.092004299163818,6.59165096282959,6.7099480628967285,6.537351131439209,6.558682918548584,3933911
2017-02-21,5.1009931564331055,6.603287220001221,6.630436897277832,6.467535972595215,6.624619007110596,9614851
2017-02-22,5.0290846824646,6.5102009773254395,6.589712142944336,6.444264888763428,6.55674409866333,10572418
2017-02-23,4.964667320251465,6.426811218261719,6.622680187225342,6.409358024597168,6.523776054382324,9495220
2017-02-24,4.925717353820801,6.376389980316162,6.494687080383301,6.324028968811035,6.345361232757568,6767420
2017-03-01,5.021594524383545,6.500504016876221,6.500504016876221,6.33760404586792,6.442326068878174,6960274
2017-03-02,4.964667320251465,6.426811218261719,6.500504016876221,6.393843173980713,6.417115211486816,7387234
2017-03-03,5.033579349517822,6.516018867492676,6.5295939445495605,6.409358024597168,6.440385818481445,7005135
2017-03-06,5.041069507598877,6.525714874267578,6.593589782714844,6.45396089553833,6.516018867492676,10732785
2017-03-07,5.009608745574951,6.484990119934082,6.547047138214111,6.426811218261719,6.5140790939331055,5866060
2017-03-08,4.91822624206543,6.366693019866943,6.5140790939331055,6.353117942810059,6.5140790939331055,5442709
2017-03-09,4.695010185241699,6.0777387619018555,6.432629108428955,5.969139099121094,6.376389980316162,15789787
2017-03-10,4.775907516479492,6.182460784912109,6.26391077041626,6.035074234008789,6.130099773406982,14139184
2017-03-13,4.874782085418701,6.31045389175415,6.356997013092041,6.192156791687012,6.194096088409424,7287713
2017-03-14,4.726470947265625,6.11846399307251,6.306574821472168,6.11846399307251,6.30269718170166,7333606
2017-03-15,4.835831165313721,6.2600321769714355,6.300756931304932,6.141736030578613,6.141736030578613,11438713
2017-03-16,4.846317291259766,6.273606777191162,6.331786155700684,6.244517803192139,6.2600321769714355,4431515
2017-03-17,4.77291202545166,6.178582191467285,6.3860859870910645,6.149493217468262,6.331786155700684,12085341
2017-03-20,4.624600410461426,5.986591815948486,6.130099773406982,5.949746131896973,6.079678058624268,13438413
2017-03-21,4.524228572845459,5.856659889221191,6.019559860229492,5.856659889221191,5.984652996063232,11640849
2017-03-22,4.644076347351074,6.011803150177002,6.040892124176025,5.82951021194458,5.82951021194458,9832457
2017-03-23,4.660555362701416,6.033134937286377,6.08355712890625,5.938109874725342,5.957502841949463,7518725
2017-03-24,4.718980312347412,6.108767986297607,6.174703121185303,5.992410182952881,5.992410182952881,5447866
2017-03-27,4.7339606285095215,6.128159999847412,6.141736030578613,6.044771194458008,6.069982051849365,6058398
2017-03-28,4.802873134613037,6.217368125915527,6.413236141204834,6.149493217468262,6.362814903259277,6520938
2017-03-29,4.876279354095459,6.3123931884765625,6.347300052642822,6.221245765686035,6.26391077041626,5975378
2017-03-30,4.856803894042969,6.287181854248047,6.37251091003418,6.230943202972412,6.31045389175415,4678512
2017-03-31,4.8822712898254395,6.320149898529053,6.430689811706543,6.300756931304932,6.30269718170166,6928819
2017-04-03,5.0185980796813965,6.496625900268555,6.52765417098999,6.289122104644775,6.37251091003418,8002407
2017-04-04,5.056049823760986,6.545107841491699,6.589712142944336,6.4578399658203125,6.533472061157227,4686763
2017-04-05,5.114475727081299,6.620739936828613,6.671162128448486,6.548986911773682,6.583893775939941,9805643
2017-04-06,4.975152969360352,6.440385818481445,6.616861820220947,6.411296844482422,6.583893775939941,11169543
2017-04-07,5.048561096191406,6.535411834716797,6.614923000335693,6.438446998596191,6.438446998596191,9058978
2017-04-10,4.915229797363281,6.362814903259277,6.562561988830566,6.341483116149902,6.545107841491699,9812862
2017-04-11,5.023284435272217,6.26391077041626,6.2813639640808105,6.139795780181885,6.2057318687438965,18908452
2017-04-12,5.062164783477783,6.3123931884765625,6.3647541999816895,6.23482084274292,6.248396873474121,15161207
2017-04-13,4.95174503326416,6.174703121185303,6.331786155700684,6.174703121185303,6.246457099914551,3645661
2017-04-17,5.029505252838135,6.271667957305908,6.298818111419678,6.174703121185303,6.174703121185303,4401607
2017-04-18,5.060609817504883,6.31045389175415,6.397721767425537,6.197975158691406,6.269729137420654,7035559
2017-04-19,5.069941520690918,6.322090148925781,6.345361232757568,6.22900390625,6.31045389175415,6282707
2017-04-20,4.786895275115967,5.969139099121094,6.143674850463867,5.9536237716674805,6.106828212738037,20963842
2017-04-24,4.7200212478637695,5.885748863220215,6.044771194458008,5.8760528564453125,6.00986385345459,14370712
2017-04-25,4.600272178649902,5.736423969268799,5.909020900726318,5.711213111877441,5.889627933502197,23262620
2017-04-26,4.671811103820801,5.825631141662598,5.854720115661621,5.724788188934326,5.736423969268799,18243261
2017-04-27,4.54117488861084,5.662731170654297,5.883810043334961,5.662731170654297,5.825631141662598,7268634
2017-04-28,4.552060604095459,5.676305770874023,5.7306060791015625,5.6278228759765625,5.662731170654297,9828331
2017-05-02,4.642261981964111,5.788784027099609,5.827569961547852,5.6801838874816895,5.682123184204102,9071354
2017-05-03,4.727797508239746,5.895444869995117,5.938109874725342,5.788784027099609,5.810116767883301,5074533
2017-05-04,4.634486198425293,5.779088020324707,5.9322919845581055,5.777149200439453,5.862477779388428,7790989
2017-05-05,4.676476001739502,5.831449031829834,5.854720115661621,5.736423969268799,5.740302085876465,6721011
2017-05-08,4.597160339355469,5.732544898986816,5.868295192718506,5.732544898986816,5.815935134887695,4703264
2017-05-09,4.743348598480225,5.914837837219238,5.934230804443359,5.722848892211914,5.738362789154053,12291087
2017-05-10,4.723132610321045,5.889627933502197,6.038952827453613,5.843084812164307,5.98077392578125,10323873
2017-05-11,4.657813549041748,5.8081769943237305,5.996288776397705,5.784905910491943,5.943927764892578,8846530
2017-05-12,4.81799840927124,6.0079240798950195,6.021499156951904,5.86441707611084,6.0079240798950195,10136691
2017-05-15,4.704469203948975,5.866355895996094,6.223186016082764,5.812056064605713,6.040892124176025,19068304
2017-05-16,5.024840354919434,6.265850067138672,6.3085150718688965,5.918716907501221,5.930353164672852,21762587
2017-05-17,4.881762504577637,6.087434768676758,6.246457099914551,6.025378227233887,6.23482084274292,7815741
2017-05-18,4.478965759277344,5.585158824920654,5.585158824920654,4.966525077819824,5.042157173156738,25568101
2017-05-19,4.463413715362549,5.565765857696533,5.843084812164307,5.495951175689697,5.587098121643066,20061966
2017-05-22,4.286121845245361,5.344686985015869,5.577402114868164,5.259357929229736,5.5754618644714355,12379779
2017-05-23,4.407426357269287,5.495951175689697,5.5502519607543945,5.344686985015869,5.344686985015869,9330211
2017-05-24,4.530287742614746,5.649155139923096,5.709273815155029,5.509525775909424,5.577402114868164,5665986
2017-05-25,4.469635009765625,5.573523044586182,5.736423969268799,5.559947967529297,5.720909118652344,9630321
2017-05-26,4.55517053604126,5.6801838874816895,5.6995768547058105,5.559947967529297,5.662731170654297,5344219
2017-05-29,4.55517053604126,5.6801838874816895,5.6801838874816895,5.6801838874816895,5.6801838874816895,0
2017-05-30,4.524066925048828,5.641397953033447,5.736423969268799,5.5754618644714355,5.608429908752441,3514170
2017-05-31,4.510069847106934,5.623945236206055,5.701516151428223,5.608429908752441,5.701516151428223,10588918
2017-06-01,4.58005428314209,5.711213111877441,5.815935134887695,5.625884056091309,5.654973030090332,10686892
2017-06-02,4.5256218910217285,5.643338203430176,5.8042988777160645,5.61037015914917,5.792663097381592,5081752
2017-06-05,4.542728900909424,5.664669990539551,5.724788188934326,5.561886787414551,5.585158824920654,6104807
2017-06-06,4.637596130371094,5.7829670906066895,5.7829670906066895,5.61812686920166,5.61812686920166,7387234
2017-06-07,4.622044086456299,5.763574123382568,5.815935134887695,5.684062957763672,5.815935134887695,4533098
2017-06-08,4.622044086456299,5.763574123382568,5.765512943267822,5.602612018585205,5.765512943267822,3813248
2017-06-09,4.696693420410156,5.856659889221191,5.885748863220215,5.746119976043701,5.813994884490967,11866189
2017-06-12,4.674921989440918,5.82951021194458,5.895444869995117,5.802359104156494,5.862477779388428,7094343
2017-06-13,4.758901119232178,5.934230804443359,5.934230804443359,5.788784027099609,5.8799309730529785,5004920
2017-06-14,4.779118537902832,5.959442138671875,6.017621040344238,5.891567230224609,5.961380958557129,11713040
2017-06-15,4.779118537902832,5.959442138671875,5.959442138671875,5.959442138671875,5.959442138671875,0
2017-06-16,4.976629257202148,6.2057318687438965,6.2057318687438965,5.852780818939209,5.852780818939209,22921258
2017-06-19,4.859989166259766,6.0602850914001465,6.201854228973389,5.994349002838135,6.201854228973389,7764691
2017-06-20,4.794672012329102,5.978835105895996,6.0602850914001465,5.934230804443359,6.050589084625244,7505318
2017-06-21,4.821109294891357,6.011803150177002,6.040892124176025,5.924534797668457,5.924534797668457,7044841
2017-06-22,4.821109294891357,6.011803150177002,6.048649787902832,5.984652996063232,6.011803150177002,6423480
2017-06-23,4.8117780685424805,6.000166893005371,6.025378227233887,5.949746131896973,5.992410182952881,2711815
2017-06-26,4.84288215637207,6.038952827453613,6.137856960296631,5.988531112670898,6.023438930511475,9778829
2017-06-27,4.738684177398682,5.909020900726318,6.058345794677734,5.895444869995117,5.969139099121094,4448531
2017-06-28,4.757345676422119,5.9322919845581055,5.990470886230469,5.860538005828857,5.895444869995117,4363449
2017-06-29,4.791560649871826,5.974956035614014,5.994349002838135,5.868295192718506,5.9109601974487305,5337000
2017-06-30,4.9237518310546875,6.139795780181885,6.196035861968994,6.011803150177002,6.011803150177002,10400705
2017-07-03,4.956411361694336,6.180521011352539,6.26391077041626,6.099071025848389,6.139795780181885,5935157
2017-07-04,4.953300476074219,6.176642894744873,6.238699913024902,6.116525173187256,6.116525173187256,1258707
2017-07-05,4.961076736450195,6.186338901519775,6.2406392097473145,6.093253135681152,6.176642894744873,4335604
2017-07-06,4.929973602294922,6.147552967071533,6.223186016082764,6.122343063354492,6.223186016082764,5641235
2017-07-07,4.89886999130249,6.108767986297607,6.197975158691406,5.994349002838135,6.163067817687988,7971468
2017-07-10,5.023284435272217,6.26391077041626,6.291060924530029,6.068041801452637,6.145614147186279,4839912
2017-07-11,5.031061172485352,6.273606777191162,6.316271781921387,6.155311107635498,6.26391077041626,3842640
2017-07-12,5.097935199737549,6.356997013092041,6.368632793426514,6.217368125915527,6.283304214477539,6310552
2017-07-13,5.185025691986084,6.465597152709961,6.55674409866333,6.343421936035156,6.343421936035156,8789292
2017-07-14,5.255009174346924,6.552865028381348,6.593589782714844,6.442326068878174,6.442326068878174,5464366
2017-07-17,5.3654279708862305,6.690555095672607,6.752612113952637,6.545107841491699,6.593589782714844,11062803
2017-07-18,5.502285957336426,6.861213207244873,6.944602012634277,6.583893775939941,6.680859088897705,15143159
2017-07-19,5.466516017913818,6.816608905792236,6.91939115524292,6.758430004119873,6.91939115524292,9780376
2017-07-20,5.435412406921387,6.777822971343994,6.816608905792236,6.723523139953613,6.816608905792236,7507896
2017-07-21,5.4478535652160645,6.793336868286133,6.814670085906982,6.70025110244751,6.725461959838867,4614572
2017-07-24,5.380980968475342,6.7099480628967285,6.822426795959473,6.632376194000244,6.806911945343018,4733172
2017-07-25,5.278338432312012,6.5819549560546875,6.768126964569092,6.56450080871582,6.756491184234619,6413167
2017-07-26,5.328103065490723,6.644011974334717,6.6595258712768555,6.52765417098999,6.583893775939941,4876523
2017-07-27,5.4742913246154785,6.826304912567139,6.894180774688721,6.671162128448486,6.70219087600708,6002192
2017-07-28,5.301665306091309,6.611043930053711,6.84569787979126,6.543169021606445,6.84569787979126,13269795
2017-07-31,5.217684745788574,6.506321907043457,6.67310094833374,6.471415042877197,6.611043930053711,4245880
2017-08-01,5.264340400695801,6.56450080871582,6.618801116943359,6.479172229766846,6.5102009773254395,5104441
2017-08-02,5.320328235626221,6.6343159675598145,6.651769161224365,6.517958164215088,6.593589782714844,5093612
2017-08-03,5.265895843505859,6.566440105438232,6.688615798950195,6.545107841491699,6.688615798950195,6272393
2017-08-04,5.262785911560059,6.562561988830566,6.616861820220947,6.517958164215088,6.550926208496094,4470189
2017-08-07,5.24412202835083,6.539289951324463,6.601347923278809,6.246457099914551,6.554804801940918,7179426
2017-08-08,5.101044654846191,6.360875129699707,6.572257995605469,6.360875129699707,6.572257995605469,5412286
2017-08-09,5.143034934997559,6.413236141204834,6.432629108428955,6.291060924530029,6.360875129699707,5092581
2017-08-10,5.062164783477783,6.3123931884765625,6.374450206756592,6.2774858474731445,6.353117942810059,5192618
2017-08-11,5.139925003051758,6.409358024597168,6.420992851257324,6.232882022857666,6.289122104644775,3386803
2017-08-14,5.01395320892334,6.252274990081787,6.252274990081787,6.005984783172607,6.013741970062256,18565028
2017-08-15,4.68425178527832,5.841145038604736,6.176642894744873,5.827569961547852,6.141736030578613,25982685
2017-08-16,4.743348598480225,5.914837837219238,6.00986385345459,5.907081127166748,5.992410182952881,11417056
2017-08-17,4.685807228088379,5.843084812164307,6.029256820678711,5.843084812164307,5.949746131896973,8844983
2017-08-18,4.765121936798096,5.941987991333008,5.9536237716674805,5.86441707611084,5.893506050109863,7869369
2017-08-21,4.790005207061768,5.97301721572876,6.0021071434021,5.928412914276123,5.990470886230469,4407279
2017-08-22,4.828885555267334,6.021499156951904,6.066102981567383,5.97301721572876,6.0021071434021,24151604
2017-08-23,4.81644344329834,6.005984783172607,6.099071025848389,5.992410182952881,6.0602850914001465,6894786
2017-08-24,4.8117780685424805,6.000166893005371,6.050589084625244,5.996288776397705,6.031196117401123,8538169
2017-08-25,4.821109294891357,6.011803150177002,6.046710014343262,5.976895809173584,6.037014007568359,6715339
2017-08-28,4.814888954162598,6.0040459632873535,6.062224864959717,6.0040459632873535,6.011803150177002,6663774
2017-08-29,4.9144206047058105,6.128159999847412,6.166945934295654,6.011803150177002,6.011803150177002,15512366
2017-08-30,4.976629257202148,6.2057318687438965,6.2057318687438965,6.108767986297607,6.141736030578613,8310767
2017-08-31,4.999956130981445,6.23482084274292,6.314332008361816,6.168886184692383,6.23482084274292,12655653
2017-09-01,5.099488735198975,6.358935832977295,6.399661064147949,6.23482084274292,6.23482084274292,9325570
2017-09-04,5.066830158233643,6.318211078643799,6.351179122924805,6.275547027587891,6.347300052642822,2821649
2017-09-05,5.0435028076171875,6.289122104644775,6.370572090148926,6.265850067138672,6.331786155700684,5229745
2017-09-06,5.138369560241699,6.4074177742004395,6.5295939445495605,6.341483116149902,6.347300052642822,8931612
2017-09-07,5.138369560241699,6.4074177742004395,6.4074177742004395,6.4074177742004395,6.4074177742004395,0
2017-09-08,5.202132225036621,6.486928939819336,6.496625900268555,6.424871921539307,6.450082778930664,6395634
2017-09-11,5.23790168762207,6.5315327644348145,6.568379878997803,6.450082778930664,6.45396089553833,4072621
2017-09-12,5.2830023765563965,6.587772846221924,6.649829864501953,6.4578399658203125,6.496625900268555,3540984
2017-09-13,5.214573860168457,6.502443790435791,6.59165096282959,6.422933101654053,6.548986911773682,5541199
2017-09-14,5.125927925109863,6.391903877258301,6.52765417098999,6.380268096923828,6.4365081787109375,9914445
2017-09-15,5.208353519439697,6.494687080383301,6.5295939445495605,6.358935832977295,6.399661064147949,12046667
2017-09-18,5.177250385284424,6.455901145935059,6.642073154449463,6.420992851257324,6.554804801940918,4907978
2017-09-19,5.062164783477783,6.3123931884765625,6.5315327644348145,6.265850067138672,6.52765417098999,7046903
2017-09-20,5.222349643707275,6.512139797210693,6.525714874267578,6.324028968811035,6.324028968811035,5510775
2017-09-21,5.211463928222656,6.498565196990967,6.59165096282959,6.4074177742004395,6.574196815490723,6630772
2017-09-22,5.323437690734863,6.6381940841674805,6.6381940841674805,6.428750991821289,6.45396089553833,5632469
2017-09-25,5.264340400695801,6.56450080871582,6.676980018615723,6.5102009773254395,6.653707981109619,6899427
2017-09-26,5.203688144683838,6.4888691902160645,6.593589782714844,6.463657855987549,6.593589782714844,5677846
2017-09-27,5.093268871307373,6.351179122924805,6.523776054382324,6.238699913024902,6.517958164215088,6603958
2017-09-28,5.074605941772461,6.327907085418701,6.356997013092041,6.215428829193115,6.327907085418701,8763510
2017-09-29,5.175693511962891,6.45396089553833,6.52183723449707,6.3337249755859375,6.347300052642822,9686011
2017-10-02,5.233236312866211,6.525714874267578,6.550926208496094,6.4016008377075195,6.496625900268555,7631653
2017-10-03,5.289223670959473,6.595530033111572,6.599408149719238,6.502443790435791,6.543169021606445,6975743
2017-10-04,5.24412202835083,6.539289951324463,6.622680187225342,6.467535972595215,6.525714874267578,4128311
2017-10-05,5.2705607414245605,6.572257995605469,6.735158920288086,6.539289951324463,6.612983226776123,6342007
2017-10-06,5.259674549102783,6.558682918548584,6.570319175720215,6.450082778930664,6.570319175720215,5019874
2017-10-09,5.368539333343506,6.69443416595459,6.839879989624023,6.62655782699585,6.748733997344971,8242701
2017-10-10,5.278338432312012,6.5819549560546875,6.816608905792236,6.541230201721191,6.787519931793213,6437402
2017-10-11,5.209908962249756,6.496625900268555,6.657587051391602,6.409358024597168,6.593589782714844,10962251
2017-10-12,5.209908962249756,6.496625900268555,6.496625900268555,6.496625900268555,6.496625900268555,0
2017-10-13,5.040391445159912,6.285243034362793,6.568379878997803,6.285243034362793,6.438446998596191,7968889
2017-10-16,4.957966327667236,6.182460784912109,6.339542865753174,6.128159999847412,6.339542865753174,9314742
2017-10-17,4.881762504577637,6.087434768676758,6.2057318687438965,6.064164161682129,6.192156791687012,8570656
2017-10-18,4.883317947387695,6.089375019073486,6.170825004577637,6.0602850914001465,6.106828212738037,5707754
2017-10-19,4.758901119232178,5.934230804443359,6.089375019073486,5.885748863220215,6.062224864959717,11028254
2017-10-20,4.782229423522949,5.963321208953857,6.050589084625244,5.922595977783203,5.976895809173584,6276003
2017-10-23,4.743348598480225,5.914837837219238,6.017621040344238,5.897385120391846,5.965260028839111,8346863
2017-10-24,4.7744526863098145,5.9536237716674805,5.969139099121094,5.907081127166748,5.922595977783203,5926391
2017-10-25,4.727797508239746,5.895444869995117,6.011803150177002,5.79072380065918,6.0021071434021,5555121
2017-10-26,4.797781944274902,5.9827141761779785,6.050589084625244,5.901263236999512,5.934230804443359,7159315
2017-10-27,4.727797508239746,5.895444869995117,6.00986385345459,5.868295192718506,6.0079240798950195,6041897
2017-10-30,4.665590286254883,5.817873954772949,5.930353164672852,5.740302085876465,5.912899017333984,11542875
2017-10-31,4.634486198425293,5.779088020324707,5.8236918449401855,5.738362789154053,5.779088020324707,8167931
2017-11-01,4.718466758728027,5.883810043334961,5.9536237716674805,5.8081769943237305,5.83726692199707,16667943
2017-11-02,4.718466758728027,5.883810043334961,5.883810043334961,5.883810043334961,5.883810043334961,0
2017-11-03,4.587831020355225,5.720909118652344,5.83726692199707,5.64527702331543,5.83726692199707,21770838
2017-11-06,4.595606327056885,5.7306060791015625,5.769392013549805,5.653034210205078,5.720909118652344,7926606
2017-11-07,4.426089763641357,5.519223213195801,5.736423969268799,5.519223213195801,5.720909118652344,10265089
2017-11-08,4.569167613983154,5.697638034820557,5.720909118652344,5.54249382019043,5.573523044586182,6973681
2017-11-09,4.485186576843262,5.592916011810303,5.759695053100586,5.528919219970703,5.687941074371338,12327698
2017-11-10,4.510069847106934,5.623945236206055,5.672427177429199,5.468801021575928,5.623945236206055,5620609
2017-11-13,4.622044086456299,5.763574123382568,5.779088020324707,5.5502519607543945,5.623945236206055,6507015
2017-11-14,4.58160924911499,5.713151931762695,5.817873954772949,5.666608810424805,5.813994884490967,7295448
2017-11-15,4.58160924911499,5.713151931762695,5.713151931762695,5.713151931762695,5.713151931762695,0
2017-11-16,4.821109294891357,6.011803150177002,6.044771194458008,5.82951021194458,5.891567230224609,12243647
2017-11-17,4.821109294891357,6.011803150177002,6.037014007568359,5.905141830444336,5.992410182952881,5431365
2017-11-20,4.821109294891357,6.011803150177002,6.011803150177002,6.011803150177002,6.011803150177002,0
2017-11-21,5.031061172485352,6.273606777191162,6.273606777191162,6.044771194458008,6.128159999847412,9039899
2017-11-22,5.272116661071777,6.574196815490723,6.5858330726623535,6.275547027587891,6.275547027587891,22103949
2017-11-23,5.1710286140441895,6.44814395904541,6.572257995605469,6.368632793426514,6.572257995605469,3583783
2017-11-24,5.178804397583008,6.4578399658203125,6.496625900268555,6.382207870483398,6.486928939819336,9814409
2017-11-27,5.248787879943848,6.545107841491699,6.642073154449463,6.430689811706543,6.4578399658203125,12096686
2017-11-28,5.248787879943848,6.545107841491699,6.628498077392578,6.498565196990967,6.593589782714844,12501473
2017-11-29,5.155477046966553,6.428750991821289,6.56450080871582,6.345361232757568,6.500504016876221,9166234
2017-11-30,5.085493087768555,6.341483116149902,6.41905403137207,6.215428829193115,6.358935832977295,10781772
2017-12-01,5.0450568199157715,6.291060924530029,6.351179122924805,6.172763824462891,6.3337249755859375,9166750
2017-12-04,5.155477046966553,6.428750991821289,6.4888691902160645,6.254213809967041,6.271667957305908,9255442
2017-12-05,5.139925003051758,6.409358024597168,6.477232933044434,6.30269718170166,6.477232933044434,8870250
2017-12-06,5.205242156982422,6.490808010101318,6.539289951324463,6.324028968811035,6.409358024597168,6273425
2017-12-07,5.1228179931640625,6.388026237487793,6.47529411315918,6.293000221252441,6.368632793426514,5116301
2017-12-08,5.129038333892822,6.395782947540283,6.562561988830566,6.388026237487793,6.388026237487793,3876673
2017-12-11,5.163251876831055,6.438446998596191,6.492746829986572,6.360875129699707,6.395782947540283,2696861
2017-12-12,5.195911884307861,6.479172229766846,6.479172229766846,6.242578983306885,6.360875129699707,4073137
2017-12-13,5.209908962249756,6.496625900268555,6.566440105438232,6.403540134429932,6.55674409866333,8178244
2017-12-14,5.172583103179932,6.450082778930664,6.500504016876221,6.3298468589782715,6.388026237487793,6558580
2017-12-15,5.216129302978516,6.504383087158203,6.517958164215088,6.370572090148926,6.391903877258301,9350322
2017-12-18,5.155477046966553,6.428750991821289,6.504383087158203,6.382207870483398,6.504383087158203,5957846
2017-12-19,5.1928019523620605,6.47529411315918,6.512139797210693,6.3647541999816895,6.3647541999816895,7021636
2017-12-20,5.259674549102783,6.558682918548584,6.601347923278809,6.432629108428955,6.432629108428955,4861053
2017-12-21,5.3296589851379395,6.645950794219971,6.688615798950195,6.504383087158203,6.574196815490723,5021421
2017-12-22,5.262785911560059,6.562561988830566,6.671162128448486,6.533472061157227,6.612983226776123,2483896
2017-12-25,5.262785911560059,6.562561988830566,6.562561988830566,6.562561988830566,6.562561988830566,0
2017-12-26,5.337435245513916,6.655648231506348,6.692493915557861,6.576137065887451,6.578075885772705,1845003
2017-12-27,5.3654279708862305,6.690555095672607,6.723523139953613,6.616861820220947,6.690555095672607,3685366
2017-12-28,5.338990211486816,6.657587051391602,6.7099480628967285,6.645950794219971,6.690555095672607,9261114
2017-12-29,5.338990211486816,6.657587051391602,6.657587051391602,6.657587051391602,6.657587051391602,0
2018-01-02,5.380980968475342,6.7099480628967285,6.7661871910095215,6.611043930053711,6.704130172729492,4165438
2018-01-03,5.284558296203613,6.589712142944336,6.7099480628967285,6.589712142944336,6.649829864501953,3868423
2018-01-04,5.181916236877441,6.461719036102295,6.657587051391602,6.403540134429932,6.657587051391602,3850375
2018-01-05,5.241013526916504,6.535411834716797,6.550926208496094,6.413236141204834,6.498565196990967,3554906
2018-01-08,5.348321437835693,6.669222831726074,6.669222831726074,6.4074177742004395,6.525714874267578,3362052
2018-01-09,5.275226593017578,6.578075885772705,6.667283058166504,6.500504016876221,6.587772846221924,4175236
2018-01-10,5.169473648071289,6.44620418548584,6.545107841491699,6.424871921539307,6.471415042877197,2380250
2018-01-11,5.23790168762207,6.5315327644348145,6.533472061157227,6.378328800201416,6.41905403137207,3748791
2018-01-12,5.26900577545166,6.570319175720215,6.578075885772705,6.432629108428955,6.5140790939331055,3124852
2018-01-15,5.272116661071777,6.574196815490723,6.618801116943359,6.517958164215088,6.552865028381348,1224674
2018-01-16,5.298553943634033,6.6071648597717285,6.647891044616699,6.512139797210693,6.612983226776123,3683819
2018-01-17,5.581600189208984,6.960115909576416,6.960115909576416,6.589712142944336,6.66534423828125,12723719
2018-01-18,5.486733913421631,6.841819763183594,6.946540832519531,6.836001873016357,6.92133092880249,5624219
2018-01-19,5.506950855255127,6.867031097412109,6.979508876800537,6.812729835510254,6.812729835510254,4639323
2018-01-22,5.513171672821045,6.8747878074646,6.944602012634277,6.832122802734375,6.876727104187012,3737447
2018-01-23,5.440077781677246,6.7836408615112305,6.940723896026611,6.781702041625977,6.92133092880249,3274907
2018-01-24,5.581600189208984,6.960115909576416,7.008598804473877,6.756491184234619,6.8747878074646,11386633
2018-01-25,5.581600189208984,6.960115909576416,6.960115909576416,6.960115909576416,6.960115909576416,0
2018-01-26,5.629812717437744,7.020235061645508,7.09974479675293,6.8553948402404785,7.053202152252197,7690437
2018-01-29,5.684243202209473,7.088109970092773,7.088109970092773,6.929088115692139,7.020235061645508,4107685
2018-01-30,5.737120628356934,7.154046058654785,7.154046058654785,7.022173881530762,7.088109970092773,4687278
2018-01-31,5.657805919647217,7.055141925811768,7.241313934326172,6.9833879470825195,7.183135032653809,5978472
2018-02-01,5.654694080352783,7.051262855529785,7.229678153991699,7.033810138702393,7.119137763977051,5431365
2018-02-02,5.5085062980651855,6.868969917297363,6.940723896026611,6.843759059906006,6.876727104187012,4369121
2018-02-05,5.35765266418457,6.680859088897705,6.839879989624023,6.676980018615723,6.787519931793213,5129708
2018-02-06,5.416749954223633,6.754551887512207,6.787519931793213,6.535411834716797,6.593589782714844,12861914
2018-02-07,5.366983413696289,6.692493915557861,6.8592729568481445,6.667283058166504,6.667283058166504,6232173
2018-02-08,5.2830023765563965,6.587772846221924,6.816608905792236,6.578075885772705,6.717704772949219,8571687
2018-02-09,5.185025691986084,6.465597152709961,6.59165096282959,6.362814903259277,6.55674409866333,8485573
2018-02-14,5.50539493560791,6.865090847015381,6.954298973083496,6.661466121673584,6.663404941558838,12644308
2018-02-15,5.502285957336426,6.861213207244873,6.958177089691162,6.816608905792236,6.884483814239502,3466214
2018-02-16,5.552052021026611,6.923270225524902,6.952359199523926,6.808852195739746,6.814670085906982,4283007
2018-02-19,5.561383247375488,6.934906005859375,6.960115909576416,6.832122802734375,6.917451858520508,1260254
2018-02-20,5.662471294403076,7.060959815979004,7.119137763977051,6.8553948402404785,6.870909214019775,3756011
2018-02-21,5.692018985748291,7.097805976867676,7.223859786987305,7.0396270751953125,7.060959815979004,8999678
2018-02-22,5.741786479949951,7.1598639488220215,7.1598639488220215,6.971752166748047,7.088109970092773,5378768
2018-02-23,5.842872619628906,7.285916805267334,7.285916805267334,7.103623867034912,7.173439025878906,6875707
2018-02-26,5.824212074279785,7.262646198272705,7.3654279708862305,7.212224006652832,7.332459926605225,5215822
2018-02-27,5.9564032554626465,7.427485942840576,7.481785774230957,7.239374160766602,7.262646198272705,15792365
2018-02-28,5.855315685272217,7.301432132720947,7.605900764465332,7.274281978607178,7.42942476272583,10089767
2018-03-01,5.94240665435791,7.410031795501709,7.5612969398498535,7.289795875549316,7.326642990112305,9991793
2018-03-02,5.864646911621094,7.31306791305542,7.470149993896484,7.2354960441589355,7.3402180671691895,12893884
2018-03-05,5.897305488586426,7.353793144226074,7.431364059448242,7.258767127990723,7.367368221282959,10157833
2018-03-06,5.824212074279785,7.262646198272705,7.4333038330078125,7.262646198272705,7.357670783996582,6981931
2018-03-07,5.870867729187012,7.320825099945068,7.34797477722168,7.187014102935791,7.262646198272705,5890295
2018-03-08,5.8522047996521,7.297553062438965,7.388700008392334,7.233557224273682,7.369307041168213,5580904
2018-03-09,5.925299167633057,7.388700008392334,7.508935928344727,7.338277816772461,7.367368221282959,7823475
2018-03-12,5.889529705047607,7.3440961837768555,7.506997108459473,7.2568278312683105,7.506997108459473,14846659
2018-03-13,5.965733528137207,7.439120769500732,7.4565749168396,7.289795875549316,7.3654279708862305,6175451
2018-03-14,5.929965019226074,7.39451789855957,7.464332103729248,7.363489151000977,7.4371819496154785,3731259
2018-03-15,5.895750045776367,7.351852893829346,7.4333038330078125,7.332459926605225,7.388700008392334,6388931
2018-03-16,5.96729040145874,7.441061019897461,7.441061019897461,7.2878570556640625,7.316946029663086,15826914
2018-03-19,5.9750657081604,7.450757026672363,7.596203804016113,7.371245861053467,7.408092975616455,5812947
2018-03-20,5.928408622741699,7.392578125,7.4895429611206055,7.320825099945068,7.474029064178467,3804997
2018-03-21,6.0263872146606445,7.514753818511963,7.5612969398498535,7.34797477722168,7.435243129730225,6224438
2018-03-22,5.996837615966797,7.477907180786133,7.660201072692871,7.406154155731201,7.520572185516357,7690953
2018-03-23,5.91130256652832,7.371245861053467,7.481785774230957,7.31306791305542,7.39451789855957,3263563
2018-03-26,6.023276329040527,7.510875225067139,7.510875225067139,7.349914073944092,7.477907180786133,4255162
2018-03-27,5.503841876983643,6.863152027130127,7.047385215759277,6.836001873016357,7.000842094421387,34076879
2018-03-28,5.304776191711426,6.614923000335693,6.865090847015381,6.566440105438232,6.865090847015381,18104034
2018-03-29,5.443188667297363,6.787519931793213,6.843759059906006,6.616861820220947,6.647891044616699,8422148
2018-04-02,5.3498759269714355,6.671162128448486,6.785580158233643,6.651769161224365,6.785580158233643,7769332
2018-04-03,5.399642467498779,6.733219146728516,6.803033828735352,6.719644069671631,6.748733997344971,5045657
2018-04-04,5.326549053192139,6.642073154449463,6.663404941558838,6.535411834716797,6.663404941558838,10488882
2018-04-05,5.343655586242676,6.663404941558838,6.787519931793213,6.52765417098999,6.739037036895752,13539996
2018-04-06,5.304776191711426,6.614923000335693,6.69443416595459,6.566440105438232,6.6595258712768555,9413747
2018-04-09,5.209908962249756,6.496625900268555,6.680859088897705,6.496625900268555,6.680859088897705,6469888
2018-04-10,5.188136577606201,6.469476222991943,6.533472061157227,6.343421936035156,6.533472061157227,10429066
2018-04-11,5.284558296203613,6.589712142944336,6.663404941558838,6.4578399658203125,6.504383087158203,9895366
2018-04-12,5.303220272064209,6.612983226776123,6.661466121673584,6.516018867492676,6.6595258712768555,10667298
2018-04-13,5.3109965324401855,6.622680187225342,6.622680187225342,6.5102009773254395,6.550926208496094,5252949
2018-04-16,5.175693511962891,6.45396089553833,6.632376194000244,6.45396089553833,6.620739936828613,4088606
2018-04-17,5.233236312866211,6.525714874267578,6.525714874267578,6.391903877258301,6.434568881988525,3468792
2018-04-18,5.287667751312256,6.593589782714844,6.62655782699585,6.481112003326416,6.574196815490723,11081366
2018-04-19,5.348321437835693,6.669222831726074,6.739037036895752,6.5295939445495605,6.539289951324463,6207421
2018-04-20,5.332769393920898,6.649829864501953,6.7099480628967285,6.552865028381348,6.686676025390625,5601014
2018-04-23,5.404307842254639,6.739037036895752,6.739037036895752,6.589712142944336,6.632376194000244,3533249
2018-04-24,5.401198387145996,6.735158920288086,6.853455066680908,6.70025110244751,6.787519931793213,5560278
2018-04-25,5.466516017913818,6.816608905792236,6.818548202514648,6.62655782699585,6.669222831726074,5224588
2018-04-26,5.533389091491699,6.899998188018799,6.952359199523926,6.820487976074219,6.880606174468994,4582601
2018-04-27,5.552052021026611,6.923270225524902,7.022173881530762,6.909695148468018,6.944602012634277,6608599
2018-04-30,5.630487442016602,6.818548202514648,6.882544994354248,6.67310094833374,6.7099480628967285,11308253
2018-05-02,5.524796485900879,6.690555095672607,6.7661871910095215,6.614923000335693,6.7661871910095215,11429947
2018-05-03,5.44472599029541,6.593589782714844,6.692493915557861,6.539289951324463,6.612983226776123,6589004
2018-05-04,5.420705318450928,6.56450080871582,6.59165096282959,6.48305082321167,6.5295939445495605,7082483
2018-05-07,5.193308353424072,6.289122104644775,6.397721767425537,6.267788887023926,6.397721767425537,9627743
2018-05-08,5.249357223510742,6.356997013092041,6.5140790939331055,6.269729137420654,6.293000221252441,6201749
2018-05-09,5.239748954772949,6.345361232757568,6.434568881988525,6.31045389175415,6.31045389175415,7719829
2018-05-10,4.921071529388428,5.959442138671875,6.147552967071533,5.883810043334961,6.147552967071533,17030446
2018-05-11,4.624814987182617,5.600673198699951,5.9827141761779785,5.548312187194824,5.924534797668457,13799885
2018-05-14,4.483892917633057,5.430016040802002,5.736423969268799,5.373775959014893,5.639459133148193,14623897
2018-05-15,4.439052104949951,5.3757147789001465,5.616188049316406,5.2535400390625,5.39123010635376,23130613
2018-05-16,4.480690002441406,5.4261369705200195,5.43777322769165,5.311718940734863,5.435832977294922,16245108
2018-05-17,4.419837474822998,5.352444171905518,5.468801021575928,5.269053936004639,5.439712047576904,11699118
2018-05-18,4.222865581512451,5.113911151885986,5.300083160400391,5.063488960266113,5.300083160400391,14007693
2018-05-21,4.136390209197998,5.009189128875732,5.1526970863342285,4.9742817878723145,5.141060829162598,6233204
2018-05-22,4.2052507400512695,5.092578887939453,5.13718318939209,5.003370761871338,5.077064037322998,6295598
2018-05-23,4.15240478515625,5.0285820960998535,5.11584997177124,5.013068199157715,5.059610843658447,6570440
2018-05-24,4.179627895355225,5.061550140380859,5.061550140380859,4.945192813873291,5.001431941986084,4757407
2018-05-25,4.195641994476318,5.0809431076049805,5.2263898849487305,5.061550140380859,5.1526970863342285,9221409
2018-05-28,4.110768795013428,4.978160858154297,5.086760997772217,4.933557033538818,5.0809431076049805,7607417
2018-05-29,4.1476006507873535,5.022764205932617,5.079003810882568,4.987856864929199,5.042157173156738,9465828
2018-05-30,4.187635898590088,5.071247100830078,5.1022748947143555,4.980100154876709,5.022764205932617,15569088
2018-06-01,4.0835442543029785,4.945192813873291,5.110032081604004,4.887013912200928,5.015007019042969,10265605
2018-06-04,4.121978282928467,4.991735935211182,5.003370761871338,4.885075092315674,5.003370761871338,4831661
2018-06-05,3.9874608516693115,4.8288350105285645,5.015007019042969,4.823017120361328,4.949070930480957,6240423
2018-06-06,4.003474712371826,4.8482279777526855,4.871500015258789,4.7512640953063965,4.78810977935791,7266571
2018-06-07,3.9842584133148193,4.824956893920898,4.873438835144043,4.673692226409912,4.778413772583008,12415874
2018-06-08,3.8593504428863525,4.673692226409912,4.832714080810547,4.5961198806762695,4.832714080810547,11143245
2018-06-11,3.8225183486938477,4.629087924957275,4.733809947967529,4.547637939453125,4.646542072296143,7557915
2018-06-12,3.8433353900909424,4.654298782348633,4.712478160858154,4.537940979003906,4.567030906677246,5881529
2018-06-13,3.732840061187744,4.5204877853393555,4.665935039520264,4.4506731033325195,4.658177852630615,9028039
2018-06-14,3.760063886642456,4.553455829620361,4.578667163848877,4.458430767059326,4.472005844116211,7624949
2018-06-15,3.6863999366760254,4.464248180389404,4.528244972229004,4.3188018798828125,4.5030341148376465,18599061
2018-06-18,3.6655819416046143,4.439037799835205,4.477822780609131,4.378920078277588,4.458430767059326,9841223
2018-06-19,3.766469717025757,4.56121301651001,4.634905815124512,4.417705059051514,4.417705059051514,9368885
2018-06-20,3.8593504428863525,4.673692226409912,4.681448936462402,4.547637939453125,4.557333946228027,8720195
2018-06-21,3.697608709335327,4.477822780609131,4.6833882331848145,4.477822780609131,4.625209808349609,13331157
2018-06-22,3.651169776916504,4.421584129333496,4.522427082061768,4.369223117828369,4.483641147613525,4359839
2018-06-25,3.7168264389038086,4.501094818115234,4.518548965454102,4.390554904937744,4.411888122558594,4175751
2018-06-26,3.6527702808380127,4.42352294921875,4.557333946228027,4.365345001220703,4.553455829620361,4762048
2018-06-27,3.606330394744873,4.367283821105957,4.42352294921875,4.270318984985352,4.42352294921875,8216402
2018-06-28,3.603127956390381,4.363405227661133,4.367283821105957,4.258684158325195,4.30716609954834,5515416
2018-06-29,3.729637384414673,4.516609191894531,4.541820049285889,4.359527111053467,4.363405227661133,6708635
2018-07-02,3.723231554031372,4.508852005004883,4.53406286239624,4.431280136108398,4.493338108062744,2489053
2018-07-03,3.736042022705078,4.5243659019470215,4.576726913452148,4.466187953948975,4.481701850891113,3680725
2018-07-04,3.7936935424804688,4.594181060791016,4.5961198806762695,4.508852005004883,4.5747880935668945,1843456
2018-07-05,3.7952938079833984,4.5961198806762695,4.632966995239258,4.547637939453125,4.580605983734131,3833358
2018-07-06,3.891378402709961,4.712478160858154,4.712478160858154,4.555395126342773,4.615512847900391,4671293
2018-07-10,3.800098419189453,4.601937770843506,4.7202348709106445,4.590301990509033,4.675631046295166,6988119
2018-07-11,3.787287712097168,4.586423873901367,4.617452144622803,4.545699119567871,4.5961198806762695,5094128
2018-07-12,3.814511299133301,4.619391918182373,4.667873859405518,4.570909023284912,4.611635208129883,5574200
2018-07-13,3.8321263790130615,4.640724182128906,4.650420188903809,4.53406286239624,4.6446027755737305,5476742
2018-07-16,3.881770372390747,4.700841903686523,4.700841903686523,4.617452144622803,4.654298782348633,5312249
2018-07-17,4.02269172668457,4.871500015258789,4.92579984664917,4.6833882331848145,4.714416980743408,11011238
2018-07-18,3.907392740249634,4.731871128082275,4.945192813873291,4.731871128082275,4.91804313659668,6048600
2018-07-19,3.9874608516693115,4.8288350105285645,4.8288350105285645,4.621331214904785,4.696962833404541,6762263
2018-07-20,3.9874608516693115,4.8288350105285645,4.9742817878723145,4.784231185913086,4.958767890930176,9167265
2018-07-23,3.9746501445770264,4.813321113586426,4.8482279777526855,4.749323844909668,4.8482279777526855,3554906
2018-07-24,4.15240478515625,5.0285820960998535,5.0285820960998535,4.821077823638916,4.855985164642334,7969405
2018-07-25,4.17322301864624,5.053792953491211,5.110032081604004,4.941314220428467,5.042157173156738,8745977
2018-07-26,4.15240478515625,5.0285820960998535,5.0809431076049805,4.985918045043945,5.022764205932617,6846314
2018-07-27,4.086746692657471,4.949070930480957,5.055731773376465,4.885075092315674,5.030521869659424,8700600
2018-07-30,4.109167098999023,4.976221084594727,5.001431941986084,4.898650169372559,4.993675231933594,4786284
2018-07-31,4.003474712371826,4.8482279777526855,4.993675231933594,4.8482279777526855,4.993675231933594,6449262
2018-08-01,4.030698776245117,4.881196022033691,4.949070930480957,4.824956893920898,4.8482279777526855,9167781
2018-08-02,4.046713352203369,4.9005889892578125,4.9238600730896,4.8288350105285645,4.8792572021484375,8473197
2018-08-03,4.200446128845215,5.086760997772217,5.150757789611816,4.89089298248291,4.92579984664917,7578025
2018-08-06,4.240480899810791,5.135242938995361,5.1740288734436035,5.057672023773193,5.086760997772217,4390778
2018-08-07,4.2420830726623535,5.13718318939209,5.2263898849487305,5.090640068054199,5.121667861938477,6798874
2018-08-08,4.19083833694458,5.075125217437744,5.247722148895264,5.071247100830078,5.177907943725586,8604173
2018-08-09,4.2757110595703125,5.177907943725586,5.185665130615234,4.993675231933594,5.077064037322998,8291172
2018-08-10,4.003474712371826,4.8482279777526855,5.090640068054199,4.749323844909668,5.090640068054199,9536472
2018-08-13,4.097956657409668,4.962646007537842,4.962646007537842,4.6833882331848145,4.809442043304443,6188858
2018-08-14,4.1556077003479,5.032461166381836,5.0809431076049805,4.881196022033691,5.038279056549072,6953570
2018-08-15,4.154006481170654,5.030521869659424,5.042157173156738,4.894771099090576,4.949070930480957,7126829
2018-08-16,4.101160049438477,4.966525077819824,5.082881927490234,4.92579984664917,5.013068199157715,3642051
2018-08-17,4.025894641876221,4.875378131866455,4.941314220428467,4.7512640953063965,4.883134841918945,9005866
2018-08-20,4.030698776245117,4.881196022033691,4.883134841918945,4.78035306930542,4.842410087585449,5357111
2018-08-21,3.9778528213500977,4.817199230194092,4.92579984664917,4.7725958824157715,4.8288350105285645,6716370
2018-08-22,4.104362964630127,4.97040319442749,4.97040319442749,4.766777992248535,4.778413772583008,5393206
2018-08-23,3.907392740249634,4.731871128082275,4.97040319442749,4.731871128082275,4.910284996032715,8067379
2018-08-24,3.969846487045288,4.8075032234191895,4.813321113586426,4.712478160858154,4.7725958824157715,3329050
2018-08-27,4.01948881149292,4.867620944976807,4.91804313659668,4.735748767852783,4.811381816864014,3031003
2018-08-28,4.003474712371826,4.8482279777526855,4.894771099090576,4.799746036529541,4.840470790863037,4097372
2018-08-29,4.01948881149292,4.867620944976807,4.949070930480957,4.8268961906433105,4.836592197418213,6036225
2018-08-30,3.892979621887207,4.714416980743408,4.91804313659668,4.70665979385376,4.81525993347168,4328900
2018-08-31,3.907392740249634,4.731871128082275,4.78810977935791,4.660117149353027,4.67756986618042,14857488
2018-09-03,3.827321767807007,4.634905815124512,4.81525993347168,4.613574028015137,4.6446027755737305,3738478
2018-09-04,3.8593504428863525,4.673692226409912,4.737688064575195,4.613574028015137,4.654298782348633,4973465
2018-09-05,3.8353288173675537,4.6446027755737305,4.759020805358887,4.632966995239258,4.656238079071045,4219066
2018-09-06,3.923405885696411,4.7512640953063965,4.7512640953063965,4.5961198806762695,4.714416980743408,8702663
2018-09-10,3.883371114730835,4.7027812004089355,4.8482279777526855,4.663994789123535,4.836592197418213,4115936
2018-09-11,3.8337278366088867,4.64266300201416,4.652359962463379,4.545699119567871,4.636845111846924,6859721
2018-09-12,3.9137966632843018,4.739627838134766,4.749323844909668,4.576726913452148,4.629087924957275,7851836
2018-09-13,3.827321767807007,4.634905815124512,4.760960102081299,4.594181060791016,4.718296051025391,7832757
2018-09-14,3.779279947280884,4.576726913452148,4.689206123352051,4.501094818115234,4.617452144622803,6065101
2018-09-17,3.8689587116241455,4.685328006744385,4.687266826629639,4.547637939453125,4.5747880935668945,4442859
2018-09-18,3.933013916015625,4.762898921966553,4.784231185913086,4.64266300201416,4.652359962463379,8673270
2018-09-19,3.828923463821411,4.636845111846924,4.762898921966553,4.617452144622803,4.759020805358887,3147025
2018-09-20,3.8081061840057373,4.611635208129883,4.708599090576172,4.594181060791016,4.663994789123535,6239907
2018-09-21,3.9378182888031006,4.768716812133789,4.817199230194092,4.654298782348633,4.712478160858154,16538514
2018-09-24,3.8433353900909424,4.654298782348633,4.840470790863037,4.654298782348633,4.764839172363281,4198956
2018-09-25,3.8769655227661133,4.695024013519287,4.743505954742432,4.567030906677246,4.599998950958252,4061277
2018-09-26,3.814511299133301,4.619391918182373,4.8288350105285645,4.619391918182373,4.696962833404541,5905249
2018-09-27,3.891378402709961,4.712478160858154,4.823017120361328,4.634905815124512,4.634905815124512,7745612
2018-09-28,3.777679443359375,4.5747880935668945,4.691145896911621,4.5747880935668945,4.64266300201416,6585394
2018-10-01,3.736042022705078,4.5243659019470215,4.619391918182373,4.5030341148376465,4.582544803619385,3073803
2018-10-02,4.025894641876221,4.875378131866455,4.943253040313721,4.6271491050720215,4.66981315612793,18527385
2018-10-03,4.101160049438477,4.966525077819824,5.14300012588501,4.89089298248291,5.032461166381836,17057776
2018-10-04,4.1476006507873535,5.022764205932617,5.077064037322998,4.910284996032715,4.980100154876709,9742217
2018-10-05,4.218061447143555,5.108092784881592,5.166272163391113,5.032461166381836,5.129425048828125,6889114
2018-10-08,4.503109455108643,5.453287124633789,5.720909118652344,5.338869094848633,5.720909118652344,17837442
2018-10-09,4.563961982727051,5.526979923248291,5.559947967529297,5.406744003295898,5.431954860687256,10060375
2018-10-10,4.379802227020264,5.303962230682373,5.486255168914795,5.272933006286621,5.408682823181152,13900953
2018-10-11,4.352578639984131,5.270994186401367,5.418379783630371,5.249660968780518,5.406744003295898,9044540
2018-10-15,4.3974175453186035,5.325294017791748,5.39123010635376,5.212814807891846,5.270994186401367,16446728
2018-10-16,4.416633129119873,5.348565101623535,5.412561893463135,5.230268955230713,5.325294017791748,23847885
2018-10-17,4.496703624725342,5.445529937744141,5.4998297691345215,5.282629013061523,5.303962230682373,20758097
2018-10-18,4.362186908721924,5.282629013061523,5.47268009185791,5.274871826171875,5.47268009185791,5379284
2018-10-19,4.469480037689209,5.412561893463135,5.422257900238037,5.282629013061523,5.305901050567627,9592163
2018-10-22,4.531933784484863,5.488193988800049,5.604551792144775,5.4048051834106445,5.414501190185547,22620632
2018-10-23,4.5159196853637695,5.468801021575928,5.525041103363037,5.366018772125244,5.385412216186523,18583591
2018-10-24,4.44065523147583,5.377655029296875,5.544434070587158,5.352444171905518,5.509525775909424,39373659
2018-10-25,4.434249401092529,5.369897842407227,5.447469234466553,5.329172134399414,5.36214017868042,13563716
2018-10-26,4.451864719390869,5.39123010635376,5.451347827911377,5.274871826171875,5.371837139129639,26059517
2018-10-29,4.531933784484863,5.488193988800049,5.587098121643066,5.395108222961426,5.519223213195801,38021618
2018-10-30,4.43745231628418,5.373775959014893,5.565765857696533,5.36214017868042,5.565765857696533,17595601
2018-10-31,4.475884914398193,5.420319080352783,5.503708839416504,5.311718940734863,5.342747211456299,25645449
2018-11-01,4.487094402313232,5.433894157409668,5.501769065856934,5.366018772125244,5.430016040802002,13354877
2018-11-05,4.579975605010986,5.546372890472412,5.61812686920166,5.439712047576904,5.441650867462158,11814624
2018-11-06,4.583178997039795,5.5502519607543945,5.58128023147583,5.449408054351807,5.449408054351807,7701266
2018-11-07,4.507913112640381,5.459105014801025,5.622004985809326,5.449408054351807,5.5754618644714355,7240273
2018-11-08,4.355780124664307,5.274871826171875,5.530858993530273,5.274871826171875,5.461043834686279,10659047
2018-11-09,4.3333611488342285,5.247722148895264,5.352444171905518,5.110032081604004,5.294264793395996,8141117
2018-11-12,4.434249401092529,5.369897842407227,5.486255168914795,5.247722148895264,5.247722148895264,7813162
2018-11-13,4.400619983673096,5.329172134399414,5.430016040802002,5.292325973510742,5.33499002456665,6981931
2018-11-14,4.426241874694824,5.360200881958008,5.418379783630371,5.294264793395996,5.3543829917907715,7216037
2018-11-16,4.477485179901123,5.422257900238037,5.461043834686279,5.331111907958984,5.381533145904541,9362182
2018-11-19,4.443857669830322,5.381533145904541,5.424198150634766,5.348565101623535,5.424198150634766,8345316
2018-11-21,4.42784309387207,5.36214017868042,5.385412216186523,5.286508083343506,5.331111907958984,14049976
2018-11-22,4.407025337219238,5.336929798126221,5.408682823181152,5.313658237457275,5.36407995223999,2902606
2018-11-23,4.431046009063721,5.366018772125244,5.387351036071777,5.311718940734863,5.323355197906494,6134714
2018-11-26,4.42784309387207,5.36214017868042,5.43777322769165,5.311718940734863,5.381533145904541,37377569
2018-11-27,4.547947406768799,5.50758695602417,5.544434070587158,5.342747211456299,5.400926113128662,14487765
2018-11-28,4.607199192047119,5.579340934753418,5.629763126373291,5.4804368019104,5.511466026306152,9598866
2018-11-29,4.597591400146484,5.567705154418945,5.600673198699951,5.486255168914795,5.532797813415527,5088972
2018-11-30,4.520724773406982,5.474618911743164,5.5541300773620605,5.43777322769165,5.530858993530273,9573084
2018-12-03,4.557555675506592,5.519223213195801,5.622004985809326,5.470740795135498,5.567705154418945,10650797
2018-12-04,4.565563201904297,5.528919219970703,5.6782450675964355,5.50758695602417,5.521162033081055,20263586
2018-12-05,4.5927863121032715,5.561886787414551,5.594854831695557,5.501769065856934,5.53667688369751,4185549
2018-12-06,4.573570251464844,5.538616180419922,5.538616180419922,5.43777322769165,5.4998297691345215,7300604
2018-12-07,4.616807460784912,5.590977191925049,5.590977191925049,5.459105014801025,5.505648136138916,16252843
2018-12-10,4.559156894683838,5.521162033081055,5.602612018585205,5.451347827911377,5.5754618644714355,6453387
2018-12-11,4.658443450927734,5.641397953033447,5.6782450675964355,5.530858993530273,5.579340934753418,11490279
2018-12-12,4.951498031616211,5.996288776397705,6.042831897735596,5.705395221710205,5.715091228485107,34460524
2018-12-13,4.999539375305176,6.05446720123291,6.05446720123291,5.922595977783203,6.023438930511475,13302796
2018-12-14,4.9066596031188965,5.941987991333008,6.048649787902832,5.862477779388428,6.035074234008789,8317470
2018-12-17,4.8426032066345215,5.86441707611084,5.9827141761779785,5.82951021194458,5.914837837219238,4741422
2018-12-18,4.812176704406738,5.827569961547852,5.930353164672852,5.812056064605713,5.841145038604736,8052941
2018-12-19,4.770541667938232,5.777149200439453,5.940049171447754,5.777149200439453,5.841145038604736,8613970
2018-12-20,4.9002532958984375,5.934230804443359,6.038952827453613,5.7868452072143555,5.817873954772949,7978687
2018-12-21,4.887442588806152,5.918716907501221,5.986591815948486,5.874113082885742,5.934230804443359,12339558
2018-12-26,4.921071529388428,5.959442138671875,5.969139099121094,5.6995768547058105,5.860538005828857,5206540
2018-12-27,4.914666175842285,5.951684951782227,6.011803150177002,5.86441707611084,5.974956035614014,5015233
2018-12-28,5.044379234313965,6.108767986297607,6.116525173187256,5.947805881500244,6.044771194458008,9343618
2019-01-02,5.503978252410889,6.66534423828125,6.758430004119873,6.066102981567383,6.197975158691406,30917477
2019-01-03,5.928346157073975,7.179255962371826,7.578750133514404,6.770065784454346,6.770065784454346,39477305
2019-01-04,6.062862873077393,7.342156887054443,7.367368221282959,7.043506145477295,7.272342205047607,17630666
2019-01-07,5.925143718719482,7.17537784576416,7.446878910064697,7.027991771697998,7.349914073944092,13753992
2019-01-08,5.947563171386719,7.20252799987793,7.31306791305542,7.152105808258057,7.17537784576416,14183015
2019-01-09,6.021226406097412,7.2917351722717285,7.38676118850708,7.14628791809082,7.14628791809082,10881293
2019-01-10,6.0580596923828125,7.336338996887207,7.4565749168396,7.165680885314941,7.272342205047607,13875170
2019-01-11,6.323889255523682,7.658260822296143,7.658260822296143,7.210285186767578,7.31112813949585,28597042
2019-01-14,6.661783218383789,8.067452430725098,8.364163398742676,7.733893871307373,7.733893871307373,40563784
2019-01-15,6.661783218383789,8.067452430725098,8.183809280395508,7.902612209320068,8.067452430725098,18928562
2019-01-16,6.528867721557617,7.906490802764893,8.065512657165527,7.8347368240356445,7.989880084991455,13925189
2019-01-17,6.59452486038208,7.986001968383789,8.007333755493164,7.714500904083252,7.902612209320068,15263822
2019-01-18,6.512854099273682,7.8870978355407715,8.071330070495605,7.8134050369262695,8.020909309387207,12968138
2019-01-21,6.647371292114258,8.04999828338623,8.069391250610352,7.790132999420166,7.8172831535339355,5523151
2019-01-22,6.624950885772705,8.022848129272461,8.048059463500977,7.927823066711426,8.048059463500977,9475110
2019-01-23,6.749859809875488,8.174113273620605,8.463067054748535,8.084905624389648,8.34089183807373,17193393
2019-01-24,6.9148030281066895,8.373860359191895,8.449492454528809,8.162476539611816,8.261381149291992,19794342
2019-01-28,7.01248836517334,8.492156982421875,8.550334930419922,8.24974536895752,8.24974536895752,14998777
2019-01-29,7.110172748565674,8.610453605651855,8.986676216125488,8.51348876953125,8.62984561920166,29952176
2019-01-30,6.887578964233398,8.34089183807373,8.610453605651855,8.263319969177246,8.610453605651855,18324734
2019-01-31,6.945228099822998,8.41070556640625,8.494095802307129,8.296287536621094,8.44173526763916,11772856
2019-02-01,7.082949638366699,8.577486038208008,8.622089385986328,8.3680419921875,8.41070556640625,7761597
2019-02-04,6.983661651611328,8.45724868774414,8.594939231872559,8.371920585632324,8.577486038208008,11479450
2019-02-05,6.895586013793945,8.350587844848633,8.383556365966797,8.127570152282715,8.241988182067871,18361345
2019-02-06,6.583314895629883,7.972426891326904,8.284652709960938,7.972426891326904,8.203202247619629,12189503
2019-02-07,6.3687286376953125,7.712562084197998,8.03254508972168,7.4682111740112305,7.972426891326904,31327936
2019-02-08,6.756265640258789,8.181870460510254,8.232292175292969,7.598143100738525,7.64080810546875,32408744
2019-02-11,6.125317573547363,7.417788982391357,8.158598899841309,7.3615498542785645,8.123690605163574,41677077
2019-02-12,6.1093034744262695,7.398396015167236,7.609778881072998,6.839879989624023,7.505056858062744,65752881
2019-02-13,6.136527061462402,7.431364059448242,7.460453987121582,7.231616973876953,7.460453987121582,18407754
2019-02-14,6.4632110595703125,7.826980113983154,7.826980113983154,7.31112813949585,7.431364059448242,19666461
2019-02-15,6.347911357879639,7.687351226806641,7.8870978355407715,7.6175360679626465,7.846373081207275,17220206
2019-02-18,6.282253742218018,7.607840061187744,7.75716495513916,7.574872016906738,7.735833168029785,4588273
2019-02-19,6.2438201904296875,7.5612969398498535,7.714500904083252,7.557417869567871,7.687351226806641,14120105
2019-02-20,6.194177150726318,7.501179218292236,7.679594039916992,7.442999839782715,7.5923261642456055,18319061
2019-02-21,6.365525722503662,7.708683013916016,7.720318794250488,7.528328895568848,7.570992946624756,16670006
2019-02-22,6.5032453536987305,7.875462055206299,7.875462055206299,7.64080810546875,7.755226135253906,10382658
2019-02-25,6.387945175170898,7.735833168029785,7.97630500793457,7.6136579513549805,7.953033924102783,7792536
2019-02-26,6.432784080505371,7.790132999420166,7.807587146759033,7.4565749168396,7.735833168029785,20477066
2019-02-27,6.450399398803711,7.811464786529541,7.892916202545166,7.679594039916992,7.737771987915039,8325721
2019-02-28,6.301470756530762,7.631111145019531,7.805647850036621,7.536086082458496,7.795950889587402,9263177
2019-03-01,6.309477806091309,7.64080810546875,7.64080810546875,7.493422031402588,7.6175360679626465,7681671
2019-03-06,6.269442558288574,7.5923261642456055,7.749407768249512,7.524449825286865,7.749407768249512,6504953
2019-03-07,6.181365489959717,7.485663890838623,7.61171817779541,7.346035003662109,7.569054126739502,14735278
2019-03-08,6.279051303863525,7.603960990905762,7.685410976409912,7.382882118225098,7.497300148010254,6043444
2019-03-11,6.549686431884766,7.931702136993408,8.046119689941406,7.534146785736084,7.553540229797363,12061621
2019-03-12,6.836335182189941,8.27883529663086,8.412646293640137,7.918126106262207,8.048059463500977,22736139
2019-03-13,6.889179706573486,8.342830657958984,8.391313552856445,8.183809280395508,8.265259742736816,9241519
2019-03-14,6.9932708740234375,8.46888542175293,8.46888542175293,8.209019660949707,8.346710205078125,10552307
2019-03-15,7.006082534790039,8.484399795532227,8.672511100769043,8.397130966186523,8.397130966186523,16295126
2019-03-18,7.047717571258545,8.534820556640625,8.606575012207031,8.337013244628906,8.507671356201172,9062072
2019-03-19,6.990067958831787,8.465006828308105,8.54451847076416,8.408766746520996,8.54451847076416,4981200
2019-03-20,6.88277530670166,8.335074424743652,8.490217208862305,8.259442329406738,8.375799179077148,6282707
2019-03-21,6.717832565307617,8.135327339172363,8.42428207397461,7.883218765258789,8.29434871673584,14278410
2019-03-22,6.424777030944824,7.780436992645264,8.133387565612793,7.679594039916992,7.8657660484313965,25443313
2019-03-25,6.485630512237549,7.854129791259766,7.951094150543213,7.708683013916016,7.708683013916016,7519241
2019-03-26,6.652174472808838,8.055815696716309,8.092662811279297,7.83085823059082,7.8347368240356445,10760115
2019-03-27,6.4055609703063965,7.75716495513916,8.024786949157715,7.669897079467773,8.024786949157715,17422858
2019-03-28,6.565699577331543,7.951094150543213,8.048059463500977,7.64080810546875,7.75716495513916,14758998
2019-03-29,6.725839138031006,8.145024299621582,8.22259521484375,7.982122898101807,8.145024299621582,48332601
2019-04-01,6.751460552215576,8.17605209350586,8.426220893859863,7.989880084991455,8.338953018188477,24893628
2019-04-02,6.471218109130859,7.836676120758057,8.011212348937988,7.712562084197998,7.951094150543213,23477131
2019-04-03,6.535273551940918,7.914247989654541,8.026726722717285,7.821162223815918,7.989880084991455,15122533
2019-04-04,6.610538959503174,8.00539493560791,8.063572883605957,7.8696441650390625,7.896793842315674,11689836
2019-04-05,6.4728193283081055,7.838615894317627,8.03254508972168,7.794012069702148,7.951094150543213,18382487
2019-04-08,6.508049011230469,7.881279945373535,7.927823066711426,7.795950889587402,7.838615894317627,10469803
2019-04-09,6.400755882263184,7.751347064971924,7.832798004150391,7.679594039916992,7.7978901863098145,14134028
2019-04-10,6.4055609703063965,7.75716495513916,7.8909759521484375,7.625292778015137,7.759105205535889,13261544
2019-04-11,6.4055609703063965,7.75716495513916,7.873523235321045,7.6892900466918945,7.794012069702148,7345466
2019-04-12,6.221400737762451,7.534146785736084,7.743589878082275,7.452696800231934,7.718379020690918,13432225
2019-04-15,6.34470796585083,7.683472156524658,7.716440200805664,7.543842792510986,7.574872016906738,9987152
2019-04-16,6.573707103729248,7.960791110992432,8.143083572387695,7.914247989654541,7.9220051765441895,17121717
2019-04-17,6.53367280960083,7.912309169769287,8.067452430725098,7.724196910858154,8.067452430725098,14055649
2019-04-18,6.62014627456665,8.017029762268066,8.017029762268066,7.811464786529541,7.910368919372559,7207787
2019-04-22,6.661783218383789,8.067452430725098,8.139205932617188,7.836676120758057,7.968547821044922,9579271
2019-04-23,6.725839138031006,8.145024299621582,8.230352401733398,7.964669227600098,8.145024299621582,27550268
2019-04-24,6.828327655792236,8.26913833618164,8.29822826385498,7.978243827819824,8.150840759277344,18818728
2019-04-25,7.094159126281738,8.591060638427734,8.726811408996582,8.292409896850586,8.300167083740234,22756765
2019-04-26,7.428849220275879,8.996373176574707,9.064248085021973,8.573607444763184,8.593000411987305,23277058
2019-04-29,7.617812633514404,9.22520923614502,9.355140686035156,9.017704963684082,9.017704963684082,16931957
2019-04-30,7.714491367340088,9.114668846130371,9.130184173583984,8.901347160339355,9.066186904907227,8842404
2019-05-02,7.606159687042236,8.986676216125488,9.09915542602539,8.930437088012695,9.017704963684082,14978666
2019-05-03,7.665249347686768,9.056490898132324,9.083641052246094,8.940133094787598,8.998311996459961,13247106
2019-05-06,7.622574329376221,9.00606918334961,9.155393600463867,8.967283248901367,9.015765190124512,10202695
2019-05-07,7.89504337310791,9.327990531921387,9.327990531921387,8.680268287658691,8.986676216125488,23074406
2019-05-08,7.91145658493042,9.347384452819824,9.428833961486816,9.15151596069336,9.405563354492188,18391253
2019-05-09,7.845800876617432,9.26981258392334,9.475377082824707,9.073944091796875,9.242663383483887,14970416
2019-05-10,7.517524242401123,8.881954193115234,9.260115623474121,8.697722434997559,9.188362121582031,15868682
2019-05-13,6.992282867431641,8.261381149291992,8.693842887878418,8.234230995178223,8.532881736755371,22410762
2019-05-14,7.092406749725342,8.379677772521973,8.422342300415039,8.17799186706543,8.255562782287598,27384744
2019-05-15,6.929910659790039,8.187687873840332,8.354467391967773,8.12175178527832,8.187687873840332,18737255
2019-05-16,6.540903091430664,7.728075981140137,8.10623836517334,7.728075981140137,8.10623836517334,24112930
2019-05-17,6.588503360748291,7.78431510925293,7.8347368240356445,7.338277816772461,7.728075981140137,31858027
2019-05-20,6.744434833526611,7.968547821044922,7.968547821044922,7.666018962860107,7.883218765258789,20541007
2019-05-21,6.7132487297058105,7.931702136993408,8.154720306396484,7.714500904083252,8.009272575378418,35991495
2019-05-22,6.975869655609131,8.241988182067871,8.527064323425293,7.809525966644287,7.960791110992432,43488048
2019-05-23,6.778902530670166,8.009272575378418,8.348649024963379,7.927823066711426,8.125631332397461,19492170
2019-05-24,6.626254558563232,7.828918933868408,8.125631332397461,7.821162223815918,8.125631332397461,11208217
2019-05-27,6.893800258636475,8.145024299621582,8.352527618408203,7.838615894317627,7.854129791259766,18107644
2019-05-28,6.993923664093018,8.263319969177246,8.606575012207031,8.03060531616211,8.164416313171387,41089234
2019-05-29,7.294296741485596,8.618210792541504,8.769474983215332,8.338953018188477,8.34089183807373,23633374
2019-05-30,7.258186340332031,8.575546264648438,8.744264602661133,8.505731582641602,8.649238586425781,11785232
2019-05-31,7.256544589996338,8.573607444763184,8.643421173095703,8.393253326416016,8.532881736755371,13238340
2019-06-03,7.231925010681152,8.54451847076416,8.67638874053955,8.49797534942627,8.61433219909668,13827215
2019-06-04,8.024711608886719,9.481195449829102,9.481195449829102,8.77917194366455,8.794686317443848,37899409
2019-06-05,8.018146514892578,9.473438262939453,9.568463325500488,9.289205551147461,9.537434577941895,12133297
2019-06-06,7.986961364746094,9.436592102050781,9.832206726074219,9.298901557922363,9.696456909179688,23387407
2019-06-07,7.8211798667907715,9.24072265625,9.566523551940918,9.238783836364746,9.502528190612793,10069657
2019-06-10,7.780145645141602,9.192240715026855,9.302781105041504,9.130184173583984,9.24072265625,8489698
2019-06-11,7.737469673156738,9.14181900024414,9.263995170593262,8.912982940673828,9.192240715026855,17711623
2019-06-12,7.661966800689697,9.0526123046875,9.28726577758789,8.980857849121094,9.182543754577637,12066262
2019-06-13,7.857291221618652,9.283388137817383,9.374533653259277,9.056490898132324,9.075882911682129,10430098
2019-06-14,7.65540075302124,9.044855117797852,9.302781105041504,8.93237590789795,9.283388137817383,15835165
2019-06-17,7.750601291656494,9.157334327697754,9.263995170593262,8.901347160339355,8.996373176574707,11952819
2019-06-18,7.698076248168945,9.09527587890625,9.26787281036377,8.998311996459961,9.26787281036377,10249619
2019-06-19,7.860574245452881,9.28726577758789,9.28726577758789,8.967283248901367,9.066186904907227,10063985
2019-06-21,7.673455715179443,9.066186904907227,9.289205551147461,9.066186904907227,9.289205551147461,15733065
2019-06-24,7.632421493530273,9.017704963684082,9.17090892791748,8.928497314453125,9.110791206359863,10107815
2019-06-25,7.583180904388428,8.959526062011719,9.09527587890625,8.841229438781738,8.994433403015137,10263542
2019-06-26,7.52737283706665,8.893589973449707,9.011886596679688,8.814079284667969,8.901347160339355,6624584
2019-06-27,7.593027114868164,8.971161842346191,8.976980209350586,8.653118133544922,8.821836471557617,11932193
2019-06-28,7.758808612823486,9.167030334472656,9.184483528137207,8.971161842346191,8.976980209350586,10626045
2019-07-01,7.898325443267822,9.331870079040527,9.423016548156738,9.114668846130371,9.201936721801758,12457642
2019-07-02,7.817897319793701,9.236845016479492,9.405563354492188,9.217452049255371,9.308597564697266,11325270
2019-07-03,7.906532287597656,9.34156608581543,9.34156608581543,9.02546215057373,9.182543754577637,9497283
2019-07-04,8.106781005859375,9.578160285949707,9.578160285949707,9.331870079040527,9.401683807373047,7932794
2019-07-05,8.037842750549316,9.496709823608398,9.527737617492676,9.349324226379395,9.481195449829102,7081452
2019-07-08,8.07723617553711,9.543252944946289,9.61694622039795,9.46374225616455,9.53355598449707,5858840
2019-07-10,8.124835968017578,9.599492073059082,9.793420791625977,9.525798797607422,9.6596097946167,16055348
2019-07-11,8.50399398803711,10.047468185424805,10.220065116882324,9.785663604736328,9.85159969329834,21820856
2019-07-12,8.512203216552734,10.057165145874023,10.150251388549805,9.803117752075195,10.084315299987793,17063964
2019-07-15,8.4498291015625,9.983471870422363,10.09788990020752,9.89814281463623,10.059103965759277,7733752
2019-07-16,8.356270790100098,9.872932434082031,10.064922332763672,9.760453224182129,9.97183609008789,7891542
2019-07-17,8.482657432556152,10.022257804870605,10.022257804870605,9.812813758850098,9.872932434082031,10339343
2019-07-18,8.860175132751465,10.468295097351074,10.487688064575195,10.09788990020752,10.10176944732666,13528136
2019-07-19,8.699319839477539,10.278244018554688,10.43532657623291,10.158007621765137,10.43338680267334,13199150
2019-07-22,8.650075912475586,10.220065116882324,10.309272766113281,10.059103965759277,10.295698165893555,6688525
2019-07-23,8.6172513961792,10.181280136108398,10.297636985778809,10.107586860656738,10.297636985778809,14982276
2019-07-24,8.643512725830078,10.212307929992676,10.357754707336426,10.064922332763672,10.357754707336426,8221043
2019-07-25,8.561444282531738,10.115344047546387,10.227823257446289,10.004803657531738,10.159947395324707,6552908
2019-07-26,8.633665084838867,10.200672149658203,10.223943710327148,10.049407958984375,10.140554428100586,6860237
2019-07-29,8.535181999206543,10.084315299987793,10.208430290222168,9.991229057312012,10.173521995544434,7722408
2019-07-30,8.773180961608887,10.365511894226074,10.365511894226074,10.094011306762695,10.159947395324707,10070688
2019-07-31,8.764974594116211,10.355815887451172,10.431447982788086,10.167704582214355,10.431447982788086,13063018
2019-08-01,9.07847785949707,10.72622013092041,10.865848541259766,10.330604553222656,10.369391441345215,18713535
2019-08-02,9.180243492126465,10.846456527709961,10.879424095153809,10.565258979797363,10.685495376586914,9626196
2019-08-05,8.819140434265137,10.419812202453613,10.702948570251465,10.369391441345215,10.666102409362793,19308082
2019-08-06,8.957015991210938,10.58271312713623,10.586590766906738,10.340300559997559,10.413994789123535,8461853
2019-08-07,9.004616737365723,10.638952255249023,10.650588035583496,10.278244018554688,10.43726634979248,10771459
2019-08-08,9.282011032104492,10.966692924499512,11.052021026611328,10.567198753356934,10.629256248474121,19116775
2019-08-09,9.452713012695312,11.168378829956055,11.180014610290527,10.821246147155762,10.821246147155762,11155105
2019-08-12,9.470767974853516,11.18971061706543,11.18971061706543,10.881363868713379,11.112138748168945,13265154
2019-08-13,9.470767974853516,11.18971061706543,11.275039672851562,11.042325019836426,11.170317649841309,15217413
2019-08-14,9.185168266296387,10.852273941040039,11.172258377075195,10.745613098144531,11.0287504196167,19599426
2019-08-15,8.640230178833008,10.208430290222168,10.666102409362793,9.894264221191406,10.666102409362793,39608796
2019-08-16,8.6172513961792,10.181280136108398,10.47992992401123,10.113404273986816,10.47992992401123,13815355
2019-08-19,8.63038158416748,10.196793556213379,10.355815887451172,10.086254119873047,10.192914962768555,7754378
2019-08-20,8.682905197143555,10.258851051330566,10.27436637878418,9.97183609008789,10.212307929992676,9423544
2019-08-21,9.089967727661133,10.739795684814453,10.739795684814453,10.181280136108398,10.315091133117676,16324518
2019-08-22,8.976712226867676,10.60598373413086,10.763067245483398,10.598226547241211,10.763067245483398,16962896
2019-08-23,8.60576057434082,10.167704582214355,10.702948570251465,10.156068801879883,10.596287727355957,14876567
2019-08-26,8.485939979553223,10.02613639831543,10.35969352722168,9.89814281463623,10.254973411560059,13343017
2019-08-27,8.338214874267578,9.85159969329834,10.142494201660156,9.723607063293457,10.049407958984375,18209227
2019-08-28,8.339858055114746,9.85353946685791,9.85353946685791,9.640216827392578,9.845782279968262,13980879
2019-08-29,8.40386962890625,9.929171562194824,9.973774909973145,9.756574630737305,9.756574630737305,13224417
2019-08-30,8.485939979553223,10.02613639831543,10.039710998535156,9.80505657196045,10.010622024536133,23765380
2019-09-02,8.533539772033691,10.082375526428223,10.148311614990234,9.907838821411133,9.997047424316406,6288379
2019-09-03,8.34970474243164,9.865175247192383,10.090132713317871,9.746877670288086,10.064922332763672,7079389
2019-09-04,8.458035469055176,9.993167877197266,9.993167877197266,9.688699722290039,9.991229057312012,11134479
2019-09-05,8.553236961364746,10.105647087097168,10.225882530212402,9.954381942749023,10.028076171875,7964764
2019-09-06,8.469525337219238,10.006743431091309,10.2161865234375,9.843843460083008,10.2161865234375,9979933
2019-09-09,8.134682655334473,9.611127853393555,10.049407958984375,9.51610279083252,9.940807342529297,14327913
2019-09-10,8.284049987792969,9.787603378295898,9.812813758850098,9.434652328491211,9.601430892944336,17757000
2019-09-11,8.372685432434082,9.892325401306152,9.964078903198242,9.717788696289062,9.810874938964844,12930495
2019-09-12,8.453112602233887,9.987350463867188,10.150251388549805,9.92529296875,10.02419662475586,11369616
2019-09-13,8.398945808410645,9.923354148864746,10.020318031311035,9.793420791625977,10.010622024536133,8290656
2019-09-16,8.313594818115234,9.822510719299316,9.929171562194824,9.729425430297852,9.929171562194824,6708635
2019-09-17,8.24465560913086,9.741060256958008,9.859356880187988,9.700334548950195,9.787603378295898,9922180
2019-09-18,8.261069297790527,9.760453224182129,9.830267906188965,9.646035194396973,9.73330307006836,13960769
2019-09-19,8.334931373596191,9.847721099853516,10.053285598754883,9.766270637512207,9.839963912963867,11955397
2019-09-20,8.044407844543457,9.504467010498047,9.987350463867188,9.504467010498047,9.987350463867188,22219971
2019-09-23,8.055896759033203,9.518041610717773,9.597553253173828,9.38810920715332,9.56070613861084,11604753
2019-09-24,8.023069381713867,9.479255676269531,9.519981384277344,9.401683807373047,9.483135223388672,5767570
2019-09-25,7.909814834594727,9.345444679260254,9.43271255493164,9.07976245880127,9.401683807373047,17236192
2019-09-26,8.027995109558105,9.485074043273926,9.56070613861084,8.903286933898926,9.347384452819824,33091983
2019-09-27,7.952491283416748,9.395867347717285,9.496709823608398,9.312477111816406,9.46374225616455,7862665
2019-09-30,8.141250610351562,9.618885040283203,9.665428161621094,9.393926620483398,9.401683807373047,12198785
2019-10-01,8.165870666503906,9.647974014282227,9.867114067077637,9.568463325500488,9.657670974731445,10134629
2019-10-02,8.042766571044922,9.502528190612793,9.700334548950195,9.430773735046387,9.593673706054688,9898976
2019-10-03,8.280766487121582,9.783724784851074,9.783724784851074,9.374533653259277,9.46374225616455,14822423
2019-10-04,8.295539855957031,9.801177978515625,9.814752578735352,9.597553253173828,9.770150184631348,18425286
2019-10-07,7.955773830413818,9.399744987487793,9.756574630737305,9.399744987487793,9.754634857177734,16980944
2019-10-08,8.088726043701172,9.556827545166016,9.56070613861084,9.391987800598145,9.405563354492188,19302926
2019-10-09,8.226600646972656,9.719728469848633,9.861295700073242,9.582038879394531,9.582038879394531,19349335
2019-10-10,8.174077033996582,9.657670974731445,9.89814281463623,9.599492073059082,9.832206726074219,24395508
2019-10-11,8.277485847473145,9.77984619140625,9.859356880187988,9.677063941955566,9.772089004516602,14906990
2019-10-14,8.233166694641113,9.727484703063965,9.80893611907959,9.564584732055664,9.777907371520996,9032680
2019-10-15,8.269278526306152,9.770150184631348,10.033892631530762,9.657670974731445,9.721668243408203,14097416
2019-10-16,8.476091384887695,10.014500617980957,10.016440391540527,9.603370666503906,9.770150184631348,12684014
2019-10-17,8.308670043945312,9.816693305969238,10.02419662475586,9.816693305969238,10.02419662475586,13214620
2019-10-18,8.408795356750488,9.934989929199219,10.030014991760254,9.756574630737305,9.816693305969238,21220121
2019-10-21,8.464601516723633,10.000925064086914,10.04552936553955,9.77984619140625,9.987350463867188,7087640
2019-10-22,8.633665084838867,10.200672149658203,10.222004890441895,9.913657188415527,9.948564529418945,13500807
2019-10-23,8.85853385925293,10.466355323791504,10.522595405578613,10.090132713317871,10.150251388549805,15703673
2019-10-24,8.748559951782227,10.33642292022705,10.522595405578613,10.276305198669434,10.421751976013184,12207551
2019-10-25,8.633665084838867,10.200672149658203,10.443083763122559,10.194854736328125,10.361634254455566,15581464
2019-10-28,8.60904312133789,10.17158317565918,10.26272964477539,10.128918647766113,10.181280136108398,6500312
2019-10-29,8.707525253295898,10.287940979003906,10.318968772888184,9.995107650756836,10.088193893432617,11173668
2019-10-30,9.00133228302002,10.6350736618042,10.759187698364258,10.266608238220215,10.427570343017578,20056809
2019-10-31,8.965222358703613,10.592409133911133,10.85421371459961,10.545866012573242,10.666102409362793,18197367
2019-11-01,9.060423851013184,10.704888343811035,10.737855911254883,10.493504524230957,10.573016166687012,16182198
2019-11-04,9.109664916992188,10.763067245483398,10.805730819702148,10.567198753356934,10.666102409362793,15363343
2019-11-05,8.988203048706055,10.619559288024902,10.743674278259277,10.501262664794922,10.683555603027344,11504201
2019-11-06,8.851967811584473,10.458598136901855,10.732037544250488,10.458598136901855,10.530351638793945,9191501
2019-11-07,9.009539604187012,10.644769668579102,10.743674278259277,10.425629615783691,10.495445251464844,11873924
2019-11-08,8.84704303741455,10.452779769897461,10.557501792907715,10.24333667755127,10.549744606018066,13811229
2019-11-11,8.728863716125488,10.313151359558105,10.505141258239746,10.256912231445312,10.452779769897461,12902650
2019-11-12,8.564725875854492,10.119221687316895,10.301515579223633,9.969897270202637,10.278244018554688,15933654
2019-11-13,8.45639419555664,9.991229057312012,10.14443302154541,9.818632125854492,10.010622024536133,20441486
2019-11-14,8.515485763549805,10.061043739318848,10.090132713317871,9.892325401306152,10.037772178649902,12592227
2019-11-18,8.568009376525879,10.123101234436035,10.396540641784668,10.035833358764648,10.365511894226074,13823089
2019-11-19,8.47116756439209,10.008683204650879,10.220065116882324,9.929171562194824,10.175461769104004,11723869
2019-11-21,8.83391284942627,10.43726634979248,10.43726634979248,10.030014991760254,10.07461929321289,16747353
2019-11-22,9.040727615356445,10.68161678314209,10.68161678314209,10.210369110107422,10.375208854675293,19394196
2019-11-25,8.924189567565918,10.543927192687988,10.704888343811035,10.454719543457031,10.704888343811035,10179491
2019-11-26,8.906132698059082,10.522595405578613,10.551684379577637,10.084315299987793,10.472172737121582,26410161
2019-11-27,8.970147132873535,10.598226547241211,10.749491691589355,10.427570343017578,10.520655632019043,18148381
2019-11-28,9.232768058776855,10.908514022827148,10.968631744384766,10.576894760131836,10.62537670135498,9872678
2019-11-29,9.421525955200195,11.131531715393066,11.135411262512207,10.82706356048584,10.869728088378906,12781472
2019-12-02,9.534782409667969,11.265342712402344,11.501936912536621,11.180014610290527,11.181954383850098,14553253
2019-12-03,9.41331958770752,11.121835708618164,11.323521614074707,11.0636568069458,11.321582794189453,16417852
2019-12-04,9.557761192321777,11.29249382019043,11.51163387298584,10.958934783935547,11.131531715393066,27045960
2019-12-05,9.574174880981445,11.311885833740234,11.437939643859863,11.19359016418457,11.298311233520508,8671208
2019-12-06,9.5938720703125,11.335158348083496,11.523268699645996,11.327401161193848,11.36424732208252,7163956
2019-12-09,9.799044609069824,11.577569007873535,11.616354942321777,11.311885833740234,11.350671768188477,15130268
2019-12-10,9.830229759216309,11.614416122436523,11.711380958557129,11.447636604309082,11.58144760131836,12982061
2019-12-11,10.09449291229248,11.926642417907715,11.96348762512207,11.554298400878906,11.587265968322754,25585117
2019-12-12,9.756367683410645,11.527148246765137,12.013910293579102,11.36230754852295,11.984821319580078,35365494
2019-12-13,9.585665702819824,11.325462341308594,11.579508781433105,11.195528984069824,11.527148246765137,12673185
2019-12-16,9.608644485473633,11.352611541748047,11.422426223754883,11.240133285522461,11.321582794189453,13565779
2019-12-17,9.541348457336426,11.273100852966309,11.406911849975586,11.139289855957031,11.38364028930664,13365706
2019-12-18,9.735032081604004,11.501936912536621,11.501936912536621,11.199407577514648,11.329339981079102,17458438
2019-12-19,9.78919792175293,11.565934181213379,11.610536575317383,11.327401161193848,11.36424732208252,12471565
2019-12-20,9.795762062072754,11.573691368103027,11.626051902770996,11.404972076416016,11.563994407653809,13258966
2019-12-23,9.85321044921875,11.641566276550293,11.672595024108887,11.422426223754883,11.422426223754883,7142814
2019-12-26,10.112548828125,11.94797420501709,11.965428352355957,11.58338737487793,11.58338737487793,5190039
2019-12-27,10.14865779876709,11.99063777923584,12.025546073913574,11.80058765411377,11.982880592346191,5621125
2019-12-30,9.940202713012695,11.74434757232666,11.99063777923584,11.715258598327637,11.99063777923584,15695938
2020-01-02,9.938560485839844,11.742408752441406,11.829676628112793,11.60084056854248,11.754044532775879,9724170
2020-01-03,9.767857551574707,11.540722846984863,11.688109397888184,11.523268699645996,11.550418853759766,13268763
2020-01-06,9.61849308013916,11.36424732208252,11.542661666870117,11.294432640075684,11.457332611083984,11249469
2020-01-07,9.454354286193848,11.170317649841309,11.401094436645508,11.059779167175293,11.38364028930664,14848206
2020-01-08,9.314836502075195,11.005477905273438,11.244010925292969,10.92790699005127,11.214921951293945,18419098
2020-01-09,9.457637786865234,11.17419719696045,11.306069374084473,11.00160026550293,11.306069374084473,23553447
2020-01-10,9.423169136047363,11.133472442626953,11.286676406860352,11.057839393615723,11.218799591064453,11224202
2020-01-13,9.833514213562012,11.618294715881348,11.618294715881348,11.180014610290527,11.180014610290527,22076619
2020-01-14,10.046893119812012,11.870402336120605,11.932459831237793,11.637686729431152,11.637686729431152,16904112
2020-01-15,9.99600887298584,11.810283660888672,11.96348762512207,11.796709060668945,11.889795303344727,12873774
2020-01-16,9.938560485839844,11.742408752441406,11.891735076904297,11.637686729431152,11.856826782226562,9773672
2020-01-17,9.872905731201172,11.664837837219238,11.825798988342285,11.620233535766602,11.761801719665527,10955547
2020-01-20,9.897526741027832,11.693926811218262,11.837433815002441,11.639627456665039,11.693926811218262,9592163
2020-01-21,9.90245246887207,11.699745178222656,11.80446720123291,11.635747909545898,11.651262283325195,13980363
2020-01-22,10.022272109985352,11.841313362121582,11.922762870788574,11.723015785217285,11.794770240783691,10973595
2020-01-23,10.279969215393066,12.145782470703125,12.16323471069336,11.65514087677002,11.746288299560547,17763704
2020-01-24,10.253705978393555,12.114752769470215,12.287349700927734,11.99063777923584,12.172931671142578,7992094
2020-01-27,10.107623100280762,11.942155838012695,11.977063179016113,11.77537727355957,11.924702644348145,8976990
2020-01-28,10.586906433105469,12.508428573608398,12.576305389404297,11.882038116455078,11.984821319580078,21980708
2020-01-29,10.242218017578125,12.101178169250488,12.514246940612793,12.070149421691895,12.514246940612793,12565414
2020-01-30,10.224163055419922,12.079846382141113,12.079846382141113,11.55817699432373,11.979002952575684,14913694
2020-01-31,10.012423515319824,11.829676628112793,11.951852798461914,11.707502365112305,11.835494995117188,13469352
2020-02-03,10.137168884277344,11.977063179016113,12.103116989135742,11.81998062133789,11.829676628112793,10711644
2020-02-04,10.330852508544922,12.205900192260742,12.419221878051758,12.031364440917969,12.031364440917969,18494383
2020-02-05,10.660770416259766,12.595697402954102,12.595697402954102,12.31256103515625,12.41146469116211,16954646
2020-02-06,10.472010612487793,12.372678756713867,12.70235824584961,12.258260726928711,12.60345458984375,14938445
2020-02-07,10.4014310836792,12.289289474487305,12.450250625610352,12.169053077697754,12.25632095336914,10280558
2020-02-10,10.066590309143066,11.89367389678955,12.328075408935547,11.77537727355957,12.264079093933105,12669060
2020-02-11,10.34726619720459,12.225293159484863,12.252443313598633,11.841313362121582,11.940217018127441,15951186
2020-02-12,10.494990348815918,12.399828910827637,12.53170108795166,12.101178169250488,12.25632095336914,18251511
2020-02-13,10.473650932312012,12.374617576599121,12.374617576599121,12.124449729919434,12.343589782714844,6546205
2020-02-14,10.577058792114258,12.496793746948242,12.496793746948242,12.198143005371094,12.353285789489746,8056550
2020-02-17,10.72314167022705,12.669389724731445,12.669389724731445,12.390132904052734,12.52782154083252,8109147
2020-02-18,10.690314292907715,12.63060474395752,12.63060474395752,12.357165336608887,12.547215461730957,11166449
2020-02-19,10.910258293151855,12.890469551086426,12.948648452758789,12.520065307617188,12.653876304626465,15097266
2020-02-20,10.685389518737793,12.624787330627441,12.874955177307129,12.415343284606934,12.863320350646973,11015363
2020-02-21,10.778947830200195,12.735325813293457,12.76635456085205,12.355224609375,12.473522186279297,9084245
2020-02-26,10.078080177307129,11.907249450683594,12.217535972595215,11.573691368103027,12.198143005371094,18283481
2020-02-27,9.767857551574707,11.540722846984863,11.89367389678955,11.494179725646973,11.763740539550781,23633889
2020-02-28,9.643115043640137,11.39333724975586,11.52908706665039,10.850335121154785,11.451515197753906,26129130
2020-03-02,9.871265411376953,11.662898063659668,11.662898063659668,11.170317649841309,11.296372413635254,25968247
2020-03-03,9.848284721374512,11.635747909545898,12.041060447692871,11.399154663085938,11.635747909545898,16906690
2020-03-04,10.311155319213867,12.18262767791748,12.190385818481445,11.693926811218262,11.787013053894043,12845413
2020-03-05,9.874547004699707,11.666776657104492,12.12057113647461,11.453454971313477,11.932459831237793,16433837
2020-03-06,9.41660213470459,11.125715255737305,11.308008193969727,10.865848541259766,11.1664400100708,22858348
2020-03-09,8.535181999206543,10.084315299987793,10.472172737121582,9.80893611907959,10.470233917236328,21160305
2020-03-10,8.981637001037598,10.611802101135254,10.611802101135254,9.915596961975098,10.297636985778809,25585117
2020-03-11,8.288971900939941,9.793420791625977,10.450840950012207,9.229086875915527,10.200672149658203,19296738
2020-03-12,7.031675338745117,8.307924270629883,8.823776245117188,7.660201072692871,8.412646293640137,16876266
2020-03-13,8.259429931640625,9.758514404296875,9.758514404296875,8.209019660949707,9.114668846130371,22218939
2020-03-16,7.796559810638428,9.211633682250977,9.211633682250977,8.218716621398926,8.616271018981934,20160971
2020-03-17,7.548710823059082,8.918801307678223,9.308597564697266,8.445613861083984,9.231026649475098,50430790
2020-03-18,6.2027788162231445,7.328581809997559,8.201263427734375,5.916778087615967,7.951094150543213,44568339
2020-03-19,6.055054664611816,7.154046058654785,7.3654279708862305,6.238699913024902,7.076474189758301,42149415
2020-03-20,5.533094882965088,6.537351131439209,7.3091888427734375,6.41905403137207,7.229678153991699,32971836
2020-03-23,5.014418601989746,5.924534797668457,6.533472061157227,5.501769065856934,6.533472061157227,27850893
2020-03-24,5.268832206726074,6.225124835968018,6.360875129699707,5.777149200439453,6.2057318687438965,39314874
2020-03-25,5.797357559204102,6.849576950073242,6.903876781463623,6.089375019073486,6.108767986297607,33096108
2020-03-26,6.567165374755859,7.759105205535889,7.912309169769287,6.690555095672607,6.768126964569092,26566404
2020-03-27,6.57701301574707,7.770740032196045,8.017029762268066,7.2917351722717285,7.2917351722717285,28791443
2020-03-30,6.6984758377075195,7.914247989654541,8.065512657165527,7.603960990905762,7.772679805755615,17060870
2020-03-31,6.419440269470215,7.584568023681641,7.881279945373535,7.270402908325195,7.881279945373535,29857812
2020-04-01,6.014019966125488,7.105563163757324,7.307250022888184,6.942663192749023,7.28397798538208,25974950
2020-04-02,5.884350776672363,6.952359199523926,7.155984878540039,6.576137065887451,7.117198944091797,27568832
2020-04-03,5.610240459442139,6.628498077392578,6.977570056915283,6.428750991821289,6.905816078186035,20416219
2020-04-06,5.964779376983643,7.047385215759277,7.1327128410339355,6.760368824005127,7.000842094421387,18003998
2020-04-07,6.293055057525635,7.435243129730225,7.728075981140137,7.338277816772461,7.512814998626709,22245753
2020-04-08,6.631178855895996,7.8347368240356445,7.86770486831665,7.307250022888184,7.444939136505127,17378512
2020-04-09,6.857689380645752,8.1023588180542,8.241988182067871,7.78431510925293,7.863825798034668,22617023
2020-04-13,6.795316696166992,8.028665542602539,8.092662811279297,7.679594039916992,8.092662811279297,21962145
2020-04-14,6.887233257293701,8.137266159057617,8.338953018188477,7.987940788269043,8.145024299621582,15834133
2020-04-15,6.72966194152832,7.951094150543213,8.048059463500977,7.772679805755615,8.007333755493164,20122297
2020-04-16,6.805165767669678,8.040302276611328,8.115934371948242,7.799829959869385,7.991819858551025,17701310
2020-04-17,6.921703815460205,8.17799186706543,8.338953018188477,8.063572883605957,8.145024299621582,19013645
2020-04-20,6.813372611999512,8.04999828338623,8.067452430725098,7.863825798034668,8.046119689941406,19767013
2020-04-22,7.167911529541016,8.46888542175293,8.46888542175293,8.011212348937988,8.04999828338623,16263156
2020-04-23,6.956172943115234,8.218716621398926,8.525124549865723,8.009272575378418,8.474702835083008,22324132
2020-04-24,6.199496269226074,7.324703216552734,8.007333755493164,6.99502420425415,7.906490802764893,40511703
2020-04-27,6.724738597869873,7.945277214050293,7.9588518142700195,7.427485942840576,7.514753818511963,22264832
2020-04-28,6.908571720123291,8.162476539611816,8.455309867858887,7.951094150543213,8.181870460510254,22222033
2020-04-29,6.996250152587891,7.995697975158691,8.162476539611816,7.850251197814941,8.162476539611816,17391919
2020-04-30,6.801109313964844,7.772679805755615,7.902612209320068,7.652443885803223,7.83085823059082,15544852
2020-05-04,6.772262096405029,7.739712238311768,7.799829959869385,7.388700008392334,7.466271877288818,15151410
2020-05-05,7.0760040283203125,8.086845397949219,8.25168514251709,7.795950889587402,7.795950889587402,18617624
2020-05-06,6.874074459075928,7.856069087982178,8.123690605163574,7.7416510581970215,8.123690605163574,12521583
2020-05-07,6.694204807281494,7.650504112243652,7.989880084991455,7.477907180786133,7.951094150543213,22167374
2020-05-08,6.957221984863281,7.951094150543213,7.951094150543213,7.631111145019531,7.826980113983154,16609674
2020-05-11,7.079397201538086,8.090723037719727,8.243927001953125,7.821162223815918,7.951094150543213,18869262
2020-05-12,6.755292892456055,7.720318794250488,8.218716621398926,7.660201072692871,8.115934371948242,22335992
2020-05-13,6.700992107391357,7.658260822296143,7.825039863586426,7.39451789855957,7.75716495513916,17726577
2020-05-14,6.811289310455322,7.78431510925293,7.871582984924316,7.289795875549316,7.5399651527404785,20207380
2020-05-15,6.414219379425049,7.330521106719971,7.782375812530518,7.330521106719971,7.53802490234375,26839184
2020-05-18,6.957221984863281,7.951094150543213,7.989880084991455,7.470149993896484,7.495360851287842,17501237
2020-05-19,6.83843994140625,7.815343856811523,8.04999828338623,7.720318794250488,7.896793842315674,20838023
2020-05-20,6.672145366668701,7.625292778015137,7.908430099487305,7.590385913848877,7.815343856811523,35670760
2020-05-21,7.191391944885254,8.218716621398926,8.218716621398926,7.569054126739502,7.646625995635986,30819503
2020-05-22,7.495134353637695,8.565850257873535,8.565850257873535,7.989880084991455,7.989880084991455,27164560
2020-05-25,8.467449188232422,9.677063941955566,9.677063941955566,8.895528793334961,9.017704963684082,33383326
2020-05-26,8.509870529174805,9.725545883178711,9.985410690307617,9.440469741821289,9.985410690307617,29706726
2020-05-27,9.102081298828125,10.402359008789062,10.421751976013184,9.921415328979492,10.192914962768555,37817420
2020-05-28,9.00875473022461,10.295698165893555,10.448902130126953,10.04552936553955,10.241397857666016,19953679
2020-05-29,9.2174711227417,10.534231185913086,10.615680694580078,9.97183609008789,10.431447982788086,42201495
2020-06-01,9.188623428344727,10.501262664794922,10.611802101135254,10.355815887451172,10.415933609008789,18506243
2020-06-02,9.268376350402832,10.592409133911133,10.702948570251465,10.423690795898438,10.551684379577637,28702235
2020-06-03,9.305708885192871,10.6350736618042,10.815427780151367,10.326725959777832,10.666102409362793,31563589
2020-06-04,9.095295906066895,10.394601821899414,10.62537670135498,10.286001205444336,10.318968772888184,20014526
2020-06-05,8.99178695678711,10.276305198669434,10.860032081604004,10.167704582214355,10.522595405578613,26784524
2020-06-08,9.320980072021484,10.65252685546875,10.65252685546875,10.278244018554688,10.396540641784668,21792495
2020-06-09,9.38376522064209,10.724281311035156,10.912391662597656,10.264669418334961,10.549744606018066,26510197
2020-06-10,9.248013496398926,10.569137573242188,10.865848541259766,10.472172737121582,10.817366600036621,15990891
2020-06-12,9.156381607055664,10.464415550231934,10.512898445129395,10.084315299987793,10.470233917236328,20772019
2020-06-15,9.33285903930664,10.666102409362793,10.80185317993164,10.123101234436035,10.142494201660156,17568787
2020-06-16,9.24292278289795,10.56332015991211,11.024870872497559,10.472172737121582,11.024870872497559,21088114
2020-06-17,9.60266399383545,10.97445011138916,11.14510726928711,10.604044914245605,10.60986328125,32114306
2020-06-18,9.807985305786133,11.20910358428955,11.20910358428955,10.763067245483398,10.842577934265137,28503709
2020-06-19,9.78423023223877,11.181954383850098,11.596961975097656,11.181954383850098,11.461212158203125,32790842
2020-06-22,10.215238571166992,11.67453384399414,11.721076965332031,11.356490135192871,11.620233535766602,32415963
2020-06-23,9.960705757141113,11.38364028930664,11.899492263793945,11.36618709564209,11.783134460449219,25629979
2020-06-24,10.1931791305542,11.649323463439941,11.806406021118164,11.288615226745605,11.441819190979004,26212150
2020-06-25,10.057429313659668,11.494179725646973,11.808344841003418,11.170317649841309,11.62799072265625,48767811
2020-06-26,9.553452491760254,10.91821002960205,11.426304817199707,10.815427780151367,11.426304817199707,26510197
2020-06-29,9.706172943115234,11.09274673461914,11.150924682617188,10.906575202941895,11.059779167175293,17858068
2020-06-30,9.791017532348633,11.18971061706543,11.240133285522461,10.89881706237793,10.951177597045898,14730637
2020-07-01,9.994643211364746,11.422426223754883,11.441819190979004,11.125715255737305,11.391397476196289,21038096
2020-07-02,9.77235221862793,11.168378829956055,11.563994407653809,11.09080696105957,11.494179725646973,17442968
2020-07-03,9.82155990600586,11.224617958068848,11.308008193969727,11.123774528503418,11.154804229736328,5635047
2020-07-06,10.040458679199219,11.474786758422852,11.569811820983887,11.29055404663086,11.461212158203125,11613520
2020-07-07,9.78931999206543,11.187771797180176,11.422426223754883,11.180014610290527,11.422426223754883,13128506
2020-07-08,9.96919059753418,11.39333724975586,11.470908164978027,11.222679138183594,11.24789047241211,11306706
2020-07-09,9.867377281188965,11.276979446411133,11.372005462646484,11.065595626831055,11.304128646850586,16897924
2020-07-10,9.964099884033203,11.387518882751465,11.416607856750488,11.112138748168945,11.170317649841309,18097331
2020-07-13,9.648478507995605,11.026810646057129,11.404972076416016,11.026810646057129,11.352611541748047,15112736
2020-07-14,9.638298034667969,11.015174865722656,11.150924682617188,10.860032081604004,10.966692924499512,16789121
2020-07-15,10.4154691696167,11.903369903564453,12.031364440917969,11.050082206726074,11.112138748168945,53269971
2020-07-16,10.181300163269043,11.635747909545898,12.091482162475586,11.569811820983887,11.858766555786133,19846423
2020-07-17,10.839691162109375,12.388193130493164,12.388193130493164,11.635747909545898,11.635747909545898,24501216
2020-07-20,10.624186515808105,12.141902923583984,12.357165336608887,12.006153106689453,12.341650009155273,17882304
2020-07-21,10.546131134033203,12.052696228027344,12.223353385925293,11.872342109680176,12.217535972595215,17051588
2020-07-22,10.727696418762207,12.260199546813965,12.260199546813965,11.965428352355957,12.099239349365234,11894550
2020-07-23,10.384926795959473,11.868462562561035,12.306742668151855,11.796709060668945,12.250503540039062,18026687
2020-07-24,10.442620277404785,11.934398651123047,11.977063179016113,11.672595024108887,11.897553443908691,10456396
2020-07-27,10.33232307434082,11.808344841003418,12.023606300354004,11.67453384399414,11.955731391906738,17688934
2020-07-28,10.201664924621582,11.65902042388916,11.785074234008789,11.565934181213379,11.763740539550781,13947877
2020-07-29,10.004825592041016,11.434062004089355,11.695865631103516,11.375883102416992,11.58144760131836,25703717
2020-07-30,10.035367965698242,11.468969345092773,11.577569007873535,11.344854354858398,11.344854354858398,13666331
2020-07-31,10.325535774230957,11.80058765411377,11.895612716674805,11.492240905761719,11.668716430664062,30504955
2020-08-03,10.205057144165039,11.662898063659668,11.885916709899902,11.58144760131836,11.788951873779297,12646371
2020-08-04,9.98955249786377,11.416607856750488,11.614416122436523,11.212983131408691,11.614416122436523,14940508
2020-08-05,9.91828441619873,11.335158348083496,11.587265968322754,11.234314918518066,11.517451286315918,11530500
2020-08-06,10.116817474365234,11.562054634094238,11.562054634094238,11.222679138183594,11.335158348083496,14792000
2020-08-07,10.094758987426758,11.536844253540039,11.5853271484375,11.300251007080078,11.38364028930664,10854479
2020-08-10,10.009916305541992,11.43988037109375,11.536844253540039,11.16450023651123,11.532965660095215,12072966
2020-08-11,9.694295883178711,11.079172134399414,11.507755279541016,11.034567832946777,11.461212158203125,15189568
2020-08-12,9.582301139831543,10.951177597045898,11.150924682617188,10.761128425598145,11.114079475402832,19516406
2020-08-13,9.519516944885254,10.879424095153809,11.075292587280273,10.718462944030762,10.995781898498535,15299917
2020-08-14,9.573816299438477,10.941481590270996,10.976388931274414,10.720402717590332,10.956995964050293,13497713
2020-08-17,9.249711036682129,10.571077346801758,10.935664176940918,10.346118927001953,10.935664176940918,16773136
2020-08-18,9.426185607910156,10.7727632522583,10.786338806152344,10.565258979797363,10.704888343811035,16210044
2020-08-19,8.951059341430664,10.229762077331543,10.768884658813477,9.618885040283203,10.685495376586914,118991913
2020-08-20,8.737252235412598,9.985410690307617,10.175461769104004,9.921415328979492,10.092071533203125,34944721
2020-08-21,8.80512809753418,10.062982559204102,10.10176944732666,9.816693305969238,9.950504302978516,24307331
2020-08-24,8.713497161865234,9.958260536193848,10.161887168884277,9.803117752075195,10.090132713317871,20285243
2020-08-25,8.813612937927246,10.072678565979004,10.229762077331543,9.83608627319336,9.946624755859375,20124360
2020-08-26,8.520051956176758,9.737181663513184,10.111465454101562,9.601430892944336,10.07461929321289,21918830
2020-08-27,8.57774543762207,9.803117752075195,9.966017723083496,9.67900276184082,9.754634857177734,17063964
2020-08-28,8.514961242675781,9.731364250183105,9.946624755859375,9.713910102844238,9.791481971740723,18768710
2020-08-31,8.102617263793945,9.260115623474121,9.731364250183105,9.260115623474121,9.692578315734863,33035777
2020-09-01,8.37411880493164,9.570403099060059,9.6343994140625,9.242663383483887,9.306658744812012,32375226
2020-09-02,8.535323143005371,9.754634857177734,9.791481971740723,9.539374351501465,9.686759948730469,24409946
2020-09-03,8.313032150268555,9.500588417053223,9.812813758850098,9.424956321716309,9.75269603729248,21638315
2020-09-04,8.341878890991211,9.53355598449707,9.624703407287598,9.310538291931152,9.485074043273926,19437511
2020-09-08,8.346969604492188,9.539374351501465,9.615006446838379,9.378413200378418,9.479255676269531,22591240
2020-09-09,8.501386642456055,9.715849876403809,9.80699634552002,9.599492073059082,9.599492073059082,14329460
2020-09-10,8.16540241241455,9.331870079040527,9.756574630737305,9.250419616699219,9.754634857177734,20902995
2020-09-11,7.966866970062256,9.104972839355469,9.331870079040527,8.959526062011719,9.329931259155273,23907701
2020-09-14,8.085649490356445,9.24072265625,9.295022964477539,9.114668846130371,9.163151741027832,11386117
2020-09-15,7.941414833068848,9.075882911682129,9.312477111816406,9.039036750793457,9.252359390258789,13155835
2020-09-16,7.954989433288574,9.091398239135742,9.238783836364746,9.017704963684082,9.087518692016602,13000108
2020-09-17,8.058500289916992,9.209694862365723,9.217452049255371,8.864500999450684,9.017704963684082,23910279
2020-09-18,8.055106163024902,9.205816268920898,9.391987800598145,8.994433403015137,9.24460220336914,25771268
2020-09-21,8.00250244140625,9.145697593688965,9.145697593688965,8.881954193115234,9.073944091796875,13746773
2020-09-22,8.195947647094727,9.366777420043945,9.372594833374023,9.118548393249512,9.221329689025879,19144621
2020-09-23,8.106013298034668,9.263995170593262,9.45986270904541,9.201936721801758,9.26787281036377,15131299
2020-09-24,8.17897891998291,9.347384452819824,9.556827545166016,9.213573455810547,9.27175235748291,20599791
2020-09-25,8.197644233703613,9.3687162399292,9.41719913482666,9.139880180358887,9.232966423034668,18312874
2020-09-28,7.924445152282715,9.056490898132324,9.531617164611816,8.920740127563477,9.461801528930664,17682747
2020-09-29,7.963473796844482,9.101094245910645,9.161211967468262,8.864500999450684,9.017704963684082,15141612
2020-09-30,7.941414833068848,9.075882911682129,9.232966423034668,8.940133094787598,9.172847747802734,23555510
2020-10-01,7.990624904632568,9.132122993469238,9.153454780578613,8.944011688232422,9.04873275756836,13694692
2020-10-02,7.714031219482422,8.816018104553223,9.252359390258789,8.804383277893066,9.085579872131348,25639261
2020-10-05,7.7768144607543945,8.887771606445312,8.944011688232422,8.709357261657715,8.816018104553223,16708679
2020-10-06,7.753060817718506,8.86062240600586,9.002189636230469,8.796625137329102,8.959526062011719,11000409
2020-10-07,7.693669319152832,8.792746543884277,8.895528793334961,8.656996726989746,8.885832786560059,10030983
2020-10-08,7.79039192199707,8.903286933898926,8.903286933898926,8.71711540222168,8.788867950439453,11254626
2020-10-09,7.678397178649902,8.775293350219727,8.965344429016113,8.771414756774902,8.812140464782715,9366307
2020-10-13,7.924445152282715,9.056490898132324,9.17090892791748,8.691904067993164,8.771414756774902,29609783
2020-10-14,7.924445152282715,9.056490898132324,9.112730026245117,8.899408340454102,9.042915344238281,14878630
2020-10-15,7.805663585662842,8.920740127563477,8.992493629455566,8.804383277893066,8.947890281677246,11532562
2020-10-16,7.661429405212402,8.755900382995605,8.930437088012695,8.755900382995605,8.916861534118652,10221774
2020-10-19,7.736091613769531,8.841229438781738,9.033219337463379,8.765597343444824,8.765597343444824,15602605
2020-10-20,7.766635417938232,8.87613582611084,8.961464881896973,8.80632209777832,8.891651153564453,17393981
2020-10-21,7.710639953613281,8.812140464782715,8.87613582611084,8.720993041992188,8.843168258666992,9666417
2020-10-22,7.832813739776611,8.95176887512207,8.959526062011719,8.656996726989746,8.783049583435059,17210409
2020-10-23,7.81075382232666,8.926557540893555,9.015765190124512,8.788867950439453,8.959526062011719,18008123
2020-10-26,7.9023871421813965,9.031279563903809,9.139880180358887,8.850926399230957,8.909104347229004,10599747
2020-10-27,7.7004570960998535,8.800503730773926,9.037097930908203,8.800503730773926,9.023523330688477,15243196
2020-10-28,7.381442546844482,8.435916900634766,8.670572280883789,8.420402526855469,8.668631553649902,13693661
2020-10-29,7.4476213455200195,8.511549949645996,8.523184776306152,8.276894569396973,8.521245956420898,26619000
2020-10-30,7.21175479888916,8.241988182067871,8.474702835083008,8.158598899841309,8.474702835083008,22177172
2020-11-03,7.33053731918335,8.377738952636719,8.474702835083008,8.137266159057617,8.375799179077148,18966205
2020-11-04,7.445923328399658,8.509610176086426,8.734567642211914,8.387434959411621,8.435916900634766,19707197
2020-11-05,7.686882972717285,8.784990310668945,8.80632209777832,8.552274703979492,8.658935546875,15662937
2020-11-06,7.764939308166504,8.874197006225586,8.885832786560059,8.64148235321045,8.722931861877441,13653955
2020-11-09,7.882024765014648,9.008008003234863,9.149577140808105,8.942071914672852,9.009947776794434,17800315
2020-11-10,7.9312334060668945,9.064248085021973,9.139880180358887,8.887771606445312,8.980857849121094,18865653
2020-11-11,7.865055084228516,8.988615036010742,9.064248085021973,8.827653884887695,9.056490898132324,13183681
2020-11-12,7.593554496765137,8.678329467773438,9.2155122756958,8.647299766540527,8.992493629455566,19694822
2020-11-13,7.568099498748779,8.649238586425781,8.763657569885254,8.523184776306152,8.734567642211914,21707928
2020-11-16,7.591855525970459,8.67638874053955,8.796625137329102,8.583303451538086,8.765597343444824,11187591
2020-11-17,7.568099498748779,8.649238586425781,8.697722434997559,8.49797534942627,8.571667671203613,21003031
2020-11-18,7.619007110595703,8.707418441772461,8.883893966674805,8.558093070983887,8.649238586425781,25336057
2020-11-19,7.527374267578125,8.602696418762207,8.839289665222168,8.598817825317383,8.726811408996582,10595106
2020-11-23,7.420470714569092,8.480521202087402,8.527064323425293,8.401009559631348,8.474702835083008,15946030
2020-11-24,7.3933210372924805,8.449492454528809,8.552274703979492,8.399070739746094,8.515427589416504,24636833
2020-11-25,7.366170883178711,8.418463706970215,8.519307136535645,8.418463706970215,8.418463706970215,17928197
2020-11-26,7.615612983703613,8.70353889465332,8.707418441772461,8.418463706970215,8.426220893859863,12256022
2020-11-27,7.703850746154785,8.804383277893066,8.821836471557617,8.610453605651855,8.70353889465332,20920011
2020-11-30,7.557919025421143,8.637603759765625,8.942071914672852,8.637603759765625,8.823776245117188,35747076
2020-12-01,7.9057793617248535,9.035158157348633,9.035158157348633,8.672511100769043,8.819896697998047,24842578
2020-12-02,8.20273494720459,9.374533653259277,9.419137954711914,9.017704963684082,9.046793937683105,29316377
2020-12-03,8.055106163024902,9.205816268920898,9.469559669494629,9.19805908203125,9.41525936126709,22450467
2020-12-04,7.870145797729492,8.994433403015137,9.273691177368164,8.928497314453125,9.167030334472656,16077005
2020-12-07,7.749666690826416,8.856743812561035,9.116608619689941,8.823776245117188,8.953707695007324,11795545
2020-12-08,7.663125991821289,8.757840156555176,8.942071914672852,8.740386009216309,8.816018104553223,12388545
2020-12-09,7.6902756690979,8.788867950439453,8.872258186340332,8.670572280883789,8.816018104553223,18908968
2020-12-10,7.824329376220703,8.942071914672852,8.944011688232422,8.6337251663208,8.816018104553223,13522980
2020-12-11,8.007593154907227,9.15151596069336,9.167030334472656,8.784990310668945,8.847046852111816,14644523
2020-12-14,7.680095672607422,8.777233123779297,9.238783836364746,8.777233123779297,9.184483528137207,20371873
2020-12-15,7.7598466873168945,8.868378639221191,8.889711380004883,8.67638874053955,8.777233123779297,13801948
2020-12-16,7.568099498748779,8.649238586425781,8.936253547668457,8.620149612426758,8.868378639221191,31392393
2020-12-17,7.481557846069336,8.550334930419922,8.71711540222168,8.509610176086426,8.656996726989746,20448190
2020-12-18,7.456105709075928,8.521245956420898,8.682207107543945,8.46888542175293,8.558093070983887,18768710
2020-12-21,7.345808029174805,8.39519214630127,8.507671356201172,8.307924270629883,8.45724868774414,13976238
2020-12-22,7.381442546844482,8.435916900634766,8.445613861083984,8.331195831298828,8.397130966186523,13283202
2020-12-23,7.659731388092041,8.753960609436035,8.783049583435059,8.362223625183105,8.459189414978027,17370777
2020-12-28,7.756455421447754,8.864500999450684,8.895528793334961,8.709357261657715,8.804383277893066,16163119
2020-12-29,7.591855525970459,8.67638874053955,8.901347160339355,8.635663986206055,8.901347160339355,14490859
2020-12-30,7.540948867797852,8.618210792541504,8.720993041992188,8.515427589416504,8.678329467773438,17684809
2021-01-04,7.221935749053955,8.253623962402344,8.73262882232666,8.253623962402344,8.666692733764648,27196015
2021-01-05,7.204967021942139,8.234230995178223,8.313741683959961,8.048059463500977,8.236169815063477,22315366
2021-01-06,7.169332981109619,8.193506240844727,8.362223625183105,8.069391250610352,8.203202247619629,27261503
2021-01-07,7.164241790771484,8.187687873840332,8.292409896850586,8.133387565612793,8.212899208068848,20783364
2021-01-08,7.401805877685547,8.459189414978027,8.490217208862305,8.154720306396484,8.2051420211792,36048733
2021-01-11,7.050551414489746,8.057755470275879,8.402949333190918,8.057755470275879,8.377738952636719,25569132
2021-01-12,7.074306964874268,8.084905624389648,8.170233726501465,8.00345516204834,8.096541404724121,19879425
2021-01-13,7.167635917663574,8.191567420959473,8.216776847839355,8.04999828338623,8.096541404724121,22567005
2021-01-14,7.215147972106934,8.245866775512695,8.337013244628906,8.141144752502441,8.236169815063477,13370862
2021-01-15,7.221935749053955,8.253623962402344,8.313741683959961,8.164416313171387,8.245866775512695,17571366
2021-01-18,7.092973232269287,8.10623836517334,8.307924270629883,8.098481178283691,8.29822826385498,14240252
2021-01-19,7.05564022064209,8.063572883605957,8.17799186706543,7.982122898101807,8.152780532836914,16582860
2021-01-20,6.9080119132995605,7.89485502243042,8.110116004943848,7.89485502243042,8.10623836517334,20547195
2021-01-21,6.831653594970703,7.807587146759033,7.927823066711426,7.745530128479004,7.906490802764893,16702492
2021-01-22,6.953828811645508,7.947216033935547,8.007333755493164,7.660201072692871,7.788194179534912,19423589
2021-01-26,6.889347076416016,7.873523235321045,8.04999828338623,7.8172831535339355,7.9433369636535645,19023958
2021-01-27,6.913102626800537,7.900672912597656,8.015090942382812,7.8134050369262695,7.844432830810547,19556627
2021-01-28,7.103153705596924,8.117873191833496,8.179930686950684,7.877400875091553,7.910368919372559,19800015
2021-01-29,6.93516206741333,7.925883769989014,8.207080841064453,7.912309169769287,8.018969535827637,17840020
2021-02-01,7.0539445877075195,8.061634063720703,8.12175178527832,7.896793842315674,8.022848129272461,11805342
2021-02-02,7.167635917663574,8.191567420959473,8.284652709960938,8.110116004943848,8.146963119506836,12608213
2021-02-03,7.081094264984131,8.092662811279297,8.255562782287598,8.03254508972168,8.218716621398926,14189718
2021-02-04,6.863893032073975,7.844432830810547,8.123690605163574,7.821162223815918,8.123690605163574,28400063
2021-02-05,6.863893032073975,7.844432830810547,7.960791110992432,7.745530128479004,7.877400875091553,21039643
2021-02-08,6.743414878845215,7.706744194030762,7.883218765258789,7.671835899353027,7.854129791259766,20733345
2021-02-09,7.221935749053955,8.253623962402344,8.435916900634766,8.07520866394043,8.098481178283691,92954053
2021-02-10,6.991159439086914,7.989880084991455,8.309863090515137,7.9588518142700195,8.271078109741211,35804314
2021-02-11,7.150667190551758,8.172174453735352,8.181870460510254,7.986001968383789,7.989880084991455,20243476
2021-02-12,7.0726094245910645,8.082965850830078,8.214838027954102,8.063572883605957,8.166356086730957,15692844
2021-02-17,6.9979472160339355,7.997636795043945,8.302105903625488,7.9937591552734375,8.189626693725586,21519199
2021-02-18,6.768867492675781,7.735833168029785,8.009272575378418,7.728075981140137,7.972426891326904,36085344
2021-02-19,6.660267353057861,7.61171817779541,7.815343856811523,7.555479049682617,7.755226135253906,31999316
2021-02-22,6.376887798309326,7.2878570556640625,7.413910865783691,7.144349098205566,7.369307041168213,44678173
2021-02-23,6.444762706756592,7.3654279708862305,7.50311803817749,7.218041896820068,7.349914073944092,18066392
2021-02-24,6.510942459106445,7.441061019897461,7.667957782745361,7.406154155731201,7.431364059448242,34673488
2021-02-25,6.446460723876953,7.367368221282959,7.563236236572266,7.322763919830322,7.448818206787109,20256883
2021-02-26,6.244531154632568,7.136591911315918,7.431364059448242,7.136591911315918,7.404213905334473,32211249
2021-03-01,6.012058258056641,6.870909214019775,7.219982147216797,6.847638130187988,7.2161030769348145,32973383
2021-03-02,6.157989978790283,7.0376877784729,7.105563163757324,6.616861820220947,6.791398048400879,33805645
2021-03-03,6.275074481964111,7.171498775482178,7.218041896820068,6.808852195739746,6.9833879470825195,28543930
2021-03-04,6.4973673820495605,7.425546169281006,7.572933197021484,7.144349098205566,7.183135032653809,33270398
2021-03-05,6.363312721252441,7.272342205047607,7.444939136505127,7.218041896820068,7.427485942840576,19575706
2021-03-08,6.315799713134766,7.218041896820068,7.557417869567871,7.09974479675293,7.126895904541016,52179367
2021-03-09,6.191927909851074,7.076474189758301,7.268464088439941,7.026051998138428,7.221920967102051,15018371
2021-03-10,6.329375267028809,7.233557224273682,7.28397798538208,7.012476921081543,7.117198944091797,16894314
2021-03-11,6.583907127380371,7.524449825286865,7.598143100738525,7.252949237823486,7.270402908325195,17984919
2021-03-12,6.558454513549805,7.495360851287842,7.650504112243652,7.379003047943115,7.522511005401611,20612683
2021-03-15,6.716264247894287,7.67571496963501,7.89485502243042,7.514753818511963,7.518631935119629,36949062
2021-03-16,6.661964416503906,7.6136579513549805,7.776557922363281,7.555479049682617,7.656322002410889,10572418
2021-03-17,7.047156810760498,8.053876876831055,8.088784217834473,7.495360851287842,7.549661159515381,34602328
2021-03-18,7.1608476638793945,8.183809280395508,8.29434871673584,7.951094150543213,7.956912040710449,34864795
2021-03-19,7.2694478034973145,8.307924270629883,8.362223625183105,8.145024299621582,8.2051420211792,23939671
2021-03-22,7.193089485168457,8.220656394958496,8.305985450744629,8.081027030944824,8.305985450744629,15557228
2021-03-23,7.0760040283203125,8.086845397949219,8.284652709960938,8.036422729492188,8.133387565612793,16582860
2021-03-24,6.891043186187744,7.875462055206299,8.123690605163574,7.828918933868408,8.053876876831055,42468088
2021-03-25,6.933465480804443,7.923943996429443,7.966609001159668,7.687351226806641,7.790132999420166,24968397
2021-03-26,6.93516206741333,7.925883769989014,8.053876876831055,7.8134050369262695,7.982122898101807,21336143
2021-03-29,6.938555717468262,7.92976188659668,8.00539493560791,7.85994815826416,7.881279945373535,19285909
2021-03-30,6.982675552368164,7.980184078216553,8.042241096496582,7.898734092712402,7.908430099487305,13556497
2021-03-31,6.991159439086914,7.989880084991455,8.092662811279297,7.86770486831665,7.980184078216553,14224267
2021-04-01,6.957221984863281,7.951094150543213,8.065512657165527,7.896793842315674,7.987940788269043,7876072
2021-04-05,7.091275691986084,8.104297637939453,8.141144752502441,7.925883769989014,7.953033924102783,11742948
2021-04-06,7.086185932159424,8.098481178283691,8.183809280395508,7.972426891326904,8.117873191833496,10972564
2021-04-07,7.021703243255615,8.024786949157715,8.119812965393066,7.953033924102783,8.0771484375,13733366
2021-04-08,7.101457118988037,8.115934371948242,8.164416313171387,7.97630500793457,8.017029762268066,12134328
2021-04-09,7.293205738067627,8.335074424743652,8.511549949645996,8.19544506072998,8.241988182067871,26241543
2021-04-12,7.291508197784424,8.333134651184082,8.412646293640137,8.214838027954102,8.329256057739258,13150163
2021-04-13,7.230419635772705,8.263319969177246,8.317621231079102,8.160537719726562,8.273016929626465,12690201
2021-04-14,7.101457118988037,8.115934371948242,8.29822826385498,8.057755470275879,8.25168514251709,21400084
2021-04-15,7.213450908660889,8.243927001953125,8.245866775512695,8.110116004943848,8.115934371948242,10126378
2021-04-16,7.294902324676514,8.337013244628906,8.391313552856445,8.135327339172363,8.25168514251709,20961779
2021-04-19,7.082790851593018,8.09460163116455,8.397130966186523,8.067452430725098,8.315681457519531,16728790
2021-04-20,7.177816867828369,8.203202247619629,8.329256057739258,7.918126106262207,8.108177185058594,16110523
2021-04-22,7.257570743560791,8.29434871673584,8.397130966186523,8.160537719726562,8.207080841064453,16106913
2021-04-23,7.235510349273682,8.26913833618164,8.397130966186523,8.230352401733398,8.296287536621094,7814194
2021-04-26,7.109941482543945,8.125631332397461,8.350587844848633,8.0519380569458,8.26913833618164,7834820
2021-04-27,6.928374767303467,7.918126106262207,8.12175178527832,7.912309169769287,8.092662811279297,7834820
2021-04-28,6.958918571472168,7.953033924102783,7.9937591552734375,7.861886978149414,7.900672912597656,7874009
2021-04-29,7.262660503387451,8.300167083740234,8.377738952636719,7.954973220825195,7.991819858551025,27348648
2021-04-30,7.327386856079102,8.296287536621094,8.416523933410645,7.978243827819824,8.172174453735352,37303830
2021-05-03,6.851227283477783,7.75716495513916,8.17799186706543,7.755226135253906,8.137266159057617,43456593
2021-05-04,6.635413646697998,7.512814998626709,7.772679805755615,7.487604141235352,7.766861915588379,19741746
2021-05-05,6.69022274017334,7.574872016906738,7.6136579513549805,7.4682111740112305,7.557417869567871,11934255
2021-05-06,7.019083023071289,7.947216033935547,7.997636795043945,7.743589878082275,7.770740032196045,26476164
2021-05-07,7.1749467849731445,8.123690605163574,8.129508972167969,7.920065879821777,7.982122898101807,14581614
2021-05-10,7.111574649810791,8.0519380569458,8.14890193939209,7.970487117767334,8.133387565612793,9845864
2021-05-11,7.094445705413818,8.03254508972168,8.164416313171387,7.951094150543213,7.956912040710449,13829793
2021-05-12,6.856365203857422,7.7629828453063965,7.987940788269043,7.75716495513916,7.960791110992432,12366887
2021-05-13,7.060190200805664,7.9937591552734375,8.065512657165527,7.794012069702148,7.799829959869385,15372109
2021-05-14,7.23660945892334,8.193506240844727,8.22259521484375,8.04999828338623,8.113994598388672,21645018
2021-05-17,7.144117832183838,8.088784217834473,8.253623962402344,7.982122898101807,8.145024299621582,10084611
2021-05-18,7.156106472015381,8.1023588180542,8.17605209350586,7.97630500793457,8.090723037719727,6710182
2021-05-19,7.133840560913086,8.0771484375,8.187687873840332,7.999577045440674,7.999577045440674,9660229
2021-05-20,7.118424892425537,8.05969524383545,8.152780532836914,7.974366188049316,8.090723037719727,11623833
2021-05-21,7.118424892425537,8.05969524383545,8.115934371948242,7.987940788269043,8.069391250610352,6359023
2021-05-24,7.228044033050537,8.183809280395508,8.210959434509277,8.0519380569458,8.090723037719727,6389962
2021-05-25,7.210916519165039,8.164416313171387,8.259442329406738,8.143083572387695,8.181870460510254,7182520
2021-05-26,7.156106472015381,8.1023588180542,8.335074424743652,8.07520866394043,8.230352401733398,8757322
2021-05-27,7.185225486755371,8.135327339172363,8.185749053955078,7.960791110992432,8.119812965393066,17708013
2021-05-28,6.8443756103515625,7.749407768249512,8.14890193939209,7.720318794250488,8.112055778503418,28230413
2021-05-31,6.702213764190674,7.588447093963623,7.764922142028809,7.479846954345703,7.759105205535889,22054446
2021-06-01,6.645689964294434,7.524449825286865,7.664079189300537,7.487604141235352,7.582629203796387,28674906
2021-06-02,6.719341278076172,7.607840061187744,7.609778881072998,7.448818206787109,7.524449825286865,21115444
2021-06-04,6.683371543884277,7.56711483001709,7.619475841522217,7.485663890838623,7.580689907073975,17320243
2021-06-07,6.643977165222168,7.522511005401611,7.629171848297119,7.495360851287842,7.516693115234375,10046968
2021-06-08,6.575464725494385,7.444939136505127,7.547721862792969,7.3615498542785645,7.505056858062744,21615111
2021-06-09,6.524081230163574,7.38676118850708,7.477907180786133,7.363489151000977,7.444939136505127,10401737
2021-06-10,6.558337688446045,7.425546169281006,7.460453987121582,7.371245861053467,7.411971092224121,9384870
2021-06-11,6.733043670654297,7.623353958129883,7.78431510925293,7.477907180786133,7.730014801025391,29491699
2021-06-14,6.7381815910339355,7.629171848297119,7.733893871307373,7.572933197021484,7.644686222076416,9386417
2021-06-15,6.6970744132995605,7.582629203796387,7.656322002410889,7.514753818511963,7.631111145019531,8495370
2021-06-16,6.6422648429870605,7.520572185516357,7.654383182525635,7.4895429611206055,7.563236236572266,18613499
2021-06-17,6.582316875457764,7.452696800231934,7.596203804016113,7.384820938110352,7.505056858062744,10250651
2021-06-18,6.536070346832275,7.400335788726807,7.518631935119629,7.34797477722168,7.452696800231934,19249298
2021-06-21,6.539495944976807,7.404213905334473,7.460453987121582,7.278160095214844,7.427485942840576,9195110
2021-06-22,6.498388767242432,7.357670783996582,7.410031795501709,7.2917351722717285,7.402275085449219,10757021
2021-06-23,6.438440322875977,7.289795875549316,7.417788982391357,7.282039165496826,7.320825099945068,8181854
2021-06-24,6.4898247718811035,7.34797477722168,7.3654279708862305,7.278160095214844,7.346035003662109,7823475
2021-06-25,6.472696781158447,7.328581809997559,7.518631935119629,7.241313934326172,7.357670783996582,16907721
2021-06-28,6.505239486694336,7.3654279708862305,7.3654279708862305,7.272342205047607,7.328581809997559,7615668
2021-06-29,6.325395584106445,7.161802768707275,7.349914073944092,7.1075029373168945,7.315007209777832,16590079
2021-06-30,6.265447616577148,7.09392786026001,7.16762113571167,6.987267017364502,7.1113810539245605,20841117
2021-07-01,6.183233261108398,7.000842094421387,7.165680885314941,6.981449127197266,7.086170196533203,11940443
2021-07-02,6.25688362121582,7.084230899810791,7.1113810539245605,6.942663192749023,7.022173881530762,13037235
2021-07-05,6.224340915679932,7.047385215759277,7.13853120803833,7.024113178253174,7.078413009643555,4378918
2021-07-06,6.102731227874756,6.909695148468018,7.045444965362549,6.876727104187012,7.024113178253174,13491525
2021-07-07,6.2037858963012695,7.024113178253174,7.024113178253174,6.830183982849121,6.950419902801514,13661175
2021-07-08,6.071899890899658,6.8747878074646,6.993083953857422,6.849576950073242,6.909695148468018,11640849
2021-07-12,6.232903957366943,7.05708122253418,7.074534893035889,6.867031097412109,6.876727104187012,17468751
2021-07-13,6.198647499084473,7.018294811248779,7.080352783203125,6.952359199523926,6.991145133972168,10348625
2021-07-14,6.344236373901367,7.183135032653809,7.225799083709717,6.996963024139404,7.078413009643555,15097266
2021-07-15,6.217488765716553,7.0396270751953125,7.214163780212402,7.016355991363525,7.161802768707275,12588618
2021-07-16,6.349374771118164,7.188952922821045,7.336338996887207,7.05708122253418,7.06483793258667,23789616
2021-07-19,6.150688648223877,6.963994979858398,7.1327128410339355,6.894180774688721,7.1327128410339355,17870960
2021-07-20,6.1866583824157715,7.004720211029053,7.078413009643555,6.91939115524292,6.975631237030029,7945169
2021-07-21,6.097591400146484,6.903876781463623,7.018294811248779,6.861213207244873,7.004720211029053,8921815
2021-07-22,6.212350845336914,7.033810138702393,7.062899112701416,6.882544994354248,6.894180774688721,12091014
2021-07-23,6.1215715408325195,6.931026935577393,7.055141925811768,6.8903021812438965,7.020235061645508,8287562
2021-07-26,6.061624050140381,6.863152027130127,6.9620561599731445,6.836001873016357,6.944602012634277,6597254
2021-07-27,6.073612689971924,6.876727104187012,6.917451858520508,6.795277118682861,6.843759059906006,7121673
2021-07-28,6.19179630279541,7.010538101196289,7.02993106842041,6.865090847015381,6.909695148468018,11815655
2021-07-29,6.123283386230469,6.932966232299805,7.105563163757324,6.876727104187012,6.989205837249756,8254045
2021-07-30,6.073612689971924,6.876727104187012,6.975631237030029,6.841819763183594,6.898058891296387,10441442
2021-08-02,6.135274410247803,6.946540832519531,7.066778182983398,6.863152027130127,6.94848108291626,13271857
2021-08-03,6.143837928771973,6.95623779296875,7.008598804473877,6.797215938568115,6.9620561599731445,9443139
2021-08-04,6.059910297393799,6.861213207244873,6.981449127197266,6.812729835510254,6.903876781463623,8862515
2021-08-05,5.938301086425781,6.723523139953613,6.931026935577393,6.696372985839844,6.915513038635254,12733001
2021-08-06,6.083889961242676,6.888362884521484,6.925209045410156,6.67310094833374,6.706068992614746,15608278
2021-08-09,6.1061553955078125,6.913572788238525,7.0396270751953125,6.8340630531311035,6.8747878074646,9554520
2021-08-10,5.963993072509766,6.752612113952637,6.936844825744629,6.715765953063965,6.913572788238525,11670241
2021-08-11,5.982834339141846,6.773944854736328,6.818548202514648,6.698311805725098,6.764247894287109,13259482
2021-08-12,5.900620460510254,6.680859088897705,6.77588415145874,6.651769161224365,6.77588415145874,8281890
2021-08-13,5.753317832946777,6.5140790939331055,6.688615798950195,6.4365081787109375,6.678918838500977,17435233
2021-08-16,5.820117950439453,6.589712142944336,6.622680187225342,6.47529411315918,6.479172229766846,11336614
2021-08-17,5.626570701599121,6.370572090148926,6.578075885772705,6.3123931884765625,6.496625900268555,15830524
2021-08-18,5.427884578704834,6.145614147186279,6.376389980316162,6.135918140411377,6.37251091003418,28713064
2021-08-19,5.647123336791992,6.393843173980713,6.426811218261719,6.0602850914001465,6.114584922790527,33842772
2021-08-20,6.260308742523193,7.088109970092773,7.3402180671691895,6.3123931884765625,6.3123931884765625,79781200
2021-08-23,6.1952223777771,7.0144171714782715,7.060959815979004,6.719644069671631,7.0376877784729,34978239
2021-08-24,6.217488765716553,7.0396270751953125,7.1113810539245605,6.927148818969727,7.049324035644531,14463530
2021-08-25,6.202073574066162,7.022173881530762,7.0376877784729,6.880606174468994,7.0357489585876465,11056615
2021-08-26,6.167817115783691,6.9833879470825195,7.1637420654296875,6.954298973083496,6.991145133972168,16427133
2021-08-27,6.3408098220825195,7.179255962371826,7.227738857269287,6.979508876800537,7.006659030914307,22581959
2021-08-30,6.279150485992432,7.109442234039307,7.142409801483154,7.0396270751953125,7.121078014373779,7434158
2021-08-31,6.188370704650879,7.006659030914307,7.124956130981445,6.861213207244873,7.115260124206543,30374495
2021-09-01,6.244893550872803,7.070655822753906,7.155984878540039,6.938784122467041,6.967874050140381,12877383
2021-09-02,6.250032424926758,7.076474189758301,7.136591911315918,6.931026935577393,7.027991771697998,14471264
2021-09-03,6.097591400146484,6.903876781463623,7.084230899810791,6.8592729568481445,7.082292079925537,32930584
2021-09-06,6.097591400146484,6.903876781463623,6.991145133972168,6.865090847015381,6.894180774688721,6473498
2021-09-08,5.7618818283081055,6.523776054382324,6.905816078186035,6.523776054382324,6.89224100112915,25519629
2021-09-09,5.871501445770264,6.647891044616699,6.704130172729492,6.44814395904541,6.496625900268555,18785211
2021-09-10,5.8218302726745605,6.59165096282959,6.797215938568115,6.52765417098999,6.647891044616699,11775434
2021-09-13,5.986259460449219,6.777822971343994,6.8340630531311035,6.612983226776123,6.678918838500977,11267517
2021-09-14,6.010239601135254,6.804973125457764,6.913572788238525,6.737098217010498,6.772005081176758,10724019
2021-09-15,5.982834339141846,6.773944854736328,6.868969917297363,6.669222831726074,6.824366092681885,8764025
2021-09-16,6.011950969696045,6.806911945343018,6.929088115692139,6.69443416595459,6.737098217010498,19408119
2021-09-17,6.041069030761719,6.839879989624023,6.868969917297363,6.742916107177734,6.793336868286133,27685885
2021-09-20,6.150688648223877,6.963994979858398,6.963994979858398,6.740976810455322,6.826304912567139,10216618
2021-09-21,6.181519031524658,6.998901844024658,7.128835201263428,6.913572788238525,6.979508876800537,11869283
2021-09-22,6.356225490570068,7.196710109710693,7.297553062438965,6.967874050140381,7.027991771697998,14378447
2021-09-23,6.383630752563477,7.227738857269287,7.2878570556640625,7.165680885314941,7.214163780212402,10372345
2021-09-24,6.4898247718811035,7.34797477722168,7.390638828277588,7.078413009643555,7.165680885314941,16705070
2021-09-27,6.536070346832275,7.400335788726807,7.479846954345703,7.227738857269287,7.274281978607178,16440540
2021-09-28,6.455568790435791,7.3091888427734375,7.431364059448242,7.282039165496826,7.3402180671691895,12502504
2021-09-29,6.556623935699463,7.423606872558594,7.545783042907715,7.254889011383057,7.3091888427734375,18283481
2021-09-30,6.606296539306641,7.479846954345703,7.842494010925293,7.441061019897461,7.679594039916992,47519417
2021-10-01,6.556623935699463,7.423606872558594,7.524449825286865,7.285916805267334,7.524449825286865,17211440
2021-10-04,6.402471542358398,7.24907112121582,7.42942476272583,7.1850738525390625,7.427485942840576,10988549
2021-10-05,6.309980392456055,7.144349098205566,7.272342205047607,7.080352783203125,7.252949237823486,10662657
2021-10-06,6.286000728607178,7.117198944091797,7.14628791809082,6.9077558517456055,7.074534893035889,15505663
2021-10-07,6.395620346069336,7.241313934326172,7.320825099945068,7.1327128410339355,7.13853120803833,11290206
2021-10-08,6.4863996505737305,7.3440961837768555,7.446878910064697,7.307250022888184,7.3440961837768555,9988184
2021-10-11,6.505239486694336,7.3654279708862305,7.472088813781738,7.196710109710693,7.210285186767578,9441077
2021-10-13,6.659393310546875,7.5399651527404785,7.582629203796387,7.3091888427734375,7.400335788726807,12354512
2021-10-14,6.714202880859375,7.602022171020508,7.605900764465332,7.446878910064697,7.543842792510986,6635928
2021-10-15,6.686797142028809,7.570992946624756,7.6388678550720215,7.514753818511963,7.603960990905762,5734568
2021-10-18,6.655966758728027,7.536086082458496,7.636929035186768,7.427485942840576,7.510875225067139,11376319
2021-10-19,6.512092113494873,7.373186111450195,7.526390075683594,7.295613765716553,7.450757026672363,10484241
2021-10-20,6.482974052429199,7.3402180671691895,7.53026819229126,7.303370952606201,7.402275085449219,7573900
2021-10-21,6.251744747161865,7.078413009643555,7.2917351722717285,6.967874050140381,7.2917351722717285,16874204
2021-10-22,6.111293792724609,6.91939115524292,7.022173881530762,6.671162128448486,6.896120071411133,24033004
2021-10-25,6.19179630279541,7.010538101196289,7.09974479675293,6.905816078186035,6.923270225524902,13588468
2021-10-26,6.090741157531738,6.896120071411133,6.985326766967773,6.791398048400879,6.915513038635254,15094688
2021-10-27,6.2140631675720215,7.0357489585876465,7.20252799987793,6.905816078186035,6.905816078186035,12990827
2021-10-28,6.1866583824157715,7.004720211029053,7.136591911315918,6.965933799743652,6.9833879470825195,11868767
2021-10-29,6.029079437255859,6.826304912567139,7.103623867034912,6.826304912567139,7.033810138702393,9809768
2021-11-01,6.119859218597412,6.929088115692139,7.018294811248779,6.841819763183594,6.9077558517456055,7995703
2021-11-03,6.2688727378845215,7.097805976867676,7.148228168487549,6.849576950073242,6.851515769958496,14044820
2021-11-04,6.131848335266113,6.942663192749023,7.103623867034912,6.867031097412109,7.076474189758301,9875256
2021-11-05,6.1952223777771,7.0144171714782715,7.123016834259033,6.9620561599731445,6.981449127197266,7204693
2021-11-08,6.102731227874756,6.909695148468018,7.074534893035889,6.847638130187988,6.94848108291626,15021981
2021-11-09,6.2037858963012695,7.024113178253174,7.134653091430664,6.901937961578369,6.9116339683532715,8224137
2021-11-10,6.280861854553223,7.1113810539245605,7.204466819763184,6.996963024139404,7.026051998138428,10583762
2021-11-11,6.325395584106445,7.161802768707275,7.282039165496826,7.126895904541016,7.181196212768555,7224288
2021-11-12,6.174667835235596,6.991145133972168,7.223859786987305,6.92133092880249,7.142409801483154,7887932
2021-11-16,6.044495105743408,6.843759059906006,7.010538101196289,6.768126964569092,6.973691940307617,14738372
2021-11-17,5.943439960479736,6.72934103012085,6.9116339683532715,6.657587051391602,6.872848033905029,9983543
2021-11-18,5.897193908691406,6.676980018615723,6.820487976074219,6.642073154449463,6.7836408615112305,18065876
2021-11-19,5.989685535430908,6.781702041625977,6.828245162963867,6.686676025390625,6.688615798950195,6878285
2021-11-22,5.864649295806885,6.640132904052734,6.803033828735352,6.62655782699585,6.7138261795043945,13188321
2021-11-23,5.893767833709717,6.67310094833374,6.67310094833374,6.5082621574401855,6.628498077392578,10202695
2021-11-24,5.861225128173828,6.636254787445068,6.684737205505371,6.545107841491699,6.572257995605469,8373676
2021-11-25,5.986259460449219,6.777822971343994,6.826304912567139,6.6381940841674805,6.669222831726074,4441828
2021-11-26,5.8492350578308105,6.622680187225342,6.715765953063965,6.566440105438232,6.682797908782959,9663323
2021-11-29,5.874927520751953,6.651769161224365,6.692493915557861,6.5819549560546875,6.657587051391602,7980749
2021-11-30,5.768733024597168,6.5315327644348145,6.6343159675598145,6.434568881988525,6.622680187225342,23759708
2021-12-01,5.8166913986206055,6.5858330726623535,6.66534423828125,6.440385818481445,6.525714874267578,13436350
2021-12-02,6.286000728607178,7.117198944091797,7.121078014373779,6.6381940841674805,6.675041198730469,21967817
2021-12-03,6.3921942710876465,7.2374348640441895,7.307250022888184,7.123016834259033,7.123016834259033,15177708
2021-12-06,6.47612190246582,7.332459926605225,7.472088813781738,7.260706901550293,7.270402908325195,15058077
2021-12-07,6.506953716278076,7.367368221282959,7.425546169281006,7.28397798538208,7.411971092224121,14993104
2021-12-08,6.602869987487793,7.475967884063721,7.553540229797363,7.363489151000977,7.379003047943115,13149648
2021-12-09,6.558337688446045,7.425546169281006,7.518631935119629,7.353793144226074,7.42942476272583,12744861
2021-12-10,6.61657190322876,7.491481781005859,7.582629203796387,7.441061019897461,7.505056858062744,11533078
2021-12-13,6.714202880859375,7.602022171020508,7.679594039916992,7.4158501625061035,7.4682111740112305,19406056
2021-12-14,6.669669151306152,7.551599979400635,7.7416510581970215,7.545783042907715,7.67571496963501,14850269
2021-12-15,6.786140441894531,7.683472156524658,7.735833168029785,7.4371819496154785,7.563236236572266,15015277
2021-12-16,6.781001567840576,7.677653789520264,7.731954097747803,7.588447093963623,7.683472156524658,10815290
2021-12-17,6.846088409423828,7.751347064971924,7.906490802764893,7.580689907073975,7.594264984130859,37693148
2021-12-20,6.7792887687683105,7.67571496963501,7.764922142028809,7.5612969398498535,7.5923261642456055,9441592
2021-12-21,6.851227283477783,7.75716495513916,7.764922142028809,7.588447093963623,7.687351226806641,10189804
2021-12-22,6.876919269561768,7.7862548828125,7.809525966644287,7.673776149749756,7.774619102478027,9747374
2021-12-23,6.832386016845703,7.735833168029785,7.811464786529541,7.691228866577148,7.751347064971924,10823025
2021-12-27,6.859790802001953,7.766861915588379,7.8347368240356445,7.702865123748779,7.774619102478027,9754077
2021-12-28,6.858078479766846,7.764922142028809,7.774619102478027,7.669897079467773,7.774619102478027,3790044
2021-12-29,6.825534820556641,7.728075981140137,7.774619102478027,7.667957782745361,7.774619102478027,6277550
2021-12-30,6.882058143615723,7.792072772979736,7.823101043701172,7.681532859802246,7.735833168029785,10416175
2022-01-03,6.842663288116455,7.747468948364258,7.904551029205322,7.666018962860107,7.850251197814941,10158349
2022-01-04,6.65425443649292,7.534146785736084,7.735833168029785,7.441061019897461,7.735833168029785,18153537
2022-01-05,6.368215560913086,7.210285186767578,7.547721862792969,7.17537784576416,7.545783042907715,13399739
2022-01-06,6.202073574066162,7.022173881530762,7.2354960441589355,7.016355991363525,7.200589179992676,7695594
2022-01-07,6.073612689971924,6.876727104187012,7.004720211029053,6.836001873016357,6.9620561599731445,17949854
2022-01-10,5.957141399383545,6.744854927062988,6.841819763183594,6.647891044616699,6.816608905792236,10232603
2022-01-11,5.9622802734375,6.750672817230225,6.795277118682861,6.663404941558838,6.708008766174316,7893089
2022-01-12,6.042782306671143,6.841819763183594,6.872848033905029,6.682797908782959,6.719644069671631,11217499
2022-01-13,6.037643909454346,6.836001873016357,6.89224100112915,6.752612113952637,6.841819763183594,10542510
2022-01-14,6.013664722442627,6.808852195739746,6.880606174468994,6.779761791229248,6.836001873016357,4884258
2022-01-17,6.065049648284912,6.867031097412109,6.95623779296875,6.793336868286133,6.830183982849121,5498915
2022-01-18,5.97084379196167,6.760368824005127,6.89224100112915,6.740976810455322,6.832122802734375,6114604
2022-01-19,6.113007545471191,6.92133092880249,6.973691940307617,6.795277118682861,6.814670085906982,7952389
2022-01-20,6.166104316711426,6.981449127197266,7.1075029373168945,6.954298973083496,6.960115909576416,8135961
2022-01-21,6.166104316711426,6.981449127197266,7.078413009643555,6.9077558517456055,6.952359199523926,9006897
2022-01-24,6.071899890899658,6.8747878074646,7.0357489585876465,6.777822971343994,6.9116339683532715,8486604
2022-01-25,6.104442596435547,6.9116339683532715,6.915513038635254,6.642073154449463,6.7623090744018555,16431774
2022-01-26,6.205498695373535,7.026051998138428,7.17537784576416,6.8747878074646,6.925209045410156,23023357
2022-01-27,6.337385654449463,7.17537784576416,7.231616973876953,7.072595119476318,7.126895904541016,16125992
2022-01-28,6.251744747161865,7.078413009643555,7.204466819763184,7.024113178253174,7.128835201263428,14650711
2022-01-31,6.399045944213867,7.245192050933838,7.297553062438965,7.031869888305664,7.062899112701416,13324969
2022-02-01,6.3408098220825195,7.179255962371826,7.375124931335449,7.144349098205566,7.278160095214844,13140881
2022-02-02,6.238042831420898,7.062899112701416,7.204466819763184,7.002780914306641,7.1598639488220215,11510905
2022-02-03,6.2842888832092285,7.115260124206543,7.152105808258057,6.973691940307617,7.070655822753906,13575576
2022-02-04,6.143837928771973,6.95623779296875,7.13853120803833,6.905816078186035,7.13853120803833,9600413
2022-02-07,6.09930419921875,6.905816078186035,7.000842094421387,6.8592729568481445,6.950419902801514,6405947
2022-02-08,6.133560657501221,6.944602012634277,7.031869888305664,6.797215938568115,6.826304912567139,7393937
2022-02-09,6.131848335266113,6.942663192749023,7.074534893035889,6.899998188018799,7.010538101196289,10193929
2022-02-10,6.162679195404053,6.977570056915283,7.049324035644531,6.913572788238525,6.929088115692139,6977290
2022-02-11,6.174667835235596,6.991145133972168,7.1075029373168945,6.938784122467041,7.031869888305664,12479300
2022-02-14,6.068474769592285,6.870909214019775,7.043506145477295,6.822426795959473,6.998901844024658,11193779
2022-02-15,6.239754676818848,7.06483793258667,7.070655822753906,6.839879989624023,6.938784122467041,7986422
2022-02-16,6.306554794311523,7.1404709815979,7.192831039428711,7.072595119476318,7.117198944091797,10241885
2022-02-17,6.41274881362915,7.260706901550293,7.31888484954834,7.0396270751953125,7.142409801483154,20327011
2022-02-18,6.481260299682617,7.338277816772461,7.491481781005859,7.218041896820068,7.272342205047607,15329825
2022-02-21,6.710776329040527,7.598143100738525,7.656322002410889,7.342156887054443,7.398396015167236,18035453
2022-02-22,6.80155611038208,7.700925827026367,7.778497219085693,7.574872016906738,7.623353958129883,16275532
2022-02-23,6.803268909454346,7.702865123748779,7.811464786529541,7.667957782745361,7.667957782745361,11745011
2022-02-24,6.888909339904785,7.799829959869385,7.844432830810547,7.497300148010254,7.5612969398498535,14822423
2022-02-25,7.092733383178711,8.03060531616211,8.17799186706543,7.747468948364258,7.747468948364258,24952928
2022-03-02,7.1578192710876465,8.104297637939453,8.158598899841309,7.803708076477051,8.03060531616211,24138197
2022-03-03,7.21434211730957,8.168294906616211,8.24974536895752,8.017029762268066,8.100419998168945,19741746
2022-03-04,7.260588645935059,8.220656394958496,8.24974536895752,8.042241096496582,8.168294906616211,12970201
2022-03-07,7.091019630432129,8.028665542602539,8.207080841064453,7.908430099487305,7.978243827819824,14950305
2022-03-08,7.041348934173584,7.972426891326904,8.081027030944824,7.801768779754639,8.053876876831055,17760610
2022-03-09,7.4318695068359375,8.41458511352539,8.432039260864258,7.974366188049316,8.011212348937988,19863440
2022-03-10,7.243459701538086,8.201263427734375,8.338953018188477,8.104297637939453,8.292409896850586,14735794
2022-03-11,7.166383266448975,8.113994598388672,8.245866775512695,8.048059463500977,8.240049362182617,10047484
2022-03-14,7.2674384117126465,8.228412628173828,8.337013244628906,8.086845397949219,8.203202247619629,14339773
2022-03-15,7.318823337554932,8.286591529846191,8.300167083740234,8.108177185058594,8.143083572387695,11916207
2022-03-16,7.413028240203857,8.393253326416016,8.393253326416016,8.191567420959473,8.300167083740234,12103905
2022-03-17,7.59287166595459,8.596878051757812,8.649238586425781,8.379677772521973,8.416523933410645,19102337
2022-03-18,7.7350358963012695,8.757840156555176,8.868378639221191,8.581363677978516,8.583303451538086,27769420
2022-03-21,7.793271064758301,8.823776245117188,8.911044120788574,8.711297035217285,8.744264602661133,15705220
2022-03-22,7.878911018371582,8.920740127563477,8.920740127563477,8.784990310668945,8.810200691223145,11227296
2022-03-23,7.8326640129089355,8.868378639221191,8.928497314453125,8.794686317443848,8.866439819335938,9168812
2022-03-24,7.904603004455566,8.949830055236816,8.949830055236816,8.827653884887695,8.916861534118652,16353395
2022-03-25,7.680225372314453,8.695781707763672,8.792746543884277,8.507671356201172,8.701600074768066,19341084
2022-03-28,7.550052642822266,8.548396110534668,8.767536163330078,8.49797534942627,8.67638874053955,17120170
2022-03-29,7.697352409362793,8.715174674987793,8.87613582611084,8.542577743530273,8.670572280883789,16064114
2022-03-30,7.74873685836792,8.773353576660156,8.810200691223145,8.66087532043457,8.71711540222168,13842169
2022-03-31,8.171801567077637,9.252359390258789,9.252359390258789,8.755900382995605,8.75977897644043,38666184
2022-04-01,8.781560897827148,9.942747116088867,10.033892631530762,9.300841331481934,9.324112892150879,53402494
2022-04-04,8.829520225524902,9.997047424316406,10.049407958984375,9.698395729064941,9.923354148864746,24761105
2022-04-05,8.754156112670898,9.911718368530273,10.103708267211914,9.783724784851074,10.014500617980957,17348088
2022-04-06,8.618844032287598,9.758514404296875,9.95244312286377,9.58979606628418,9.847721099853516,16573579
2022-04-07,8.872340202331543,10.04552936553955,10.084315299987793,9.690638542175293,9.715849876403809,30686465
2022-04-08,8.846647262573242,10.016440391540527,10.028076171875,9.843843460083008,9.997047424316406,15191115
2022-04-11,8.79183578491211,9.954381942749023,10.152190208435059,9.85353946685791,9.890385627746582,10189288
2022-04-12,8.651387214660645,9.795360565185547,10.053285598754883,9.774027824401855,10.053285598754883,15789271
2022-04-13,8.697632789611816,9.847721099853516,9.880688667297363,9.71003246307373,9.754634857177734,10937499
2022-04-14,8.611992835998535,9.750757217407227,9.834145545959473,9.677063941955566,9.801177978515625,11647037
2022-04-18,8.60000228881836,9.737181663513184,9.843843460083008,9.665428161621094,9.715849876403809,7995188
2022-04-19,8.269431114196777,9.362898826599121,9.717788696289062,9.295022964477539,9.677063941955566,25435062
2022-04-20,8.110139846801758,9.182543754577637,9.366777420043945,9.103034019470215,9.28726577758789,33353418
2022-04-22,7.947423934936523,8.998311996459961,9.060368537902832,8.947890281677246,9.004130363464355,19950585
2022-04-25,8.002233505249023,9.060368537902832,9.075882911682129,8.889711380004883,8.942071914672852,15008058
2022-04-26,7.904603004455566,8.949830055236816,9.004130363464355,8.874197006225586,8.920740127563477,13841653
2022-04-27,7.909740924835205,8.955647468566895,9.081701278686523,8.852865219116211,9.075882911682129,17123779
2022-04-28,7.930295467376709,8.97891902923584,9.062308311462402,8.852865219116211,8.92267894744873,14782718
2022-04-29,7.78564977645874,8.635663986206055,8.969222068786621,8.635663986206055,8.967283248901367,17451219
2022-05-02,7.8381028175354,8.693842887878418,8.765597343444824,8.548396110534668,8.670572280883789,19264252
2022-05-03,7.8118767738342285,8.664753913879395,8.740386009216309,8.608513832092285,8.637603759765625,19920677
2022-05-04,7.918527126312256,8.783049583435059,8.823776245117188,8.439796447753906,8.583303451538086,33135298
2022-05-05,7.672002792358398,8.509610176086426,8.666692733764648,8.406827926635742,8.620149612426758,19882519
2022-05-06,7.710468769073486,8.552274703979492,8.622089385986328,8.453371047973633,8.525124549865723,21905423
2022-05-09,7.909786224365234,8.773353576660156,8.856743812561035,8.474702835083008,8.51348876953125,25092154
2022-05-10,8.044413566589355,8.92267894744873,9.000250816345215,8.781110763549805,8.794686317443848,15812991
2022-05-11,7.897548198699951,8.75977897644043,8.947890281677246,8.742324829101562,8.92267894744873,11444901
2022-05-12,7.878316402435303,8.738447189331055,8.874197006225586,8.639542579650879,8.689964294433594,16500872
2022-05-13,7.915031909942627,8.77917194366455,8.944011688232422,8.707418441772461,8.783049583435059,13342502
2022-05-16,7.920278072357178,8.784990310668945,8.835411071777344,8.722931861877441,8.767536163330078,14316569
2022-05-17,8.042665481567383,8.920740127563477,9.072005271911621,8.850926399230957,8.862561225891113,23899966
2022-05-18,7.7926435470581055,8.643421173095703,8.920740127563477,8.583303451538086,8.920740127563477,17661605
2022-05-19,8.009446144104004,8.883893966674805,8.895528793334961,8.596878051757812,8.625967979431152,24141291
2022-05-20,8.035672187805176,8.912982940673828,9.130184173583984,8.77917194366455,8.965344429016113,18765101
2022-05-23,8.334649085998535,9.24460220336914,9.327990531921387,8.891651153564453,9.039036750793457,29894423
2022-05-24,8.41332721710205,9.331870079040527,9.355140686035156,9.033219337463379,9.209694862365723,20799349
2022-05-25,8.465781211853027,9.39004898071289,9.438530921936035,9.250419616699219,9.277569770812988,16460135
2022-05-26,8.41507625579834,9.333808898925781,9.393926620483398,9.184483528137207,9.366777420043945,15920247
2022-05-27,8.318913459777832,9.227148056030273,9.343505859375,9.130184173583984,9.29696273803711,19528266
2022-05-30,8.147570610046387,9.037097930908203,9.409441947937012,8.726811408996582,9.256237983703613,37141916
2022-05-31,8.004199981689453,8.87807559967041,9.137941360473633,8.837350845336914,9.031279563903809,49323169
2022-06-01,7.929018974304199,8.794686317443848,8.961464881896973,8.788867950439453,8.88001537322998,27051117
2022-06-02,8.02692985534668,8.903286933898926,8.930437088012695,8.713235855102539,8.874197006225586,18261824
2022-06-03,8.068891525268555,8.949830055236816,9.002189636230469,8.819896697998047,8.819896697998047,11356209
2022-06-06,7.9360127449035645,8.80244255065918,9.037097930908203,8.655056953430176,9.035158157348633,16007908
2022-06-07,7.818870544433594,8.672511100769043,8.823776245117188,8.647299766540527,8.80632209777832,12745892
2022-06-08,7.720959186553955,8.563911437988281,8.637603759765625,8.515427589416504,8.620149612426758,7696625
2022-06-09,7.698230743408203,8.538700103759766,8.664753913879395,8.51348876953125,8.525124549865723,10112971
2022-06-10,7.526885986328125,8.348649024963379,8.536760330200195,8.29434871673584,8.4708251953125,11370132
2022-06-13,7.353794097900391,8.156659126281738,8.290470123291016,8.0771484375,8.245866775512695,15351483
2022-06-14,7.359038352966309,8.162476539611816,8.218716621398926,7.989880084991455,8.145024299621582,16095053
2022-06-15,7.448207855224609,8.261381149291992,8.305985450744629,8.137266159057617,8.243927001953125,15826914
2022-06-17,7.191192150115967,7.97630500793457,8.220656394958496,7.951094150543213,8.220656394958496,36494256
2022-06-20,7.199934482574463,7.986001968383789,8.09460163116455,7.772679805755615,8.034483909606934,9244097
2022-06-21,7.063558578491211,7.8347368240356445,8.009272575378418,7.7629828453063965,7.925883769989014,12478268
2022-06-22,7.25938081741333,8.0519380569458,8.156659126281738,7.739712238311768,7.790132999420166,17907055
2022-06-23,7.203430652618408,7.989880084991455,8.152780532836914,7.939458847045898,8.055815696716309,13915391
2022-06-24,7.311831951141357,8.110116004943848,8.170233726501465,7.875462055206299,8.011212348937988,12865523
2022-06-27,7.388761520385742,8.19544506072998,8.245866775512695,7.982122898101807,8.117873191833496,12001290
2022-06-28,7.366032123565674,8.170233726501465,8.46888542175293,8.110116004943848,8.263319969177246,20164581
2022-06-29,7.329315662384033,8.129508972167969,8.228412628173828,8.026726722717285,8.228412628173828,12672154
2022-06-30,7.3730268478393555,8.17799186706543,8.17799186706543,7.885159015655518,7.972426891326904,20696734
2022-07-01,7.518144130706787,8.338953018188477,8.406827926635742,7.968547821044922,8.183809280395508,22515955
2022-07-04,7.34330415725708,8.145024299621582,8.319560050964355,8.145024299621582,8.29822826385498,7368670
2022-07-05,7.241896152496338,8.03254508972168,8.232292175292969,7.883218765258789,8.073269844055176,22255035
2022-07-06,7.2611284255981445,8.053876876831055,8.084905624389648,7.900672912597656,7.972426891326904,11457277
2022-07-07,7.395755767822266,8.203202247619629,8.27883529663086,8.05969524383545,8.12175178527832,18500055
2022-07-08,7.437717914581299,8.24974536895752,8.449492454528809,8.174113273620605,8.226473808288574,12200332
2022-07-11,7.420232772827148,8.230352401733398,8.280774116516113,8.108177185058594,8.125631332397461,8673270
2022-07-12,7.472685813903809,8.288531303405762,8.329256057739258,8.160537719726562,8.230352401733398,8022002
2022-07-13,7.423730373382568,8.234230995178223,8.348649024963379,8.218716621398926,8.238109588623047,9793267
2022-07-14,7.401000022888184,8.209019660949707,8.234230995178223,8.1023588180542,8.1023588180542,9139420
2022-07-15,7.5548601150512695,8.379677772521973,8.443674087524414,8.061634063720703,8.164416313171387,11733151
2022-07-18,7.423730373382568,8.234230995178223,8.433978080749512,8.22453498840332,8.387434959411621,8257655
2022-07-19,7.449955463409424,8.263319969177246,8.313741683959961,8.146963119506836,8.29434871673584,7720861
2022-07-20,7.413239479064941,8.22259521484375,8.399070739746094,8.172174453735352,8.259442329406738,9519971
2022-07-21,7.409742832183838,8.218716621398926,8.263319969177246,8.127570152282715,8.160537719726562,10858089
2022-07-22,7.614306926727295,8.445613861083984,8.461128234863281,8.207080841064453,8.232292175292969,10409987
2022-07-25,7.654519081115723,8.490217208862305,8.558093070983887,8.439796447753906,8.484399795532227,10544057
2022-07-26,7.582833766937256,8.41070556640625,8.51348876953125,8.377738952636719,8.51348876953125,8831060
2022-07-27,7.677248954772949,8.515427589416504,8.525124549865723,8.397130966186523,8.46888542175293,6494124
2022-07-28,7.815371513366699,8.668631553649902,8.674449920654297,8.465006828308105,8.490217208862305,7683218
2022-07-29,7.810128211975098,8.662814140319824,8.70353889465332,8.581363677978516,8.668631553649902,8819716
2022-08-01,7.8363542556762695,8.691904067993164,8.796625137329102,8.600756645202637,8.62984561920166,11158199
2022-08-02,7.867826461791992,8.726811408996582,8.753960609436035,8.620149612426758,8.689964294433594,5760351
2022-08-03,7.939509868621826,8.80632209777832,8.864500999450684,8.662814140319824,8.746204376220703,13287842
2022-08-04,8.189532279968262,9.083641052246094,9.12436580657959,8.84898567199707,8.84898567199707,13664784
2022-08-05,8.128337860107422,9.015765190124512,9.149577140808105,8.93237590789795,9.089458465576172,10313045
2022-08-08,8.289189338684082,9.19417953491211,9.209694862365723,9.013826370239258,9.0778226852417,13884452
2022-08-09,8.144072532653809,9.033219337463379,9.312477111816406,9.000250816345215,9.221329689025879,16725696
2022-08-10,8.24722957611084,9.147637367248535,9.182543754577637,9.081701278686523,9.172847747802734,10716800
2022-08-11,8.021683692932129,8.897468566894531,9.279508590698242,8.84898567199707,9.201936721801758,13725115
2022-08-12,7.666757583618164,8.503791809082031,8.825715065002441,8.329256057739258,8.784990310668945,32991431
2022-08-15,7.80138635635376,8.653118133544922,8.715174674987793,8.402949333190918,8.48633861541748,20962811
2022-08-16,7.77166223526001,8.620149612426758,8.73262882232666,8.571667671203613,8.670572280883789,9670542
2022-08-17,8.100362777709961,8.984737396240234,8.984737396240234,8.565850257873535,8.571667671203613,17249599
2022-08-18,8.123092651367188,9.009947776794434,9.182543754577637,8.907164573669434,8.984737396240234,9467375
2022-08-19,8.142325401306152,9.031279563903809,9.186423301696777,8.9246187210083,8.936253547668457,18447974
2022-08-22,8.105608940124512,8.990554809570312,9.04873275756836,8.881954193115234,8.957587242126465,9550911
2022-08-23,8.250725746154785,9.15151596069336,9.188362121582031,8.938194274902344,8.990554809570312,14409902
2022-08-24,8.343392372131348,9.254298210144043,9.327990531921387,9.112730026245117,9.112730026245117,15360764
2022-08-25,8.472773551940918,9.397806167602539,9.397806167602539,9.155393600463867,9.281448364257812,22444279
2022-08-26,8.334649085998535,9.24460220336914,9.434652328491211,9.209694862365723,9.434652328491211,12515911
2022-08-29,8.408082962036133,9.326051712036133,9.436592102050781,9.16896915435791,9.178666114807129,12940293
2022-08-30,8.374861717224121,9.289205551147461,9.46374225616455,9.24072265625,9.405563354492188,12146188
2022-08-31,8.593413352966309,9.531617164611816,9.611127853393555,9.322173118591309,9.364837646484375,33697874
2022-09-01,8.567188262939453,9.502528190612793,9.667366981506348,9.39004898071289,9.620823860168457,21781666
2022-09-02,8.633627891540527,9.576221466064453,9.655732154846191,9.407502174377441,9.519981384277344,23137832
2022-09-05,8.824202537536621,9.787603378295898,9.85547924041748,9.56264591217041,9.690638542175293,13615282
2022-09-06,8.584671020507812,9.521920204162598,9.737181663513184,9.446288108825684,9.696456909179688,23190944
2022-09-08,9.014780044555664,9.99898624420166,10.002864837646484,9.611127853393555,9.715849876403809,35141700
2022-09-09,9.273543357849121,10.286001205444336,10.371330261230469,9.99898624420166,10.006743431091309,24086632
2022-09-12,9.126678466796875,10.123101234436035,10.460537910461426,10.095951080322266,10.351937294006348,17956558
2022-09-13,9.020024299621582,10.004803657531738,10.140554428100586,9.913657188415527,10.002864837646484,18704254
2022-09-14,8.960577964782715,9.938867568969727,9.99898624420166,9.861295700073242,9.973774909973145,16320909
2022-09-15,8.58292293548584,9.519981384277344,9.903961181640625,9.403623580932617,9.903961181640625,36193631
2022-09-16,8.234989166259766,9.134061813354492,9.279508590698242,8.808260917663574,9.155393600463867,91416893
2022-09-19,8.422069549560547,9.34156608581543,9.347384452819824,8.895528793334961,9.017704963684082,24849282
2022-09-20,8.373113632202148,9.28726577758789,9.434652328491211,9.12436580657959,9.357081413269043,17562084
2022-09-21,8.234989166259766,9.134061813354492,9.306658744812012,9.083641052246094,9.238783836364746,24161917
2022-09-22,8.310172080993652,9.217452049255371,9.277569770812988,9.029339790344238,9.22520923614502,19193092
2022-09-23,8.112602233886719,8.998311996459961,9.22520923614502,8.92267894744873,9.066186904907227,23314185
2022-09-26,7.7034759521484375,8.54451847076416,8.965344429016113,8.51736831665039,8.9246187210083,29521607
2022-09-27,7.64053201675415,8.474702835083008,8.62984561920166,8.379677772521973,8.62984561920166,41711110
2022-09-28,8.058402061462402,8.938194274902344,9.05067253112793,8.62984561920166,8.697722434997559,40106916
2022-09-29,8.112602233886719,8.998311996459961,9.031279563903809,8.643421173095703,8.903286933898926,28020543
2022-09-30,8.67209243774414,9.618885040283203,9.715849876403809,9.085579872131348,9.085579872131348,54076967
2022-10-03,10.140752792358398,11.24789047241211,11.63187026977539,10.666102409362793,11.09274673461914,134417135
2022-10-04,10.123268127441406,11.228496551513672,11.46509075164795,10.98996353149414,11.298311233520508,46836178
2022-10-05,10.123268127441406,11.228496551513672,11.422426223754883,11.112138748168945,11.18971061706543,24074772
2022-10-06,10.000880241394043,11.09274673461914,11.306069374084473,11.059779167175293,11.234314918518066,24781215
2022-10-07,10.039344787597656,11.135411262512207,11.1664400100708,10.9259672164917,11.052021026611328,42763556
2022-10-10,10.163481712341309,11.273100852966309,11.321582794189453,11.055899620056152,11.180014610290527,16377631
2022-10-11,10.042841911315918,11.139289855957031,11.391397476196289,11.026810646057129,11.275039672851562,27084634
2022-10-13,9.82429027557373,10.896878242492676,11.052021026611328,10.633133888244629,11.015174865722656,58445573
2022-10-14,9.5637788772583,10.607924461364746,10.933725357055664,10.530351638793945,10.896878242492676,35042180
2022-10-17,9.812051773071289,10.883302688598633,11.050082206726074,10.627317428588867,10.666102409362793,29539654
2022-10-18,9.861007690429688,10.937602996826172,11.081110954284668,10.683555603027344,11.081110954284668,20215115
2022-10-19,9.93269157409668,11.01711368560791,11.102442741394043,10.883302688598633,10.937602996826172,13744195
2022-10-20,9.902969360351562,10.984146118164062,11.148985862731934,10.82706356048584,11.112138748168945,18189633
2022-10-21,10.270133972167969,11.391397476196289,11.476725578308105,10.867789268493652,10.9007568359375,34569326
2022-10-24,10.221179008483887,11.33709716796875,11.379761695861816,11.148985862731934,11.278919219970703,17069120
2022-10-25,10.12851333618164,11.234314918518066,11.397214889526367,11.180014610290527,11.354551315307617,16450338
2022-10-26,9.939685821533203,11.024870872497559,11.20910358428955,10.902695655822754,11.032629013061523,23838087
2022-10-27,10.163481712341309,11.273100852966309,11.391397476196289,11.04814338684082,11.116018295288086,30417295
2022-10-28,10.41000747680664,11.546541213989258,11.635747909545898,11.148985862731934,11.257585525512695,33552976
2022-10-31,10.507917404174805,11.65514087677002,11.96348762512207,11.321582794189453,11.829676628112793,66301535
2022-11-01,10.539389610290527,11.690048217773438,11.849069595336914,11.459273338317871,11.676472663879395,26966034
2022-11-03,10.490432739257812,11.635747909545898,11.688109397888184,11.41079044342041,11.463150978088379,12579336
2022-11-04,10.429239273071289,11.567873001098633,11.866523742675781,11.51163387298584,11.765681266784668,14997230
2022-11-07,10.16173267364502,11.271161079406738,11.534905433654785,11.181954383850098,11.399154663085938,20443033
2022-11-08,10.21069049835205,11.325462341308594,11.381701469421387,11.024870872497559,11.2168607711792,17432140
2022-11-09,10.084803581237793,11.185832977294922,11.453454971313477,11.053960800170898,11.29055404663086,15244743
2022-11-10,9.689664840698242,10.747552871704102,11.141228675842285,10.666102409362793,11.110199928283691,29342675
2022-11-11,9.895975112915039,10.976388931274414,11.226557731628418,10.735917091369629,10.860032081604004,34103177
2022-11-14,10.109282493591309,11.212983131408691,11.3196439743042,10.94536018371582,11.102442741394043,19341084
2022-11-16,9.965912818908691,11.053960800170898,11.300251007080078,10.920149803161621,11.214921951293945,28679546
2022-11-17,9.63546371459961,10.687435150146484,10.860032081604004,10.36357307434082,10.840639114379883,40974759
2022-11-18,9.652947425842285,10.706828117370605,10.821246147155762,10.602106094360352,10.799914360046387,20785942
2022-11-21,10.359302520751953,11.490301132202148,11.525209426879883,10.912391662597656,10.92790699005127,39532479
2022-11-22,10.291115760803223,11.414669036865234,11.680352210998535,11.360368728637695,11.55817699432373,25719703
2022-11-23,10.315594673156738,11.441819190979004,11.4825439453125,11.294432640075684,11.443758010864258,15405626
2022-11-24,10.574356079101562,11.72883415222168,11.818041801452637,11.50969409942627,11.55623722076416,15294245
2022-11-25,10.506170272827148,11.653202056884766,11.96348762512207,11.40885066986084,11.62799072265625,22732013
2022-11-28,10.520157814025879,11.668716430664062,11.787013053894043,11.492240905761719,11.707502365112305,15884667
2022-11-29,10.462458610534668,11.604719161987305,11.713319778442383,11.432123184204102,11.647383689880371,16509122
2022-11-30,10.5411376953125,11.691987991333008,11.691987991333008,11.459273338317871,11.596961975097656,37349208
2022-12-01,10.530647277832031,11.680352210998535,11.818041801452637,11.519391059875488,11.614416122436523,10725051
2022-12-02,10.625062942504883,11.785074234008789,11.96348762512207,11.548480033874512,11.752105712890625,12435469
2022-12-05,10.355806350708008,11.486422538757324,11.788951873779297,11.424365043640137,11.75792407989502,10910686
2022-12-06,9.890728950500488,10.97057056427002,11.635747909545898,10.817366600036621,11.53878402709961,45010253
2022-12-07,10.04633903503418,11.143168449401855,11.242072105407715,10.906575202941895,10.906575202941895,16388459
2022-12-08,9.84701919555664,10.922088623046875,11.143168449401855,10.664162635803223,11.096625328063965,25896571
2022-12-09,9.75085735321045,10.815427780151367,11.07335376739502,10.735917091369629,10.929845809936523,18776961
2022-12-12,9.518319129943848,10.557501792907715,10.943421363830566,10.423690795898438,10.80185317993164,29002860
2022-12-13,9.441390037536621,10.472172737121582,10.796034812927246,10.377147674560547,10.557501792907715,31318655
2022-12-14,9.623224258422852,10.673859596252441,10.693252563476562,10.26272964477539,10.365511894226074,37120774
2022-12-15,9.673927307128906,10.730098724365234,10.922088623046875,10.505141258239746,10.590470314025879,15508241
2022-12-16,9.402925491333008,10.429509162902832,10.815427780151367,10.212307929992676,10.730098724365234,74877863
2022-12-19,9.572521209716797,10.617620468139648,10.65252685546875,10.33642292022705,10.33642292022705,13055283
2022-12-20,9.831284523010254,10.904635429382324,11.034567832946777,10.46247673034668,10.592409133911133,22590725
2022-12-21,9.703651428222656,10.763067245483398,11.015174865722656,10.673859596252441,10.904635429382324,19134823
2022-12-22,9.937936782836914,11.022932052612305,11.302189826965332,10.953118324279785,11.083049774169922,31233572
2022-12-23,10.159985542297363,11.269222259521484,11.370064735412598,10.904635429382324,10.94536018371582,11865158
2022-12-26,10.051582336425781,11.148985862731934,11.222679138183594,11.02099323272705,11.156743049621582,4440797
2022-12-27,9.874994277954102,10.953118324279785,11.211043357849121,10.832881927490234,11.197467803955078,8568077
2022-12-28,10.025357246398926,11.11989688873291,11.203286170959473,10.861970901489258,11.032629013061523,13200181
2022-12-29,9.993885040283203,11.084988594055176,11.265342712402344,10.943421363830566,11.199407577514648,16535936
2023-01-02,9.34522819519043,10.365511894226074,10.968631744384766,10.24527645111084,10.92790699005127,15419549
2023-01-03,9.256057739257812,10.266608238220215,10.701009750366211,10.18709659576416,10.571077346801758,19619536
2023-01-04,9.327743530273438,10.346118927001953,10.470233917236328,10.181280136108398,10.338361740112305,10222805
2023-01-05,9.560281753540039,10.604044914245605,10.683555603027344,10.309272766113281,10.408177375793457,17999357
2023-01-06,9.603991508483887,10.65252685546875,10.737855911254883,10.541988372802734,10.60598373413086,8596438
2023-01-09,9.621475219726562,10.671919822692871,10.817366600036621,10.47992992401123,10.623437881469727,11627958
2023-01-10,9.649450302124023,10.702948570251465,10.747552871704102,10.510958671569824,10.510958671569824,9837613
2023-01-11,9.761348724365234,10.82706356048584,10.856152534484863,10.596287727355957,10.689373970031738,19310145
2023-01-12,9.645953178405762,10.69906997680664,10.966692924499512,10.621499061584473,10.815427780151367,24426962
2023-01-13,9.5637788772583,10.607924461364746,10.722341537475586,10.53617000579834,10.588530540466309,10155771
2023-01-16,9.590004920959473,10.63701343536377,10.695192337036133,10.441144943237305,10.683555603027344,8693381
2023-01-17,9.6774263381958,10.733978271484375,10.792156219482422,10.596287727355957,10.664162635803223,29954239
2023-01-18,9.649450302124023,10.702948570251465,10.856152534484863,10.648649215698242,10.7979736328125,23747848
2023-01-19,9.675676345825195,10.732037544250488,10.817366600036621,10.60986328125,10.615680694580078,9928368
2023-01-20,9.371455192565918,10.394601821899414,10.757248878479004,10.258851051330566,10.716524124145508,24710055
2023-01-23,9.159896850585938,10.159947395324707,10.452779769897461,10.07461929321289,10.38684368133545,23954625
2023-01-24,9.411666870117188,10.439205169677734,10.439205169677734,10.165764808654785,10.220065116882324,16257484
2023-01-25,9.53580379486084,10.576894760131836,10.576894760131836,10.322848320007324,10.410116195678711,15048279
2023-01-26,9.451881408691406,10.483809471130371,10.658345222473145,10.415933609008789,10.607924461364746,9322992
2023-01-27,9.371455192565918,10.394601821899414,10.590470314025879,10.31702995300293,10.565258979797363,12042542
2023-01-30,9.451881408691406,10.483809471130371,10.675799369812012,10.39072322845459,10.415933609008789,10506414
2023-01-31,9.7316255569458,10.794095993041992,10.832881927490234,10.540047645568848,10.540047645568848,23035733
2023-02-01,9.721135139465332,10.78246021270752,10.943421363830566,10.633133888244629,10.737855911254883,15438112
2023-02-02,9.74036693572998,10.803791999816895,10.980267524719238,10.704888343811035,10.749491691589355,13987582
2023-02-03,9.35396957397461,10.375208854675293,10.778580665588379,10.326725959777832,10.768884658813477,15693360
2023-02-06,9.357467651367188,10.379087448120117,10.394601821899414,10.119221687316895,10.394601821899414,13649830
2023-02-07,9.034011840820312,10.020318031311035,10.456659317016602,9.966017723083496,10.456659317016602,16871110
2023-02-08,9.187872886657715,10.1909761428833,10.284062385559082,10.02613639831543,10.084315299987793,19704619
2023-02-09,9.105695724487305,10.099828720092773,10.402359008789062,10.030014991760254,10.208430290222168,49164863
2023-02-10,9.266550064086914,10.278244018554688,10.320908546447754,10.037772178649902,10.037772178649902,9284834
2023-02-13,9.35396957397461,10.375208854675293,10.43338680267334,10.220065116882324,10.272425651550293,9692715
2023-02-14,9.528809547424316,10.569137573242188,10.815427780151367,10.36357307434082,10.388784408569336,24616207
2023-02-15,9.51132583618164,10.549744606018066,10.792156219482422,10.43338680267334,10.510958671569824,19272502
2023-02-16,9.623224258422852,10.673859596252441,10.685495376586914,10.322848320007324,10.460537910461426,15265369
2023-02-17,9.62497329711914,10.675799369812012,10.817366600036621,10.571077346801758,10.623437881469727,16170338
2023-02-22,9.332987785339355,10.351937294006348,10.660284996032715,10.24333667755127,10.604044914245605,11240703
2023-02-23,9.215846061706543,10.222004890441895,10.425629615783691,10.125040054321289,10.410116195678711,13098598
2023-02-24,9.212348937988281,10.21812629699707,10.31702995300293,10.140554428100586,10.24333667755127,10880262
2023-02-27,9.329493522644043,10.348058700561523,10.413994789123535,10.173521995544434,10.222004890441895,12322026
2023-02-28,9.047999382019043,10.035833358764648,10.425629615783691,10.02613639831543,10.346118927001953,30549302
2023-03-01,9.105695724487305,10.099828720092773,10.282122611999512,9.956321716308594,10.27436637878418,18100941
2023-03-02,9.068979263305664,10.059103965759277,10.286001205444336,10.02419662475586,10.05522632598877,10108846
2023-03-03,8.990301132202148,9.97183609008789,10.132797241210938,9.938867568969727,10.064922332763672,5466429
2023-03-06,9.011282920837402,9.995107650756836,10.092071533203125,9.797300338745117,9.991229057312012,10968954
2023-03-07,9.074225425720215,10.064922332763672,10.107586860656738,9.921415328979492,9.931111335754395,6653976
2023-03-08,9.294523239135742,10.309272766113281,10.326725959777832,10.064922332763672,10.128918647766113,15520101
2023-03-09,9.1144380569458,10.109525680541992,10.355815887451172,9.995107650756836,10.299575805664062,16112070
2023-03-10,8.883648872375488,9.85353946685791,10.094011306762695,9.743000030517578,10.035833358764648,15331888
2023-03-13,9.053244590759277,10.041650772094727,10.111465454101562,9.684821128845215,9.783724784851074,23503429
2023-03-14,9.17563247680664,10.177400588989258,10.26272964477539,10.014500617980957,10.028076171875,10438348
2023-03-15,9.331241607666016,10.349998474121094,10.423690795898438,9.97183609008789,10.068800926208496,13296093
2023-03-16,9.35396957397461,10.375208854675293,10.483809471130371,10.249155044555664,10.357754707336426,15521648
2023-03-17,9.047999382019043,10.035833358764648,10.28987979888916,9.960200309753418,10.278244018554688,27653914
2023-03-20,8.82595157623291,9.789543151855469,10.016440391540527,9.727484703063965,9.973774909973145,11743980
2023-03-21,8.64411735534668,9.58785629272461,9.822510719299316,9.518041610717773,9.822510719299316,16992804
2023-03-22,8.67209243774414,9.618885040283203,9.774027824401855,9.512224197387695,9.58979606628418,15407173
2023-03-23,8.42906379699707,9.349324226379395,9.73524284362793,9.201936721801758,9.680941581726074,13848872
2023-03-24,8.273456573486328,9.176727294921875,9.364837646484375,8.726811408996582,9.349324226379395,39404082
2023-03-27,8.504244804382324,9.43271255493164,9.500588417053223,9.174786567687988,9.2155122756958,20737470
2023-03-28,8.684330940246582,9.63245964050293,9.71003246307373,9.36095905303955,9.409441947937012,17810113
2023-03-29,8.722796440124512,9.675125122070312,9.719728469848633,9.465681076049805,9.63245964050293,16925253
2023-03-30,8.906377792358398,9.87874984741211,10.006743431091309,9.704214096069336,9.820570945739746,15356639
2023-03-31,8.848679542541504,9.814752578735352,9.934989929199219,9.704214096069336,9.890385627746582,10304278
2023-04-03,8.811963081359863,9.774027824401855,9.919474601745605,9.646035194396973,9.861295700073242,22116325
2023-04-04,8.880152702331543,9.849660873413086,9.977654457092285,9.785663604736328,9.867114067077637,8792386
2023-04-05,8.719298362731934,9.671245574951172,9.832206726074219,9.500588417053223,9.832206726074219,27599771
2023-04-06,8.776996612548828,9.73524284362793,9.841903686523438,9.649913787841797,9.669306755065918,9757171
2023-04-10,8.61439323425293,9.554887771606445,9.812813758850098,9.41719913482666,9.783724784851074,30893757
2023-04-11,8.916868209838867,9.890385627746582,10.002864837646484,9.692578315734863,9.744938850402832,20735408
2023-04-12,8.981559753417969,9.962140083312988,10.09788990020752,9.85547924041748,9.909778594970703,13975207
2023-04-13,8.974564552307129,9.954381942749023,10.037772178649902,9.845782279968262,10.006743431091309,11100446
2023-04-14,8.677336692810059,9.624703407287598,9.917535781860352,9.578160285949707,9.900081634521484,31678064
2023-04-17,8.56019401550293,9.494770050048828,9.640216827392578,9.345444679260254,9.63633918762207,18283481
2023-04-18,8.315417289733887,9.223270416259766,9.547130584716797,9.223270416259766,9.547130584716797,15218960
2023-04-19,8.411578178405762,9.329931259155273,9.366777420043945,9.06812572479248,9.201936721801758,18869778
2023-04-20,8.488509178161621,9.41525936126709,9.438530921936035,9.24460220336914,9.3687162399292,18574309
2023-04-24,8.509489059448242,9.438530921936035,9.593673706054688,9.347384452819824,9.399744987487793,21042221
2023-04-25,8.53046989440918,9.461801528930664,9.512224197387695,9.291145324707031,9.349324226379395,20029996
2023-04-26,8.380107879638672,9.295022964477539,9.527737617492676,9.289205551147461,9.407502174377441,20283696
2023-04-27,8.117847442626953,9.004130363464355,9.320234298706055,8.903286933898926,9.295022964477539,31868340
2023-04-28,8.065394401550293,8.945951461791992,9.054551124572754,8.788867950439453,9.054551124572754,26701504
2023-05-02,7.99814510345459,8.625967979431152,8.82959270477295,8.523184776306152,8.728750228881836,13240402
2023-05-03,7.933411598205566,8.556153297424316,8.649238586425781,8.490217208862305,8.552274703979492,12067294
2023-05-04,8.294839859008789,8.945951461791992,9.002189636230469,8.637603759765625,8.649238586425781,20995297
2023-05-05,8.242691993713379,8.889711380004883,9.042915344238281,8.734567642211914,8.988615036010742,20924137
2023-05-08,8.262472152709961,8.911044120788574,9.002189636230469,8.761717796325684,8.969222068786621,15933138
2023-05-09,8.296636581420898,8.947890281677246,9.05067253112793,8.87807559967041,8.87807559967041,6990697
2023-05-10,8.632890701293945,9.310538291931152,9.357081413269043,8.885832786560059,8.897468566894531,25911525
2023-05-11,8.713808059692383,9.397806167602539,9.541313171386719,9.213573455810547,9.213573455810547,20107859
2023-05-12,9.346752166748047,10.080435752868652,10.173521995544434,9.541313171386719,9.696456909179688,47194041
2023-05-15,9.416881561279297,10.156068801879883,10.305394172668457,10.082375526428223,10.119221687316895,12106483
2023-05-16,9.156149864196777,9.874872207641602,10.18709659576416,9.841903686523438,10.103708267211914,14513548
2023-05-17,9.091415405273438,9.80505657196045,10.078496932983398,9.756574630737305,9.940807342529297,9387964
2023-05-18,9.168736457824707,9.888446807861328,9.919474601745605,9.686759948730469,9.793420791625977,14859035
2023-05-19,9.17593002319336,9.896203994750977,9.995107650756836,9.82444953918457,9.872932434082031,17815269
2023-05-22,9.141763687133789,9.859356880187988,10.006743431091309,9.797300338745117,9.983471870422363,5456632
2023-05-23,9.077032089233398,9.789543151855469,10.006743431091309,9.690638542175293,9.80699634552002,6695744
2023-05-24,8.996115684509277,9.702275276184082,9.80699634552002,9.638278007507324,9.717788696289062,9709731
2023-05-25,9.229873657226562,9.954381942749023,9.962140083312988,9.729425430297852,9.89814281463623,12509207
2023-05-26,9.61827278137207,10.373269081115723,10.454719543457031,10.004803657531738,10.02419662475586,33907229
2023-05-29,9.51937484741211,10.266608238220215,10.413994789123535,10.220065116882324,10.413994789123535,7404250
2023-05-30,9.44205379486084,10.183218955993652,10.425629615783691,10.138614654541016,10.3441801071167,11115915
2023-05-31,9.449247360229492,10.1909761428833,10.332544326782227,10.090132713317871,10.258851051330566,29750041
2023-06-01,9.404294967651367,10.142494201660156,10.239458084106445,9.923354148864746,10.220065116882324,13362096
2023-06-02,9.549942970275879,10.299575805664062,10.441144943237305,10.159947395324707,10.272425651550293,14524892
2023-06-05,9.393505096435547,10.130858421325684,10.367451667785645,10.05522632598877,10.357754707336426,10667298
2023-06-06,9.665024757385254,10.423690795898438,10.464415550231934,10.169644355773926,10.169644355773926,10475475
2023-06-07,9.585906028747559,10.338361740112305,10.67967700958252,10.305394172668457,10.569137573242188,13665815
2023-06-09,9.79628849029541,10.565258979797363,10.644769668579102,10.342241287231445,10.404297828674316,13388395
2023-06-12,9.835848808288574,10.607924461364746,10.737855911254883,10.460537910461426,10.685495376586914,13816386
2023-06-13,9.659629821777344,10.41787338256836,10.683555603027344,10.355815887451172,10.646710395812988,9060010
2023-06-14,9.670418739318848,10.429509162902832,10.584651947021484,10.291818618774414,10.470233917236328,24802873
2023-06-15,9.600292205810547,10.353877067565918,10.48962688446045,10.256912231445312,10.48962688446045,15581464
2023-06-16,9.668621063232422,10.427570343017578,10.557501792907715,10.258851051330566,10.320908546447754,25648027
2023-06-19,9.81606674194336,10.586590766906738,10.660284996032715,10.425629615783691,10.43532657623291,6053757
2023-06-20,9.968911170959473,10.751431465148926,10.778580665588379,10.503202438354492,10.586590766906738,12037901
2023-06-21,9.997681617736816,10.78246021270752,10.84451675415039,10.594348907470703,10.751431465148926,10039749
2023-06-22,9.817866325378418,10.588530540466309,10.753371238708496,10.514838218688965,10.710705757141113,9209033
2023-06-23,10.02645206451416,10.813488960266113,10.877485275268555,10.53617000579834,10.549744606018066,9459640
2023-06-26,9.871811866760254,10.646710395812988,10.87166690826416,10.646710395812988,10.807670593261719,11258235
2023-06-27,9.931150436401367,10.710705757141113,10.887182235717773,10.586590766906738,10.712644577026367,10131019
2023-06-28,9.837646484375,10.60986328125,10.792156219482422,10.60986328125,10.792156219482422,9609695
2023-06-29,9.986892700195312,10.770824432373047,10.811549186706543,10.619559288024902,10.664162635803223,6418839
2023-06-30,10.172100067138672,10.97057056427002,11.18971061706543,10.819306373596191,10.819306373596191,20156846
2023-07-03,10.139734268188477,10.935664176940918,11.084988594055176,10.869728088378906,10.92790699005127,21448555
2023-07-04,9.986892700195312,10.770824432373047,10.995781898498535,10.658345222473145,10.960874557495117,6592614
2023-07-05,10.069607734680176,10.860032081604004,10.964753150939941,10.668042182922363,10.763067245483398,12269429
2023-07-06,9.896985054016113,10.673859596252441,10.807670593261719,10.569137573242188,10.807670593261719,13743679
2023-07-07,10.069607734680176,10.860032081604004,10.97057056427002,10.642830848693848,10.722341537475586,11263392
2023-07-10,10.069607734680176,10.860032081604004,10.984146118164062,10.819306373596191,10.82706356048584,13552888
2023-07-11,9.889793395996094,10.666102409362793,10.780521392822266,10.470233917236328,10.780521392822266,19191029
2023-07-12,9.896985054016113,10.673859596252441,10.850335121154785,10.646710395812988,10.763067245483398,14238705
2023-07-13,9.979700088500977,10.763067245483398,10.887182235717773,10.65640640258789,10.666102409362793,9771094
2023-07-14,9.805279731750488,10.574955940246582,10.813488960266113,10.553624153137207,10.813488960266113,17566725
2023-07-17,9.745941162109375,10.510958671569824,10.60598373413086,10.452779769897461,10.574955940246582,11117978
2023-07-18,9.789095878601074,10.557501792907715,10.619559288024902,10.382966041564941,10.493504524230957,10540447
2023-07-19,9.740547180175781,10.505141258239746,10.658345222473145,10.377147674560547,10.557501792907715,18682596
2023-07-20,9.693795204162598,10.454719543457031,10.547805786132812,10.33642292022705,10.501262664794922,8503621
2023-07-21,9.931150436401367,10.710705757141113,10.792156219482422,10.412055015563965,10.501262664794922,12946996
2023-07-24,9.981497764587402,10.765006065368652,10.838699340820312,10.627317428588867,10.718462944030762,8009626
2023-07-25,10.030047416687012,10.817366600036621,11.01905345916748,10.817366600036621,10.97445011138916,7838945
2023-07-26,10.118155479431152,10.912391662597656,10.92790699005127,10.710705757141113,10.823184967041016,9359604
2023-07-27,10.15591812133789,10.953118324279785,11.003539085388184,10.786338806152344,10.995781898498535,15299917
2023-07-28,10.193679809570312,10.993843078613281,11.100503921508789,10.887182235717773,10.953118324279785,15243711
2023-07-31,10.44721794128418,11.26728343963623,11.273100852966309,10.988024711608887,11.112138748168945,16259031
2023-08-01,10.01566219329834,10.80185317993164,11.261465072631836,10.6350736618042,11.261465072631836,38467142
2023-08-02,9.940141677856445,10.720402717590332,10.953118324279785,10.714585304260254,10.7727632522583,10301185
2023-08-03,9.638051986694336,10.394601821899414,10.803791999816895,10.355815887451172,10.749491691589355,16513247
2023-08-04,9.576915740966797,10.328665733337402,10.431447982788086,10.26272964477539,10.382966041564941,11738823
2023-08-07,9.562530517578125,10.313151359558105,10.373269081115723,10.208430290222168,10.328665733337402,10071719
2023-08-08,9.668621063232422,10.427570343017578,10.499322891235352,10.103708267211914,10.105647087097168,13454914
2023-08-09,9.585906028747559,10.338361740112305,10.400420188903809,10.21812629699707,10.400420188903809,7403219
2023-08-10,9.558934211730957,10.309272766113281,10.50901985168457,10.287940979003906,10.287940979003906,11278346
2023-08-11,10.09837818145752,10.891059875488281,10.933725357055664,10.476052284240723,10.512898445129395,35886302
2023-08-14,10.100175857543945,10.892999649047852,10.991903305053711,10.710705757141113,10.860032081604004,19321489
2023-08-15,9.848434448242188,10.621499061584473,10.904635429382324,10.621499061584473,10.8755464553833,7531616
2023-08-16,10.393272399902344,11.20910358428955,11.41079044342041,10.730098724365234,10.765006065368652,52511447
2023-08-17,10.5281343460083,11.354551315307617,11.519391059875488,11.214921951293945,11.273100852966309,28090672
2023-08-18,10.76009464263916,11.604719161987305,11.606658935546875,11.098564147949219,11.354551315307617,19408635
2023-08-21,10.513748168945312,11.33903694152832,11.61247730255127,11.306069374084473,11.55817699432373,7820897
2023-08-22,10.743911743164062,11.587265968322754,11.670655250549316,11.39333724975586,11.43988037109375,12045120
2023-08-23,10.618041038513184,11.451515197753906,11.721076965332031,11.41273021697998,11.60084056854248,10290356
2023-08-24,10.643216133117676,11.478666305541992,11.707502365112305,11.379761695861816,11.571751594543457,11739854
2023-08-25,10.598261833190918,11.430183410644531,11.55817699432373,11.308008193969727,11.499998092651367,11226265
2023-08-28,10.614444732666016,11.447636604309082,11.513572692871094,11.354551315307617,11.418547630310059,8733602
2023-08-29,10.618041038513184,11.451515197753906,11.536844253540039,11.29249382019043,11.4825439453125,11008659
2023-08-30,10.56409740447998,11.39333724975586,11.593084335327148,11.36424732208252,11.505816459655762,7381561
2023-08-31,10.414851188659668,11.232376098632812,11.381701469421387,11.18971061706543,11.33709716796875,10993190
2023-09-01,10.558701515197754,11.387518882751465,11.428243637084961,11.168378829956055,11.259526252746582,8741336
2023-09-04,10.58207893371582,11.41273021697998,11.441819190979004,11.30994701385498,11.406911849975586,4069527
2023-09-05,10.531729698181152,11.358428955078125,11.45539379119873,11.20910358428955,11.333218574523926,10574480
2023-09-06,10.404062271118164,11.22074031829834,11.490301132202148,11.22074031829834,11.333218574523926,8604173
2023-09-08,10.371696472167969,11.185832977294922,11.240133285522461,11.083049774169922,11.22074031829834,7952904
2023-09-11,10.609050750732422,11.441819190979004,11.527148246765137,11.20910358428955,11.278919219970703,13081066
2023-09-12,10.695362091064453,11.534905433654785,11.567873001098633,11.370064735412598,11.474786758422852,10646672
2023-09-13,10.80324935913086,11.651262283325195,11.682291030883789,11.46509075164795,11.58144760131836,10230025
2023-09-14,11.024420738220215,11.889795303344727,12.002273559570312,11.645444869995117,11.678413391113281,17798253
2023-09-15,10.792462348937988,11.639627456665039,11.984821319580078,11.515512466430664,11.887855529785156,24929208
2023-09-18,10.891359329223633,11.746288299560547,11.866523742675781,11.614416122436523,11.614416122436523,8505168
2023-09-19,10.93271541595459,11.79089069366455,11.936338424682617,11.7482271194458,11.891735076904297,12915026
2023-09-20,10.87157917022705,11.724955558776855,11.883976936340332,11.626051902770996,11.779255867004395,13336829
2023-09-21,11.092750549316406,11.96348762512207,12.091482162475586,11.571751594543457,11.58338737487793,26889717
2023-09-22,11.029815673828125,11.895612716674805,12.130267143249512,11.837433815002441,12.002273559570312,12967622
2023-09-25,11.031615257263184,11.897553443908691,11.955731391906738,11.765681266784668,11.909188270568848,6712761
2023-09-26,10.79066276550293,11.637686729431152,11.924702644348145,11.60278034210205,11.887855529785156,14931742
2023-09-27,10.598261833190918,11.430183410644531,11.730772972106934,11.331278800964355,11.639627456665039,21511980
2023-09-28,10.655802726745605,11.492240905761719,11.548480033874512,11.372005462646484,11.387518882751465,12094107
2023-09-29,10.97407341003418,11.835494995117188,11.938278198242188,11.732712745666504,11.79089069366455,21062847
2023-10-02,10.878771781921387,11.732712745666504,12.074028015136719,11.67453384399414,11.84713077545166,17775048
2023-10-03,10.806846618652344,11.65514087677002,11.79089069366455,11.616354942321777,11.690048217773438,16520982
2023-10-04,10.939908981323242,11.798648834228516,11.885916709899902,11.596961975097656,11.629929542541504,16019252
2023-10-05,10.878771781921387,11.732712745666504,11.965428352355957,11.65514087677002,11.798648834228516,9880928
2023-10-06,10.823030471801758,11.672595024108887,11.711380958557129,11.445697784423828,11.608597755432129,11188622
2023-10-09,11.013633728027344,11.87816047668457,11.87816047668457,11.560115814208984,11.560115814208984,8102959
2023-10-10,11.234803199768066,12.116691589355469,12.12057113647461,11.89367389678955,11.905309677124023,12076575
2023-10-11,11.179061889648438,12.056573867797852,12.145782470703125,11.916945457458496,12.075966835021973,17747719
2023-10-13,11.019026756286621,11.883976936340332,12.184568405151367,11.866523742675781,12.12057113647461,10871496
2023-10-16,11.294142723083496,12.180688858032227,12.250503540039062,11.889795303344727,12.122509956359863,30160500
2023-10-17,11.017229080200195,11.882038116455078,12.176810264587402,11.841313362121582,12.118632316589355,21830653
2023-10-18,10.70075511932373,11.540722846984863,11.866523742675781,11.494179725646973,11.83161735534668,27140324
2023-10-19,10.858991622924805,11.711380958557129,11.955731391906738,11.519391059875488,11.523268699645996,22348884
2023-10-20,10.6881685256958,11.527148246765137,11.72883415222168,11.527148246765137,11.633809089660645,27965368
2023-10-23,10.993852615356445,11.856826782226562,11.967367172241211,11.52908706665039,11.624112129211426,23266229
2023-10-24,10.916533470153809,11.773438453674316,11.949913024902344,11.75598430633545,11.926642417907715,7639903
2023-10-25,10.80145263671875,11.649323463439941,11.821920394897461,11.626051902770996,11.79089069366455,8948113
2023-10-26,10.965083122253418,11.825798988342285,11.835494995117188,11.693926811218262,11.709441184997559,12401436
2023-10-27,10.709745407104492,11.550418853759766,11.907249450683594,11.546541213989258,11.81998062133789,13628689
2023-10-30,10.53532600402832,11.36230754852295,11.690048217773438,11.308008193969727,11.560115814208984,15593324
2023-10-31,10.495767593383789,11.3196439743042,11.441819190979004,11.26728343963623,11.441819190979004,7317621
2023-11-01,10.68277359008789,11.521329879760742,11.5853271484375,11.327401161193848,11.36230754852295,18438177
2023-11-03,10.948899269104004,11.808344841003418,11.8510103225708,11.614416122436523,11.754044532775879,10716800
2023-11-06,10.896753311157227,11.752105712890625,11.924702644348145,11.622173309326172,11.852949142456055,10035108
2023-11-07,10.986660957336426,11.849069595336914,11.916945457458496,11.678413391113281,11.752105712890625,10458974
2023-11-08,10.95609188079834,11.816102027893066,11.986760139465332,11.672595024108887,11.818041801452637,9467890
2023-11-09,10.990257263183594,11.852949142456055,11.928581237792969,11.608597755432129,11.814163208007812,13288874
2023-11-10,10.99205493927002,11.854887962341309,11.955731391906738,11.732712745666504,11.955731391906738,11101477
2023-11-13,11.141301155090332,12.015849113464355,12.054635047912598,11.742408752441406,11.742408752441406,8554155
2023-11-14,11.389445304870605,12.283472061157227,12.357165336608887,11.982880592346191,11.996456146240234,17929744
2023-11-16,11.639387130737305,12.553032875061035,12.62866497039795,12.221413612365723,12.291229248046875,15019918
2023-11-17,11.626800537109375,12.539458274841309,12.642239570617676,12.463826179504395,12.634483337402344,8461337
2023-11-20,11.583643913269043,12.492915153503418,12.539458274841309,12.362981796264648,12.539458274841309,6748856
2023-11-21,11.686138153076172,12.60345458984375,12.60539436340332,12.421160697937012,12.489035606384277,6067164
2023-11-22,11.867752075195312,12.799323081970215,12.86913776397705,12.634483337402344,12.634483337402344,17673465
2023-11-23,12.180627822875977,13.136759757995605,13.16972827911377,12.74696159362793,12.789627075195312,14231486
2023-11-24,12.283122062683105,13.247299194335938,13.278327941894531,13.026220321655273,13.144516944885254,11681586
2023-11-27,12.171636581420898,13.127062797546387,13.400503158569336,13.107669830322266,13.353960037231445,15510304
2023-11-28,12.169839859008789,13.125123977661133,13.319052696228027,13.06888484954834,13.127062797546387,12307587
2023-11-29,12.016997337341309,12.960284233093262,13.237603187561035,12.909863471984863,13.146455764770508,14788906
2023-11-30,12.148262023925781,13.101852416992188,13.222088813781738,12.942831039428711,13.049491882324219,14875020
2023-12-01,12.346057891845703,13.31517505645752,13.31517505645752,12.983555793762207,13.167787551879883,14074212
2023-12-04,12.223784446716309,13.183302879333496,13.37723159790039,13.181363105773926,13.35783863067627,9554004
2023-12-05,12.223784446716309,13.183302879333496,13.381110191345215,13.134819984436035,13.293842315673828,11292268
2023-12-06,12.405396461486816,13.379171371459961,13.379171371459961,13.218210220336914,13.262813568115234,12766002
2023-12-07,12.216590881347656,13.175545692443848,13.416017532348633,13.047552108764648,13.369475364685059,31333093
2023-12-08,12.166242599487305,13.121245384216309,13.243420600891113,12.991312980651855,13.21627140045166,10722988
2023-12-11,12.398204803466797,13.371414184570312,13.38886833190918,13.02234172821045,13.121245384216309,12643793
2023-12-12,12.448551177978516,13.425713539123535,13.509103775024414,13.225967407226562,13.371414184570312,7165503
2023-12-13,12.847740173339844,13.856237411499023,13.945444107055664,13.4586820602417,13.474196434020996,22482953
2023-12-14,12.82076644897461,13.827146530151367,14.083133697509766,13.691396713256836,13.947383880615234,12821693
2023-12-15,12.797390937805176,13.801937103271484,14.017197608947754,13.724365234375,13.817450523376465,15370562
2023-12-18,12.984397888183594,14.003623008728027,14.063740730285645,13.741819381713867,13.95901870727539,11429947
2023-12-19,13.086893081665039,14.114163398742676,14.273184776306152,13.947383880615234,14.055983543395996,14970931
2023-12-20,13.054525375366211,14.079255104064941,14.30809211730957,14.005561828613281,14.021077156066895,14206219
2023-12-21,13.349422454833984,14.397298812866211,14.502020835876465,14.119979858398438,14.244094848632812,16748900
2023-12-22,13.46450424194336,14.521413803100586,14.664920806884766,14.339119911193848,14.395359992980957,23393080
2023-12-26,13.33323860168457,14.37984561920166,14.661043167114258,14.327485084533691,14.608681678771973,9311648
2023-12-27,13.460907936096191,14.517535209655762,14.577652931213379,14.251852035522461,14.35269546508789,6682337
2023-12-28,13.552611351013184,14.616438865661621,14.616438865661621,14.439964294433594,14.517535209655762,8153493
2024-01-02,13.23973560333252,14.27900218963623,14.612561225891113,14.152948379516602,14.612561225891113,8716070
2024-01-03,13.210965156555176,14.247974395751953,14.364331245422363,14.199490547180176,14.263487815856934,6703479
2024-01-04,13.05632495880127,14.081194877624512,14.257670402526855,13.966775894165039,14.253791809082031,7205724
2024-01-05,13.00957202911377,14.030773162841797,14.147130966186523,13.966775894165039,14.040470123291016,6891176
2024-01-08,13.173203468322754,14.20724868774414,14.20724868774414,13.935748100280762,13.972594261169434,6563221
2024-01-09,13.207368850708008,14.244094848632812,14.28869915008545,14.009441375732422,14.102526664733887,6142965
2024-01-10,13.442926406860352,14.49814224243164,14.513656616210938,14.224701881408691,14.23439884185791,9414778
2024-01-11,13.77198600769043,14.853033065795898,15.013994216918945,14.368209838867188,14.459357261657715,33170878
2024-01-12,13.852901458740234,14.940300941467285,15.043083190917969,14.666860580444336,14.854971885681152,9503471
2024-01-15,13.899653434753418,14.990721702575684,15.087686538696289,14.91702938079834,14.932543754577637,6939648
2024-01-16,13.701857566833496,14.777400016784668,15.0159330368042,14.777400016784668,14.932543754577637,12127625
2024-01-17,13.779179573059082,14.860790252685547,14.907333374023438,14.6998291015625,14.775461196899414,15682016
2024-01-18,13.620942115783691,14.690132141113281,14.94611930847168,14.630014419555664,14.87242603302002,12793332
2024-01-19,13.665894508361816,14.738614082336426,14.84333610534668,14.546625137329102,14.719222068786621,24239265
2024-01-22,13.696462631225586,14.771581649780273,14.87048625946045,14.618377685546875,14.738614082336426,16008939
2024-01-23,13.892461776733398,14.982965469360352,14.994601249694824,14.6998291015625,14.779339790344238,22201923
2024-01-24,13.737821578979492,14.81618595123291,15.174955368041992,14.765765190124512,15.029507637023926,7999313
2024-01-25,13.861892700195312,14.949996948242188,14.986844062805176,14.74443244934082,14.8627290725708,12607181
2024-01-26,13.852901458740234,14.940300941467285,15.066354751586914,14.839458465576172,14.938361167907715,8608814
2024-01-29,13.951800346374512,15.046961784362793,15.105140686035156,14.866607666015625,14.940300941467285,9940744
2024-01-30,14.056093215942383,15.159440994262695,15.184652328491211,15.045022964477539,15.083807945251465,18042156
2024-01-31,14.18016529083252,15.293251991271973,15.562812805175781,15.186591148376465,15.204044342041016,19044584
2024-02-01,14.178367614746094,15.291313171386719,15.361126899719238,15.013994216918945,15.322340965270996,13735429
2024-02-02,14.158587455749512,15.269980430603027,15.361126899719238,15.083807945251465,15.204044342041016,14548612
2024-02-05,14.25029182434082,15.368884086608887,15.394095420837402,15.085747718811035,15.269980430603027,8662442
2024-02-06,14.440895080566406,15.574448585510254,15.61711311340332,15.357248306274414,15.491060256958008,7630106
2024-02-07,14.451684951782227,15.586085319519043,15.828495979309082,15.485241889953613,15.551177978515625,12274070
2024-02-08,14.199943542480469,15.314583778381348,15.655899047851562,15.266101837158203,15.626810073852539,11962616
2024-02-09,14.347393035888672,15.47360610961914,15.578328132629395,15.192408561706543,15.301009178161621,7743034
2024-02-14,14.20354175567627,15.318463325500488,15.33785629272461,15.097382545471191,15.256404876708984,11030832
2024-02-15,14.509225845336914,15.648141860961914,16.231868743896484,15.390215873718262,15.514330863952637,69592427
2024-02-16,14.644085884094238,15.793588638305664,15.8886137008667,15.479424476623535,15.644264221191406,11871346
2024-02-19,14.723203659057617,15.878917694091797,15.933218002319336,15.727652549743652,15.863404273986816,5683519
2024-02-20,14.644085884094238,15.793588638305664,15.985578536987305,15.7005033493042,15.853707313537598,11797092
2024-02-21,14.329411506652832,15.45421314239502,15.822677612304688,15.256404876708984,15.799407005310059,19121416
2024-02-22,14.525409698486328,15.665596008300781,15.822677612304688,15.485241889953613,15.487180709838867,14351117
2024-02-23,14.419318199157715,15.551177978515625,15.712139129638672,15.448394775390625,15.665596008300781,8374708
2024-02-26,14.431905746459961,15.564752578735352,15.7354097366333,15.52596664428711,15.558935165405273,9901038
2024-02-27,14.320420265197754,15.444517135620117,15.679170608520508,15.275797843933105,15.628748893737793,19909333
2024-02-28,14.30423641204834,15.42706298828125,15.504634857177734,15.209861755371094,15.397974014282227,13218745
2024-02-29,14.234108924865723,15.351430892944336,15.425124168395996,15.188529968261719,15.407670021057129,13915391
2024-03-01,14.325814247131348,15.450333595275879,15.531785011291504,15.250587463378906,15.35336971282959,10978752
2024-03-04,14.309632301330566,15.432881355285645,15.541481018066406,15.256404876708984,15.475544929504395,14814173
2024-03-05,14.239502906799316,15.357248306274414,15.508513450622559,15.240891456604004,15.508513450622559,16343082
2024-03-06,14.341998100280762,15.467787742614746,15.539542198181152,15.351430892944336,15.432881355285645,11989430
2024-03-07,14.329411506652832,15.45421314239502,15.45421314239502,15.266101837158203,15.440637588500977,10337280
2024-03-08,14.417518615722656,15.549238204956055,15.595781326293945,15.314583778381348,15.415427207946777,16374537
2024-03-11,14.043506622314453,15.145866394042969,15.541481018066406,15.141986846923828,15.463909149169922,17854974
2024-03-12,13.858296394348145,14.94611930847168,15.219558715820312,14.909272193908691,15.213741302490234,15706251
2024-03-13,13.813343048095703,14.897636413574219,15.054718971252441,14.829760551452637,14.880183219909668,14304193
2024-03-14,13.754005432128906,14.833640098571777,14.971328735351562,14.725038528442383,14.924785614013672,15169457
2024-03-15,13.755803108215332,14.835578918457031,14.938361167907715,14.74249267578125,14.853033065795898,12353481
2024-03-18,13.667694091796875,14.740553855895996,14.866607666015625,14.69594955444336,14.833640098571777,22561332
2024-03-19,13.914039611816406,15.006237030029297,15.083807945251465,14.777400016784668,14.777400016784668,14400104
2024-03-20,14.106441497802734,15.213741302490234,15.231193542480469,14.94611930847168,15.004297256469727,12402983
2024-03-21,14.158587455749512,15.269980430603027,15.357248306274414,15.145866394042969,15.225377082824707,17468235
2024-03-22,14.439096450805664,15.572509765625,16.094179153442383,15.409608840942383,15.708259582519531,28535164
2024-03-25,14.557775497436523,15.7005033493042,15.714077949523926,15.386338233947754,15.572509765625,15072515
2024-03-26,14.764561653137207,15.923521995544434,16.030183792114258,15.605478286743164,15.684988975524902,17825582
2024-03-27,14.976741790771484,16.15235710144043,16.20277976989746,15.729592323303223,16.003032684326172,18306170
2024-03-28,15.230281829833984,16.425798416137695,16.606151580810547,16.183387756347656,16.20083999633789,22022992
2024-04-01,15.08642864227295,16.270654678344727,16.425798416137695,16.115510940551758,16.425798416137695,12070387
2024-04-02,14.751975059509277,15.909947395324707,16.231868743896484,15.783892631530762,16.096118927001953,17844146
2024-04-03,15.010906219482422,16.1892032623291,16.226051330566406,15.768378257751465,15.927399635314941,15834649
2024-04-04,15.167346954345703,16.35792350769043,16.60227394104004,16.193082809448242,16.193082809448242,25532521
2024-04-05,15.133179664611816,16.321075439453125,16.373437881469727,16.167871475219727,16.266775131225586,8669145
2024-04-08,15.194317817687988,16.387012481689453,16.522762298583984,16.270654678344727,16.379255294799805,11063319
2024-04-09,15.277031898498535,16.476219177246094,16.561548233032227,16.340469360351562,16.387012481689453,12892337
2024-04-10,15.068449020385742,16.251262664794922,16.515005111694336,16.214414596557617,16.464584350585938,15362311
2024-04-11,14.81131362915039,15.973942756652832,16.24738311767578,15.950672149658203,16.227989196777344,8493823
2024-04-12,14.537995338439941,15.679170608520508,15.96230697631836,15.584145545959473,15.96230697631836,12848507
2024-04-15,14.502032279968262,15.640384674072266,15.681110382080078,15.502695083618164,15.67335319519043,12177127
2024-04-16,14.390547752380371,15.520149230957031,15.613235473632812,15.407670021057129,15.514330863952637,13156867
2024-04-17,14.644085884094238,15.793588638305664,15.8886137008667,15.50075626373291,15.556995391845703,17148531
2024-04-18,14.883238792419434,16.051515579223633,16.385072708129883,15.820738792419434,16.34822654724121,41844148
2024-04-19,15.192519187927246,16.385072708129883,16.385072708129883,15.921582221984863,16.039878845214844,35077244
2024-04-22,14.886835098266602,16.05539321899414,16.464584350585938,16.05539321899414,16.288108825683594,20423438
2024-04-23,14.942577362060547,16.115510940551758,16.387012481689453,15.871161460876465,15.999154090881348,11426338
2024-04-24,14.82390022277832,15.987518310546875,16.169811248779297,15.896370887756348,16.10969352722168,11978601
2024-04-25,14.84727668762207,16.01272964477539,16.096118927001953,15.902189254760742,15.987518310546875,16941239
2024-04-26,15.061468124389648,15.960368156433105,16.045696258544922,15.86534309387207,15.999154090881348,15455644
2024-04-29,15.072447776794434,15.972003936767578,16.070907592773438,15.904129028320312,15.960368156433105,6999979
2024-04-30,14.790617942810059,15.67335319519043,16.041818618774414,15.665596008300781,15.960368156433105,11233999
2024-05-02,14.693623542785645,15.57056999206543,15.783892631530762,15.3068265914917,15.7005033493042,35326304
2024-05-03,14.786957740783691,15.669473648071289,15.900250434875488,15.576388359069824,15.805225372314453,19067273
2024-05-06,14.59480094909668,15.465848922729492,15.754802703857422,15.465848922729492,15.566692352294922,14379994
2024-05-07,14.66617202758789,15.541481018066406,15.694684982299805,15.485241889953613,15.562812805175781,16628753
2024-05-08,14.671663284301758,15.5472993850708,15.741228103637695,15.436758995056152,15.741228103637695,11668694
2024-05-09,14.501466751098633,15.366945266723633,15.463909149169922,15.110958099365234,15.438698768615723,15463895
2024-05-10,14.349571228027344,15.205984115600586,15.386338233947754,15.112897872924805,15.37082290649414,25998670
2024-05-13,14.360550880432129,15.217618942260742,15.374702453613281,15.140048027038574,15.250587463378906,9881444
2024-05-14,14.45937442779541,15.322340965270996,15.382458686828613,15.221497535705566,15.271920204162598,8219496
2024-05-15,14.49780559539795,15.363065719604492,15.372762680053711,15.221497535705566,15.285494804382324,13192962
2024-05-16,14.59296989440918,15.463909149169922,15.640384674072266,15.343672752380371,15.382458686828613,14439810
2024-05-17,14.377021789550781,15.23507308959961,15.434820175170898,15.225377082824707,15.405731201171875,14686291
2024-05-20,14.239767074584961,15.08962631225586,15.244770050048828,15.019811630249023,15.050840377807617,15518554
2024-05-21,14.087870597839355,14.928665161132812,15.145866394042969,14.794854164123535,15.1187162399292,15660358
2024-05-22,13.7163667678833,14.534989356994629,14.856910705566406,14.482627868652344,14.847214698791504,21041190
2024-05-23,13.791399955749512,14.614500045776367,14.633893013000488,14.366271018981934,14.486507415771484,13664269
2024-05-24,13.837151527404785,14.662981986999512,14.812308311462402,14.558259963989258,14.647467613220215,11048880
2024-05-27,13.738327026367188,14.558259963989258,14.686253547668457,14.502020835876465,14.668800354003906,8028189
2024-05-28,13.657805442810059,14.472931861877441,14.645527839660645,14.36239242553711,14.581531524658203,21860045
2024-05-29,13.668784141540527,14.484566688537598,14.583471298217773,14.354635238647461,14.486507415771484,17246505
2024-05-31,13.516888618469238,14.32360553741455,14.447720527648926,14.189794540405273,14.416691780090332,48114995
2024-06-03,13.460156440734863,14.263487815856934,14.500082015991211,14.218884468078613,14.428327560424805,21010766
2024-06-04,13.665125846862793,14.48068904876709,14.62419605255127,14.201431274414062,14.273184776306152,34367191
2024-06-05,14.276368141174316,15.128412246704102,15.355308532714844,14.393421173095703,14.474870681762695,44012466
2024-06-06,14.150094032287598,14.994601249694824,15.3843994140625,14.953875541687012,14.953875541687012,27349679
2024-06-07,13.588260650634766,14.399237632751465,14.920907974243164,14.333303451538086,14.901515007019043,33120344
2024-06-10,13.743818283081055,14.564078330993652,14.583471298217773,14.313909530639648,14.333303451538086,8625315
2024-06-11,13.835321426391602,14.661043167114258,14.719222068786621,14.552441596984863,14.659104347229004,21965238
2024-06-12,13.38878345489502,14.18785572052002,14.758007049560547,14.16264533996582,14.74637222290039,26145631
2024-06-13,13.628523826599121,14.441903114318848,14.513656616210938,14.127737998962402,14.265426635742188,17752360
2024-06-14,13.725517272949219,14.544685363769531,14.610621452331543,14.25960922241211,14.35075569152832,21807965
2024-06-17,13.601073265075684,14.412814140319824,14.573775291442871,14.395359992980957,14.509778022766113,9839160
2024-06-18,13.196626663208008,13.984230041503906,14.364331245422363,13.889204978942871,14.364331245422363,23246119
2024-06-19,13.198456764221191,13.98616886138916,13.98616886138916,13.590554237365723,13.984230041503906,21680083
2024-06-20,13.187477111816406,13.974534034729004,14.257670402526855,13.873689651489258,14.023015975952148,18410848
2024-06-21,13.698066711425781,14.515596389770508,14.651346206665039,14.16070556640625,14.2809419631958,38760548
2024-06-24,14.261727333068848,15.112897872924805,15.112897872924805,14.651346206665039,14.684313774108887,28711517
2024-06-25,14.203165054321289,15.050840377807617,15.33785629272461,14.990721702575684,15.1187162399292,22255035
2024-06-26,13.954276084899902,14.787096977233887,15.122593879699707,14.77352237701416,14.932543754577637,25214363
2024-06-27,13.562640190124512,14.372088432312012,14.922846794128418,14.098648071289062,14.311969757080078,69529002
2024-06-28,13.720026969909668,14.538866996765137,14.633893013000488,14.03271198272705,14.156826972961426,45640380
2024-07-01,14.301989555358887,15.155562400817871,15.339795112609863,14.298395156860352,14.35269546508789,56353572
2024-07-02,14.247086524963379,15.097382545471191,15.359188079833984,15.013994216918945,15.149744033813477,31915780
2024-07-03,14.759506225585938,15.640384674072266,15.725713729858398,15.122593879699707,15.16525936126709,19606129
2024-07-04,14.951663970947266,15.844011306762695,16.125207901000977,15.723774909973145,15.723774909973145,31412503
2024-07-05,15.02120590209961,15.917703628540039,15.96424674987793,15.727652549743652,15.876978874206543,31552245
2024-07-08,15.20970344543457,16.117450714111328,16.290048599243164,15.942914009094238,15.989457130432129,19899536
2024-07-09,15.421989440917969,16.3424072265625,16.483976364135742,16.150419235229492,16.150419235229492,29924847
2024-07-10,15.57388687133789,16.50337028503418,16.619726181030273,16.237686157226562,16.359861373901367,26073440
2024-07-11,15.432971954345703,16.35404396057129,16.677906036376953,16.257080078125,16.58094024658203,24622910
2024-07-12,15.217023849487305,16.125207901000977,16.396709442138672,16.09999656677246,16.29974365234375,31455303
2024-07-15,14.946174621582031,15.8381929397583,16.193082809448242,15.8381929397583,16.154296875,16452400
2024-07-16,14.924213409423828,15.814921379089355,15.902189254760742,15.630688667297363,15.750925064086914,37793184
2024-07-17,15.226174354553223,16.134904861450195,16.31138038635254,15.708259582519531,15.708259582519531,31693018
2024-07-18,15.010225296020508,15.906067848205566,16.251262664794922,15.857585906982422,16.028242111206055,33196660
2024-07-19,15.537285804748535,16.464584350585938,16.50337028503418,15.628748893737793,15.669473648071289,242371512
2024-07-22,15.921602249145508,16.871835708618164,17.193756103515625,16.425798416137695,16.460704803466797,106639463
2024-07-23,16.221731185913086,17.189878463745117,17.189878463745117,16.39089012145996,16.79620361328125,121061226
2024-07-24,16.3242130279541,17.298479080200195,17.298479080200195,16.72832679748535,17.098731994628906,69245909
2024-07-25,15.87035846710205,16.817535400390625,17.290721893310547,16.817535400390625,17.135578155517578,34347080
2024-07-26,15.88499927520752,16.833049774169922,16.8737735748291,16.542156219482422,16.716691970825195,22287521
2024-07-29,15.84107780456543,16.78650665283203,16.881532669067383,16.627483367919922,16.79426383972168,14392885
2024-07-30,15.985652923583984,16.93971061706543,17.03473663330078,16.7011775970459,16.767112731933594,40557596
2024-07-31,16.148527145385742,17.112306594848633,17.302358627319336,16.951345443725586,16.9765567779541,28614574
2024-08-01,16.40290641784668,17.381868362426758,17.546707153320312,17.17824363708496,17.17824363708496,25206113
2024-08-02,16.344343185424805,17.31981086730957,17.47301483154297,17.23448371887207,17.43423080444336,16545733
2024-08-05,16.21807289123535,17.18600082397461,17.236421585083008,16.924196243286133,17.025039672851562,14651227
2024-08-06,16.40656852722168,17.3857479095459,17.42259407043457,17.18212127685547,17.193756103515625,20335262
2024-08-07,16.816503524780273,17.820148468017578,17.837602615356445,17.414836883544922,17.453622817993164,35139122
2024-08-08,16.955591201782227,17.9675350189209,18.09164810180664,17.727062225341797,17.773605346679688,31040202
2024-08-09,17.81205940246582,18.8751220703125,18.92942237854004,18.277820587158203,18.520233154296875,53686618
2024-08-12,17.780948638916016,18.84215545654297,19.045780181884766,18.615257263183594,19.003116607666016,21273233
2024-08-13,17.95480728149414,19.02638816833496,19.086505889892578,18.83245849609375,19.005056381225586,27890599
2024-08-14,18.201866149902344,19.288192749023438,19.350250244140625,18.890636444091797,18.9274845123291,21315001
2024-08-15,18.051799774169922,19.129169464111328,19.31728172302246,19.043840408325195,19.307584762573242,25781065
2024-08-16,18.062782287597656,19.140806198120117,19.290130615234375,19.065174102783203,19.284313201904297,23630795
2024-08-19,17.843170166015625,18.908090591430664,19.27849578857422,18.747129440307617,19.239709854125977,30204330
2024-08-20,18.223827362060547,19.311464309692383,19.32503890991211,18.867366790771484,18.894515991210938,26549387
2024-08-21,18.200037002563477,19.286252975463867,19.377399444580078,19.197044372558594,19.295949935913086,11665600
2024-08-22,17.835851669311523,18.900333404541016,19.292070388793945,18.861547470092773,19.200923919677734,17943151
2024-08-23,17.715068817138672,18.772340774536133,19.043840408325195,18.714162826538086,18.946876525878906,13435835
2024-08-26,17.641864776611328,18.69476890563965,19.07293128967285,18.673437118530273,18.813066482543945,29538107
2024-08-27,17.605262756347656,18.655982971191406,18.78591537475586,18.560958862304688,18.714162826538086,12638636
2024-08-28,17.632715225219727,18.685073852539062,18.718040466308594,18.535747528076172,18.655982971191406,23985564
2024-08-29,17.457027435302734,18.4989013671875,18.685073852539062,18.20025062561035,18.55320167541504,17862194
2024-08-30,17.336244583129883,18.370906829833984,18.413572311401367,18.169221878051758,18.326303482055664,50780402
2024-09-02,17.268531799316406,18.29915428161621,18.39417839050293,18.064498901367188,18.33793830871582,14125777
2024-09-03,17.330753326416016,18.365089416503906,18.52992820739746,18.237096786499023,18.332122802734375,13382207
2024-09-04,17.491798400878906,18.535747528076172,18.623014450073242,18.275882720947266,18.429086685180664,15799585
2024-09-05,17.455198287963867,18.49696159362793,18.582290649414062,18.38836097717285,18.52992820739746,13504932
2024-09-06,17.33990478515625,18.374786376953125,18.53962516784668,18.268125534057617,18.425207138061523,10542510
2024-09-09,17.347225189208984,18.382543563842773,18.392240524291992,18.211885452270508,18.392240524291992,12389061
2024-09-10,17.61441421508789,18.665679931640625,18.844093322753906,18.293336868286133,18.293336868286133,21432570
2024-09-11,17.336244583129883,18.370906829833984,18.67731475830078,18.272003173828125,18.570653915405273,14062868
2024-09-12,17.274023056030273,18.30497169494629,18.39417839050293,18.182796478271484,18.29915428161621,26148210
2024-09-13,17.29964256286621,18.332122802734375,18.471750259399414,18.328243255615234,18.45235824584961,22221518
2024-09-16,17.660167694091797,18.714162826538086,18.714162826538086,18.289457321166992,18.289457321166992,16453947
2024-09-17,17.603431701660156,18.654043197631836,18.78203773498535,18.520233154296875,18.675376892089844,11586190
2024-09-18,17.581472396850586,18.63077163696289,18.78591537475586,18.524110794067383,18.562896728515625,11681070
2024-09-19,17.380165100097656,18.417449951171875,18.749069213867188,18.417449951171875,18.63465118408203,11639302
2024-09-20,17.32343292236328,18.357332229614258,18.467872619628906,18.186674118041992,18.33987808227539,28703782
2024-09-23,17.13310432434082,18.1556453704834,18.3612117767334,18.05092430114746,18.29527473449707,11709946
2024-09-24,16.966567993164062,17.979169845581055,18.322425842285156,17.86087417602539,18.130435943603516,17602820
2024-09-25,16.763431549072266,17.76390838623047,17.998563766479492,17.66500473022461,17.988866806030273,12613369
2024-09-26,16.717679977416992,17.71542739868164,17.996623992919922,17.628158569335938,17.996623992919922,25831599
2024-09-27,16.485261917114258,17.46913719177246,17.80269432067871,17.383808135986328,17.699913024902344,27669384
2024-09-30,16.543825149536133,17.53119468688965,17.540891647338867,17.304296493530273,17.482711791992188,17469782
2024-10-01,16.476110458374023,17.459440231323242,17.674701690673828,17.436168670654297,17.540891647338867,11669726
2024-10-02,16.490751266479492,17.47495460510254,17.744516372680664,17.447805404663086,17.744516372680664,13388395
2024-10-03,16.236371994018555,17.205392837524414,17.31787109375,17.104549407958984,17.296539306640625,22143139
2024-10-04,16.126569747924805,17.08903694152832,17.201515197753906,17.03473663330078,17.08515739440918,12547881
2024-10-07,16.377286911010742,17.354719161987305,17.62234115600586,17.333385467529297,17.502105712890625,14964744
2024-10-08,16.529184341430664,17.51568031311035,17.529254913330078,17.41871452331543,17.426471710205078,15466989
2024-10-09,16.27846336364746,17.249996185302734,17.504043579101562,17.191818237304688,17.395444869995117,17970996
2024-10-10,16.227222442626953,17.195697784423828,17.23060417175293,17.090974807739258,17.153032302856445,13415724
2024-10-11,16.122909545898438,17.08515739440918,17.240299224853516,16.974618911743164,17.13751792907715,14105667
2024-10-14,16.472450256347656,17.455562591552734,17.46719741821289,17.143335342407227,17.166606903076172,19896442
2024-10-15,16.67192840576172,17.66694450378418,17.76972770690918,17.488529205322266,17.52149772644043,17812691
2024-10-16,16.836633682250977,17.841480255126953,17.897720336914062,17.5583438873291,17.670822143554688,21056144
2024-10-17,16.944608688354492,17.95589828491211,17.979169845581055,17.608766555786133,17.789119720458984,16732915
2024-10-18,16.67009925842285,17.66500473022461,18.05092430114746,17.66500473022461,18.027652740478516,54364185
2024-10-21,16.86225700378418,17.86863136291504,17.963655471801758,17.647552490234375,17.6766414642334,12962981
2024-10-22,16.666440963745117,17.6611270904541,17.81627082824707,17.61264419555664,17.686336517333984,11244828
2024-10-23,16.49624252319336,17.48077392578125,17.653369903564453,17.41095733642578,17.490468978881836,11775434
2024-10-24,16.600555419921875,17.591312408447266,17.62428092956543,17.300418853759766,17.492408752441406,11797607
2024-10-25,16.708528518676758,17.705730438232422,17.895780563354492,17.48077392578125,17.630098342895508,12117827
2024-10-28,16.787221908569336,17.789119720458984,17.973352432250977,17.730941772460938,17.787181854248047,12193113
2024-10-29,16.851274490356445,17.85699462890625,18.023773193359375,17.773605346679688,17.85893440246582,9877318
2024-10-30,16.964738845825195,17.977230072021484,18.068378448486328,17.824026107788086,17.824026107788086,11600628
2024-10-31,16.851274490356445,17.85699462890625,17.96947479248047,17.831783294677734,17.901599884033203,17687387
2024-11-01,16.358983993530273,17.335325241088867,17.922931671142578,17.335325241088867,17.85893440246582,15719143
2024-11-04,16.741470336914062,17.740638732910156,17.80657386779785,17.42841148376465,17.482711791992188,12006962
2024-11-05,16.714019775390625,17.7115478515625,17.76972770690918,17.451683044433594,17.732879638671875,11388179
2024-11-06,16.734149932861328,17.732879638671875,17.96947479248047,17.348901748657227,17.416776657104492,12964528
2024-11-07,16.49624252319336,17.48077392578125,17.99468421936035,17.453622817993164,17.707670211791992,10706487
2024-11-08,16.35532569885254,17.33144760131836,17.43035125732422,17.201515197753906,17.259693145751953,17589929
2024-11-11,16.84761619567871,17.853116989135742,17.899660110473633,17.32562828063965,17.36635398864746,17777627
2024-11-12,17.48630714416504,18.52992820739746,18.63271141052246,17.86669158935547,17.996623992919922,31898248
2024-11-13,17.294151306152344,18.326303482055664,18.685073852539062,18.20606803894043,18.597803115844727,25162798
2024-11-14,17.625394821166992,18.67731475830078,18.828580856323242,18.273942947387695,18.332122802734375,16688569
2024-11-18,17.561342239379883,18.609439849853516,18.719980239868164,18.465932846069336,18.54350471496582,18513462
2024-11-19,17.95297622680664,19.02444839477539,19.100080490112305,18.58616828918457,18.611379623413086,18277294
2024-11-21,17.715068817138672,18.772340774536133,19.06905174255371,18.560958862304688,18.83827781677246,19558174
2024-11-22,17.940166473388672,19.010873794555664,19.010873794555664,18.747129440307617,18.869304656982422,28020027
2024-11-25,17.874282836914062,18.941059112548828,19.255224227905273,18.904212951660156,19.12141227722168,33142517
2024-11-26,18.099382400512695,19.17959213256836,19.27849578857422,18.941059112548828,19.0806884765625,16805622
2024-11-27,17.76264762878418,18.82276153564453,19.36964225769043,18.725797653198242,19.198984146118164,27157857
2024-11-28,17.193498611450195,18.219642639160156,18.77621841430664,18.116859436035156,18.749069213867188,25122062
2024-11-29,17.015981674194336,18.031530380249023,18.173099517822266,17.581615447998047,18.11298179626465,34448148
2024-12-02,16.7597713470459,17.76003074645996,18.023773193359375,17.7115478515625,17.897720336914062,16506544
2024-12-03,17.045259475708008,18.062559127807617,18.239036560058594,17.692155838012695,17.727062225341797,17957074
2024-12-04,16.746959686279297,17.7464542388916,18.132373809814453,17.6766414642334,18.039289474487305,18734161
2024-12-05,17.12029457092285,18.142070770263672,18.365089416503906,17.783302307128906,17.783302307128906,20072795
2024-12-06,16.664608001708984,17.65918731689453,18.2080078125,17.56998062133789,18.163402557373047,21004063
2024-12-09,16.666440963745117,17.6611270904541,17.824026107788086,17.504043579101562,17.694095611572266,17008273
2024-12-10,16.80918312072754,17.81239128112793,17.893842697143555,17.589372634887695,17.81239128112793,12005931
2024-12-11,16.93362808227539,17.944263458251953,18.215763092041016,17.5738582611084,17.938444137573242,18198399
2024-12-12,16.41937828063965,17.399322509765625,17.924869537353516,17.304296493530273,17.783302307128906,17500206
2024-12-13,16.362648010253906,17.339204788208008,17.51955795288086,17.217029571533203,17.47301483154297,20357435
2024-12-16,16.287614822387695,17.259693145751953,17.459440231323242,17.102611541748047,17.308176040649414,24122728
2024-12-17,16.578596115112305,17.56804084777832,17.672761917114258,17.215089797973633,17.296539306640625,45014378
2024-12-18,16.086305618286133,17.046371459960938,17.579675674438477,16.908681869506836,17.459440231323242,48174295
2024-12-19,15.95637321472168,16.908681869506836,17.18600082397461,16.852441787719727,17.067703247070312,27783343
2024-12-20,15.852057456970215,16.798141479492188,16.997888565063477,16.662391662597656,16.817535400390625,45790951
2024-12-23,16.17780876159668,17.143335342407227,17.56998062133789,16.714752197265625,16.74966049194336,39716052
2024-12-26,16.207090377807617,17.17436408996582,17.53119468688965,17.098731994628906,17.149154663085938,13405411
2024-12-27,16.157678604125977,17.12200355529785,17.383808135986328,17.12200355529785,17.350839614868164,14389791
2024-12-30,16.19611167907715,17.162729263305664,17.22478675842285,17.017282485961914,17.14139747619629,21400084
2025-01-02,16.190622329711914,17.156911849975586,17.27326774597168,16.955224990844727,17.114246368408203,15344264
2025-01-03,15.905130386352539,16.854381561279297,17.22672462463379,16.755477905273438,17.149154663085938,15646436
2025-01-06,16.117416381835938,17.07933807373047,17.249996185302734,16.904802322387695,17.044431686401367,12299337
2025-01-07,16.33153533935547,17.306236267089844,17.306236267089844,17.100671768188477,17.209272384643555,15802678
2025-01-08,15.939901351928711,16.89122772216797,17.22284698486328,16.877653121948242,17.12588119506836,16794793
2025-01-09,16.091796875,17.052188873291016,17.13945770263672,16.877653121948242,16.89510726928711,6775154
2025-01-10,16.02957534790039,16.98625373840332,17.149154663085938,16.852441787719727,17.065763473510742,16052254
2025-01-13,16.133886337280273,17.096792221069336,17.135578155517578,16.93971061706543,16.93971061706543,11895581
2025-01-14,16.157678604125977,17.12200355529785,17.356658935546875,16.811716079711914,16.997888565063477,27733840
2025-01-15,16.964738845825195,17.977230072021484,18.01601791381836,17.22866439819336,17.405139923095703,33205942
2025-01-16,16.66094970703125,17.655309677124023,17.965595245361328,17.494348526000977,17.96171760559082,13252778
2025-01-17,17.019643783569336,18.035409927368164,18.142070770263672,17.5738582611084,17.686336517333984,24110352
2025-01-20,17.12029457092285,18.142070770263672,18.363149642944336,17.886083602905273,17.953960418701172,12326667
2025-01-21,17.295982360839844,18.328243255615234,18.53962516784668,18.05674171447754,18.116859436035156,15842384
2025-01-22,17.202648162841797,18.229339599609375,18.479507446289062,18.142070770263672,18.462053298950195,13666331
2025-01-23,17.019643783569336,18.035409927368164,18.3961181640625,17.96171760559082,18.365089416503906,8633050
2025-01-24,16.98303985595703,17.996623992919922,18.126556396484375,17.855056762695312,17.855056762695312,5769633
2025-01-27,17.48630714416504,18.52992820739746,18.572593688964844,17.986928939819336,18.122678756713867,12480331
2025-01-28,17.306962966918945,18.33987808227539,18.557079315185547,18.262306213378906,18.52992820739746,11277314
2025-01-29,16.995849609375,18.01019859313965,18.520233154296875,18.000503540039062,18.479507446289062,13427584
2025-01-30,17.50094985961914,18.54544448852539,18.710283279418945,18.00632095336914,18.00632095336914,15807319
2025-01-31,17.306962966918945,18.33987808227539,18.644346237182617,18.289457321166992,18.644346237182617,12791785
2025-02-03,17.603431701660156,18.654043197631836,18.654043197631836,18.215763092041016,18.227399826049805,12503020
2025-02-04,17.859642028808594,18.92554473876953,18.92554473876953,18.5493221282959,18.619136810302734,16497778
2025-02-05,17.9053955078125,18.974027633666992,18.995359420776367,18.73161506652832,18.849912643432617,14789937
2025-02-06,17.892581939697266,18.960451126098633,19.02250862121582,18.762643814086914,18.890636444091797,12163205
2025-02-07,17.66199493408203,18.716100692749023,19.117534637451172,18.59198760986328,18.910030364990234,11500076
2025-02-10,17.780948638916016,18.84215545654297,18.94493865966797,18.68313217163086,18.894515991210938,11574330
2025-02-11,17.94382667541504,19.014751434326172,19.117534637451172,18.844093322753906,18.906152725219727,13211526
2025-02-12,17.76264762878418,18.82276153564453,18.9779052734375,18.628833770751953,18.752948760986328,18000388
2025-02-13,18.08474349975586,19.164077758789062,19.197044372558594,18.706405639648438,18.706405639648438,11543906
2025-02-14,18.5935001373291,19.703201293945312,19.703201293945312,19.158260345458984,19.198984146118164,15337560
2025-02-17,18.426965713500977,19.52672576904297,19.76137924194336,19.454971313476562,19.703201293945312,10978236
2025-02-18,18.30984115600586,19.402610778808594,19.635324478149414,19.27267837524414,19.57326889038086,12940808
2025-02-19,18.1213436126709,19.202863693237305,19.36770248413086,19.084566116333008,19.27267837524414,10164021
2025-02-20,18.051799774169922,19.129169464111328,19.290130615234375,18.93136215209961,19.111717224121094,10298091
2025-02-21,18.035329818725586,19.111717224121094,19.28043556213379,18.898395538330078,19.195106506347656,7294932
2025-02-24,17.757158279418945,18.816944122314453,19.257164001464844,18.764583587646484,19.257164001464844,9746343
2025-02-25,17.91637420654297,18.98566246032715,19.230012893676758,18.79949188232422,18.964330673217773,17769376
2025-02-26,17.623565673828125,18.675376892089844,19.140806198120117,18.584228515625,19.109777450561523,11668694
2025-02-27,17.535720825195312,18.582290649414062,18.83051872253418,18.5338077545166,18.73161506652832,10630686
2025-02-28,17.381996154785156,18.419389724731445,18.68313217163086,18.30109214782715,18.52992820739746,23416284
2025-03-05,17.2227783203125,18.25067138671875,18.44654083251953,18.072256088256836,18.38448143005371,13614250
2025-03-06,17.231929779052734,18.26036834716797,18.485326766967773,18.15176773071289,18.363149642944336,15949124
2025-03-07,17.603431701660156,18.654043197631836,18.77621841430664,18.025712966918945,18.074195861816406,16969599
2025-03-10,17.722389221191406,18.78009796142578,18.88482093811035,18.48920440673828,18.535747528076172,17303226
2025-03-11,17.557682037353516,18.605562210083008,18.772340774536133,18.415510177612305,18.708343505859375,16056895
2025-03-12,17.52657127380371,18.572593688964844,18.857669830322266,18.479507446289062,18.601682662963867,12753111
2025-03-13,17.8962459564209,18.964330673217773,19.005056381225586,18.25261116027832,18.681194305419922,18339687
2025-03-14,18.172584533691406,19.257164001464844,19.27267837524414,18.811126708984375,19.166017532348633,20069701
2025-03-17,18.41049575805664,19.5092716217041,19.548057556152344,19.152442932128906,19.352188110351562,25971856
2025-03-18,18.350101470947266,19.445274353027344,19.549997329711914,19.288192749023438,19.5092716217041,13731819
2025-03-19,18.78565788269043,19.90682601928711,20.023183822631836,19.398731231689453,19.584903717041016,43775266
2025-03-20,18.653892517089844,19.767196655273438,19.9882755279541,19.67217254638672,19.9029483795166,33955185
2025-03-21,18.54775047302246,19.65471839904785,19.846708297729492,19.394853591918945,19.846708297729492,28349013
2025-03-24,18.08108139038086,19.160198211669922,19.741985321044922,19.12529182434082,19.741985321044922,25408249
2025-03-25,18.68500518798828,19.8001651763916,20.071666717529297,19.433639526367188,19.47048568725586,27054211
2025-03-26,18.589839935302734,19.699321746826172,19.89712905883789,19.66441535949707,19.893251419067383,12548913
2025-03-27,19.034547805786133,20.170570373535156,20.263656616210938,19.850587844848633,19.95530891418457,22618570
2025-03-28,18.846050262451172,19.970823287963867,20.250080108642578,19.879676818847656,20.168630599975586,9605054
2025-03-31,18.666702270507812,19.780771255493164,19.990215301513672,19.6120548248291,19.844768524169922,14377416
2025-04-01,18.730754852294922,19.84864616394043,19.877737045288086,19.50733184814453,19.633386611938477,15294245
2025-04-02,18.70513343811035,19.821496963500977,19.994094848632812,19.7128963470459,19.84864616394043,12276648
2025-04-03,19.31637954711914,20.469221115112305,20.63212013244629,19.76137924194336,19.825376510620117,17667277
2025-04-04,18.92291259765625,20.05227279663086,20.416860580444336,19.86416244506836,20.362560272216797,19172982
2025-04-07,18.639251708984375,19.75168228149414,20.168630599975586,19.590721130371094,20.00960922241211,14503235
2025-04-08,18.591670989990234,19.701261520385742,20.11045265197754,19.586843490600586,19.802104949951172,13371378
2025-04-09,18.853370666503906,19.978580474853516,20.168630599975586,19.375459671020508,19.619810104370117,19488561
2025-04-10,19.215723037719727,20.362560272216797,20.362560272216797,19.924280166625977,20.029001235961914,26318890
2025-04-11,19.585399627685547,20.754297256469727,20.864835739135742,20.385831832885742,20.459524154663086,19152871
2025-04-14,19.837947845458984,21.02191925048828,21.12858009338379,20.72714614868164,21.012222290039062,14556863
2025-04-15,19.84343910217285,21.02773666381836,21.095611572265625,20.812475204467773,20.942407608032227,15386547
2025-04-16,19.636640548706055,20.808597564697266,21.000587463378906,20.63405990600586,20.950164794921875,18332468
2025-04-17,19.949581146240234,21.140216827392578,21.184818267822266,20.694177627563477,20.723268508911133,11582065
2025-04-22,20.128931045532227,21.33026695251465,21.388444900512695,20.899742126464844,20.932710647583008,20014526
2025-04-23,20.608407974243164,21.838359832763672,21.919811248779297,21.341901779174805,21.429170608520508,24582174
2025-04-24,21.03481101989746,22.29021453857422,22.363908767700195,21.89459991455078,21.95665740966797,20512130
2025-04-25,21.115333557128906,22.37554359436035,22.43760108947754,22.206825256347656,22.301851272583008,20418797
2025-04-28,21.11899757385254,22.379423141479492,22.466690063476562,22.214582443237305,22.301851272583008,20681264
2025-04-29,21.031152725219727,22.28633689880371,22.58304786682129,22.197128295898438,22.47638702392578,24054661
2025-04-30,21.54193878173828,22.086589813232422,22.15252685546875,21.623098373413086,21.640552520751953,40481280
2025-05-02,21.562744140625,22.107921600341797,22.133132934570312,21.85387420654297,22.014835357666016,17661089
2025-05-05,21.451147079467773,21.99350357055664,22.158344268798828,21.81315040588379,22.158344268798828,16516341
2025-05-06,21.698930740356445,22.24755096435547,22.317365646362305,21.977989196777344,22.010957717895508,32658835
2025-05-07,21.85592269897461,22.408512115478516,22.542322158813477,22.0575008392334,22.301851272583008,25147844
2025-05-08,21.980758666992188,22.5365047454834,23.031024932861328,22.49384117126465,22.883638381958008,38705373
2025-05-09,22.116943359375,22.67613410949707,22.994178771972656,22.503536224365234,22.590805053710938,24564641
2025-05-12,21.470064163208008,22.012897491455078,22.705223083496094,21.834482192993164,22.689708709716797,26545777
2025-05-13,21.58544158935547,22.131193161010742,22.301851272583008,21.41365623474121,22.107921600341797,31168084
2025-05-14,21.58355140686035,22.129253387451172,22.354211807250977,21.985746383666992,22.010957717895508,17292913
2025-05-15,21.9410400390625,22.49578094482422,22.49578094482422,22.18937110900879,22.29215431213379,10536838
2025-05-16,21.99778175354004,22.553958892822266,22.557838439941406,22.233976364135742,22.406572341918945,16757666
2025-05-19,22.05830955505371,22.616016387939453,22.716859817504883,22.460872650146484,22.522930145263672,6593645
2025-05-20,22.569005966186523,23.139625549316406,23.21137809753418,22.546201705932617,22.662559509277344,20527600
2025-05-21,22.35338020324707,22.918546676635742,23.21719741821289,22.82546043395996,23.141563415527344,21361925
2025-05-22,21.93536376953125,22.489961624145508,22.899152755737305,22.464752197265625,22.883638381958008,16154869
2025-05-23,22.14153480529785,22.701345443725586,22.73237419128418,22.022592544555664,22.303789138793945,9975292
2025-05-26,22.408231735229492,22.97478485107422,23.135746002197266,22.711042404174805,22.747888565063477,5598952
2025-05-27,22.497129440307617,23.06593132019043,23.434396743774414,22.97090721130371,23.281192779541016,9838644
2025-05-28,22.181255340576172,22.742069244384766,23.129928588867188,22.742069244384766,23.083385467529297,11906926
2025-05-29,22.508480072021484,23.07756805419922,23.232711791992188,22.742069244384766,22.742069244384766,15047248
2025-05-30,22.20206069946289,22.763402938842773,23.203622817993164,22.546201705932617,23.203622817993164,28273212
2025-06-02,21.85592269897461,22.408512115478516,22.97090721130371,22.33675765991211,22.765342712402344,7794599
2025-06-03,21.9561710357666,22.511295318603516,22.598562240600586,22.232036590576172,22.447298049926758,12044089
2025-06-04,21.67055892944336,22.218461990356445,22.670316696166992,22.09628677368164,22.54426383972168,12173002
2025-06-05,21.76323890686035,22.313486099243164,22.402694702148438,22.04392433166504,22.323183059692383,9625680
2025-06-06,21.744327545166016,22.29409408569336,22.410451889038086,22.08271026611328,22.319305419921875,10043874
2025-06-09,21.39629364013672,21.93726348876953,22.38718032836914,21.716184616088867,22.14864730834961,13578155
2025-06-10,21.761350631713867,22.311548233032227,22.49772071838379,22.063318252563477,22.13701057434082,17733796
2025-06-11,21.827550888061523,22.379423141479492,22.569473266601562,22.13895034790039,22.214582443237305,12414843
2025-06-12,21.910776138305664,22.464752197265625,22.49578094482422,22.09434700012207,22.23979377746582,14926070
2025-06-13,21.77269744873047,22.323183059692383,22.49384117126465,22.14282989501953,22.14670753479004,12287993
2025-06-16,21.87105369567871,22.424026489257812,22.62959098815918,22.414329528808594,22.606319427490234,17630150
2025-06-17,22.090465545654297,22.648984909057617,22.648984909057617,22.24755096435547,22.356151580810547,20035152
2025-06-18,21.931581497192383,22.486083984375,22.780855178833008,22.48414421081543,22.62959098815918,9988699
2025-06-20,21.874835968017578,22.42790412902832,22.546201705932617,22.24949073791504,22.546201705932617,19422042
2025-06-23,21.56842041015625,22.113740921020508,22.377483367919922,21.970232009887695,22.369726181030273,11664053
2025-06-24,21.734867095947266,22.28439712524414,22.503536224365234,22.010957717895508,22.18549346923828,11447479
2025-06-25,21.502216339111328,22.04586410522461,22.24949073791504,21.943082809448242,22.0419864654541,9134779
2025-06-26,21.782154083251953,22.3328800201416,22.350332260131836,22.00320053100586,22.18743324279785,9018757
2025-06-27,21.761350631713867,22.311548233032227,22.38330078125,22.1951904296875,22.243671417236328,8240638
2025-06-30,22.53306770324707,23.1027774810791,23.238529205322266,22.160282135009766,22.206825256347656,17586835
2025-07-01,22.79976463317871,23.376218795776367,23.523605346679688,23.131868362426758,23.203622817993164,12492707
2025-07-02,21.79350471496582,22.34451675415039,23.424701690673828,22.301851272583008,23.424701690673828,24147994
2025-07-03,22.196388244628906,22.757585525512695,22.97672462463379,22.43760108947754,22.43760108947754,9996950
2025-07-04,22.2852840423584,22.848730087280273,22.895273208618164,22.63153076171875,22.792491912841797,3958146
2025-07-07,21.884294509887695,22.43760108947754,22.916606903076172,22.369726181030273,22.747888565063477,9601444
2025-07-08,21.627056121826172,22.173858642578125,22.233976364135742,21.9547176361084,22.20488739013672,15899621
2025-07-09,21.468170166015625,22.010957717895508,22.311548233032227,21.923688888549805,22.206825256347656,10666266
2025-07-10,21.186344146728516,21.722003936767578,21.818967819213867,21.334144592285156,21.818967819213867,21627486
2025-07-11,21.114465713500977,21.6483097076416,21.84417724609375,21.485408782958984,21.590131759643555,8011173
2025-07-14,21.065288543701172,21.597888946533203,21.70842742919922,21.506742477416992,21.588191986083984,14343383
2025-07-15,21.120140075683594,21.65412712097168,21.776302337646484,21.400081634521484,21.70454978942871,11556798
2025-07-16,21.25632667541504,21.79375648498535,21.90235710144043,21.516437530517578,21.588191986083984,10170725
2025-07-17,21.277132034301758,21.815088272094727,21.830602645874023,21.597888946533203,21.729759216308594,16905143
2025-07-18,20.934778213500977,21.46407699584961,21.875207901000977,21.402019500732422,21.578495025634766,19013129
2025-07-21,21.035024642944336,21.56686019897461,21.617280960083008,21.361295700073242,21.487348556518555,8427304
2025-07-22,20.823179244995117,21.349658966064453,21.753032684326172,21.26626968383789,21.595949172973633,12707218
2025-07-23,20.98395538330078,21.51449966430664,21.60370635986328,21.091733932495117,21.361295700073242,13665300
2025-07-24,20.6113338470459,21.132457733154297,21.30893325805664,21.095611572265625,21.225543975830078,9705606
2025-07-25,20.32383155822754,20.83768653869629,21.36711311340332,20.785324096679688,21.343841552734375,9710247
2025-07-28,20.22736930847168,20.73878288269043,20.92689323425293,20.517702102661133,20.769811630249023,13691082
2025-07-29,20.221691131591797,20.73296356201172,20.996707916259766,20.614667892456055,20.88422966003418,7898245
2025-07-30,20.609445571899414,21.13051986694336,21.33026695251465,20.63405990600586,20.73490333557129,15703673
2025-07-31,20.486499786376953,21.004465103149414,21.054887771606445,20.663150787353516,20.897804260253906,12040995
2025-08-01,20.592422485351562,21.113065719604492,21.584312438964844,20.97149658203125,21.27596664428711,20806568
2025-08-04,20.537569046020508,21.056825637817383,21.403959274291992,20.862897872924805,21.332204818725586,6518875
2025-08-05,20.352205276489258,20.866775512695312,21.177061080932617,20.756235122680664,20.93659019470215,18105066
2025-08-06,20.688886642456055,21.21196937561035,21.235240936279297,20.860958099365234,21.02385711669922,14092776
2025-08-07,21.087987899780273,21.62116050720215,21.768545150756836,21.12858009338379,21.334144592285156,19043553
2025-08-08,21.106901168823242,21.640552520751953,21.910114288330078,21.539709091186523,21.720064163208008,16616378
2025-08-11,20.98963165283203,21.52031707763672,21.56298065185547,21.151851654052734,21.535831451416016,12583461
2025-08-12,23.21588897705078,23.8028621673584,23.981277465820312,22.49578094482422,22.546201705932617,46575774
2025-08-13,22.6597957611084,23.232711791992188,23.925037384033203,23.232711791992188,23.734987258911133,25230864
2025-08-14,22.27015495300293,22.83321762084961,23.50421142578125,22.808006286621094,22.934059143066406,13732850
2025-08-15,22.026153564453125,22.58304786682129,22.941816329956055,22.507415771484375,22.839035034179688,11415509
2025-08-18,22.589813232421875,23.16095733642578,23.22495460510254,22.57529067993164,22.62765121459961,9963432
2025-08-19,21.79539680480957,22.346454620361328,22.740131378173828,22.28245735168457,22.49578094482422,13709130
2025-08-20,21.861595153808594,22.414329528808594,22.513233184814453,22.228158950805664,22.424026489257812,9592163
2025-08-21,22.05263328552246,22.610197067260742,22.86618423461914,22.377483367919922,22.418209075927734,9421482
2025-08-22,22.495241165161133,23.063993453979492,23.16095733642578,22.546201705932617,22.672256469726562,10820962
2025-08-25,22.580354690551758,23.151260375976562,23.422761917114258,23.151260375976562,23.26955795288086,7058763
2025-08-26,22.137752532958984,22.697467803955078,23.143503189086914,22.404634475708008,23.129928588867188,14743013
2025-08-27,22.71464729309082,23.288949966430664,23.3083438873291,22.796369552612305,22.903030395507812,10391424
2025-08-28,22.911361694335938,23.490636825561523,23.818376541137695,23.37040138244629,23.636083602905273,11185012
2025-08-29,23.16860008239746,23.754379272460938,23.934734344482422,23.59535789489746,23.795106887817383,26143569
2025-09-01,23.002153396606445,23.583723068237305,23.785409927368164,23.420822143554688,23.51778793334961,8049847
2025-09-02,22.835702896118164,23.41306495666504,23.65935516357422,23.292829513549805,23.46348762512207,13373956
2025-09-03,22.84137725830078,23.418882369995117,23.47124481201172,23.294767379760742,23.389793395996094,13122834
2025-09-04,22.998369216918945,23.579843521118164,23.721412658691406,23.3587646484375,23.41306495666504,19604067
2025-09-05,23.618772506713867,24.215932846069336,24.33616828918457,23.719472885131836,23.754379272460938,13214104
2025-09-08,23.64903450012207,24.246959686279297,24.371074676513672,24.027820587158203,24.27798843383789,12483425
2025-09-09,23.414491653442383,24.006488800048828,24.603790283203125,24.006488800048828,24.32453155517578,12842834
2025-09-10,23.618772506713867,24.215932846069336,24.34392547607422,23.946369171142578,24.047212600708008,9670542
2025-09-11,23.908166885375977,24.512643814086914,24.667787551879883,24.215932846069336,24.274110794067383,11812561
2025-09-12,23.724693298339844,24.32453155517578,24.400163650512695,23.963823318481445,24.221750259399414,9170359
2025-09-15,24.033002853393555,24.640636444091797,24.764751434326172,24.456403732299805,24.541732788085938,9615883
2025-09-16,23.927080154418945,24.53203582763672,24.82292938232422,24.318714141845703,24.72596549987793,10907076
2025-09-17,24.055702209472656,24.663908004760742,24.789962768554688,24.446706771850586,24.53203582763672,22734076
2025-09-18,24.469932556152344,25.088613510131836,25.29805564880371,24.619304656982422,24.67942237854004,60721662
2025-09-19,24.867141723632812,25.495864868164062,25.707246780395508,25.127399444580078,25.17394256591797,24033004
2025-09-22,24.505870819091797,25.125459671020508,25.513317108154297,24.82292938232422,25.429927825927734,18919281
2025-09-23,25.001436233520508,25.633554458618164,25.633554458618164,25.129337310791016,25.170063018798828,14186624
2025-09-24,24.80093765258789,25.427988052368164,25.726640701293945,25.2592716217041,25.720821380615234,10647187
2025-09-25,24.449127197265625,25.06728172302246,25.422170639038086,25.02655601501465,25.31938934326172,16709195
2025-09-26,24.284568786621094,24.898561477661133,25.245695114135742,24.807416915893555,25.21078872680664,11315988
2025-09-29,24.677993774414062,25.30193519592285,25.30193519592285,24.77056884765625,24.77056884765625,16185292
2025-09-30,24.999544143676758,25.631614685058594,25.674278259277344,25.358173370361328,25.385324478149414,12717015
2025-10-01,24.806615829467773,25.433807373046875,25.831361770629883,25.239877700805664,25.68979263305664,18682596
2025-10-02,24.072725296020508,24.68136215209961,25.424110412597656,24.68136215209961,25.375627517700195,15760395
2025-10-03,24.131359100341797,24.741479873657227,24.86171531677246,24.594093322753906,24.7279052734375,10829212
2025-10-06,24.08596420288086,24.694936752319336,25.012981414794922,24.52815818786621,25.012981414794922,8211762
2025-10-07,23.607423782348633,24.204296112060547,24.72014808654785,24.03557777404785,24.53203582763672,10855511
2025-10-08,23.427734375,24.020063400268555,24.42731475830078,23.85134506225586,24.351682662963867,9612789
2025-10-09,23.325593948364258,23.915342330932617,24.200416564941406,23.721412658691406,24.14223861694336,11524312
2025-10-10,23.11564064025879,23.70008087158203,24.130603790283203,23.610872268676758,23.99097442626953,18193242
2025-10-13,23.365314483642578,23.956066131591797,24.022003173828125,23.781530380249023,23.85328483581543,16416305
2025-10-14,23.6112060546875,24.208175659179688,24.404043197631836,23.85134506225586,23.861040115356445,13987067
2025-10-15,23.947885513305664,24.553367614746094,24.559186935424805,23.861040115356445,24.03363800048828,24151088
2025-10-16,24.399948120117188,25.01685905456543,25.088613510131836,24.276050567626953,24.34198570251465,17928197
2025-10-17,24.37914276123047,24.995527267456055,25.222423553466797,24.892744064331055,24.892744064331055,19683477
2025-10-20,24.64394760131836,25.26702880859375,25.427988052368164,25.088613510131836,25.16036605834961,9983543
2025-10-21,24.632598876953125,25.25539207458496,25.495864868164062,25.125459671020508,25.19721221923828,12308619
2025-10-22,24.608009338378906,25.230180740356445,25.559860229492188,25.183637619018555,25.49974250793457,12900072
2025-10-23,24.712038040161133,25.336841583251953,25.530771255493164,25.224363327026367,25.346538543701172,10264573
2025-10-24,25.17734146118164,25.813907623291016,25.924448013305664,25.30387306213379,25.44544219970703,13891156
2025-10-27,24.974952697753906,25.606403350830078,26.258005142211914,25.379507064819336,25.94771957397461,11125197
2025-10-28,24.93712615966797,25.567617416381836,25.676218032836914,25.379507064819336,25.606403350830078,9538019
2025-10-29,24.82552719116211,25.45319938659668,25.7382755279541,25.439624786376953,25.59670639038086,7246461
2025-10-30,24.942800521850586,25.573436737060547,25.773183822631836,25.294178009033203,25.385324478149414,9686011
2025-10-31,24.93523406982422,25.5656795501709,25.775121688842773,25.387264251708984,25.751850128173828,9308554
2025-11-03,25.213279724121094,25.850753784179688,25.877904891967773,25.552104949951172,25.84687614440918,10403799
2025-11-04,25.271915435791016,25.910871505737305,26.066015243530273,25.69948959350586,25.84493637084961,8972864
2025-11-05,25.773155212402344,26.424785614013672,26.5760498046875,25.79257583618164,25.910871505737305,16016674
2025-11-06,25.803417205810547,26.455812454223633,26.845611572265625,26.397634506225586,26.605138778686523,18755819
2025-11-07,25.933929443359375,26.589624404907227,26.60901641845703,26.265762329101562,26.391817092895508,10708550
2025-11-10,25.913124084472656,26.56829261779785,26.868881225585938,26.37630271911621,26.8165225982666,11752230
2025-11-11,26.037960052490234,26.696285247802734,27.00075340270996,26.009775161743164,26.31618309020996,42070520
2025-11-12,26.74725914001465,27.423519134521484,27.423519134521484,26.56635284423828,26.76222038269043,21445977
2025-11-13,26.62242317199707,27.2955265045166,27.780349731445312,27.01432991027832,27.371158599853516,30708122
2025-11-14,27.066919326782227,27.75126075744629,27.852102279663086,27.2955265045166,27.2955265045166,24400664
2025-11-17,26.31032943725586,26.975542068481445,27.78810691833496,26.929000854492188,27.75126075744629,21510433
2025-11-18,25.73910903930664,26.389877319335938,27.088022232055664,26.364667892456055,26.975542068481445,16977850
2025-11-19,25.850704193115234,26.504295349121094,26.740888595581055,26.215341567993164,26.269641876220703,14760545
2025-11-21,25.928255081176758,26.58380699157715,26.717618942260742,26.31618309020996,26.570232391357422,14167545
2025-11-24,26.59783363342285,27.270315170288086,27.270315170288086,26.545021057128906,26.581867218017578,21688849
2025-11-25,26.60161781311035,27.274194717407227,27.599994659423828,27.02402687072754,27.479759216308594,10395549
2025-11-26,26.760501861572266,27.437095642089844,27.720230102539062,27.318798065185547,27.376977920532227,13349205
2025-11-27,26.83048439025879,27.508848190307617,27.654294967651367,27.408004760742188,27.473941802978516,6337881
2025-11-28,26.66781997680664,27.342069625854492,27.63878059387207,27.060871124267578,27.63878059387207,10766819
2025-12-01,26.429494857788086,27.097719192504883,27.39636993408203,27.01626968383789,27.243165969848633,14033991
2025-12-02,27.214454650878906,27.902524948120117,28.057668685913086,27.11129379272461,27.188865661621094,37049098
2025-12-03,26.817245483398438,27.49527359008789,27.9956111907959,27.380855560302734,27.916099548339844,14366071
2025-12-04,27.133119583129883,27.819135665893555,27.867618560791016,27.524362564086914,27.59417724609375,11424275
2025-12-05,25.992563247680664,26.649742126464844,28.216690063476562,26.434480667114258,27.848224639892578,30107388
2025-12-08,25.949060440063477,26.605138778686523,26.948392868041992,26.203704833984375,26.85918617248535,16879876
2025-12-09,25.788284301757812,26.440298080444336,26.692407608032227,25.920568466186523,26.333637237548828,12025010
2025-12-10,25.536720275878906,26.182373046875,26.614835739135742,25.94771957397461,26.442237854003906,15056014
2025-12-11,25.442148208618164,26.08540916442871,26.38212013244629,25.94771957397461,26.151344299316406,12246740
2025-12-12,25.88475227355957,26.539203643798828,26.634227752685547,26.126134872436523,26.18043327331543,11324239
2025-12-15,26.29141616821289,26.95615005493164,27.10547637939453,26.533384323120117,26.698225021362305,15141097
2025-12-16,25.3002872467041,25.93996238708496,26.589624404907227,25.93996238708496,26.587684631347656,17076855
2025-12-17,25.290830612182617,25.930265426635742,26.19400978088379,25.44544219970703,25.69561004638672,27351742
2025-12-18,25.59346580505371,26.24055290222168,26.399574279785156,25.734397888183594,25.79257583618164,13021766
2025-12-19,25.788284301757812,26.440298080444336,26.932878494262695,25.970991134643555,25.970991134643555,47124428
2025-12-22,25.81855010986328,26.471328735351562,26.517871856689453,25.99232292175293,26.461631774902344,10950906
2025-12-23,26.675386428833008,27.34982681274414,27.390552520751953,26.500417709350586,26.601259231567383,34426491
2025-12-26,26.620698928833008,26.766910552978516,27.06043815612793,26.34958267211914,27.05644416809082,10566482
2025-12-29,26.295015335083008,26.439437866210938,26.930646896362305,26.2896785736084,26.707006454467773,11592631
2025-12-30,26.4896297454834,26.635122299194336,26.756925582885742,26.447423934936523,26.756925582885742,11105849
2026-01-02,26.42608070373535,26.571224212646484,26.8367977142334,26.35956573486328,26.73296546936035,15218459
2026-01-05,26.06663703918457,26.209806442260742,26.567230224609375,26.04007911682129,26.567230224609375,13385513
2026-01-06,25.911739349365234,26.054058074951172,26.73296546936035,25.97618293762207,26.50932502746582,12496083
2026-01-07,25.758827209472656,25.900304794311523,26.22178840637207,25.696632385253906,26.082012176513672,12696906
2026-01-08,26.106355667114258,26.24974250793457,26.26771354675293,25.78449249267578,25.918275833129883,13774638
2026-01-09,26.114299774169922,26.25773048400879,26.557247161865234,26.16787338256836,26.357568740844727,13731068
2026-01-12,25.272287368774414,25.41109275817871,26.20381736755371,25.26932144165039,26.20381736755371,19292006
2026-01-13,24.720212936401367,24.855985641479492,25.41109275817871,24.80007553100586,25.259336471557617,25455913
2026-01-14,24.813549041748047,24.9498348236084,25.097597122192383,24.548480987548828,24.987773895263672,15440315
2026-01-15,24.678510665893555,24.814054489135742,25.107580184936523,24.60838508605957,25.10558319091797,26252192
2026-01-16,24.557369232177734,24.692249298095703,24.814054489135742,24.21701431274414,24.784101486206055,25969738
2026-01-19,24.62489128112793,24.760141372680664,24.844005584716797,24.574438095092773,24.65031623840332,8000358
2026-01-20,25.387466430664062,25.526905059814453,25.656696319580078,24.634342193603516,24.75814437866211,20602112
2026-01-21,25.979259490966797,26.1219482421875,26.251739501953125,25.62075424194336,25.73856544494629,22735540
2026-01-22,26.823257446289062,26.9705810546875,27.19821548461914,26.34958267211914,26.357568740844727,29439315
2026-01-23,27.633495330810547,27.78527069091797,28.08678436279297,26.898698806762695,27.256122589111328,22000860
2026-01-26,27.58384895324707,27.7353515625,28.092775344848633,27.282081604003906,27.75931167602539,14604973
2026-01-27,27.901588439941406,28.05483627319336,28.583984375,27.976961135864258,28.1147403717041,18690038
2026-01-28,28.151811599731445,28.306432723999023,28.432228088378906,27.833194732666016,28.24652862548828,14721660
2026-01-29,27.728818893432617,27.88111686706543,28.500120162963867,27.62153434753418,28.500120162963867,12378895
2026-01-30,28.044572830200195,28.198604583740234,28.33238983154297,27.9030818939209,27.9030818939209,18879843
2026-02-02,28.50529670715332,28.6618595123291,28.823598861694336,28.226560592651367,28.422245025634766,11902630
2026-02-03,28.90048599243164,29.059219360351562,29.52247428894043,28.905466079711914,28.9354190826416,16160473
2026-02-04,28.503311157226562,28.659862518310547,29.147077560424805,28.354354858398438,28.979347229003906,13234771
2026-02-05,28.79523468017578,28.95339012145996,29.350751876831055,28.741731643676758,28.741731643676758,12541657
2026-02-06,28.56686019897461,28.7237606048584,29.15306854248047,28.498123168945312,28.71577262878418,13726561
2026-02-09,29.436674118041992,29.598352432250977,29.698190689086914,28.645885467529297,28.743728637695312,9728135
2026-02-10,29.978818893432617,30.143474578857422,30.22933578491211,29.25290870666504,29.452587127685547,19530389
2026-02-11,30.39585304260254,30.56279945373535,31.002092361450195,30.13349151611328,30.446985244750977,14713147
2026-02-12,30.310461044311523,30.476938247680664,30.948179244995117,30.35313606262207,30.413040161132812,28156753
2026-02-13,30.284643173217773,30.450979232788086,30.618709564208984,29.452587127685547,29.772071838378906,11622179
2026-02-18,30.211166381835938,30.377098083496094,30.728532791137695,30.0915584564209,30.50289535522461,13784654
2026-02-19,30.48918914794922,30.656648635864258,31.006086349487305,30.259288787841797,30.512880325317383,13517225
2026-02-20,30.403797149658203,30.57078742980957,30.78044891357422,30.135486602783203,30.458967208862305,15235987
2026-02-23,30.225067138671875,30.391075134277344,30.710561752319336,30.223346710205078,30.490915298461914,9630478
2026-02-24,30.5825252532959,30.750497817993164,30.792430877685547,30.231332778930664,30.578773498535156,16829548
2026-02-25,31.154457092285156,31.325571060180664,31.43339729309082,30.772462844848633,30.950176239013672,13189698
2026-02-26,30.876436233520508,31.046022415161133,31.698970794677734,30.73452377319336,31.50128936767578,13507209
2026-02-27,30.560680389404297,30.728532791137695,31.048017501831055,30.37110710144043,30.750497817993164,22599321
2026-03-02,30.366065979003906,30.532848358154297,30.768468856811523,29.816001892089844,29.839963912963867,11525524
2026-03-03,29.428730010986328,29.590364456176758,29.853940963745117,28.913454055786133,29.458576202392578,21236131
2026-03-04,30.064210891723633,30.22933578491211,30.48492431640625,29.79203987121582,29.931814193725586,18392560
2026-03-05,29.025596618652344,29.185016632080078,30.10553550720215,29.02128028869629,29.835969924926758,10546951
2026-03-06,28.74757194519043,28.905466079711914,29.302827835083008,28.60594940185547,29.1810245513916,13990485
2026-03-09,28.99382209777832,29.15306854248047,29.34476089477539,28.23255157470703,28.913454055786133,15064211
2026-03-10,29.412843704223633,29.574390411376953,29.925825119018555,29.06720733642578,29.534454345703125,11098337
2026-03-11,29.3532657623291,29.51448631286621,29.90985107421875,29.109140396118164,29.173036575317383,9005473
2026-03-12,28.644309997558594,28.8016357421875,29.161056518554688,28.649879455566406,28.663856506347656,15515937
2026-03-13,28.823036193847656,28.98134422302246,29.448593139648438,28.727752685546875,29.137094497680664,19034592
2026-03-16,28.918359756469727,29.077190399169922,29.520477294921875,28.873519897460938,29.276870727539062,9960508
2026-03-17,29.688880920410156,29.851943969726562,30.15146255493164,29.077190399169922,29.264888763427734,25262602
2026-03-18,29.242055892944336,29.402666091918945,29.885889053344727,29.402666091918945,29.67223358154297,23017994
2026-03-19,30.34819221496582,30.514877319335938,30.514877319335938,28.775676727294922,29.043245315551758,13390521
2026-03-20,29.700000762939453,29.700000762939453,30.384000778198242,29.423999786376953,30.09600067138672,29660500
2026-03-23,30.507999420166016,30.507999420166016,30.95599937438965,30.176000595092773,30.17799949645996,14220500
2026-03-24,30.54199981689453,30.54199981689453,30.718000411987305,29.979999542236328,30.413999557495117,11357500
2026-03-25,31.266000747680664,31.266000747680664,31.384000778198242,30.77199935913086,31.0,12032500
2026-03-26,30.56800079345703,30.56800079345703,31.195999145507812,30.399999618530273,30.892000198364258,11691500
2026-03-27,30.224000930786133,30.224000930786133,30.65399932861328,30.055999755859375,30.3700008392334,11820000
2026-03-30,30.81999969482422,30.81999969482422,31.058000564575195,30.3799991607666,30.503999710083008,16078500
2026-03-31,31.648000717163086,31.648000717163086,31.974000930786133,31.003999710083008,31.350000381469727,20027000
2026-04-01,31.22599983215332,31.22599983215332,31.979999542236328,31.059999465942383,31.979999542236328,19023000
2026-04-02,31.520000457763672,31.520000457763672,31.604000091552734,30.479999542236328,30.479999542236328,11161500
2026-04-06,31.20400047302246,31.20400047302246,31.67799949645996,31.079999923706055,31.676000595092773,8208500
2026-04-07,31.350000381469727,31.350000381469727,31.444000244140625,30.809999465942383,31.100000381469727,9244000
2026-04-08,32.215999603271484,32.215999603271484,32.53799819946289,31.715999603271484,31.715999603271484,16804500
2026-04-09,33.279998779296875,33.279998779296875,33.56800079345703,32.27799987792969,32.400001525878906,15988000
2026-04-10,34.099998474121094,34.099998474121094,34.34600067138672,33.1619987487793,33.599998474121094,21059000
2026-04-13,33.69599914550781,33.69599914550781,33.96200180053711,33.400001525878906,33.939998626708984,25782500
2026-04-14,33.79399871826172,33.79399871826172,34.17399978637695,33.72600173950195,33.72999954223633,18616000
2026-04-15,34.097999572753906,34.097999572753906,34.14400100708008,33.470001220703125,33.7599983215332,25150500
2026-04-16,33.58000183105469,33.58000183105469,34.15599822998047,33.4119987487793,34.12799835205078,15760000
2026-04-17,33.736000061035156,33.736000061035156,34.28799819946289,33.61000061035156,34.0620002746582,60905500
2026-04-20,35.20800018310547,35.20800018310547,35.29800033569336,33.64799880981445,33.875999450683594,22489500
2026-04-22,34.57600021362305,34.57600021362305,35.183998107910156,34.4640007019043,35.0,18242500
2026-04-23,34.417999267578125,34.417999267578125,35.31800079345703,34.36399841308594,34.36399841308594,15128500
2026-04-24,34.46200180053711,34.46200180053711,34.99599838256836,34.38199996948242,34.64799880981445,38136000
2026-04-27,33.97200012207031,33.97200012207031,34.540000915527344,33.92399978637695,34.400001525878906,9450000
2026-04-28,33.400001525878906,33.400001525878906,33.66600036621094,32.95800018310547,33.66600036621094,12319000
2026-04-29,32.9900016784668,32.9900016784668,33.88999938964844,32.79999923706055,33.400001525878906,9484100
2026-04-30,33.150001525878906,33.150001525878906,33.619998931884766,33.02000045776367,33.220001220703125,12468200
2026-05-04,32.84000015258789,32.84000015258789,33.63999938964844,32.66999816894531,33.18000030517578,14908400
2026-05-05,33.290000915527344,33.290000915527344,33.369998931884766,32.349998474121094,32.529998779296875,12156900
2026-05-06,32.869998931884766,32.869998931884766,33.70000076293945,32.31999969482422,33.540000915527344,16700300
2026-05-07,31.65999984741211,31.65999984741211,32.83000183105469,31.559999465942383,32.36000061035156,14443800
2026-05-08,31.1299991607666,31.1299991607666,32.150001525878906,30.969999313354492,32.040000915527344,13556100
2026-05-11,30.420000076293945,30.420000076293945,31.1299991607666,30.360000610351562,30.739999771118164,12445700
2026-05-12,29.549999237060547,29.549999237060547,30.389999389648438,29.440000534057617,30.31999969482422,15932400
2026-05-13,29.100000381469727,29.100000381469727,29.84000015258789,29.06999969482422,29.75,33428300
2026-05-14,29.520000457763672,29.520000457763672,29.770000457763672,29.100000381469727,29.100000381469727,13431400
2026-05-15,29.030000686645508,29.030000686645508,29.239999771118164,28.700000762939453,28.979999542236328,15759800
2026-05-18,29.15999984741211,29.15999984741211,29.3799991607666,28.84000015258789,28.989999771118164,9288000
2026-05-19,28.540000915527344,28.540000915527344,29.149999618530273,28.459999084472656,28.600000381469727,12289200
2026-05-20,29.149999618530273,29.149999618530273,29.440000534057617,28.3700008392334,28.719999313354492,20170300
2026-05-21,28.6200008392334,28.6200008392334,29.010000228881836,28.389999389648438,28.81999969482422,11822100
2026-05-22,28.459999084472656,28.459999084472656,28.540000915527344,27.969999313354492,28.299999237060547,11035800
2026-05-25,29.100000381469727,29.100000381469727,29.100000381469727,28.59000015258789,28.860000610351562,7623100
2026-05-26,28.770000457763672,28.770000457763672,29.059999465942383,28.440000534057617,29.0,16071400
2026-05-27,28.559999465942383,28.559999465942383,29.18000030517578,28.520000457763672,29.1299991607666,11753300
2026-05-28,28.15999984741211,28.15999984741211,28.93000030517578,28.15999984741211,28.549999237060547,15289700
2026-05-29,27.950000762939453,27.950000762939453,28.450000762939453,27.520000457763672,28.1200008392334,28279900
2026-06-01,27.280000686645508,27.280000686645508,28.030000686645508,27.280000686645508,27.959999084472656,10347400
2026-06-02,27.690000534057617,27.690000534057617,27.950000762939453,27.389999389648438,27.520000457763672,14159800
2026-06-03,27.229999542236328,27.229999542236328,27.93000030517578,27.020000457763672,27.170000076293945,24893300
2026-06-05,27.34000015258789,27.34000015258789,27.68000030517578,26.709999084472656,27.010000228881836,16867800
2026-06-08,27.270000457763672,27.270000457763672,27.670000076293945,27.1299991607666,27.469999313354492,13517100
2026-06-09,27.690000534057617,27.690000534057617,27.920000076293945,27.34000015258789,27.700000762939453,14678200
2026-06-10,27.520000457763672,27.520000457763672,28.1200008392334,27.489999771118164,27.600000381469727,14446000
2026-06-11,27.850000381469727,27.850000381469727,28.040000915527344,27.270000457763672,27.360000610351562,13557300
2026-06-12,27.540000915527344,27.540000915527344,28.139999389648438,27.540000915527344,27.549999237060547,11033900
2026-06-15,27.8700008392334,27.8700008392334,28.450000762939453,27.770000457763672,27.969999313354492,17643000
2026-06-16,27.799999237060547,27.799999237060547,28.489999771118164,27.799999237060547,28.329999923706055,17023500
2026-06-17,27.459999084472656,27.459999084472656,28.209999084472656,27.280000686645508,27.670000076293945,12813600
2026-06-18,26.899999618530273,26.899999618530273,27.6299991607666,26.809999465942383,27.34000015258789,14742000
2026-06-19,26.959999084472656,26.959999084472656,27.229999542236328,26.850000381469727,26.969999313354492,16536700
2026-06-22,27.90999984741211,27.90999984741211,28.049999237060547,27.059999465942383,27.06999969482422,19070400
2026-06-23,28.15999984741211,28.15999984741211,28.420000076293945,27.549999237060547,27.56999969482422,13227500
2026-06-24,28.469999313354492,28.469999313354492,28.729999542236328,28.049999237060547,28.110000610351562,17000200
2026-06-25,28.899999618530273,28.899999618530273,29.329999923706055,28.56999969482422,28.56999969482422,15848700
2026-06-26,29.600000381469727,29.600000381469727,29.81999969482422,28.899999618530273,28.899999618530273,18308700
2026-06-29,29.649999618530273,29.649999618530273,29.93000030517578,29.34000015258789,29.700000762939453,10873100
2026-06-30,29.639999389648438,29.639999389648438,30.0,29.09000015258789,29.25,26400000
2026-07-01,29.850000381469727,29.850000381469727,29.8799991607666,28.969999313354492,29.100000381469727,13525600
2026-07-02,29.90999984741211,29.90999984741211,30.270000457763672,29.709999084472656,30.059999465942383,9089800
2026-07-03,30.3700008392334,30.3700008392334,30.649999618530273,30.079999923706055,30.190000534057617,10456600
2026-07-06,29.709999084472656,29.709999084472656,30.280000686645508,29.670000076293945,30.0,6942800
2026-07-07,29.469999313354492,29.469999313354492,29.950000762939453,29.049999237060547,29.8799991607666,10316400
2026-07-08,29.25,29.25,29.469999313354492,29.149999618530273,29.239999771118164,5788200
2026-07-09,30.0,30.0,30.1299991607666,29.260000228881836,29.40999984741211,12846400
2026-07-10,31.110000610351562,31.110000610351562,31.110000610351562,30.639999389648438,30.8799991607666,13427200
2026-07-13,30.3700008392334,30.3700008392334,31.18000030517578,30.219999313354492,31.110000610351562,6037200
2026-07-14,30.34000015258789,30.34000015258789,30.610000610351562,30.219999313354492,30.510000228881836,6275100
2026-07-15,29.979999542236328,29.979999542236328,30.350000381469727,29.90999984741211,30.209999084472656,8790500
2026-07-16,29.299999237060547,29.299999237060547,30.149999618530273,29.239999771118164,30.149999618530273,9671700
2026-07-17,29.219999313354492,29.219999313354492,29.6299991607666,29.09000015258789,29.219999313354492,12795800
2026-07-20,28.979999542236328,28.979999542236328,29.420000076293945,28.979999542236328,29.219999313354492,6845700
2026-07-21,28.600000381469727,28.600000381469727,29.040000915527344,28.280000686645508,28.899999618530273,7206700
2026-07-22,29.290000915527344,29.290000915527344,29.469999313354492,28.540000915527344,28.860000610351562,13804700
2026-07-23,28.75,28.75,29.110000610351562,28.520000457763672,29.010000228881836,36430800
2026-07-24,28.3799991607666,28.3799991607666,28.75,28.299999237060547,28.709999084472656,9301900
2026-07-27,28.709999084472656,28.709999084472656,28.84000015258789,28.510000228881836,28.530000686645508,4104200
