Date,Adj Close,Close,High,Low,Open,Volume
2015-01-02,16.61225128173828,20.010000228881836,20.010000228881836,20.010000228881836,20.010000228881836,0
2015-01-05,16.61225128173828,20.010000228881836,20.010000228881836,20.010000228881836,20.010000228881836,0
2015-01-06,16.61225128173828,20.010000228881836,20.010000228881836,20.010000228881836,20.010000228881836,0
2015-01-07,16.61225128173828,20.010000228881836,20.010000228881836,20.010000228881836,20.010000228881836,0
2015-01-08,16.61225128173828,20.010000228881836,20.010000228881836,20.010000228881836,20.010000228881836,0
2015-01-09,16.61225128173828,20.010000228881836,20.010000228881836,20.010000228881836,20.010000228881836,0
2015-01-12,16.61225128173828,20.010000228881836,20.010000228881836,20.010000228881836,20.010000228881836,0
2015-01-13,16.61225128173828,20.010000228881836,20.010000228881836,20.010000228881836,20.010000228881836,0
2015-01-14,16.61225128173828,20.010000228881836,20.010000228881836,20.010000228881836,20.010000228881836,0
2015-01-15,16.61225128173828,20.010000228881836,20.010000228881836,20.010000228881836,20.010000228881836,0
2015-01-16,16.61225128173828,20.010000228881836,20.010000228881836,20.010000228881836,20.010000228881836,0
2015-01-19,16.61225128173828,20.010000228881836,20.010000228881836,20.010000228881836,20.010000228881836,0
2015-01-20,16.61225128173828,20.010000228881836,20.010000228881836,20.010000228881836,20.010000228881836,0
2015-01-21,16.61225128173828,20.010000228881836,20.010000228881836,20.010000228881836,20.010000228881836,0
2015-01-22,16.61225128173828,20.010000228881836,20.010000228881836,20.010000228881836,20.010000228881836,0
2015-01-23,16.61225128173828,20.010000228881836,20.010000228881836,20.010000228881836,20.010000228881836,0
2015-01-26,16.61225128173828,20.010000228881836,20.010000228881836,20.010000228881836,20.010000228881836,0
2015-01-27,16.61225128173828,20.010000228881836,20.010000228881836,20.010000228881836,20.010000228881836,0
2015-01-28,16.61225128173828,20.010000228881836,20.010000228881836,20.010000228881836,20.010000228881836,0
2015-01-29,16.61225128173828,20.010000228881836,20.010000228881836,20.010000228881836,20.010000228881836,0
2015-01-30,16.61225128173828,20.010000228881836,20.010000228881836,20.010000228881836,20.010000228881836,0
2015-02-02,16.61225128173828,20.010000228881836,20.010000228881836,20.010000228881836,20.010000228881836,0
2015-02-03,16.61225128173828,20.010000228881836,20.010000228881836,20.010000228881836,20.010000228881836,0
2015-02-04,16.61225128173828,20.010000228881836,20.010000228881836,20.010000228881836,20.010000228881836,0
2015-02-05,16.61225128173828,20.010000228881836,20.010000228881836,20.010000228881836,20.010000228881836,0
2015-02-06,16.61225128173828,20.010000228881836,20.010000228881836,20.010000228881836,20.010000228881836,0
2015-02-09,16.61225128173828,20.010000228881836,20.010000228881836,20.010000228881836,20.010000228881836,0
2015-02-10,16.61225128173828,20.010000228881836,20.010000228881836,20.010000228881836,20.010000228881836,0
2015-02-11,16.61225128173828,20.010000228881836,20.010000228881836,20.010000228881836,20.010000228881836,0
2015-02-12,16.61225128173828,20.010000228881836,20.010000228881836,20.010000228881836,20.010000228881836,0
2015-02-13,16.61225128173828,20.010000228881836,20.010000228881836,20.010000228881836,20.010000228881836,0
2015-02-18,16.61225128173828,20.010000228881836,20.010000228881836,20.010000228881836,20.010000228881836,0
2015-02-19,16.61225128173828,20.010000228881836,20.010000228881836,20.010000228881836,20.010000228881836,0
2015-02-20,16.61225128173828,20.010000228881836,20.010000228881836,20.010000228881836,20.010000228881836,0
2015-02-23,16.61225128173828,20.010000228881836,20.010000228881836,20.010000228881836,20.010000228881836,0
2015-02-24,16.61225128173828,20.010000228881836,20.010000228881836,20.010000228881836,20.010000228881836,0
2015-02-25,16.61225128173828,20.010000228881836,20.010000228881836,20.010000228881836,20.010000228881836,0
2015-02-26,16.61225128173828,20.010000228881836,20.010000228881836,20.010000228881836,20.010000228881836,0
2015-02-27,16.61225128173828,20.010000228881836,20.010000228881836,20.010000228881836,20.010000228881836,0
2015-03-02,16.61225128173828,20.010000228881836,20.010000228881836,20.010000228881836,20.010000228881836,0
2015-03-03,16.61225128173828,20.010000228881836,20.010000228881836,20.010000228881836,20.010000228881836,0
2015-03-04,16.61225128173828,20.010000228881836,20.010000228881836,20.010000228881836,20.010000228881836,0
2015-03-05,16.61225128173828,20.010000228881836,20.010000228881836,20.010000228881836,20.010000228881836,0
2015-03-06,16.61225128173828,20.010000228881836,20.010000228881836,20.010000228881836,20.010000228881836,0
2015-03-09,16.61225128173828,20.010000228881836,20.010000228881836,20.010000228881836,20.010000228881836,0
2015-03-10,16.61225128173828,20.010000228881836,20.010000228881836,20.010000228881836,20.010000228881836,0
2015-03-11,16.61225128173828,20.010000228881836,20.010000228881836,20.010000228881836,20.010000228881836,0
2015-03-12,16.61225128173828,20.010000228881836,20.010000228881836,20.010000228881836,20.010000228881836,0
2015-03-13,16.61225128173828,20.010000228881836,20.010000228881836,20.010000228881836,20.010000228881836,0
2015-03-16,16.61225128173828,20.010000228881836,20.010000228881836,20.010000228881836,20.010000228881836,0
2015-03-17,16.61225128173828,20.010000228881836,20.010000228881836,20.010000228881836,20.010000228881836,0
2015-03-18,16.61225128173828,20.010000228881836,20.010000228881836,20.010000228881836,20.010000228881836,0
2015-03-19,16.61225128173828,20.010000228881836,20.010000228881836,20.010000228881836,20.010000228881836,0
2015-03-20,16.61225128173828,20.010000228881836,20.010000228881836,20.010000228881836,20.010000228881836,0
2015-03-23,16.61225128173828,20.010000228881836,20.010000228881836,20.010000228881836,20.010000228881836,0
2015-03-24,16.61225128173828,20.010000228881836,20.010000228881836,20.010000228881836,20.010000228881836,0
2015-03-25,16.61225128173828,20.010000228881836,20.010000228881836,20.010000228881836,20.010000228881836,0
2015-03-26,16.61225128173828,20.010000228881836,20.010000228881836,20.010000228881836,20.010000228881836,0
2015-03-27,16.61225128173828,20.010000228881836,20.010000228881836,20.010000228881836,20.010000228881836,0
2015-03-30,16.61225128173828,20.010000228881836,20.010000228881836,20.010000228881836,20.010000228881836,0
2015-03-31,16.61225128173828,20.010000228881836,20.010000228881836,20.010000228881836,20.010000228881836,0
2015-04-01,16.61225128173828,20.010000228881836,20.010000228881836,20.010000228881836,20.010000228881836,0
2015-04-02,16.61225128173828,20.010000228881836,20.010000228881836,20.010000228881836,20.010000228881836,0
2015-04-06,16.61225128173828,20.010000228881836,20.010000228881836,20.010000228881836,20.010000228881836,0
2015-04-07,16.61225128173828,20.010000228881836,20.010000228881836,20.010000228881836,20.010000228881836,0
2015-04-08,16.61225128173828,20.010000228881836,20.010000228881836,20.010000228881836,20.010000228881836,0
2015-04-09,16.61225128173828,20.010000228881836,20.010000228881836,20.010000228881836,20.010000228881836,0
2015-04-10,16.61225128173828,20.010000228881836,20.010000228881836,20.010000228881836,20.010000228881836,0
2015-04-13,16.61225128173828,20.010000228881836,20.010000228881836,20.010000228881836,20.010000228881836,0
2015-04-14,16.61225128173828,20.010000228881836,20.010000228881836,20.010000228881836,20.010000228881836,0
2015-04-15,16.61225128173828,20.010000228881836,20.010000228881836,20.010000228881836,20.010000228881836,0
2015-04-16,16.61225128173828,20.010000228881836,20.010000228881836,20.010000228881836,20.010000228881836,0
2015-04-17,16.61225128173828,20.010000228881836,20.010000228881836,20.010000228881836,20.010000228881836,0
2015-04-20,16.61225128173828,20.010000228881836,20.010000228881836,20.010000228881836,20.010000228881836,0
2015-04-22,16.61225128173828,20.010000228881836,20.010000228881836,20.010000228881836,20.010000228881836,0
2015-04-23,16.61225128173828,20.010000228881836,20.010000228881836,20.010000228881836,20.010000228881836,0
2015-04-24,16.61225128173828,20.010000228881836,20.010000228881836,20.010000228881836,20.010000228881836,0
2015-04-27,16.61225128173828,20.010000228881836,20.010000228881836,20.010000228881836,20.010000228881836,0
2015-04-28,16.61225128173828,20.010000228881836,20.010000228881836,20.010000228881836,20.010000228881836,0
2015-04-29,16.61225128173828,20.010000228881836,20.010000228881836,20.010000228881836,20.010000228881836,0
2015-04-30,16.61225128173828,20.010000228881836,20.010000228881836,20.010000228881836,20.010000228881836,0
2015-05-04,16.720226287841797,20.010000228881836,20.010000228881836,20.010000228881836,20.010000228881836,0
2015-05-05,16.720226287841797,20.010000228881836,20.010000228881836,20.010000228881836,20.010000228881836,0
2015-05-06,16.720226287841797,20.010000228881836,20.010000228881836,20.010000228881836,20.010000228881836,0
2015-05-07,16.720226287841797,20.010000228881836,20.010000228881836,20.010000228881836,20.010000228881836,0
2015-05-08,16.720226287841797,20.010000228881836,20.010000228881836,20.010000228881836,20.010000228881836,0
2015-05-11,16.720226287841797,20.010000228881836,20.010000228881836,20.010000228881836,20.010000228881836,0
2015-05-12,16.720226287841797,20.010000228881836,20.010000228881836,20.010000228881836,20.010000228881836,0
2015-05-13,16.720226287841797,20.010000228881836,20.010000228881836,20.010000228881836,20.010000228881836,0
2015-05-14,16.720226287841797,20.010000228881836,20.010000228881836,20.010000228881836,20.010000228881836,0
2015-05-15,16.720226287841797,20.010000228881836,20.010000228881836,20.010000228881836,20.010000228881836,0
2015-05-18,16.720226287841797,20.010000228881836,20.010000228881836,20.010000228881836,20.010000228881836,0
2015-05-19,16.720226287841797,20.010000228881836,20.010000228881836,20.010000228881836,20.010000228881836,0
2015-05-20,16.720226287841797,20.010000228881836,20.010000228881836,20.010000228881836,20.010000228881836,0
2015-05-21,16.720226287841797,20.010000228881836,20.010000228881836,20.010000228881836,20.010000228881836,0
2015-05-22,16.720226287841797,20.010000228881836,20.010000228881836,20.010000228881836,20.010000228881836,0
2015-05-25,16.720226287841797,20.010000228881836,20.010000228881836,20.010000228881836,20.010000228881836,0
2015-05-26,16.720226287841797,20.010000228881836,20.010000228881836,20.010000228881836,20.010000228881836,0
2015-05-27,16.720226287841797,20.010000228881836,20.010000228881836,20.010000228881836,20.010000228881836,0
2015-05-28,16.720226287841797,20.010000228881836,20.010000228881836,20.010000228881836,20.010000228881836,0
2015-05-29,16.720226287841797,20.010000228881836,20.010000228881836,20.010000228881836,20.010000228881836,0
2015-06-01,16.720226287841797,20.010000228881836,20.010000228881836,20.010000228881836,20.010000228881836,0
2015-06-02,16.720226287841797,20.010000228881836,20.010000228881836,20.010000228881836,20.010000228881836,0
2015-06-03,16.720226287841797,20.010000228881836,20.010000228881836,20.010000228881836,20.010000228881836,0
2015-06-05,16.720226287841797,20.010000228881836,20.010000228881836,20.010000228881836,20.010000228881836,0
2015-06-08,16.720226287841797,20.010000228881836,20.010000228881836,20.010000228881836,20.010000228881836,0
2015-06-09,16.720226287841797,20.010000228881836,20.010000228881836,20.010000228881836,20.010000228881836,0
2015-06-10,16.720226287841797,20.010000228881836,20.010000228881836,20.010000228881836,20.010000228881836,0
2015-06-11,16.720226287841797,20.010000228881836,20.010000228881836,20.010000228881836,20.010000228881836,0
2015-06-12,16.720226287841797,20.010000228881836,20.010000228881836,20.010000228881836,20.010000228881836,0
2015-06-15,16.720226287841797,20.010000228881836,20.010000228881836,20.010000228881836,20.010000228881836,0
2015-06-16,16.720226287841797,20.010000228881836,20.010000228881836,20.010000228881836,20.010000228881836,0
2015-06-17,16.720226287841797,20.010000228881836,20.010000228881836,20.010000228881836,20.010000228881836,0
2015-06-18,16.720226287841797,20.010000228881836,20.010000228881836,20.010000228881836,20.010000228881836,0
2015-06-19,16.720226287841797,20.010000228881836,20.010000228881836,20.010000228881836,20.010000228881836,0
2015-06-22,16.720226287841797,20.010000228881836,20.010000228881836,20.010000228881836,20.010000228881836,0
2015-06-23,16.720226287841797,20.010000228881836,20.010000228881836,20.010000228881836,20.010000228881836,0
2015-06-24,16.720226287841797,20.010000228881836,20.010000228881836,20.010000228881836,20.010000228881836,0
2015-06-25,16.720226287841797,20.010000228881836,20.010000228881836,20.010000228881836,20.010000228881836,0
2015-06-26,16.720226287841797,20.010000228881836,20.010000228881836,20.010000228881836,20.010000228881836,0
2015-06-29,16.720226287841797,20.010000228881836,20.010000228881836,20.010000228881836,20.010000228881836,0
2015-06-30,16.720226287841797,20.010000228881836,20.010000228881836,20.010000228881836,20.010000228881836,0
2015-07-01,16.720226287841797,20.010000228881836,20.010000228881836,20.010000228881836,20.010000228881836,0
2015-07-02,16.720226287841797,20.010000228881836,20.010000228881836,20.010000228881836,20.010000228881836,0
2015-07-03,16.720226287841797,20.010000228881836,20.010000228881836,20.010000228881836,20.010000228881836,0
2015-07-06,16.720226287841797,20.010000228881836,20.010000228881836,20.010000228881836,20.010000228881836,0
2015-07-07,16.720226287841797,20.010000228881836,20.010000228881836,20.010000228881836,20.010000228881836,0
2015-07-08,16.720226287841797,20.010000228881836,20.010000228881836,20.010000228881836,20.010000228881836,0
2015-07-10,16.720226287841797,20.010000228881836,20.010000228881836,20.010000228881836,20.010000228881836,0
2015-07-13,16.720226287841797,20.010000228881836,20.010000228881836,20.010000228881836,20.010000228881836,0
2015-07-14,16.720226287841797,20.010000228881836,20.010000228881836,20.010000228881836,20.010000228881836,0
2015-07-15,16.720226287841797,20.010000228881836,20.010000228881836,20.010000228881836,20.010000228881836,0
2015-07-16,16.720226287841797,20.010000228881836,20.010000228881836,20.010000228881836,20.010000228881836,0
2015-07-17,16.720226287841797,20.010000228881836,20.010000228881836,20.010000228881836,20.010000228881836,0
2015-07-20,16.720226287841797,20.010000228881836,20.010000228881836,20.010000228881836,20.010000228881836,0
2015-07-21,16.720226287841797,20.010000228881836,20.010000228881836,20.010000228881836,20.010000228881836,0
2015-07-22,16.720226287841797,20.010000228881836,20.010000228881836,20.010000228881836,20.010000228881836,0
2015-07-23,16.720226287841797,20.010000228881836,20.010000228881836,20.010000228881836,20.010000228881836,0
2015-07-24,16.720226287841797,20.010000228881836,20.010000228881836,20.010000228881836,20.010000228881836,0
2015-07-27,16.720226287841797,20.010000228881836,20.010000228881836,20.010000228881836,20.010000228881836,0
2015-07-28,16.720226287841797,20.010000228881836,20.010000228881836,20.010000228881836,20.010000228881836,0
2015-07-29,16.720226287841797,20.010000228881836,20.010000228881836,20.010000228881836,20.010000228881836,0
2015-07-30,16.720226287841797,20.010000228881836,20.010000228881836,20.010000228881836,20.010000228881836,0
2015-07-31,16.720226287841797,20.010000228881836,20.010000228881836,20.010000228881836,20.010000228881836,0
2015-08-03,16.720226287841797,20.010000228881836,20.010000228881836,20.010000228881836,20.010000228881836,0
2015-08-04,16.720226287841797,20.010000228881836,20.010000228881836,20.010000228881836,20.010000228881836,0
2015-08-05,16.720226287841797,20.010000228881836,20.010000228881836,20.010000228881836,20.010000228881836,0
2015-08-06,16.720226287841797,20.010000228881836,20.010000228881836,20.010000228881836,20.010000228881836,0
2015-08-07,16.720226287841797,20.010000228881836,20.010000228881836,20.010000228881836,20.010000228881836,0
2015-08-10,16.720226287841797,20.010000228881836,20.010000228881836,20.010000228881836,20.010000228881836,0
2015-08-11,16.720226287841797,20.010000228881836,20.010000228881836,20.010000228881836,20.010000228881836,0
2015-08-12,16.720226287841797,20.010000228881836,20.010000228881836,20.010000228881836,20.010000228881836,0
2015-08-13,16.720226287841797,20.010000228881836,20.010000228881836,20.010000228881836,20.010000228881836,0
2015-08-14,16.720226287841797,20.010000228881836,20.010000228881836,20.010000228881836,20.010000228881836,0
2015-08-17,16.720226287841797,20.010000228881836,20.010000228881836,20.010000228881836,20.010000228881836,0
2015-08-18,16.720226287841797,20.010000228881836,20.010000228881836,20.010000228881836,20.010000228881836,0
2015-08-19,16.720226287841797,20.010000228881836,20.010000228881836,20.010000228881836,20.010000228881836,0
2015-08-20,16.720226287841797,20.010000228881836,20.010000228881836,20.010000228881836,20.010000228881836,0
2015-08-21,16.720226287841797,20.010000228881836,20.010000228881836,20.010000228881836,20.010000228881836,0
2015-08-24,16.720226287841797,20.010000228881836,20.010000228881836,20.010000228881836,20.010000228881836,0
2015-08-25,16.720226287841797,20.010000228881836,20.010000228881836,20.010000228881836,20.010000228881836,0
2015-08-26,16.720226287841797,20.010000228881836,20.010000228881836,20.010000228881836,20.010000228881836,0
2015-08-27,16.720226287841797,20.010000228881836,20.010000228881836,20.010000228881836,20.010000228881836,0
2015-08-28,16.720226287841797,20.010000228881836,20.010000228881836,20.010000228881836,20.010000228881836,0
2015-08-31,16.720226287841797,20.010000228881836,20.010000228881836,20.010000228881836,20.010000228881836,0
2015-09-01,16.720226287841797,20.010000228881836,20.010000228881836,20.010000228881836,20.010000228881836,0
2015-09-02,16.720226287841797,20.010000228881836,20.010000228881836,20.010000228881836,20.010000228881836,0
2015-09-03,16.720226287841797,20.010000228881836,20.010000228881836,20.010000228881836,20.010000228881836,0
2015-09-04,16.720226287841797,20.010000228881836,20.010000228881836,20.010000228881836,20.010000228881836,0
2015-09-08,16.720226287841797,20.010000228881836,20.010000228881836,20.010000228881836,20.010000228881836,0
2015-09-09,16.720226287841797,20.010000228881836,20.010000228881836,20.010000228881836,20.010000228881836,0
2015-09-10,16.720226287841797,20.010000228881836,20.010000228881836,20.010000228881836,20.010000228881836,0
2015-09-11,16.720226287841797,20.010000228881836,20.010000228881836,20.010000228881836,20.010000228881836,0
2015-09-14,16.720226287841797,20.010000228881836,20.010000228881836,20.010000228881836,20.010000228881836,0
2015-09-15,16.720226287841797,20.010000228881836,20.010000228881836,20.010000228881836,20.010000228881836,0
2015-09-16,16.720226287841797,20.010000228881836,20.010000228881836,20.010000228881836,20.010000228881836,0
2015-09-17,16.720226287841797,20.010000228881836,20.010000228881836,20.010000228881836,20.010000228881836,0
2015-09-18,16.720226287841797,20.010000228881836,20.010000228881836,20.010000228881836,20.010000228881836,0
2015-09-21,16.720226287841797,20.010000228881836,20.010000228881836,20.010000228881836,20.010000228881836,0
2015-09-22,16.720226287841797,20.010000228881836,20.010000228881836,20.010000228881836,20.010000228881836,0
2015-09-23,16.720226287841797,20.010000228881836,20.010000228881836,20.010000228881836,20.010000228881836,0
2015-09-24,16.720226287841797,20.010000228881836,20.010000228881836,20.010000228881836,20.010000228881836,0
2015-09-25,16.720226287841797,20.010000228881836,20.010000228881836,20.010000228881836,20.010000228881836,0
2015-09-28,16.720226287841797,20.010000228881836,20.010000228881836,20.010000228881836,20.010000228881836,0
2015-09-29,16.720226287841797,20.010000228881836,20.010000228881836,20.010000228881836,20.010000228881836,0
2015-09-30,16.720226287841797,20.010000228881836,20.010000228881836,20.010000228881836,20.010000228881836,0
2015-10-01,16.720226287841797,20.010000228881836,20.010000228881836,20.010000228881836,20.010000228881836,0
2015-10-02,16.720226287841797,20.010000228881836,20.010000228881836,20.010000228881836,20.010000228881836,0
2015-10-05,16.720226287841797,20.010000228881836,20.010000228881836,20.010000228881836,20.010000228881836,0
2015-10-06,16.720226287841797,20.010000228881836,20.010000228881836,20.010000228881836,20.010000228881836,0
2015-10-07,16.720226287841797,20.010000228881836,20.010000228881836,20.010000228881836,20.010000228881836,0
2015-10-08,16.720226287841797,20.010000228881836,20.010000228881836,20.010000228881836,20.010000228881836,0
2015-10-09,16.720226287841797,20.010000228881836,20.010000228881836,20.010000228881836,20.010000228881836,0
2015-10-13,16.720226287841797,20.010000228881836,20.010000228881836,20.010000228881836,20.010000228881836,0
2015-10-14,16.720226287841797,20.010000228881836,20.010000228881836,20.010000228881836,20.010000228881836,0
2015-10-15,16.720226287841797,20.010000228881836,20.010000228881836,20.010000228881836,20.010000228881836,0
2015-10-16,16.720226287841797,20.010000228881836,20.010000228881836,20.010000228881836,20.010000228881836,0
2015-10-19,16.720226287841797,20.010000228881836,20.010000228881836,20.010000228881836,20.010000228881836,0
2015-10-20,16.720226287841797,20.010000228881836,20.010000228881836,20.010000228881836,20.010000228881836,0
2015-10-21,16.720226287841797,20.010000228881836,20.010000228881836,20.010000228881836,20.010000228881836,0
2015-10-22,16.720226287841797,20.010000228881836,20.010000228881836,20.010000228881836,20.010000228881836,0
2015-10-23,16.720226287841797,20.010000228881836,20.010000228881836,20.010000228881836,20.010000228881836,0
2015-10-26,16.720226287841797,20.010000228881836,20.010000228881836,20.010000228881836,20.010000228881836,0
2015-10-27,16.720226287841797,20.010000228881836,20.010000228881836,20.010000228881836,20.010000228881836,0
2015-10-28,16.720226287841797,20.010000228881836,20.010000228881836,20.010000228881836,20.010000228881836,0
2015-10-29,16.720226287841797,20.010000228881836,20.010000228881836,20.010000228881836,20.010000228881836,0
2015-10-30,16.720226287841797,20.010000228881836,20.010000228881836,20.010000228881836,20.010000228881836,0
2015-11-03,16.720226287841797,20.010000228881836,20.010000228881836,20.010000228881836,20.010000228881836,0
2015-11-04,16.720226287841797,20.010000228881836,20.010000228881836,20.010000228881836,20.010000228881836,0
2015-11-05,16.720226287841797,20.010000228881836,20.010000228881836,20.010000228881836,20.010000228881836,0
2015-11-06,16.720226287841797,20.010000228881836,20.010000228881836,20.010000228881836,20.010000228881836,0
2015-11-09,16.720226287841797,20.010000228881836,20.010000228881836,20.010000228881836,20.010000228881836,0
2015-11-10,16.720226287841797,20.010000228881836,20.010000228881836,20.010000228881836,20.010000228881836,0
2015-11-11,16.720226287841797,20.010000228881836,20.010000228881836,20.010000228881836,20.010000228881836,0
2015-11-12,16.720226287841797,20.010000228881836,20.010000228881836,20.010000228881836,20.010000228881836,0
2015-11-13,16.807052612304688,20.010000228881836,20.010000228881836,20.010000228881836,20.010000228881836,0
2015-11-16,16.807052612304688,20.010000228881836,20.010000228881836,20.010000228881836,20.010000228881836,0
2015-11-17,16.807052612304688,20.010000228881836,20.010000228881836,20.010000228881836,20.010000228881836,0
2015-11-18,16.807052612304688,20.010000228881836,20.010000228881836,20.010000228881836,20.010000228881836,0
2015-11-19,16.807052612304688,20.010000228881836,20.010000228881836,20.010000228881836,20.010000228881836,0
2015-11-23,16.807052612304688,20.010000228881836,20.010000228881836,20.010000228881836,20.010000228881836,0
2015-11-24,16.807052612304688,20.010000228881836,20.010000228881836,20.010000228881836,20.010000228881836,0
2015-11-25,16.807052612304688,20.010000228881836,20.010000228881836,20.010000228881836,20.010000228881836,0
2015-11-26,16.807052612304688,20.010000228881836,20.010000228881836,20.010000228881836,20.010000228881836,0
2015-11-27,16.807052612304688,20.010000228881836,20.010000228881836,20.010000228881836,20.010000228881836,0
2015-11-30,16.807052612304688,20.010000228881836,20.010000228881836,20.010000228881836,20.010000228881836,0
2015-12-01,16.807052612304688,20.010000228881836,20.010000228881836,20.010000228881836,20.010000228881836,0
2015-12-02,16.807052612304688,20.010000228881836,20.010000228881836,20.010000228881836,20.010000228881836,0
2015-12-03,16.807052612304688,20.010000228881836,20.010000228881836,20.010000228881836,20.010000228881836,0
2015-12-04,16.807052612304688,20.010000228881836,20.010000228881836,20.010000228881836,20.010000228881836,0
2015-12-07,16.807052612304688,20.010000228881836,20.010000228881836,20.010000228881836,20.010000228881836,0
2015-12-08,16.807052612304688,20.010000228881836,20.010000228881836,20.010000228881836,20.010000228881836,0
2015-12-09,16.807052612304688,20.010000228881836,20.010000228881836,20.010000228881836,20.010000228881836,0
2015-12-10,16.807052612304688,20.010000228881836,20.010000228881836,20.010000228881836,20.010000228881836,0
2015-12-11,16.807052612304688,20.010000228881836,20.010000228881836,20.010000228881836,20.010000228881836,0
2015-12-14,16.807052612304688,20.010000228881836,20.010000228881836,20.010000228881836,20.010000228881836,0
2015-12-15,16.807052612304688,20.010000228881836,20.010000228881836,20.010000228881836,20.010000228881836,0
2015-12-16,16.807052612304688,20.010000228881836,20.010000228881836,20.010000228881836,20.010000228881836,0
2015-12-17,16.807052612304688,20.010000228881836,20.010000228881836,20.010000228881836,20.010000228881836,0
2015-12-18,16.807052612304688,20.010000228881836,20.010000228881836,20.010000228881836,20.010000228881836,0
2015-12-21,16.807052612304688,20.010000228881836,20.010000228881836,20.010000228881836,20.010000228881836,0
2015-12-22,16.807052612304688,20.010000228881836,20.010000228881836,20.010000228881836,20.010000228881836,0
2015-12-23,16.807052612304688,20.010000228881836,20.010000228881836,20.010000228881836,20.010000228881836,0
2015-12-28,16.807052612304688,20.010000228881836,20.010000228881836,20.010000228881836,20.010000228881836,0
2015-12-29,16.807052612304688,20.010000228881836,20.010000228881836,20.010000228881836,20.010000228881836,0
2015-12-30,16.807052612304688,20.010000228881836,20.010000228881836,20.010000228881836,20.010000228881836,0
2016-01-04,16.807052612304688,20.010000228881836,20.010000228881836,20.010000228881836,20.010000228881836,0
2016-01-05,16.807052612304688,20.010000228881836,20.010000228881836,20.010000228881836,20.010000228881836,0
2016-01-06,16.807052612304688,20.010000228881836,20.010000228881836,20.010000228881836,20.010000228881836,0
2016-01-07,16.807052612304688,20.010000228881836,20.010000228881836,20.010000228881836,20.010000228881836,0
2016-01-08,16.807052612304688,20.010000228881836,20.010000228881836,20.010000228881836,20.010000228881836,0
2016-01-11,16.807052612304688,20.010000228881836,20.010000228881836,20.010000228881836,20.010000228881836,0
2016-01-12,16.807052612304688,20.010000228881836,20.010000228881836,20.010000228881836,20.010000228881836,0
2016-01-13,16.807052612304688,20.010000228881836,20.010000228881836,20.010000228881836,20.010000228881836,0
2016-01-14,16.807052612304688,20.010000228881836,20.010000228881836,20.010000228881836,20.010000228881836,0
2016-01-15,16.807052612304688,20.010000228881836,20.010000228881836,20.010000228881836,20.010000228881836,0
2016-01-18,16.807052612304688,20.010000228881836,20.010000228881836,20.010000228881836,20.010000228881836,0
2016-01-19,16.807052612304688,20.010000228881836,20.010000228881836,20.010000228881836,20.010000228881836,0
2016-01-20,16.807052612304688,20.010000228881836,20.010000228881836,20.010000228881836,20.010000228881836,0
2016-01-21,16.807052612304688,20.010000228881836,20.010000228881836,20.010000228881836,20.010000228881836,0
2016-01-22,16.807052612304688,20.010000228881836,20.010000228881836,20.010000228881836,20.010000228881836,0
2016-01-26,16.807052612304688,20.010000228881836,20.010000228881836,20.010000228881836,20.010000228881836,0
2016-01-27,16.807052612304688,20.010000228881836,20.010000228881836,20.010000228881836,20.010000228881836,0
2016-01-28,16.807052612304688,20.010000228881836,20.010000228881836,20.010000228881836,20.010000228881836,0
2016-01-29,16.807052612304688,20.010000228881836,20.010000228881836,20.010000228881836,20.010000228881836,0
2016-02-01,16.807052612304688,20.010000228881836,20.010000228881836,20.010000228881836,20.010000228881836,0
2016-02-02,16.807052612304688,20.010000228881836,20.010000228881836,20.010000228881836,20.010000228881836,0
2016-02-03,16.807052612304688,20.010000228881836,20.010000228881836,20.010000228881836,20.010000228881836,0
2016-02-04,16.807052612304688,20.010000228881836,20.010000228881836,20.010000228881836,20.010000228881836,0
2016-02-05,16.807052612304688,20.010000228881836,20.010000228881836,20.010000228881836,20.010000228881836,0
2016-02-10,16.807052612304688,20.010000228881836,20.010000228881836,20.010000228881836,20.010000228881836,0
2016-02-11,16.807052612304688,20.010000228881836,20.010000228881836,20.010000228881836,20.010000228881836,0
2016-02-12,16.807052612304688,20.010000228881836,20.010000228881836,20.010000228881836,20.010000228881836,0
2016-02-15,16.807052612304688,20.010000228881836,20.010000228881836,20.010000228881836,20.010000228881836,0
2016-02-16,16.807052612304688,20.010000228881836,20.010000228881836,20.010000228881836,20.010000228881836,0
2016-02-17,16.807052612304688,20.010000228881836,20.010000228881836,20.010000228881836,20.010000228881836,0
2016-02-18,16.807052612304688,20.010000228881836,20.010000228881836,20.010000228881836,20.010000228881836,0
2016-02-19,16.807052612304688,20.010000228881836,20.010000228881836,20.010000228881836,20.010000228881836,0
2016-02-22,16.807052612304688,20.010000228881836,20.010000228881836,20.010000228881836,20.010000228881836,0
2016-02-23,16.807052612304688,20.010000228881836,20.010000228881836,20.010000228881836,20.010000228881836,0
2016-02-24,16.807052612304688,20.010000228881836,20.010000228881836,20.010000228881836,20.010000228881836,0
2016-02-25,16.807052612304688,20.010000228881836,20.010000228881836,20.010000228881836,20.010000228881836,0
2016-02-26,16.807052612304688,20.010000228881836,20.010000228881836,20.010000228881836,20.010000228881836,0
2016-02-29,16.807052612304688,20.010000228881836,20.010000228881836,20.010000228881836,20.010000228881836,0
2016-03-01,16.807052612304688,20.010000228881836,20.010000228881836,20.010000228881836,20.010000228881836,0
2016-03-02,16.807052612304688,20.010000228881836,20.010000228881836,20.010000228881836,20.010000228881836,0
2016-03-03,16.807052612304688,20.010000228881836,20.010000228881836,20.010000228881836,20.010000228881836,0
2016-03-04,16.807052612304688,20.010000228881836,20.010000228881836,20.010000228881836,20.010000228881836,0
2016-03-07,16.807052612304688,20.010000228881836,20.010000228881836,20.010000228881836,20.010000228881836,0
2016-03-08,16.807052612304688,20.010000228881836,20.010000228881836,20.010000228881836,20.010000228881836,0
2016-03-09,16.807052612304688,20.010000228881836,20.010000228881836,20.010000228881836,20.010000228881836,0
2016-03-10,16.807052612304688,20.010000228881836,20.010000228881836,20.010000228881836,20.010000228881836,0
2016-03-11,16.807052612304688,20.010000228881836,20.010000228881836,20.010000228881836,20.010000228881836,0
2016-03-14,16.807052612304688,20.010000228881836,20.010000228881836,20.010000228881836,20.010000228881836,0
2016-03-15,16.807052612304688,20.010000228881836,20.010000228881836,20.010000228881836,20.010000228881836,0
2016-03-16,16.807052612304688,20.010000228881836,20.010000228881836,20.010000228881836,20.010000228881836,0
2016-03-17,16.807052612304688,20.010000228881836,20.010000228881836,20.010000228881836,20.010000228881836,0
2016-03-18,16.807052612304688,20.010000228881836,20.010000228881836,20.010000228881836,20.010000228881836,0
2016-03-21,16.807052612304688,20.010000228881836,20.010000228881836,20.010000228881836,20.010000228881836,0
2016-03-22,16.807052612304688,20.010000228881836,20.010000228881836,20.010000228881836,20.010000228881836,0
2016-03-23,16.807052612304688,20.010000228881836,20.010000228881836,20.010000228881836,20.010000228881836,0
2016-03-24,16.807052612304688,20.010000228881836,20.010000228881836,20.010000228881836,20.010000228881836,0
2016-03-28,16.807052612304688,20.010000228881836,20.010000228881836,20.010000228881836,20.010000228881836,0
2016-03-29,16.807052612304688,20.010000228881836,20.010000228881836,20.010000228881836,20.010000228881836,0
2016-03-30,16.807052612304688,20.010000228881836,20.010000228881836,20.010000228881836,20.010000228881836,0
2016-03-31,16.807052612304688,20.010000228881836,20.010000228881836,20.010000228881836,20.010000228881836,0
2016-04-01,16.807052612304688,20.010000228881836,20.010000228881836,20.010000228881836,20.010000228881836,0
2016-04-04,16.807052612304688,20.010000228881836,20.010000228881836,20.010000228881836,20.010000228881836,0
2016-04-05,16.807052612304688,20.010000228881836,20.010000228881836,20.010000228881836,20.010000228881836,0
2016-04-06,16.807052612304688,20.010000228881836,20.010000228881836,20.010000228881836,20.010000228881836,0
2016-04-07,16.807052612304688,20.010000228881836,20.010000228881836,20.010000228881836,20.010000228881836,0
2016-04-08,16.807052612304688,20.010000228881836,20.010000228881836,20.010000228881836,20.010000228881836,0
2016-04-11,16.807052612304688,20.010000228881836,20.010000228881836,20.010000228881836,20.010000228881836,0
2016-04-12,16.807052612304688,20.010000228881836,20.010000228881836,20.010000228881836,20.010000228881836,0
2016-04-13,16.807052612304688,20.010000228881836,20.010000228881836,20.010000228881836,20.010000228881836,0
2016-04-14,16.807052612304688,20.010000228881836,20.010000228881836,20.010000228881836,20.010000228881836,0
2016-04-15,16.807052612304688,20.010000228881836,20.010000228881836,20.010000228881836,20.010000228881836,0
2016-04-18,16.807052612304688,20.010000228881836,20.010000228881836,20.010000228881836,20.010000228881836,0
2016-04-19,16.807052612304688,20.010000228881836,20.010000228881836,20.010000228881836,20.010000228881836,0
2016-04-20,16.807052612304688,20.010000228881836,20.010000228881836,20.010000228881836,20.010000228881836,0
2016-04-22,16.807052612304688,20.010000228881836,20.010000228881836,20.010000228881836,20.010000228881836,0
2016-04-25,16.807052612304688,20.010000228881836,20.010000228881836,20.010000228881836,20.010000228881836,0
2016-04-26,17.026586532592773,20.010000228881836,20.010000228881836,20.010000228881836,20.010000228881836,0
2016-04-27,17.026586532592773,20.010000228881836,20.010000228881836,20.010000228881836,20.010000228881836,0
2016-04-28,17.026586532592773,20.010000228881836,20.010000228881836,20.010000228881836,20.010000228881836,0
2016-04-29,17.026586532592773,20.010000228881836,20.010000228881836,20.010000228881836,20.010000228881836,0
2016-05-02,17.026586532592773,20.010000228881836,20.010000228881836,20.010000228881836,20.010000228881836,0
2016-05-03,17.026586532592773,20.010000228881836,20.010000228881836,20.010000228881836,20.010000228881836,0
2016-05-04,17.026586532592773,20.010000228881836,20.010000228881836,20.010000228881836,20.010000228881836,0
2016-05-05,17.026586532592773,20.010000228881836,20.010000228881836,20.010000228881836,20.010000228881836,0
2016-05-06,17.026586532592773,20.010000228881836,20.010000228881836,20.010000228881836,20.010000228881836,0
2016-05-09,17.026586532592773,20.010000228881836,20.010000228881836,20.010000228881836,20.010000228881836,0
2016-05-10,17.026586532592773,20.010000228881836,20.010000228881836,20.010000228881836,20.010000228881836,0
2016-05-11,17.026586532592773,20.010000228881836,20.010000228881836,20.010000228881836,20.010000228881836,0
2016-05-12,17.026586532592773,20.010000228881836,20.010000228881836,20.010000228881836,20.010000228881836,0
2016-05-13,17.026586532592773,20.010000228881836,20.010000228881836,20.010000228881836,20.010000228881836,0
2016-05-16,17.026586532592773,20.010000228881836,20.010000228881836,20.010000228881836,20.010000228881836,0
2016-05-17,17.026586532592773,20.010000228881836,20.010000228881836,20.010000228881836,20.010000228881836,0
2016-05-18,17.026586532592773,20.010000228881836,20.010000228881836,20.010000228881836,20.010000228881836,0
2016-05-19,17.026586532592773,20.010000228881836,20.010000228881836,20.010000228881836,20.010000228881836,0
2016-05-20,17.026586532592773,20.010000228881836,20.010000228881836,20.010000228881836,20.010000228881836,0
2016-05-23,17.026586532592773,20.010000228881836,20.010000228881836,20.010000228881836,20.010000228881836,0
2016-05-24,17.026586532592773,20.010000228881836,20.010000228881836,20.010000228881836,20.010000228881836,0
2016-05-25,17.026586532592773,20.010000228881836,20.010000228881836,20.010000228881836,20.010000228881836,0
2016-05-27,17.026586532592773,20.010000228881836,20.010000228881836,20.010000228881836,20.010000228881836,0
2016-05-30,17.026586532592773,20.010000228881836,20.010000228881836,20.010000228881836,20.010000228881836,0
2016-05-31,17.026586532592773,20.010000228881836,20.010000228881836,20.010000228881836,20.010000228881836,0
2016-06-01,17.026586532592773,20.010000228881836,20.010000228881836,20.010000228881836,20.010000228881836,0
2016-06-02,17.026586532592773,20.010000228881836,20.010000228881836,20.010000228881836,20.010000228881836,0
2016-06-03,17.026586532592773,20.010000228881836,20.010000228881836,20.010000228881836,20.010000228881836,0
2016-06-06,17.026586532592773,20.010000228881836,20.010000228881836,20.010000228881836,20.010000228881836,0
2016-06-07,17.026586532592773,20.010000228881836,20.010000228881836,20.010000228881836,20.010000228881836,0
2016-06-08,17.026586532592773,20.010000228881836,20.010000228881836,20.010000228881836,20.010000228881836,0
2016-06-09,17.026586532592773,20.010000228881836,20.010000228881836,20.010000228881836,20.010000228881836,0
2016-06-10,17.026586532592773,20.010000228881836,20.010000228881836,20.010000228881836,20.010000228881836,0
2016-06-13,17.026586532592773,20.010000228881836,20.010000228881836,20.010000228881836,20.010000228881836,0
2016-06-14,17.026586532592773,20.010000228881836,20.010000228881836,20.010000228881836,20.010000228881836,0
2016-06-15,17.026586532592773,20.010000228881836,20.010000228881836,20.010000228881836,20.010000228881836,0
2016-06-16,17.026586532592773,20.010000228881836,20.010000228881836,20.010000228881836,20.010000228881836,0
2016-06-17,17.026586532592773,20.010000228881836,20.010000228881836,20.010000228881836,20.010000228881836,0
2016-06-20,17.026586532592773,20.010000228881836,20.010000228881836,20.010000228881836,20.010000228881836,0
2016-06-21,17.026586532592773,20.010000228881836,20.010000228881836,20.010000228881836,20.010000228881836,0
2016-06-22,17.026586532592773,20.010000228881836,20.010000228881836,20.010000228881836,20.010000228881836,0
2016-06-23,17.026586532592773,20.010000228881836,20.010000228881836,20.010000228881836,20.010000228881836,0
2016-06-24,17.026586532592773,20.010000228881836,20.010000228881836,20.010000228881836,20.010000228881836,0
2016-06-27,17.026586532592773,20.010000228881836,20.010000228881836,20.010000228881836,20.010000228881836,0
2016-06-28,17.026586532592773,20.010000228881836,20.010000228881836,20.010000228881836,20.010000228881836,0
2016-06-29,17.026586532592773,20.010000228881836,20.010000228881836,20.010000228881836,20.010000228881836,0
2016-06-30,17.026586532592773,20.010000228881836,20.010000228881836,20.010000228881836,20.010000228881836,0
2016-07-01,17.026586532592773,20.010000228881836,20.010000228881836,20.010000228881836,20.010000228881836,0
2016-07-04,17.026586532592773,20.010000228881836,20.010000228881836,20.010000228881836,20.010000228881836,0
2016-07-05,17.026586532592773,20.010000228881836,20.010000228881836,20.010000228881836,20.010000228881836,0
2016-07-06,17.026586532592773,20.010000228881836,20.010000228881836,20.010000228881836,20.010000228881836,0
2016-07-07,17.026586532592773,20.010000228881836,20.010000228881836,20.010000228881836,20.010000228881836,0
2016-07-08,17.026586532592773,20.010000228881836,20.010000228881836,20.010000228881836,20.010000228881836,0
2016-07-11,17.026586532592773,20.010000228881836,20.010000228881836,20.010000228881836,20.010000228881836,0
2016-07-12,17.026586532592773,20.010000228881836,20.010000228881836,20.010000228881836,20.010000228881836,0
2016-07-13,17.026586532592773,20.010000228881836,20.010000228881836,20.010000228881836,20.010000228881836,0
2016-07-14,17.026586532592773,20.010000228881836,20.010000228881836,20.010000228881836,20.010000228881836,0
2016-07-15,17.026586532592773,20.010000228881836,20.010000228881836,20.010000228881836,20.010000228881836,0
2016-07-18,17.026586532592773,20.010000228881836,20.010000228881836,20.010000228881836,20.010000228881836,0
2016-07-19,17.026586532592773,20.010000228881836,20.010000228881836,20.010000228881836,20.010000228881836,0
2016-07-20,17.026586532592773,20.010000228881836,20.010000228881836,20.010000228881836,20.010000228881836,0
2016-07-21,17.026586532592773,20.010000228881836,20.010000228881836,20.010000228881836,20.010000228881836,0
2016-07-22,17.026586532592773,20.010000228881836,20.010000228881836,20.010000228881836,20.010000228881836,0
2016-07-25,17.026586532592773,20.010000228881836,20.010000228881836,20.010000228881836,20.010000228881836,0
2016-07-26,17.026586532592773,20.010000228881836,20.010000228881836,20.010000228881836,20.010000228881836,0
2016-07-27,17.026586532592773,20.010000228881836,20.010000228881836,20.010000228881836,20.010000228881836,0
2016-07-28,17.026586532592773,20.010000228881836,20.010000228881836,20.010000228881836,20.010000228881836,0
2016-07-29,17.026586532592773,20.010000228881836,20.010000228881836,20.010000228881836,20.010000228881836,0
2016-08-01,17.026586532592773,20.010000228881836,20.010000228881836,20.010000228881836,20.010000228881836,0
2016-08-02,17.026586532592773,20.010000228881836,20.010000228881836,20.010000228881836,20.010000228881836,0
2016-08-03,17.026586532592773,20.010000228881836,20.010000228881836,20.010000228881836,20.010000228881836,0
2016-08-04,17.026586532592773,20.010000228881836,20.010000228881836,20.010000228881836,20.010000228881836,0
2016-08-05,17.026586532592773,20.010000228881836,20.010000228881836,20.010000228881836,20.010000228881836,0
2016-08-08,17.026586532592773,20.010000228881836,20.010000228881836,20.010000228881836,20.010000228881836,0
2016-08-09,17.026586532592773,20.010000228881836,20.010000228881836,20.010000228881836,20.010000228881836,0
2016-08-10,17.026586532592773,20.010000228881836,20.010000228881836,20.010000228881836,20.010000228881836,0
2016-08-11,17.026586532592773,20.010000228881836,20.010000228881836,20.010000228881836,20.010000228881836,0
2016-08-12,17.026586532592773,20.010000228881836,20.010000228881836,20.010000228881836,20.010000228881836,0
2016-08-15,17.026586532592773,20.010000228881836,20.010000228881836,20.010000228881836,20.010000228881836,0
2016-08-16,17.026586532592773,20.010000228881836,20.010000228881836,20.010000228881836,20.010000228881836,0
2016-08-17,17.026586532592773,20.010000228881836,20.010000228881836,20.010000228881836,20.010000228881836,0
2016-08-18,17.026586532592773,20.010000228881836,20.010000228881836,20.010000228881836,20.010000228881836,0
2016-08-19,17.026586532592773,20.010000228881836,20.010000228881836,20.010000228881836,20.010000228881836,0
2016-08-22,17.026586532592773,20.010000228881836,20.010000228881836,20.010000228881836,20.010000228881836,0
2016-08-23,17.026586532592773,20.010000228881836,20.010000228881836,20.010000228881836,20.010000228881836,0
2016-08-24,17.026586532592773,20.010000228881836,20.010000228881836,20.010000228881836,20.010000228881836,0
2016-08-25,17.026586532592773,20.010000228881836,20.010000228881836,20.010000228881836,20.010000228881836,0
2016-08-26,17.026586532592773,20.010000228881836,20.010000228881836,20.010000228881836,20.010000228881836,0
2016-08-29,17.026586532592773,20.010000228881836,20.010000228881836,20.010000228881836,20.010000228881836,0
2016-08-30,17.026586532592773,20.010000228881836,20.010000228881836,20.010000228881836,20.010000228881836,0
2016-08-31,17.026586532592773,20.010000228881836,20.010000228881836,20.010000228881836,20.010000228881836,0
2016-09-01,17.026586532592773,20.010000228881836,20.010000228881836,20.010000228881836,20.010000228881836,0
2016-09-02,17.026586532592773,20.010000228881836,20.010000228881836,20.010000228881836,20.010000228881836,0
2016-09-05,17.026586532592773,20.010000228881836,20.010000228881836,20.010000228881836,20.010000228881836,0
2016-09-06,17.026586532592773,20.010000228881836,20.010000228881836,20.010000228881836,20.010000228881836,0
2016-09-08,17.026586532592773,20.010000228881836,20.010000228881836,20.010000228881836,20.010000228881836,0
2016-09-09,17.026586532592773,20.010000228881836,20.010000228881836,20.010000228881836,20.010000228881836,0
2016-09-12,17.026586532592773,20.010000228881836,20.010000228881836,20.010000228881836,20.010000228881836,0
2016-09-13,17.026586532592773,20.010000228881836,20.010000228881836,20.010000228881836,20.010000228881836,0
2016-09-14,17.026586532592773,20.010000228881836,20.010000228881836,20.010000228881836,20.010000228881836,0
2016-09-15,17.026586532592773,20.010000228881836,20.010000228881836,20.010000228881836,20.010000228881836,0
2016-09-16,17.026586532592773,20.010000228881836,20.010000228881836,20.010000228881836,20.010000228881836,0
2016-09-19,17.026586532592773,20.010000228881836,20.010000228881836,20.010000228881836,20.010000228881836,0
2016-09-20,17.026586532592773,20.010000228881836,20.010000228881836,20.010000228881836,20.010000228881836,0
2016-09-21,17.026586532592773,20.010000228881836,20.010000228881836,20.010000228881836,20.010000228881836,0
2016-09-22,17.026586532592773,20.010000228881836,20.010000228881836,20.010000228881836,20.010000228881836,0
2016-09-23,17.026586532592773,20.010000228881836,20.010000228881836,20.010000228881836,20.010000228881836,0
2016-09-26,17.026586532592773,20.010000228881836,20.010000228881836,20.010000228881836,20.010000228881836,0
2016-09-27,17.026586532592773,20.010000228881836,20.010000228881836,20.010000228881836,20.010000228881836,0
2016-09-28,17.026586532592773,20.010000228881836,20.010000228881836,20.010000228881836,20.010000228881836,0
2016-09-29,17.026586532592773,20.010000228881836,20.010000228881836,20.010000228881836,20.010000228881836,0
2016-09-30,17.026586532592773,20.010000228881836,20.010000228881836,20.010000228881836,20.010000228881836,0
2016-10-03,17.026586532592773,20.010000228881836,20.010000228881836,20.010000228881836,20.010000228881836,0
2016-10-04,17.026586532592773,20.010000228881836,20.010000228881836,20.010000228881836,20.010000228881836,0
2016-10-05,17.026586532592773,20.010000228881836,20.010000228881836,20.010000228881836,20.010000228881836,0
2016-10-06,17.026586532592773,20.010000228881836,20.010000228881836,20.010000228881836,20.010000228881836,0
2016-10-07,17.026586532592773,20.010000228881836,20.010000228881836,20.010000228881836,20.010000228881836,0
2016-10-10,17.026586532592773,20.010000228881836,20.010000228881836,20.010000228881836,20.010000228881836,0
2016-10-11,17.026586532592773,20.010000228881836,20.010000228881836,20.010000228881836,20.010000228881836,0
2016-10-13,17.026586532592773,20.010000228881836,20.010000228881836,20.010000228881836,20.010000228881836,0
2016-10-14,17.026586532592773,20.010000228881836,20.010000228881836,20.010000228881836,20.010000228881836,0
2016-10-17,17.026586532592773,20.010000228881836,20.010000228881836,20.010000228881836,20.010000228881836,0
2016-10-18,17.026586532592773,20.010000228881836,20.010000228881836,20.010000228881836,20.010000228881836,0
2016-10-19,17.026586532592773,20.010000228881836,20.010000228881836,20.010000228881836,20.010000228881836,0
2016-10-20,17.026586532592773,20.010000228881836,20.010000228881836,20.010000228881836,20.010000228881836,0
2016-10-21,17.026586532592773,20.010000228881836,20.010000228881836,20.010000228881836,20.010000228881836,0
2016-10-24,17.026586532592773,20.010000228881836,20.010000228881836,20.010000228881836,20.010000228881836,0
2016-10-25,17.026586532592773,20.010000228881836,20.010000228881836,20.010000228881836,20.010000228881836,0
2016-10-26,17.026586532592773,20.010000228881836,20.010000228881836,20.010000228881836,20.010000228881836,0
2016-10-27,17.026586532592773,20.010000228881836,20.010000228881836,20.010000228881836,20.010000228881836,0
2016-10-28,17.026586532592773,20.010000228881836,20.010000228881836,20.010000228881836,20.010000228881836,0
2016-10-31,17.026586532592773,20.010000228881836,20.010000228881836,20.010000228881836,20.010000228881836,0
2016-11-01,17.026586532592773,20.010000228881836,20.010000228881836,20.010000228881836,20.010000228881836,0
2016-11-03,17.026586532592773,20.010000228881836,20.010000228881836,20.010000228881836,20.010000228881836,0
2016-11-04,17.026586532592773,20.010000228881836,20.010000228881836,20.010000228881836,20.010000228881836,0
2016-11-07,17.026586532592773,20.010000228881836,20.010000228881836,20.010000228881836,20.010000228881836,0
2016-11-08,17.026586532592773,20.010000228881836,20.010000228881836,20.010000228881836,20.010000228881836,0
2016-11-09,17.026586532592773,20.010000228881836,20.010000228881836,20.010000228881836,20.010000228881836,0
2016-11-10,17.026586532592773,20.010000228881836,20.010000228881836,20.010000228881836,20.010000228881836,0
2016-11-11,17.026586532592773,20.010000228881836,20.010000228881836,20.010000228881836,20.010000228881836,0
2016-11-14,17.026586532592773,20.010000228881836,20.010000228881836,20.010000228881836,20.010000228881836,0
2016-11-16,17.026586532592773,20.010000228881836,20.010000228881836,20.010000228881836,20.010000228881836,0
2016-11-17,17.026586532592773,20.010000228881836,20.010000228881836,20.010000228881836,20.010000228881836,0
2016-11-18,17.026586532592773,20.010000228881836,20.010000228881836,20.010000228881836,20.010000228881836,0
2016-11-21,17.026586532592773,20.010000228881836,20.010000228881836,20.010000228881836,20.010000228881836,0
2016-11-22,17.026586532592773,20.010000228881836,20.010000228881836,20.010000228881836,20.010000228881836,0
2016-11-23,17.026586532592773,20.010000228881836,20.010000228881836,20.010000228881836,20.010000228881836,0
2016-11-24,17.026586532592773,20.010000228881836,20.010000228881836,20.010000228881836,20.010000228881836,0
2016-11-25,17.026586532592773,20.010000228881836,20.010000228881836,20.010000228881836,20.010000228881836,0
2016-11-28,17.026586532592773,20.010000228881836,20.010000228881836,20.010000228881836,20.010000228881836,0
2016-11-29,17.026586532592773,20.010000228881836,20.010000228881836,20.010000228881836,20.010000228881836,0
2016-11-30,17.026586532592773,20.010000228881836,20.010000228881836,20.010000228881836,20.010000228881836,0
2016-12-01,17.026586532592773,20.010000228881836,20.010000228881836,20.010000228881836,20.010000228881836,0
2016-12-02,17.026586532592773,20.010000228881836,20.010000228881836,20.010000228881836,20.010000228881836,0
2016-12-05,17.026586532592773,20.010000228881836,20.010000228881836,20.010000228881836,20.010000228881836,0
2016-12-06,17.026586532592773,20.010000228881836,20.010000228881836,20.010000228881836,20.010000228881836,0
2016-12-07,17.026586532592773,20.010000228881836,20.010000228881836,20.010000228881836,20.010000228881836,0
2016-12-08,17.026586532592773,20.010000228881836,20.010000228881836,20.010000228881836,20.010000228881836,0
2016-12-09,17.026586532592773,20.010000228881836,20.010000228881836,20.010000228881836,20.010000228881836,0
2016-12-12,17.026586532592773,20.010000228881836,20.010000228881836,20.010000228881836,20.010000228881836,0
2016-12-13,17.026586532592773,20.010000228881836,20.010000228881836,20.010000228881836,20.010000228881836,0
2016-12-14,17.026586532592773,20.010000228881836,20.010000228881836,20.010000228881836,20.010000228881836,0
2016-12-15,17.026586532592773,20.010000228881836,20.010000228881836,20.010000228881836,20.010000228881836,0
2016-12-16,17.026586532592773,20.010000228881836,20.010000228881836,20.010000228881836,20.010000228881836,0
2016-12-19,17.026586532592773,20.010000228881836,20.010000228881836,20.010000228881836,20.010000228881836,0
2016-12-20,17.026586532592773,20.010000228881836,20.010000228881836,20.010000228881836,20.010000228881836,0
2016-12-21,17.026586532592773,20.010000228881836,20.010000228881836,20.010000228881836,20.010000228881836,0
2016-12-22,17.026586532592773,20.010000228881836,20.010000228881836,20.010000228881836,20.010000228881836,0
2016-12-23,17.026586532592773,20.010000228881836,20.010000228881836,20.010000228881836,20.010000228881836,0
2016-12-26,17.026586532592773,20.010000228881836,20.010000228881836,20.010000228881836,20.010000228881836,0
2016-12-27,17.026586532592773,20.010000228881836,20.010000228881836,20.010000228881836,20.010000228881836,0
2016-12-28,17.026586532592773,20.010000228881836,20.010000228881836,20.010000228881836,20.010000228881836,0
2016-12-29,17.026586532592773,20.010000228881836,20.010000228881836,20.010000228881836,20.010000228881836,0
2017-01-02,17.026586532592773,20.010000228881836,20.010000228881836,20.010000228881836,20.010000228881836,0
2017-01-03,17.026586532592773,20.010000228881836,20.010000228881836,20.010000228881836,20.010000228881836,0
2017-01-04,17.026586532592773,20.010000228881836,20.010000228881836,20.010000228881836,20.010000228881836,0
2017-01-05,17.026586532592773,20.010000228881836,20.010000228881836,20.010000228881836,20.010000228881836,0
2017-01-06,17.026586532592773,20.010000228881836,20.010000228881836,20.010000228881836,20.010000228881836,0
2017-01-09,17.026586532592773,20.010000228881836,20.010000228881836,20.010000228881836,20.010000228881836,0
2017-01-10,17.026586532592773,20.010000228881836,20.010000228881836,20.010000228881836,20.010000228881836,0
2017-01-11,17.026586532592773,20.010000228881836,20.010000228881836,20.010000228881836,20.010000228881836,0
2017-01-12,17.026586532592773,20.010000228881836,20.010000228881836,20.010000228881836,20.010000228881836,0
2017-01-13,17.026586532592773,20.010000228881836,20.010000228881836,20.010000228881836,20.010000228881836,0
2017-01-16,17.026586532592773,20.010000228881836,20.010000228881836,20.010000228881836,20.010000228881836,0
2017-01-17,17.026586532592773,20.010000228881836,20.010000228881836,20.010000228881836,20.010000228881836,0
2017-01-18,17.026586532592773,20.010000228881836,20.010000228881836,20.010000228881836,20.010000228881836,0
2017-01-19,17.026586532592773,20.010000228881836,20.010000228881836,20.010000228881836,20.010000228881836,0
2017-01-20,17.026586532592773,20.010000228881836,20.010000228881836,20.010000228881836,20.010000228881836,0
2017-01-23,17.026586532592773,20.010000228881836,20.010000228881836,20.010000228881836,20.010000228881836,0
2017-01-24,17.026586532592773,20.010000228881836,20.010000228881836,20.010000228881836,20.010000228881836,0
2017-01-26,17.026586532592773,20.010000228881836,20.010000228881836,20.010000228881836,20.010000228881836,0
2017-01-27,17.026586532592773,20.010000228881836,20.010000228881836,20.010000228881836,20.010000228881836,0
2017-01-30,17.026586532592773,20.010000228881836,20.010000228881836,20.010000228881836,20.010000228881836,0
2017-01-31,17.026586532592773,20.010000228881836,20.010000228881836,20.010000228881836,20.010000228881836,0
2017-02-01,17.026586532592773,20.010000228881836,20.010000228881836,20.010000228881836,20.010000228881836,0
2017-02-02,17.026586532592773,20.010000228881836,20.010000228881836,20.010000228881836,20.010000228881836,0
2017-02-03,17.026586532592773,20.010000228881836,20.010000228881836,20.010000228881836,20.010000228881836,0
2017-02-06,17.026586532592773,20.010000228881836,20.010000228881836,20.010000228881836,20.010000228881836,0
2017-02-07,17.026586532592773,20.010000228881836,20.010000228881836,20.010000228881836,20.010000228881836,0
2017-02-08,17.026586532592773,20.010000228881836,20.010000228881836,20.010000228881836,20.010000228881836,0
2017-02-09,17.026586532592773,20.010000228881836,20.010000228881836,20.010000228881836,20.010000228881836,0
2017-02-10,17.026586532592773,20.010000228881836,20.010000228881836,20.010000228881836,20.010000228881836,0
2017-02-13,17.026586532592773,20.010000228881836,20.010000228881836,20.010000228881836,20.010000228881836,0
2017-02-14,17.026586532592773,20.010000228881836,20.010000228881836,20.010000228881836,20.010000228881836,0
2017-02-15,17.026586532592773,20.010000228881836,20.010000228881836,20.010000228881836,20.010000228881836,0
2017-02-16,17.026586532592773,20.010000228881836,20.010000228881836,20.010000228881836,20.010000228881836,0
2017-02-17,17.026586532592773,20.010000228881836,20.010000228881836,20.010000228881836,20.010000228881836,0
2017-02-20,17.026586532592773,20.010000228881836,20.010000228881836,20.010000228881836,20.010000228881836,0
2017-02-21,17.026586532592773,20.010000228881836,20.010000228881836,20.010000228881836,20.010000228881836,0
2017-02-22,17.026586532592773,20.010000228881836,20.010000228881836,20.010000228881836,20.010000228881836,0
2017-02-23,17.026586532592773,20.010000228881836,20.010000228881836,20.010000228881836,20.010000228881836,0
2017-02-24,17.026586532592773,20.010000228881836,20.010000228881836,20.010000228881836,20.010000228881836,0
2017-03-01,17.026586532592773,20.010000228881836,20.010000228881836,20.010000228881836,20.010000228881836,0
2017-03-02,17.026586532592773,20.010000228881836,20.010000228881836,20.010000228881836,20.010000228881836,0
2017-03-03,17.026586532592773,20.010000228881836,20.010000228881836,20.010000228881836,20.010000228881836,0
2017-03-06,17.026586532592773,20.010000228881836,20.010000228881836,20.010000228881836,20.010000228881836,0
2017-03-07,17.026586532592773,20.010000228881836,20.010000228881836,20.010000228881836,20.010000228881836,0
2017-03-08,17.026586532592773,20.010000228881836,20.010000228881836,20.010000228881836,20.010000228881836,0
2017-03-09,17.026586532592773,20.010000228881836,20.010000228881836,20.010000228881836,20.010000228881836,0
2017-03-10,17.026586532592773,20.010000228881836,20.010000228881836,20.010000228881836,20.010000228881836,0
2017-03-13,17.026586532592773,20.010000228881836,20.010000228881836,20.010000228881836,20.010000228881836,0
2017-03-14,17.026586532592773,20.010000228881836,20.010000228881836,20.010000228881836,20.010000228881836,0
2017-03-15,17.026586532592773,20.010000228881836,20.010000228881836,20.010000228881836,20.010000228881836,0
2017-03-16,17.026586532592773,20.010000228881836,20.010000228881836,20.010000228881836,20.010000228881836,0
2017-03-17,17.026586532592773,20.010000228881836,20.010000228881836,20.010000228881836,20.010000228881836,0
2017-03-20,17.026586532592773,20.010000228881836,20.010000228881836,20.010000228881836,20.010000228881836,0
2017-03-21,17.026586532592773,20.010000228881836,20.010000228881836,20.010000228881836,20.010000228881836,0
2017-03-22,17.026586532592773,20.010000228881836,20.010000228881836,20.010000228881836,20.010000228881836,0
2017-03-23,17.026586532592773,20.010000228881836,20.010000228881836,20.010000228881836,20.010000228881836,0
2017-03-24,17.026586532592773,20.010000228881836,20.010000228881836,20.010000228881836,20.010000228881836,0
2017-03-27,17.026586532592773,20.010000228881836,20.010000228881836,20.010000228881836,20.010000228881836,0
2017-03-28,17.026586532592773,20.010000228881836,20.010000228881836,20.010000228881836,20.010000228881836,0
2017-03-29,17.026586532592773,20.010000228881836,20.010000228881836,20.010000228881836,20.010000228881836,0
2017-03-30,17.026586532592773,20.010000228881836,20.010000228881836,20.010000228881836,20.010000228881836,0
2017-03-31,17.026586532592773,20.010000228881836,20.010000228881836,20.010000228881836,20.010000228881836,0
2017-04-03,17.026586532592773,20.010000228881836,20.010000228881836,20.010000228881836,20.010000228881836,0
2017-04-04,17.026586532592773,20.010000228881836,20.010000228881836,20.010000228881836,20.010000228881836,0
2017-04-05,17.026586532592773,20.010000228881836,20.010000228881836,20.010000228881836,20.010000228881836,0
2017-04-06,17.026586532592773,20.010000228881836,20.010000228881836,20.010000228881836,20.010000228881836,0
2017-04-07,17.026586532592773,20.010000228881836,20.010000228881836,20.010000228881836,20.010000228881836,0
2017-04-10,17.026586532592773,20.010000228881836,20.010000228881836,20.010000228881836,20.010000228881836,0
2017-04-11,17.026586532592773,20.010000228881836,20.010000228881836,20.010000228881836,20.010000228881836,0
2017-04-12,17.026586532592773,20.010000228881836,20.010000228881836,20.010000228881836,20.010000228881836,0
2017-04-13,17.026586532592773,20.010000228881836,20.010000228881836,20.010000228881836,20.010000228881836,0
2017-04-17,17.026586532592773,20.010000228881836,20.010000228881836,20.010000228881836,20.010000228881836,0
2017-04-18,17.026586532592773,20.010000228881836,20.010000228881836,20.010000228881836,20.010000228881836,0
2017-04-19,17.026586532592773,20.010000228881836,20.010000228881836,20.010000228881836,20.010000228881836,0
2017-04-20,17.026586532592773,20.010000228881836,20.010000228881836,20.010000228881836,20.010000228881836,0
2017-04-24,17.026586532592773,20.010000228881836,20.010000228881836,20.010000228881836,20.010000228881836,0
2017-04-25,17.026586532592773,20.010000228881836,20.010000228881836,20.010000228881836,20.010000228881836,0
2017-04-26,17.026586532592773,20.010000228881836,20.010000228881836,20.010000228881836,20.010000228881836,0
2017-04-27,17.026586532592773,20.010000228881836,20.010000228881836,20.010000228881836,20.010000228881836,0
2017-04-28,17.026586532592773,20.010000228881836,20.010000228881836,20.010000228881836,20.010000228881836,0
2017-05-02,17.026586532592773,20.010000228881836,20.010000228881836,20.010000228881836,20.010000228881836,0
2017-05-03,17.026586532592773,20.010000228881836,20.010000228881836,20.010000228881836,20.010000228881836,0
2017-05-04,17.026586532592773,20.010000228881836,20.010000228881836,20.010000228881836,20.010000228881836,0
2017-05-05,17.026586532592773,20.010000228881836,20.010000228881836,20.010000228881836,20.010000228881836,0
2017-05-08,17.026586532592773,20.010000228881836,20.010000228881836,20.010000228881836,20.010000228881836,0
2017-05-09,17.026586532592773,20.010000228881836,20.010000228881836,20.010000228881836,20.010000228881836,0
2017-05-10,17.026586532592773,20.010000228881836,20.010000228881836,20.010000228881836,20.010000228881836,0
2017-05-11,17.026586532592773,20.010000228881836,20.010000228881836,20.010000228881836,20.010000228881836,0
2017-05-12,17.026586532592773,20.010000228881836,20.010000228881836,20.010000228881836,20.010000228881836,0
2017-05-15,17.026586532592773,20.010000228881836,20.010000228881836,20.010000228881836,20.010000228881836,0
2017-05-16,17.026586532592773,20.010000228881836,20.010000228881836,20.010000228881836,20.010000228881836,0
2017-05-17,17.026586532592773,20.010000228881836,20.010000228881836,20.010000228881836,20.010000228881836,0
2017-05-18,17.026586532592773,20.010000228881836,20.010000228881836,20.010000228881836,20.010000228881836,0
2017-05-19,17.026586532592773,20.010000228881836,20.010000228881836,20.010000228881836,20.010000228881836,0
2017-05-22,17.026586532592773,20.010000228881836,20.010000228881836,20.010000228881836,20.010000228881836,0
2017-05-23,17.026586532592773,20.010000228881836,20.010000228881836,20.010000228881836,20.010000228881836,0
2017-05-24,17.026586532592773,20.010000228881836,20.010000228881836,20.010000228881836,20.010000228881836,0
2017-05-25,17.026586532592773,20.010000228881836,20.010000228881836,20.010000228881836,20.010000228881836,0
2017-05-26,17.026586532592773,20.010000228881836,20.010000228881836,20.010000228881836,20.010000228881836,0
2017-05-29,17.026586532592773,20.010000228881836,20.010000228881836,20.010000228881836,20.010000228881836,0
2017-05-30,17.026586532592773,20.010000228881836,20.010000228881836,20.010000228881836,20.010000228881836,0
2017-05-31,17.026586532592773,20.010000228881836,20.010000228881836,20.010000228881836,20.010000228881836,0
2017-06-01,17.026586532592773,20.010000228881836,20.010000228881836,20.010000228881836,20.010000228881836,0
2017-06-02,17.026586532592773,20.010000228881836,20.010000228881836,20.010000228881836,20.010000228881836,0
2017-06-05,17.026586532592773,20.010000228881836,20.010000228881836,20.010000228881836,20.010000228881836,0
2017-06-06,17.026586532592773,20.010000228881836,20.010000228881836,20.010000228881836,20.010000228881836,0
2017-06-07,17.026586532592773,20.010000228881836,20.010000228881836,20.010000228881836,20.010000228881836,0
2017-06-08,17.026586532592773,20.010000228881836,20.010000228881836,20.010000228881836,20.010000228881836,0
2017-06-09,17.026586532592773,20.010000228881836,20.010000228881836,20.010000228881836,20.010000228881836,0
2017-06-12,17.026586532592773,20.010000228881836,20.010000228881836,20.010000228881836,20.010000228881836,0
2017-06-13,17.026586532592773,20.010000228881836,20.010000228881836,20.010000228881836,20.010000228881836,0
2017-06-14,17.026586532592773,20.010000228881836,20.010000228881836,20.010000228881836,20.010000228881836,0
2017-06-15,17.026586532592773,20.010000228881836,20.010000228881836,20.010000228881836,20.010000228881836,0
2017-06-16,17.026586532592773,20.010000228881836,20.010000228881836,20.010000228881836,20.010000228881836,0
2017-06-19,17.026586532592773,20.010000228881836,20.010000228881836,20.010000228881836,20.010000228881836,0
2017-06-20,17.026586532592773,20.010000228881836,20.010000228881836,20.010000228881836,20.010000228881836,0
2017-06-21,17.026586532592773,20.010000228881836,20.010000228881836,20.010000228881836,20.010000228881836,0
2017-06-22,17.026586532592773,20.010000228881836,20.010000228881836,20.010000228881836,20.010000228881836,0
2017-06-23,17.026586532592773,20.010000228881836,20.010000228881836,20.010000228881836,20.010000228881836,0
2017-06-26,17.026586532592773,20.010000228881836,20.010000228881836,20.010000228881836,20.010000228881836,0
2017-06-27,17.026586532592773,20.010000228881836,20.010000228881836,20.010000228881836,20.010000228881836,0
2017-06-28,17.026586532592773,20.010000228881836,20.010000228881836,20.010000228881836,20.010000228881836,0
2017-06-29,17.026586532592773,20.010000228881836,20.010000228881836,20.010000228881836,20.010000228881836,0
2017-06-30,17.026586532592773,20.010000228881836,20.010000228881836,20.010000228881836,20.010000228881836,0
2017-07-03,17.026586532592773,20.010000228881836,20.010000228881836,20.010000228881836,20.010000228881836,0
2017-07-04,17.026586532592773,20.010000228881836,20.010000228881836,20.010000228881836,20.010000228881836,0
2017-07-05,17.026586532592773,20.010000228881836,20.010000228881836,20.010000228881836,20.010000228881836,0
2017-07-06,17.026586532592773,20.010000228881836,20.010000228881836,20.010000228881836,20.010000228881836,0
2017-07-07,17.026586532592773,20.010000228881836,20.010000228881836,20.010000228881836,20.010000228881836,0
2017-07-10,17.026586532592773,20.010000228881836,20.010000228881836,20.010000228881836,20.010000228881836,0
2017-07-11,17.026586532592773,20.010000228881836,20.010000228881836,20.010000228881836,20.010000228881836,0
2017-07-12,17.026586532592773,20.010000228881836,20.010000228881836,20.010000228881836,20.010000228881836,0
2017-07-13,17.026586532592773,20.010000228881836,20.010000228881836,20.010000228881836,20.010000228881836,0
2017-07-14,17.026586532592773,20.010000228881836,20.010000228881836,20.010000228881836,20.010000228881836,0
2017-07-17,17.026586532592773,20.010000228881836,20.010000228881836,20.010000228881836,20.010000228881836,0
2017-07-18,17.026586532592773,20.010000228881836,20.010000228881836,20.010000228881836,20.010000228881836,0
2017-07-19,17.026586532592773,20.010000228881836,20.010000228881836,20.010000228881836,20.010000228881836,0
2017-07-20,17.026586532592773,20.010000228881836,20.010000228881836,20.010000228881836,20.010000228881836,0
2017-07-21,17.026586532592773,20.010000228881836,20.010000228881836,20.010000228881836,20.010000228881836,0
2017-07-24,17.026586532592773,20.010000228881836,20.010000228881836,20.010000228881836,20.010000228881836,0
2017-07-25,17.026586532592773,20.010000228881836,20.010000228881836,20.010000228881836,20.010000228881836,0
2017-07-26,17.026586532592773,20.010000228881836,20.010000228881836,20.010000228881836,20.010000228881836,0
2017-07-27,17.026586532592773,20.010000228881836,20.010000228881836,20.010000228881836,20.010000228881836,0
2017-07-28,17.026586532592773,20.010000228881836,20.010000228881836,20.010000228881836,20.010000228881836,0
2017-07-31,17.026586532592773,20.010000228881836,20.010000228881836,20.010000228881836,20.010000228881836,0
2017-08-01,17.026586532592773,20.010000228881836,20.010000228881836,20.010000228881836,20.010000228881836,0
2017-08-02,17.026586532592773,20.010000228881836,20.010000228881836,20.010000228881836,20.010000228881836,0
2017-08-03,17.026586532592773,20.010000228881836,20.010000228881836,20.010000228881836,20.010000228881836,0
2017-08-04,17.026586532592773,20.010000228881836,20.010000228881836,20.010000228881836,20.010000228881836,0
2017-08-07,17.026586532592773,20.010000228881836,20.010000228881836,20.010000228881836,20.010000228881836,0
2017-08-08,17.026586532592773,20.010000228881836,20.010000228881836,20.010000228881836,20.010000228881836,0
2017-08-09,17.026586532592773,20.010000228881836,20.010000228881836,20.010000228881836,20.010000228881836,0
2017-08-10,17.026586532592773,20.010000228881836,20.010000228881836,20.010000228881836,20.010000228881836,0
2017-08-11,17.026586532592773,20.010000228881836,20.010000228881836,20.010000228881836,20.010000228881836,0
2017-08-14,17.026586532592773,20.010000228881836,20.010000228881836,20.010000228881836,20.010000228881836,0
2017-08-15,17.026586532592773,20.010000228881836,20.010000228881836,20.010000228881836,20.010000228881836,0
2017-08-16,17.026586532592773,20.010000228881836,20.010000228881836,20.010000228881836,20.010000228881836,0
2017-08-17,17.026586532592773,20.010000228881836,20.010000228881836,20.010000228881836,20.010000228881836,0
2017-08-18,17.026586532592773,20.010000228881836,20.010000228881836,20.010000228881836,20.010000228881836,0
2017-08-21,17.026586532592773,20.010000228881836,20.010000228881836,20.010000228881836,20.010000228881836,0
2017-08-22,17.026586532592773,20.010000228881836,20.010000228881836,20.010000228881836,20.010000228881836,0
2017-08-23,17.026586532592773,20.010000228881836,20.010000228881836,20.010000228881836,20.010000228881836,0
2017-08-24,17.026586532592773,20.010000228881836,20.010000228881836,20.010000228881836,20.010000228881836,0
2017-08-25,17.026586532592773,20.010000228881836,20.010000228881836,20.010000228881836,20.010000228881836,0
2017-08-28,17.026586532592773,20.010000228881836,20.010000228881836,20.010000228881836,20.010000228881836,0
2017-08-29,17.026586532592773,20.010000228881836,20.010000228881836,20.010000228881836,20.010000228881836,0
2017-08-30,17.026586532592773,20.010000228881836,20.010000228881836,20.010000228881836,20.010000228881836,0
2017-08-31,17.026586532592773,20.010000228881836,20.010000228881836,20.010000228881836,20.010000228881836,0
2017-09-01,17.026586532592773,20.010000228881836,20.010000228881836,20.010000228881836,20.010000228881836,0
2017-09-04,17.026586532592773,20.010000228881836,20.010000228881836,20.010000228881836,20.010000228881836,0
2017-09-05,17.026586532592773,20.010000228881836,20.010000228881836,20.010000228881836,20.010000228881836,0
2017-09-06,17.026586532592773,20.010000228881836,20.010000228881836,20.010000228881836,20.010000228881836,0
2017-09-07,17.026586532592773,20.010000228881836,20.010000228881836,20.010000228881836,20.010000228881836,0
2017-09-08,17.026586532592773,20.010000228881836,20.010000228881836,20.010000228881836,20.010000228881836,0
2017-09-11,17.026586532592773,20.010000228881836,20.010000228881836,20.010000228881836,20.010000228881836,0
2017-09-12,17.026586532592773,20.010000228881836,20.010000228881836,20.010000228881836,20.010000228881836,0
2017-09-13,17.026586532592773,20.010000228881836,20.010000228881836,20.010000228881836,20.010000228881836,0
2017-09-14,17.026586532592773,20.010000228881836,20.010000228881836,20.010000228881836,20.010000228881836,0
2017-09-15,17.026586532592773,20.010000228881836,20.010000228881836,20.010000228881836,20.010000228881836,0
2017-09-18,17.026586532592773,20.010000228881836,20.010000228881836,20.010000228881836,20.010000228881836,0
2017-09-19,17.026586532592773,20.010000228881836,20.010000228881836,20.010000228881836,20.010000228881836,0
2017-09-20,17.026586532592773,20.010000228881836,20.010000228881836,20.010000228881836,20.010000228881836,0
2017-09-21,17.026586532592773,20.010000228881836,20.010000228881836,20.010000228881836,20.010000228881836,0
2017-09-22,17.026586532592773,20.010000228881836,20.010000228881836,20.010000228881836,20.010000228881836,0
2017-09-25,17.026586532592773,20.010000228881836,20.010000228881836,20.010000228881836,20.010000228881836,0
2017-09-26,17.026586532592773,20.010000228881836,20.010000228881836,20.010000228881836,20.010000228881836,0
2017-09-27,17.026586532592773,20.010000228881836,20.010000228881836,20.010000228881836,20.010000228881836,0
2017-09-28,17.026586532592773,20.010000228881836,20.010000228881836,20.010000228881836,20.010000228881836,0
2017-09-29,17.026586532592773,20.010000228881836,20.010000228881836,20.010000228881836,20.010000228881836,0
2017-10-02,17.026586532592773,20.010000228881836,20.010000228881836,20.010000228881836,20.010000228881836,0
2017-10-03,17.026586532592773,20.010000228881836,20.010000228881836,20.010000228881836,20.010000228881836,0
2017-10-04,17.026586532592773,20.010000228881836,20.010000228881836,20.010000228881836,20.010000228881836,0
2017-10-05,17.026586532592773,20.010000228881836,20.010000228881836,20.010000228881836,20.010000228881836,0
2017-10-06,17.026586532592773,20.010000228881836,20.010000228881836,20.010000228881836,20.010000228881836,0
2017-10-09,17.026586532592773,20.010000228881836,20.010000228881836,20.010000228881836,20.010000228881836,0
2017-10-10,17.026586532592773,20.010000228881836,20.010000228881836,20.010000228881836,20.010000228881836,0
2017-10-11,17.026586532592773,20.010000228881836,20.010000228881836,20.010000228881836,20.010000228881836,0
2017-10-12,17.026586532592773,20.010000228881836,20.010000228881836,20.010000228881836,20.010000228881836,0
2017-10-13,17.026586532592773,20.010000228881836,20.010000228881836,20.010000228881836,20.010000228881836,0
2017-10-16,17.026586532592773,20.010000228881836,20.010000228881836,20.010000228881836,20.010000228881836,0
2017-10-17,17.026586532592773,20.010000228881836,20.010000228881836,20.010000228881836,20.010000228881836,0
2017-10-18,17.026586532592773,20.010000228881836,20.010000228881836,20.010000228881836,20.010000228881836,0
2017-10-19,17.026586532592773,20.010000228881836,20.010000228881836,20.010000228881836,20.010000228881836,0
2017-10-20,17.026586532592773,20.010000228881836,20.010000228881836,20.010000228881836,20.010000228881836,0
2017-10-23,17.026586532592773,20.010000228881836,20.010000228881836,20.010000228881836,20.010000228881836,0
2017-10-24,17.026586532592773,20.010000228881836,20.010000228881836,20.010000228881836,20.010000228881836,0
2017-10-25,17.026586532592773,20.010000228881836,20.010000228881836,20.010000228881836,20.010000228881836,0
2017-10-26,17.026586532592773,20.010000228881836,20.010000228881836,20.010000228881836,20.010000228881836,0
2017-10-27,17.026586532592773,20.010000228881836,20.010000228881836,20.010000228881836,20.010000228881836,0
2017-10-30,17.026586532592773,20.010000228881836,20.010000228881836,20.010000228881836,20.010000228881836,0
2017-10-31,17.026586532592773,20.010000228881836,20.010000228881836,20.010000228881836,20.010000228881836,0
2017-11-01,17.026586532592773,20.010000228881836,20.010000228881836,20.010000228881836,20.010000228881836,0
2017-11-02,17.026586532592773,20.010000228881836,20.010000228881836,20.010000228881836,20.010000228881836,0
2017-11-03,17.026586532592773,20.010000228881836,20.010000228881836,20.010000228881836,20.010000228881836,0
2017-11-06,17.026586532592773,20.010000228881836,20.010000228881836,20.010000228881836,20.010000228881836,0
2017-11-07,17.026586532592773,20.010000228881836,20.010000228881836,20.010000228881836,20.010000228881836,0
2017-11-08,17.026586532592773,20.010000228881836,20.010000228881836,20.010000228881836,20.010000228881836,0
2017-11-09,17.026586532592773,20.010000228881836,20.010000228881836,20.010000228881836,20.010000228881836,0
2017-11-10,17.494585037231445,20.559999465942383,21.31999969482422,19.799999237060547,21.1200008392334,2195500
2017-11-13,17.137205123901367,20.139999389648438,20.440000534057617,19.670000076293945,20.440000534057617,2407300
2017-11-14,16.76280975341797,19.700000762939453,20.270000457763672,19.010000228881836,20.270000457763672,3743900
2017-11-15,16.76280975341797,19.700000762939453,19.700000762939453,19.700000762939453,19.700000762939453,0
2017-11-16,17.018077850341797,20.0,20.18000030517578,19.579999923706055,19.639999389648438,2806800
2017-11-17,17.349931716918945,20.389999389648438,20.450000762939453,19.959999084472656,20.190000534057617,1772000
2017-11-20,17.349931716918945,20.389999389648438,20.389999389648438,20.389999389648438,20.389999389648438,0
2017-11-21,17.528621673583984,20.600000381469727,20.93000030517578,20.170000076293945,20.3799991607666,2763400
2017-11-22,16.847896575927734,19.799999237060547,20.600000381469727,19.760000228881836,20.559999465942383,3061300
2017-11-23,16.609647750854492,19.520000457763672,19.950000762939453,19.5,19.860000610351562,3539600
2017-11-24,16.464990615844727,19.350000381469727,19.610000610351562,19.079999923706055,19.420000076293945,2033300
2017-11-27,16.277788162231445,19.1299991607666,19.34000015258789,18.90999984741211,19.190000534057617,1613600
2017-11-28,15.767251968383789,18.530000686645508,19.450000762939453,18.520000457763672,19.329999923706055,3947900
2017-11-29,15.443907737731934,18.149999618530273,18.760000228881836,17.760000228881836,18.510000228881836,7707800
2017-11-30,15.051081657409668,17.510000228881836,18.100000381469727,17.100000381469727,18.100000381469727,8617500
2017-12-01,15.248783111572266,17.739999771118164,17.75,17.030000686645508,17.299999237060547,4295500
2017-12-04,15.033889770507812,17.489999771118164,17.920000076293945,17.209999084472656,17.790000915527344,3472500
2017-12-05,15.317549705505371,17.81999969482422,18.059999465942383,17.440000534057617,17.649999618530273,3826100
2017-12-06,16.237289428710938,18.889999389648438,19.040000915527344,17.850000381469727,17.850000381469727,5214800
2017-12-07,16.082565307617188,18.709999084472656,19.280000686645508,18.420000076293945,18.850000381469727,3483900
2017-12-08,16.142736434936523,18.780000686645508,18.799999237060547,18.219999313354492,18.799999237060547,2279700
2017-12-11,15.884867668151855,18.479999542236328,18.780000686645508,18.329999923706055,18.780000686645508,2213500
2017-12-12,15.859078407287598,18.450000762939453,18.559999465942383,17.920000076293945,18.479999542236328,3595900
2017-12-13,15.558229446411133,18.100000381469727,18.670000076293945,17.989999771118164,18.450000762939453,3989200
2017-12-14,15.626993179321289,18.18000030517578,18.420000076293945,18.010000228881836,18.09000015258789,3043000
2017-12-15,15.704355239868164,18.270000457763672,18.510000228881836,17.989999771118164,18.149999618530273,3211700
2017-12-18,15.75593090057373,18.329999923706055,18.329999923706055,18.06999969482422,18.190000534057617,1424900
2017-12-19,15.455079078674316,17.979999542236328,18.350000381469727,17.81999969482422,18.350000381469727,2452500
2017-12-20,15.902057647705078,18.5,18.549999237060547,18.0,18.190000534057617,1726400
2017-12-21,16.306055068969727,18.969999313354492,18.969999313354492,18.299999237060547,18.549999237060547,1422800
2017-12-22,16.022397994995117,18.639999389648438,18.979999542236328,18.420000076293945,18.979999542236328,1680400
2017-12-25,16.022397994995117,18.639999389648438,18.639999389648438,18.639999389648438,18.639999389648438,0
2017-12-26,15.884867668151855,18.479999542236328,18.639999389648438,18.329999923706055,18.639999389648438,889700
2017-12-27,15.919248580932617,18.520000457763672,18.520000457763672,18.149999618530273,18.520000457763672,2117400
2017-12-28,16.065378189086914,18.690000534057617,18.690000534057617,18.299999237060547,18.420000076293945,2253200
2017-12-29,16.065378189086914,18.690000534057617,18.690000534057617,18.690000534057617,18.690000534057617,0
2018-01-02,16.15133285522461,18.790000915527344,19.110000610351562,18.479999542236328,18.6200008392334,2119900
2018-01-03,16.03099250793457,18.649999618530273,19.010000228881836,18.479999542236328,18.700000762939453,2652600
2018-01-04,16.073972702026367,18.700000762939453,18.860000610351562,18.40999984741211,18.719999313354492,3251400
2018-01-05,16.03099250793457,18.649999618530273,18.889999389648438,18.549999237060547,18.59000015258789,3058200
2018-01-08,16.417800903320312,19.100000381469727,19.43000030517578,18.770000457763672,18.799999237060547,4200500
2018-01-09,16.589712142944336,19.299999237060547,19.5,19.100000381469727,19.440000534057617,4160800
2018-01-10,16.684267044067383,19.40999984741211,19.579999923706055,19.25,19.34000015258789,2131300
2018-01-11,16.624095916748047,19.34000015258789,19.59000015258789,18.920000076293945,19.5,3305800
2018-01-12,16.563926696777344,19.270000457763672,19.649999618530273,19.149999618530273,19.149999618530273,3293200
2018-01-15,16.73583984375,19.469999313354492,19.549999237060547,19.309999465942383,19.399999618530273,1400700
2018-01-16,16.710052490234375,19.440000534057617,19.739999771118164,19.420000076293945,19.530000686645508,2256100
2018-01-17,16.89056396484375,19.649999618530273,19.65999984741211,19.290000915527344,19.440000534057617,2714200
2018-01-18,18.05098533630371,21.0,21.0,19.670000076293945,19.68000030517578,5795000
2018-01-19,18.222900390625,21.200000762939453,21.799999237060547,20.799999237060547,21.0,4869700
2018-01-22,18.317453384399414,21.309999465942383,21.530000686645508,20.75,21.360000610351562,3648200
2018-01-23,18.11115264892578,21.06999969482422,21.5,20.8799991607666,21.280000686645508,2366900
2018-01-24,17.956432342529297,20.889999389648438,21.399999618530273,20.360000610351562,21.360000610351562,3539300
2018-01-25,17.956432342529297,20.889999389648438,20.889999389648438,20.889999389648438,20.889999389648438,0
2018-01-26,17.69856071472168,20.59000015258789,20.729999542236328,20.309999465942383,20.510000228881836,3580600
2018-01-29,17.595407485961914,20.469999313354492,21.65999984741211,20.329999923706055,21.309999465942383,7831200
2018-01-30,18.102554321289062,21.059999465942383,21.170000076293945,20.389999389648438,20.600000381469727,2315700
2018-01-31,17.758731842041016,20.65999984741211,21.200000762939453,20.6299991607666,21.200000762939453,2567000
2018-02-01,18.076770782470703,21.030000686645508,21.149999618530273,20.68000030517578,20.68000030517578,2052300
2018-02-02,18.222900390625,21.200000762939453,21.56999969482422,20.850000381469727,21.100000381469727,2872000
2018-02-05,18.102554321289062,21.059999465942383,21.639999389648438,21.010000228881836,21.360000610351562,3226700
2018-02-06,17.982221603393555,20.920000076293945,21.030000686645508,20.389999389648438,21.030000686645508,3288700
2018-02-07,17.965024948120117,20.899999618530273,21.450000762939453,20.809999465942383,21.0,3980300
2018-02-08,17.08826446533203,19.8799991607666,21.239999771118164,19.8799991607666,21.209999084472656,5040900
2018-02-09,17.122650146484375,19.920000076293945,20.100000381469727,19.299999237060547,19.809999465942383,6071200
2018-02-14,17.46647834777832,20.31999969482422,20.479999542236328,19.989999771118164,20.1200008392334,4901200
2018-02-15,17.440692901611328,20.290000915527344,20.639999389648438,20.15999984741211,20.440000534057617,1838400
2018-02-16,18.343236923217773,21.34000015258789,21.360000610351562,20.610000610351562,20.700000762939453,4736700
2018-02-19,18.987916946411133,22.09000015258789,22.139999389648438,21.40999984741211,21.420000076293945,3597300
2018-02-20,19.615402221679688,22.81999969482422,23.469999313354492,22.229999542236328,22.25,5119900
2018-02-21,19.598209381103516,22.799999237060547,22.969999313354492,22.020000457763672,22.389999389648438,7238700
2018-02-22,19.039491653442383,22.149999618530273,23.190000534057617,21.940000534057617,22.799999237060547,3980700
2018-02-23,19.039491653442383,22.149999618530273,22.350000381469727,21.790000915527344,22.25,2863200
2018-02-26,18.55813217163086,21.59000015258789,22.290000915527344,21.559999465942383,22.149999618530273,3742100
2018-02-27,18.44638442993164,21.459999084472656,21.790000915527344,21.15999984741211,21.639999389648438,3580500
2018-02-28,18.695663452148438,21.75,21.75,21.110000610351562,21.649999618530273,7029800
2018-03-01,18.27447509765625,21.260000228881836,22.0,21.25,21.959999084472656,3135400
2018-03-02,18.73863983154297,21.799999237060547,21.920000076293945,21.309999465942383,21.469999313354492,4116600
2018-03-05,18.412004470825195,21.420000076293945,22.18000030517578,21.420000076293945,21.93000030517578,2266000
2018-03-06,18.609703063964844,21.649999618530273,21.780000686645508,21.420000076293945,21.600000381469727,1904000
2018-03-07,18.876171112060547,21.959999084472656,21.959999084472656,21.34000015258789,21.530000686645508,2495300
2018-03-08,19.563833236694336,22.760000228881836,23.110000610351562,21.959999084472656,21.959999084472656,7212100
2018-03-09,19.890464782714844,23.139999389648438,23.450000762939453,22.299999237060547,23.049999237060547,4288700
2018-03-12,19.005107879638672,22.110000610351562,23.1299991607666,21.809999465942383,22.75,8773100
2018-03-13,19.55522918701172,22.75,22.81999969482422,21.760000228881836,21.989999771118164,4693600
2018-03-14,20.629695892333984,24.0,24.270000457763672,22.510000228881836,22.600000381469727,5725000
2018-03-15,20.113954544067383,23.399999618530273,24.25,22.850000381469727,24.149999618530273,5974300
2018-03-16,24.49776268005371,28.5,30.600000381469727,26.350000381469727,29.1299991607666,44499500
2018-03-19,26.302860260009766,30.600000381469727,32.150001525878906,29.049999237060547,29.219999313354492,24043800
2018-03-20,26.173927307128906,30.450000762939453,31.5,29.25,31.5,13440900
2018-03-21,27.30855941772461,31.770000457763672,32.13999938964844,29.93000030517578,30.0,10866800
2018-03-22,27.936046600341797,32.5,32.5,31.299999237060547,32.0,7470900
2018-03-23,28.529150009155273,33.189998626708984,34.20000076293945,32.060001373291016,32.29999923706055,9164400
2018-03-26,29.405914306640625,34.209999084472656,34.52000045776367,33.470001220703125,33.5099983215332,5003300
2018-03-27,28.391618728637695,33.029998779296875,34.7599983215332,33.029998779296875,34.52000045776367,6549600
2018-03-28,28.75263786315918,33.45000076293945,33.66999816894531,32.400001525878906,33.0,5328200
2018-03-29,28.675277709960938,33.36000061035156,33.810001373291016,32.810001373291016,33.400001525878906,5825600
2018-04-02,28.821401596069336,33.529998779296875,33.9900016784668,32.77000045776367,33.400001525878906,4748400
2018-04-03,29.569231033325195,34.400001525878906,34.63999938964844,33.459999084472656,33.5,5960100
2018-04-04,30.84998893737793,35.88999938964844,35.91999816894531,34.119998931884766,34.5099983215332,4594700
2018-04-05,31.37433433532715,36.5,37.09000015258789,35.869998931884766,36.0,8201400
2018-04-06,32.65509033203125,37.9900016784668,37.9900016784668,36.040000915527344,36.27000045776367,5259200
2018-04-09,31.7783260345459,36.970001220703125,38.779998779296875,36.7400016784668,38.04999923706055,5526200
2018-04-10,31.606416702270508,36.77000045776367,37.689998626708984,36.209999084472656,37.5,4085400
2018-04-11,30.686674118041992,35.70000076293945,36.7599983215332,35.47999954223633,36.45000076293945,5681500
2018-04-12,31.245393753051758,36.349998474121094,36.38999938964844,35.439998626708984,35.849998474121094,3626500
2018-04-13,31.15943717956543,36.25,36.66999816894531,35.849998474121094,36.5,2424700
2018-04-16,31.68377685546875,36.86000061035156,37.029998779296875,35.720001220703125,35.900001525878906,3073700
2018-04-17,32.569129943847656,37.88999938964844,37.88999938964844,36.91999816894531,36.93000030517578,4595200
2018-04-18,32.104957580566406,37.349998474121094,38.0,36.95000076293945,37.95000076293945,5098900
2018-04-19,32.08777618408203,37.33000183105469,37.540000915527344,36.66999816894531,37.400001525878906,2994700
2018-04-20,32.34564971923828,37.630001068115234,37.68000030517578,36.849998474121094,37.400001525878906,2585300
2018-04-23,32.87857437133789,38.25,38.650001525878906,37.689998626708984,37.689998626708984,3452300
2018-04-24,32.40581512451172,37.70000076293945,38.63999938964844,37.70000076293945,38.34000015258789,2472000
2018-04-25,33.69517135620117,39.20000076293945,39.29999923706055,37.70000076293945,38.18000030517578,4934700
2018-04-26,34.38282775878906,40.0,40.86000061035156,38.43000030517578,39.36000061035156,5328400
2018-04-27,34.76477813720703,40.25,42.20000076293945,39.790000915527344,41.0,4904000
2018-04-30,35.46440887451172,41.060001373291016,41.060001373291016,39.79999923706055,40.5,2698400
2018-05-02,36.66497039794922,42.45000076293945,42.900001525878906,41.060001373291016,41.54999923706055,4857800
2018-05-03,35.257102966308594,40.81999969482422,42.9900016784668,40.16999816894531,42.790000915527344,6965600
2018-05-04,34.4193000793457,39.849998474121094,41.209999084472656,39.5099983215332,40.689998626708984,4057000
2018-05-07,34.05653381347656,39.43000030517578,40.43000030517578,39.09000015258789,39.83000183105469,2632800
2018-05-08,34.531578063964844,39.97999954223633,41.400001525878906,39.25,39.45000076293945,4963500
2018-05-09,37.010459899902344,42.849998474121094,42.95000076293945,40.25,40.5,5045300
2018-05-10,36.29357147216797,42.02000045776367,43.349998474121094,41.619998931884766,42.54999923706055,4827600
2018-05-11,37.22639083862305,43.099998474121094,43.849998474121094,41.20000076293945,41.779998779296875,3836300
2018-05-14,39.083396911621094,45.25,45.279998779296875,42.95000076293945,43.0,4926200
2018-05-15,39.72255325317383,45.9900016784668,47.84000015258789,45.650001525878906,47.209999084472656,6523300
2018-05-16,38.426963806152344,44.4900016784668,46.900001525878906,43.91999816894531,46.38999938964844,4258800
2018-05-17,38.36650848388672,44.41999816894531,45.27000045776367,43.45000076293945,44.13999938964844,5265700
2018-05-18,39.895294189453125,46.189998626708984,46.75,45.15999984741211,45.15999984741211,4657600
2018-05-21,39.48934555053711,45.720001220703125,47.25,44.79999923706055,45.599998474121094,5966500
2018-05-22,37.12274932861328,42.97999954223633,46.29999923706055,42.0,45.45000076293945,7733400
2018-05-23,36.8895378112793,42.709999084472656,44.279998779296875,42.2599983215332,43.79999923706055,3768200
2018-05-24,39.10929870605469,45.279998779296875,46.0,41.70000076293945,42.5,5666900
2018-05-25,38.28013229370117,44.31999969482422,45.470001220703125,44.0,45.0,4844700
2018-05-28,38.86746597290039,45.0,46.5099983215332,43.5,45.119998931884766,3766100
2018-05-29,37.26957702636719,43.150001525878906,44.900001525878906,42.0,44.18000030517578,8246900
2018-05-30,37.22639083862305,43.099998474121094,44.11000061035156,42.15999984741211,43.400001525878906,6865300
2018-06-01,38.41832733154297,44.47999954223633,45.15999984741211,42.599998474121094,43.400001525878906,4748800
2018-06-04,40.620819091796875,47.029998779296875,47.099998474121094,43.61000061035156,44.0,5392100
2018-06-05,41.717750549316406,48.29999923706055,48.4900016784668,47.11000061035156,47.5,5085400
2018-06-06,44.878963470458984,51.959999084472656,52.099998474121094,48.2599983215332,48.2599983215332,6316500
2018-06-07,42.71102523803711,49.45000076293945,54.709999084472656,47.650001525878906,53.79999923706055,11309100
2018-06-08,38.63425827026367,44.72999954223633,48.79999923706055,44.20000076293945,47.400001525878906,10337800
2018-06-11,38.081478118896484,44.09000015258789,46.43000030517578,43.150001525878906,44.93000030517578,5563300
2018-06-12,39.67936325073242,45.939998626708984,46.45000076293945,43.54999923706055,43.599998474121094,4159400
2018-06-13,39.73982238769531,46.0099983215332,47.58000183105469,45.400001525878906,46.400001525878906,3935100
2018-06-14,41.4586296081543,48.0,48.0,45.060001373291016,46.0,5153000
2018-06-15,40.85402297973633,47.29999923706055,49.25,47.029998779296875,47.880001068115234,8243500
2018-06-18,39.98166275024414,46.290000915527344,47.779998779296875,45.790000915527344,47.0099983215332,3772200
2018-06-19,37.87418746948242,43.849998474121094,46.63999938964844,43.599998474121094,46.060001373291016,8103500
2018-06-20,37.23503494262695,43.11000061035156,43.439998626708984,42.29999923706055,43.40999984741211,6919600
2018-06-21,37.64098358154297,43.58000183105469,44.869998931884766,42.7400016784668,43.099998474121094,4293400
2018-06-22,37.90010070800781,43.880001068115234,44.09000015258789,42.88999938964844,44.0,2140900
2018-06-25,37.969200134277344,43.959999084472656,44.36000061035156,43.0099983215332,43.630001068115234,2286700
2018-06-26,38.435604095458984,44.5,44.5,42.84000015258789,43.959999084472656,2323400
2018-06-27,38.86746597290039,45.0,45.220001220703125,43.7400016784668,44.97999954223633,5160300
2018-06-28,38.150577545166016,44.16999816894531,44.95000076293945,44.02000045776367,44.54999923706055,2763700
2018-06-29,38.841552734375,44.970001220703125,44.970001220703125,43.560001373291016,44.20000076293945,2663000
2018-07-02,38.51333999633789,44.59000015258789,45.150001525878906,44.099998474121094,44.970001220703125,1419100
2018-07-03,38.86746597290039,45.0,45.47999954223633,44.720001220703125,45.0,2430600
2018-07-04,39.48070526123047,45.709999084472656,45.90999984741211,45.13999938964844,45.25,1301600
2018-07-05,40.41352462768555,46.790000915527344,46.849998474121094,45.56999969482422,45.9900016784668,2376600
2018-07-06,39.42024612426758,45.63999938964844,48.150001525878906,45.599998474121094,47.0,2256000
2018-07-10,37.40777587890625,43.310001373291016,45.599998474121094,43.04999923706055,45.599998474121094,4831700
2018-07-11,38.76382064819336,44.880001068115234,45.29999923706055,43.61000061035156,43.68000030517578,3514100
2018-07-12,38.141937255859375,44.15999984741211,44.7400016784668,43.97999954223633,44.5,3195300
2018-07-13,38.211036682128906,44.2400016784668,45.439998626708984,44.2400016784668,44.5,2866500
2018-07-16,38.2714958190918,44.310001373291016,45.09000015258789,44.099998474121094,44.599998474121094,2766300
2018-07-17,37.73598861694336,43.689998626708984,44.869998931884766,43.43000030517578,44.650001525878906,3863600
2018-07-18,36.5008659362793,42.2599983215332,44.16999816894531,40.880001068115234,43.959999084472656,11865700
2018-07-19,36.276302337646484,42.0,43.529998779296875,41.959999084472656,42.650001525878906,5335200
2018-07-20,34.38475036621094,39.810001373291016,41.0,39.630001068115234,40.0,7493600
2018-07-23,35.50758743286133,41.11000061035156,41.34000015258789,40.02000045776367,40.02000045776367,4477400
2018-07-24,35.94808578491211,41.619998931884766,41.779998779296875,40.209999084472656,40.599998474121094,4215500
2018-07-25,36.7513427734375,42.54999923706055,42.790000915527344,39.95000076293945,41.79999923706055,4523200
2018-07-26,36.69088363647461,42.47999954223633,43.11000061035156,42.18000030517578,42.58000183105469,3621700
2018-07-27,37.485511779785156,43.400001525878906,43.400001525878906,42.31999969482422,42.31999969482422,2690500
2018-07-30,38.167850494384766,44.189998626708984,44.400001525878906,43.5,43.5,2551600
2018-07-31,38.478790283203125,44.54999923706055,44.79999923706055,44.0,44.400001525878906,2623700
2018-08-01,37.65825271606445,43.599998474121094,45.06999969482422,43.2599983215332,44.65999984741211,3550800
2018-08-02,38.098751068115234,44.11000061035156,44.470001220703125,43.20000076293945,43.5,2275400
2018-08-03,37.001827239990234,42.84000015258789,44.040000915527344,42.11000061035156,43.5,4710300
2018-08-06,37.22639083862305,43.099998474121094,43.31999969482422,42.86000061035156,42.90999984741211,2511500
2018-08-07,36.64769744873047,42.43000030517578,43.29999923706055,41.68000030517578,43.0,6205300
2018-08-08,37.71871566772461,43.66999816894531,43.689998626708984,42.599998474121094,42.599998474121094,3314200
2018-08-09,38.003746032714844,44.0,44.5,41.86000061035156,42.599998474121094,4683100
2018-08-10,39.454795837402344,45.68000030517578,45.88999938964844,44.290000915527344,44.29999923706055,5730900
2018-08-13,40.594905853271484,47.0,47.5,45.29999923706055,46.099998474121094,6516400
2018-08-14,39.71391296386719,45.97999954223633,47.189998626708984,45.970001220703125,46.400001525878906,4398900
2018-08-15,38.28877258300781,44.33000183105469,46.68000030517578,43.83000183105469,46.5,6070000
2018-08-16,37.27821731567383,43.15999984741211,44.18000030517578,42.900001525878906,43.90999984741211,4965800
2018-08-17,37.9519157409668,43.939998626708984,45.2400016784668,43.29999923706055,43.599998474121094,3897200
2018-08-20,39.04021072387695,45.20000076293945,45.9900016784668,43.599998474121094,44.04999923706055,5572900
2018-08-21,40.75038146972656,47.18000030517578,47.18000030517578,45.33000183105469,45.70000076293945,5695900
2018-08-22,41.648651123046875,48.220001220703125,49.58000183105469,47.150001525878906,47.470001220703125,6149500
2018-08-23,43.44518280029297,50.29999923706055,50.5099983215332,47.36000061035156,47.650001525878906,6981000
2018-08-24,43.95478439331055,50.88999938964844,51.43000030517578,49.16999816894531,49.47999954223633,4678600
2018-08-27,42.52101135253906,49.22999954223633,50.79999923706055,49.029998779296875,50.79999923706055,3988200
2018-08-28,43.194705963134766,50.0099983215332,50.79999923706055,49.20000076293945,49.5,3680100
2018-08-29,41.950950622558594,48.56999969482422,49.9900016784668,48.400001525878906,49.9900016784668,3286500
2018-08-30,41.933677673339844,48.54999923706055,49.689998626708984,47.16999816894531,49.599998474121094,5116500
2018-08-31,40.8626594543457,47.310001373291016,49.349998474121094,47.0,48.540000915527344,7348600
2018-09-03,42.35689926147461,49.040000915527344,49.380001068115234,48.150001525878906,48.209999084472656,3131900
2018-09-04,43.52292251586914,50.38999938964844,51.119998931884766,49.400001525878906,49.43000030517578,5541000
2018-09-05,46.74460220336914,54.119998931884766,55.0,53.099998474121094,54.599998474121094,8134800
2018-09-06,47.003719329833984,54.41999816894531,55.20000076293945,52.81999969482422,53.650001525878906,5616800
2018-09-10,45.72541046142578,52.939998626708984,54.70000076293945,52.5,54.0,4163700
2018-09-11,45.04307556152344,52.150001525878906,54.27000045776367,51.810001373291016,54.11000061035156,4520200
2018-09-12,44.732139587402344,51.790000915527344,52.0,49.959999084472656,51.900001525878906,5926000
2018-09-13,44.70621871948242,51.7599983215332,52.189998626708984,50.88999938964844,51.689998626708984,5285100
2018-09-14,44.91352081298828,52.0,52.5,51.22999954223633,52.4900016784668,5213200
2018-09-17,44.39527893066406,51.400001525878906,52.58000183105469,51.33000183105469,52.34000015258789,4587800
2018-09-18,42.51237106323242,49.220001220703125,51.4900016784668,48.650001525878906,51.400001525878906,6089300
2018-09-19,41.79547882080078,48.38999938964844,50.439998626708984,47.83000183105469,49.5099983215332,5731300
2018-09-20,41.354984283447266,47.880001068115234,48.4900016784668,47.18000030517578,47.790000915527344,4685900
2018-09-21,40.63808822631836,47.04999923706055,47.900001525878906,46.709999084472656,47.900001525878906,4881900
2018-09-24,40.56035232543945,46.959999084472656,47.91999816894531,46.720001220703125,47.400001525878906,3047300
2018-09-25,41.4586296081543,48.0,48.68000030517578,47.349998474121094,47.599998474121094,5465400
2018-09-26,41.4240837097168,47.959999084472656,48.380001068115234,47.189998626708984,47.810001373291016,4615800
2018-09-27,40.94039535522461,47.400001525878906,48.63999938964844,47.13999938964844,48.29999923706055,5728200
2018-09-28,41.52772521972656,48.08000183105469,48.150001525878906,47.5,47.97999954223633,4052100
2018-10-01,41.4586296081543,48.0,48.27000045776367,47.33000183105469,48.27000045776367,2043500
2018-10-02,39.903934478759766,46.20000076293945,47.27000045776367,45.599998474121094,46.880001068115234,6090200
2018-10-03,38.12466049194336,44.13999938964844,45.290000915527344,43.0099983215332,44.0,9990700
2018-10-04,36.02581787109375,41.709999084472656,45.20000076293945,41.52000045776367,44.9900016784668,5683900
2018-10-05,36.17265319824219,41.880001068115234,43.08000183105469,41.02000045776367,41.279998779296875,6461300
2018-10-08,36.017181396484375,41.70000076293945,41.70000076293945,39.400001525878906,39.900001525878906,12876900
2018-10-09,35.41257858276367,41.0,41.720001220703125,40.709999084472656,41.70000076293945,8016000
2018-10-10,36.19855880737305,41.90999984741211,43.06999969482422,41.61000061035156,41.75,6836000
2018-10-11,35.87898254394531,41.540000915527344,42.70000076293945,41.29999923706055,41.59000015258789,3656600
2018-10-15,35.41257858276367,41.0,42.13999938964844,40.959999084472656,42.099998474121094,5370000
2018-10-16,35.196651458740234,40.75,41.70000076293945,40.52000045776367,41.380001068115234,5061800
2018-10-17,34.73023986816406,40.209999084472656,41.27000045776367,40.0099983215332,41.119998931884766,4347100
2018-10-18,34.842525482177734,40.34000015258789,40.75,39.33000183105469,40.349998474121094,6062400
2018-10-19,34.79934310913086,40.290000915527344,40.869998931884766,39.97999954223633,40.45000076293945,3651600
2018-10-22,35.16209411621094,40.709999084472656,41.0,39.810001373291016,40.41999816894531,3640800
2018-10-23,35.40393829345703,40.9900016784668,41.7400016784668,40.7400016784668,41.29999923706055,4423200
2018-10-24,36.276302337646484,42.0,42.0,41.119998931884766,41.439998626708984,3100000
2018-10-25,36.474952697753906,42.22999954223633,42.650001525878906,41.22999954223633,41.7400016784668,3321400
2018-10-26,34.117000579833984,39.5,42.2400016784668,39.29999923706055,42.2400016784668,9110600
2018-10-29,32.75231170654297,37.91999816894531,38.849998474121094,37.06999969482422,38.34000015258789,7628700
2018-10-30,31.594928741455078,36.58000183105469,38.099998474121094,36.220001220703125,38.04999923706055,6674300
2018-10-31,32.69186019897461,37.849998474121094,39.060001373291016,35.900001525878906,36.349998474121094,6638400
2018-11-01,31.99224090576172,37.040000915527344,38.25,36.72999954223633,37.849998474121094,4642300
2018-11-05,32.700496673583984,37.86000061035156,38.38999938964844,36.90999984741211,37.2400016784668,5294400
2018-11-06,32.27726364135742,37.369998931884766,38.939998626708984,36.86000061035156,38.27000045776367,5534000
2018-11-07,31.620847702026367,36.61000061035156,37.349998474121094,36.349998474121094,37.0,3540800
2018-11-08,30.636201858520508,35.470001220703125,36.900001525878906,35.470001220703125,36.709999084472656,5495900
2018-11-09,29.712017059326172,34.400001525878906,35.709999084472656,34.0,35.599998474121094,7290800
2018-11-12,29.539274215698242,34.20000076293945,35.2400016784668,33.70000076293945,34.529998779296875,4360000
2018-11-13,31.361722946166992,36.310001373291016,36.45000076293945,34.060001373291016,34.209999084472656,6929200
2018-11-14,33.814693450927734,39.150001525878906,39.150001525878906,36.540000915527344,36.599998474121094,10554800
2018-11-16,33.33964538574219,38.599998474121094,38.939998626708984,37.779998779296875,38.75,5160200
2018-11-19,32.303184509277344,37.400001525878906,39.43000030517578,37.189998626708984,38.900001525878906,5111100
2018-11-21,31.223526000976562,36.150001525878906,38.09000015258789,36.0,37.900001525878906,5193600
2018-11-22,32.75231170654297,37.91999816894531,37.91999816894531,35.54999923706055,36.2400016784668,3131500
2018-11-23,32.08725357055664,37.150001525878906,37.91999816894531,36.68000030517578,37.900001525878906,4631100
2018-11-26,32.726402282714844,37.88999938964844,38.13999938964844,36.5,37.5099983215332,3795500
2018-11-27,31.966333389282227,37.0099983215332,37.709999084472656,36.5099983215332,37.400001525878906,3682400
2018-11-28,31.733129501342773,36.7400016784668,37.20000076293945,36.2400016784668,37.119998931884766,4717400
2018-11-29,33.624671936035156,38.93000030517578,38.93000030517578,36.56999969482422,36.7599983215332,6457300
2018-11-30,35.317569732666016,40.88999938964844,42.0,39.470001220703125,39.47999954223633,12375400
2018-12-03,35.930809020996094,41.599998474121094,41.810001373291016,40.65999984741211,41.5,5766900
2018-12-04,34.24655532836914,39.650001525878906,41.77000045776367,39.150001525878906,41.20000076293945,7600500
2018-12-05,34.36748123168945,39.790000915527344,40.400001525878906,39.279998779296875,39.77000045776367,3089500
2018-12-06,33.892433166503906,39.2400016784668,40.11000061035156,38.31999969482422,40.0,3965200
2018-12-07,32.95097351074219,38.150001525878906,39.45000076293945,37.79999923706055,39.45000076293945,9554200
2018-12-10,32.173622131347656,37.25,38.66999816894531,37.040000915527344,38.150001525878906,4602600
2018-12-11,30.947141647338867,35.83000183105469,36.70000076293945,35.70000076293945,36.15999984741211,8241700
2018-12-12,31.344451904296875,36.290000915527344,36.70000076293945,35.869998931884766,36.04999923706055,3592600
2018-12-13,32.45001220703125,37.56999969482422,37.599998474121094,36.20000076293945,36.380001068115234,4992000
2018-12-14,32.044063568115234,37.099998474121094,38.04999923706055,36.88999938964844,37.290000915527344,4263300
2018-12-17,31.283992767333984,36.220001220703125,37.349998474121094,36.220001220703125,37.119998931884766,3941400
2018-12-18,32.34636306762695,37.45000076293945,37.790000915527344,36.13999938964844,36.220001220703125,4678300
2018-12-19,31.862682342529297,36.88999938964844,38.400001525878906,36.88999938964844,37.45000076293945,5303400
2018-12-20,31.70721435546875,36.709999084472656,37.459999084472656,36.150001525878906,37.22999954223633,4226800
2018-12-21,33.512386322021484,38.79999923706055,38.79999923706055,36.77000045776367,36.83000183105469,6722000
2018-12-26,33.469207763671875,38.75,39.2400016784668,38.150001525878906,38.599998474121094,2756900
2018-12-27,31.974966049194336,37.02000045776367,38.7599983215332,37.0,38.75,3410400
2018-12-28,32.8905143737793,38.08000183105469,38.08000183105469,36.619998931884766,37.209999084472656,3976300
2019-01-02,33.33964538574219,38.599998474121094,39.4900016784668,37.560001373291016,37.95000076293945,4900000
2019-01-03,31.914506912231445,36.95000076293945,38.5099983215332,35.619998931884766,38.5099983215332,24428600
2019-01-04,32.45001220703125,37.56999969482422,37.959999084472656,36.91999816894531,37.130001068115234,5789200
2019-01-07,30.96440887451172,35.849998474121094,37.52000045776367,35.849998474121094,37.52000045776367,7126100
2019-01-08,31.26671600341797,36.20000076293945,36.439998626708984,35.779998779296875,36.0,5272300
2019-01-09,33.140987396240234,38.369998931884766,38.369998931884766,36.08000183105469,36.08000183105469,6623400
2019-01-10,33.56421661376953,38.86000061035156,39.900001525878906,37.43000030517578,38.04999923706055,6902900
2019-01-11,33.56421661376953,38.86000061035156,39.75,38.68000030517578,39.75,5485900
2019-01-14,33.68513488769531,39.0,39.630001068115234,38.34000015258789,38.34000015258789,5932000
2019-01-15,36.53541946411133,42.29999923706055,42.29999923706055,39.43000030517578,39.650001525878906,11259800
2019-01-16,38.141937255859375,44.15999984741211,44.849998474121094,42.5,42.5,11537300
2019-01-17,37.11410903930664,42.970001220703125,44.849998474121094,42.630001068115234,44.36000061035156,10277200
2019-01-18,38.32331848144531,44.369998931884766,44.560001373291016,42.029998779296875,43.5,7909400
2019-01-21,39.38569259643555,45.599998474121094,45.68000030517578,42.79999923706055,44.400001525878906,5046400
2019-01-22,38.41832733154297,44.47999954223633,45.900001525878906,44.15999984741211,45.650001525878906,8144300
2019-01-23,39.592987060546875,45.84000015258789,46.5,44.58000183105469,44.650001525878906,6808600
2019-01-24,41.41543960571289,47.95000076293945,47.95000076293945,45.900001525878906,46.0,7327900
2019-01-28,42.39145278930664,49.08000183105469,49.439998626708984,46.83000183105469,47.400001525878906,8294600
2019-01-29,41.46726989746094,48.0099983215332,49.790000915527344,47.81999969482422,49.36000061035156,7093600
2019-01-30,40.249420166015625,46.599998474121094,49.0,46.439998626708984,48.20000076293945,6752000
2019-01-31,39.73118209838867,46.0,47.91999816894531,45.38999938964844,46.279998779296875,10110900
2019-02-01,40.258056640625,46.61000061035156,47.130001068115234,45.97999954223633,46.220001220703125,5208200
2019-02-04,40.603538513183594,47.0099983215332,48.0,46.31999969482422,46.34000015258789,4034600
2019-02-05,40.84538650512695,47.290000915527344,48.29999923706055,47.04999923706055,47.04999923706055,4456000
2019-02-06,41.329063415527344,47.849998474121094,48.45000076293945,47.31999969482422,47.650001525878906,4345500
2019-02-07,41.9941291809082,48.619998931884766,49.439998626708984,47.900001525878906,48.2400016784668,5061000
2019-02-08,41.4240837097168,47.959999084472656,50.0,47.709999084472656,49.099998474121094,6593600
2019-02-11,40.327152252197266,46.689998626708984,48.65999984741211,46.369998931884766,48.0,4654700
2019-02-12,39.169769287109375,45.349998474121094,47.34000015258789,45.2599983215332,47.0,7544600
2019-02-13,39.61890411376953,45.869998931884766,46.65999984741211,44.970001220703125,45.68000030517578,5721200
2019-02-14,38.910648345947266,45.04999923706055,46.4900016784668,44.709999084472656,46.06999969482422,6929200
2019-02-15,39.454795837402344,45.68000030517578,46.099998474121094,44.77000045776367,44.779998779296875,4190100
2019-02-18,39.644813537597656,45.900001525878906,46.369998931884766,45.65999984741211,46.0,1974900
2019-02-19,40.20623779296875,46.54999923706055,46.59000015258789,45.7400016784668,46.0099983215332,3422100
2019-02-20,40.5430793762207,46.939998626708984,47.41999816894531,46.65999984741211,46.70000076293945,4785600
2019-02-21,41.14768600463867,47.63999938964844,47.63999938964844,46.86000061035156,47.209999084472656,4120100
2019-02-22,41.02676773071289,47.5,48.08000183105469,46.290000915527344,46.900001525878906,6264600
2019-02-25,41.4586296081543,48.0,48.619998931884766,47.27000045776367,47.349998474121094,4067600
2019-02-26,43.44518280029297,50.29999923706055,50.5,48.56999969482422,48.599998474121094,8764800
2019-02-27,41.56227493286133,48.119998931884766,50.33000183105469,48.02000045776367,50.29999923706055,6185500
2019-02-28,41.16496276855469,47.65999984741211,48.84000015258789,47.65999984741211,48.5,5014300
2019-03-01,41.94231414794922,48.560001373291016,49.349998474121094,47.86000061035156,47.880001068115234,4583000
2019-03-06,41.62273406982422,48.189998626708984,49.68000030517578,48.150001525878906,49.189998626708984,3753800
2019-03-07,42.002777099609375,48.630001068115234,48.970001220703125,46.95000076293945,48.529998779296875,6030900
2019-03-08,40.62945556640625,47.040000915527344,48.45000076293945,46.83000183105469,48.400001525878906,7371500
2019-03-11,40.8972053527832,47.349998474121094,47.79999923706055,47.040000915527344,47.150001525878906,2496800
2019-03-12,39.92120361328125,46.220001220703125,47.68000030517578,46.220001220703125,47.66999816894531,3527200
2019-03-13,39.81755828857422,46.099998474121094,46.7400016784668,45.900001525878906,46.41999816894531,3193500
2019-03-14,39.73118209838867,46.0,46.5,45.70000076293945,46.189998626708984,3334500
2019-03-15,40.33579635620117,46.70000076293945,47.36000061035156,45.47999954223633,46.290000915527344,6894700
2019-03-18,41.06132125854492,47.540000915527344,47.689998626708984,46.5,46.90999984741211,3498500
2019-03-19,39.195674896240234,45.380001068115234,47.599998474121094,45.380001068115234,47.599998474121094,8073300
2019-03-20,37.89145278930664,43.869998931884766,46.040000915527344,43.869998931884766,45.599998474121094,6753100
2019-03-21,39.083396911621094,45.25,45.540000915527344,43.79999923706055,44.5,7235000
2019-03-22,39.549800872802734,45.790000915527344,46.650001525878906,45.25,46.0,8908700
2019-03-25,40.27532958984375,46.630001068115234,46.869998931884766,45.349998474121094,45.959999084472656,5659000
2019-03-26,40.249420166015625,46.599998474121094,47.25,45.709999084472656,46.599998474121094,8010900
2019-03-27,41.000858306884766,47.470001220703125,47.810001373291016,46.5,47.0099983215332,7406400
2019-03-28,40.07667922973633,46.400001525878906,47.43000030517578,45.720001220703125,47.209999084472656,6659400
2019-03-29,40.20623779296875,46.54999923706055,46.560001373291016,45.849998474121094,46.0099983215332,4264500
2019-04-01,41.34634780883789,47.869998931884766,47.95000076293945,46.18000030517578,46.2599983215332,4280600
2019-04-02,41.50181579589844,48.04999923706055,48.380001068115234,47.369998931884766,48.20000076293945,2962200
2019-04-03,40.50853729248047,46.900001525878906,48.099998474121094,46.79999923706055,47.93000030517578,3035800
2019-04-04,39.24749755859375,45.439998626708984,46.5,45.20000076293945,46.5,5110800
2019-04-05,39.04021072387695,45.20000076293945,45.75,45.0099983215332,45.65999984741211,2682000
2019-04-08,39.20431137084961,45.38999938964844,45.720001220703125,45.0,45.41999816894531,2257700
2019-04-09,38.608341217041016,44.70000076293945,45.599998474121094,44.119998931884766,45.29999923706055,3267600
2019-04-10,37.2523078918457,43.130001068115234,44.61000061035156,42.66999816894531,44.599998474121094,5571200
2019-04-11,37.04500961303711,42.88999938964844,43.900001525878906,42.560001373291016,43.29999923706055,3347200
2019-04-12,36.69952392578125,42.4900016784668,43.66999816894531,41.880001068115234,43.5,5261600
2019-04-15,36.66497039794922,42.45000076293945,43.09000015258789,41.84000015258789,42.66999816894531,4065100
2019-04-16,35.896263122558594,41.560001373291016,42.7599983215332,41.45000076293945,42.380001068115234,3833300
2019-04-17,35.671695709228516,41.29999923706055,41.88999938964844,40.849998474121094,41.88999938964844,11393600
2019-04-18,35.43848419189453,41.029998779296875,41.58000183105469,40.619998931884766,41.380001068115234,4912400
2019-04-22,35.4949836730957,40.650001525878906,41.52000045776367,40.25,40.47999954223633,2635000
2019-04-23,35.80933380126953,41.0099983215332,41.290000915527344,40.380001068115234,40.81999969482422,4689600
2019-04-24,36.40309524536133,41.689998626708984,41.70000076293945,40.29999923706055,41.209999084472656,6043100
2019-04-25,37.84385299682617,43.34000015258789,43.34000015258789,41.08000183105469,42.0,7136300
2019-04-26,37.328670501708984,42.75,43.349998474121094,42.290000915527344,43.34000015258789,5780300
2019-04-29,37.11911392211914,42.5099983215332,43.0,42.34000015258789,42.90999984741211,4011500
2019-04-30,35.56483840942383,40.72999954223633,42.5099983215332,40.72999954223633,42.5,6059000
2019-05-02,36.621395111083984,41.939998626708984,42.18000030517578,40.63999938964844,40.95000076293945,5301800
2019-05-03,36.665061950683594,41.9900016784668,41.9900016784668,40.95000076293945,41.45000076293945,9627800
2019-05-06,36.088748931884766,41.33000183105469,42.25,41.15999984741211,42.20000076293945,2991800
2019-05-07,35.791866302490234,40.9900016784668,41.43000030517578,40.31999969482422,41.25,3580400
2019-05-08,36.04508972167969,41.279998779296875,41.45000076293945,40.619998931884766,41.119998931884766,2947800
2019-05-09,38.55986404418945,44.15999984741211,44.15999984741211,41.5099983215332,41.619998931884766,9189400
2019-05-10,35.19810485839844,40.310001373291016,42.75,40.310001373291016,42.75,12132100
2019-05-13,33.294559478759766,38.130001068115234,40.40999984741211,37.5099983215332,40.349998474121094,8981400
2019-05-14,32.70078659057617,37.45000076293945,38.45000076293945,37.25,38.16999816894531,7898100
2019-05-15,32.13322067260742,36.79999923706055,37.220001220703125,36.369998931884766,37.09000015258789,7139500
2019-05-16,31.27750015258789,35.81999969482422,36.900001525878906,35.81999969482422,36.540000915527344,8161100
2019-05-17,33.1810417175293,38.0,38.099998474121094,35.279998779296875,35.599998474121094,12450500
2019-05-20,32.54362106323242,37.27000045776367,38.06999969482422,36.900001525878906,37.68000030517578,8445600
2019-05-21,32.29039001464844,36.97999954223633,37.529998779296875,36.779998779296875,37.349998474121094,10998500
2019-05-22,32.613468170166016,37.349998474121094,38.099998474121094,36.84000015258789,37.150001525878906,5250300
2019-05-23,32.1419563293457,36.810001373291016,38.060001373291016,36.7400016784668,37.25,4779800
2019-05-24,29.766889572143555,34.09000015258789,37.02000045776367,34.02000045776367,37.0099983215332,19416500
2019-05-27,30.046310424804688,34.40999984741211,35.2400016784668,34.150001525878906,34.400001525878906,6029200
2019-05-28,30.1074275970459,34.47999954223633,35.130001068115234,33.5099983215332,34.349998474121094,9998300
2019-05-29,29.033414840698242,33.25,34.79999923706055,33.150001525878906,34.40999984741211,8679500
2019-05-30,29.077072143554688,33.29999923706055,33.689998626708984,32.40999984741211,33.310001373291016,7013400
2019-05-31,28.01178741455078,32.08000183105469,33.65999984741211,31.850000381469727,33.20000076293945,9529300
2019-06-03,27.28704071044922,31.25,32.599998474121094,30.90999984741211,32.279998779296875,10070900
2019-06-04,26.841718673706055,30.739999771118164,31.31999969482422,30.350000381469727,30.940000534057617,12960600
2019-06-05,26.58849334716797,30.450000762939453,31.15999984741211,30.200000762939453,30.850000381469727,8552400
2019-06-06,26.15190315246582,29.950000762939453,30.68000030517578,29.700000762939453,30.68000030517578,8060000
2019-06-07,26.509906768798828,30.360000610351562,30.899999618530273,29.170000076293945,29.719999313354492,7029000
2019-06-10,26.8679141998291,30.770000457763672,30.899999618530273,30.239999771118164,30.5,4401100
2019-06-11,26.937767028808594,30.850000381469727,31.100000381469727,30.31999969482422,30.989999771118164,7343900
2019-06-12,26.42258644104004,30.260000228881836,30.979999542236328,30.25,30.969999313354492,7579400
2019-06-13,27.880809783935547,31.93000030517578,32.31999969482422,30.1200008392334,30.420000076293945,10711600
2019-06-14,28.378524780273438,32.5,32.5,31.420000076293945,31.959999084472656,7441900
2019-06-17,28.727798461914062,32.900001525878906,33.650001525878906,32.349998474121094,32.65999984741211,8656900
2019-06-18,29.146926879882812,33.380001068115234,33.380001068115234,32.630001068115234,32.88999938964844,6836000
2019-06-19,28.81511688232422,33.0,33.79999923706055,32.880001068115234,33.54999923706055,8175200
2019-06-21,29.478734970092773,33.7599983215332,33.7599983215332,32.61000061035156,33.099998474121094,6217900
2019-06-24,30.142364501953125,34.52000045776367,35.0,33.5099983215332,33.709999084472656,9109800
2019-06-25,29.339027404785156,33.599998474121094,34.97999954223633,33.45000076293945,34.599998474121094,6722700
2019-06-26,29.155656814575195,33.38999938964844,34.20000076293945,33.220001220703125,33.599998474121094,5849300
2019-06-27,29.496198654174805,33.779998779296875,33.86000061035156,33.27000045776367,33.40999984741211,6662500
2019-06-28,28.68413543701172,32.849998474121094,33.79999923706055,32.16999816894531,33.70000076293945,10510100
2019-07-01,27.56646156311035,31.56999969482422,32.849998474121094,31.559999465942383,32.70000076293945,9595900
2019-07-02,27.068744659423828,31.0,31.920000076293945,30.729999542236328,31.68000030517578,11365300
2019-07-03,27.243383407592773,31.200000762939453,31.610000610351562,30.3700008392334,30.899999618530273,6328300
2019-07-04,27.723636627197266,31.75,31.780000686645508,30.979999542236328,31.0,6465200
2019-07-05,28.553159713745117,32.70000076293945,33.29999923706055,32.0099983215332,32.0099983215332,10389800
2019-07-08,28.422183990478516,32.54999923706055,32.91999816894531,32.0,32.599998474121094,5806600
2019-07-10,27.50533676147461,31.5,32.54999923706055,31.5,32.349998474121094,9821100
2019-07-11,27.11240577697754,31.049999237060547,31.469999313354492,31.049999237060547,31.389999389648438,5531100
2019-07-12,27.941930770874023,32.0,32.380001068115234,31.1200008392334,31.149999618530273,6186000
2019-07-15,28.727798461914062,32.900001525878906,33.0,32.08000183105469,32.29999923706055,6963300
2019-07-16,29.4001522064209,33.66999816894531,34.150001525878906,32.900001525878906,32.900001525878906,13276300
2019-07-17,30.343191146850586,34.75,34.869998931884766,33.41999816894531,33.88999938964844,13689300
2019-07-18,30.1074275970459,34.47999954223633,35.15999984741211,33.900001525878906,34.650001525878906,10498300
2019-07-19,28.884971618652344,33.08000183105469,34.400001525878906,32.900001525878906,34.400001525878906,10644400
2019-07-22,28.544429779052734,32.689998626708984,33.040000915527344,32.349998474121094,32.86000061035156,4942800
2019-07-23,28.003053665161133,32.06999969482422,32.689998626708984,31.969999313354492,32.59000015258789,5887800
2019-07-24,27.98558807373047,32.04999923706055,32.54999923706055,31.850000381469727,31.950000762939453,5257200
2019-07-25,27.697439193725586,31.719999313354492,32.459999084472656,31.309999465942383,32.20000076293945,5812200
2019-07-26,27.243383407592773,31.200000762939453,31.950000762939453,30.899999618530273,31.889999389648438,7620500
2019-07-29,26.780593872070312,30.670000076293945,31.399999618530273,30.450000762939453,31.280000686645508,6263000
2019-07-30,27.14733123779297,31.09000015258789,31.5,30.399999618530273,30.850000381469727,4489400
2019-07-31,26.780593872070312,30.670000076293945,31.3799991607666,30.510000228881836,31.3799991607666,6537300
2019-08-01,26.76313018798828,30.649999618530273,31.25,30.149999618530273,30.670000076293945,9869600
2019-08-02,26.37892723083496,30.209999084472656,32.16999816894531,29.959999084472656,30.5,14090200
2019-08-05,26.3265380859375,30.149999618530273,30.549999237060547,29.290000915527344,30.15999984741211,6608000
2019-08-06,26.43132209777832,30.270000457763672,30.350000381469727,29.75,30.110000610351562,5424500
2019-08-07,26.544836044311523,30.399999618530273,30.65999984741211,29.809999465942383,30.399999618530273,4968700
2019-08-08,27.156064987182617,31.100000381469727,31.43000030517578,30.3700008392334,30.600000381469727,5722700
2019-08-09,26.597225189208984,30.459999084472656,32.59000015258789,30.15999984741211,32.209999084472656,16501500
2019-08-12,26.92903709411621,30.84000015258789,31.190000534057617,30.190000534057617,30.5,5805900
2019-08-13,28.50950050354004,32.650001525878906,32.70000076293945,30.75,30.75,15689700
2019-08-14,27.994325637817383,32.060001373291016,33.29999923706055,31.8799991607666,32.54999923706055,10902300
2019-08-15,27.802221298217773,31.84000015258789,32.439998626708984,31.1299991607666,32.0,5520000
2019-08-16,27.976858139038086,32.040000915527344,32.380001068115234,31.350000381469727,32.04999923706055,5841100
2019-08-19,27.880809783935547,31.93000030517578,32.279998779296875,31.65999984741211,32.0,4899300
2019-08-20,27.199724197387695,31.149999618530273,32.2599983215332,30.950000762939453,31.850000381469727,8911200
2019-08-21,26.544836044311523,30.399999618530273,31.479999542236328,30.350000381469727,31.350000381469727,8989400
2019-08-22,25.671648025512695,29.399999618530273,30.770000457763672,29.399999618530273,30.5,8541300
2019-08-23,24.44919204711914,28.0,29.3700008392334,27.549999237060547,29.260000228881836,16766100
2019-08-26,24.484119415283203,28.040000915527344,28.520000457763672,27.59000015258789,28.25,7289800
2019-08-27,24.903244018554688,28.520000457763672,28.700000762939453,27.920000076293945,28.0,8525400
2019-08-28,25.077884674072266,28.719999313354492,28.790000915527344,28.040000915527344,28.389999389648438,4873200
2019-08-29,25.322376251220703,29.0,29.709999084472656,28.75,28.899999618530273,6566800
2019-08-30,25.392227172851562,29.079999923706055,29.5,28.6200008392334,29.200000762939453,7322900
2019-09-02,25.444622039794922,29.139999389648438,29.3799991607666,28.8700008392334,29.049999237060547,3276800
2019-09-03,24.990564346313477,28.6200008392334,29.270000457763672,28.40999984741211,29.200000762939453,4233100
2019-09-04,25.10407829284668,28.75,29.139999389648438,28.5,28.989999771118164,5701800
2019-09-05,25.80262565612793,29.549999237060547,30.059999465942383,28.950000762939453,29.010000228881836,10932100
2019-09-06,25.90740966796875,29.670000076293945,30.09000015258789,29.469999313354492,29.829999923706055,3948100
2019-09-09,27.610124588012695,31.6200008392334,31.6200008392334,29.3799991607666,29.700000762939453,11578700
2019-09-10,27.321969985961914,31.290000915527344,32.630001068115234,31.149999618530273,31.899999618530273,8563300
2019-09-11,26.998891830444336,30.920000076293945,31.899999618530273,30.65999984741211,31.219999313354492,6760700
2019-09-12,28.422183990478516,32.54999923706055,32.68000030517578,31.040000915527344,31.200000762939453,8373400
2019-09-13,29.077072143554688,33.29999923706055,33.619998931884766,32.650001525878906,32.650001525878906,11374900
2019-09-16,29.932790756225586,34.279998779296875,34.279998779296875,31.959999084472656,32.54999923706055,8313100
2019-09-17,29.775619506835938,34.099998474121094,34.310001373291016,33.5,33.95000076293945,5200500
2019-09-18,29.50493621826172,33.790000915527344,34.130001068115234,33.209999084472656,33.83000183105469,6153000
2019-09-19,28.80638885498047,32.9900016784668,34.09000015258789,32.9900016784668,34.0,5402200
2019-09-20,27.8546142578125,31.899999618530273,32.970001220703125,31.549999237060547,32.970001220703125,18068600
2019-09-23,28.80638885498047,32.9900016784668,33.20000076293945,31.899999618530273,31.899999618530273,8164400
2019-09-24,28.299936294555664,32.40999984741211,33.279998779296875,32.380001068115234,32.869998931884766,4344700
2019-09-25,29.16439437866211,33.400001525878906,33.70000076293945,32.11000061035156,32.29999923706055,5238500
2019-09-26,29.111997604370117,33.34000015258789,33.54999923706055,32.84000015258789,33.5,6793000
2019-09-27,29.470006942749023,33.75,34.09000015258789,33.060001373291016,33.20000076293945,4820900
2019-09-30,29.382686614990234,33.650001525878906,33.88999938964844,33.0,33.79999923706055,5135600
2019-10-01,29.382686614990234,33.650001525878906,33.95000076293945,33.15999984741211,33.650001525878906,4872600
2019-10-02,28.623014450073242,32.779998779296875,33.4900016784668,32.5,33.41999816894531,3826900
2019-10-03,28.230083465576172,32.33000183105469,32.7400016784668,31.940000534057617,32.61000061035156,4376200
2019-10-04,28.666675567626953,32.83000183105469,33.09000015258789,32.040000915527344,32.33000183105469,5753700
2019-10-07,28.160228729248047,32.25,32.70000076293945,32.0,32.70000076293945,3881900
2019-10-08,27.627586364746094,31.639999389648438,32.459999084472656,31.600000381469727,32.279998779296875,3856100
2019-10-09,28.142765045166016,32.22999954223633,32.41999816894531,31.56999969482422,31.639999389648438,2518400
2019-10-10,29.644641876220703,33.95000076293945,34.09000015258789,32.060001373291016,32.11000061035156,9402600
2019-10-11,30.771055221557617,35.2400016784668,35.5,34.099998474121094,34.13999938964844,10614800
2019-10-14,30.40431022644043,34.81999969482422,35.880001068115234,34.619998931884766,34.9900016784668,5824200
2019-10-15,30.65753746032715,35.11000061035156,35.33000183105469,34.15999984741211,34.599998474121094,4052400
2019-10-16,30.063770294189453,34.43000030517578,35.7400016784668,34.310001373291016,35.41999816894531,5539400
2019-10-17,29.766889572143555,34.09000015258789,34.7400016784668,33.83000183105469,34.689998626708984,4626100
2019-10-18,29.52239990234375,33.810001373291016,34.45000076293945,33.630001068115234,34.0,3915800
2019-10-21,30.456703186035156,34.880001068115234,34.88999938964844,33.83000183105469,33.849998474121094,4701200
2019-10-22,30.491628646850586,34.91999816894531,35.709999084472656,34.7599983215332,35.15999984741211,8056100
2019-10-23,30.124897003173828,34.5,35.13999938964844,34.41999816894531,35.04999923706055,5064600
2019-10-24,28.780187606811523,32.959999084472656,34.2599983215332,32.959999084472656,34.2400016784668,8180200
2019-10-25,28.553159713745117,32.70000076293945,33.36000061035156,32.56999969482422,32.93000030517578,4646600
2019-10-28,28.53569793701172,32.68000030517578,33.150001525878906,32.68000030517578,32.880001068115234,2625700
2019-10-29,28.57062530517578,32.720001220703125,32.9900016784668,32.52000045776367,32.810001373291016,2412100
2019-10-30,28.20388412475586,32.29999923706055,32.93000030517578,32.08000183105469,32.689998626708984,3415100
2019-10-31,28.500768661499023,32.63999938964844,33.040000915527344,31.860000610351562,32.20000076293945,6564600
2019-11-01,30.570220947265625,35.0099983215332,35.5,33.0,33.0,21927200
2019-11-04,31.81886863708496,36.439998626708984,36.439998626708984,34.5099983215332,34.900001525878906,9880400
2019-11-05,32.44757080078125,37.15999984741211,37.58000183105469,35.70000076293945,36.5,10436800
2019-11-06,32.264198303222656,36.95000076293945,37.5,36.38999938964844,37.13999938964844,8259600
2019-11-07,33.40806579589844,38.2599983215332,38.88999938964844,36.91999816894531,37.04999923706055,12168700
2019-11-08,33.1810417175293,38.0,38.70000076293945,37.5,38.0,6803300
2019-11-11,33.39060974121094,38.2400016784668,38.40999984741211,37.29999923706055,37.900001525878906,5858000
2019-11-12,33.39060974121094,38.2400016784668,39.2599983215332,37.91999816894531,38.25,7446400
2019-11-13,32.86669921875,37.63999938964844,38.599998474121094,37.45000076293945,38.2400016784668,6706200
2019-11-14,32.00224304199219,36.650001525878906,37.95000076293945,36.209999084472656,37.79999923706055,5431300
2019-11-18,33.023868560791016,37.81999969482422,37.91999816894531,36.349998474121094,36.90999984741211,8213400
2019-11-19,33.111183166503906,37.91999816894531,38.54999923706055,37.619998931884766,38.0,3907000
2019-11-21,33.38187789916992,38.22999954223633,38.33000183105469,37.400001525878906,37.900001525878906,3714900
2019-11-22,33.45173263549805,38.310001373291016,38.689998626708984,37.869998931884766,38.22999954223633,5907400
2019-11-25,33.1810417175293,38.0,38.619998931884766,37.869998931884766,38.619998931884766,3909700
2019-11-26,33.25090026855469,38.08000183105469,38.790000915527344,37.79999923706055,38.119998931884766,8815900
2019-11-27,34.14154815673828,39.099998474121094,39.41999816894531,38.04999923706055,38.20000076293945,5978500
2019-11-28,33.67876052856445,38.56999969482422,39.5,38.41999816894531,39.13999938964844,4109100
2019-11-29,33.67002868652344,38.560001373291016,38.84000015258789,37.90999984741211,38.400001525878906,4842400
2019-12-02,33.87958526611328,38.79999923706055,39.150001525878906,38.380001068115234,38.560001373291016,3020600
2019-12-03,34.01057052612305,38.95000076293945,38.95000076293945,38.2599983215332,38.54999923706055,3905200
2019-12-04,33.10245132446289,37.90999984741211,38.95000076293945,37.63999938964844,38.95000076293945,5002600
2019-12-05,33.1810417175293,38.0,38.70000076293945,37.63999938964844,37.900001525878906,4066400
2019-12-06,33.355682373046875,38.20000076293945,38.650001525878906,37.939998626708984,38.099998474121094,3729300
2019-12-09,32.98894119262695,37.779998779296875,38.66999816894531,37.70000076293945,38.099998474121094,3140900
2019-12-10,33.2596321105957,38.09000015258789,38.45000076293945,37.7400016784668,37.79999923706055,3480200
2019-12-11,34.21139907836914,39.18000030517578,39.34000015258789,37.720001220703125,37.7599983215332,5541000
2019-12-12,34.19393539428711,39.15999984741211,39.779998779296875,39.0,39.349998474121094,3063200
2019-12-13,33.94944381713867,38.880001068115234,39.880001068115234,38.63999938964844,39.5,3845800
2019-12-16,34.2288703918457,39.20000076293945,39.790000915527344,38.93000030517578,39.0,3799800
2019-12-17,34.95360565185547,40.029998779296875,40.34000015258789,39.20000076293945,39.20000076293945,6007400
2019-12-18,34.55194091796875,39.56999969482422,40.25,39.0,40.25,7939100
2019-12-19,34.63926315307617,39.66999816894531,39.86000061035156,39.0099983215332,39.58000183105469,3837200
2019-12-20,35.0845947265625,40.18000030517578,40.5,39.209999084472656,39.70000076293945,5484300
2019-12-23,34.962345123291016,40.040000915527344,40.560001373291016,39.470001220703125,40.25,3002900
2019-12-26,35.55610656738281,40.720001220703125,40.790000915527344,39.54999923706055,40.040000915527344,2794700
2019-12-27,34.92741394042969,40.0,40.95000076293945,39.63999938964844,40.720001220703125,3387700
2019-12-30,34.64799118041992,39.68000030517578,40.560001373291016,39.68000030517578,40.0,2382500
2020-01-02,35.61722946166992,40.790000915527344,40.81999969482422,39.79999923706055,40.04999923706055,3978400
2020-01-03,35.4949836730957,40.650001525878906,41.36000061035156,40.20000076293945,40.220001220703125,4467100
2020-01-06,35.433868408203125,40.58000183105469,41.20000076293945,40.11000061035156,40.36000061035156,4304900
2020-01-07,35.88792037963867,41.099998474121094,41.33000183105469,40.08000183105469,40.619998931884766,3623900
2020-01-08,37.67794418334961,43.150001525878906,43.209999084472656,41.0099983215332,41.29999923706055,9727800
2020-01-09,37.5818977355957,43.040000915527344,43.58000183105469,42.599998474121094,43.13999938964844,8249400
2020-01-10,37.64302444458008,43.11000061035156,43.5,42.95000076293945,43.099998474121094,4514300
2020-01-13,39.03137969970703,44.70000076293945,44.90999984741211,43.2599983215332,43.5,8944500
2020-01-14,38.63845443725586,44.25,45.04999923706055,44.20000076293945,44.75,5938500
2020-01-15,39.24094772338867,44.939998626708984,45.27000045776367,43.84000015258789,44.099998474121094,5810000
2020-01-16,38.68211364746094,44.29999923706055,45.25,43.810001373291016,45.099998474121094,5225400
2020-01-17,38.228050231933594,43.779998779296875,44.5,43.43000030517578,44.029998779296875,6924400
2020-01-20,37.50331115722656,42.95000076293945,43.93000030517578,42.400001525878906,43.79999923706055,5251400
2020-01-21,37.285011291503906,42.70000076293945,43.16999816894531,42.310001373291016,43.0,5295700
2020-01-22,39.1623649597168,44.849998474121094,44.849998474121094,42.88999938964844,43.0,4579000
2020-01-23,38.81309127807617,44.45000076293945,44.849998474121094,43.5,44.400001525878906,4179800
2020-01-24,38.306636810302734,43.869998931884766,44.619998931884766,43.33000183105469,44.45000076293945,3682000
2020-01-27,35.739479064941406,40.93000030517578,42.630001068115234,40.88999938964844,42.45000076293945,8418200
2020-01-28,36.3681755065918,41.650001525878906,42.20000076293945,41.13999938964844,41.29999923706055,5065600
2020-01-29,35.81806182861328,41.02000045776367,42.209999084472656,40.93000030517578,42.099998474121094,4185800
2020-01-30,35.372737884521484,40.5099983215332,40.52000045776367,39.65999984741211,40.0,6891200
2020-01-31,34.63926315307617,39.66999816894531,40.45000076293945,39.439998626708984,39.9900016784668,4972900
2020-02-03,34.49082565307617,39.5,40.0,38.400001525878906,38.970001220703125,7195900
2020-02-04,33.95817565917969,38.88999938964844,40.29999923706055,38.65999984741211,39.81999969482422,5048000
2020-02-05,33.53032302856445,38.400001525878906,39.97999954223633,37.900001525878906,39.79999923706055,7074600
2020-02-06,33.9669075012207,38.900001525878906,39.220001220703125,38.220001220703125,38.91999816894531,4900300
2020-02-07,32.86669921875,37.63999938964844,38.959999084472656,37.63999938964844,38.900001525878906,3376300
2020-02-10,32.307857513427734,37.0,38.119998931884766,36.400001525878906,37.689998626708984,6614600
2020-02-11,33.60890197753906,38.4900016784668,38.540000915527344,36.90999984741211,37.150001525878906,4951400
2020-02-12,34.92741394042969,40.0,40.41999816894531,38.5,38.540000915527344,8683200
2020-02-13,36.062557220458984,41.29999923706055,42.06999969482422,39.04999923706055,39.5,14330100
2020-02-14,34.76150894165039,39.810001373291016,41.79999923706055,39.560001373291016,41.599998474121094,8251400
2020-02-17,34.92741394042969,40.0,41.34000015258789,39.70000076293945,40.0,3452400
2020-02-18,35.01472854614258,40.099998474121094,40.68000030517578,39.0,40.04999923706055,4439500
2020-02-19,35.07585525512695,40.16999816894531,40.84000015258789,39.5,39.79999923706055,3507800
2020-02-20,35.093318939208984,40.189998626708984,40.95000076293945,39.70000076293945,40.13999938964844,4305700
2020-02-21,36.16733932495117,41.41999816894531,41.41999816894531,39.84000015258789,40.11000061035156,5933400
2020-02-26,33.704952239990234,38.599998474121094,40.060001373291016,38.380001068115234,39.5,8645300
2020-02-27,33.294559478759766,38.130001068115234,39.08000183105469,37.810001373291016,38.380001068115234,7934000
2020-02-28,33.303287506103516,38.13999938964844,38.13999938964844,36.689998626708984,37.810001373291016,8395900
2020-03-02,34.62179946899414,39.650001525878906,39.959999084472656,38.130001068115234,38.70000076293945,4635800
2020-03-03,34.87501907348633,39.939998626708984,41.79999923706055,39.060001373291016,39.29999923706055,7188300
2020-03-04,38.01849365234375,43.540000915527344,43.75,40.599998474121094,41.29999923706055,12584800
2020-03-05,37.21516418457031,42.619998931884766,44.279998779296875,41.95000076293945,42.7599983215332,9592400
2020-03-06,34.95360565185547,40.029998779296875,42.09000015258789,40.029998779296875,41.83000183105469,9728900
2020-03-09,33.13739013671875,37.95000076293945,39.0,37.16999816894531,39.0,8623700
2020-03-10,33.931983947753906,38.86000061035156,39.709999084472656,36.849998474121094,38.70000076293945,9528900
2020-03-11,30.963150024414062,35.459999084472656,38.77000045776367,33.220001220703125,38.220001220703125,10461700
2020-03-12,25.968530654907227,29.739999771118164,33.70000076293945,29.030000686645508,32.0,19236100
2020-03-13,27.575193405151367,31.579999923706055,33.27000045776367,28.6299991607666,32.20000076293945,17037700
2020-03-16,24.772268295288086,28.3700008392334,31.579999923706055,27.549999237060547,28.84000015258789,12457000
2020-03-17,24.44919204711914,28.0,31.149999618530273,27.459999084472656,28.700000762939453,13534800
2020-03-18,21.49782371520996,24.6200008392334,29.0,23.260000228881836,27.299999237060547,9446000
2020-03-19,23.86415672302246,27.329999923706055,27.600000381469727,22.68000030517578,23.799999237060547,13819400
2020-03-20,23.916547775268555,27.389999389648438,29.0,25.389999389648438,28.200000762939453,12199200
2020-03-23,25.14773941040039,28.799999237060547,29.290000915527344,25.239999771118164,27.93000030517578,12110200
2020-03-24,25.23505973815918,28.899999618530273,30.459999084472656,28.3799991607666,30.049999237060547,7904100
2020-03-25,25.627988815307617,29.350000381469727,31.25,28.5,28.6200008392334,6275000
2020-03-26,24.492849349975586,28.049999237060547,30.149999618530273,27.510000228881836,29.889999389648438,9962300
2020-03-27,28.701601028442383,32.869998931884766,34.65999984741211,26.8700008392334,27.0,15402800
2020-03-30,29.6795711517334,33.9900016784668,35.9900016784668,33.529998779296875,34.02000045776367,10422100
2020-03-31,31.25130271911621,35.790000915527344,37.38999938964844,34.02000045776367,34.91999816894531,9876700
2020-04-01,32.639671325683594,37.380001068115234,37.400001525878906,33.970001220703125,34.5,10785000
2020-04-02,34.84009552001953,39.900001525878906,40.43000030517578,37.279998779296875,38.5,14377500
2020-04-03,34.752777099609375,39.79999923706055,40.84000015258789,37.25,40.400001525878906,14609500
2020-04-06,34.94487762451172,40.02000045776367,41.369998931884766,39.29999923706055,40.630001068115234,9361600
2020-04-07,32.47376251220703,37.189998626708984,41.400001525878906,36.81999969482422,40.90999984741211,12130300
2020-04-08,33.1461181640625,37.959999084472656,38.25,35.25,37.349998474121094,8814000
2020-04-09,30.910762786865234,35.400001525878906,38.439998626708984,35.20000076293945,38.13999938964844,10603800
2020-04-13,31.757747650146484,36.369998931884766,37.0,34.810001373291016,35.400001525878906,6103500
2020-04-14,33.1810417175293,38.0,38.380001068115234,36.47999954223633,36.72999954223633,4579100
2020-04-15,32.508689880371094,37.22999954223633,38.709999084472656,36.349998474121094,37.599998474121094,7960400
2020-04-16,31.591854095458984,36.18000030517578,37.72999954223633,35.5,37.5,6948100
2020-04-17,31.29496192932129,35.84000015258789,37.0,35.34000015258789,36.7400016784668,4435700
2020-04-20,30.491628646850586,34.91999816894531,35.790000915527344,34.70000076293945,35.31999969482422,5974000
2020-04-22,30.744850158691406,35.209999084472656,36.20000076293945,34.900001525878906,35.400001525878906,6946500
2020-04-23,31.923662185668945,36.560001373291016,37.209999084472656,34.810001373291016,35.25,8806800
2020-04-24,34.16773986816406,39.130001068115234,39.34000015258789,35.63999938964844,36.79999923706055,18632100
2020-04-27,35.01472854614258,40.099998474121094,40.7400016784668,39.15999984741211,39.5,7616700
2020-04-28,33.748619079589844,38.650001525878906,40.66999816894531,38.25,40.66999816894531,8406300
2020-04-29,33.80974197387695,38.720001220703125,39.349998474121094,38.349998474121094,38.900001525878906,6535500
2020-04-30,34.41223907470703,39.40999984741211,40.189998626708984,38.84000015258789,39.099998474121094,7620300
2020-05-04,35.36400604248047,40.5,40.5,38.38999938964844,38.72999954223633,6603500
2020-05-05,36.32450866699219,41.599998474121094,41.900001525878906,39.630001068115234,40.619998931884766,8171000
2020-05-06,36.56026840209961,41.869998931884766,42.4900016784668,40.619998931884766,41.779998779296875,6586200
2020-05-07,39.302066802978516,45.0099983215332,47.79999923706055,43.0,43.52000045776367,22747000
2020-05-08,41.34532165527344,47.349998474121094,48.20000076293945,45.459999084472656,46.9900016784668,10080300
2020-05-11,41.56361770629883,47.599998474121094,49.70000076293945,47.0,47.0,11411700
2020-05-12,42.393150329589844,48.54999923706055,49.47999954223633,46.61000061035156,48.20000076293945,8104600
2020-05-13,44.17444610595703,50.59000015258789,51.20000076293945,48.66999816894531,49.08000183105469,11670500
2020-05-14,41.511234283447266,47.540000915527344,51.150001525878906,46.54999923706055,51.0,12031000
2020-05-15,39.31953430175781,45.029998779296875,48.84000015258789,44.029998779296875,46.400001525878906,19162600
2020-05-18,35.9577751159668,41.18000030517578,45.220001220703125,41.18000030517578,44.79999923706055,18094900
2020-05-19,36.4642219543457,41.7599983215332,42.59000015258789,40.380001068115234,40.75,13550700
2020-05-20,35.14570236206055,40.25,42.45000076293945,39.79999923706055,42.189998626708984,10568100
2020-05-21,33.60017013549805,38.47999954223633,40.40999984741211,38.29999923706055,40.2400016784668,12789300
2020-05-22,33.713687896728516,38.61000061035156,39.869998931884766,38.0,38.7599983215332,8643400
2020-05-25,32.91908645629883,37.70000076293945,39.20000076293945,37.5,38.9900016784668,8586900
2020-05-26,33.076263427734375,37.880001068115234,38.4900016784668,37.02000045776367,37.630001068115234,11446600
2020-05-27,33.5390510559082,38.40999984741211,39.02000045776367,37.38999938964844,38.13999938964844,10303200
2020-05-28,33.495391845703125,38.36000061035156,39.369998931884766,38.09000015258789,39.349998474121094,9203500
2020-05-29,33.058799743652344,37.86000061035156,39.060001373291016,36.56999969482422,38.619998931884766,14915400
2020-06-01,33.573978424072266,38.45000076293945,39.0,37.5,38.310001373291016,8218400
2020-06-02,33.54778289794922,38.41999816894531,38.689998626708984,37.900001525878906,38.0099983215332,7999400
2020-06-03,33.294559478759766,38.130001068115234,38.45000076293945,37.40999984741211,38.36000061035156,9467800
2020-06-04,34.79643630981445,39.849998474121094,40.0,37.88999938964844,38.20000076293945,11986800
2020-06-05,33.442996978759766,38.29999923706055,39.369998931884766,38.16999816894531,39.2400016784668,13046900
2020-06-08,33.32075500488281,38.15999984741211,38.95000076293945,37.56999969482422,38.150001525878906,11150700
2020-06-09,33.32948303222656,38.16999816894531,39.20000076293945,37.939998626708984,38.91999816894531,9234400
2020-06-10,33.294559478759766,38.130001068115234,38.939998626708984,37.90999984741211,38.369998931884766,7899100
2020-06-12,32.316593170166016,37.0099983215332,38.650001525878906,36.20000076293945,37.90999984741211,11200800
2020-06-15,33.60890197753906,38.4900016784668,38.869998931884766,36.40999984741211,36.619998931884766,13839900
2020-06-16,33.26836013793945,38.099998474121094,39.09000015258789,37.91999816894531,38.150001525878906,7414400
2020-06-17,33.9669075012207,38.900001525878906,38.900001525878906,38.06999969482422,38.400001525878906,4664700
2020-06-18,34.534481048583984,39.54999923706055,39.790000915527344,38.650001525878906,39.20000076293945,8109600
2020-06-19,34.49082565307617,39.5,40.150001525878906,38.900001525878906,39.54999923706055,17643200
2020-06-22,34.04549789428711,38.9900016784668,39.779998779296875,38.529998779296875,39.61000061035156,5353100
2020-06-23,33.21596908569336,38.040000915527344,39.20000076293945,37.81999969482422,38.4900016784668,5522100
2020-06-24,33.704952239990234,38.599998474121094,38.79999923706055,37.869998931884766,38.20000076293945,4758500
2020-06-25,33.25090026855469,38.08000183105469,38.79999923706055,37.900001525878906,38.619998931884766,4517300
2020-06-26,33.076263427734375,37.880001068115234,38.7599983215332,37.5099983215332,38.349998474121094,5755800
2020-06-29,32.94528579711914,37.72999954223633,38.15999984741211,37.29999923706055,37.81999969482422,4028400
2020-06-30,32.124488830566406,36.790000915527344,37.939998626708984,36.45000076293945,37.689998626708984,9773000
2020-07-01,32.43009948730469,37.13999938964844,37.25,36.13999938964844,36.790000915527344,7546200
2020-07-02,32.15068435668945,36.81999969482422,37.47999954223633,36.68000030517578,37.20000076293945,7805900
2020-07-03,32.54362106323242,37.27000045776367,37.27000045776367,36.41999816894531,36.869998931884766,3860900
2020-07-06,32.22053909301758,36.900001525878906,37.27000045776367,36.75,37.27000045776367,4914800
2020-07-07,31.600576400756836,36.189998626708984,37.2599983215332,35.900001525878906,36.02000045776367,9665600
2020-07-08,31.56564712524414,36.150001525878906,36.72999954223633,36.150001525878906,36.150001525878906,6632800
2020-07-09,31.845073699951172,36.470001220703125,36.79999923706055,35.90999984741211,36.16999816894531,5261800
2020-07-10,32.02843475341797,36.68000030517578,36.88999938964844,36.27000045776367,36.470001220703125,4828700
2020-07-13,31.487062454223633,36.060001373291016,37.02000045776367,36.0,36.7599983215332,5427900
2020-07-14,32.0109748840332,36.65999984741211,37.02000045776367,35.709999084472656,36.099998474121094,6874300
2020-07-15,33.923248291015625,38.849998474121094,39.2400016784668,36.709999084472656,37.0099983215332,15040600
2020-07-16,33.8184700012207,38.72999954223633,39.09000015258789,38.04999923706055,38.619998931884766,7292000
2020-07-17,34.79643630981445,39.849998474121094,39.900001525878906,38.349998474121094,38.75,7262600
2020-07-20,35.13697814941406,40.2400016784668,40.369998931884766,39.349998474121094,39.54999923706055,6042800
2020-07-21,35.36400604248047,40.5,40.599998474121094,39.900001525878906,40.20000076293945,7915800
2020-07-22,34.49082565307617,39.5,40.79999923706055,38.91999816894531,40.25,9693300
2020-07-23,35.57357406616211,40.7400016784668,41.20000076293945,39.36000061035156,39.720001220703125,7543400
2020-07-24,36.93574523925781,42.29999923706055,43.06999969482422,40.189998626708984,40.52000045776367,11928200
2020-07-27,36.3856315612793,41.66999816894531,42.13999938964844,40.90999984741211,41.70000076293945,4641500
2020-07-28,36.67378616333008,42.0,42.119998931884766,40.900001525878906,41.599998474121094,2960800
2020-07-29,36.228458404541016,41.4900016784668,42.0099983215332,40.97999954223633,42.0099983215332,4439700
2020-07-30,36.86588668823242,42.220001220703125,42.959999084472656,41.31999969482422,41.33000183105469,4638400
2020-07-31,36.67378616333008,42.0,42.650001525878906,41.5099983215332,42.400001525878906,4579700
2020-08-03,37.62555694580078,43.09000015258789,43.689998626708984,41.81999969482422,42.400001525878906,6427400
2020-08-04,36.7436408996582,42.08000183105469,43.40999984741211,41.41999816894531,43.400001525878906,5187000
2020-08-05,39.53782653808594,45.279998779296875,45.959999084472656,42.349998474121094,42.5,11751000
2020-08-06,40.445945739746094,46.31999969482422,46.9900016784668,45.599998474121094,46.25,6273600
2020-08-07,40.323699951171875,46.18000030517578,47.439998626708984,45.810001373291016,45.810001373291016,6742900
2020-08-10,41.35405731201172,47.36000061035156,47.5,46.0,46.0,4018700
2020-08-11,40.952396392822266,46.900001525878906,47.790000915527344,46.560001373291016,47.29999923706055,5106900
2020-08-12,41.24054718017578,47.22999954223633,47.52000045776367,46.11000061035156,47.290000915527344,6583100
2020-08-13,41.62474822998047,47.66999816894531,48.59000015258789,46.83000183105469,47.08000183105469,8452900
2020-08-14,44.08713150024414,50.4900016784668,52.20000076293945,48.22999954223633,48.77000045776367,19204500
2020-08-17,44.51498794555664,50.97999954223633,51.849998474121094,50.0,50.0,8033900
2020-08-18,45.405643463134766,52.0,52.40999984741211,50.599998474121094,50.97999954223633,5378000
2020-08-19,44.20936965942383,50.630001068115234,53.75,50.630001068115234,52.290000915527344,7816800
2020-08-20,45.62393569946289,52.25,53.58000183105469,51.2400016784668,51.5,9826700
2020-08-21,45.536617279052734,52.150001525878906,52.400001525878906,50.90999984741211,51.93000030517578,6438300
2020-08-24,45.536617279052734,52.150001525878906,52.380001068115234,51.209999084472656,52.20000076293945,5463900
2020-08-25,44.619773864746094,51.099998474121094,52.34000015258789,50.54999923706055,52.18000030517578,5292000
2020-08-26,45.19607162475586,51.7599983215332,51.97999954223633,49.81999969482422,50.689998626708984,8361100
2020-08-27,44.899192810058594,51.41999816894531,51.7400016784668,50.52000045776367,51.599998474121094,3136800
2020-08-28,44.52372741699219,50.9900016784668,51.5,50.2599983215332,51.5,4409600
2020-08-31,43.83390808105469,50.20000076293945,50.790000915527344,50.130001068115234,50.54999923706055,5226100
2020-09-01,44.637237548828125,51.119998931884766,51.459999084472656,49.68000030517578,50.099998474121094,3433100
2020-09-02,42.7948112487793,49.0099983215332,51.810001373291016,48.75,51.0,6473700
2020-09-03,41.912899017333984,48.0,49.29999923706055,47.0,48.40999984741211,8188600
2020-09-04,41.511234283447266,47.540000915527344,48.45000076293945,47.0099983215332,47.619998931884766,6825600
2020-09-08,40.84761047363281,46.779998779296875,47.90999984741211,46.439998626708984,47.34000015258789,4245200
2020-09-09,41.08336639404297,47.04999923706055,47.689998626708984,46.529998779296875,46.91999816894531,3184100
2020-09-10,40.472145080566406,46.349998474121094,47.209999084472656,46.20000076293945,47.0,4720500
2020-09-11,39.8172492980957,45.599998474121094,46.56999969482422,44.81999969482422,46.15999984741211,4093000
2020-09-14,40.271305084228516,46.119998931884766,46.29999923706055,45.380001068115234,45.5099983215332,2135500
2020-09-15,42.69003677368164,48.88999938964844,48.90999984741211,45.810001373291016,46.040000915527344,7081300
2020-09-16,41.54616165161133,47.58000183105469,48.81999969482422,47.02000045776367,48.7400016784668,4656300
2020-09-17,42.80354690551758,49.02000045776367,49.630001068115234,46.470001220703125,47.0,5835000
2020-09-18,43.70292282104492,50.04999923706055,51.70000076293945,48.65999984741211,48.970001220703125,12539100
2020-09-21,42.37568664550781,48.529998779296875,49.970001220703125,47.7599983215332,49.4900016784668,5650500
2020-09-22,41.362789154052734,47.369998931884766,48.52000045776367,46.95000076293945,48.29999923706055,4924300
2020-09-23,40.71663284301758,46.630001068115234,47.380001068115234,46.029998779296875,47.220001220703125,5237800
2020-09-24,40.16652297973633,46.0,47.06999969482422,45.380001068115234,46.529998779296875,4358100
2020-09-25,42.03514099121094,48.13999938964844,48.2400016784668,46.08000183105469,46.90999984741211,6333400
2020-09-28,41.56361770629883,47.599998474121094,49.22999954223633,46.33000183105469,48.08000183105469,8342800
2020-09-29,41.10083770751953,47.06999969482422,48.91999816894531,47.02000045776367,47.099998474121094,6887000
2020-09-30,39.773590087890625,45.54999923706055,47.70000076293945,45.369998931884766,47.029998779296875,7466000
2020-10-01,40.603118896484375,46.5,47.0,45.06999969482422,45.599998474121094,8995900
2020-10-02,40.45467758178711,46.33000183105469,48.0,46.11000061035156,46.790000915527344,16816700
2020-10-05,41.38898468017578,47.400001525878906,47.900001525878906,46.040000915527344,46.04999923706055,14025600
2020-10-06,41.860504150390625,47.939998626708984,49.2599983215332,47.220001220703125,47.68000030517578,12499500
2020-10-07,42.25343704223633,48.38999938964844,49.43000030517578,47.599998474121094,48.13999938964844,33049600
2020-10-08,43.02184295654297,49.27000045776367,49.59000015258789,47.61000061035156,48.25,9725900
2020-10-09,42.7424201965332,48.95000076293945,49.5,48.29999923706055,49.38999938964844,7295100
2020-10-13,42.7424201965332,48.95000076293945,49.5,47.95000076293945,49.369998931884766,4650800
2020-10-14,42.078800201416016,48.189998626708984,49.4900016784668,47.959999084472656,48.95000076293945,8335300
2020-10-15,42.22724914550781,48.36000061035156,48.540000915527344,47.150001525878906,48.04999923706055,5663000
2020-10-16,44.17444610595703,50.59000015258789,51.59000015258789,48.79999923706055,49.0,12866100
2020-10-19,43.75531768798828,50.11000061035156,52.220001220703125,49.81999969482422,51.689998626708984,7455600
2020-10-20,44.26176452636719,50.689998626708984,50.959999084472656,49.84000015258789,49.939998626708984,5512200
2020-10-21,43.67673873901367,50.02000045776367,51.150001525878906,50.02000045776367,50.4900016784668,4582400
2020-10-22,45.056358337402344,51.599998474121094,51.65999984741211,50.08000183105469,50.15999984741211,6567500
2020-10-23,44.715824127197266,51.209999084472656,51.5099983215332,50.619998931884766,51.25,4107900
2020-10-26,44.53245544433594,51.0,51.68000030517578,50.2599983215332,51.2599983215332,4861300
2020-10-27,43.746585845947266,50.099998474121094,51.25,49.650001525878906,50.810001373291016,4592000
2020-10-28,42.36695098876953,48.52000045776367,50.09000015258789,48.279998779296875,49.619998931884766,6024000
2020-10-29,43.80770492553711,50.16999816894531,50.380001068115234,48.0,48.0099983215332,7438700
2020-10-30,43.70292282104492,50.04999923706055,52.970001220703125,49.4900016784668,50.439998626708984,16475100
2020-11-03,45.99940490722656,52.68000030517578,52.880001068115234,50.220001220703125,51.0,10874400
2020-11-04,45.08256530761719,51.630001068115234,52.77000045776367,50.86000061035156,52.619998931884766,5983900
2020-11-05,44.794403076171875,51.29999923706055,51.90999984741211,50.15999984741211,51.70000076293945,7419800
2020-11-06,43.57194900512695,49.900001525878906,52.060001373291016,49.41999816894531,51.20000076293945,9054000
2020-11-09,42.50666809082031,48.68000030517578,49.59000015258789,47.29999923706055,48.349998474121094,11789700
2020-11-10,41.88669967651367,47.970001220703125,48.900001525878906,47.720001220703125,48.720001220703125,10673000
2020-11-11,42.218505859375,48.349998474121094,49.209999084472656,48.0099983215332,48.20000076293945,5886100
2020-11-12,42.410614013671875,48.56999969482422,48.88999938964844,48.20000076293945,48.5,4923600
2020-11-13,45.35324478149414,51.939998626708984,52.13999938964844,49.099998474121094,49.20000076293945,14717100
2020-11-16,46.35741424560547,53.09000015258789,53.34000015258789,51.31999969482422,52.099998474121094,9868000
2020-11-17,44.794403076171875,51.29999923706055,53.9900016784668,51.2599983215332,52.75,8923200
2020-11-18,44.30542755126953,50.7400016784668,51.279998779296875,49.81999969482422,50.9900016784668,7692800
2020-11-19,43.84263610839844,50.209999084472656,51.47999954223633,50.0099983215332,50.70000076293945,4432400
2020-11-23,44.200645446777344,50.619998931884766,51.47999954223633,50.209999084472656,51.47999954223633,4613100
2020-11-24,43.746585845947266,50.099998474121094,50.849998474121094,49.599998474121094,50.36000061035156,6762700
2020-11-25,44.12205505371094,50.529998779296875,50.70000076293945,49.400001525878906,50.220001220703125,7508800
2020-11-26,46.62810134887695,53.400001525878906,53.400001525878906,50.400001525878906,50.650001525878906,7897800
2020-11-27,48.487979888916016,55.529998779296875,56.4900016784668,53.7599983215332,54.439998626708984,10445700
2020-11-30,49.33496856689453,56.5,56.5,54.709999084472656,56.099998474121094,10968800
2020-12-01,50.1732292175293,57.459999084472656,58.06999969482422,55.880001068115234,55.900001525878906,14567600
2020-12-02,47.65846252441406,54.58000183105469,56.220001220703125,54.349998474121094,55.709999084472656,38161100
2020-12-03,45.38817596435547,51.97999954223633,55.209999084472656,51.099998474121094,54.9900016784668,21786900
2020-12-04,46.10418701171875,52.79999923706055,53.81999969482422,51.27000045776367,52.02000045776367,9102900
2020-12-07,46.060523986816406,52.75,53.18000030517578,52.0,52.68000030517578,4453900
2020-12-08,46.1303825378418,52.83000183105469,53.63999938964844,51.900001525878906,53.5,4937200
2020-12-09,45.824764251708984,52.47999954223633,52.869998931884766,51.97999954223633,52.779998779296875,4429100
2020-12-10,44.13951873779297,50.54999923706055,52.540000915527344,50.41999816894531,52.38999938964844,11728000
2020-12-11,44.899192810058594,51.41999816894531,51.45000076293945,49.52000045776367,50.79999923706055,5733500
2020-12-14,45.10875701904297,51.65999984741211,51.65999984741211,50.2400016784668,51.11000061035156,6148700
2020-12-15,46.715415954589844,53.5,54.09000015258789,51.65999984741211,51.65999984741211,8894500
2020-12-16,47.4750862121582,54.369998931884766,54.54999923706055,53.33000183105469,53.5,7064100
2020-12-17,47.990264892578125,54.959999084472656,55.33000183105469,54.04999923706055,54.16999816894531,6961400
2020-12-18,49.27384948730469,56.43000030517578,57.59000015258789,54.779998779296875,54.88999938964844,13246500
2020-12-21,48.2172966003418,55.220001220703125,56.5,55.08000183105469,55.90999984741211,8072700
2020-12-22,50.365333557128906,57.68000030517578,57.849998474121094,55.34000015258789,55.369998931884766,13295700
2020-12-23,49.221458435058594,56.369998931884766,58.15999984741211,56.209999084472656,57.97999954223633,4062500
2020-12-28,49.911277770996094,57.15999984741211,57.310001373291016,56.29999923706055,56.4900016784668,2768100
2020-12-29,49.954933166503906,57.209999084472656,57.900001525878906,56.79999923706055,57.72999954223633,3435400
2020-12-30,51.116268157958984,58.540000915527344,59.099998474121094,57.43000030517578,57.79999923706055,4938900
2021-01-04,51.43934631347656,58.90999984741211,59.970001220703125,57.849998474121094,59.7400016784668,4829100
2021-01-05,51.20358657836914,58.63999938964844,59.4900016784668,57.34000015258789,58.720001220703125,5361400
2021-01-06,50.2692756652832,57.56999969482422,59.849998474121094,57.40999984741211,59.599998474121094,9016800
2021-01-07,54.56535720825195,62.4900016784668,62.790000915527344,57.540000915527344,57.540000915527344,12899600
2021-01-08,54.81857681274414,62.779998779296875,63.18000030517578,60.70000076293945,62.5,9090100
2021-01-11,53.534996032714844,61.310001373291016,64.11000061035156,60.81999969482422,62.31999969482422,8085300
2021-01-12,53.46513748168945,61.22999954223633,63.279998779296875,60.36000061035156,61.09000015258789,8070400
2021-01-13,52.3911247253418,60.0,61.439998626708984,58.90999984741211,61.130001068115234,6567500
2021-01-14,52.09423828125,59.65999984741211,60.880001068115234,59.0,60.060001373291016,4655000
2021-01-15,53.39528274536133,61.150001525878906,62.59000015258789,60.0099983215332,60.75,11635600
2021-01-18,55.2639045715332,63.290000915527344,64.29000091552734,61.150001525878906,61.150001525878906,7411100
2021-01-19,56.9404182434082,65.20999908447266,65.87000274658203,62.709999084472656,63.880001068115234,11401600
2021-01-20,57.54291534423828,65.9000015258789,67.80000305175781,65.72000122070312,66.5199966430664,9641300
2021-01-21,57.13251876831055,65.43000030517578,66.29000091552734,64.5999984741211,64.5999984741211,35970400
2021-01-22,56.198211669921875,64.36000061035156,65.5,63.97999954223633,64.0,6508400
2021-01-26,57.804866790771484,66.19999694824219,66.5999984741211,64.4000015258789,64.4000015258789,9213700
2021-01-27,54.35578918457031,62.25,66.44999694824219,61.91999816894531,66.22000122070312,8965800
2021-01-28,54.94955825805664,62.93000030517578,63.38999938964844,62.25,62.65999984741211,4741900
2021-01-29,54.18115234375,62.04999923706055,64.5,61.68000030517578,63.599998474121094,8230300
2021-02-01,56.08469772338867,64.2300033569336,64.29000091552734,62.41999816894531,62.72999954223633,6689400
2021-02-02,55.080535888671875,63.08000183105469,65.5,61.709999084472656,65.33999633789062,8207300
2021-02-03,55.75288009643555,63.849998474121094,63.970001220703125,62.54999923706055,63.5,6078700
2021-02-04,56.460166931152344,64.66000366210938,64.66000366210938,63.310001373291016,64.08000183105469,4495100
2021-02-05,58.066829681396484,66.5,66.91999816894531,64.73999786376953,66.0199966430664,7408100
2021-02-08,57.60403823852539,65.97000122070312,67.79000091552734,65.29000091552734,66.6500015258789,4627100
2021-02-09,58.2414665222168,66.69999694824219,66.83000183105469,65.26000213623047,65.26000213623047,4802400
2021-02-10,59.551239013671875,68.19999694824219,68.5,66.7300033569336,67.0,7385600
2021-02-11,61.699283599853516,70.66000366210938,71.4000015258789,69.05999755859375,70.94000244140625,12606300
2021-02-12,61.75166320800781,70.72000122070312,71.5,70.01000213623047,70.01000213623047,6315600
2021-02-17,63.20988082885742,72.38999938964844,72.48999786376953,71.73999786376953,72.0,9005800
2021-02-18,64.65064239501953,74.04000091552734,74.61000061035156,72.3499984741211,72.98999786376953,15955200
2021-02-19,65.51509857177734,75.02999877929688,75.4800033569336,73.20999908447266,74.1500015258789,10028000
2021-02-22,67.13048553466797,76.87999725341797,78.8499984741211,74.19000244140625,75.5,16165600
2021-02-23,66.89472961425781,76.61000061035156,77.51000213623047,74.94000244140625,76.80000305175781,9856100
2021-02-24,66.15252685546875,75.76000213623047,77.69999694824219,74.87000274658203,76.30000305175781,11060400
2021-02-25,64.7117691040039,74.11000061035156,77.0999984741211,73.25,76.38999938964844,7278500
2021-02-26,63.89097213745117,73.16999816894531,76.36000061035156,72.87999725341797,75.41000366210938,8112200
2021-03-01,65.04357147216797,74.48999786376953,76.25,73.69000244140625,74.16999816894531,8311900
2021-03-02,64.205322265625,73.52999877929688,75.2300033569336,72.5,73.83000183105469,9817100
2021-03-03,64.17912292480469,73.5,74.9000015258789,71.75,73.52999877929688,9844700
2021-03-04,64.26644134521484,73.5999984741211,75.5,72.36000061035156,73.83999633789062,9466500
2021-03-05,66.44940185546875,76.0999984741211,77.18000030517578,74.05000305175781,74.37000274658203,9197800
2021-03-08,65.8119888305664,75.37000274658203,76.0999984741211,74.16000366210938,75.51000213623047,9559200
2021-03-09,69.1388168334961,79.18000030517578,79.18000030517578,73.6500015258789,76.0,11687600
2021-03-10,65.36666107177734,74.86000061035156,79.80999755859375,74.30000305175781,79.0199966430664,11116400
2021-03-11,64.75542449951172,74.16000366210938,75.19000244140625,71.5199966430664,75.01000213623047,15377400
2021-03-12,64.8340072631836,74.25,75.79000091552734,72.8499984741211,74.0,8841300
2021-03-15,63.61155700683594,72.8499984741211,74.9000015258789,71.8499984741211,74.0,6923100
2021-03-16,65.70719146728516,75.25,75.91999816894531,72.4000015258789,72.4000015258789,8534600
2021-03-17,66.84235382080078,76.55000305175781,76.69999694824219,74.37999725341797,75.25,7425700
2021-03-18,65.75086212158203,75.30000305175781,76.55000305175781,74.02999877929688,75.0,9750200
2021-03-19,64.61571502685547,74.0,76.16000366210938,73.20999908447266,74.77999877929688,7756100
2021-03-22,63.22735595703125,72.41000366210938,74.19999694824219,71.12000274658203,73.19999694824219,5230200
2021-03-23,62.66851043701172,71.7699966430664,73.11000061035156,71.4000015258789,72.1500015258789,5040500
2021-03-24,64.31883239746094,73.66000366210938,76.18000030517578,72.52999877929688,73.25,9830500
2021-03-25,63.91716766357422,73.19999694824219,75.0,72.18000030517578,74.51000213623047,8424900
2021-03-26,63.375797271728516,72.58000183105469,73.4800033569336,71.87999725341797,73.26000213623047,6195900
2021-03-29,63.77745819091797,73.04000091552734,73.94000244140625,71.61000061035156,71.61000061035156,5579400
2021-03-30,61.66434097290039,70.62000274658203,74.02999877929688,70.5199966430664,74.02999877929688,7672800
2021-03-31,59.85685729980469,68.55000305175781,71.16000366210938,68.55000305175781,70.94999694824219,15945400
2021-04-01,60.46809005737305,69.25,69.88999938964844,68.0199966430664,68.79000091552734,8678700
2021-04-05,60.46809005737305,69.25,69.45999908447266,67.62999725341797,69.45999908447266,7819100
2021-04-06,61.341270446777344,70.25,70.63999938964844,68.83000183105469,69.01000213623047,5199400
2021-04-07,60.99199676513672,69.8499984741211,70.36000061035156,69.26000213623047,70.02999877929688,5140900
2021-04-08,61.49844741821289,70.43000030517578,70.75,69.44000244140625,70.05000305175781,3969800
2021-04-09,62.327964782714844,71.37999725341797,72.36000061035156,71.02999877929688,71.70999908447266,5927700
2021-04-12,62.86933898925781,72.0,72.86000061035156,71.12000274658203,71.1500015258789,8248400
2021-04-13,63.21862030029297,72.4000015258789,73.31999969482422,71.91000366210938,72.9000015258789,5416800
2021-04-14,62.3017692565918,71.3499984741211,72.9000015258789,71.01000213623047,72.68000030517578,6834400
2021-04-15,62.9566650390625,72.0999984741211,72.6500015258789,71.0999984741211,71.44999694824219,4473000
2021-04-16,62.1009407043457,71.12000274658203,73.80000305175781,70.75,72.68000030517578,6405100
2021-04-19,62.9566650390625,72.0999984741211,73.2300033569336,71.44000244140625,72.0,5437100
2021-04-20,63.122562408447266,72.29000091552734,72.77999877929688,71.80000305175781,72.12999725341797,3792800
2021-04-22,60.73004150390625,69.55000305175781,72.98999786376953,69.5199966430664,72.98999786376953,6935800
2021-04-23,61.1666374206543,70.05000305175781,70.38999938964844,68.33000183105469,69.94999694824219,7460500
2021-04-26,60.56414031982422,69.36000061035156,70.5,68.70999908447266,70.0,4945700
2021-04-27,61.882652282714844,70.87000274658203,70.87000274658203,69.16999816894531,69.73999786376953,5584700
2021-04-28,58.974945068359375,67.54000091552734,70.83000183105469,67.26000213623047,70.83000183105469,12626100
2021-04-29,59.062255859375,67.63999938964844,69.13999938964844,67.4000015258789,67.93000030517578,8390500
2021-04-30,59.961631774902344,68.66999816894531,69.87999725341797,67.55000305175781,68.16999816894531,9083800
2021-05-03,59.114646911621094,67.69999694824219,68.6500015258789,66.80000305175781,68.27999877929688,5621400
2021-05-04,59.03606414794922,67.61000061035156,69.12000274658203,67.26000213623047,67.69999694824219,4630400
2021-05-05,59.08845138549805,67.66999816894531,68.69999694824219,67.1500015258789,67.80000305175781,4336800
2021-05-06,58.90508270263672,67.45999908447266,67.66999816894531,66.18000030517578,67.33999633789062,7708200
2021-05-07,58.870155334472656,67.41999816894531,67.8499984741211,66.0,67.08000183105469,6289300
2021-05-10,59.78700637817383,68.47000122070312,69.36000061035156,67.0199966430664,67.33000183105469,5227200
2021-05-11,59.65602493286133,68.31999969482422,68.66999816894531,67.2300033569336,68.66999816894531,5186300
2021-05-12,59.74334716796875,68.41999816894531,69.3499984741211,67.26000213623047,67.69999694824219,8155400
2021-05-13,58.33751678466797,66.80999755859375,70.75,66.80999755859375,68.47000122070312,11995000
2021-05-14,56.888031005859375,65.1500015258789,67.43000030517578,64.61000061035156,67.41000366210938,7919800
2021-05-17,58.084285736083984,66.5199966430664,66.9800033569336,65.05000305175781,65.70999908447266,5536900
2021-05-18,58.03190231323242,66.45999908447266,67.08000183105469,66.08000183105469,66.5199966430664,4159100
2021-05-19,57.577842712402344,65.94000244140625,66.69999694824219,65.0999984741211,66.0,4200000
2021-05-20,55.16785430908203,63.18000030517578,66.0,63.18000030517578,66.0,7911200
2021-05-21,56.62607192993164,64.8499984741211,65.33999633789062,63.0,63.209999084472656,10483900
2021-05-24,56.14582443237305,64.30000305175781,65.29000091552734,63.869998931884766,64.69000244140625,4704700
2021-05-25,56.460166931152344,64.66000366210938,65.31999969482422,63.540000915527344,64.25,6320000
2021-05-26,54.32958984375,62.220001220703125,65.08000183105469,62.220001220703125,64.69999694824219,9724200
2021-05-27,54.661399841308594,62.599998474121094,63.43000030517578,61.58000183105469,62.540000915527344,11460600
2021-05-28,53.7358283996582,61.540000915527344,62.900001525878906,61.400001525878906,62.63999938964844,5327100
2021-05-31,53.02854537963867,60.72999954223633,61.91999816894531,60.43000030517578,61.54999923706055,7388100
2021-06-01,51.79735565185547,59.31999969482422,61.38999938964844,59.0099983215332,60.61000061035156,15679000
2021-06-02,51.76242446899414,59.279998779296875,60.27000045776367,58.810001373291016,59.66999816894531,7574500
2021-06-04,51.16865921020508,58.599998474121094,59.7400016784668,58.40999984741211,59.63999938964844,5529900
2021-06-07,51.95452880859375,59.5,60.189998626708984,58.13999938964844,58.709999084472656,8974100
2021-06-08,50.714603424072266,58.08000183105469,59.959999084472656,57.689998626708984,59.689998626708984,8116400
2021-06-09,52.12916564941406,59.70000076293945,60.84000015258789,58.36000061035156,58.5,9787400
2021-06-10,51.255977630615234,58.70000076293945,60.08000183105469,58.459999084472656,60.08000183105469,6574000
2021-06-11,51.483001708984375,58.959999084472656,59.34000015258789,58.08000183105469,58.97999954223633,6132100
2021-06-14,51.04641342163086,58.459999084472656,59.36000061035156,58.119998931884766,58.900001525878906,4560000
2021-06-15,50.79319381713867,58.16999816894531,59.04999923706055,58.099998474121094,58.68000030517578,3563600
2021-06-16,50.714603424072266,58.08000183105469,58.459999084472656,56.939998626708984,58.400001525878906,8984100
2021-06-17,49.21272659301758,56.36000061035156,58.130001068115234,56.2400016784668,58.130001068115234,7308200
2021-06-18,49.77156448364258,57.0,57.369998931884766,55.25,56.20000076293945,12372500
2021-06-21,51.08134078979492,58.5,59.119998931884766,56.400001525878906,56.70000076293945,7667200
2021-06-22,51.255977630615234,58.70000076293945,59.45000076293945,57.77000045776367,58.619998931884766,8517900
2021-06-23,50.74080276489258,58.11000061035156,59.099998474121094,57.84000015258789,58.77000045776367,5556800
2021-06-24,52.26013946533203,59.849998474121094,60.11000061035156,58.0,58.349998474121094,6503000
2021-06-25,51.002750396728516,58.40999984741211,60.88999938964844,57.86000061035156,60.20000076293945,6478900
2021-06-28,52.04184341430664,59.599998474121094,59.959999084472656,58.52000045776367,58.880001068115234,4191600
2021-06-29,52.61814880371094,60.2599983215332,61.439998626708984,59.70000076293945,59.79999923706055,7090500
2021-06-30,52.2252197265625,59.810001373291016,60.970001220703125,59.16999816894531,60.970001220703125,6688500
2021-07-01,52.67927551269531,60.33000183105469,60.810001373291016,59.34000015258789,59.810001373291016,5042500
2021-07-02,51.69257354736328,59.20000076293945,60.369998931884766,58.31999969482422,60.29999923706055,7968500
2021-07-05,51.95452880859375,59.5,59.900001525878906,58.900001525878906,59.08000183105469,2981100
2021-07-06,51.84101486206055,59.369998931884766,60.220001220703125,58.77000045776367,59.709999084472656,7351100
2021-07-07,53.220645904541016,60.95000076293945,61.369998931884766,59.209999084472656,59.709999084472656,6829200
2021-07-08,53.24684143066406,60.97999954223633,61.72999954223633,60.11000061035156,60.56999969482422,6991600
2021-07-12,52.784061431884766,60.45000076293945,61.5,60.150001525878906,60.779998779296875,7820900
2021-07-13,51.9283332824707,59.470001220703125,60.90999984741211,59.209999084472656,60.41999816894531,4481500
2021-07-14,51.32583999633789,58.779998779296875,60.18000030517578,58.08000183105469,59.77000045776367,6689800
2021-07-15,50.068450927734375,57.34000015258789,59.040000915527344,56.91999816894531,58.880001068115234,6524000
2021-07-16,49.20399475097656,56.349998474121094,58.279998779296875,56.060001373291016,57.38999938964844,10080800
2021-07-19,48.776126861572266,55.86000061035156,56.189998626708984,55.11000061035156,56.15999984741211,8837900
2021-07-20,49.42228698730469,56.599998474121094,57.25,55.66999816894531,56.27000045776367,4584100
2021-07-21,49.518341064453125,56.709999084472656,57.220001220703125,56.41999816894531,57.119998931884766,3733500
2021-07-22,49.77156448364258,57.0,57.45000076293945,56.66999816894531,56.66999816894531,3426400
2021-07-23,49.21272659301758,56.36000061035156,56.88999938964844,55.83000183105469,56.54999923706055,4621000
2021-07-26,49.457218170166016,56.63999938964844,57.08000183105469,56.060001373291016,56.439998626708984,3289700
2021-07-27,48.97697067260742,56.09000015258789,56.54999923706055,55.11000061035156,56.29999923706055,5520000
2021-07-28,48.65388870239258,55.720001220703125,56.58000183105469,55.31999969482422,56.33000183105469,4518700
2021-07-29,48.680084228515625,55.75,56.04999923706055,55.43000030517578,55.779998779296875,3692200
2021-07-30,47.213134765625,54.06999969482422,55.81999969482422,54.02000045776367,55.599998474121094,8043500
2021-08-02,47.60606384277344,54.52000045776367,55.59000015258789,54.11000061035156,54.540000915527344,7065400
2021-08-03,47.98154067993164,54.95000076293945,55.130001068115234,53.900001525878906,54.29999923706055,6445100
2021-08-04,48.11251449584961,55.099998474121094,56.459999084472656,54.61000061035156,54.61000061035156,6536700
2021-08-05,47.649723052978516,54.56999969482422,55.25,53.83000183105469,55.25,6001500
2021-08-06,47.41395568847656,54.29999923706055,55.25,54.06999969482422,54.349998474121094,3335300
2021-08-09,49.221458435058594,56.369998931884766,56.81999969482422,54.5,54.86000061035156,8589300
2021-08-10,49.62312316894531,56.83000183105469,57.560001373291016,56.0,56.13999938964844,6153300
2021-08-11,49.33496856689453,56.5,57.08000183105469,55.849998474121094,56.849998474121094,6159800
2021-08-12,48.6451530456543,55.709999084472656,57.08000183105469,55.0,56.65999984741211,10070100
2021-08-13,49.60565948486328,56.810001373291016,57.779998779296875,55.220001220703125,55.5,7119500
2021-08-16,50.39152526855469,57.709999084472656,58.04999923706055,56.439998626708984,56.70000076293945,8486500
2021-08-17,50.03351593017578,57.29999923706055,58.650001525878906,56.72999954223633,57.470001220703125,7176900
2021-08-18,49.011898040771484,56.130001068115234,57.84000015258789,56.099998474121094,57.290000915527344,7916000
2021-08-19,48.618961334228516,55.68000030517578,56.54999923706055,54.5,56.5,9409000
2021-08-20,49.640586853027344,56.849998474121094,57.220001220703125,55.5,56.099998474121094,12823200
2021-08-23,50.190696716308594,57.47999954223633,58.22999954223633,56.040000915527344,56.040000915527344,7276300
2021-08-24,51.56159591674805,59.04999923706055,59.400001525878906,57.900001525878906,58.0,7618300
2021-08-25,54.364524841308594,62.2599983215332,62.400001525878906,58.58000183105469,58.81999969482422,11919800
2021-08-26,53.86680603027344,61.689998626708984,62.90999984741211,61.40999984741211,62.06999969482422,7756600
2021-08-27,54.05017852783203,61.900001525878906,62.34000015258789,60.459999084472656,61.369998931884766,5954000
2021-08-30,53.71836853027344,61.52000045776367,61.959999084472656,61.150001525878906,61.599998474121094,3909100
2021-08-31,53.26430892944336,61.0,61.66999816894531,60.34000015258789,61.369998931884766,6482500
2021-09-01,53.438941955566406,61.20000076293945,61.90999984741211,60.20000076293945,61.29999923706055,4756700
2021-09-02,53.03727722167969,60.7400016784668,62.61000061035156,60.34000015258789,61.4900016784668,7669700
2021-09-03,53.8842658996582,61.709999084472656,62.29999923706055,60.41999816894531,60.900001525878906,7717900
2021-09-06,53.68343734741211,61.47999954223633,62.27000045776367,60.79999923706055,62.27000045776367,2260000
2021-09-08,54.652671813964844,62.59000015258789,63.20000076293945,61.029998779296875,61.54999923706055,11299700
2021-09-09,54.35578918457031,62.25,63.93000030517578,62.25,62.7599983215332,10273100
2021-09-10,52.9674186706543,60.65999984741211,62.869998931884766,60.27000045776367,62.869998931884766,8502400
2021-09-13,52.321266174316406,59.91999816894531,60.95000076293945,59.209999084472656,60.779998779296875,6230100
2021-09-14,52.43478012084961,60.04999923706055,61.060001373291016,59.470001220703125,60.02000045776367,5212100
2021-09-15,50.749534606933594,58.119998931884766,59.790000915527344,57.630001068115234,59.540000915527344,11753300
2021-09-16,47.83309555053711,54.779998779296875,58.189998626708984,54.70000076293945,58.189998626708984,12888900
2021-09-17,45.93828201293945,52.61000061035156,55.0,52.5,54.9900016784668,18829400
2021-09-20,44.8468017578125,51.36000061035156,51.880001068115234,50.310001373291016,51.0,10339600
2021-09-21,45.36198425292969,51.95000076293945,52.41999816894531,50.529998779296875,52.09000015258789,8141900
2021-09-22,47.01230239868164,53.84000015258789,54.70000076293945,52.83000183105469,53.630001068115234,9946400
2021-09-23,48.749942779541016,55.83000183105469,56.189998626708984,53.470001220703125,54.0099983215332,8512000
2021-09-24,48.4617919921875,55.5,56.33000183105469,54.959999084472656,54.959999084472656,6816700
2021-09-27,48.01646423339844,54.9900016784668,55.599998474121094,54.41999816894531,55.369998931884766,3434200
2021-09-28,46.75907897949219,53.54999923706055,55.16999816894531,53.189998626708984,55.16999816894531,17678900
2021-09-29,47.152008056640625,54.0,54.630001068115234,53.45000076293945,54.189998626708984,4429500
2021-09-30,47.60606384277344,54.52000045776367,55.84000015258789,53.63999938964844,53.650001525878906,6618600
2021-10-01,45.8160400390625,52.470001220703125,53.68000030517578,52.099998474121094,53.66999816894531,8591400
2021-10-04,44.81187438964844,51.31999969482422,52.349998474121094,51.150001525878906,52.33000183105469,5986900
2021-10-05,43.964881896972656,50.349998474121094,51.630001068115234,50.220001220703125,51.369998931884766,7305500
2021-10-06,43.388580322265625,49.689998626708984,50.63999938964844,49.599998474121094,50.04999923706055,9063300
2021-10-07,43.161556243896484,49.43000030517578,50.20000076293945,48.689998626708984,49.7599983215332,14061400
2021-10-08,43.0567741394043,49.310001373291016,50.119998931884766,49.20000076293945,49.79999923706055,7108400
2021-10-11,43.83390808105469,50.20000076293945,51.08000183105469,48.81999969482422,49.400001525878906,6474500
2021-10-13,44.52372741699219,50.9900016784668,51.880001068115234,50.20000076293945,50.9900016784668,6959900
2021-10-14,43.537025451660156,49.86000061035156,51.33000183105469,49.27000045776367,51.189998626708984,7462000
2021-10-15,44.45387268066406,50.90999984741211,52.4900016784668,50.040000915527344,50.459999084472656,11372700
2021-10-18,43.48462677001953,49.79999923706055,50.58000183105469,49.45000076293945,50.20000076293945,5658900
2021-10-19,42.550323486328125,48.72999954223633,50.33000183105469,48.13999938964844,49.11000061035156,7958900
2021-10-20,42.358219146728516,48.5099983215332,49.41999816894531,48.0,48.689998626708984,4589500
2021-10-21,42.960723876953125,49.20000076293945,49.439998626708984,47.130001068115234,47.88999938964844,15841200
2021-10-22,46.10418701171875,52.79999923706055,54.0,49.720001220703125,49.79999923706055,27965900
2021-10-25,44.94285202026367,51.470001220703125,52.97999954223633,50.81999969482422,52.97999954223633,7603800
2021-10-26,44.05220413208008,50.45000076293945,52.04999923706055,50.310001373291016,51.16999816894531,10917600
2021-10-27,42.24470520019531,48.380001068115234,50.97999954223633,47.959999084472656,50.97999954223633,13984900
2021-10-28,42.70749282836914,48.90999984741211,49.45000076293945,48.400001525878906,49.099998474121094,4698200
2021-10-29,42.98691940307617,49.22999954223633,50.900001525878906,48.81999969482422,48.81999969482422,18184600
2021-11-01,42.70749282836914,48.90999984741211,49.77000045776367,47.900001525878906,49.77000045776367,6362700
2021-11-03,43.45844268798828,49.77000045776367,49.9900016784668,48.91999816894531,49.189998626708984,6800600
2021-11-04,43.048038482666016,49.29999923706055,50.41999816894531,48.650001525878906,49.77000045776367,5394100
2021-11-05,43.091697692871094,49.349998474121094,50.130001068115234,48.33000183105469,48.79999923706055,4996000
2021-11-08,43.327457427978516,49.619998931884766,50.61000061035156,48.86000061035156,49.0,5246300
2021-11-09,42.78608322143555,49.0,50.099998474121094,48.540000915527344,49.63999938964844,5354600
2021-11-10,42.567787170410156,48.75,49.400001525878906,48.04999923706055,48.9900016784668,5593800
2021-11-11,44.26176452636719,50.689998626708984,51.459999084472656,49.08000183105469,49.68000030517578,7665500
2021-11-12,44.855533599853516,51.369998931884766,52.540000915527344,50.20000076293945,50.20000076293945,6028900
2021-11-16,46.42726135253906,53.16999816894531,53.36000061035156,51.529998779296875,51.84000015258789,8356700
2021-11-17,45.763641357421875,52.40999984741211,53.68000030517578,52.029998779296875,53.33000183105469,6950700
2021-11-18,45.571537017822266,52.189998626708984,52.95000076293945,51.900001525878906,52.88999938964844,6957400
2021-11-19,46.78527069091797,53.58000183105469,55.0,52.279998779296875,52.59000015258789,8963100
2021-11-22,45.80730438232422,52.459999084472656,53.70000076293945,52.08000183105469,53.58000183105469,3438400
2021-11-23,46.41852951049805,53.15999984741211,53.689998626708984,52.18000030517578,52.63999938964844,6744200
2021-11-24,47.60606384277344,54.52000045776367,54.95000076293945,52.790000915527344,53.029998779296875,5218600
2021-11-25,47.78943634033203,54.72999954223633,55.5,53.95000076293945,54.720001220703125,5926400
2021-11-26,47.859291076660156,54.810001373291016,56.2599983215332,54.2400016784668,54.5,8301500
2021-11-29,48.6102294921875,55.66999816894531,57.0,54.68000030517578,55.400001525878906,7664300
2021-11-30,49.0380859375,56.15999984741211,57.470001220703125,54.5,55.84000015258789,11290600
2021-12-01,50.688411712646484,58.04999923706055,59.4900016784668,56.29999923706055,56.88999938964844,10871500
2021-12-02,50.644752502441406,58.0,59.189998626708984,55.560001373291016,59.099998474121094,10328600
2021-12-03,49.858882904052734,57.099998474121094,59.43000030517578,56.11000061035156,58.0,8983600
2021-12-06,50.531227111816406,57.869998931884766,59.18000030517578,57.15999984741211,57.2599983215332,6317600
2021-12-07,50.924171447753906,58.31999969482422,58.68000030517578,57.56999969482422,58.59000015258789,6024700
2021-12-08,51.212318420410156,58.650001525878906,59.150001525878906,58.02000045776367,58.72999954223633,4342800
2021-12-09,50.566165924072266,57.90999984741211,58.47999954223633,57.09000015258789,58.189998626708984,5160500
2021-12-10,51.08134078979492,58.5,59.279998779296875,57.79999923706055,58.2400016784668,4271300
2021-12-13,50.4002571105957,57.720001220703125,59.099998474121094,57.689998626708984,58.619998931884766,4933000
2021-12-14,50.51377487182617,57.849998474121094,59.459999084472656,57.58000183105469,58.310001373291016,5352800
2021-12-15,51.30836868286133,58.7599983215332,59.099998474121094,57.79999923706055,58.20000076293945,5151000
2021-12-16,52.66180419921875,60.310001373291016,60.43000030517578,58.5,58.97999954223633,6738500
2021-12-17,53.70962905883789,61.5099983215332,61.95000076293945,60.31999969482422,60.86000061035156,12160200
2021-12-20,52.29507064819336,59.88999938964844,61.349998474121094,59.52000045776367,60.91999816894531,5947400
2021-12-21,52.38238525390625,59.9900016784668,60.5099983215332,59.63999938964844,59.88999938964844,3534000
2021-12-22,52.06804275512695,59.630001068115234,60.099998474121094,58.709999084472656,60.099998474121094,3114600
2021-12-23,52.55702590942383,60.189998626708984,61.27000045776367,59.599998474121094,59.599998474121094,3214100
2021-12-27,52.68800735473633,60.34000015258789,60.97999954223633,59.91999816894531,60.38999938964844,2710800
2021-12-28,52.09423828125,59.65999984741211,60.58000183105469,59.41999816894531,60.58000183105469,1782600
2021-12-29,51.5528678894043,59.040000915527344,59.88999938964844,58.939998626708984,59.779998779296875,2623900
2021-12-30,52.48717498779297,60.11000061035156,60.400001525878906,59.029998779296875,59.75,4580300
2022-01-03,52.03311538696289,59.59000015258789,60.72999954223633,59.0099983215332,60.34000015258789,5293500
2022-01-04,53.16825866699219,60.88999938964844,61.13999938964844,59.34000015258789,60.0,5301300
2022-01-05,52.56575393676758,60.20000076293945,61.369998931884766,59.849998474121094,61.0,5773300
2022-01-06,52.146629333496094,59.720001220703125,60.75,59.45000076293945,60.31999969482422,4225400
2022-01-07,51.79735565185547,59.31999969482422,59.88999938964844,58.83000183105469,59.810001373291016,3766200
2022-01-10,51.675106048583984,59.18000030517578,61.290000915527344,58.20000076293945,59.38999938964844,5913300
2022-01-11,51.980716705322266,59.529998779296875,60.439998626708984,57.900001525878906,59.18000030517578,7213600
2022-01-12,53.80568313598633,61.619998931884766,61.880001068115234,59.16999816894531,59.529998779296875,11212400
2022-01-13,54.60028076171875,62.529998779296875,62.689998626708984,61.5099983215332,61.88999938964844,6081300
2022-01-14,54.80984115600586,62.77000045776367,63.41999816894531,62.150001525878906,62.310001373291016,4917500
2022-01-17,54.1636848449707,62.029998779296875,62.5,61.81999969482422,62.369998931884766,2291700
2022-01-18,54.879695892333984,62.849998474121094,62.849998474121094,61.47999954223633,62.279998779296875,5041400
2022-01-19,54.65099334716797,61.849998474121094,62.959999084472656,61.5099983215332,62.54999923706055,7763800
2022-01-20,53.29023742675781,60.310001373291016,62.470001220703125,60.0099983215332,62.09000015258789,8875200
2022-01-21,52.654048919677734,59.59000015258789,60.75,59.40999984741211,60.290000915527344,6178000
2022-01-24,51.44350814819336,58.220001220703125,59.599998474121094,57.650001525878906,59.45000076293945,4938200
2022-01-25,50.10926055908203,56.709999084472656,58.08000183105469,55.849998474121094,57.849998474121094,9856100
2022-01-26,49.16380310058594,55.63999938964844,57.2400016784668,55.400001525878906,56.720001220703125,8945300
2022-01-27,51.68208312988281,58.4900016784668,58.689998626708984,55.68000030517578,55.75,12534400
2022-01-28,52.39780044555664,59.29999923706055,59.68000030517578,57.02000045776367,57.86000061035156,7168200
2022-01-31,52.30944061279297,59.20000076293945,60.459999084472656,58.529998779296875,59.540000915527344,6702200
2022-02-01,52.69822311401367,59.63999938964844,60.5,58.75,58.7599983215332,5350300
2022-02-02,52.37129211425781,59.27000045776367,60.31999969482422,59.27000045776367,59.63999938964844,3205500
2022-02-03,52.19457244873047,59.06999969482422,60.04999923706055,58.81999969482422,59.5099983215332,4204800
2022-02-04,53.52881622314453,60.58000183105469,60.880001068115234,58.130001068115234,59.04999923706055,5315500
2022-02-07,53.5023078918457,60.54999923706055,61.13999938964844,60.189998626708984,60.40999984741211,2669800
2022-02-08,53.42278289794922,60.459999084472656,61.119998931884766,59.38999938964844,59.970001220703125,3422900
2022-02-09,53.54648971557617,60.599998474121094,61.810001373291016,60.20000076293945,61.09000015258789,5571600
2022-02-10,51.56721115112305,58.36000061035156,61.0,57.709999084472656,61.0,14072000
2022-02-11,51.001705169677734,57.720001220703125,58.849998474121094,57.29999923706055,58.5099983215332,7320300
2022-02-14,51.56721115112305,58.36000061035156,58.72999954223633,57.27000045776367,57.400001525878906,4581700
2022-02-15,50.60408401489258,57.27000045776367,58.9900016784668,57.2400016784668,58.56999969482422,5350400
2022-02-16,50.612918853759766,57.279998779296875,58.09000015258789,57.20000076293945,57.279998779296875,5240100
2022-02-17,51.169593811035156,57.90999984741211,58.2400016784668,56.9900016784668,57.43000030517578,4502200
2022-02-18,50.400848388671875,57.040000915527344,59.470001220703125,56.81999969482422,58.40999984741211,5807100
2022-02-21,50.30365753173828,56.93000030517578,58.08000183105469,56.58000183105469,56.88999938964844,3820800
2022-02-22,50.33016586303711,56.959999084472656,57.91999816894531,56.66999816894531,57.25,3680700
2022-02-23,47.25521469116211,53.47999954223633,57.04999923706055,52.9900016784668,57.029998779296875,18659300
2022-02-24,47.65283966064453,53.93000030517578,54.349998474121094,52.099998474121094,52.099998474121094,6712200
2022-02-25,48.66014862060547,55.06999969482422,55.22999954223633,53.189998626708984,54.0,8165300
2022-03-02,48.598297119140625,55.0,55.779998779296875,54.66999816894531,55.13999938964844,4584400
2022-03-03,47.47611618041992,53.72999954223633,55.20000076293945,52.709999084472656,54.72999954223633,9257400
2022-03-04,50.657100677490234,57.33000183105469,57.33000183105469,53.91999816894531,53.9900016784668,10052000
2022-03-07,51.319801330566406,58.08000183105469,59.06999969482422,56.61000061035156,57.20000076293945,9349500
2022-03-08,51.19609451293945,57.939998626708984,59.29999923706055,57.279998779296875,57.88999938964844,7807100
2022-03-09,52.20341110229492,59.08000183105469,59.83000183105469,56.27000045776367,57.869998931884766,7254500
2022-03-10,53.74972152709961,60.83000183105469,60.9900016784668,58.0,58.0,6825500
2022-03-11,53.97062301635742,61.08000183105469,62.56999969482422,60.29999923706055,60.79999923706055,7109200
2022-03-14,52.85727310180664,59.81999969482422,61.20000076293945,59.470001220703125,60.959999084472656,6088300
2022-03-15,51.74393081665039,58.560001373291016,59.91999816894531,57.36000061035156,59.90999984741211,7135200
2022-03-16,53.555320739746094,60.61000061035156,61.279998779296875,58.77000045776367,59.0,7755900
2022-03-17,54.4212532043457,61.59000015258789,62.099998474121094,60.7599983215332,60.9900016784668,7321400
2022-03-18,56.77164840698242,64.25,64.55999755859375,61.560001373291016,61.88999938964844,12029300
2022-03-21,54.668670654296875,61.869998931884766,64.16999816894531,61.810001373291016,64.16999816894531,9093500
2022-03-22,54.13850402832031,61.27000045776367,62.75,60.63999938964844,62.439998626708984,6451000
2022-03-23,52.84844207763672,59.810001373291016,61.470001220703125,59.59000015258789,61.34000015258789,7550700
2022-03-24,53.343257904052734,60.369998931884766,61.279998779296875,59.72999954223633,60.29999923706055,7625100
2022-03-25,50.14460372924805,56.75,60.380001068115234,56.75,60.380001068115234,13470900
2022-03-28,50.807308197021484,57.5,57.65999984741211,56.630001068115234,57.279998779296875,5190000
2022-03-29,50.100425720214844,56.70000076293945,57.900001525878906,56.5099983215332,57.56999969482422,6750900
2022-03-30,50.515724182128906,57.16999816894531,57.56999969482422,56.11000061035156,56.88999938964844,5188000
2022-03-31,48.730838775634766,55.150001525878906,57.54999923706055,55.150001525878906,57.54999923706055,7851400
2022-04-01,47.90024948120117,54.209999084472656,55.630001068115234,53.849998474121094,55.4900016784668,10746000
2022-04-04,47.82072448730469,54.119998931884766,54.81999969482422,53.810001373291016,54.38999938964844,5450100
2022-04-05,47.864906311035156,54.16999816894531,55.459999084472656,53.91999816894531,54.790000915527344,6634800
2022-04-06,48.89872360229492,55.34000015258789,55.7599983215332,54.189998626708984,54.189998626708984,7346500
2022-04-07,48.12998962402344,54.470001220703125,55.380001068115234,54.290000915527344,55.31999969482422,5138700
2022-04-08,48.156494140625,54.5,55.45000076293945,53.52000045776367,54.22999954223633,4374700
2022-04-11,47.88257598876953,54.189998626708984,54.9900016784668,54.150001525878906,54.52000045776367,3551700
2022-04-12,47.272891998291016,53.5,54.47999954223633,53.380001068115234,54.18000030517578,3956800
2022-04-13,47.529136657714844,53.790000915527344,54.0,53.2599983215332,53.83000183105469,4338400
2022-04-14,47.37009048461914,53.61000061035156,54.189998626708984,53.08000183105469,53.88999938964844,4314000
2022-04-18,46.03583908081055,52.099998474121094,53.349998474121094,51.75,53.349998474121094,6699300
2022-04-19,46.38045120239258,52.4900016784668,52.560001373291016,51.630001068115234,52.060001373291016,4035700
2022-04-20,45.93864822387695,51.9900016784668,52.79999923706055,51.880001068115234,52.25,3794800
2022-04-22,45.567527770996094,51.56999969482422,52.060001373291016,51.08000183105469,51.7400016784668,7114800
2022-04-25,45.72657775878906,51.75,52.150001525878906,50.45000076293945,51.720001220703125,5304300
2022-04-26,44.79879379272461,50.70000076293945,52.95000076293945,50.70000076293945,51.75,9022600
2022-04-27,44.71043395996094,50.599998474121094,51.959999084472656,50.310001373291016,51.459999084472656,7816000
2022-04-28,45.04620361328125,50.97999954223633,51.22999954223633,49.79999923706055,50.77000045776367,5384100
2022-04-29,43.835662841796875,49.61000061035156,52.08000183105469,49.61000061035156,51.810001373291016,9776800
2022-05-02,45.12572479248047,51.06999969482422,51.06999969482422,49.2599983215332,49.68000030517578,7950100
2022-05-03,45.29361343383789,51.2599983215332,52.47999954223633,50.86000061035156,51.06999969482422,6934000
2022-05-04,45.91213607788086,51.959999084472656,52.20000076293945,51.029998779296875,51.29999923706055,7085700
2022-05-05,47.14809036254883,52.75,53.150001525878906,51.279998779296875,51.4900016784668,8642900
2022-05-06,46.29897689819336,51.79999923706055,53.630001068115234,51.4900016784668,52.880001068115234,6975600
2022-05-09,45.02083969116211,50.369998931884766,51.66999816894531,50.290000915527344,51.54999923706055,4927200
2022-05-10,43.84101867675781,49.04999923706055,50.7599983215332,48.84000015258789,50.540000915527344,5088800
2022-05-11,44.01084518432617,49.2400016784668,50.119998931884766,48.15999984741211,48.84000015258789,4409500
2022-05-12,43.57288360595703,48.75,49.459999084472656,48.40999984741211,49.459999084472656,4629100
2022-05-13,46.10234451293945,51.58000183105469,51.97999954223633,49.36000061035156,49.400001525878906,12326700
2022-05-16,45.88783264160156,51.34000015258789,52.459999084472656,50.90999984741211,51.900001525878906,3664600
2022-05-17,47.0229606628418,52.61000061035156,52.72999954223633,51.689998626708984,51.70000076293945,5431200
2022-05-18,45.512428283691406,50.91999816894531,52.95000076293945,50.75,52.79999923706055,4600100
2022-05-19,45.3604850769043,50.75,51.15999984741211,50.43000030517578,50.88999938964844,3303100
2022-05-20,45.896766662597656,51.349998474121094,52.900001525878906,50.599998474121094,51.79999923706055,8006600
2022-05-23,46.55817794799805,52.09000015258789,52.279998779296875,51.20000076293945,51.779998779296875,4836500
2022-05-24,46.59393310546875,52.130001068115234,52.439998626708984,51.36000061035156,51.95000076293945,4445400
2022-05-25,45.753753662109375,51.189998626708984,52.369998931884766,51.189998626708984,51.810001373291016,3905800
2022-05-26,47.65755844116211,53.31999969482422,53.33000183105469,51.099998474121094,51.290000915527344,5284700
2022-05-27,47.889949798583984,53.58000183105469,54.279998779296875,53.25,53.33000183105469,3981400
2022-05-30,47.961448669433594,53.65999984741211,54.709999084472656,53.369998931884766,54.5,2301900
2022-05-31,47.818443298339844,53.5,54.290000915527344,52.900001525878906,54.279998779296875,8894000
2022-06-01,48.068702697753906,53.779998779296875,54.38999938964844,53.09000015258789,53.5,4073500
2022-06-02,48.28321838378906,54.02000045776367,54.400001525878906,53.349998474121094,54.400001525878906,3369700
2022-06-03,47.2195930480957,52.83000183105469,54.029998779296875,52.75,54.029998779296875,2511800
2022-06-06,47.737998962402344,53.40999984741211,53.68000030517578,52.959999084472656,53.119998931884766,2040100
2022-06-07,48.5245475769043,54.290000915527344,54.689998626708984,53.599998474121094,53.599998474121094,3976000
2022-06-08,46.987205505371094,52.56999969482422,54.290000915527344,52.150001525878906,54.279998779296875,3833500
2022-06-09,46.343666076660156,51.849998474121094,52.650001525878906,51.52000045776367,52.54999923706055,3749800
2022-06-10,46.200660705566406,51.689998626708984,51.93000030517578,50.75,51.93000030517578,4504200
2022-06-13,46.52242660522461,52.04999923706055,52.279998779296875,50.720001220703125,51.349998474121094,6256300
2022-06-14,45.3157958984375,50.70000076293945,51.91999816894531,49.939998626708984,51.91999816894531,7759200
2022-06-15,44.7884521484375,50.11000061035156,51.459999084472656,50.0,51.150001525878906,8162000
2022-06-17,43.87677001953125,49.09000015258789,50.5,48.060001373291016,49.5099983215332,19818800
2022-06-20,43.805267333984375,49.0099983215332,49.709999084472656,48.5099983215332,49.189998626708984,2415400
2022-06-21,43.46562957763672,48.630001068115234,49.75,48.619998931884766,48.97999954223633,4604000
2022-06-22,42.11598205566406,47.119998931884766,48.2599983215332,46.380001068115234,48.189998626708984,6648400
2022-06-23,40.784217834472656,45.630001068115234,47.599998474121094,44.90999984741211,47.11000061035156,10660300
2022-06-24,42.768455505371094,47.849998474121094,48.150001525878906,46.72999954223633,47.150001525878906,12651600
2022-06-27,43.6890754699707,48.880001068115234,49.9900016784668,48.0,48.15999984741211,5033000
2022-06-28,44.180667877197266,49.43000030517578,50.40999984741211,49.209999084472656,49.540000915527344,5703600
2022-06-29,43.662261962890625,48.849998474121094,49.90999984741211,48.400001525878906,49.599998474121094,4590200
2022-06-30,44.413055419921875,49.689998626708984,50.77000045776367,47.95000076293945,47.9900016784668,8993300
2022-07-01,45.09234619140625,50.45000076293945,50.79999923706055,49.2599983215332,49.709999084472656,5992400
2022-07-04,45.02083969116211,50.369998931884766,50.58000183105469,49.81999969482422,50.29999923706055,2372900
2022-07-05,43.70695495605469,48.900001525878906,50.349998474121094,48.83000183105469,50.16999816894531,5289700
2022-07-06,44.09129333496094,49.33000183105469,49.7400016784668,48.2400016784668,48.540000915527344,4737600
2022-07-07,43.787391662597656,48.9900016784668,50.45000076293945,48.939998626708984,49.83000183105469,4169600
2022-07-08,42.53607177734375,47.59000015258789,49.45000076293945,47.54999923706055,48.86000061035156,4178100
2022-07-11,42.598636627197266,47.65999984741211,48.11000061035156,46.79999923706055,47.029998779296875,4184000
2022-07-12,42.545005798339844,47.599998474121094,48.04999923706055,47.04999923706055,47.56999969482422,4802600
2022-07-13,41.34730911254883,46.2599983215332,47.459999084472656,46.029998779296875,47.459999084472656,4147000
2022-07-14,40.22112274169922,45.0,46.13999938964844,44.70000076293945,45.88999938964844,7292300
2022-07-15,39.2736930847168,43.939998626708984,45.150001525878906,43.810001373291016,45.09000015258789,7749600
2022-07-18,39.1128044128418,43.7599983215332,44.790000915527344,43.599998474121094,44.099998474121094,6714500
2022-07-19,41.07023620605469,45.95000076293945,46.150001525878906,43.5099983215332,43.7599983215332,5364800
2022-07-20,40.22112274169922,45.0,45.79999923706055,44.70000076293945,45.70000076293945,5924900
2022-07-21,40.79315185546875,45.63999938964844,45.779998779296875,43.599998474121094,44.79999923706055,6169000
2022-07-22,41.928287506103516,46.90999984741211,47.04999923706055,45.400001525878906,45.400001525878906,4704000
2022-07-25,41.240055084228516,46.13999938964844,47.189998626708984,46.06999969482422,46.79999923706055,3251600
2022-07-26,40.68589782714844,45.52000045776367,46.400001525878906,45.400001525878906,46.150001525878906,2175100
2022-07-27,41.87465286254883,46.849998474121094,46.93000030517578,45.68000030517578,45.68000030517578,5454300
2022-07-28,41.96403884887695,46.95000076293945,47.619998931884766,46.2400016784668,47.310001373291016,7782300
2022-07-29,43.1617317199707,48.290000915527344,48.97999954223633,46.45000076293945,46.86000061035156,7372600
2022-08-01,42.42881774902344,47.470001220703125,48.36000061035156,46.95000076293945,48.36000061035156,7127600
2022-08-02,42.77739715576172,47.86000061035156,48.59000015258789,47.40999984741211,47.650001525878906,4379000
2022-08-03,42.303680419921875,47.33000183105469,48.04999923706055,46.869998931884766,47.61000061035156,4451900
2022-08-04,42.16961669921875,47.18000030517578,47.68000030517578,46.689998626708984,47.68000030517578,4318300
2022-08-05,42.71482849121094,47.790000915527344,48.7599983215332,47.5,47.5,4252100
2022-08-08,43.42094039916992,48.58000183105469,48.95000076293945,47.7400016784668,48.36000061035156,4052900
2022-08-09,43.8588981628418,49.06999969482422,49.95000076293945,48.65999984741211,48.70000076293945,4046400
2022-08-10,43.814208984375,49.02000045776367,49.880001068115234,48.22999954223633,49.36000061035156,4541700
2022-08-11,44.19854736328125,49.45000076293945,50.08000183105469,49.209999084472656,49.58000183105469,3614400
2022-08-12,44.842079162597656,50.16999816894531,50.4900016784668,49.47999954223633,50.08000183105469,3781200
2022-08-15,43.68013381958008,48.869998931884766,49.959999084472656,48.45000076293945,49.779998779296875,6463300
2022-08-16,44.60969161987305,49.90999984741211,50.15999984741211,48.84000015258789,48.900001525878906,3761900
2022-08-17,45.58393859863281,51.0,51.400001525878906,49.54999923706055,49.790000915527344,7136500
2022-08-18,45.262168884277344,50.63999938964844,51.400001525878906,50.43000030517578,51.150001525878906,3253200
2022-08-19,44.66332244873047,49.970001220703125,50.63999938964844,49.72999954223633,50.529998779296875,4335600
2022-08-22,43.55500793457031,48.72999954223633,50.06999969482422,48.630001068115234,50.06999969482422,5876000
2022-08-23,44.252166748046875,49.5099983215332,50.279998779296875,48.150001525878906,48.709999084472656,4834400
2022-08-24,42.82208251953125,47.90999984741211,48.880001068115234,47.349998474121094,48.45000076293945,14335900
2022-08-25,42.29473876953125,47.31999969482422,48.599998474121094,46.9900016784668,48.33000183105469,8220500
2022-08-26,40.53395080566406,45.349998474121094,47.689998626708984,45.2599983215332,47.369998931884766,12994100
2022-08-29,40.480323791503906,45.290000915527344,46.20000076293945,45.119998931884766,45.599998474121094,5609200
2022-08-30,40.31943893432617,45.11000061035156,46.150001525878906,45.11000061035156,45.66999816894531,5003400
2022-08-31,39.5597038269043,44.2599983215332,45.63999938964844,44.2599983215332,45.59000015258789,6978400
2022-09-01,39.32731628417969,44.0,44.77000045776367,43.58000183105469,44.47999954223633,7728200
2022-09-02,38.898292541503906,43.52000045776367,44.599998474121094,43.2599983215332,44.220001220703125,7427100
2022-09-05,39.979793548583984,44.72999954223633,44.970001220703125,43.5,43.86000061035156,4036300
2022-09-06,40.2032470703125,44.97999954223633,45.4900016784668,44.20000076293945,44.20000076293945,6240500
2022-09-08,39.309444427490234,43.97999954223633,45.189998626708984,43.97999954223633,45.189998626708984,4745600
2022-09-09,40.31943893432617,45.11000061035156,45.33000183105469,44.0099983215332,44.290000915527344,3109800
2022-09-12,40.560768127441406,45.380001068115234,45.900001525878906,45.11000061035156,45.130001068115234,2290500
2022-09-13,39.61333465576172,44.31999969482422,45.90999984741211,44.29999923706055,45.47999954223633,5489100
2022-09-14,39.747406005859375,44.470001220703125,45.09000015258789,44.130001068115234,44.560001373291016,3581700
2022-09-15,39.17537307739258,43.83000183105469,44.709999084472656,43.83000183105469,44.599998474121094,3130900
2022-09-16,38.978736877441406,43.61000061035156,44.61000061035156,43.36000061035156,43.97999954223633,8641600
2022-09-19,39.452449798583984,44.13999938964844,44.34000015258789,43.040000915527344,43.79999923706055,3659500
2022-09-20,39.354129791259766,44.029998779296875,44.470001220703125,43.540000915527344,44.349998474121094,3909800
2022-09-21,38.71953582763672,43.31999969482422,44.5099983215332,43.29999923706055,44.20000076293945,5975300
2022-09-22,39.47926712036133,44.16999816894531,44.38999938964844,43.150001525878906,43.900001525878906,4797500
2022-09-23,38.02236557006836,42.540000915527344,43.90999984741211,42.150001525878906,43.70000076293945,5775300
2022-09-26,37.950862884521484,42.459999084472656,42.86000061035156,41.900001525878906,42.439998626708984,5381500
2022-09-27,38.72846984863281,43.33000183105469,44.77000045776367,42.779998779296875,43.209999084472656,7517600
2022-09-28,38.88041305541992,43.5,44.099998474121094,43.119998931884766,43.540000915527344,3725200
2022-09-29,38.63909149169922,43.22999954223633,43.65999984741211,42.90999984741211,43.18000030517578,4812100
2022-09-30,39.77422332763672,44.5,44.70000076293945,42.959999084472656,43.33000183105469,7160600
2022-10-03,40.587581634521484,45.40999984741211,45.7400016784668,44.220001220703125,44.68000030517578,4401800
2022-10-04,40.90934371948242,45.77000045776367,46.7400016784668,45.54999923706055,46.20000076293945,6815600
2022-10-05,41.95509719848633,46.939998626708984,47.099998474121094,45.72999954223633,45.72999954223633,5396100
2022-10-06,41.794212341308594,46.7599983215332,47.2599983215332,46.65999984741211,47.06999969482422,2619400
2022-10-07,41.46350860595703,46.38999938964844,47.27000045776367,46.34000015258789,46.7599983215332,2403400
2022-10-10,43.12598419189453,48.25,48.459999084472656,46.31999969482422,46.650001525878906,4648400
2022-10-11,42.57182312011719,47.630001068115234,48.709999084472656,47.27000045776367,48.380001068115234,3754200
2022-10-13,42.71482849121094,47.790000915527344,48.16999816894531,46.68000030517578,47.65999984741211,4136000
2022-10-14,42.71482849121094,47.790000915527344,49.099998474121094,47.59000015258789,47.90999984741211,4254300
2022-10-17,44.180667877197266,49.43000030517578,49.7400016784668,47.83000183105469,47.86000061035156,4629400
2022-10-18,44.3862419128418,49.65999984741211,50.47999954223633,49.08000183105469,49.779998779296875,4854200
2022-10-19,43.99296569824219,49.220001220703125,50.06999969482422,48.959999084472656,49.90999984741211,3351200
2022-10-20,44.332611083984375,49.599998474121094,49.75,48.709999084472656,49.5,5175000
2022-10-21,44.413055419921875,49.689998626708984,49.939998626708984,48.52000045776367,49.540000915527344,4510700
2022-10-24,45.95933532714844,51.41999816894531,52.08000183105469,49.93000030517578,49.93000030517578,7534800
2022-10-25,46.504554748535156,52.029998779296875,52.47999954223633,51.65999984741211,51.9900016784668,7085500
2022-10-26,47.192779541015625,52.79999923706055,53.2599983215332,51.54999923706055,51.599998474121094,14058400
2022-10-27,47.47879409790039,53.119998931884766,53.47999954223633,51.880001068115234,53.29999923706055,7576800
2022-10-28,49.25746154785156,55.11000061035156,55.290000915527344,53.4900016784668,54.95000076293945,13843500
2022-10-31,47.55030059814453,53.20000076293945,55.400001525878906,52.81999969482422,55.13999938964844,9200600
2022-11-01,47.25534439086914,52.869998931884766,53.70000076293945,52.619998931884766,52.86000061035156,7011300
2022-11-03,48.19384002685547,53.91999816894531,54.0,51.720001220703125,53.0,4294300
2022-11-04,48.69437026977539,54.47999954223633,55.56999969482422,53.900001525878906,55.0,4114500
2022-11-07,49.14126968383789,54.97999954223633,55.31999969482422,53.619998931884766,54.4900016784668,6964400
2022-11-08,49.56135940551758,55.45000076293945,56.380001068115234,54.900001525878906,55.119998931884766,5420400
2022-11-09,49.26640701293945,55.119998931884766,56.2599983215332,54.7400016784668,55.279998779296875,3970000
2022-11-10,50.39259338378906,56.380001068115234,56.790000915527344,54.810001373291016,54.810001373291016,11591100
2022-11-11,52.06400680541992,58.25,59.209999084472656,56.2599983215332,56.5,10440100
2022-11-14,51.60817337036133,57.7400016784668,58.97999954223633,56.959999084472656,58.97999954223633,5699500
2022-11-16,52.37683868408203,58.599998474121094,59.2400016784668,57.5099983215332,57.72999954223633,12822400
2022-11-17,51.786922454833984,57.939998626708984,59.880001068115234,57.529998779296875,58.459999084472656,8463800
2022-11-18,51.45622253417969,57.56999969482422,58.04999923706055,56.22999954223633,57.209999084472656,10485000
2022-11-21,49.981441497802734,55.91999816894531,57.83000183105469,55.349998474121094,57.83000183105469,11439600
2022-11-22,50.12445831298828,56.08000183105469,56.97999954223633,55.59000015258789,55.959999084472656,6942400
2022-11-23,49.79374313354492,55.709999084472656,56.720001220703125,55.209999084472656,56.31999969482422,5571100
2022-11-24,50.008262634277344,55.95000076293945,56.310001373291016,54.9900016784668,55.81999969482422,2441100
2022-11-25,49.10551834106445,54.939998626708984,56.650001525878906,54.47999954223633,55.900001525878906,5962200
2022-11-28,49.10551834106445,54.939998626708984,55.34000015258789,54.099998474121094,55.099998474121094,3685700
2022-11-29,47.648624420166016,53.310001373291016,55.70000076293945,53.09000015258789,55.099998474121094,9078800
2022-11-30,47.505619049072266,53.150001525878906,53.849998474121094,52.29999923706055,53.439998626708984,12138600
2022-12-01,47.52348327636719,53.16999816894531,53.59000015258789,52.36000061035156,52.810001373291016,4314500
2022-12-02,45.923583984375,51.380001068115234,52.38999938964844,50.11000061035156,51.5,10509500
2022-12-05,46.93357849121094,52.5099983215332,52.709999084472656,51.310001373291016,51.65999984741211,6677400
2022-12-06,47.63968276977539,53.29999923706055,53.95000076293945,52.13999938964844,52.689998626708984,6055200
2022-12-07,47.41623306274414,53.04999923706055,53.79999923706055,52.2599983215332,53.689998626708984,4844200
2022-12-08,47.46092224121094,53.099998474121094,54.310001373291016,52.56999969482422,53.43000030517578,6093100
2022-12-09,49.150211334228516,54.9900016784668,55.099998474121094,52.779998779296875,53.540000915527344,4385300
2022-12-12,49.06082534790039,54.88999938964844,55.459999084472656,54.150001525878906,55.060001373291016,4564600
2022-12-13,45.90570831298828,51.36000061035156,55.06999969482422,51.119998931884766,54.95000076293945,12246200
2022-12-14,46.92464065551758,52.5,53.43000030517578,51.5,51.56999969482422,11648800
2022-12-15,46.27216339111328,51.77000045776367,52.630001068115234,51.0,51.08000183105469,5470200
2022-12-16,45.9682731628418,51.43000030517578,52.220001220703125,51.15999984741211,51.900001525878906,6340500
2022-12-19,45.2225456237793,48.83000183105469,50.34000015258789,48.33000183105469,49.900001525878906,5789900
2022-12-20,44.9539680480957,48.540000915527344,49.58000183105469,47.86000061035156,48.5099983215332,10860200
2022-12-21,44.83356857299805,48.40999984741211,49.119998931884766,47.880001068115234,49.0099983215332,13828800
2022-12-22,44.58351516723633,48.13999938964844,48.58000183105469,47.84000015258789,48.5,4631000
2022-12-23,43.37955856323242,46.84000015258789,47.93000030517578,46.5,47.720001220703125,7148400
2022-12-26,42.76831817626953,46.18000030517578,46.86000061035156,46.0,46.81999969482422,2785400
2022-12-27,43.99079895019531,47.5,47.65999984741211,46.29999923706055,46.40999984741211,4618000
2022-12-28,44.574256896972656,48.130001068115234,48.79999923706055,47.84000015258789,47.900001525878906,4013000
2022-12-29,44.67613220214844,48.2400016784668,48.56999969482422,47.630001068115234,48.369998931884766,4351800
2023-01-02,45.36145782470703,48.97999954223633,49.15999984741211,47.61000061035156,48.2400016784668,2981100
2023-01-03,46.16718292236328,49.849998474121094,49.849998474121094,48.41999816894531,48.599998474121094,6224500
2023-01-04,46.25979995727539,49.95000076293945,50.72999954223633,49.70000076293945,50.0,4347400
2023-01-05,46.54689407348633,50.2599983215332,50.66999816894531,49.709999084472656,49.959999084472656,4531200
2023-01-06,46.25053787231445,49.939998626708984,50.70000076293945,49.599998474121094,50.560001373291016,6782000
2023-01-09,46.87104034423828,50.61000061035156,50.9900016784668,49.709999084472656,49.75,3115600
2023-01-10,46.28757858276367,49.97999954223633,50.689998626708984,49.779998779296875,50.5099983215332,2988900
2023-01-11,45.61151123046875,49.25,50.04999923706055,48.47999954223633,50.04999923706055,6017500
2023-01-12,46.54689407348633,50.2599983215332,50.599998474121094,49.060001373291016,49.25,6502800
2023-01-13,46.70433807373047,50.43000030517578,51.060001373291016,49.900001525878906,50.34000015258789,4533300
2023-01-16,46.87104034423828,50.61000061035156,50.970001220703125,49.72999954223633,50.5099983215332,2662100
2023-01-17,47.43597412109375,51.220001220703125,51.68000030517578,50.2599983215332,50.70000076293945,8397000
2023-01-18,46.17644500732422,49.86000061035156,51.70000076293945,49.380001068115234,51.630001068115234,8008300
2023-01-19,45.69486618041992,49.34000015258789,50.63999938964844,49.130001068115234,49.86000061035156,4982800
2023-01-20,43.65739059448242,47.13999938964844,49.20000076293945,47.13999938964844,49.20000076293945,10725900
2023-01-23,43.50921630859375,46.97999954223633,47.83000183105469,46.70000076293945,47.09000015258789,7027000
2023-01-24,44.00006103515625,47.5099983215332,48.150001525878906,46.779998779296875,47.11000061035156,4969900
2023-01-25,43.314735412597656,46.77000045776367,47.38999938964844,46.31999969482422,47.18000030517578,5200800
2023-01-26,42.04594421386719,45.400001525878906,46.2599983215332,44.81999969482422,45.7599983215332,8842000
2023-01-27,41.74958419799805,45.08000183105469,45.560001373291016,44.150001525878906,45.20000076293945,9519200
2023-01-30,42.86092758178711,46.279998779296875,46.540000915527344,44.58000183105469,45.220001220703125,5977000
2023-01-31,42.93502426147461,46.36000061035156,47.33000183105469,45.97999954223633,46.619998931884766,6352900
2023-02-01,43.296207427978516,46.75,47.13999938964844,46.02000045776367,46.20000076293945,4120200
2023-02-02,41.69401550292969,45.02000045776367,46.75,44.709999084472656,46.349998474121094,8506500
2023-02-03,42.88871383666992,46.310001373291016,48.310001373291016,44.400001525878906,44.709999084472656,13947900
2023-02-06,42.564571380615234,45.959999084472656,46.63999938964844,45.79999923706055,46.630001068115234,5216600
2023-02-07,42.657188415527344,46.060001373291016,46.72999954223633,45.52000045776367,46.099998474121094,4399300
2023-02-08,42.5553092956543,45.95000076293945,46.220001220703125,45.720001220703125,46.13999938964844,3594400
2023-02-09,42.87944793701172,46.29999923706055,47.09000015258789,45.900001525878906,45.95000076293945,4547700
2023-02-10,42.97206497192383,46.400001525878906,46.599998474121094,45.97999954223633,46.099998474121094,2832200
2023-02-13,43.259159088134766,46.709999084472656,47.150001525878906,46.2400016784668,46.38999938964844,3844900
2023-02-14,43.48143005371094,46.95000076293945,47.52000045776367,46.400001525878906,46.720001220703125,6925400
2023-02-15,44.62056350708008,48.18000030517578,48.18000030517578,46.619998931884766,47.060001373291016,6688500
2023-02-16,44.231590270996094,47.7599983215332,48.84000015258789,47.400001525878906,48.18000030517578,5488500
2023-02-17,43.490692138671875,46.959999084472656,48.22999954223633,46.599998474121094,47.77000045776367,3877300
2023-02-22,42.63866424560547,46.040000915527344,46.65999984741211,45.720001220703125,46.65999984741211,3791400
2023-02-23,42.740535736083984,46.150001525878906,46.68000030517578,45.720001220703125,45.939998626708984,1821800
2023-02-24,42.740535736083984,46.150001525878906,46.4900016784668,45.63999938964844,46.150001525878906,3122400
2023-02-27,42.916500091552734,46.34000015258789,46.79999923706055,46.02000045776367,46.150001525878906,1891700
2023-02-28,44.213069915771484,47.7400016784668,47.95000076293945,46.13999938964844,46.13999938964844,5470300
2023-03-01,43.314735412597656,46.77000045776367,48.43000030517578,45.7599983215332,48.09000015258789,7406800
2023-03-02,43.249900817871094,46.70000076293945,47.7599983215332,46.560001373291016,46.810001373291016,4397500
2023-03-03,44.63908767700195,48.20000076293945,48.380001068115234,46.70000076293945,46.790000915527344,9987500
2023-03-06,44.2501106262207,47.779998779296875,48.68000030517578,47.41999816894531,48.380001068115234,5421300
2023-03-07,44.22233200073242,47.75,48.2400016784668,47.29999923706055,47.91999816894531,3577300
2023-03-08,43.93523025512695,47.439998626708984,48.09000015258789,47.0,47.90999984741211,4883200
2023-03-09,43.036895751953125,46.470001220703125,47.619998931884766,46.2599983215332,47.31999969482422,5103500
2023-03-10,41.740318298339844,45.06999969482422,46.650001525878906,45.0099983215332,46.380001068115234,5318900
2023-03-13,41.28652572631836,44.58000183105469,45.54999923706055,44.380001068115234,44.900001525878906,3928600
2023-03-14,41.647708892822266,44.970001220703125,45.29999923706055,44.58000183105469,44.709999084472656,3000100
2023-03-15,40.953121185302734,44.220001220703125,44.72999954223633,43.91999816894531,44.5099983215332,4386500
2023-03-16,40.7401123046875,43.9900016784668,44.97999954223633,43.84000015258789,44.29999923706055,3508700
2023-03-17,40.36966323852539,43.59000015258789,44.13999938964844,43.31999969482422,43.93000030517578,7159900
2023-03-20,40.036258697509766,43.22999954223633,43.849998474121094,42.88999938964844,43.72999954223633,2246700
2023-03-21,39.77694320678711,42.95000076293945,43.52000045776367,42.810001373291016,43.13999938964844,3103800
2023-03-22,39.71211624145508,42.880001068115234,43.380001068115234,42.68000030517578,42.83000183105469,2754200
2023-03-23,39.11940002441406,42.2400016784668,43.77000045776367,41.91999816894531,42.95000076293945,5575800
2023-03-24,39.480587005615234,42.630001068115234,42.84000015258789,41.849998474121094,42.34000015258789,4105500
2023-03-27,38.88786697387695,41.9900016784668,42.880001068115234,41.91999816894531,42.630001068115234,4360200
2023-03-28,39.15644454956055,42.279998779296875,42.79999923706055,41.939998626708984,42.099998474121094,2977900
2023-03-29,39.88807678222656,43.06999969482422,43.38999938964844,42.5,42.5,3955700
2023-03-30,39.86955261230469,43.04999923706055,44.0,42.849998474121094,43.70000076293945,5943600
2023-03-31,38.52667999267578,41.599998474121094,43.61000061035156,41.599998474121094,43.27000045776367,14261800
2023-04-03,39.58245849609375,42.7400016784668,42.86000061035156,41.40999984741211,41.79999923706055,6884200
2023-04-04,39.22126770019531,42.349998474121094,43.36000061035156,42.349998474121094,42.900001525878906,4745000
2023-04-05,37.952484130859375,40.97999954223633,42.619998931884766,40.36000061035156,42.43000030517578,11084000
2023-04-06,37.3782844543457,40.36000061035156,41.40999984741211,40.2599983215332,40.9900016784668,6208300
2023-04-10,38.10065841674805,41.13999938964844,41.560001373291016,39.900001525878906,40.25,4491400
2023-04-11,39.406494140625,42.54999923706055,42.65999984741211,41.27000045776367,41.27000045776367,7859000
2023-04-12,39.08235168457031,42.20000076293945,43.0,41.959999084472656,42.560001373291016,6321400
2023-04-13,38.25810241699219,41.310001373291016,42.459999084472656,41.150001525878906,42.290000915527344,7988400
2023-04-14,37.49868392944336,40.4900016784668,41.220001220703125,40.40999984741211,41.0,6878700
2023-04-17,37.47089767456055,40.459999084472656,40.720001220703125,40.060001373291016,40.5099983215332,5217800
2023-04-18,38.128448486328125,41.16999816894531,41.41999816894531,40.459999084472656,40.599998474121094,4333100
2023-04-19,38.14696502685547,41.189998626708984,41.790000915527344,40.959999084472656,41.20000076293945,4932800
2023-04-20,37.322723388671875,40.29999923706055,41.279998779296875,40.220001220703125,41.0,4829200
2023-04-24,36.73926544189453,39.66999816894531,40.209999084472656,39.0099983215332,40.0,9412300
2023-04-25,35.933536529541016,38.79999923706055,39.79999923706055,38.63999938964844,39.75,6623200
2023-04-26,35.43342971801758,38.2599983215332,39.2400016784668,38.25,39.02000045776367,10993300
2023-04-27,35.19264221191406,38.0,38.7599983215332,37.810001373291016,38.36000061035156,7234200
2023-04-28,36.859657287597656,39.79999923706055,39.880001068115234,37.150001525878906,37.54999923706055,22999700
2023-05-02,37.674644470214844,40.68000030517578,41.5,40.099998474121094,40.349998474121094,15230400
2023-05-03,37.13749694824219,40.099998474121094,41.630001068115234,40.04999923706055,40.970001220703125,10632800
2023-05-04,36.67443084716797,39.599998474121094,40.880001068115234,39.529998779296875,40.119998931884766,8844700
2023-05-05,38.53594207763672,41.61000061035156,41.97999954223633,39.7599983215332,40.0,11447900
2023-05-08,38.776729583740234,41.869998931884766,42.45000076293945,41.650001525878906,41.75,9030600
2023-05-09,38.43406677246094,41.5,41.970001220703125,41.349998474121094,41.560001373291016,4728300
2023-05-10,38.61003112792969,41.689998626708984,41.970001220703125,41.209999084472656,41.70000076293945,6433400
2023-05-11,38.49889373779297,41.56999969482422,41.939998626708984,40.86000061035156,41.7599983215332,10242800
2023-05-12,39.304622650146484,42.439998626708984,42.810001373291016,41.09000015258789,41.380001068115234,10181600
2023-05-15,39.73990249633789,42.90999984741211,43.81999969482422,42.599998474121094,42.77000045776367,5975200
2023-05-16,40.48079299926758,43.709999084472656,43.849998474121094,42.81999969482422,42.91999816894531,7694300
2023-05-17,40.49931716918945,43.72999954223633,44.5099983215332,43.63999938964844,44.150001525878906,5387300
2023-05-18,41.9996337890625,45.349998474121094,45.470001220703125,44.13999938964844,44.20000076293945,9660700
2023-05-19,42.0644645690918,45.41999816894531,45.97999954223633,45.09000015258789,45.599998474121094,7789600
2023-05-22,41.84219741821289,45.18000030517578,45.900001525878906,45.060001373291016,45.619998931884766,3412000
2023-05-23,42.471961975097656,45.86000061035156,47.560001373291016,45.86000061035156,46.849998474121094,11779200
2023-05-24,41.29578399658203,44.59000015258789,45.5,44.459999084472656,45.5,5916400
2023-05-25,40.860504150390625,44.119998931884766,45.099998474121094,44.09000015258789,44.83000183105469,5183100
2023-05-26,41.9996337890625,45.349998474121094,45.70000076293945,44.619998931884766,44.630001068115234,3857200
2023-05-29,42.02742385864258,45.380001068115234,45.81999969482422,45.15999984741211,45.66999816894531,1394400
2023-05-30,41.786624908447266,45.119998931884766,46.099998474121094,44.83000183105469,45.93000030517578,4525700
2023-05-31,41.47174835205078,44.779998779296875,45.7400016784668,44.779998779296875,45.38999938964844,7379200
2023-06-01,41.67549514770508,45.0,45.18000030517578,44.5099983215332,45.02000045776367,11094200
2023-06-02,42.99058151245117,46.41999816894531,46.900001525878906,45.22999954223633,45.310001373291016,8920100
2023-06-05,43.351776123046875,46.810001373291016,47.43000030517578,46.27000045776367,47.04999923706055,4688600
2023-06-06,43.47216796875,46.939998626708984,47.209999084472656,46.43000030517578,46.75,5521700
2023-06-07,42.444175720214844,45.83000183105469,47.310001373291016,45.779998779296875,47.29999923706055,8261400
2023-06-09,41.897762298583984,45.2400016784668,46.22999954223633,45.09000015258789,46.22999954223633,8779200
2023-06-12,43.249900817871094,46.70000076293945,46.849998474121094,45.22999954223633,45.529998779296875,4914600
2023-06-13,43.57404327392578,47.04999923706055,47.40999984741211,46.45000076293945,46.81999969482422,5613000
2023-06-14,43.2036018371582,46.650001525878906,48.2400016784668,46.380001068115234,47.5,12879100
2023-06-15,44.768741607666016,48.34000015258789,48.79999923706055,46.0,46.650001525878906,13590400
2023-06-16,44.73169708251953,48.29999923706055,48.52000045776367,47.66999816894531,48.040000915527344,12730200
2023-06-19,44.176025390625,47.70000076293945,48.43000030517578,47.369998931884766,48.150001525878906,3519600
2023-06-20,43.93523025512695,47.439998626708984,47.66999816894531,46.86000061035156,47.619998931884766,4584800
2023-06-21,43.0461540222168,46.47999954223633,47.5099983215332,46.209999084472656,47.45000076293945,6656500
2023-06-22,42.471961975097656,45.86000061035156,46.439998626708984,45.5099983215332,46.220001220703125,4521700
2023-06-23,42.546051025390625,45.939998626708984,46.09000015258789,45.119998931884766,45.95000076293945,5267200
2023-06-26,42.24043273925781,45.61000061035156,46.349998474121094,45.540000915527344,46.02000045776367,5413900
2023-06-27,41.527313232421875,44.84000015258789,45.93000030517578,44.59000015258789,45.79999923706055,4887600
2023-06-28,40.90681457519531,44.16999816894531,45.65999984741211,44.15999984741211,44.869998931884766,5745000
2023-06-29,40.795677185058594,44.04999923706055,44.43000030517578,43.560001373291016,44.189998626708984,4579600
2023-06-30,40.953121185302734,44.220001220703125,44.61000061035156,43.599998474121094,44.29999923706055,6388400
2023-07-03,40.953121185302734,44.220001220703125,45.4900016784668,44.0,44.310001373291016,11751000
2023-07-04,41.42544174194336,44.72999954223633,44.869998931884766,43.97999954223633,44.20000076293945,3589300
2023-07-05,41.1661262512207,44.45000076293945,45.15999984741211,44.150001525878906,44.599998474121094,4421400
2023-07-06,40.85124588012695,44.11000061035156,44.650001525878906,43.84000015258789,44.189998626708984,3641000
2023-07-07,41.22169494628906,44.5099983215332,45.130001068115234,44.08000183105469,44.099998474121094,3963800
2023-07-10,40.77715301513672,44.029998779296875,44.47999954223633,43.91999816894531,44.369998931884766,2351300
2023-07-11,40.795677185058594,44.04999923706055,44.2599983215332,43.68000030517578,44.0,7098300
2023-07-12,40.91607666015625,44.18000030517578,44.5,43.90999984741211,44.38999938964844,2535400
2023-07-13,41.092037200927734,44.369998931884766,44.959999084472656,44.189998626708984,44.31999969482422,3682600
2023-07-14,41.25873947143555,44.54999923706055,44.65999984741211,44.150001525878906,44.41999816894531,2817500
2023-07-17,41.11982345581055,44.400001525878906,45.09000015258789,44.220001220703125,44.72999954223633,3658900
2023-07-18,41.277259826660156,44.56999969482422,44.79999923706055,44.15999984741211,44.5,2873700
2023-07-19,40.25852966308594,43.470001220703125,44.66999816894531,43.279998779296875,44.66999816894531,4265800
2023-07-20,40.42523193359375,43.650001525878906,43.970001220703125,43.5,43.54999923706055,2331800
2023-07-21,40.8049430847168,44.060001373291016,44.11000061035156,43.290000915527344,43.599998474121094,3117200
2023-07-24,41.69401550292969,45.02000045776367,45.060001373291016,43.599998474121094,43.91999816894531,6572700
2023-07-25,41.88850021362305,45.22999954223633,45.84000015258789,44.810001373291016,45.15999984741211,3793300
2023-07-26,43.036895751953125,46.470001220703125,46.650001525878906,44.81999969482422,44.81999969482422,6172200
2023-07-27,43.71296691894531,47.20000076293945,47.40999984741211,46.29999923706055,46.529998779296875,3697200
2023-07-28,43.722225189208984,47.209999084472656,47.310001373291016,46.41999816894531,47.2599983215332,3185200
2023-07-31,44.5186882019043,48.06999969482422,48.61000061035156,47.34000015258789,47.38999938964844,4602700
2023-08-01,44.805789947509766,48.380001068115234,48.880001068115234,47.93000030517578,48.11000061035156,3313900
2023-08-02,44.35198211669922,47.88999938964844,48.369998931884766,47.66999816894531,48.369998931884766,3593800
2023-08-03,45.97269821166992,49.63999938964844,50.470001220703125,48.06999969482422,48.400001525878906,9066500
2023-08-04,46.556156158447266,50.27000045776367,51.5,49.25,49.45000076293945,7809700
2023-08-07,46.787689208984375,50.52000045776367,51.0,50.18000030517578,50.650001525878906,3423500
2023-08-08,46.0745735168457,49.75,50.4900016784668,49.41999816894531,50.4900016784668,3685900
2023-08-09,45.65781784057617,49.29999923706055,49.79999923706055,48.470001220703125,49.70000076293945,4228500
2023-08-10,45.704124450683594,49.349998474121094,49.91999816894531,49.189998626708984,49.4900016784668,2944100
2023-08-11,46.46354293823242,50.16999816894531,50.400001525878906,49.310001373291016,49.45000076293945,6156500
2023-08-14,47.15813446044922,50.91999816894531,51.04999923706055,49.709999084472656,50.470001220703125,4093400
2023-08-15,46.3431510925293,50.040000915527344,51.400001525878906,49.83000183105469,51.400001525878906,2642800
2023-08-16,46.222755432128906,49.90999984741211,50.849998474121094,49.439998626708984,50.0,7729200
2023-08-17,46.67655563354492,50.400001525878906,50.849998474121094,49.81999969482422,50.22999954223633,6934400
2023-08-18,46.93586730957031,50.68000030517578,51.5,50.15999984741211,50.599998474121094,6488800
2023-08-21,46.380191802978516,50.08000183105469,50.84000015258789,49.83000183105469,50.61000061035156,2604300
2023-08-22,46.16718292236328,49.849998474121094,50.380001068115234,49.5,50.290000915527344,2747500
2023-08-23,45.824520111083984,49.47999954223633,49.91999816894531,49.13999938964844,49.83000183105469,3725900
2023-08-24,45.704124450683594,49.349998474121094,49.63999938964844,48.810001373291016,49.63999938964844,2701500
2023-08-25,46.213497161865234,49.900001525878906,50.130001068115234,49.119998931884766,49.119998931884766,2537500
2023-08-28,46.58394241333008,50.29999923706055,50.369998931884766,49.560001373291016,49.86000061035156,3118600
2023-08-29,47.37114715576172,51.150001525878906,51.189998626708984,50.29999923706055,50.29999923706055,2057400
2023-08-30,47.07478713989258,50.83000183105469,51.880001068115234,50.68000030517578,51.150001525878906,3203000
2023-08-31,46.44502258300781,50.150001525878906,51.20000076293945,50.150001525878906,50.810001373291016,4716300
2023-09-01,47.3248405456543,51.099998474121094,51.369998931884766,50.31999969482422,50.31999969482422,4230000
2023-09-04,47.204444885253906,50.970001220703125,51.470001220703125,50.650001525878906,50.93000030517578,1782800
2023-09-05,46.926605224609375,50.66999816894531,51.38999938964844,50.439998626708984,51.04999923706055,2868800
2023-09-06,46.17644500732422,49.86000061035156,50.97999954223633,49.77000045776367,50.81999969482422,3110200
2023-09-08,45.19475173950195,48.79999923706055,49.060001373291016,47.47999954223633,48.63999938964844,6714800
2023-09-11,46.2783203125,49.970001220703125,50.349998474121094,48.459999084472656,48.880001068115234,5473700
2023-09-12,46.556156158447266,50.27000045776367,50.5,49.79999923706055,49.959999084472656,2366000
2023-09-13,46.537635803222656,50.25,50.58000183105469,49.66999816894531,50.04999923706055,3821000
2023-09-14,47.44523239135742,51.22999954223633,51.459999084472656,50.09000015258789,50.220001220703125,6339200
2023-09-15,48.649192810058594,52.529998779296875,52.66999816894531,51.08000183105469,51.38999938964844,11768300
2023-09-18,48.204654693603516,52.04999923706055,52.79999923706055,51.79999923706055,52.4900016784668,3344100
2023-09-19,48.88071823120117,52.779998779296875,52.790000915527344,51.59000015258789,52.04999923706055,4105100
2023-09-20,50.834842681884766,54.88999938964844,54.91999816894531,52.7599983215332,52.779998779296875,12351000
2023-09-21,51.872093200683594,56.0099983215332,56.54999923706055,54.400001525878906,54.599998474121094,24229700
2023-09-22,51.288639068603516,55.380001068115234,56.900001525878906,55.220001220703125,56.27000045776367,5176900
2023-09-25,51.131202697753906,55.209999084472656,56.040000915527344,55.0,55.54999923706055,5081500
2023-09-26,50.343997955322266,54.36000061035156,55.290000915527344,54.0,55.2599983215332,7515800
2023-09-27,50.07542037963867,54.06999969482422,54.790000915527344,53.720001220703125,54.75,5864400
2023-09-28,49.853153228759766,53.83000183105469,54.43000030517578,53.13999938964844,54.06999969482422,5702100
2023-09-29,50.26990509033203,54.279998779296875,55.099998474121094,53.97999954223633,55.0,5343100
2023-10-02,50.21434020996094,54.220001220703125,54.59000015258789,53.880001068115234,54.099998474121094,2162100
2023-10-03,51.19602584838867,55.279998779296875,56.150001525878906,54.939998626708984,55.56999969482422,6852900
2023-10-04,50.93671417236328,55.0,55.959999084472656,54.650001525878906,55.16999816894531,5216600
2023-10-05,51.17750549316406,55.2599983215332,55.470001220703125,54.540000915527344,55.040000915527344,3314100
2023-10-06,52.04806137084961,56.20000076293945,56.369998931884766,54.900001525878906,55.0099983215332,7272700
2023-10-09,52.51112365722656,56.70000076293945,56.7599983215332,55.70000076293945,56.029998779296875,5389700
2023-10-10,52.27959442138672,56.45000076293945,56.88999938964844,56.29999923706055,56.459999084472656,5551500
2023-10-11,52.46481704711914,56.650001525878906,56.7400016784668,56.130001068115234,56.470001220703125,3654000
2023-10-13,54.23371505737305,58.560001373291016,59.04999923706055,57.349998474121094,57.349998474121094,14322900
2023-10-16,53.131622314453125,57.369998931884766,58.61000061035156,57.189998626708984,58.560001373291016,8275800
2023-10-17,53.22423553466797,57.470001220703125,58.5,56.27000045776367,57.29999923706055,11036800
2023-10-18,51.936927795410156,56.08000183105469,57.400001525878906,55.630001068115234,57.18000030517578,5957500
2023-10-19,51.84431457519531,55.97999954223633,56.58000183105469,55.689998626708984,56.119998931884766,3437000
2023-10-20,50.8441047668457,54.900001525878906,55.88999938964844,54.45000076293945,55.63999938964844,7551600
2023-10-23,50.38104248046875,54.400001525878906,55.06999969482422,53.970001220703125,54.540000915527344,4812300
2023-10-24,48.630672454833984,52.5099983215332,53.650001525878906,51.880001068115234,53.63999938964844,11999400
2023-10-25,48.71402359008789,52.599998474121094,53.279998779296875,52.2599983215332,52.290000915527344,5051500
2023-10-26,48.815895080566406,52.709999084472656,53.27000045776367,51.79999923706055,53.15999984741211,5220900
2023-10-27,48.08425521850586,51.91999816894531,53.540000915527344,51.25,52.900001525878906,23690900
2023-10-30,47.83420944213867,51.650001525878906,52.380001068115234,51.38999938964844,52.060001373291016,4805400
2023-10-31,47.76011657714844,51.56999969482422,52.7400016784668,51.5,51.70000076293945,7381900
2023-11-01,47.648983001708984,51.45000076293945,51.88999938964844,51.29999923706055,51.43000030517578,4350500
2023-11-03,47.38040542602539,51.15999984741211,51.63999938964844,50.40999984741211,51.29999923706055,13549200
2023-11-06,48.05647659301758,51.88999938964844,52.279998779296875,51.380001068115234,51.43000030517578,4439600
2023-11-07,48.21391677856445,52.060001373291016,52.86000061035156,51.470001220703125,51.4900016784668,7443800
2023-11-08,49.53826904296875,53.4900016784668,53.88999938964844,52.09000015258789,52.18000030517578,5547800
2023-11-09,49.482704162597656,53.43000030517578,53.790000915527344,52.880001068115234,53.599998474121094,4390300
2023-11-10,50.603309631347656,54.63999938964844,54.88999938964844,53.40999984741211,53.599998474121094,4294700
2023-11-13,50.103206634521484,54.099998474121094,55.119998931884766,53.59000015258789,54.5,4251600
2023-11-14,48.62141036987305,52.5,54.43000030517578,52.5,54.08000183105469,11044300
2023-11-16,49.45492172241211,53.400001525878906,53.56999969482422,52.529998779296875,52.83000183105469,7903100
2023-11-17,49.02890396118164,52.939998626708984,54.220001220703125,52.939998626708984,53.47999954223633,9329200
2023-11-20,48.991859436035156,52.900001525878906,53.709999084472656,52.459999084472656,53.59000015258789,4382700
2023-11-21,49.06594467163086,52.97999954223633,53.47999954223633,52.56999969482422,52.650001525878906,3226300
2023-11-22,49.482704162597656,53.43000030517578,53.43000030517578,52.75,53.0,2958600
2023-11-23,49.82537078857422,53.79999923706055,54.119998931884766,53.209999084472656,53.279998779296875,1322500
2023-11-24,49.519752502441406,53.470001220703125,54.119998931884766,53.0,53.7599983215332,2387300
2023-11-27,49.7790641784668,53.75,54.099998474121094,53.400001525878906,53.66999816894531,2840500
2023-11-28,49.40861511230469,53.349998474121094,54.04999923706055,52.88999938964844,53.72999954223633,2929200
2023-11-29,50.242122650146484,54.25,54.25,52.84000015258789,53.599998474121094,4271000
2023-11-30,49.806846618652344,53.779998779296875,54.540000915527344,52.43000030517578,54.2599983215332,8846800
2023-12-01,47.93608093261719,51.7599983215332,53.869998931884766,51.369998931884766,53.400001525878906,18398600
2023-12-04,47.963863372802734,51.790000915527344,52.45000076293945,51.7599983215332,51.79999923706055,6169600
2023-12-05,47.648983001708984,51.45000076293945,52.040000915527344,51.25,51.900001525878906,16349300
2023-12-06,47.297054290771484,51.06999969482422,51.84000015258789,51.02000045776367,51.400001525878906,16752800
2023-12-07,47.14887237548828,50.90999984741211,51.59000015258789,50.66999816894531,51.0099983215332,9633600
2023-12-08,48.118812561035156,50.77000045776367,51.029998779296875,49.72999954223633,50.040000915527344,4421900
2023-12-11,48.715911865234375,51.400001525878906,51.779998779296875,50.790000915527344,50.790000915527344,3377700
2023-12-12,48.298885345458984,50.959999084472656,51.369998931884766,50.5,51.09000015258789,2162800
2023-12-13,49.14241027832031,51.849998474121094,52.060001373291016,50.95000076293945,51.2400016784668,4444500
2023-12-14,49.67316818237305,52.40999984741211,52.599998474121094,51.65999984741211,52.150001525878906,5219600
2023-12-15,49.881683349609375,52.630001068115234,53.459999084472656,52.310001373291016,52.40999984741211,7856900
2023-12-18,49.80585861206055,52.54999923706055,52.849998474121094,52.060001373291016,52.65999984741211,4034800
2023-12-19,50.20392990112305,52.970001220703125,53.43000030517578,52.560001373291016,52.61000061035156,3756000
2023-12-20,51.08536148071289,53.900001525878906,54.59000015258789,52.70000076293945,52.70000076293945,4724500
2023-12-21,51.60663986206055,54.45000076293945,54.779998779296875,53.900001525878906,54.11000061035156,2668100
2023-12-22,52.071048736572266,54.939998626708984,55.439998626708984,54.349998474121094,54.4900016784668,3262400
2023-12-26,52.33643341064453,55.220001220703125,56.02000045776367,54.810001373291016,54.81999969482422,2092500
2023-12-27,52.649200439453125,55.54999923706055,55.63999938964844,54.959999084472656,55.209999084472656,2579700
2023-12-28,52.72502517700195,55.630001068115234,55.939998626708984,55.41999816894531,55.41999816894531,2560700
2024-01-02,52.2606086730957,55.13999938964844,56.290000915527344,54.720001220703125,55.70000076293945,2961200
2024-01-03,52.554420471191406,55.45000076293945,55.79999923706055,54.7599983215332,54.79999923706055,3343500
2024-01-04,51.7582893371582,54.61000061035156,55.689998626708984,54.560001373291016,55.45000076293945,1914500
2024-01-05,51.2275276184082,54.04999923706055,54.54999923706055,53.7599983215332,54.290000915527344,2229700
2024-01-08,51.89097213745117,54.75,54.75,53.349998474121094,53.709999084472656,2529400
2024-01-09,51.25596618652344,54.08000183105469,54.81999969482422,53.97999954223633,54.470001220703125,2987300
2024-01-10,50.962154388427734,53.77000045776367,54.290000915527344,53.72999954223633,54.2400016784668,2025300
2024-01-11,51.331787109375,54.15999984741211,54.369998931884766,53.209999084472656,53.849998474121094,3879800
2024-01-12,50.782073974609375,53.58000183105469,55.22999954223633,53.4900016784668,54.47999954223633,3194900
2024-01-15,51.04745101928711,53.86000061035156,54.04999923706055,53.41999816894531,53.61000061035156,1117900
2024-01-16,50.15653991699219,52.91999816894531,53.849998474121094,52.869998931884766,53.70000076293945,3500000
2024-01-17,49.94802474975586,52.70000076293945,53.130001068115234,52.599998474121094,52.709999084472656,2590700
2024-01-18,48.8391227722168,51.529998779296875,52.9900016784668,51.529998779296875,52.720001220703125,3416400
2024-01-19,49.09502029418945,51.79999923706055,51.91999816894531,50.97999954223633,51.54999923706055,6574400
2024-01-22,48.9718132019043,51.66999816894531,52.06999969482422,51.41999816894531,51.91999816894531,1977100
2024-01-23,49.379356384277344,52.099998474121094,52.2400016784668,51.470001220703125,51.970001220703125,2831000
2024-01-24,49.16136932373047,51.869998931884766,52.790000915527344,51.709999084472656,52.5099983215332,2154600
2024-01-25,49.14241027832031,51.849998474121094,52.5,51.810001373291016,51.849998474121094,1893900
2024-01-26,50.147064208984375,52.90999984741211,53.16999816894531,51.88999938964844,51.91999816894531,3083300
2024-01-29,48.147239685058594,50.79999923706055,52.2400016784668,50.310001373291016,52.02000045776367,12405500
2024-01-30,49.379356384277344,52.099998474121094,52.2599983215332,50.52000045776367,50.529998779296875,4891900
2024-01-31,48.92442321777344,51.619998931884766,52.70000076293945,51.56999969482422,52.29999923706055,4140500
2024-02-01,48.43157196044922,51.099998474121094,52.119998931884766,51.0099983215332,51.619998931884766,3185500
2024-02-02,48.65904235839844,51.34000015258789,51.68000030517578,50.709999084472656,51.189998626708984,4085700
2024-02-05,49.04763412475586,51.75,51.970001220703125,51.0,51.0,2717700
2024-02-06,50.9052848815918,53.709999084472656,53.7400016784668,51.619998931884766,51.619998931884766,4805100
2024-02-07,50.89580535888672,53.70000076293945,54.08000183105469,53.22999954223633,53.779998779296875,6156300
2024-02-08,50.65886306762695,53.45000076293945,54.18000030517578,53.029998779296875,53.79999923706055,5681200
2024-02-09,49.94802474975586,52.70000076293945,53.77000045776367,52.41999816894531,53.5,4039700
2024-02-14,49.52152633666992,52.25,52.939998626708984,52.08000183105469,52.779998779296875,1912000
2024-02-15,49.6068229675293,52.34000015258789,52.439998626708984,51.77000045776367,52.25,2141800
2024-02-16,50.279747009277344,53.04999923706055,53.47999954223633,52.11000061035156,52.43000030517578,3225500
2024-02-19,50.27027130126953,53.040000915527344,53.290000915527344,52.22999954223633,52.900001525878906,1747600
2024-02-20,51.05693054199219,53.869998931884766,54.13999938964844,52.52000045776367,52.79999923706055,2995100
2024-02-21,52.38382339477539,55.27000045776367,55.36000061035156,53.02000045776367,53.560001373291016,4560400
2024-02-22,52.829280853271484,55.7400016784668,56.47999954223633,55.119998931884766,55.31999969482422,4826800
2024-02-23,52.38382339477539,55.27000045776367,56.33000183105469,54.84000015258789,56.0,3137200
2024-02-26,53.18943405151367,56.119998931884766,56.150001525878906,54.93000030517578,55.40999984741211,3560300
2024-02-27,53.852882385253906,56.81999969482422,57.65999984741211,55.86000061035156,56.400001525878906,6101800
2024-02-28,54.38364028930664,57.380001068115234,58.040000915527344,56.54999923706055,56.7599983215332,5853500
2024-02-29,53.40742492675781,56.349998474121094,57.79999923706055,56.2400016784668,57.380001068115234,8696600
2024-03-01,54.48789596557617,57.4900016784668,57.630001068115234,56.400001525878906,56.45000076293945,7527400
2024-03-04,55.39776611328125,58.45000076293945,58.54999923706055,57.38999938964844,57.38999938964844,5250900
2024-03-05,55.511497497558594,58.56999969482422,58.97999954223633,57.90999984741211,58.45000076293945,3826500
2024-03-06,55.246116638183594,58.290000915527344,58.939998626708984,57.91999816894531,58.54999923706055,4607700
2024-03-07,55.74843978881836,58.81999969482422,58.959999084472656,57.59000015258789,57.93000030517578,4313700
2024-03-08,56.06121063232422,59.150001525878906,59.27000045776367,57.959999084472656,58.68000030517578,8208900
2024-03-11,55.511497497558594,58.56999969482422,59.540000915527344,58.29999923706055,58.720001220703125,5215800
2024-03-12,56.02330017089844,59.11000061035156,59.63999938964844,58.09000015258789,58.56999969482422,3892300
2024-03-13,56.32658767700195,59.43000030517578,59.77000045776367,58.790000915527344,59.060001373291016,3579200
2024-03-14,56.3929328918457,59.5,59.70000076293945,58.869998931884766,59.36000061035156,6073900
2024-03-15,57.62504577636719,60.79999923706055,61.0,59.369998931884766,59.47999954223633,9306200
2024-03-18,57.86199188232422,61.04999923706055,61.560001373291016,60.380001068115234,60.93000030517578,4163000
2024-03-19,59.5679931640625,62.849998474121094,63.29999923706055,61.25,61.25,7713100
2024-03-20,58.819252014160156,62.060001373291016,63.0,61.810001373291016,63.0,7167000
2024-03-21,58.800296783447266,62.040000915527344,63.0,61.56999969482422,62.54999923706055,6286700
2024-03-22,58.9045524597168,62.150001525878906,62.52000045776367,61.5099983215332,62.29999923706055,4652600
2024-03-25,58.402225494384766,61.619998931884766,62.29999923706055,61.40999984741211,62.150001525878906,4278700
2024-03-26,59.68172836303711,62.970001220703125,63.13999938964844,61.400001525878906,61.560001373291016,8470600
2024-03-27,60.468387603759766,63.79999923706055,63.95000076293945,62.93000030517578,63.04999923706055,5490100
2024-03-28,60.63898849487305,63.97999954223633,64.08000183105469,63.279998779296875,63.790000915527344,4550100
2024-04-01,61.501468658447266,64.88999938964844,65.30000305175781,64.0,64.0,5495900
2024-04-02,61.8237190246582,65.2300033569336,65.51000213623047,64.30000305175781,64.62000274658203,6264500
2024-04-03,61.22660827636719,64.5999984741211,65.4800033569336,64.08999633789062,64.83999633789062,4869600
2024-04-04,60.544212341308594,63.880001068115234,64.93000030517578,63.47999954223633,64.55000305175781,5533000
2024-04-05,59.530086517333984,62.810001373291016,63.7599983215332,62.220001220703125,63.54999923706055,4333900
2024-04-08,59.331050872802734,62.599998474121094,62.91999816894531,62.349998474121094,62.79999923706055,3183900
2024-04-09,59.0372428894043,62.290000915527344,63.290000915527344,61.66999816894531,62.599998474121094,6085100
2024-04-10,58.534915924072266,61.7599983215332,62.779998779296875,61.220001220703125,62.290000915527344,6957500
2024-04-11,58.01363754272461,61.209999084472656,61.650001525878906,61.02000045776367,61.220001220703125,6224200
2024-04-12,58.0041618347168,61.20000076293945,61.84000015258789,60.72999954223633,61.209999084472656,5587400
2024-04-15,57.86199188232422,61.04999923706055,61.79999923706055,60.400001525878906,61.20000076293945,7938000
2024-04-16,58.146324157714844,61.349998474121094,62.20000076293945,60.20000076293945,60.470001220703125,8783300
2024-04-17,57.634525299072266,60.810001373291016,61.77000045776367,60.63999938964844,61.25,4961700
2024-04-18,57.577659606933594,60.75,61.029998779296875,60.22999954223633,60.810001373291016,3993700
2024-04-19,58.01363754272461,61.209999084472656,61.599998474121094,60.40999984741211,60.75,5928700
2024-04-22,57.38810348510742,60.54999923706055,61.86000061035156,60.54999923706055,61.43000030517578,4774700
2024-04-23,56.98055648803711,60.119998931884766,60.59000015258789,59.93000030517578,60.36000061035156,4703600
2024-04-24,57.3975830078125,60.560001373291016,60.560001373291016,59.90999984741211,60.290000915527344,4435600
2024-04-25,56.77204895019531,59.900001525878906,60.93000030517578,59.779998779296875,60.18000030517578,5035900
2024-04-26,56.46875762939453,59.58000183105469,60.66999816894531,59.459999084472656,60.099998474121094,3972000
2024-04-29,55.82426452636719,58.900001525878906,59.65999984741211,58.54999923706055,59.58000183105469,5769400
2024-04-30,55.40724182128906,58.459999084472656,59.209999084472656,58.099998474121094,58.91999816894531,7417800
2024-05-02,55.92851638793945,59.0099983215332,59.400001525878906,58.5,59.040000915527344,4071800
2024-05-03,56.080162048339844,59.16999816894531,59.220001220703125,58.61000061035156,59.209999084472656,3740200
2024-05-06,56.37397384643555,59.47999954223633,59.810001373291016,58.880001068115234,59.25,2909600
2024-05-07,49.45518112182617,52.18000030517578,59.95000076293945,51.560001373291016,59.43000030517578,54329100
2024-05-08,49.58787155151367,52.31999969482422,54.22999954223633,52.20000076293945,53.220001220703125,31990400
2024-05-09,49.94802474975586,52.70000076293945,53.0,51.70000076293945,52.470001220703125,18830400
2024-05-10,49.000244140625,51.70000076293945,53.349998474121094,50.04999923706055,51.04999923706055,18100800
2024-05-13,48.052467346191406,50.70000076293945,51.84000015258789,50.119998931884766,51.7599983215332,16968300
2024-05-14,47.25632858276367,49.86000061035156,51.4900016784668,49.79999923706055,50.9900016784668,13127500
2024-05-15,47.900821685791016,50.540000915527344,51.09000015258789,49.709999084472656,49.83000183105469,16447400
2024-05-16,48.99076461791992,51.689998626708984,51.779998779296875,50.540000915527344,50.83000183105469,13118600
2024-05-17,48.76329803466797,51.45000076293945,51.720001220703125,50.959999084472656,51.369998931884766,10579800
2024-05-20,48.38418960571289,51.04999923706055,52.59000015258789,51.04999923706055,51.779998779296875,12534400
2024-05-21,46.58340835571289,49.150001525878906,50.61000061035156,48.900001525878906,50.4900016784668,17993400
2024-05-22,45.79674530029297,48.31999969482422,49.220001220703125,48.099998474121094,49.02000045776367,10540100
2024-05-23,47.483795166015625,50.099998474121094,50.900001525878906,47.7400016784668,48.59000015258789,22801000
2024-05-24,46.384368896484375,48.939998626708984,50.2400016784668,48.79999923706055,49.59000015258789,11280200
2024-05-27,46.44123840332031,49.0,49.47999954223633,48.650001525878906,49.47999954223633,2937600
2024-05-28,46.517066955566406,49.08000183105469,49.66999816894531,48.90999984741211,49.5,5988800
2024-05-29,46.70661544799805,49.279998779296875,49.70000076293945,48.5099983215332,48.93000030517578,5110500
2024-05-31,46.15690231323242,48.70000076293945,49.599998474121094,48.630001068115234,49.29999923706055,10491800
2024-06-03,44.649932861328125,47.11000061035156,48.79999923706055,46.869998931884766,48.70000076293945,11366300
2024-06-04,44.45090103149414,46.900001525878906,47.099998474121094,46.18000030517578,46.95000076293945,9333300
2024-06-05,44.20447540283203,46.63999938964844,46.93000030517578,46.380001068115234,46.849998474121094,7038900
2024-06-06,45.82518005371094,48.349998474121094,48.54999923706055,46.45000076293945,46.70000076293945,11158700
2024-06-07,46.109519958496094,48.650001525878906,50.119998931884766,48.119998931884766,48.689998626708984,10518800
2024-06-10,47.09520721435547,49.689998626708984,49.939998626708984,48.15999984741211,48.61000061035156,7443400
2024-06-11,46.365413665771484,48.91999816894531,49.79999923706055,48.869998931884766,49.79999923706055,5385500
2024-06-12,46.44123840332031,49.0,49.63999938964844,48.25,49.220001220703125,9232700
2024-06-13,46.22325134277344,48.77000045776367,49.38999938964844,48.75,49.099998474121094,4792700
2024-06-14,46.412803649902344,48.970001220703125,49.18000030517578,48.08000183105469,48.70000076293945,5535200
2024-06-17,45.97682189941406,48.5099983215332,48.97999954223633,48.349998474121094,48.900001525878906,3995800
2024-06-18,45.777793884277344,48.29999923706055,49.119998931884766,48.15999984741211,48.63999938964844,6186800
2024-06-19,46.185340881347656,48.72999954223633,48.72999954223633,47.849998474121094,48.209999084472656,4297300
2024-06-20,45.635623931884766,48.150001525878906,49.2400016784668,48.040000915527344,48.97999954223633,5243700
2024-06-21,46.299068450927734,48.849998474121094,49.130001068115234,47.91999816894531,48.150001525878906,13715200
2024-06-24,47.0383415222168,49.630001068115234,49.900001525878906,48.75,48.75,6228500
2024-06-25,47.10468673706055,49.70000076293945,50.2599983215332,49.5,49.75,4690200
2024-06-26,48.15672302246094,50.810001373291016,51.439998626708984,49.529998779296875,49.59000015258789,9525300
2024-06-27,54.02348327636719,57.0,59.09000015258789,56.5099983215332,59.09000015258789,35970500
2024-06-28,54.032958984375,57.0099983215332,57.560001373291016,56.22999954223633,57.5,14976500
2024-07-01,54.63954162597656,57.650001525878906,57.939998626708984,57.06999969482422,57.16999816894531,7509200
2024-07-02,54.5921516418457,57.599998474121094,58.09000015258789,57.060001373291016,57.5,7265800
2024-07-03,54.345726013183594,57.34000015258789,58.119998931884766,56.369998931884766,57.619998931884766,9695100
2024-07-04,54.02348327636719,57.0,57.72999954223633,56.0,57.72999954223633,9528500
2024-07-05,51.89097213745117,54.75,56.88999938964844,54.560001373291016,56.88999938964844,17055700
2024-07-08,50.44087600708008,53.220001220703125,54.689998626708984,53.13999938964844,54.619998931884766,13585700
2024-07-09,50.07123947143555,52.83000183105469,53.599998474121094,52.599998474121094,53.22999954223633,7561400
2024-07-10,49.711082458496094,52.45000076293945,53.08000183105469,52.04999923706055,52.95000076293945,8742400
2024-07-11,50.24183654785156,53.0099983215332,53.369998931884766,52.279998779296875,52.54999923706055,4254200
2024-07-12,49.56890869140625,52.29999923706055,53.560001373291016,52.040000915527344,53.04999923706055,6791700
2024-07-15,51.36969757080078,54.20000076293945,54.810001373291016,52.58000183105469,52.58000183105469,14250100
2024-07-16,51.331787109375,54.15999984741211,55.189998626708984,54.04999923706055,54.5,5570200
2024-07-17,51.34126281738281,54.16999816894531,54.91999816894531,53.86000061035156,53.90999984741211,5182800
2024-07-18,51.066410064697266,53.880001068115234,54.65999984741211,53.68000030517578,54.31999969482422,5815100
2024-07-19,50.801025390625,53.599998474121094,54.13999938964844,53.43000030517578,54.11000061035156,6235300
2024-07-22,50.497737884521484,53.279998779296875,53.939998626708984,52.720001220703125,53.650001525878906,7288300
2024-07-23,50.33662033081055,53.11000061035156,53.88999938964844,52.90999984741211,53.13999938964844,5380000
2024-07-24,50.26079559326172,53.029998779296875,53.470001220703125,52.72999954223633,53.220001220703125,5710100
2024-07-25,49.730037689208984,52.470001220703125,54.15999984741211,52.400001525878906,53.209999084472656,6972800
2024-07-26,49.085548400878906,51.790000915527344,52.59000015258789,51.66999816894531,52.5,8078500
2024-07-29,50.02384567260742,52.779998779296875,53.2599983215332,51.45000076293945,51.720001220703125,5174400
2024-07-30,50.630428314208984,53.41999816894531,53.72999954223633,52.18000030517578,52.79999923706055,7154700
2024-07-31,51.04745101928711,53.86000061035156,54.040000915527344,52.709999084472656,53.43000030517578,5640200
2024-08-01,50.99058151245117,53.79999923706055,54.66999816894531,53.34000015258789,53.7400016784668,5096700
2024-08-02,50.232357025146484,53.0,54.060001373291016,52.88999938964844,53.0,8273400
2024-08-05,50.26079559326172,53.029998779296875,53.15999984741211,51.709999084472656,52.13999938964844,5982900
2024-08-06,49.18032455444336,51.88999938964844,52.939998626708984,51.68000030517578,52.86000061035156,10699100
2024-08-07,49.47413635253906,52.20000076293945,52.77000045776367,51.33000183105469,51.790000915527344,6144300
2024-08-08,50.801025390625,53.599998474121094,54.08000183105469,51.720001220703125,51.900001525878906,7362100
2024-08-09,51.654029846191406,54.5,55.689998626708984,54.0099983215332,55.22999954223633,17574400
2024-08-12,51.549774169921875,54.38999938964844,54.93000030517578,53.810001373291016,54.5,6660000
2024-08-13,51.69194412231445,54.540000915527344,55.27000045776367,54.27000045776367,54.58000183105469,7419700
2024-08-14,51.84358596801758,54.70000076293945,55.0,54.36000061035156,54.5099983215332,6591400
2024-08-15,50.782073974609375,53.58000183105469,54.9900016784668,53.279998779296875,54.970001220703125,7691600
2024-08-16,51.56873321533203,54.40999984741211,54.5,53.5,53.5099983215332,7231900
2024-08-19,52.16583251953125,55.040000915527344,55.29999923706055,54.40999984741211,54.47999954223633,4617700
2024-08-20,52.95248794555664,55.869998931884766,56.130001068115234,54.880001068115234,55.099998474121094,5086000
2024-08-21,53.511680603027344,56.459999084472656,56.91999816894531,56.02000045776367,56.06999969482422,4709300
2024-08-22,53.46429443359375,56.40999984741211,57.09000015258789,56.0099983215332,56.439998626708984,4154500
2024-08-23,53.15152359008789,56.08000183105469,56.529998779296875,55.650001525878906,56.40999984741211,5096400
2024-08-26,52.298519134521484,55.18000030517578,56.380001068115234,55.060001373291016,56.20000076293945,6137000
2024-08-27,52.715545654296875,55.619998931884766,55.79999923706055,54.79999923706055,55.29999923706055,4179300
2024-08-28,53.15152359008789,56.08000183105469,56.2599983215332,55.400001525878906,55.5,4843700
2024-08-29,52.601810455322266,55.5,56.400001525878906,55.20000076293945,56.08000183105469,4555200
2024-08-30,52.1279182434082,55.0,55.90999984741211,54.72999954223633,55.34000015258789,11325400
2024-09-02,52.21322250366211,55.09000015258789,55.97999954223633,54.72999954223633,54.72999954223633,3703900
2024-09-03,51.73933029174805,54.59000015258789,55.11000061035156,54.11000061035156,54.86000061035156,4997200
2024-09-04,52.48807907104492,55.380001068115234,55.9900016784668,54.599998474121094,54.90999984741211,4691300
2024-09-05,52.3932991027832,55.279998779296875,55.470001220703125,54.5099983215332,55.099998474121094,4787200
2024-09-06,51.530818939208984,54.369998931884766,55.41999816894531,54.2400016784668,55.130001068115234,3791100
2024-09-09,51.29387664794922,54.119998931884766,54.650001525878906,54.0099983215332,54.36000061035156,2960100
2024-09-10,52.31747817993164,55.20000076293945,55.560001373291016,54.04999923706055,54.11000061035156,5435600
2024-09-11,52.24165344238281,55.119998931884766,55.45000076293945,54.58000183105469,55.16999816894531,6959100
2024-09-12,51.549774169921875,54.38999938964844,55.310001373291016,54.20000076293945,54.75,3523800
2024-09-13,51.45499801635742,54.290000915527344,54.97999954223633,54.15999984741211,54.38999938964844,2673700
2024-09-16,50.25131607055664,53.02000045776367,54.43000030517578,52.83000183105469,54.33000183105469,4498900
2024-09-17,50.50721740722656,53.290000915527344,53.540000915527344,52.529998779296875,52.83000183105469,3894100
2024-09-18,49.85324478149414,52.599998474121094,53.5099983215332,52.43000030517578,53.02000045776367,3951900
2024-09-19,49.8248176574707,52.56999969482422,52.900001525878906,52.38999938964844,52.5099983215332,5174600
2024-09-20,49.6068229675293,52.34000015258789,52.66999816894531,52.02000045776367,52.52000045776367,7148400
2024-09-23,48.952857971191406,51.650001525878906,52.099998474121094,51.16999816894531,52.04999923706055,7444900
2024-09-24,50.24183654785156,53.0099983215332,53.27000045776367,51.86000061035156,52.060001373291016,5524300
2024-09-25,49.436222076416016,52.15999984741211,53.06999969482422,52.15999984741211,52.86000061035156,3133800
2024-09-26,51.40760803222656,54.2400016784668,54.34000015258789,52.290000915527344,52.290000915527344,6674600
2024-09-27,51.54029846191406,54.380001068115234,54.93000030517578,53.939998626708984,54.02000045776367,4778500
2024-09-30,51.59716033935547,54.439998626708984,54.97999954223633,54.029998779296875,54.060001373291016,4823200
2024-10-01,52.02366638183594,54.88999938964844,55.189998626708984,54.459999084472656,54.5099983215332,5015400
2024-10-02,52.222694396972656,55.099998474121094,55.77000045776367,54.810001373291016,55.25,4127600
2024-10-03,51.98575210571289,54.849998474121094,54.939998626708984,54.13999938964844,54.439998626708984,3641300
2024-10-04,52.8387565612793,55.75,55.75,54.5,54.5,4004700
2024-10-07,52.876670837402344,55.790000915527344,56.380001068115234,55.40999984741211,55.79999923706055,3328500
2024-10-08,52.79136657714844,55.70000076293945,55.810001373291016,55.08000183105469,55.099998474121094,6838000
2024-10-09,51.54029846191406,54.380001068115234,55.70000076293945,54.33000183105469,55.31999969482422,6277700
2024-10-10,51.30335235595703,54.130001068115234,54.439998626708984,53.709999084472656,54.380001068115234,3863800
2024-10-11,51.36969757080078,54.20000076293945,55.25,53.86000061035156,54.130001068115234,5491800
2024-10-14,51.8341064453125,54.689998626708984,55.130001068115234,53.70000076293945,54.099998474121094,3669100
2024-10-15,51.862545013427734,54.720001220703125,54.86000061035156,54.09000015258789,54.560001373291016,4039000
2024-10-16,51.616119384765625,54.459999084472656,54.869998931884766,54.15999984741211,54.779998779296875,3973300
2024-10-17,52.13740158081055,55.0099983215332,55.34000015258789,53.79999923706055,54.20000076293945,4569200
2024-10-18,52.85771179199219,55.77000045776367,55.939998626708984,54.84000015258789,55.20000076293945,5181000
2024-10-21,53.33160400390625,56.27000045776367,56.959999084472656,55.54999923706055,55.58000183105469,6468700
2024-10-22,54.57319259643555,57.58000183105469,58.189998626708984,55.86000061035156,56.029998779296875,9250300
2024-10-23,54.544761657714844,57.54999923706055,58.209999084472656,57.25,57.52000045776367,4728500
2024-10-24,54.40259552001953,57.400001525878906,57.970001220703125,57.18000030517578,57.400001525878906,5484200
2024-10-25,55.919044494628906,59.0,59.91999816894531,58.18000030517578,58.29999923706055,11847600
2024-10-28,56.24129104614258,59.34000015258789,60.66999816894531,59.029998779296875,59.27000045776367,7574300
2024-10-29,56.449798583984375,59.560001373291016,59.88999938964844,59.06999969482422,59.4900016784668,5425200
2024-10-30,57.23645782470703,60.38999938964844,60.38999938964844,59.31999969482422,59.31999969482422,5863100
2024-10-31,56.648834228515625,59.77000045776367,60.880001068115234,59.58000183105469,60.209999084472656,7265200
2024-11-01,56.85734558105469,59.9900016784668,60.189998626708984,59.45000076293945,59.79999923706055,5955100
2024-11-04,56.8383903503418,59.970001220703125,60.150001525878906,59.5099983215332,60.0,4600300
2024-11-05,57.34071350097656,60.5,60.630001068115234,59.900001525878906,60.16999816894531,3881200
2024-11-06,56.3929328918457,59.5,61.40999984741211,59.20000076293945,60.0,7906400
2024-11-07,55.81478500366211,58.88999938964844,59.470001220703125,58.38999938964844,59.11000061035156,8987700
2024-11-08,55.35037612915039,58.400001525878906,59.029998779296875,57.650001525878906,59.029998779296875,5585800
2024-11-11,55.132381439208984,58.16999816894531,59.04999923706055,57.86000061035156,58.95000076293945,3401900
2024-11-12,56.279197692871094,59.380001068115234,59.40999984741211,58.099998474121094,58.16999816894531,5850600
2024-11-13,56.629878997802734,59.75,59.95000076293945,58.9900016784668,59.380001068115234,5120600
2024-11-14,57.38810348510742,60.54999923706055,60.88999938964844,59.470001220703125,60.880001068115234,9744300
2024-11-18,57.549224853515625,60.720001220703125,61.08000183105469,59.97999954223633,60.29999923706055,4396300
2024-11-19,57.24593734741211,60.400001525878906,60.97999954223633,60.27000045776367,60.61000061035156,2570600
2024-11-21,57.61557388305664,60.790000915527344,61.189998626708984,60.20000076293945,60.22999954223633,5655400
2024-11-22,57.530269622802734,60.70000076293945,61.34000015258789,60.310001373291016,60.790000915527344,3972300
2024-11-25,56.77204895019531,59.900001525878906,60.97999954223633,59.869998931884766,60.380001068115234,17136500
2024-11-26,56.20337677001953,59.29999923706055,60.18000030517578,58.720001220703125,60.06999969482422,8100500
2024-11-27,56.62040328979492,59.7400016784668,60.41999816894531,59.08000183105469,59.310001373291016,9004300
2024-11-28,58.316925048828125,61.529998779296875,61.97999954223633,59.400001525878906,59.59000015258789,9420500
2024-11-29,59.14149856567383,62.400001525878906,63.29999923706055,61.65999984741211,61.900001525878906,12601500
2024-12-02,58.85716247558594,62.099998474121094,62.93000030517578,61.529998779296875,62.060001373291016,7499400
2024-12-03,60.08927536010742,63.400001525878906,63.400001525878906,61.79999923706055,62.0,7581500
2024-12-04,61.65311813354492,65.05000305175781,65.3499984741211,64.12999725341797,64.19999694824219,9603900
2024-12-05,61.70050048828125,65.0999984741211,65.47000122070312,63.65999984741211,65.0199966430664,15465600
2024-12-06,62.01327133178711,65.43000030517578,65.66000366210938,64.5999984741211,65.0999984741211,6608800
2024-12-09,63.16956329345703,66.6500015258789,66.80999755859375,65.19999694824219,65.47000122070312,5458700
2024-12-10,61.236087799072266,64.61000061035156,66.81999969482422,64.51000213623047,66.79000091552734,7524400
2024-12-11,60.75271987915039,64.0999984741211,64.91000366210938,63.400001525878906,64.33999633789062,10275100
2024-12-12,59.710166931152344,63.0,63.790000915527344,62.36000061035156,62.849998474121094,9932300
2024-12-13,59.16044998168945,62.41999816894531,63.34000015258789,62.27000045776367,63.29999923706055,6271400
2024-12-16,60.53472900390625,63.869998931884766,64.20999908447266,62.41999816894531,62.900001525878906,9269100
2024-12-17,60.835548400878906,62.15999984741211,63.29999923706055,62.04999923706055,62.540000915527344,11330400
2024-12-18,60.29726791381836,61.61000061035156,62.61000061035156,61.220001220703125,62.08000183105469,10247500
2024-12-19,59.40665817260742,60.70000076293945,61.959999084472656,60.31999969482422,61.939998626708984,7667600
2024-12-20,58.349666595458984,59.619998931884766,60.04999923706055,59.16999816894531,60.0,14103300
2024-12-23,59.935150146484375,61.2400016784668,61.400001525878906,59.130001068115234,59.68000030517578,7450600
2024-12-26,60.620235443115234,61.939998626708984,62.16999816894531,61.15999984741211,61.5,4414200
2024-12-27,60.27769088745117,61.59000015258789,62.31999969482422,61.04999923706055,62.099998474121094,4316400
2024-12-30,60.46364212036133,61.779998779296875,62.25,61.70000076293945,61.900001525878906,4737600
2025-01-02,61.0704345703125,62.400001525878906,63.02000045776367,61.349998474121094,61.36000061035156,5787400
2025-01-03,61.34446716308594,62.68000030517578,63.540000915527344,62.400001525878906,62.5099983215332,8122000
2025-01-06,61.11936569213867,62.45000076293945,62.68000030517578,61.86000061035156,62.310001373291016,3577500
2025-01-07,60.69853210449219,62.02000045776367,62.5,61.310001373291016,62.439998626708984,5330800
2025-01-08,60.483219146728516,61.79999923706055,62.84000015258789,61.040000915527344,62.36000061035156,8023000
2025-01-09,60.160247802734375,61.470001220703125,62.290000915527344,61.20000076293945,61.459999084472656,3003700
2025-01-10,60.13088607788086,61.439998626708984,61.88999938964844,60.540000915527344,61.56999969482422,5157300
2025-01-13,60.75725173950195,62.08000183105469,62.70000076293945,61.290000915527344,61.38999938964844,3958400
2025-01-14,59.63175582885742,60.93000030517578,62.439998626708984,60.81999969482422,62.09000015258789,4942700
2025-01-15,59.78834533691406,61.09000015258789,61.810001373291016,59.93000030517578,61.810001373291016,5333700
2025-01-16,59.07390213012695,60.36000061035156,61.47999954223633,59.7400016784668,61.09000015258789,5717600
2025-01-17,60.95298767089844,62.279998779296875,62.400001525878906,60.2400016784668,60.70000076293945,7500200
2025-01-20,60.483219146728516,61.79999923706055,62.29999923706055,61.34000015258789,62.0,3212200
2025-01-21,61.0704345703125,62.400001525878906,62.599998474121094,61.650001525878906,62.029998779296875,3732500
2025-01-22,60.091739654541016,61.400001525878906,63.150001525878906,61.220001220703125,62.619998931884766,5029100
2025-01-23,61.4129753112793,62.75,63.060001373291016,61.290000915527344,61.290000915527344,5849200
2025-01-24,61.422760009765625,62.7599983215332,63.0099983215332,62.0099983215332,62.81999969482422,2748800
2025-01-27,61.745731353759766,63.09000015258789,63.400001525878906,62.349998474121094,62.7599983215332,4296900
2025-01-28,61.422760009765625,62.7599983215332,63.38999938964844,62.310001373291016,62.709999084472656,2937100
2025-01-29,60.87469482421875,62.20000076293945,63.31999969482422,62.11000061035156,63.06999969482422,4256300
2025-01-30,61.031288146972656,62.36000061035156,62.970001220703125,61.86000061035156,62.560001373291016,4598900
2025-01-31,61.04106903076172,62.369998931884766,62.81999969482422,61.83000183105469,62.56999969482422,4468900
2025-02-03,61.11936569213867,62.45000076293945,63.5099983215332,62.029998779296875,62.54999923706055,4002600
2025-02-04,58.64327621459961,59.91999816894531,62.709999084472656,59.88999938964844,62.45000076293945,6826300
2025-02-05,58.418174743652344,59.689998626708984,61.0099983215332,59.5,60.220001220703125,5385800
2025-02-06,58.809654235839844,60.09000015258789,60.220001220703125,59.599998474121094,59.70000076293945,2647400
2025-02-07,58.25179672241211,59.52000045776367,60.099998474121094,59.150001525878906,60.02000045776367,4356300
2025-02-10,58.085418701171875,59.349998474121094,60.099998474121094,58.83000183105469,60.0099983215332,3097900
2025-02-11,57.67436981201172,58.93000030517578,59.689998626708984,58.459999084472656,59.689998626708984,5277700
2025-02-12,56.734825134277344,57.970001220703125,58.77000045776367,57.400001525878906,58.70000076293945,6929700
2025-02-13,57.96797561645508,59.22999954223633,59.540000915527344,57.540000915527344,58.02000045776367,8209400
2025-02-14,57.596073150634766,58.849998474121094,59.599998474121094,57.650001525878906,59.34000015258789,7934600
2025-02-17,56.5782356262207,57.810001373291016,59.16999816894531,57.47999954223633,58.9900016784668,5918200
2025-02-18,56.470577239990234,57.70000076293945,58.220001220703125,57.34000015258789,58.02000045776367,7408000
2025-02-19,56.83269500732422,58.06999969482422,58.56999969482422,57.34000015258789,57.529998779296875,5830900
2025-02-20,56.44121551513672,57.66999816894531,58.130001068115234,57.470001220703125,58.06999969482422,4897100
2025-02-21,56.274837493896484,57.5,58.27000045776367,57.08000183105469,57.91999816894531,10051400
2025-02-24,55.81485366821289,57.029998779296875,57.849998474121094,56.88999938964844,57.54999923706055,3222800
2025-02-25,55.628902435302734,56.84000015258789,57.650001525878906,56.66999816894531,57.63999938964844,5713200
2025-02-26,55.82463836669922,57.040000915527344,57.349998474121094,56.7400016784668,57.20000076293945,4719000
2025-02-27,55.95186996459961,57.16999816894531,57.84000015258789,56.84000015258789,57.060001373291016,5154300
2025-02-28,55.11019515991211,56.310001373291016,57.279998779296875,56.04999923706055,56.959999084472656,7300300
2025-03-05,54.190223693847656,55.369998931884766,56.61000061035156,55.130001068115234,56.189998626708984,4952200
2025-03-06,53.98469543457031,55.15999984741211,55.849998474121094,54.689998626708984,55.63999938964844,5269600
2025-03-07,54.16086196899414,55.34000015258789,55.650001525878906,54.45000076293945,54.81999969482422,5896900
2025-03-10,54.40553665161133,55.59000015258789,55.689998626708984,54.68000030517578,55.0099983215332,4789500
2025-03-11,53.95533752441406,55.130001068115234,56.099998474121094,54.7400016784668,55.68000030517578,4690700
2025-03-12,53.583431243896484,54.75,55.349998474121094,54.47999954223633,55.150001525878906,4171200
2025-03-13,53.152809143066406,54.310001373291016,54.86000061035156,54.150001525878906,54.70000076293945,4006700
2025-03-14,52.98643112182617,54.13999938964844,54.68000030517578,53.970001220703125,54.54999923706055,6516300
2025-03-17,53.43662643432617,54.599998474121094,55.029998779296875,54.02000045776367,54.22999954223633,5510800
2025-03-18,53.837890625,55.0099983215332,55.0099983215332,54.20000076293945,54.599998474121094,5857400
2025-03-19,53.68130111694336,54.849998474121094,56.16999816894531,54.79999923706055,55.20000076293945,5521900
2025-03-20,54.65020751953125,55.84000015258789,56.27000045776367,54.7599983215332,54.91999816894531,8531700
2025-03-21,53.19195556640625,54.349998474121094,56.15999984741211,54.2599983215332,56.040000915527344,9136700
2025-03-24,52.976646423339844,54.130001068115234,54.75,54.0099983215332,54.459999084472656,3802700
2025-03-25,52.2719841003418,53.40999984741211,54.400001525878906,53.04999923706055,54.27000045776367,5594300
2025-03-26,52.379642486572266,53.52000045776367,53.81999969482422,53.11000061035156,53.439998626708984,4800600
2025-03-27,52.75154495239258,53.900001525878906,54.08000183105469,53.0099983215332,53.79999923706055,7066000
2025-03-28,52.06645965576172,53.20000076293945,54.689998626708984,53.20000076293945,54.25,4908800
2025-03-31,51.81199645996094,52.939998626708984,53.45000076293945,52.939998626708984,53.2599983215332,4144800
2025-04-01,52.26219940185547,53.400001525878906,53.63999938964844,52.83000183105469,53.25,3579600
2025-04-02,52.30134201049805,53.439998626708984,53.66999816894531,53.02000045776367,53.400001525878906,2564200
2025-04-03,49.981842041015625,51.06999969482422,53.0,50.97999954223633,52.849998474121094,9521200
2025-04-04,49.815467834472656,50.900001525878906,51.310001373291016,50.029998779296875,50.5,7573200
2025-04-07,49.423988342285156,50.5,51.41999816894531,50.119998931884766,50.68000030517578,8045600
2025-04-08,49.629512786865234,50.709999084472656,52.11000061035156,50.400001525878906,50.56999969482422,10377100
2025-04-09,51.126914978027344,52.2400016784668,53.099998474121094,50.59000015258789,50.869998931884766,13225400
2025-04-10,51.126914978027344,52.2400016784668,52.5099983215332,51.150001525878906,52.470001220703125,4926000
2025-04-11,50.539695739746094,51.63999938964844,52.349998474121094,51.02000045776367,52.290000915527344,6029100
2025-04-14,51.29329299926758,52.40999984741211,52.7400016784668,51.599998474121094,51.95000076293945,4573200
2025-04-15,50.84309387207031,51.95000076293945,52.400001525878906,51.599998474121094,52.400001525878906,3495400
2025-04-16,50.755008697509766,51.86000061035156,52.47999954223633,51.72999954223633,51.90999984741211,3890300
2025-04-17,50.73543930053711,51.84000015258789,52.2400016784668,51.66999816894531,51.970001220703125,3815100
2025-04-22,50.725650787353516,51.83000183105469,52.220001220703125,51.75,51.790000915527344,4754200
2025-04-23,51.32265090942383,52.439998626708984,52.790000915527344,51.5,52.130001068115234,6264600
2025-04-24,51.13669967651367,52.25,52.689998626708984,51.4900016784668,52.459999084472656,4642600
2025-04-25,50.18737030029297,51.279998779296875,51.4900016784668,50.61000061035156,51.439998626708984,11836900
2025-04-28,49.76652908325195,50.849998474121094,51.470001220703125,50.2599983215332,51.470001220703125,7957200
2025-04-29,49.28697204589844,50.36000061035156,51.040000915527344,50.16999816894531,51.040000915527344,5033900
2025-04-30,49.012939453125,50.08000183105469,50.529998779296875,49.900001525878906,50.459999084472656,6310300
2025-05-02,49.57079315185547,50.650001525878906,50.790000915527344,49.310001373291016,50.040000915527344,4444300
2025-05-05,49.423988342285156,50.5,51.06999969482422,50.029998779296875,50.709999084472656,3093100
2025-05-06,49.365264892578125,50.439998626708984,50.83000183105469,50.119998931884766,50.2599983215332,3089200
2025-05-07,50.148223876953125,51.2400016784668,51.630001068115234,50.45000076293945,50.70000076293945,4587600
2025-05-08,50.373321533203125,51.470001220703125,51.90999984741211,51.0099983215332,51.40999984741211,5293300
2025-05-09,49.02272415161133,50.09000015258789,50.97999954223633,49.2599983215332,49.2599983215332,10694300
2025-05-12,51.13669967651367,52.25,52.7400016784668,51.310001373291016,51.5,8634700
2025-05-13,51.919654846191406,53.04999923706055,53.400001525878906,51.52000045776367,52.060001373291016,6548800
2025-05-14,51.88050842285156,53.0099983215332,54.150001525878906,52.7400016784668,53.25,5922900
2025-05-15,52.673248291015625,53.81999969482422,54.09000015258789,52.939998626708984,53.20000076293945,4339800
2025-05-16,52.52644348144531,53.66999816894531,54.0,53.02000045776367,53.88999938964844,5857100
2025-05-19,52.056671142578125,53.189998626708984,53.59000015258789,52.900001525878906,53.529998779296875,2988200
2025-05-20,51.89029312133789,53.02000045776367,53.220001220703125,52.720001220703125,53.189998626708984,2585200
2025-05-21,52.07624435424805,53.209999084472656,53.41999816894531,52.61000061035156,52.7400016784668,9223100
2025-05-22,52.056671142578125,53.189998626708984,53.849998474121094,52.75,53.130001068115234,5871800
2025-05-23,51.831573486328125,52.959999084472656,53.689998626708984,52.439998626708984,53.290000915527344,3253300
2025-05-26,51.63582992553711,52.7599983215332,53.099998474121094,52.060001373291016,53.099998474121094,2931100
2025-05-27,50.216732025146484,51.310001373291016,52.599998474121094,50.900001525878906,52.5099983215332,14854900
2025-05-28,49.97206115722656,51.060001373291016,52.040000915527344,51.060001373291016,51.20000076293945,4793300
2025-05-29,49.50228500366211,50.58000183105469,51.41999816894531,50.2599983215332,50.9900016784668,8144300
2025-05-30,48.59210205078125,49.650001525878906,50.68000030517578,49.349998474121094,50.61000061035156,10637600
2025-06-02,48.52359390258789,49.58000183105469,50.2599983215332,49.439998626708984,49.95000076293945,7892100
2025-06-03,49.32611846923828,50.400001525878906,51.040000915527344,49.5,49.5099983215332,7827500
2025-06-04,48.69975280761719,49.7599983215332,50.5,49.650001525878906,50.40999984741211,7379100
2025-06-05,51.77285385131836,52.900001525878906,53.150001525878906,50.709999084472656,52.720001220703125,21243900
2025-06-06,52.28177261352539,53.41999816894531,54.439998626708984,53.0,53.150001525878906,10829500
2025-06-09,52.4285774230957,53.56999969482422,53.880001068115234,53.18000030517578,53.38999938964844,3440700
2025-06-10,52.154541015625,53.290000915527344,53.810001373291016,53.18000030517578,53.66999816894531,4026600
2025-06-11,51.85114288330078,52.97999954223633,53.91999816894531,52.720001220703125,53.5,4268000
2025-06-12,51.82178497314453,52.95000076293945,53.20000076293945,52.130001068115234,52.5099983215332,4865700
2025-06-13,52.957069396972656,54.11000061035156,55.41999816894531,53.970001220703125,54.439998626708984,10362600
2025-06-16,53.09408950805664,54.25,54.630001068115234,53.810001373291016,54.34000015258789,6625900
2025-06-17,51.51838684082031,52.63999938964844,54.220001220703125,52.5,53.91999816894531,5758300
2025-06-18,51.68476867675781,52.810001373291016,53.20000076293945,52.5,52.70000076293945,3637000
2025-06-20,50.76479721069336,51.869998931884766,52.970001220703125,51.869998931884766,52.5099983215332,5138900
2025-06-23,50.64735412597656,51.75,52.08000183105469,51.400001525878906,51.70000076293945,4809100
2025-06-24,50.74522018432617,51.849998474121094,52.15999984741211,51.709999084472656,52.06999969482422,5673000
2025-06-25,50.39289474487305,51.4900016784668,52.150001525878906,51.40999984741211,51.630001068115234,3992800
2025-06-26,50.510337829589844,51.61000061035156,52.119998931884766,51.439998626708984,51.470001220703125,7744900
2025-06-27,50.06013870239258,51.150001525878906,51.52000045776367,50.81999969482422,51.369998931884766,4123800
2025-06-30,50.11886215209961,51.209999084472656,51.38999938964844,50.72999954223633,51.040000915527344,6046600
2025-07-01,49.756744384765625,50.84000015258789,51.65999984741211,50.5099983215332,51.63999938964844,3815800
2025-07-02,50.60820388793945,51.709999084472656,51.7400016784668,50.720001220703125,50.7400016784668,7066900
2025-07-03,50.95075225830078,52.060001373291016,52.310001373291016,51.400001525878906,51.709999084472656,3505400
2025-07-04,50.84309387207031,51.95000076293945,52.2599983215332,51.70000076293945,52.060001373291016,1260600
2025-07-07,49.92312240600586,51.0099983215332,51.90999984741211,51.0099983215332,51.90999984741211,2836800
2025-07-08,49.844825744628906,50.93000030517578,51.18000030517578,50.689998626708984,51.18000030517578,2400900
2025-07-09,48.93464279174805,50.0,50.880001068115234,49.810001373291016,50.77000045776367,3631300
2025-07-10,48.787837982177734,49.849998474121094,50.720001220703125,49.150001525878906,49.16999816894531,8351700
2025-07-11,48.83677291870117,49.900001525878906,50.099998474121094,49.54999923706055,49.849998474121094,3331300
2025-07-14,48.88570785522461,49.95000076293945,50.38999938964844,49.43000030517578,49.84000015258789,3608500
2025-07-15,49.423988342285156,50.5,50.720001220703125,49.75,50.099998474121094,4601200
2025-07-16,49.44356155395508,50.52000045776367,50.650001525878906,50.0099983215332,50.45000076293945,4952100
2025-07-17,49.423988342285156,50.5,50.970001220703125,50.13999938964844,50.599998474121094,3191600
2025-07-18,49.531646728515625,50.61000061035156,50.75,50.16999816894531,50.2400016784668,7229900
2025-07-21,49.913333892822266,51.0,51.45000076293945,50.560001373291016,50.72999954223633,3868300
2025-07-22,50.16779327392578,51.2599983215332,51.52000045776367,51.0,51.349998474121094,4187500
2025-07-23,50.64735412597656,51.75,52.099998474121094,50.97999954223633,50.97999954223633,2640500
2025-07-24,50.40268325805664,51.5,51.880001068115234,51.38999938964844,51.65999984741211,2364100
2025-07-25,51.44988250732422,52.56999969482422,52.7599983215332,51.369998931884766,51.369998931884766,4313800
2025-07-28,51.03883361816406,52.150001525878906,52.72999954223633,51.970001220703125,52.59000015258789,3433200
2025-07-29,50.74522018432617,51.849998474121094,52.22999954223633,51.70000076293945,52.15999984741211,2336400
2025-07-30,51.06819534301758,52.18000030517578,53.09000015258789,50.95000076293945,51.95000076293945,8802400
2025-07-31,51.03883361816406,52.150001525878906,52.81999969482422,51.59000015258789,52.38999938964844,5256000
2025-08-01,50.63756561279297,51.7400016784668,52.599998474121094,51.470001220703125,52.279998779296875,6867800
2025-08-04,49.688236236572266,50.77000045776367,52.18000030517578,50.279998779296875,52.18000030517578,5618100
2025-08-05,49.883975982666016,50.970001220703125,51.150001525878906,50.349998474121094,50.97999954223633,2033300
2025-08-06,50.52012634277344,51.619998931884766,51.70000076293945,50.77000045776367,51.2599983215332,3581100
2025-08-07,52.98643112182617,54.13999938964844,54.79999923706055,52.66999816894531,52.959999084472656,10788500
2025-08-08,53.417057037353516,54.58000183105469,55.279998779296875,53.540000915527344,54.18000030517578,5482500
2025-08-11,52.927711486816406,54.08000183105469,54.459999084472656,53.459999084472656,54.349998474121094,3457600
2025-08-12,52.937496185302734,54.09000015258789,54.54999923706055,53.599998474121094,54.04999923706055,3852700
2025-08-13,52.712398529052734,53.86000061035156,54.209999084472656,53.619998931884766,54.119998931884766,3160200
2025-08-14,52.76133346557617,53.90999984741211,54.06999969482422,53.470001220703125,53.709999084472656,1838100
2025-08-15,52.19369125366211,53.33000183105469,54.66999816894531,53.22999954223633,53.81999969482422,5954500
2025-08-18,51.479244232177734,52.599998474121094,53.470001220703125,52.439998626708984,53.06999969482422,6656100
2025-08-19,51.88050842285156,53.0099983215332,53.06999969482422,52.20000076293945,52.33000183105469,5430200
2025-08-20,51.371585845947266,52.4900016784668,53.220001220703125,52.38999938964844,52.90999984741211,2604900
2025-08-21,51.18563461303711,52.29999923706055,52.529998779296875,52.0099983215332,52.4900016784668,1905800
2025-08-22,52.614524841308594,53.7599983215332,53.88999938964844,53.02000045776367,53.4900016784668,5248500
2025-08-25,52.2719841003418,53.40999984741211,53.97999954223633,53.290000915527344,53.81999969482422,2604200
2025-08-26,51.48902893066406,52.61000061035156,53.54999923706055,52.61000061035156,53.209999084472656,3907200
2025-08-27,51.85114288330078,52.97999954223633,53.060001373291016,52.52000045776367,52.61000061035156,2707100
2025-08-28,51.704341888427734,52.83000183105469,53.29999923706055,52.70000076293945,53.29999923706055,3254300
2025-08-29,51.33244323730469,52.45000076293945,53.22999954223633,52.43000030517578,52.849998474121094,4318500
2025-09-01,51.4303092956543,52.54999923706055,52.72999954223633,51.849998474121094,52.59000015258789,1853600
2025-09-02,51.146488189697266,52.2599983215332,52.9900016784668,52.22999954223633,52.5,2160200
2025-09-03,50.862667083740234,51.970001220703125,53.66999816894531,51.709999084472656,52.45000076293945,4176100
2025-09-04,50.56905746459961,51.66999816894531,52.20000076293945,51.40999984741211,52.06999969482422,3848400
2025-09-05,50.88224411010742,51.9900016784668,52.18000030517578,50.869998931884766,51.939998626708984,4145500
2025-09-08,50.50054931640625,51.599998474121094,52.20000076293945,51.31999969482422,52.11000061035156,5668300
2025-09-09,50.8039436340332,51.90999984741211,52.400001525878906,51.40999984741211,51.83000183105469,4768100
2025-09-10,49.717594146728516,50.79999923706055,51.93000030517578,50.79999923706055,51.93000030517578,5697800
2025-09-11,50.45161437988281,51.54999923706055,51.54999923706055,50.84000015258789,51.119998931884766,4438400
2025-09-12,49.3554801940918,50.43000030517578,51.540000915527344,50.43000030517578,51.45000076293945,4190400
2025-09-15,49.423988342285156,50.5,50.689998626708984,50.209999084472656,50.68000030517578,3698800
2025-09-16,49.600154876708984,50.68000030517578,51.150001525878906,50.38999938964844,50.70000076293945,3768300
2025-09-17,49.815467834472656,50.900001525878906,51.220001220703125,50.33000183105469,50.75,4711400
2025-09-18,49.649085998535156,50.72999954223633,51.029998779296875,50.16999816894531,51.02000045776367,3944000
2025-09-19,49.423988342285156,50.5,51.15999984741211,50.470001220703125,50.90999984741211,6515100
2025-09-22,49.27717971801758,50.349998474121094,50.75,50.25,50.54999923706055,6973500
2025-09-23,49.06187057495117,50.130001068115234,51.06999969482422,50.130001068115234,50.560001373291016,3438200
2025-09-24,48.88570785522461,49.95000076293945,50.34000015258789,49.52000045776367,50.2599983215332,6218100
2025-09-25,49.16952896118164,50.2400016784668,50.68000030517578,49.689998626708984,50.02000045776367,7714900
2025-09-26,48.396358489990234,49.45000076293945,50.36000061035156,49.40999984741211,50.29999923706055,3803300
2025-09-29,48.1223258972168,49.16999816894531,49.7599983215332,48.70000076293945,49.7599983215332,4990200
2025-09-30,48.83677291870117,49.900001525878906,49.900001525878906,48.900001525878906,49.45000076293945,7034700
2025-10-01,48.82698440551758,49.88999938964844,50.400001525878906,49.66999816894531,49.75,2888900
2025-10-02,49.032508850097656,50.099998474121094,50.2599983215332,49.52000045776367,49.869998931884766,5306000
2025-10-03,49.619728088378906,50.70000076293945,51.13999938964844,49.86000061035156,50.11000061035156,5529000
2025-10-06,48.44529342651367,49.5,50.790000915527344,49.310001373291016,50.63999938964844,4504200
2025-10-07,47.848289489746094,48.88999938964844,50.0,48.869998931884766,49.43000030517578,7097600
2025-10-08,46.810882568359375,47.83000183105469,49.029998779296875,47.810001373291016,48.88999938964844,9745300
2025-10-09,46.673858642578125,47.689998626708984,48.310001373291016,47.52000045776367,47.97999954223633,3182900
2025-10-10,47.1632080078125,48.189998626708984,48.790000915527344,47.79999923706055,47.79999923706055,5447200
2025-10-13,47.182777404785156,48.209999084472656,48.54999923706055,48.06999969482422,48.34000015258789,3707800
2025-10-14,46.96746826171875,47.9900016784668,48.41999816894531,47.95000076293945,48.099998474121094,3933100
2025-10-15,46.615142822265625,47.630001068115234,48.15999984741211,47.22999954223633,47.9900016784668,8159100
2025-10-16,46.781517028808594,47.79999923706055,47.93000030517578,47.25,47.40999984741211,3663700
2025-10-17,46.615142822265625,47.630001068115234,48.060001373291016,47.5,48.04999923706055,4198600
2025-10-20,46.69343566894531,47.709999084472656,48.0,47.459999084472656,47.599998474121094,3992100
2025-10-21,46.46833419799805,47.47999954223633,47.849998474121094,47.27000045776367,47.77000045776367,3010100
2025-10-22,47.192569732666016,48.220001220703125,48.34000015258789,47.439998626708984,47.439998626708984,3648800
2025-10-23,47.63297653198242,48.66999816894531,48.7400016784668,48.209999084472656,48.34000015258789,2825900
2025-10-24,48.05381774902344,49.099998474121094,49.45000076293945,48.689998626708984,48.86000061035156,4135300
2025-10-27,48.063602447509766,49.11000061035156,49.43000030517578,48.68000030517578,49.20000076293945,3245700
2025-10-28,48.41593551635742,49.470001220703125,49.720001220703125,48.869998931884766,49.220001220703125,3496900
2025-10-29,48.05381774902344,49.099998474121094,49.529998779296875,48.810001373291016,49.529998779296875,4542100
2025-10-30,47.65255355834961,48.689998626708984,49.41999816894531,48.689998626708984,48.849998474121094,3990900
2025-10-31,47.848289489746094,48.88999938964844,49.09000015258789,48.209999084472656,48.880001068115234,4902400
2025-11-03,47.515533447265625,48.54999923706055,48.9900016784668,48.369998931884766,48.9900016784668,3806500
2025-11-04,48.35721206665039,49.40999984741211,49.68000030517578,48.470001220703125,48.54999923706055,4515200
2025-11-05,47.85808181762695,48.900001525878906,49.7599983215332,48.81999969482422,49.40999984741211,4568500
2025-11-06,47.61341094970703,48.650001525878906,49.20000076293945,48.2400016784668,48.91999816894531,5485600
2025-11-07,46.605350494384766,47.619998931884766,48.47999954223633,47.349998474121094,48.0099983215332,7965500
2025-11-10,45.7049560546875,46.70000076293945,47.95000076293945,46.47999954223633,47.90999984741211,10687100
2025-11-11,45.55815124511719,46.54999923706055,46.9900016784668,46.4900016784668,46.70000076293945,6817600
2025-11-12,47.0457649230957,48.06999969482422,48.220001220703125,46.470001220703125,46.560001373291016,10555800
2025-11-13,46.644500732421875,47.65999984741211,48.369998931884766,47.29999923706055,48.150001525878906,6230700
2025-11-14,46.350894927978516,47.36000061035156,47.91999816894531,47.150001525878906,47.689998626708984,5721700
2025-11-17,47.46660232543945,48.5,48.5,47.13999938964844,47.36000061035156,10502800
2025-11-18,47.49596405029297,48.529998779296875,48.56999969482422,48.099998474121094,48.369998931884766,4257100
2025-11-19,47.30022430419922,48.33000183105469,49.0099983215332,48.29999923706055,48.349998474121094,5621100
2025-11-21,47.28065490722656,48.310001373291016,48.70000076293945,48.099998474121094,48.33000183105469,7107700
2025-11-24,46.95768356323242,47.97999954223633,48.400001525878906,47.779998779296875,48.380001068115234,5621600
2025-11-25,46.781517028808594,47.79999923706055,48.150001525878906,47.439998626708984,48.150001525878906,3589100
2025-11-26,46.840240478515625,47.86000061035156,48.47999954223633,47.70000076293945,47.79999923706055,6595400
2025-11-27,47.172996520996094,48.20000076293945,48.20000076293945,47.77000045776367,47.77000045776367,2157700
2025-11-28,46.56620788574219,47.58000183105469,48.189998626708984,47.540000915527344,48.189998626708984,4286300
2025-12-01,46.46833419799805,47.47999954223633,47.709999084472656,47.31999969482422,47.59000015258789,3695500
2025-12-02,47.172996520996094,48.20000076293945,48.400001525878906,47.540000915527344,47.56999969482422,4973900
2025-12-03,47.90701675415039,48.95000076293945,49.040000915527344,48.27000045776367,48.38999938964844,5420400
2025-12-04,48.48444366455078,49.540000915527344,49.59000015258789,48.91999816894531,49.099998474121094,6693600
2025-12-05,49.423988342285156,50.5,51.5099983215332,49.5099983215332,49.790000915527344,13131800
2025-12-08,49.31632995605469,50.38999938964844,50.849998474121094,49.90999984741211,50.5,5010700
2025-12-09,49.37505340576172,50.45000076293945,51.720001220703125,50.119998931884766,50.400001525878906,8909400
2025-12-10,50.56905746459961,51.66999816894531,51.66999816894531,50.02000045776367,50.54999923706055,6366100
2025-12-11,48.41593551635742,49.470001220703125,51.70000076293945,48.90999984741211,51.279998779296875,21574100
2025-12-12,48.014671325683594,49.060001373291016,51.70000076293945,48.68000030517578,51.279998779296875,5822700
2025-12-15,47.67212677001953,48.709999084472656,49.2400016784668,48.099998474121094,49.2400016784668,5696600
2025-12-16,47.877655029296875,48.91999816894531,49.369998931884766,48.5,48.709999084472656,5795200
2025-12-17,48.7291145324707,49.790000915527344,49.84000015258789,48.84000015258789,48.84000015258789,9610900
2025-12-18,51.52817916870117,52.650001525878906,53.0099983215332,49.869998931884766,50.13999938964844,15098200
2025-12-19,51.314788818359375,51.31999969482422,52.5099983215332,51.290000915527344,51.290000915527344,13244300
2025-12-22,51.194801330566406,51.20000076293945,52.060001373291016,50.9900016784668,51.20000076293945,9456900
2025-12-23,51.49477005004883,51.5,51.75,49.939998626708984,51.0,12965900
2025-12-26,51.67475128173828,51.68000030517578,51.849998474121094,51.2400016784668,51.529998779296875,2858800
2025-12-29,51.544761657714844,51.54999923706055,51.849998474121094,51.36000061035156,51.61000061035156,3315700
2025-12-30,51.44477462768555,51.45000076293945,51.66999816894531,51.2400016784668,51.439998626708984,4309500
2026-01-02,51.86473083496094,51.869998931884766,52.11000061035156,51.290000915527344,51.40999984741211,5570600
2026-01-05,50.42487716674805,50.43000030517578,52.2400016784668,50.43000030517578,51.939998626708984,4947400
2026-01-06,50.22489929199219,50.22999954223633,51.0,49.939998626708984,50.560001373291016,5153600
2026-01-07,49.9349250793457,49.939998626708984,50.630001068115234,49.880001068115234,50.15999984741211,8357300
2026-01-08,49.564964294433594,49.56999969482422,49.880001068115234,49.029998779296875,49.84000015258789,5838000
2026-01-09,50.98482131958008,50.9900016784668,51.20000076293945,49.54999923706055,49.81999969482422,5611100
2026-01-12,52.10470962524414,52.11000061035156,52.220001220703125,50.810001373291016,50.95000076293945,3415500
2026-01-13,51.50476837158203,51.5099983215332,52.130001068115234,51.130001068115234,51.66999816894531,3687900
2026-01-14,52.16469955444336,52.16999816894531,52.16999816894531,51.439998626708984,51.58000183105469,3105400
2026-01-15,52.34468078613281,52.349998474121094,52.650001525878906,51.7400016784668,52.18000030517578,2979700
2026-01-16,51.594757080078125,51.599998474121094,52.439998626708984,51.02000045776367,52.310001373291016,9115800
2026-01-19,51.844730377197266,51.849998474121094,51.93000030517578,50.95000076293945,51.08000183105469,6916100
2026-01-20,51.344783782958984,51.349998474121094,52.2599983215332,50.75,52.2599983215332,2497900
2026-01-21,52.194698333740234,52.20000076293945,52.29999923706055,51.279998779296875,51.540000915527344,4956800
2026-01-22,52.184696197509766,52.189998626708984,53.540000915527344,51.95000076293945,52.33000183105469,7235500
2026-01-23,52.244693756103516,52.25,52.689998626708984,51.150001525878906,52.20000076293945,9275500
2026-01-26,51.66474914550781,51.66999816894531,52.45000076293945,51.599998474121094,52.130001068115234,5078400
2026-01-27,51.2747917175293,51.279998779296875,52.45000076293945,50.90999984741211,52.040000915527344,6546700
2026-01-28,51.75474166870117,51.7599983215332,52.09000015258789,50.970001220703125,51.45000076293945,5163100
2026-01-29,49.35498809814453,49.36000061035156,51.79999923706055,49.2400016784668,51.79999923706055,9287200
2026-01-30,49.32499313354492,49.33000183105469,50.72999954223633,48.91999816894531,49.38999938964844,12105400
2026-02-02,48.71505355834961,48.720001220703125,49.619998931884766,48.54999923706055,49.41999816894531,5900300
2026-02-03,49.08501434326172,49.09000015258789,49.61000061035156,48.77000045776367,48.97999954223633,7575300
2026-02-04,49.5949592590332,49.599998474121094,49.72999954223633,48.349998474121094,49.06999969482422,8209700
2026-02-05,50.42487716674805,50.43000030517578,50.900001525878906,49.63999938964844,49.97999954223633,8133900
2026-02-06,50.19490051269531,50.20000076293945,51.02000045776367,50.0099983215332,50.52000045776367,6225900
2026-02-09,51.33478546142578,51.34000015258789,51.34000015258789,50.13999938964844,50.150001525878906,5552500
2026-02-10,51.11480712890625,51.119998931884766,52.08000183105469,51.04999923706055,51.400001525878906,3513400
2026-02-11,57.92411804199219,57.93000030517578,57.939998626708984,52.900001525878906,53.0,27708000
2026-02-12,58.244083404541016,58.25,58.68000030517578,56.83000183105469,58.099998474121094,11352900
2026-02-13,58.334075927734375,58.34000015258789,58.810001373291016,57.31999969482422,58.20000076293945,12831100
2026-02-18,57.194190979003906,57.20000076293945,58.439998626708984,56.77000045776367,58.439998626708984,5734300
2026-02-19,57.12419891357422,57.130001068115234,57.83000183105469,56.88999938964844,57.13999938964844,3902400
2026-02-20,56.854225158691406,56.86000061035156,57.130001068115234,56.040000915527344,57.130001068115234,5820100
2026-02-23,56.99420928955078,57.0,57.0,56.220001220703125,56.86000061035156,4529000
2026-02-24,58.57405090332031,58.58000183105469,58.849998474121094,57.0,57.279998779296875,8659900
2026-02-25,58.894020080566406,58.900001525878906,59.31999969482422,58.06999969482422,58.720001220703125,11432400
2026-02-26,58.9740104675293,58.97999954223633,59.650001525878906,58.369998931884766,58.90999984741211,6986000
2026-02-27,57.994110107421875,58.0,59.119998931884766,57.90999984741211,58.779998779296875,5319700
2026-03-02,58.05410385131836,58.060001373291016,58.68000030517578,57.40999984741211,58.29999923706055,5090800
2026-03-03,57.264183044433594,57.27000045776367,58.41999816894531,56.459999084472656,57.52000045776367,9151000
2026-03-04,56.4942626953125,56.5,57.400001525878906,55.59000015258789,57.209999084472656,5629100
2026-03-05,55.79433059692383,55.79999923706055,57.13999938964844,55.540000915527344,56.63999938964844,4996300
2026-03-06,54.91442108154297,54.91999816894531,56.08000183105469,54.5099983215332,55.7400016784668,5010600
2026-03-09,54.79443359375,54.79999923706055,55.25,53.900001525878906,54.540000915527344,5612500
2026-03-10,55.59435272216797,55.599998474121094,56.029998779296875,54.720001220703125,55.0,4071000
2026-03-11,54.89442443847656,54.900001525878906,55.16999816894531,54.54999923706055,55.16999816894531,2350800
2026-03-12,53.464569091796875,53.470001220703125,54.560001373291016,53.11000061035156,54.0099983215332,4895800
2026-03-13,53.39457702636719,53.400001525878906,53.77000045776367,53.09000015258789,53.41999816894531,3469600
2026-03-16,53.14460372924805,53.150001525878906,53.9900016784668,52.91999816894531,53.31999969482422,3456200
2026-03-17,53.10460662841797,53.11000061035156,54.099998474121094,52.86000061035156,53.20000076293945,6523600
2026-03-18,52.554664611816406,52.560001373291016,53.65999984741211,52.349998474121094,52.869998931884766,8819400
2026-03-19,51.11480712890625,51.119998931884766,52.5,50.970001220703125,52.11000061035156,8891500
2026-03-20,50.174903869628906,50.18000030517578,51.119998931884766,49.56999969482422,51.02000045776367,12549400
2026-03-23,51.6147575378418,51.619998931884766,51.790000915527344,50.099998474121094,50.5099983215332,5039000
2026-03-24,51.16480255126953,51.16999816894531,51.619998931884766,50.31999969482422,51.619998931884766,3422300
2026-03-25,51.394779205322266,51.400001525878906,52.06999969482422,51.06999969482422,51.970001220703125,5053700
2026-03-26,50.794837951660156,50.79999923706055,51.54999923706055,50.529998779296875,51.400001525878906,2985400
2026-03-27,50.43487548828125,50.439998626708984,51.18000030517578,50.31999969482422,50.52000045776367,5543500
2026-03-30,50.554866790771484,50.560001373291016,50.91999816894531,50.11000061035156,50.75,2994100
2026-03-31,51.89472961425781,51.900001525878906,52.08000183105469,50.63999938964844,50.81999969482422,6309900
2026-04-01,52.08470916748047,52.09000015258789,52.33000183105469,51.72999954223633,52.0,4289500
2026-04-02,50.84483337402344,50.849998474121094,51.70000076293945,50.5,51.380001068115234,4370400
2026-04-06,49.5949592590332,49.599998474121094,50.9900016784668,49.369998931884766,50.90999984741211,5941000
2026-04-07,46.42528533935547,46.43000030517578,49.38999938964844,46.36000061035156,49.38999938964844,46567200
2026-04-08,47.3351936340332,47.34000015258789,47.58000183105469,46.45000076293945,47.02000045776367,11557300
2026-04-09,47.59516525268555,47.599998474121094,48.099998474121094,47.099998474121094,47.20000076293945,7089200
2026-04-10,47.155208587646484,47.15999984741211,48.279998779296875,46.97999954223633,47.88999938964844,5970000
2026-04-13,47.795143127441406,47.79999923706055,47.79999923706055,46.91999816894531,47.20000076293945,6951400
2026-04-14,48.505069732666016,48.5099983215332,48.650001525878906,47.5099983215332,47.869998931884766,11894900
2026-04-15,47.82514572143555,47.83000183105469,48.7400016784668,47.5,48.7400016784668,11085200
2026-04-16,47.52517318725586,47.529998779296875,48.150001525878906,47.459999084472656,47.970001220703125,8122800
2026-04-17,47.925132751464844,47.93000030517578,48.65999984741211,47.13999938964844,48.060001373291016,8265700
2026-04-20,47.795143127441406,47.79999923706055,48.099998474121094,47.5,47.93000030517578,4213700
2026-04-22,47.34518814086914,47.349998474121094,48.58000183105469,47.33000183105469,48.029998779296875,4628200
2026-04-23,46.68525695800781,46.689998626708984,47.470001220703125,46.5099983215332,47.45000076293945,7248700
2026-04-24,45.6353645324707,45.63999938964844,46.810001373291016,45.349998474121094,46.7599983215332,7909400
2026-04-27,45.2953987121582,45.29999923706055,45.83000183105469,45.2599983215332,45.70000076293945,3909400
2026-04-28,45.44538497924805,45.45000076293945,45.4900016784668,44.68000030517578,45.29999923706055,6072700
2026-04-29,44.81544876098633,44.81999969482422,45.61000061035156,44.630001068115234,45.5,8755800
2026-04-30,43.84000015258789,43.84000015258789,44.5,43.060001373291016,43.630001068115234,13209000
2026-05-04,42.58000183105469,42.58000183105469,44.09000015258789,42.45000076293945,44.02000045776367,7528500
2026-05-05,42.400001525878906,42.400001525878906,43.0099983215332,42.310001373291016,42.41999816894531,7255100
2026-05-06,43.0099983215332,43.0099983215332,43.220001220703125,42.310001373291016,42.72999954223633,4354400
2026-05-07,43.29999923706055,43.29999923706055,43.56999969482422,42.810001373291016,42.970001220703125,5074000
2026-05-08,43.70000076293945,43.70000076293945,43.86000061035156,43.2400016784668,43.65999984741211,3491500
2026-05-11,43.130001068115234,43.130001068115234,44.220001220703125,42.91999816894531,43.720001220703125,5046800
2026-05-12,42.68000030517578,42.68000030517578,43.470001220703125,42.68000030517578,43.0,4526600
2026-05-13,43.0,43.0,43.349998474121094,42.150001525878906,42.709999084472656,7129900
2026-05-14,42.619998931884766,42.619998931884766,43.459999084472656,42.599998474121094,43.29999923706055,5157300
2026-05-15,41.70000076293945,41.70000076293945,43.0,41.70000076293945,42.27000045776367,15739400
2026-05-18,41.970001220703125,41.970001220703125,42.31999969482422,41.119998931884766,41.7599983215332,5678900
2026-05-19,41.04999923706055,41.04999923706055,42.0099983215332,40.970001220703125,41.72999954223633,5073700
2026-05-20,42.20000076293945,42.20000076293945,42.619998931884766,41.20000076293945,41.400001525878906,5755500
2026-05-21,42.2599983215332,42.2599983215332,42.58000183105469,41.70000076293945,42.220001220703125,3962400
2026-05-22,41.70000076293945,41.70000076293945,42.08000183105469,41.45000076293945,41.83000183105469,3386900
2026-05-25,41.40999984741211,41.40999984741211,42.099998474121094,41.380001068115234,42.099998474121094,2687700
2026-05-26,41.68000030517578,41.68000030517578,41.93000030517578,40.970001220703125,41.45000076293945,14152400
2026-05-27,42.09000015258789,42.09000015258789,42.86000061035156,41.939998626708984,42.18000030517578,7296600
2026-05-28,41.689998626708984,41.689998626708984,42.4900016784668,41.619998931884766,42.31999969482422,4893500
2026-05-29,41.90999984741211,41.90999984741211,41.90999984741211,41.029998779296875,41.650001525878906,13175600
2026-06-01,40.650001525878906,40.650001525878906,41.93000030517578,40.63999938964844,41.77000045776367,8283900
2026-06-02,40.43000030517578,40.43000030517578,40.900001525878906,40.16999816894531,40.810001373291016,5562100
2026-06-03,41.220001220703125,41.220001220703125,41.25,40.18000030517578,40.18000030517578,6506600
2026-06-05,41.7400016784668,41.7400016784668,42.220001220703125,41.0099983215332,41.0099983215332,7282100
2026-06-08,41.970001220703125,41.970001220703125,42.15999984741211,41.40999984741211,41.709999084472656,4563900
2026-06-09,42.04999923706055,42.04999923706055,42.380001068115234,41.88999938964844,42.099998474121094,4639400
2026-06-10,41.45000076293945,41.45000076293945,42.20000076293945,41.290000915527344,42.20000076293945,4552700
2026-06-11,41.290000915527344,41.290000915527344,41.58000183105469,40.70000076293945,41.439998626708984,5413600
2026-06-12,41.52000045776367,41.52000045776367,41.869998931884766,41.0,41.0,3071200
2026-06-15,42.59000015258789,42.59000015258789,43.150001525878906,41.7400016784668,42.06999969482422,6046700
2026-06-16,42.93000030517578,42.93000030517578,43.040000915527344,42.36000061035156,42.4900016784668,5531400
2026-06-17,42.22999954223633,42.22999954223633,43.4900016784668,42.099998474121094,42.79999923706055,6059500
2026-06-18,43.58000183105469,43.58000183105469,43.959999084472656,42.20000076293945,42.310001373291016,7443500
2026-06-19,43.22999954223633,43.22999954223633,44.369998931884766,42.9900016784668,43.810001373291016,7692900
2026-06-22,42.040000915527344,42.040000915527344,43.349998474121094,42.040000915527344,43.040000915527344,4954300
2026-06-23,41.95000076293945,41.95000076293945,41.95000076293945,41.310001373291016,41.849998474121094,6635300
2026-06-24,42.20000076293945,42.20000076293945,42.20000076293945,41.31999969482422,41.90999984741211,8547200
2026-06-25,42.0,42.0,42.66999816894531,41.88999938964844,42.41999816894531,4812000
2026-06-26,40.11000061035156,40.11000061035156,41.849998474121094,39.75,41.709999084472656,11649400
2026-06-29,39.68000030517578,39.68000030517578,40.2400016784668,39.459999084472656,40.20000076293945,5001700
2026-06-30,39.75,39.75,39.95000076293945,39.16999816894531,39.349998474121094,8105100
2026-07-01,40.59000015258789,40.59000015258789,40.75,39.43000030517578,39.58000183105469,6295600
2026-07-02,40.779998779296875,40.779998779296875,41.209999084472656,40.40999984741211,40.7400016784668,5759900
2026-07-03,40.79999923706055,40.79999923706055,40.9900016784668,40.560001373291016,40.560001373291016,2486300
2026-07-06,40.720001220703125,40.720001220703125,40.790000915527344,40.439998626708984,40.5099983215332,3794000
2026-07-07,40.91999816894531,40.91999816894531,41.40999984741211,40.619998931884766,40.7400016784668,4913900
2026-07-08,40.83000183105469,40.83000183105469,40.97999954223633,40.099998474121094,40.72999954223633,5643200
2026-07-09,41.029998779296875,41.029998779296875,41.290000915527344,40.560001373291016,40.91999816894531,4835300
2026-07-10,41.54999923706055,41.54999923706055,41.869998931884766,41.20000076293945,41.45000076293945,8082400
2026-07-13,41.4900016784668,41.4900016784668,42.040000915527344,41.33000183105469,41.709999084472656,2479300
2026-07-14,41.11000061035156,41.11000061035156,41.650001525878906,40.84000015258789,41.5,3274800
2026-07-15,41.47999954223633,41.47999954223633,41.93000030517578,40.77000045776367,41.189998626708984,4101000
2026-07-16,41.70000076293945,41.70000076293945,42.18000030517578,41.380001068115234,41.439998626708984,4338400
2026-07-17,41.93000030517578,41.93000030517578,42.619998931884766,41.400001525878906,41.58000183105469,8243300
2026-07-20,41.88999938964844,41.88999938964844,42.029998779296875,41.11000061035156,41.93000030517578,4465000
2026-07-21,41.630001068115234,41.630001068115234,42.0099983215332,41.439998626708984,41.880001068115234,2360900
2026-07-22,42.65999984741211,42.65999984741211,42.689998626708984,41.650001525878906,41.869998931884766,4979400
2026-07-23,42.43000030517578,42.43000030517578,42.81999969482422,41.779998779296875,42.40999984741211,2364400
2026-07-24,41.84000015258789,41.84000015258789,42.25,41.630001068115234,42.0,3640600
2026-07-27,41.56999969482422,41.56999969482422,42.099998474121094,41.380001068115234,41.97999954223633,2808300
