Date,Adj Close,Close,High,Low,Open,Volume
2015-01-02,9.894808769226074,11.881509780883789,11.991031646728516,11.562898635864258,11.682377815246582,1351067
2015-01-05,9.590777397155762,11.516434669494629,12.010945320129395,11.367087364196777,11.944567680358887,2289341
2015-01-06,8.991006851196289,10.796242713928223,11.682377815246582,10.786287307739258,11.509798049926758,2664169
2015-01-07,8.927434921264648,10.719908714294434,10.985418319702148,10.560604095458984,10.88917064666748,3424973
2015-01-08,9.134730339050293,10.96882438659668,11.114853858947754,10.673444747924805,10.786287307739258,1453512
2015-01-09,9.040756225585938,10.855982780456543,11.005331039428711,10.753097534179688,10.988737106323242,936768
2015-01-12,9.590777397155762,11.516434669494629,11.516434669494629,10.769692420959473,10.822793960571289,1624956
2015-01-13,9.259106636047363,11.118171691894531,11.423506736755371,11.084983825683594,11.297390937805176,1425490
2015-01-14,9.190009117126465,11.035201072692871,11.19450569152832,10.885851860046387,10.952230453491211,1577350
2015-01-15,9.010356903076172,10.819475173950195,11.264202117919922,10.719908714294434,10.819475173950195,1643336
2015-01-16,9.673694610595703,11.61600112915039,11.61600112915039,10.759736061096191,10.782967567443848,1389333
2015-01-19,8.92191219329834,10.713272094726562,11.440101623535156,10.620344161987305,11.333897590637207,1229941
2015-01-20,9.176189422607422,11.018607139587402,11.144722938537598,10.719908714294434,10.719908714294434,2182377
2015-01-21,9.673694610595703,11.61600112915039,11.649189949035645,11.0816650390625,11.184550285339355,866563
2015-01-22,9.665403366088867,11.606043815612793,11.768668174743652,11.217738151550293,11.609362602233887,2069386
2015-01-23,9.53549861907959,11.450057983398438,11.825089454650879,11.450057983398438,11.599407196044922,2297477
2015-01-26,9.342024803161621,11.217738151550293,11.609362602233887,11.174592971801758,11.469970703125,1476110
2015-01-27,9.245288848876953,11.101577758789062,11.250926971435547,10.915721893310547,11.177911758422852,1658401
2015-01-28,9.466400146484375,11.367087364196777,11.430145263671875,11.021925926208496,11.068389892578125,1241391
2015-01-29,9.10708999633789,10.93563461303711,11.5496244430542,10.885851860046387,11.367087364196777,1893723
2015-01-30,9.278451919555664,11.141404151916504,11.2144193649292,10.93563461303711,10.93563461303711,2054923
2015-02-02,9.397302627563477,11.284114837646484,11.539667129516602,11.124810218811035,11.237650871276855,1271521
2015-02-03,9.834000587463379,11.808494567871094,11.911378860473633,11.307347297668457,11.4168701171875,2148028
2015-02-04,9.742792129516602,11.69897174835205,11.811814308166504,11.506479263305664,11.685696601867676,1483944
2015-02-05,10.033000946044922,12.047452926635742,12.067365646362305,11.629276275634766,11.778624534606934,2166408
2015-02-06,10.088282585144043,12.113829612731934,12.210077285766602,11.791899681091309,11.914697647094727,1278753
2015-02-09,10.24858570098877,12.306323051452637,12.435758590698242,12.007625579833984,12.08064079284668,1530647
2015-02-10,10.176725387573242,12.220032691955566,12.409208297729492,12.08064079284668,12.279772758483887,1201316
2015-02-11,9.947322845458984,11.944567680358887,12.332874298095703,11.911378860473633,12.253222465515137,1528538
2015-02-12,9.988779067993164,11.994351387023926,12.203438758850098,11.795219421386719,11.95120620727539,1699681
2015-02-13,10.115921020507812,12.147018432617188,12.269816398620605,11.89146614074707,11.981075286865234,1506241
2015-02-18,10.254117012023926,12.312960624694824,12.33951187133789,12.030858039855957,12.269816398620605,680655
2015-02-19,10.240294456481934,12.296366691589355,12.346150398254395,12.143698692321777,12.143698692321777,897598
2015-02-20,9.999835014343262,12.007625579833984,12.220032691955566,11.864914894104004,12.19680118560791,1312499
2015-02-23,9.986015319824219,11.991031646728516,12.137062072753906,11.868233680725098,11.944567680358887,920798
2015-02-24,10.102100372314453,12.130423545837402,12.183526039123535,11.871553421020508,11.95120620727539,1083204
2015-02-25,10.129740715026855,12.163613319396973,12.190162658691406,12.017582893371582,12.040815353393555,830707
2015-02-26,10.016420364379883,12.027539253234863,12.279772758483887,12.027539253234863,12.170249938964844,1114540
2015-02-27,9.590777397155762,11.516434669494629,11.947887420654297,11.05179500579834,11.947887420654297,2459581
2015-03-02,9.626819610595703,11.304027557373047,11.413551330566406,11.101577758789062,11.221056938171387,2153150
2015-03-03,9.609864234924316,11.284114837646484,11.406912803649902,11.144722938537598,11.406912803649902,1645144
2015-03-04,9.46854019165039,11.118171691894531,11.360448837280273,11.118171691894531,11.191186904907227,2179063
2015-03-05,9.66356372833252,11.347173690795898,11.347173690795898,11.084983825683594,11.084983825683594,1350464
2015-03-06,9.519416809082031,11.177911758422852,11.340536117553711,11.177911758422852,11.27083969116211,2911845
2015-03-09,9.519416809082031,11.177911758422852,11.350491523742676,11.177911758422852,11.284114837646484,1814479
2015-03-10,9.406356811523438,11.045158386230469,11.377042770385742,10.96550464630127,11.231014251708984,1191072
2015-03-11,9.406356811523438,11.045158386230469,11.24428939819336,10.90908432006836,11.035201072692871,1524018
2015-03-12,9.525069236755371,11.184550285339355,11.27083969116211,11.11153507232666,11.154680252075195,1994662
2015-03-13,9.338520050048828,10.96550464630127,11.181230545043945,10.958867073059082,11.16795539855957,1659004
2015-03-16,9.426141738891602,11.068389892578125,11.290753364562988,10.958867073059082,10.958867073059082,1737344
2015-03-17,9.35548210144043,10.985418319702148,11.191186904907227,10.982098579406738,11.031882286071777,4125817
2015-03-18,9.680523872375488,11.367087364196777,11.433464050292969,11.045158386230469,11.101577758789062,2813317
2015-03-19,9.779443740844727,11.483246803283691,11.80517578125,11.24096965789795,11.340536117553711,1089531
2015-03-20,9.7483549118042,11.446739196777344,11.625958442687988,11.400275230407715,11.536348342895508,1839187
2015-03-23,9.89250373840332,11.61600112915039,11.66246509552002,11.38700008392334,11.446739196777344,1831654
2015-03-24,9.864240646362305,11.582812309265137,11.652507781982422,11.390318870544434,11.649189949035645,1996771
2015-03-25,9.881197929382324,11.602725982666016,11.854958534240723,11.383681297302246,11.596088409423828,1225120
2015-03-26,9.89250373840332,11.61600112915039,11.788581848144531,11.347173690795898,11.582812309265137,2127539
2015-03-27,9.999906539916992,11.742117881774902,12.057409286499023,11.523073196411133,11.629276275634766,1296530
2015-03-30,9.960336685180664,11.695653915405273,12.040815353393555,11.61600112915039,11.801856994628906,1535769
2015-03-31,10.401261329650879,12.213395118713379,12.229990005493164,11.655826568603516,11.708929061889648,3106490
2015-04-01,10.146882057189941,11.914697647094727,12.319599151611328,11.914697647094727,12.183526039123535,1385416
2015-04-02,10.429524421691895,12.246583938598633,12.279772758483887,11.961161613464355,12.024221420288086,1646650
2015-04-06,10.429524421691895,12.246583938598633,12.389294624328613,12.180207252502441,12.276453971862793,1669851
2015-04-07,10.330599784851074,12.130423545837402,12.38597583770752,12.130423545837402,12.326236724853516,1150395
2015-04-08,10.33907699584961,12.140380859375,12.352787017822266,12.08064079284668,12.143698692321777,1252238
2015-04-09,10.274070739746094,12.064046859741211,12.346150398254395,11.89146614074707,12.08064079284668,1923553
2015-04-10,10.240157127380371,12.024221420288086,12.233308792114258,11.878190994262695,12.00430679321289,1251334
2015-04-13,10.217543601989746,11.99767017364502,12.259859085083008,11.934611320495605,12.024221420288086,1280561
2015-04-14,10.344731330871582,12.147018432617188,12.276453971862793,11.762030601501465,12.000988960266113,1237775
2015-04-15,10.372997283935547,12.180207252502441,12.246583938598633,12.027539253234863,12.246583938598633,1617424
2015-04-16,10.118618965148926,11.881509780883789,12.173568725585938,11.808494567871094,12.173568725585938,1603262
2015-04-17,10.206235885620117,11.984394073486328,12.100554466247559,11.845002174377441,11.884827613830566,834624
2015-04-20,10.372997283935547,12.180207252502441,12.223352432250977,12.040815353393555,12.093916893005371,695721
2015-04-22,10.457789421081543,12.279772758483887,12.611658096313477,12.113829612731934,12.113829612731934,2164600
2015-04-23,10.463441848754883,12.286410331726074,12.595064163208008,12.279772758483887,12.425802230834961,2379433
2015-04-24,10.528450012207031,12.362744331359863,12.405888557434082,12.083959579467773,12.35610580444336,1173295
2015-04-27,10.5001859664917,12.329554557800293,12.624934196472168,11.934611320495605,12.395933151245117,1336303
2015-04-28,10.25428581237793,12.040815353393555,12.279772758483887,11.64587116241455,12.279772758483887,1758436
2015-04-29,10.231674194335938,12.014264106750488,12.093916893005371,11.69233512878418,11.987712860107422,1099474
2015-04-30,9.835975646972656,11.5496244430542,12.279772758483887,11.519754409790039,12.054089546203613,1322744
2015-05-04,10.316468238830566,12.113829612731934,12.236626625061035,11.556262016296387,11.599407196044922,1537577
2015-05-05,10.542581558227539,12.379338264465332,12.435758590698242,12.044134140014648,12.113829612731934,893379
2015-05-06,10.69803524017334,12.561875343322754,12.893760681152344,12.16693115234375,12.319599151611328,1986828
2015-05-07,10.910018920898438,12.810790061950684,12.910354614257812,12.362744331359863,12.568512916564941,2706051
2015-05-08,11.023075103759766,12.943544387817383,13.25551700592041,12.741093635559082,12.89044189453125,1952780
2015-05-11,10.774352073669434,12.651485443115234,13.026515007019043,12.651485443115234,12.95018196105957,2114884
2015-05-12,10.751736640930176,12.624934196472168,12.784238815307617,12.419164657592773,12.651485443115234,815642
2015-05-13,10.666945457458496,12.525367736816406,12.843977928161621,12.419164657592773,12.654803276062012,868973
2015-05-14,10.895886421203613,12.794195175170898,12.794195175170898,12.465628623962402,12.465628623962402,840650
2015-05-15,11.01742172241211,12.936905860900879,13.076297760009766,12.764326095581055,12.853935241699219,2308927
2015-05-18,11.048514366149902,12.973414421081543,13.059703826904297,12.857254028320312,13.029833793640137,1945850
2015-05-19,11.023075103759766,12.943544387817383,13.069661140441895,12.883805274963379,13.00328254699707,1313102
2015-05-20,10.683902740478516,12.545281410217285,13.175864219665527,12.495497703552246,12.943544387817383,1409219
2015-05-21,10.949588775634766,12.857254028320312,13.096212387084961,12.445714950561523,12.611658096313477,1719567
2015-05-22,11.305717468261719,13.275429725646973,13.325213432312012,12.764326095581055,12.843977928161621,3536759
2015-05-25,11.27745246887207,13.242240905761719,13.275429725646973,13.013239860534668,13.242240905761719,496857
2015-05-26,10.853489875793457,12.744413375854492,13.235604286193848,12.654803276062012,13.219009399414062,1450197
2015-05-27,11.08243179321289,13.013239860534668,13.089573860168457,12.595064163208008,12.61497688293457,1652375
2015-05-28,10.743260383605957,12.61497688293457,13.145994186401367,12.61497688293457,13.145994186401367,1736139
2015-05-29,10.511492729187012,12.342830657958984,13.06302261352539,12.279772758483887,12.611658096313477,2719610
2015-06-01,10.910018920898438,12.810790061950684,13.05306625366211,12.445714950561523,12.445714950561523,1681000
2015-06-02,11.20961856842041,13.162589073181152,13.315256118774414,12.744413375854492,12.873847961425781,1756327
2015-06-03,11.22092342376709,13.175864219665527,13.295343399047852,12.973414421081543,13.295343399047852,1264290
2015-06-05,11.107868194580078,13.043109893798828,13.268792152404785,12.933587074279785,13.10948657989502,784607
2015-06-08,10.977851867675781,12.89044189453125,13.136037826538086,12.880485534667969,13.019878387451172,960571
2015-06-09,10.924152374267578,12.827383995056152,12.990008354187012,12.72781753540039,12.89044189453125,1673166
2015-06-10,11.076776504516602,13.00660228729248,13.089573860168457,12.797513961791992,12.797513961791992,750258
2015-06-11,11.059818267822266,12.986688613891602,13.099530220031738,12.89044189453125,13.039791107177734,852100
2015-06-12,10.955238342285156,12.863890647888184,13.305299758911133,12.863890647888184,12.903717994689941,1777418
2015-06-15,10.480400085449219,12.306323051452637,13.076297760009766,12.306323051452637,12.863890647888184,2465908
2015-06-16,10.384302139282227,12.193482398986816,12.485542297363281,12.08064079284668,12.346150398254395,2751850
2015-06-17,10.330599784851074,12.130423545837402,12.326236724853516,11.981075286865234,12.239946365356445,1106103
2015-06-18,10.627374649047852,12.478903770446777,12.654803276062012,12.11051082611084,12.19680118560791,1579157
2015-06-19,10.737606048583984,12.608339309692383,12.72781753540039,12.455672264099121,12.475584983825684,2031723
2015-06-22,10.78282642364502,12.6614408493042,12.72118091583252,12.565194129943848,12.681353569030762,655647
2015-06-23,11.181353569030762,13.129400253295898,13.129400253295898,12.671398162841797,12.74773120880127,2329114
2015-06-24,11.023075103759766,12.943544387817383,13.132719039916992,12.930269241333008,13.099530220031738,1418861
2015-06-25,10.966547012329102,12.877166748046875,13.185820579528809,12.850616455078125,13.06302261352539,1021737
2015-06-26,11.291584968566895,13.258835792541504,13.258835792541504,12.794195175170898,12.863890647888184,4721805
2015-06-29,11.164397239685059,13.10948657989502,13.192458152770996,12.737774848937988,13.162589073181152,1176308
2015-06-30,11.023075103759766,12.943544387817383,13.11280632019043,12.694629669189453,12.973414421081543,3471676
2015-07-01,11.023075103759766,12.943544387817383,13.08293628692627,12.867210388183594,12.956818580627441,1530044
2015-07-02,11.09938907623291,13.03315258026123,13.185820579528809,12.847296714782715,12.926950454711914,3226712
2015-07-03,11.025900840759277,12.946863174438477,13.119443893432617,12.824065208435059,13.06302261352539,847279
2015-07-06,10.924152374267578,12.827383995056152,12.910354614257812,12.684673309326172,12.820746421813965,1710227
2015-07-07,10.845013618469238,12.734456062316895,12.784238815307617,12.668079376220703,12.751049995422363,2235407
2015-07-08,10.596284866333008,12.442397117614746,12.810790061950684,12.346150398254395,12.741093635559082,1636105
2015-07-10,10.6104154586792,12.458991050720215,12.58510684967041,12.236626625061035,12.452352523803711,1268207
2015-07-13,10.683902740478516,12.545281410217285,12.694629669189453,12.445714950561523,12.505455017089844,1041020
2015-07-14,10.813920974731445,12.697949409484863,12.784238815307617,12.492178916931152,12.505455017089844,1052470
2015-07-15,10.548234939575195,12.38597583770752,12.741093635559082,12.346150398254395,12.741093635559082,2295066
2015-07-16,10.531278610229492,12.366063117980957,12.442397117614746,12.279772758483887,12.359424591064453,714703
2015-07-17,10.409740447998047,12.223352432250977,12.382657051086426,12.183526039123535,12.299686431884766,796960
2015-07-20,10.316468238830566,12.113829612731934,12.296366691589355,12.074003219604492,12.229990005493164,766227
2015-07-21,10.29951000213623,12.093916893005371,12.283090591430664,12.057409286499023,12.057409286499023,563748
2015-07-22,10.25428581237793,12.040815353393555,12.186844825744629,12.007625579833984,12.097234725952148,976540
2015-07-23,10.200580596923828,11.977755546569824,12.392614364624023,11.944567680358887,12.040815353393555,1792484
2015-07-24,9.934901237487793,11.665783882141113,11.941248893737793,11.506479263305664,11.931291580200195,1975679
2015-07-27,9.835975646972656,11.5496244430542,11.89146614074707,11.536348342895508,11.649189949035645,3169162
2015-07-28,9.858589172363281,11.57617473602295,11.738799095153809,11.5496244430542,11.566218376159668,2227875
2015-07-29,9.779443740844727,11.483246803283691,11.675740242004395,11.377042770385742,11.450057983398438,3042311
2015-07-30,9.708786964416504,11.400275230407715,11.52971076965332,11.353811264038086,11.353811264038086,1960614
2015-07-31,10.104484558105469,11.864914894104004,11.904742240905762,11.363767623901367,11.377042770385742,2767518
2015-08-03,9.903809547424316,11.629276275634766,11.854958534240723,11.493203163146973,11.635913848876953,1481533
2015-08-04,10.022942543029785,11.708929061889648,11.718886375427246,11.433464050292969,11.552943229675293,824982
2015-08-05,9.99737548828125,11.679059028625488,11.781944274902344,11.476609230041504,11.762030601501465,1717759
2015-08-06,9.792824745178223,11.440101623535156,11.685696601867676,11.390318870544434,11.49984073638916,3120049
2015-08-07,9.548501014709473,11.154680252075195,11.516434669494629,11.144722938537598,11.516434669494629,2066373
2015-08-10,9.659299850463867,11.284114837646484,11.44342041015625,11.025243759155273,11.121491432189941,1907282
2015-08-11,9.602478981018066,11.217738151550293,11.313984870910645,11.101577758789062,11.121491432189941,1630380
2015-08-12,9.30701732635498,10.872576713562012,11.151361465454102,10.789605140686035,11.151361465454102,1580363
2015-08-13,9.122355461120605,10.656850814819336,10.955548286437988,10.617025375366211,10.952230453491211,2118198
2015-08-14,9.034285545349121,10.553967475891113,10.736503601074219,10.520777702331543,10.524097442626953,2690986
2015-08-17,9.295653343200684,10.85930061340332,11.035201072692871,10.520777702331543,10.534052848815918,2735881
2015-08-18,9.517248153686523,11.118171691894531,11.118171691894531,10.726547241210938,10.829431533813477,3080276
2015-08-19,9.258722305297852,10.816156387329102,11.055113792419434,10.560604095458984,11.055113792419434,2223054
2015-08-20,9.119514465332031,10.653532028198242,10.782967567443848,10.494227409362793,10.570561408996582,2077220
2015-08-21,8.792803764343262,10.27186393737793,10.653532028198242,10.261906623840332,10.593792915344238,2075111
2015-08-24,8.522911071777344,9.956571578979492,10.095964431762695,9.634642601013184,9.641281127929688,5242767
2015-08-25,8.727462768554688,10.19552993774414,10.305051803588867,9.969847679138184,10.222081184387207,1559271
2015-08-26,8.770075798034668,10.245312690734863,10.411255836486816,9.973167419433594,10.268545150756836,3716640
2015-08-27,8.838255882263184,10.32496452331543,10.54732894897461,10.1557035446167,10.321646690368652,2732566
2015-08-28,9.164968490600586,10.706633567810059,10.759736061096191,10.16565990447998,10.321646690368652,4289729
2015-08-31,9.005874633789062,10.520777702331543,10.617025375366211,10.192211151123047,10.617025375366211,4782368
2015-09-01,8.480295181274414,9.90678882598877,10.368110656738281,9.85368824005127,10.321646690368652,3585872
2015-09-02,8.463249206542969,9.886876106262207,10.1557035446167,9.820499420166016,9.973167419433594,2408660
2015-09-03,8.80700969696045,10.288457870483398,10.331603050231934,9.976485252380371,9.976485252380371,1884684
2015-09-04,8.409269332885742,9.82381820678711,10.16565990447998,9.82381820678711,9.993080139160156,1166967
2015-09-08,8.522911071777344,9.956571578979492,10.2253999710083,9.926703453063965,10.208805084228516,2088670
2015-09-09,8.630867004394531,10.08268928527832,10.152384757995605,9.973167419433594,10.009674072265625,2062757
2015-09-10,8.324044227600098,9.724251747131348,9.876919746398926,9.538395881652832,9.790629386901855,3563575
2015-09-11,8.522911071777344,9.956571578979492,10.039544105529785,9.677787780761719,9.71761417388916,2608126
2015-09-14,8.522911071777344,9.956571578979492,10.029586791992188,9.873600959777832,9.989761352539062,1620135
2015-09-15,8.522911071777344,9.956571578979492,10.152384757995605,9.873600959777832,10.006355285644531,1065728
2015-09-16,8.960420608520508,10.467676162719727,10.467676162719727,9.956571578979492,9.956571578979492,1409219
2015-09-17,8.659278869628906,10.115877151489258,10.381385803222656,9.946616172790527,10.381385803222656,1949164
2015-09-18,8.522911071777344,9.956571578979492,10.142428398132324,9.873600959777832,10.066095352172852,1699681
2015-09-21,8.503022193908691,9.933340072631836,9.983122825622559,9.704339027404785,9.90678882598877,4508479
2015-09-22,8.491657257080078,9.920064926147461,9.920064926147461,9.634642601013184,9.787309646606445,2230285
2015-09-23,8.409269332885742,9.82381820678711,9.933340072631836,9.757440567016602,9.923383712768555,2643680
2015-09-24,8.295633316040039,9.69106388092041,9.85368824005127,9.594817161560059,9.720932960510254,2334538
2015-09-25,8.28995132446289,9.684426307678223,9.843730926513672,9.608092308044434,9.608092308044434,5897209
2015-09-28,8.199043273925781,9.578222274780273,9.714296340942383,9.415597915649414,9.624686241149902,2333333
2015-09-29,8.329726219177246,9.730890274047852,9.817179679870605,9.48861312866211,9.48861312866211,2368586
2015-09-30,8.562681198120117,10.003035545349121,10.003035545349121,9.69106388092041,9.707657814025879,3537663
2015-10-01,8.380860328674316,9.790629386901855,10.19552993774414,9.790629386901855,10.059456825256348,4446108
2015-10-02,8.716094970703125,10.182254791259766,10.341560363769531,9.720932960510254,9.813860893249512,1029269
2015-10-05,8.92348861694336,10.424530982971191,10.424530982971191,10.086008071899414,10.38802433013916,2427642
2015-10-06,8.775757789611816,10.251951217651367,10.411255836486816,10.089326858520508,10.394660949707031,2527677
2015-10-07,9.091104507446289,10.620344161987305,10.93563461303711,10.494227409362793,10.620344161987305,2221246
2015-10-08,9.116671562194824,10.650213241577148,10.912403106689453,10.497546195983887,10.553967475891113,966296
2015-10-09,9.383723258972168,10.962185859680176,11.118171691894531,10.779648780822754,10.91904067993164,1395962
2015-10-13,9.417815208435059,11.002012252807617,11.002012252807617,10.693359375,10.93563461303711,1248923
2015-10-14,9.162126541137695,10.703314781188965,10.945591926574707,10.593792915344238,10.945591926574707,1639118
2015-10-15,9.460431098937988,11.05179500579834,11.247608184814453,10.550647735595703,10.560604095458984,914471
2015-10-16,9.233152389526367,10.786287307739258,11.24428939819336,10.683402061462402,11.24428939819336,2464402
2015-10-19,9.75020980834961,11.390318870544434,11.420187950134277,10.719908714294434,10.719908714294434,1483944
2015-10-20,9.772939682006836,11.4168701171875,11.450057983398438,11.30070972442627,11.420187950134277,1356189
2015-10-21,9.517248153686523,11.118171691894531,11.58613109588623,11.028562545776367,11.450057983398438,1208548
2015-10-22,9.914983749389648,11.582812309265137,11.801856994628906,11.098258972167969,11.2144193649292,2255595
2015-10-23,9.846802711486816,11.50316047668457,12.074003219604492,11.50316047668457,11.864914894104004,2713885
2015-10-26,9.920666694641113,11.589449882507324,11.672422409057617,11.363767623901367,11.599407196044922,1467975
2015-10-27,9.943395614624023,11.61600112915039,11.712247848510742,11.526391983032227,11.526391983032227,1172692
2015-10-28,9.653617858886719,11.277478218078613,11.426825523376465,11.25424575805664,11.35713005065918,123536
2015-10-29,9.457588195800781,11.048476219177246,11.131447792053223,10.769692420959473,10.769692420959473,4637740
2015-10-30,9.707595825195312,11.340536117553711,11.436782836914062,10.93563461303711,10.93563461303711,2651213
2015-11-03,10.361019134521484,12.103873252868652,12.253222465515137,11.287433624267578,11.337217330932617,3784434
2015-11-04,10.065558433532715,11.758711814880371,12.6614408493042,11.58613109588623,12.113829612731934,3293301
2015-11-05,10.440566062927246,12.19680118560791,12.296366691589355,11.609362602233887,11.758711814880371,1122374
2015-11-06,10.386587142944336,12.133743286132812,12.392614364624023,11.947887420654297,12.193482398986816,642088
2015-11-09,10.483180046081543,12.246583938598633,12.346150398254395,11.881509780883789,12.133743286132812,1303159
2015-11-10,10.363858222961426,12.107192039489746,12.306323051452637,11.95120620727539,12.210077285766602,796057
2015-11-11,10.224651336669922,11.944567680358887,12.246583938598633,11.825089454650879,12.027539253234863,2710269
2015-11-12,10.298517227172852,12.030858039855957,12.127104759216309,11.914697647094727,11.994351387023926,1254648
2015-11-13,10.255903244018555,11.981075286865234,12.233308792114258,11.92133617401123,11.961161613464355,1301954
2015-11-16,10.028626441955566,11.715566635131836,12.097234725952148,11.712247848510742,12.027539253234863,1549328
2015-11-17,10.128059387207031,11.831727027893066,12.090598106384277,11.715566635131836,11.715566635131836,1053977
2015-11-18,10.156469345092773,11.864914894104004,11.974437713623047,11.705610275268555,11.944567680358887,1894025
2015-11-19,10.000214576721191,11.682377815246582,11.991031646728516,11.63259506225586,11.864914894104004,2752151
2015-11-23,10.267266273498535,11.994351387023926,12.249902725219727,11.323942184448242,11.742117881774902,2073906
2015-11-24,10.128059387207031,11.831727027893066,12.113829612731934,11.742117881774902,12.113829612731934,854510
2015-11-25,10.11385440826416,11.815132141113281,12.097234725952148,11.738799095153809,11.785263061523438,1079588
2015-11-26,10.227492332458496,11.947887420654297,12.017582893371582,11.768668174743652,11.864914894104004,331138
2015-11-27,10.085441589355469,11.781944274902344,11.947887420654297,11.735480308532715,11.821769714355469,1400180
2015-11-30,9.508727073669434,11.108216285705566,11.954524040222168,11.108216285705566,11.77530574798584,4627495
2015-12-01,9.772939682006836,11.4168701171875,11.446739196777344,11.035201072692871,11.184550285339355,2545755
2015-12-02,9.971805572509766,11.649189949035645,11.83504581451416,11.390318870544434,11.423506736755371,819257
2015-12-03,10.369542121887207,12.113829612731934,12.488861083984375,11.649189949035645,11.732160568237305,1392647
2015-12-04,9.832598686218262,11.486565589904785,12.123785972595215,11.479928016662598,12.054089546203613,1115142
2015-12-07,9.929192543029785,11.599407196044922,11.798538208007812,11.340536117553711,11.47329044342041,724044
2015-12-08,9.588274002075195,11.201144218444824,11.509798049926758,11.078346252441406,11.493203163146973,1955190
2015-12-09,9.559864044189453,11.16795539855957,11.569537162780762,10.932315826416016,11.201144218444824,1759340
2015-12-10,8.951898574829102,10.457719802856445,11.061752319335938,10.424530982971191,11.018607139587402,3688919
2015-12-11,9.091104507446289,10.620344161987305,10.786287307739258,10.364791870117188,10.451082229614258,2170325
2015-12-14,9.008718490600586,10.524097442626953,10.882533073425293,10.514140129089355,10.607068061828613,957859
2015-12-15,8.957579612731934,10.464357376098633,10.753097534179688,10.364791870117188,10.623662948608398,1922950
2015-12-16,8.860983848571777,10.351515769958496,10.6137056350708,10.288457870483398,10.424530982971191,1032282
2015-12-17,9.076900482177734,10.60374927520752,10.836069107055664,10.454401016235352,10.467676162719727,1702995
2015-12-18,9.003034591674805,10.51745891571045,10.53073501586914,10.374748229980469,10.487588882446289,1793990
2015-12-21,8.610978126525879,10.059456825256348,10.620344161987305,10.009674072265625,10.620344161987305,2700326
2015-12-22,8.863042831420898,10.288457870483398,10.364791870117188,10.089326858520508,10.092644691467285,1245609
2015-12-23,9.148946762084961,10.620344161987305,10.786287307739258,10.288457870483398,10.510821342468262,1029571
2015-12-28,8.96310806274414,10.404618263244629,10.524097442626953,10.291776657104492,10.520777702331543,1096160
2015-12-29,8.96310806274414,10.404618263244629,10.494227409362793,10.305051803588867,10.305051803588867,957257
2015-12-30,8.871618270874023,10.298415184020996,10.550647735595703,10.298415184020996,10.411255836486816,870781
2016-01-04,8.774410247802734,10.185572624206543,10.593792915344238,10.185572624206543,10.265226364135742,1464660
2016-01-05,8.731525421142578,10.135790824890137,10.421212196350098,10.132472038269043,10.351515769958496,1349259
2016-01-06,8.948814392089844,10.38802433013916,10.417893409729004,9.93665885925293,9.973167419433594,1337508
2016-01-07,8.714372634887695,10.115877151489258,10.47099494934082,10.095964431762695,10.285139083862305,1196797
2016-01-08,8.734383583068848,10.139108657836914,10.553967475891113,10.139108657836914,10.178936004638672,1669249
2016-01-11,8.22547435760498,9.54835319519043,10.285139083862305,9.54835319519043,10.11255931854248,2458677
2016-01-12,8.505657196044922,9.873600959777832,9.903470993041992,9.51848316192627,9.674468994140625,1286285
2016-01-13,8.56284236907959,9.939977645874023,10.05281925201416,9.760760307312012,9.956571578979492,1449896
2016-01-14,8.49136734008789,9.857007026672363,9.956571578979492,9.618048667907715,9.850369453430176,1286888
2016-01-15,8.291231155395508,9.624686241149902,9.873600959777832,9.598135948181152,9.737527847290039,1027461
2016-01-18,8.342695236206055,9.684426307678223,9.684426307678223,9.445467948913574,9.624686241149902,605931
2016-01-19,8.525673866271973,9.896833419799805,9.896833419799805,9.591498374938965,9.783991813659668,1711130
2016-01-20,8.291231155395508,9.624686241149902,9.870282173156738,9.531758308410645,9.870282173156738,1578856
2016-01-21,8.113971710205078,9.418916702270508,9.740845680236816,9.38572883605957,9.740845680236816,2232695
2016-01-22,8.176871299743652,9.491931915283203,9.608092308044434,9.44214916229248,9.44214916229248,1534262
2016-01-26,8.291231155395508,9.624686241149902,9.697701454162598,9.32598876953125,9.379091262817383,992208
2016-01-27,8.437043190002441,9.79394817352295,10.019631385803223,9.545034408569336,9.628005027770996,1472193
2016-01-28,8.620022773742676,10.006355285644531,10.089326858520508,9.79394817352295,9.79394817352295,1477918
2016-01-29,9.263304710388184,10.753097534179688,10.992055892944336,10.086008071899414,10.11255931854248,3324336
2016-02-01,9.160385131835938,10.63361930847168,10.952230453491211,10.570561408996582,10.952230453491211,1103090
2016-02-02,9.034584045410156,10.487588882446289,10.607068061828613,10.228718757629395,10.60374927520752,1489367
2016-02-03,8.694358825683594,10.092644691467285,10.524097442626953,10.092644691467285,10.524097442626953,1139850
2016-02-04,8.805861473083496,10.222081184387207,10.444443702697754,10.11255931854248,10.198848724365234,1342630
2016-02-05,8.920221328735352,10.35483455657959,10.437807083129883,10.119195938110352,10.265226364135742,1088928
2016-02-10,8.805861473083496,10.222081184387207,10.348196983337402,10.086008071899414,10.334921836853027,802987
2016-02-11,8.665765762329102,10.059456825256348,10.205487251281738,9.930021286010742,10.1557035446167,1352875
2016-02-12,8.620022773742676,10.006355285644531,10.397979736328125,10.006355285644531,10.162341117858887,2077823
2016-02-15,8.314106941223145,9.651236534118652,10.32496452331543,9.651236534118652,10.15902328491211,1376979
2016-02-16,8.579995155334473,9.959891319274902,10.11255931854248,9.707657814025879,9.707657814025879,1295325
2016-02-17,8.577136993408203,9.956571578979492,10.248632431030273,9.939977645874023,9.956571578979492,1318525
2016-02-18,8.780133247375488,10.192211151123047,10.338240623474121,9.903470993041992,9.949934959411621,1598441
2016-02-19,8.903066635131836,10.334921836853027,10.620344161987305,10.162341117858887,10.321646690368652,1627969
2016-02-22,9.274744987487793,10.766372680664062,10.855982780456543,10.47099494934082,10.47099494934082,1124182
2016-02-23,9.434850692749023,10.952230453491211,11.177911758422852,10.617025375366211,10.723228454589844,1829545
2016-02-24,8.920221328735352,10.35483455657959,11.061752319335938,10.35483455657959,10.899127960205078,1570721
2016-02-25,8.777271270751953,10.188892364501953,10.407937049865723,10.11255931854248,10.258587837219238,1212465
2016-02-26,8.73724365234375,10.142428398132324,10.63029956817627,10.142428398132324,10.364791870117188,1473097
2016-02-29,9.005992889404297,10.454401016235352,10.58715534210205,10.21212387084961,10.21212387084961,2401127
2016-03-01,9.377667427062988,10.885851860046387,11.211099624633789,10.451082229614258,10.451082229614258,1136836
2016-03-02,9.463441848754883,10.985418319702148,11.174592971801758,10.723228454589844,10.816156387329102,1677083
2016-03-03,9.306193351745605,10.802881240844727,11.204463005065918,10.802881240844727,11.061752319335938,1303460
2016-03-04,9.429129600524902,10.945591926574707,11.35713005065918,10.879215240478516,11.11153507232666,2995609
2016-03-07,9.620688438415527,11.16795539855957,11.363767623901367,10.819475173950195,10.952230453491211,1847322
2016-03-08,9.634984970092773,11.184550285339355,11.400275230407715,10.982098579406738,11.16795539855957,1038007
2016-03-09,9.31476879119873,10.812836647033691,11.367087364196777,10.709953308105469,11.31066608428955,2200154
2016-03-10,9.334783554077148,10.836069107055664,11.171274185180664,10.739823341369629,10.812836647033691,2407756
2016-03-11,9.340500831604004,10.842706680297852,11.118171691894531,10.656850814819336,10.786287307739258,1995867
2016-03-14,9.291897773742676,10.786287307739258,10.925679206848145,10.567241668701172,10.899127960205078,949121
2016-03-15,9.091766357421875,10.553967475891113,10.925679206848145,10.507502555847168,10.683402061462402,1386320
2016-03-16,9.234715461730957,10.719908714294434,10.829431533813477,10.417893409729004,10.480952262878418,1499612
2016-03-17,8.863042831420898,10.288457870483398,10.550647735595703,9.375772476196289,9.375772476196289,5375343
2016-03-18,8.577136993408203,9.956571578979492,10.497546195983887,9.82381820678711,10.32496452331543,4653709
2016-03-21,8.600008010864258,9.983122825622559,10.178936004638672,9.850369453430176,10.039544105529785,3101368
2016-03-22,8.434183120727539,9.790629386901855,10.036225318908691,9.697701454162598,9.959891319274902,2032024
2016-03-23,8.185449600219727,9.5018892288208,9.800585746765137,9.455425262451172,9.694381713867188,2776256
2016-03-24,8.136841773986816,9.445467948913574,9.475337982177734,9.08039379119873,9.435511589050293,2199250
2016-03-28,8.288373947143555,9.621368408203125,9.740845680236816,9.495250701904297,9.511844635009766,988894
2016-03-29,8.136841773986816,9.445467948913574,9.820499420166016,9.35585880279541,9.667832374572754,2608427
2016-03-30,8.053929328918457,9.349221229553223,9.591498374938965,9.332627296447754,9.538395881652832,1591812
2016-03-31,7.788041591644287,9.040568351745605,9.040568351745605,9.040568351745605,9.040568351745605,1205
2016-04-01,7.888106346130371,9.15672779083252,9.186596870422363,8.894537925720215,8.944320678710938,2279097
2016-04-04,7.845222473144531,9.106945037841797,9.106945037841797,9.106945037841797,9.106945037841797,2711
2016-04-05,7.748015403747559,8.994104385375977,8.994104385375977,8.994104385375977,8.994104385375977,1205
2016-04-06,7.776604652404785,9.027292251586914,9.027292251586914,9.027292251586914,9.027292251586914,1205
2016-04-07,8.053929328918457,9.349221229553223,9.349221229553223,9.349221229553223,9.349221229553223,1205
2016-04-08,8.105396270751953,9.408961296081543,9.60145378112793,9.372452735900879,9.48861312866211,5776686
2016-04-11,8.062509536743164,9.359177589416504,9.359177589416504,9.359177589416504,9.359177589416504,301
2016-04-12,8.148279190063477,9.458744049072266,9.458744049072266,9.458744049072266,9.458744049072266,301
2016-04-13,7.788041591644287,9.040568351745605,9.040568351745605,9.040568351745605,9.040568351745605,5423
2016-04-14,7.9052605628967285,9.176641464233398,9.289482116699219,8.93768310546875,8.994104385375977,2482480
2016-04-15,8.005330085754395,9.292800903320312,9.359177589416504,9.067117691040039,9.219785690307617,2325800
2016-04-18,8.008186340332031,9.296119689941406,9.342583656311035,9.153409004211426,9.32598876953125,1091038
2016-04-19,8.045354843139648,9.339264869689941,9.339264869689941,9.339264869689941,9.339264869689941,301
2016-04-20,8.108256340026855,9.412280082702637,9.481975555419922,9.216466903686523,9.292800903320312,2546358
2016-04-22,8.059649467468262,9.35585880279541,9.485294342041016,9.279524803161621,9.292800903320312,1698174
2016-04-25,8.065369606018066,9.362497329711914,9.458744049072266,9.262930870056152,9.408961296081543,1245910
2016-04-26,8.205461502075195,9.525120735168457,9.571584701538086,9.352540016174316,9.399003982543945,796057
2016-04-27,8.108989715576172,9.279524803161621,9.5018892288208,9.160045623779297,9.5018892288208,1386019
2016-04-28,8.309103012084961,9.508525848388672,9.508525848388672,9.279524803161621,9.332627296447754,1229941
2016-04-29,8.178595542907715,9.359177589416504,9.515164375305176,9.269569396972656,9.515164375305176,1640624
2016-05-02,8.44831657409668,9.667832374572754,9.734209060668945,9.349221229553223,9.415597915649414,555010
2016-05-03,8.341009140014648,9.545034408569336,9.694381713867188,9.359177589416504,9.667832374572754,1925662
2016-05-04,8.349706649780273,9.5549898147583,9.5549898147583,9.369133949279785,9.521801948547363,2177556
2016-05-05,8.465715408325195,9.687745094299316,9.847049713134766,9.571584701538086,9.651236534118652,2786501
2016-05-06,8.407712936401367,9.621368408203125,9.734209060668945,9.452106475830078,9.677787780761719,926824
2016-05-09,8.48891830444336,9.714296340942383,9.727570533752441,9.455425262451172,9.621368408203125,1360106
2016-05-10,8.744135856628418,10.006355285644531,10.119195938110352,9.697701454162598,9.727570533752441,1033488
2016-05-11,8.445414543151855,9.664512634277344,10.172298431396484,9.628005027770996,10.076050758361816,1557162
2016-05-12,8.921049118041992,10.208805084228516,10.208805084228516,9.724251747131348,9.80390453338623,846676
2016-05-13,8.561423301696777,9.797266960144043,10.182254791259766,9.730890274047852,10.182254791259766,1450197
2016-05-16,8.570123672485352,9.80722427368164,9.837093353271484,9.651236534118652,9.837093353271484,843965
2016-05-17,8.454113960266113,9.674468994140625,9.790629386901855,9.525120735168457,9.525120735168457,817751
2016-05-18,8.332306861877441,9.535077095031738,9.730890274047852,9.352540016174316,9.674468994140625,1669249
2016-05-19,8.222099304199219,9.408961296081543,9.581541061401367,9.332627296447754,9.462061882019043,1422778
2016-05-20,7.995883941650391,9.150090217590332,9.47201919555664,9.146771430969238,9.418916702270508,1671960
2016-05-23,7.816070079803467,8.944320678710938,9.21314811706543,8.834797859191895,9.083712577819824,813834
2016-05-24,8.227898597717285,9.415597915649414,9.415597915649414,8.927725791931152,8.960914611816406,1463154
2016-05-25,8.079988479614258,9.246336936950684,9.578222274780273,9.160045623779297,9.362497329711914,976239
2016-05-27,8.280099868774414,9.475337982177734,9.515164375305176,9.186596870422363,9.262930870056152,1969051
2016-05-30,8.265602111816406,9.458744049072266,9.624686241149902,9.452106475830078,9.54835319519043,363980
2016-05-31,8.590426445007324,9.830455780029297,10.02294921875,9.525120735168457,9.538395881652832,4110751
2016-06-01,8.613626480102539,9.857007026672363,9.913427352905273,9.591498374938965,9.903470993041992,2063059
2016-06-02,8.88914680480957,10.172298431396484,10.258587837219238,9.85368824005127,9.85368824005127,1527031
2016-06-03,9.53009033203125,10.90576457977295,11.260883331298828,10.10923957824707,10.10923957824707,3451488
2016-06-06,9.179166793823242,10.504183769226074,11.114853858947754,10.504183769226074,10.885851860046387,1228434
2016-06-07,9.077659606933594,10.38802433013916,10.77632999420166,10.152384757995605,10.454401016235352,1323346
2016-06-08,8.93265151977539,10.222081184387207,10.699995994567871,10.21212387084961,10.301733016967773,1565297
2016-06-09,8.900747299194336,10.185572624206543,10.461038589477539,10.185572624206543,10.281820297241211,1314006
2016-06-10,8.793437957763672,10.062775611877441,10.268545150756836,9.893513679504395,10.162341117858887,879820
2016-06-13,8.93265151977539,10.222081184387207,10.258587837219238,9.870282173156738,9.973167419433594,1961819
2016-06-14,8.700634002685547,9.956571578979492,10.178936004638672,9.857007026672363,10.102602005004883,1309185
2016-06-15,8.758637428283691,10.02294921875,10.049500465393066,9.863643646240234,9.999716758728027,1211260
2016-06-16,8.828243255615234,10.102602005004883,10.102602005004883,9.624686241149902,9.993080139160156,2041666
2016-06-17,8.700634002685547,9.956571578979492,10.142428398132324,9.840412139892578,10.115877151489258,2226971
2016-06-20,8.616527557373047,9.86032485961914,10.175617218017578,9.837093353271484,9.973167419433594,1097968
2016-06-21,8.877547264099121,10.15902328491211,10.21212387084961,9.80722427368164,9.83377456665039,1399577
2016-06-22,8.700634002685547,9.956571578979492,10.245312690734863,9.893513679504395,10.115877151489258,1548424
2016-06-23,8.816642761230469,10.089326858520508,10.162341117858887,9.90678882598877,9.90678882598877,1668043
2016-06-24,8.633929252624512,9.88023853302002,9.986441612243652,9.531758308410645,9.837093353271484,1143767
2016-06-27,8.520818710327148,9.750802993774414,9.916746139526367,9.664512634277344,9.916746139526367,1418560
2016-06-28,8.544022560119629,9.77735424041748,9.893513679504395,9.611411094665527,9.83377456665039,3114324
2016-06-29,8.787641525268555,10.056138038635254,10.145747184753418,9.800585746765137,9.800585746765137,2013946
2016-06-30,8.857248306274414,10.135790824890137,10.295096397399902,9.90678882598877,10.036225318908691,3029054
2016-07-01,8.952951431274414,10.245312690734863,10.265226364135742,10.046180725097656,10.251951217651367,1129002
2016-07-04,9.039958000183105,10.344879150390625,10.411255836486816,10.235356330871582,10.255269050598145,466124
2016-07-05,8.871745109558105,10.152384757995605,10.285139083862305,10.069413185119629,10.222081184387207,3329458
2016-07-06,8.883345603942871,10.16565990447998,10.258587837219238,10.009674072265625,10.139108657836914,1939824
2016-07-07,8.958755493164062,10.251951217651367,10.431168556213379,10.132472038269043,10.16565990447998,2552685
2016-07-08,9.008056640625,10.308370590209961,10.378067016601562,10.152384757995605,10.251951217651367,1952479
2016-07-11,8.952951431274414,10.245312690734863,10.424530982971191,10.11255931854248,10.417893409729004,1565900
2016-07-12,9.216872215270996,10.54732894897461,10.57719898223877,10.2785005569458,10.281820297241211,1964832
2016-07-13,9.179166793823242,10.504183769226074,10.646895408630371,10.368110656738281,10.6137056350708,1138042
2016-07-14,9.280678749084473,10.620344161987305,10.85930061340332,10.50086498260498,10.6137056350708,806301
2016-07-15,9.173369407653809,10.497546195983887,10.713272094726562,10.378067016601562,10.656850814819336,781594
2016-07-18,9.332880020141602,10.680083274841309,10.709953308105469,10.41457462310791,10.454401016235352,1441459
2016-07-19,9.614197731018066,11.002012252807617,11.035201072692871,10.544010162353516,10.544010162353516,1721978
2016-07-20,9.486593246459961,10.855982780456543,11.071707725524902,10.66016960144043,11.002012252807617,1844008
2016-07-21,9.570697784423828,10.952230453491211,11.098258972167969,10.802881240844727,10.85930061340332,1563791
2016-07-22,9.49819278717041,10.869257926940918,10.972143173217773,10.683402061462402,10.955548286437988,1854252
2016-07-25,9.48369026184082,10.85266399383545,11.035201072692871,10.7464599609375,10.782967567443848,1228133
2016-07-26,9.669302940368652,11.065071105957031,11.065071105957031,10.77632999420166,10.85266399383545,1482136
2016-07-27,9.5242919921875,10.899127960205078,11.018607139587402,10.786287307739258,10.992055892944336,868973
2016-07-28,9.649003982543945,11.041838645935059,11.041838645935059,10.802881240844727,10.802881240844727,2315857
2016-07-29,9.541695594787598,10.91904067993164,11.015288352966309,10.819475173950195,10.836069107055664,1609590
2016-08-01,9.480792045593262,10.849345207214355,11.05179500579834,10.756417274475098,10.895809173583984,884641
2016-08-02,9.440185546875,10.802881240844727,10.849345207214355,10.540691375732422,10.812836647033691,741520
2016-08-03,9.350276947021484,10.699995994567871,10.865939140319824,10.58715534210205,10.80620002746582,1285080
2016-08-04,9.112464904785156,10.427849769592285,10.719908714294434,10.003035545349121,10.620344161987305,3053460
2016-08-05,9.231524467468262,10.474313735961914,10.640256881713867,10.288457870483398,10.361473083496094,979855
2016-08-08,9.30172348022461,10.553967475891113,10.653532028198242,10.44112491607666,10.447763442993164,1182033
2016-08-09,9.322200775146484,10.57719898223877,10.789605140686035,10.477633476257324,10.487588882446289,1061208
2016-08-10,9.205198287963867,10.444443702697754,10.610386848449707,10.374748229980469,10.590474128723145,862043
2016-08-11,9.5123291015625,10.792923927307129,10.882533073425293,10.41457462310791,10.417893409729004,1247718
2016-08-12,9.439204216003418,10.709953308105469,10.925679206848145,10.60374927520752,10.766372680664062,1248622
2016-08-15,9.275400161743164,10.524097442626953,10.799562454223633,10.490907669067383,10.69003963470459,890969
2016-08-16,9.067718505859375,10.288457870483398,10.54732894897461,10.215442657470703,10.524097442626953,863550
2016-08-17,9.17302131652832,10.407937049865723,10.407937049865723,10.006355285644531,10.348196983337402,2584925
2016-08-18,9.096967697143555,10.321646690368652,10.358154296875,10.139108657836914,10.358154296875,1706310
2016-08-19,9.047245979309082,10.265226364135742,10.341560363769531,10.202168464660645,10.275182723999023,920196
2016-08-22,8.72256088256836,9.896833419799805,10.288457870483398,9.896833419799805,10.288457870483398,1174199
2016-08-23,8.84834098815918,10.039544105529785,10.145747184753418,9.820499420166016,10.05281925201416,1490874
2016-08-24,8.585082054138184,9.740845680236816,10.086008071899414,9.740845680236816,10.039544105529785,1686423
2016-08-25,8.833717346191406,10.02294921875,10.086008071899414,9.800585746765137,9.800585746765137,1282067
2016-08-26,8.91854190826416,10.119195938110352,10.12915325164795,9.896833419799805,10.105920791625977,1825628
2016-08-29,8.775213241577148,9.956571578979492,10.142428398132324,9.923383712768555,10.072731971740723,583333
2016-08-30,8.81031322479248,9.99639892578125,10.006355285644531,9.85368824005127,10.006355285644531,476670
2016-08-31,8.775213241577148,9.956571578979492,10.095964431762695,9.813860893249512,9.943297386169434,1574035
2016-09-01,8.693307876586914,9.863643646240234,9.96652889251709,9.754121780395508,9.949934959411621,1503830
2016-09-02,8.977044105529785,10.185572624206543,10.32828426361084,9.86032485961914,9.863643646240234,1290202
2016-09-05,8.99459171295166,10.205487251281738,10.41457462310791,10.059456825256348,10.168978691101074,574595
2016-09-06,9.143768310546875,10.374748229980469,10.374748229980469,10.145747184753418,10.152384757995605,816546
2016-09-08,9.07064437866211,10.291776657104492,10.590474128723145,10.125834465026855,10.341560363769531,2346891
2016-09-09,8.628957748413086,9.790629386901855,10.358154296875,9.671150207519531,10.21212387084961,2973010
2016-09-12,8.775213241577148,9.956571578979492,10.059456825256348,9.48861312866211,9.79394817352295,2946797
2016-09-13,8.775213241577148,9.956571578979492,10.105920791625977,9.83377456665039,9.986441612243652,1425189
2016-09-14,8.827863693237305,10.016311645507812,10.308370590209961,9.90678882598877,9.943297386169434,1163050
2016-09-15,9.129146575927734,10.358154296875,10.358154296875,9.993080139160156,10.056138038635254,610451
2016-09-16,9.27247428894043,10.520777702331543,10.597111701965332,10.305051803588867,10.35483455657959,3199896
2016-09-19,9.199347496032715,10.437807083129883,10.51745891571045,10.341560363769531,10.411255836486816,1009383
2016-09-20,9.404101371765137,10.670126914978027,10.670126914978027,10.288457870483398,10.504183769226074,2640065
2016-09-21,9.257851600646973,10.504183769226074,10.693359375,10.41457462310791,10.693359375,912663
2016-09-22,9.497703552246094,10.77632999420166,10.77632999420166,10.490907669067383,10.60374927520752,974431
2016-09-23,9.3602294921875,10.620344161987305,10.77632999420166,10.497546195983887,10.656850814819336,1291709
2016-09-26,9.143768310546875,10.374748229980469,10.570561408996582,10.285139083862305,10.494227409362793,2777763
2016-09-27,9.345597267150879,10.60374927520752,10.60374927520752,10.222081184387207,10.32828426361084,1132016
2016-09-28,9.3602294921875,10.620344161987305,10.769692420959473,10.371429443359375,10.6137056350708,1214273
2016-09-29,8.959494590759277,10.16565990447998,10.753097534179688,10.086008071899414,10.60374927520752,835227
2016-09-30,8.886363983154297,10.08268928527832,10.32496452331543,10.08268928527832,10.19552993774414,1227832
2016-10-03,9.26662540435791,10.514140129089355,10.514140129089355,10.08268928527832,10.092644691467285,922907
2016-10-04,9.27247428894043,10.520777702331543,10.656850814819336,10.315009117126465,10.474313735961914,920196
2016-10-05,9.056017875671387,10.275182723999023,10.573880195617676,10.275182723999023,10.563922882080078,894886
2016-10-06,9.307575225830078,10.560604095458984,10.560604095458984,10.238675117492676,10.351515769958496,658961
2016-10-07,9.178872108459473,10.41457462310791,10.553967475891113,10.285139083862305,10.534052848815918,1157627
2016-10-10,9.129146575927734,10.358154296875,10.563922882080078,10.358154296875,10.544010162353516,1621341
2016-10-11,8.81908893585205,10.006355285644531,10.411255836486816,10.003035545349121,10.321646690368652,1326661
2016-10-13,8.775213241577148,9.956571578979492,10.105920791625977,9.930021286010742,10.049500465393066,1841898
2016-10-14,8.678685188293457,9.847049713134766,10.086008071899414,9.847049713134766,9.986441612243652,1582472
2016-10-17,8.74596118927002,9.923383712768555,10.076050758361816,9.843730926513672,9.86032485961914,3082385
2016-10-18,8.775213241577148,9.956571578979492,10.069413185119629,9.93665885925293,9.96652889251709,703254
2016-10-19,8.740108489990234,9.916746139526367,10.105920791625977,9.840412139892578,9.923383712768555,2587938
2016-10-20,8.795685768127441,9.979804039001465,9.979804039001465,9.764078140258789,9.943297386169434,870781
2016-10-21,8.687458992004395,9.857007026672363,9.973167419433594,9.667832374572754,9.969847679138184,2029614
2016-10-24,8.81908893585205,10.006355285644531,10.006355285644531,9.857007026672363,9.883557319641113,1370652
2016-10-25,8.555830955505371,9.707657814025879,9.993080139160156,9.69106388092041,9.93665885925293,2272468
2016-10-26,8.549983024597168,9.701020240783691,9.754121780395508,9.481975555419922,9.720932960510254,1216985
2016-10-27,8.509029388427734,9.654556274414062,9.77735424041748,9.525120735168457,9.77735424041748,1074767
2016-10-28,8.254549980163574,9.365816116333008,9.654556274414062,9.365816116333008,9.654556274414062,1383608
2016-10-31,8.471006393432617,9.611411094665527,9.651236534118652,9.296119689941406,9.365816116333008,1817492
2016-11-01,8.263321876525879,9.375772476196289,9.608092308044434,9.359177589416504,9.568265914916992,1232954
2016-11-03,8.131698608398438,9.226424217224121,9.545034408569336,9.226424217224121,9.35585880279541,1878055
2016-11-04,7.546682834625244,8.562651634216309,9.093668937683105,8.406665802001953,9.093668937683105,6597752
2016-11-07,7.561307430267334,8.579245567321777,8.728594779968262,8.575926780700684,8.728594779968262,1281163
2016-11-08,7.473552703857422,8.479681015014648,8.672174453735352,8.409984588623047,8.66221809387207,1943138
2016-11-09,7.365331172943115,8.35688304901123,8.619072914123535,8.200897216796875,8.360201835632324,2032325
2016-11-10,7.283426284790039,8.263955116271973,8.46972370147705,7.985170841217041,8.446492195129395,2950714
2016-11-11,7.087446689605713,8.041590690612793,8.343606948852539,7.8756489753723145,8.280549049377441,1701489
2016-11-14,6.900242328643799,7.8291850090026855,8.12788200378418,7.8291850090026855,8.041590690612793,1423983
2016-11-16,6.8007893562316895,7.716342926025391,7.905518054962158,7.401051998138428,7.815908908843994,7511620
2016-11-17,6.9879937171936035,7.928750038146973,7.928750038146973,7.563675880432129,7.716342926025391,3104381
2016-11-18,6.873917102813721,7.799314975738525,8.01504135131836,7.7661261558532715,7.902198791503906,1945548
2016-11-21,6.821264743804932,7.739574909210205,7.872330188751221,7.543763160705566,7.7628068923950195,1861182
2016-11-22,6.865142345428467,7.789358139038086,7.948663234710693,7.610139846801758,7.802633762359619,1741864
2016-11-23,6.841740131378174,7.7628068923950195,7.912156105041504,7.640009880065918,7.7528510093688965,3242079
2016-11-24,6.847590446472168,7.769444942474365,7.882286071777344,7.686473846435547,7.7628068923950195,1028667
2016-11-25,6.873917102813721,7.799314975738525,7.898880958557129,7.663241863250732,7.7661261558532715,1508049
2016-11-28,6.69841194152832,7.600183010101318,7.805953025817871,7.600183010101318,7.693110942840576,3803718
2016-11-29,6.584334373474121,7.470747947692871,7.6300530433654785,7.470747947692871,7.596864223480225,2741304
2016-11-30,6.291827201843262,7.138862133026123,7.693110942840576,7.138862133026123,7.467429161071777,51483679
2016-12-01,6.347403526306152,7.201920032501221,7.407690048217773,7.06916618347168,7.138862133026123,15482134
2016-12-02,6.303528785705566,7.1521382331848145,7.288210868835449,7.085760116577148,7.218514919281006,3310777
2016-12-05,6.321078300476074,7.172050952911377,7.208558082580566,7.089078903198242,7.142180919647217,1874741
2016-12-06,6.683787822723389,7.58358907699585,7.6300530433654785,7.198602199554443,7.198602199554443,5691416
2016-12-07,6.7861647605896,7.699748992919922,7.805953025817871,7.520531177520752,7.640009880065918,2978434
2016-12-08,6.803714275360107,7.719662189483643,7.845778942108154,7.537125110626221,7.732937812805176,1652677
2016-12-09,6.9879937171936035,7.928750038146973,8.230766296386719,7.776082992553711,7.779401779174805,6329286
2016-12-12,6.888540744781494,7.815908908843994,7.898880958557129,7.6167778968811035,7.898880958557129,3058582
2016-12-13,6.990919589996338,7.932068824768066,7.975214004516602,7.749532222747803,7.786038875579834,2667182
2016-12-14,6.663312911987305,7.560357093811035,7.935388088226318,7.560357093811035,7.865692138671875,1798209
2016-12-15,6.727663993835449,7.633371829986572,7.686473846435547,7.560357093811035,7.570313930511475,1825025
2016-12-16,6.727663993835449,7.633371829986572,7.722980976104736,7.580269813537598,7.716342926025391,1729510
2016-12-19,6.742288112640381,7.649965763092041,7.693110942840576,7.606821060180664,7.693110942840576,1612000
2016-12-20,6.777390956878662,7.689793109893799,7.7661261558532715,7.636691093444824,7.653285026550293,748149
2016-12-21,6.859290599822998,7.782721042633057,7.79267692565918,7.570313930511475,7.7661261558532715,1069343
2016-12-22,7.056971073150635,7.922112941741943,7.958620071411133,7.646646976470947,7.7628068923950195,2141700
2016-12-23,7.0599260330200195,7.925430774688721,8.044910430908203,7.8291850090026855,7.928750038146973,1317622
2016-12-26,7.074708461761475,7.942026138305664,8.001765251159668,7.859054088592529,7.988490104675293,594782
2016-12-27,7.086534023284912,7.955300807952881,8.001765251159668,7.862372875213623,7.9652581214904785,1301351
2016-12-28,7.136794090270996,8.01172161102295,8.061505317687988,7.928750038146973,7.938706874847412,1021134
2016-12-29,7.107229232788086,7.978532791137695,8.034954071044922,7.915474891662598,7.955300807952881,796057
2017-01-02,6.974189758300781,7.8291850090026855,7.988490104675293,7.699748992919922,7.9652581214904785,525482
2017-01-03,7.331917762756348,8.230766296386719,8.247361183166504,7.878966808319092,7.915474891662598,2191115
2017-01-04,7.287569522857666,8.18098258972168,8.363520622253418,8.131200790405273,8.247361183166504,1201919
2017-01-05,7.326003551483154,8.224128723144531,8.27059268951416,8.131200790405273,8.18098258972168,2106146
2017-01-06,7.098360538482666,7.968576908111572,8.24072265625,7.958620071411133,8.24072265625,1419464
2017-01-09,7.12792444229126,8.001765251159668,8.071460723876953,7.9652581214904785,8.008402824401855,744231
2017-01-10,7.136794090270996,8.01172161102295,8.101330757141113,7.905518054962158,8.078099250793457,519455
2017-01-11,7.107229232788086,7.978532791137695,8.084736824035645,7.948663234710693,8.06814193725586,893982
2017-01-12,7.2491374015808105,8.137838363647461,8.217491149902344,7.935388088226318,8.041590690612793,1351368
2017-01-13,7.361481666564941,8.263955116271973,8.267273902893066,8.074780464172363,8.078099250793457,1675877
2017-01-16,7.464955806732178,8.380114555358887,8.4431734085083,8.267273902893066,8.277230262756348,1376979
2017-01-17,7.586169242858887,8.51618766784668,8.615754127502441,8.423259735107422,8.456448554992676,3164040
2017-01-18,7.645298480987549,8.582565307617188,8.612435340881348,8.492956161499023,8.595841407775879,6846030
2017-01-19,7.538866996765137,8.463086128234863,8.629029273986816,8.3734769821167,8.582565307617188,1380595
2017-01-20,7.689642906188965,8.63234806060791,8.678812026977539,8.436534881591797,8.463086128234863,1241089
2017-01-23,7.7901611328125,8.74518871307373,8.831480026245117,8.54605770111084,8.556014060974121,1129002
2017-01-24,7.867026329040527,8.831480026245117,8.911131858825684,8.712000846862793,8.712000846862793,1547520
2017-01-26,8.100584030151367,9.093668937683105,9.093668937683105,8.788333892822266,8.960914611816406,1976583
2017-01-27,8.026676177978516,9.010698318481445,9.11026382446289,8.751827239990234,9.060481071472168,2458978
2017-01-30,7.772422790527344,8.725275993347168,9.004059791564941,8.648941993713379,8.960914611816406,2022683
2017-01-31,7.713296413421631,8.658899307250977,8.841436386108398,8.642305374145508,8.695405960083008,1299242
2017-02-01,7.731032848358154,8.678812026977539,8.828161239624023,8.678812026977539,8.74850845336914,1368844
2017-02-02,7.83450984954834,8.79497241973877,8.82152271270752,8.429898262023926,8.658899307250977,1280862
2017-02-03,7.840422630310059,8.801609992980957,9.007378578186035,8.781697273254395,8.781697273254395,1028064
2017-02-06,7.8552021980285645,8.818203926086426,8.93768310546875,8.755146026611328,8.801609992980957,1838885
2017-02-07,7.8226847648620605,8.781697273254395,8.914450645446777,8.712000846862793,8.914450645446777,1322744
2017-02-08,7.902505397796631,8.871306419372559,8.871306419372559,8.595841407775879,8.79497241973877,1404398
2017-02-09,7.7901611328125,8.74518871307373,8.974189758300781,8.668854713439941,8.877943992614746,1977487
2017-02-10,7.597994804382324,8.529462814331055,8.844755172729492,8.529462814331055,8.74518871307373,3523802
2017-02-13,7.56251859664917,8.48963737487793,8.658899307250977,8.114605903625488,8.619072914123535,5164427
2017-02-14,7.544777870178223,8.46972370147705,8.512868881225586,8.333650588989258,8.48963737487793,1235967
2017-02-15,7.784249305725098,8.73855209350586,8.761783599853516,8.456448554992676,8.45976734161377,920798
2017-02-16,7.642341136932373,8.579245567321777,8.755146026611328,8.48963737487793,8.725275993347168,850895
2017-02-17,7.657124042510986,8.595841407775879,8.695405960083008,8.446492195129395,8.695405960083008,805397
2017-02-20,7.51816987991333,8.43985366821289,8.668854713439941,8.43321704864502,8.575926780700684,1300146
2017-02-21,7.4501729011535645,8.363520622253418,8.529462814331055,8.300461769104004,8.429898262023926,680354
2017-02-22,7.3910441398620605,8.29714298248291,8.38675308227539,8.217491149902344,8.320375442504883,4358427
2017-02-23,7.3910441398620605,8.29714298248291,8.360201835632324,7.981852054595947,8.21417236328125,3516571
2017-02-24,7.49156379699707,8.409984588623047,8.592521667480469,8.131200790405273,8.187621116638184,1557162
2017-03-01,7.668948650360107,8.609115600585938,8.672174453735352,8.419940948486328,8.419940948486328,1511062
2017-03-02,7.742859840393066,8.692087173461914,8.725275993347168,8.499593734741211,8.499593734741211,1803632
2017-03-03,7.887723445892334,8.854711532592773,8.854711532592773,8.658899307250977,8.695405960083008,1021737
2017-03-06,7.955719947814941,8.931044578552246,8.960914611816406,8.798291206359863,8.884580612182617,1148286
2017-03-07,8.304576873779297,9.322669982910156,9.322669982910156,8.927725791931152,8.927725791931152,1498407
2017-03-08,8.322318077087402,9.342583656311035,9.372452735900879,9.1666841506958,9.292800903320312,1360407
2017-03-09,7.988243579864502,8.96755313873291,9.252973556518555,8.74850845336914,9.252973556518555,1474302
2017-03-10,8.071022987365723,9.060481071472168,9.179960250854492,8.931044578552246,8.984147071838379,853004
2017-03-13,8.053285598754883,9.040568351745605,9.335946083068848,8.960914611816406,9.067117691040039,1385115
2017-03-14,8.04145622253418,9.027292251586914,9.21314811706543,8.931044578552246,8.964234352111816,1162146
2017-03-15,8.242491722106934,9.252973556518555,9.352540016174316,8.944320678710938,9.010698318481445,1453512
2017-03-16,8.28388500213623,9.2994384765625,9.349221229553223,9.160045623779297,9.349221229553223,1144670
2017-03-17,8.33414363861084,9.35585880279541,9.35585880279541,9.193235397338867,9.309394836425781,5369920
2017-03-20,8.464226722717285,9.5018892288208,9.5018892288208,9.375772476196289,9.379091262817383,1065426
2017-03-21,8.366662979125977,9.392366409301758,9.588178634643555,9.38572883605957,9.571584701538086,1219696
2017-03-22,8.207015991210938,9.21314811706543,9.408961296081543,9.120220184326172,9.408961296081543,1283272
2017-03-23,8.218843460083008,9.226424217224121,9.296119689941406,9.133496284484863,9.199872970581055,911759
2017-03-24,8.254316329956055,9.266249656677246,9.399003982543945,9.047204971313477,9.256293296813965,752668
2017-03-27,8.13015079498291,9.12685775756836,9.359177589416504,9.077075004577637,9.229742050170898,762913
2017-03-28,8.118322372436523,9.113581657409668,9.173321723937988,9.004059791564941,9.12685775756836,587551
2017-03-29,7.911372661590576,8.881261825561523,9.10030746459961,8.73855209350586,9.010698318481445,1865702
2017-03-30,8.05919361114502,9.047204971313477,9.282843589782715,8.854711532592773,8.911131858825684,1022942
2017-03-31,8.204057693481445,9.209829330444336,9.359177589416504,8.964234352111816,8.964234352111816,765323
2017-04-03,8.292752265930176,9.309394836425781,9.309394836425781,9.18327808380127,9.226424217224121,931947
2017-04-04,8.337099075317383,9.359177589416504,9.359177589416504,9.216466903686523,9.289482116699219,423941
2017-04-05,8.307534217834473,9.32598876953125,9.448786735534668,9.32598876953125,9.402322769165039,1495996
2017-04-06,8.307534217834473,9.32598876953125,9.402322769165039,9.246336936950684,9.292800903320312,1106706
2017-04-07,8.260233879089355,9.27288818359375,9.375772476196289,9.027292251586914,9.359177589416504,1042828
2017-04-10,8.230669975280762,9.239699363708496,9.322669982910156,9.229742050170898,9.292800903320312,893982
2017-04-11,8.307534217834473,9.32598876953125,9.352540016174316,9.209829330444336,9.239699363708496,856921
2017-04-12,8.277973175048828,9.292800903320312,9.382410049438477,9.229742050170898,9.319352149963379,606232
2017-04-13,8.289795875549316,9.306076049804688,9.352540016174316,9.226424217224121,9.226424217224121,762310
2017-04-17,8.345967292785645,9.369133949279785,9.425555229187012,9.249655723571777,9.312713623046875,970815
2017-04-18,8.328229904174805,9.349221229553223,9.48861312866211,9.196554183959961,9.392366409301758,799974
2017-04-19,8.393270492553711,9.422236442565918,9.458744049072266,9.27288818359375,9.38572883605957,543259
2017-04-20,8.286839485168457,9.302757263183594,9.448786735534668,9.21314811706543,9.418916702270508,822873
2017-04-24,8.409773826599121,9.425555229187012,9.515164375305176,9.209829330444336,9.209829330444336,1768680
2017-04-25,8.297250747680664,9.2994384765625,9.445467948913574,9.289482116699219,9.445467948913574,859030
2017-04-26,8.23210334777832,9.226424217224121,9.279524803161621,9.093668937683105,9.226424217224121,1310390
2017-04-27,8.143267631530762,9.12685775756836,9.276206016540527,9.10030746459961,9.229742050170898,833118
2017-04-28,8.23210334777832,9.226424217224121,9.269569396972656,9.083712577819824,9.143451690673828,2130251
2017-05-02,8.389045715332031,9.402322769165039,9.545034408569336,9.13681411743164,9.13681411743164,2412275
2017-05-03,8.409773826599121,9.425555229187012,9.458744049072266,9.292800903320312,9.455425262451172,2221848
2017-05-04,9.135266304016113,10.238675117492676,10.653532028198242,9.458744049072266,9.458744049072266,3476196
2017-05-05,8.97239875793457,10.056138038635254,10.235356330871582,9.946616172790527,10.235356330871582,1296530
2017-05-08,8.720697402954102,9.774035453796387,10.125834465026855,9.584859848022461,9.959891319274902,3867294
2017-05-09,8.528220176696777,9.558308601379395,9.797266960144043,9.425555229187012,9.774035453796387,2698518
2017-05-10,8.735504150390625,9.790629386901855,9.943297386169434,9.628005027770996,9.647917747497559,1303761
2017-05-11,9.016817092895508,10.105920791625977,10.295096397399902,9.840412139892578,9.863643646240234,1601153
2017-05-12,8.705893516540527,9.757440567016602,10.215442657470703,9.757440567016602,10.215442657470703,1888601
2017-05-15,8.913174629211426,9.989761352539062,9.989761352539062,9.757440567016602,9.757440567016602,1051867
2017-05-16,8.987207412719727,10.072731971740723,10.168978691101074,9.813860893249512,10.02294921875,1300146
2017-05-17,9.022738456726074,10.11255931854248,10.122514724731445,9.83377456665039,10.122514724731445,1355888
2017-05-18,8.631863594055176,9.674468994140625,9.750802993774414,8.877943992614746,8.877943992614746,2838326
2017-05-19,8.705893516540527,9.757440567016602,10.042862892150879,9.498570442199707,9.624686241149902,1798811
2017-05-22,8.55783462524414,9.591498374938965,9.740845680236816,9.458744049072266,9.71761417388916,1102487
2017-05-23,8.631863594055176,9.674468994140625,9.989761352539062,9.541714668273926,9.591498374938965,1065426
2017-05-24,8.682202339172363,9.730890274047852,9.939977645874023,9.63132381439209,9.74748420715332,638171
2017-05-25,8.631863594055176,9.674468994140625,9.930021286010742,9.664512634277344,9.82381820678711,1025654
2017-05-26,8.883563995361328,9.956571578979492,10.255269050598145,9.654556274414062,9.727570533752441,1406508
2017-05-29,8.883563995361328,9.956571578979492,9.956571578979492,9.956571578979492,9.956571578979492,0
2017-05-30,9.046428680419922,10.139108657836914,10.24199390411377,9.90678882598877,9.943297386169434,1299844
2017-05-31,8.936864852905273,10.016311645507812,10.232036590576172,10.016311645507812,10.232036590576172,1668043
2017-06-01,8.797690391540527,9.86032485961914,10.178936004638672,9.774035453796387,10.066095352172852,1098269
2017-06-02,8.750312805175781,9.80722427368164,9.93665885925293,9.730890274047852,9.817179679870605,699035
2017-06-05,8.56375503540039,9.598135948181152,10.003035545349121,9.598135948181152,9.82381820678711,1465263
2017-06-06,8.608175277709961,9.647917747497559,9.843730926513672,9.535077095031738,9.545034408569336,937672
2017-06-07,8.794727325439453,9.857007026672363,10.066095352172852,9.681106567382812,9.681106567382812,1041020
2017-06-08,8.913174629211426,9.989761352539062,10.086008071899414,9.827136993408203,9.900152206420898,1106706
2017-06-09,8.97239875793457,10.056138038635254,10.168978691101074,9.96652889251709,9.96652889251709,1666236
2017-06-12,8.762154579162598,9.820499420166016,10.11255931854248,9.624686241149902,10.11255931854248,1363119
2017-06-13,8.759194374084473,9.817179679870605,9.90678882598877,9.69106388092041,9.734209060668945,819860
2017-06-14,8.791768074035645,9.85368824005127,10.026268005371094,9.79394817352295,9.886876106262207,730673
2017-06-15,8.791768074035645,9.85368824005127,9.85368824005127,9.85368824005127,9.85368824005127,0
2017-06-16,9.144149780273438,10.248632431030273,10.248632431030273,9.873600959777832,9.873600959777832,2019670
2017-06-19,9.38104248046875,10.514140129089355,10.57719898223877,10.115877151489258,10.198848724365234,2013042
2017-06-20,9.369199752807617,10.50086498260498,10.759736061096191,10.50086498260498,10.57719898223877,1459237
2017-06-21,9.23890495300293,10.35483455657959,10.57719898223877,10.315009117126465,10.534052848815918,736699
2017-06-22,9.055314064025879,10.149065971374512,10.374748229980469,10.125834465026855,10.351515769958496,849991
2017-06-23,9.043469429016113,10.135790824890137,10.301733016967773,10.062775611877441,10.122514724731445,660769
2017-06-26,9.271477699279785,10.391343116760254,10.411255836486816,10.07936954498291,10.07936954498291,1282971
2017-06-27,9.073079109191895,10.168978691101074,10.457719802856445,10.168978691101074,10.391343116760254,561940
2017-06-28,8.886524200439453,9.959891319274902,10.288457870483398,9.949934959411621,10.168978691101074,759900
2017-06-29,8.765118598937988,9.82381820678711,10.205487251281738,9.701020240783691,10.049500465393066,902117
2017-06-30,8.93094253540039,10.009674072265625,10.102602005004883,9.790629386901855,9.790629386901855,1822916
2017-07-03,8.889484405517578,9.963210105895996,10.188892364501953,9.963210105895996,10.039544105529785,1104596
2017-07-04,9.019779205322266,10.10923957824707,10.281820297241211,9.989761352539062,9.989761352539062,675232
2017-07-05,8.90133285522461,9.976485252380371,10.152384757995605,9.963210105895996,10.122514724731445,730070
2017-07-06,8.806573867797852,9.870282173156738,10.132472038269043,9.74748420715332,9.90678882598877,748149
2017-07-07,8.59632682800293,9.634642601013184,9.916746139526367,9.634642601013184,9.783991813659668,1029872
2017-07-10,8.705893516540527,9.757440567016602,9.86032485961914,9.637962341308594,9.637962341308594,873192
2017-07-11,8.628901481628418,9.671150207519531,9.969847679138184,9.671150207519531,9.760760307312012,587250
2017-07-12,8.507495880126953,9.535077095031738,9.754121780395508,9.47201919555664,9.714296340942383,776773
2017-07-13,8.590407371520996,9.628005027770996,9.926703453063965,9.5018892288208,9.5018892288208,2204975
2017-07-14,8.717738151550293,9.770715713500977,9.939977645874023,9.624686241149902,9.671150207519531,2125731
2017-07-17,8.80953311920166,9.873600959777832,10.026268005371094,9.707657814025879,9.707657814025879,887353
2017-07-18,8.883563995361328,9.956571578979492,9.989761352539062,9.764078140258789,9.83377456665039,889462
2017-07-19,8.883563995361328,9.956571578979492,10.02294921875,9.956571578979492,9.979804039001465,818655
2017-07-20,8.92798137664795,10.006355285644531,10.026268005371094,9.916746139526367,9.983122825622559,547778
2017-07-21,8.963515281677246,10.046180725097656,10.185572624206543,9.99639892578125,10.02294921875,480285
2017-07-24,8.933905601501465,10.012992858886719,10.318327903747559,10.012992858886719,10.049500465393066,757790
2017-07-25,8.735504150390625,9.790629386901855,10.10923957824707,9.767396926879883,10.02294921875,854812
2017-07-26,8.925021171569824,10.003035545349121,10.003035545349121,9.77735424041748,9.790629386901855,710184
2017-07-27,8.90133285522461,9.976485252380371,10.331603050231934,9.976485252380371,10.069413185119629,2116089
2017-07-28,8.975360870361328,10.059456825256348,10.38802433013916,10.029586791992188,10.029586791992188,779183
2017-07-31,8.883563995361328,9.956571578979492,10.305051803588867,9.953252792358398,9.989761352539062,954244
2017-08-01,8.868758201599121,9.939977645874023,10.066095352172852,9.813860893249512,9.986441612243652,698131
2017-08-02,8.92798137664795,10.006355285644531,10.185572624206543,9.8901948928833,9.989761352539062,996125
2017-08-03,9.298130989074707,10.421212196350098,10.487588882446289,9.956571578979492,10.006355285644531,2250171
2017-08-04,9.626384735107422,10.719908714294434,10.719908714294434,10.291776657104492,10.321646690368652,1472795
2017-08-07,9.477371215820312,10.553967475891113,10.686720848083496,10.454401016235352,10.66016960144043,941589
2017-08-08,9.268749237060547,10.321646690368652,10.553967475891113,10.145747184753418,10.553967475891113,2195635
2017-08-09,9.200202941894531,10.245312690734863,10.338240623474121,10.24199390411377,10.338240623474121,855414
2017-08-10,9.238947868347168,10.288457870483398,10.351515769958496,10.208805084228516,10.268545150756836,1031378
2017-08-11,9.468429565429688,10.544010162353516,10.617025375366211,10.11255931854248,10.288457870483398,787319
2017-08-14,9.268749237060547,10.321646690368652,10.60374927520752,10.321646690368652,10.560604095458984,854812
2017-08-15,9.298551559448242,10.35483455657959,10.487588882446289,10.208805084228516,10.391343116760254,502582
2017-08-16,9.340276718139648,10.401299476623535,10.454401016235352,10.265226364135742,10.397979736328125,497761
2017-08-17,9.387962341308594,10.454401016235352,10.670126914978027,10.222081184387207,10.421212196350098,1457730
2017-08-18,9.492273330688477,10.570561408996582,10.570561408996582,10.407937049865723,10.53073501586914,789126
2017-08-21,9.504194259643555,10.58383560180664,10.786287307739258,10.467676162719727,10.646895408630371,586948
2017-08-22,9.450547218322754,10.524097442626953,10.759736061096191,10.524097442626953,10.719908714294434,914169
2017-08-23,9.373062133789062,10.437807083129883,10.63029956817627,10.331603050231934,10.527416229248047,821969
2017-08-24,9.522074699401855,10.60374927520752,10.696677207946777,10.421212196350098,10.421212196350098,410382
2017-08-25,9.250866889953613,10.301733016967773,10.696677207946777,10.261906623840332,10.696677207946777,693310
2017-08-28,9.387962341308594,10.454401016235352,10.527416229248047,10.295096397399902,10.295096397399902,661372
2017-08-29,9.346238136291504,10.407937049865723,10.593792915344238,10.351515769958496,10.477633476257324,544464
2017-08-30,9.34921932220459,10.411255836486816,10.50086498260498,10.235356330871582,10.348196983337402,430871
2017-08-31,9.256827354431152,10.308370590209961,10.437807083129883,10.182254791259766,10.421212196350098,708376
2017-09-01,9.33431625366211,10.394660949707031,10.51745891571045,10.215442657470703,10.305051803588867,630036
2017-09-04,9.361138343811035,10.424530982971191,10.461038589477539,10.298415184020996,10.298415184020996,317277
2017-09-05,9.277690887451172,10.331603050231934,10.58715534210205,10.235356330871582,10.47099494934082,739411
2017-09-06,9.250866889953613,10.301733016967773,10.570561408996582,10.301733016967773,10.331603050231934,598097
2017-09-07,9.250866889953613,10.301733016967773,10.301733016967773,10.301733016967773,10.301733016967773,0
2017-09-08,9.343256950378418,10.404618263244629,10.570561408996582,10.268545150756836,10.321646690368652,617079
2017-09-11,9.453532218933105,10.527416229248047,10.53073501586914,10.358154296875,10.487588882446289,739712
2017-09-12,9.393921852111816,10.461038589477539,10.590474128723145,10.407937049865723,10.461038589477539,740616
2017-09-13,9.435643196105957,10.507502555847168,10.60374927520752,10.298415184020996,10.417893409729004,1530345
2017-09-14,9.48929214477539,10.567241668701172,10.66348934173584,10.464357376098633,10.464357376098633,478477
2017-09-15,9.596583366394043,10.686720848083496,10.819475173950195,10.457719802856445,10.507502555847168,1902160
2017-09-18,9.411805152893066,10.480952262878418,10.942273139953613,10.480952262878418,10.69003963470459,2541838
2017-09-19,9.59360122680664,10.683402061462402,10.786287307739258,10.507502555847168,10.55728530883789,2277892
2017-09-20,9.53697681427002,10.620344161987305,10.93563461303711,10.570561408996582,10.620344161987305,1153710
2017-09-21,9.32835578918457,10.38802433013916,10.756417274475098,10.351515769958496,10.666808128356934,877711
2017-09-22,9.545918464660645,10.63029956817627,10.782967567443848,10.397979736328125,10.407937049865723,806301
2017-09-25,9.253849029541016,10.305051803588867,10.796242713928223,10.305051803588867,10.617025375366211,1064824
2017-09-26,9.256827354431152,10.308370590209961,10.351515769958496,9.999716758728027,10.1557035446167,1568009
2017-09-27,9.161460876464844,10.202168464660645,10.35483455657959,10.07936954498291,10.35483455657959,909349
2017-09-28,9.238947868347168,10.288457870483398,10.361473083496094,10.122514724731445,10.1557035446167,1032282
2017-09-29,9.32835578918457,10.38802433013916,10.480952262878418,10.185572624206543,10.301733016967773,1660209
2017-10-02,9.238947868347168,10.288457870483398,10.477633476257324,10.208805084228516,10.321646690368652,651730
2017-10-03,9.200202941894531,10.245312690734863,10.381385803222656,10.172298431396484,10.381385803222656,773458
2017-10-04,9.277690887451172,10.331603050231934,10.434488296508789,10.182254791259766,10.245312690734863,1135029
2017-10-05,9.352198600769043,10.41457462310791,10.514140129089355,10.32828426361084,10.334921836853027,1111527
2017-10-06,9.08993148803711,10.122514724731445,10.391343116760254,10.102602005004883,10.315009117126465,2415590
2017-10-09,9.203184127807617,10.248632431030273,10.374748229980469,10.1557035446167,10.208805084228516,2242940
2017-10-10,9.289612770080566,10.344879150390625,10.50086498260498,10.281820297241211,10.295096397399902,732480
2017-10-11,9.343256950378418,10.404618263244629,10.593792915344238,10.295096397399902,10.348196983337402,1046444
2017-10-12,9.343256950378418,10.404618263244629,10.404618263244629,10.404618263244629,10.404618263244629,0
2017-10-13,9.271728515625,10.32496452331543,10.597111701965332,10.32496452331543,10.38470458984375,737603
2017-10-16,9.402860641479492,10.47099494934082,10.58715534210205,10.291776657104492,10.338240623474121,2536414
2017-10-17,9.283651351928711,10.338240623474121,10.520777702331543,10.288457870483398,10.520777702331543,1813575
2017-10-18,9.53697681427002,10.620344161987305,10.646895408630371,10.341560363769531,10.341560363769531,1868112
2017-10-19,9.590624809265137,10.680083274841309,10.782967567443848,10.487588882446289,10.593792915344238,913567
2017-10-20,9.685995101928711,10.786287307739258,10.885851860046387,10.640256881713867,10.650213241577148,1122072
2017-10-23,9.626384735107422,10.719908714294434,10.872576713562012,10.719908714294434,10.759736061096191,785209
2017-10-24,9.605525016784668,10.696677207946777,10.849345207214355,10.6137056350708,10.699995994567871,1044033
2017-10-25,9.566781044006348,10.653532028198242,10.782967567443848,10.507502555847168,10.670126914978027,596289
2017-10-26,9.498233795166016,10.57719898223877,10.716590881347656,10.504183769226074,10.607068061828613,809615
2017-10-27,9.614465713500977,10.706633567810059,10.90908432006836,10.567241668701172,10.623662948608398,1394757
2017-10-30,9.581681251525879,10.670126914978027,10.736503601074219,10.537371635437012,10.736503601074219,1085011
2017-10-31,9.709835052490234,10.812836647033691,10.879215240478516,10.680083274841309,10.699995994567871,885846
2017-11-01,10.0585298538208,11.201144218444824,11.201144218444824,10.819475173950195,10.819475173950195,4259296
2017-11-02,10.0585298538208,11.201144218444824,11.201144218444824,11.201144218444824,11.201144218444824,0
2017-11-03,9.939316749572754,11.068389892578125,11.22769546508789,11.028562545776367,11.2144193649292,1778624
2017-11-06,10.133035659790039,11.284114837646484,11.390318870544434,11.075027465820312,11.075027465820312,11761577
2017-11-07,10.32675838470459,11.49984073638916,11.798538208007812,11.287433624267578,11.373723983764648,4962852
2017-11-08,10.24032974243164,11.403594017028809,11.665783882141113,11.217738151550293,11.566218376159668,1252238
2017-11-09,9.685995101928711,10.786287307739258,11.091622352600098,10.504183769226074,11.091622352600098,5712507
2017-11-10,9.641288757324219,10.736503601074219,10.955548286437988,10.593792915344238,10.716590881347656,3295712
2017-11-13,9.775400161743164,10.885851860046387,11.078346252441406,10.766372680664062,10.799562454223633,1809357
2017-11-14,9.775400161743164,10.885851860046387,11.008649826049805,10.736503601074219,10.802881240844727,999440
2017-11-15,9.775400161743164,10.885851860046387,10.885851860046387,10.885851860046387,10.885851860046387,0
2017-11-16,10.052569389343262,11.19450569152832,11.297390937805176,10.885851860046387,10.88917064666748,3683797
2017-11-17,9.909516334533691,11.035201072692871,11.393637657165527,10.865939140319824,11.174592971801758,2969093
2017-11-20,9.909516334533691,11.035201072692871,11.035201072692871,11.035201072692871,11.035201072692871,0
2017-11-21,10.133035659790039,11.284114837646484,11.350491523742676,10.885851860046387,11.035201072692871,1868715
2017-11-22,9.805204391479492,10.91904067993164,11.313984870910645,10.809518814086914,11.234332084655762,1746685
2017-11-23,9.775400161743164,10.885851860046387,11.038519859313965,10.85930061340332,10.982098579406738,490530
2017-11-24,9.688974380493164,10.789605140686035,10.978779792785645,10.713272094726562,10.9489107131958,763817
2017-11-27,9.83500862121582,10.952230453491211,11.015288352966309,10.716590881347656,10.832751274108887,1156723
2017-11-28,9.656188011169434,10.753097534179688,11.104896545410156,10.719908714294434,11.031882286071777,1189867
2017-11-29,9.432666778564453,10.504183769226074,10.77632999420166,10.461038589477539,10.753097534179688,1865702
2017-11-30,9.021383285522461,10.046180725097656,10.524097442626953,10.046180725097656,10.514140129089355,2159176
2017-12-01,9.250866889953613,10.301733016967773,10.411255836486816,10.003035545349121,10.036225318908691,4067664
2017-12-04,9.30451488494873,10.361473083496094,10.411255836486816,10.192211151123047,10.311690330505371,829803
2017-12-05,9.179340362548828,10.222081184387207,10.444443702697754,10.10923957824707,10.38802433013916,1926265
2017-12-06,9.188278198242188,10.232036590576172,10.404618263244629,10.086008071899414,10.086008071899414,2599689
2017-12-07,9.078010559082031,10.10923957824707,10.255269050598145,10.092644691467285,10.255269050598145,978650
2017-12-08,9.20616340637207,10.251951217651367,10.32828426361084,10.099283218383789,10.099283218383789,802384
2017-12-11,9.04522705078125,10.072731971740723,10.301733016967773,10.05281925201416,10.251951217651367,1118758
2017-12-12,8.967738151550293,9.986441612243652,10.1557035446167,9.923383712768555,10.099283218383789,776472
2017-12-13,8.809782981872559,9.810542106628418,10.095964431762695,9.720932960510254,9.993080139160156,1903968
2017-12-14,8.851506233215332,9.857007026672363,9.986441612243652,9.740845680236816,9.813860893249512,1361914
2017-12-15,9.12569522857666,10.162341117858887,10.168978691101074,9.770715713500977,9.956571578979492,2543043
2017-12-18,9.03032398223877,10.056138038635254,10.251951217651367,9.959891319274902,10.251951217651367,1349560
2017-12-19,9.03032398223877,10.056138038635254,10.182254791259766,9.986441612243652,10.056138038635254,1273631
2017-12-20,9.119733810424805,10.1557035446167,10.288457870483398,10.102602005004883,10.192211151123047,1429106
2017-12-21,9.033305168151855,10.059456825256348,10.268545150756836,10.012992858886719,10.268545150756836,1793388
2017-12-22,9.000523567199707,10.02294921875,10.1557035446167,9.989761352539062,10.122514724731445,628830
2017-12-25,9.000523567199707,10.02294921875,10.02294921875,10.02294921875,10.02294921875,0
2017-12-26,9.03032398223877,10.056138038635254,10.245312690734863,10.006355285644531,10.006355285644531,485106
2017-12-27,8.9587984085083,9.976485252380371,10.099283218383789,9.923383712768555,9.973167419433594,1270316
2017-12-28,8.939862251281738,9.920064926147461,10.049500465393066,9.876919746398926,10.026268005371094,943095
2017-12-29,8.939862251281738,9.920064926147461,9.920064926147461,9.920064926147461,9.920064926147461,0
2018-01-02,9.017624855041504,10.006355285644531,10.066095352172852,9.90678882598877,10.016311645507812,946711
2018-01-03,9.209047317504883,10.218762397766113,10.315009117126465,9.959891319274902,10.05281925201416,786716
2018-01-04,9.152216911315918,10.1557035446167,10.434488296508789,10.059456825256348,10.288457870483398,923811
2018-01-05,9.349618911743164,10.374748229980469,10.374748229980469,10.056138038635254,10.132472038269043,13018335
2018-01-08,9.343637466430664,10.368110656738281,10.490907669067383,10.21212387084961,10.364791870117188,694214
2018-01-09,9.346630096435547,10.371429443359375,10.467676162719727,10.315009117126465,10.431168556213379,1499612
2018-01-10,9.32270336151123,10.344879150390625,10.434488296508789,10.255269050598145,10.434488296508789,478477
2018-01-11,9.310738563537598,10.331603050231934,10.397979736328125,10.188892364501953,10.397979736328125,387181
2018-01-12,9.295783042907715,10.315009117126465,10.401299476623535,10.222081184387207,10.288457870483398,979553
2018-01-15,9.283818244934082,10.301733016967773,10.451082229614258,10.192211151123047,10.288457870483398,579416
2018-01-16,9.427383422851562,10.461038589477539,10.474313735961914,10.295096397399902,10.295096397399902,1432119
2018-01-17,9.385510444641113,10.41457462310791,10.447763442993164,10.334921836853027,10.38802433013916,692406
2018-01-18,9.364574432373047,10.391343116760254,10.451082229614258,10.321646690368652,10.348196983337402,546874
2018-01-19,9.61581039428711,10.670126914978027,10.706633567810059,10.404618263244629,10.454401016235352,704760
2018-01-22,9.777322769165039,10.849345207214355,10.925679206848145,10.786287307739258,10.786287307739258,1220600
2018-01-23,9.72348403930664,10.789605140686035,10.846026420593262,10.706633567810059,10.812836647033691,919894
2018-01-24,9.92088508605957,11.008649826049805,11.008649826049805,10.812836647033691,10.812836647033691,1027763
2018-01-25,9.92088508605957,11.008649826049805,11.008649826049805,11.008649826049805,11.008649826049805,0
2018-01-26,10.064447402954102,11.16795539855957,11.22437572479248,10.992055892944336,10.99537467956543,1242294
2018-01-29,9.840128898620605,10.91904067993164,11.250926971435547,10.819475173950195,11.16463565826416,5578726
2018-01-30,9.744420051574707,10.812836647033691,10.96882438659668,10.726547241210938,10.96882438659668,625516
2018-01-31,9.72049617767334,10.786287307739258,10.92236042022705,10.763054847717285,10.796242713928223,1328770
2018-02-01,9.750401496887207,10.819475173950195,10.96882438659668,10.77632999420166,10.77632999420166,920196
2018-02-02,9.64571762084961,10.703314781188965,10.832751274108887,10.600431442260742,10.77632999420166,690297
2018-02-05,9.475237846374512,10.514140129089355,10.713272094726562,10.504183769226074,10.713272094726562,1062413
2018-02-06,9.15820026397705,10.162341117858887,10.490907669067383,10.145747184753418,10.464357376098633,789126
2018-02-07,8.883035659790039,9.857007026672363,10.374748229980469,9.820499420166016,10.222081184387207,1206137
2018-02-08,9.032583236694336,10.02294921875,10.102602005004883,9.783991813659668,9.850369453430176,2817535
2018-02-09,8.924910545349121,9.903470993041992,10.092644691467285,9.82381820678711,10.092644691467285,2462293
2018-02-14,9.035572052001953,10.026268005371094,10.099283218383789,9.969847679138184,9.969847679138184,954244
2018-02-15,8.975754737854004,9.959891319274902,10.069413185119629,9.923383712768555,10.032905578613281,1063920
2018-02-16,8.987717628479004,9.973167419433594,10.009674072265625,9.876919746398926,9.959891319274902,2004304
2018-02-19,8.957810401916504,9.939977645874023,10.006355285644531,9.913427352905273,9.999716758728027,774965
2018-02-20,9.36158275604248,10.38802433013916,10.444443702697754,9.90678882598877,9.939977645874023,1550533
2018-02-21,9.271855354309082,10.288457870483398,10.424530982971191,10.162341117858887,10.424530982971191,949423
2018-02-22,9.517110824584961,10.560604095458984,10.617025375366211,10.457719802856445,10.50086498260498,1476712
2018-02-23,9.52608585357666,10.570561408996582,10.719908714294434,10.47099494934082,10.563922882080078,1531249
2018-02-26,9.466266632080078,10.504183769226074,10.789605140686035,10.407937049865723,10.580516815185547,1624956
2018-02-27,9.421401023864746,10.454401016235352,10.553967475891113,10.35483455657959,10.537371635437012,982868
2018-02-28,9.134271621704102,10.135790824890137,10.507502555847168,10.089326858520508,10.507502555847168,1274233
2018-03-01,9.122307777404785,10.122514724731445,10.265226364135742,10.11255931854248,10.125834465026855,1254045
2018-03-02,9.071463584899902,10.066095352172852,10.218762397766113,10.032905578613281,10.198848724365234,1540891
2018-03-05,9.01164722442627,9.999716758728027,10.122514724731445,9.933340072631836,10.072731971740723,1747287
2018-03-06,9.077445983886719,10.072731971740723,10.192211151123047,10.009674072265625,10.009674072265625,1667139
2018-03-07,9.017624855041504,10.006355285644531,10.072731971740723,9.916746139526367,10.069413185119629,1929278
2018-03-08,8.942852973937988,9.923383712768555,10.095964431762695,9.893513679504395,10.095964431762695,1015409
2018-03-09,8.868081092834473,9.840412139892578,9.979804039001465,9.810542106628418,9.8901948928833,991304
2018-03-12,8.972762107849121,9.956571578979492,10.003035545349121,9.850369453430176,9.85368824005127,452264
2018-03-13,8.915932655334473,9.893513679504395,10.003035545349121,9.760760307312012,10.003035545349121,690599
2018-03-14,8.799288749694824,9.764078140258789,9.953252792358398,9.684426307678223,9.949934959411621,598699
2018-03-15,8.868081092834473,9.840412139892578,9.863643646240234,9.704339027404785,9.757440567016602,1544507
2018-03-16,8.933881759643555,9.913427352905273,10.006355285644531,9.760760307312012,9.876919746398926,1255853
2018-03-19,8.906962394714355,9.883557319641113,9.903470993041992,9.820499420166016,9.873600959777832,1104596
2018-03-20,8.868081092834473,9.840412139892578,9.913427352905273,9.770715713500977,9.86032485961914,2455362
2018-03-21,8.80826187133789,9.774035453796387,9.873600959777832,9.707657814025879,9.873600959777832,1687026
2018-03-22,8.69460678100586,9.647917747497559,10.056138038635254,9.647917747497559,9.790629386901855,766830
2018-03-23,8.682644844055176,9.634642601013184,9.694381713867188,9.505208015441895,9.63132381439209,810218
2018-03-26,8.658716201782227,9.608092308044434,9.677787780761719,9.505208015441895,9.628005027770996,788223
2018-03-27,8.661709785461426,9.611411094665527,9.754121780395508,9.495250701904297,9.66119384765625,2519842
2018-03-28,8.598898887634277,9.541714668273926,9.594817161560059,9.399003982543945,9.594817161560059,1165762
2018-03-29,8.616842269897461,9.561628341674805,9.584859848022461,9.412280082702637,9.485294342041016,796057
2018-04-02,8.494216918945312,9.425555229187012,9.564947128295898,9.332627296447754,9.564947128295898,894886
2018-04-03,8.721525192260742,9.677787780761719,9.724251747131348,9.455425262451172,9.5549898147583,915676
2018-04-04,8.853126525878906,9.82381820678711,9.886876106262207,9.614729881286621,9.634642601013184,1271823
2018-04-05,9.00267219543457,9.989761352539062,10.05281925201416,9.85368824005127,9.893513679504395,926222
2018-04-06,8.883889198303223,9.847049713134766,10.069413185119629,9.724251747131348,9.989761352539062,1275137
2018-04-09,8.695257186889648,9.637962341308594,9.8901948928833,9.588178634643555,9.850369453430176,777074
2018-04-10,8.815022468566895,9.770715713500977,9.820499420166016,9.564947128295898,9.657875061035156,1010287
2018-04-11,8.689265251159668,9.63132381439209,9.790629386901855,9.588178634643555,9.69106388092041,1375774
2018-04-12,8.907846450805664,9.873600959777832,9.93665885925293,9.564947128295898,9.624686241149902,1615013
2018-04-13,8.952759742736816,9.923383712768555,10.036225318908691,9.810542106628418,9.873600959777832,668904
2018-04-16,8.877902030944824,9.840412139892578,10.205487251281738,9.810542106628418,9.999716758728027,661673
2018-04-17,9.174332618713379,10.168978691101074,10.338240623474121,9.949934959411621,9.949934959411621,1232954
2018-04-18,9.449801445007324,10.474313735961914,10.666808128356934,10.168978691101074,10.168978691101074,1633092
2018-04-19,9.581549644470215,10.620344161987305,10.676763534545898,10.38470458984375,10.38470458984375,1450499
2018-04-20,9.566575050354004,10.60374927520752,10.729866027832031,10.537371635437012,10.729866027832031,743629
2018-04-23,9.566575050354004,10.60374927520752,10.90576457977295,10.474313735961914,10.58383560180664,2608126
2018-04-24,9.566575050354004,10.60374927520752,10.676763534545898,10.58715534210205,10.63029956817627,624009
2018-04-25,9.494715690612793,10.524097442626953,10.646895408630371,10.484271049499512,10.54732894897461,1165762
2018-04-26,9.58753490447998,10.626980781555176,10.666808128356934,10.457719802856445,10.480952262878418,1620135
2018-04-27,9.599512100219727,10.640256881713867,10.7464599609375,10.563922882080078,10.620344161987305,1322443
2018-04-30,9.581549644470215,10.620344161987305,10.670126914978027,10.58383560180664,10.640256881713867,1239281
2018-05-02,9.327037811279297,10.338240623474121,10.58715534210205,10.255269050598145,10.58715534210205,1884383
2018-05-03,9.324042320251465,10.334921836853027,10.620344161987305,10.238675117492676,10.341560363769531,1446280
2018-05-04,9.327037811279297,10.338240623474121,10.573880195617676,10.295096397399902,10.295096397399902,2852788
2018-05-07,8.958748817443848,9.930021286010742,10.480952262878418,9.926703453063965,10.381385803222656,1074767
2018-05-08,9.123430252075195,10.11255931854248,10.188892364501953,9.993080139160156,10.02294921875,1075972
2018-05-09,9.132412910461426,10.122514724731445,10.182254791259766,10.049500465393066,10.105920791625977,1622847
2018-05-10,9.461776733398438,10.487588882446289,10.680083274841309,10.222081184387207,10.222081184387207,3628356
2018-05-11,9.141395568847656,10.132472038269043,10.63361930847168,10.076050758361816,10.490907669067383,1045841
2018-05-14,8.94377613067627,9.913427352905273,10.215442657470703,9.800585746765137,10.122514724731445,2105845
2018-05-15,8.800053596496582,9.754121780395508,9.969847679138184,9.657875061035156,9.96652889251709,1426997
2018-05-16,9.003661155700684,9.979804039001465,10.119195938110352,9.694381713867188,9.694381713867188,1404398
2018-05-17,8.812027931213379,9.767396926879883,10.125834465026855,9.764078140258789,10.076050758361816,915676
2018-05-18,8.707231521606445,9.651236534118652,9.810542106628418,9.5549898147583,9.774035453796387,942794
2018-05-21,8.695257186889648,9.637962341308594,9.943297386169434,9.611411094665527,9.8901948928833,900008
2018-05-22,8.680282592773438,9.621368408203125,9.764078140258789,9.515164375305176,9.574904441833496,1338412
2018-05-23,8.596446990966797,9.528440475463867,9.664512634277344,9.475337982177734,9.621368408203125,961174
2018-05-24,8.668306350708008,9.608092308044434,9.618048667907715,9.418916702270508,9.525120735168457,2594567
2018-05-25,8.740168571472168,9.687745094299316,9.737527847290039,9.481975555419922,9.737527847290039,1360106
2018-05-28,8.159286499023438,9.043886184692383,9.770715713500977,8.987465858459473,9.770715713500977,733083
2018-05-29,8.308999061584473,9.209829330444336,9.296119689941406,9.120220184326172,9.196554183959961,2267346
2018-05-30,8.398823738098145,9.309394836425781,9.399003982543945,9.12685775756836,9.259612083435059,5322614
2018-06-01,8.54853630065918,9.475337982177734,9.568265914916992,9.319352149963379,9.5549898147583,1366434
2018-06-04,8.683276176452637,9.624686241149902,9.651236534118652,9.359177589416504,9.571584701538086,1580664
2018-06-05,8.452719688415527,9.369133949279785,9.618048667907715,9.369133949279785,9.515164375305176,1196797
2018-06-06,8.383856773376465,9.292800903320312,9.402322769165039,9.07043743133545,9.402322769165039,906938
2018-06-07,8.159286499023438,9.043886184692383,9.150090217590332,8.854711532592773,9.07043743133545,2498751
2018-06-08,8.264083862304688,9.160045623779297,9.226424217224121,9.010698318481445,9.13681411743164,2313747
2018-06-11,8.213184356689453,9.103626251220703,9.196554183959961,9.037248611450195,9.189915657043457,1061811
2018-06-12,8.192225456237793,9.08039379119873,9.173321723937988,8.964234352111816,9.12685775756836,2126334
2018-06-13,8.264083862304688,9.160045623779297,9.276206016540527,9.027292251586914,9.10030746459961,1914514
2018-06-14,8.177251815795898,9.063799858093262,9.262930870056152,9.027292251586914,9.233060836791992,2275180
2018-06-15,8.308999061584473,9.209829330444336,9.226424217224121,9.043886184692383,9.093668937683105,6699293
2018-06-18,7.952683925628662,8.814885139465332,9.2994384765625,8.735233306884766,9.282843589782715,4650395
2018-06-19,7.93472146987915,8.79497241973877,8.90781307220459,8.675493240356445,8.675493240356445,2461087
2018-06-20,8.11137866973877,8.990784645080566,9.057162284851074,8.858030319213867,8.897856712341309,1386320
2018-06-21,8.129345893859863,9.010698318481445,9.133496284484863,8.904494285583496,9.02397346496582,2450240
2018-06-22,8.084430694580078,8.960914611816406,9.08039379119873,8.904494285583496,9.017335891723633,1788567
2018-06-25,7.997599124908447,8.864667892456055,9.060481071472168,8.864667892456055,8.957595825195312,776773
2018-06-26,8.317980766296387,9.219785690307617,9.282843589782715,8.994104385375977,8.994104385375977,6861397
2018-06-27,8.294028282165527,9.193235397338867,9.342583656311035,9.116901397705078,9.292800903320312,1178417
2018-06-28,8.270072937011719,9.1666841506958,9.269569396972656,9.07043743133545,9.226424217224121,1141055
2018-06-29,8.144314765930176,9.027292251586914,9.216466903686523,8.901176452636719,9.077075004577637,3801609
2018-07-02,8.087425231933594,8.964234352111816,9.083712577819824,8.811566352844238,9.010698318481445,521263
2018-07-03,8.189228057861328,9.077075004577637,9.189915657043457,9.014017105102539,9.073756217956543,689092
2018-07-04,8.234142303466797,9.12685775756836,9.229742050170898,9.060481071472168,9.093668937683105,194645
2018-07-05,8.323967933654785,9.226424217224121,9.289482116699219,9.12685775756836,9.216466903686523,2836819
2018-07-06,8.279057502746582,9.176641464233398,9.2994384765625,9.120220184326172,9.15672779083252,1458333
2018-07-10,8.440744400024414,9.35585880279541,9.382410049438477,9.160045623779297,9.176641464233398,1033488
2018-07-11,8.383856773376465,9.292800903320312,9.359177589416504,9.246336936950684,9.349221229553223,1324853
2018-07-12,8.404812812805176,9.316033363342285,9.372452735900879,9.259612083435059,9.286163330078125,638171
2018-07-13,8.458710670471191,9.375772476196289,9.48861312866211,9.312713623046875,9.359177589416504,840048
2018-07-16,8.458710670471191,9.375772476196289,9.478656768798828,9.27288818359375,9.375772476196289,914471
2018-07-17,8.71621322631836,9.66119384765625,9.66119384765625,9.342583656311035,9.375772476196289,1388429
2018-07-18,8.800053596496582,9.754121780395508,9.80722427368164,9.618048667907715,9.628005027770996,1297735
2018-07-19,8.75813102722168,9.707657814025879,9.737527847290039,9.614729881286621,9.714296340942383,653538
2018-07-20,8.931800842285156,9.900152206420898,9.939977645874023,9.800585746765137,9.80390453338623,878916
2018-07-23,8.955751419067383,9.926703453063965,10.006355285644531,9.783991813659668,9.820499420166016,662276
2018-07-24,9.039591789245605,10.019631385803223,10.1557035446167,9.933340072631836,9.933340072631836,1295927
2018-07-25,9.324042320251465,10.334921836853027,10.397979736328125,10.029586791992188,10.029586791992188,940685
2018-07-26,9.147383689880371,10.139108657836914,10.334921836853027,10.11255931854248,10.32496452331543,1650567
2018-07-27,9.147383689880371,10.139108657836914,10.288457870483398,10.122514724731445,10.142428398132324,1079889
2018-07-30,9.237211227416992,10.238675117492676,10.394660949707031,10.135790824890137,10.235356330871582,1059099
2018-07-31,8.821013450622559,9.77735424041748,10.222081184387207,9.77735424041748,10.222081184387207,3383995
2018-08-01,8.907846450805664,9.873600959777832,10.012992858886719,9.608092308044434,9.608092308044434,1378787
2018-08-02,8.678743362426758,9.5549898147583,9.790629386901855,9.551671981811523,9.790629386901855,1970858
2018-08-03,8.630513191223145,9.5018892288208,9.677787780761719,9.445467948913574,9.674468994140625,2046186
2018-08-06,8.500885963439941,9.359177589416504,9.594817161560059,9.345902442932129,9.455425262451172,1324250
2018-08-07,8.395380020141602,9.24301815032959,9.412280082702637,9.150090217590332,9.369133949279785,4035726
2018-08-08,8.380306243896484,9.226424217224121,9.508525848388672,9.196554183959961,9.209829330444336,2129045
2018-08-09,8.452654838562012,9.306076049804688,9.422236442565918,9.043886184692383,9.216466903686523,1802728
2018-08-10,8.32001781463623,9.160045623779297,9.292800903320312,9.033929824829102,9.292800903320312,1406809
2018-08-13,8.341120719909668,9.18327808380127,9.282843589782715,9.043886184692383,9.15672779083252,641485
2018-08-14,8.49485969543457,9.352540016174316,9.408961296081543,9.189915657043457,9.24301815032959,784306
2018-08-15,8.440598487854004,9.292800903320312,9.335946083068848,9.163365364074707,9.203191757202148,664686
2018-08-16,8.332074165344238,9.173321723937988,9.32598876953125,9.173321723937988,9.296119689941406,813231
2018-08-17,8.289874076843262,9.12685775756836,9.219785690307617,9.060481071472168,9.160045623779297,432679
2018-08-20,8.31700611114502,9.15672779083252,9.24301815032959,9.063799858093262,9.160045623779297,807506
2018-08-21,8.151206016540527,8.974189758300781,9.153409004211426,8.798291206359863,9.0969877243042,794550
2018-08-22,8.35920524597168,9.203191757202148,9.531758308410645,8.881261825561523,8.947640419006348,1839789
2018-08-23,8.169295310974121,8.994104385375977,9.262930870056152,8.808247566223145,9.199872970581055,2069989
2018-08-24,8.084888458251953,8.901176452636719,9.163365364074707,8.894537925720215,9.093668937683105,1870523
2018-08-27,8.310976028442383,9.150090217590332,9.209829330444336,8.904494285583496,8.904494285583496,595686
2018-08-28,8.31398868560791,9.153409004211426,9.246336936950684,8.964234352111816,9.21314811706543,769240
2018-08-29,8.13914680480957,8.960914611816406,9.130176544189453,8.960914611816406,9.07043743133545,1253744
2018-08-30,7.988424777984619,8.79497241973877,8.974189758300781,8.73855209350586,8.974189758300781,1162448
2018-08-31,8.030625343322754,8.841436386108398,8.874625205993652,8.74850845336914,8.781697273254395,1131413
2018-09-03,7.852769374847412,8.645623207092285,8.828161239624023,8.645623207092285,8.801609992980957,431172
2018-09-04,7.86483097076416,8.658899307250977,8.761783599853516,8.638985633850098,8.658899307250977,1565297
2018-09-05,7.928132057189941,8.728594779968262,8.768421173095703,8.612435340881348,8.658899307250977,815642
2018-09-06,7.714105129241943,8.492956161499023,8.77505874633789,8.360201835632324,8.751827239990234,3017002
2018-09-10,7.816597938537598,8.605796813964844,8.655579566955566,8.350245475769043,8.565971374511719,2126032
2018-09-11,7.536247730255127,8.29714298248291,8.579245567321777,8.29714298248291,8.579245567321777,929235
2018-09-12,7.4458136558532715,8.197578430175781,8.363520622253418,8.107969284057617,8.29714298248291,1936208
2018-09-13,7.358393669128418,8.101330757141113,8.217491149902344,8.058185577392578,8.187621116638184,1935003
2018-09-14,7.174508094787598,7.898880958557129,8.167708396911621,7.805953025817871,8.104649543762207,3131800
2018-09-17,7.295088768005371,8.031635284423828,8.061505317687988,7.7528510093688965,7.799314975738525,13752925
2018-09-18,7.406625270843506,8.154433250427246,8.310419082641602,8.058185577392578,8.091374397277832,2815125
2018-09-19,7.382509231567383,8.12788200378418,8.283867835998535,7.908836841583252,8.283867835998535,2292656
2018-09-20,7.460885047912598,8.21417236328125,8.310419082641602,8.101330757141113,8.101330757141113,913868
2018-09-21,7.439784049987793,8.190939903259277,8.280549049377441,8.137838363647461,8.24072265625,1009684
2018-09-24,7.2920732498168945,8.028315544128418,8.250679016113281,7.878966808319092,8.194258689880371,1831955
2018-09-25,7.340306758880615,8.08141803741455,8.111287117004395,7.932068824768066,7.935388088226318,1475809
2018-09-26,7.611610412597656,8.380114555358887,8.731913566589355,8.06814193725586,8.101330757141113,2366476
2018-09-27,7.584478855133057,8.350245475769043,8.615754127502441,8.320375442504883,8.370158195495605,1631585
2018-09-28,7.56639289855957,8.330331802368164,8.406665802001953,8.27059268951416,8.330331802368164,3257747
2018-10-01,7.596536636352539,8.363520622253418,8.41330337524414,8.280549049377441,8.363520622253418,2471633
2018-10-02,7.686972618103027,8.463086128234863,8.572608947753906,8.267273902893066,8.40334701538086,1648157
2018-10-03,7.795494556427002,8.582565307617188,8.818203926086426,8.48631763458252,8.585884094238281,1116649
2018-10-04,7.641755104064941,8.41330337524414,8.629029273986816,8.323694229125977,8.60247802734375,1344739
2018-10-05,7.58749532699585,8.353564262390137,8.54937744140625,8.307100296020508,8.536101341247559,1528236
2018-10-08,7.801522731781006,8.589202880859375,8.801609992980957,8.536101341247559,8.66221809387207,618887
2018-10-09,7.732189655303955,8.512868881225586,8.721957206726074,8.496274948120117,8.589202880859375,1060304
2018-10-10,7.56639289855957,8.330331802368164,8.506231307983398,8.220809936523438,8.506231307983398,1138042
2018-10-11,7.56639289855957,8.330331802368164,8.582565307617188,8.247361183166504,8.333650588989258,1705707
2018-10-15,7.370450019836426,8.114605903625488,8.370158195495605,8.018359184265137,8.293825149536133,1703598
2018-10-16,7.349348545074463,8.091374397277832,8.194258689880371,8.038272857666016,8.104649543762207,3957385
2018-10-17,7.460885047912598,8.21417236328125,8.350245475769043,8.088054656982422,8.117924690246582,644197
2018-10-18,7.602567195892334,8.370158195495605,8.522826194763184,8.217491149902344,8.257316589355469,937069
2018-10-19,7.837698459625244,8.629029273986816,8.678812026977539,8.350245475769043,8.350245475769043,1629777
2018-10-22,8.241641998291016,9.073756217956543,9.77735424041748,8.712000846862793,8.788333892822266,4366864
2018-10-23,7.686972618103027,8.463086128234863,9.043886184692383,8.416622161865234,9.040568351745605,3144154
2018-10-24,7.723148822784424,8.502913475036621,8.645623207092285,8.340289115905762,8.463086128234863,2210097
2018-10-25,7.783437252044678,8.569290161132812,8.648941993713379,8.390070915222168,8.605796813964844,2094395
2018-10-26,7.650798320770264,8.423259735107422,8.589202880859375,8.32701301574707,8.502913475036621,2361053
2018-10-29,7.469929218292236,8.224128723144531,8.449810981750488,8.09801197052002,8.383434295654297,4752538
2018-10-30,7.689988613128662,8.466404914855957,8.556014060974121,8.114605903625488,8.177664756774902,1925361
2018-10-31,7.56639289855957,8.330331802368164,8.506231307983398,8.167708396911621,8.350245475769043,2834107
2018-11-01,8.00952434539795,8.818203926086426,8.927725791931152,8.333650588989258,8.453129768371582,1961819
2018-11-05,7.913060665130615,8.712000846862793,8.93768310546875,8.54937744140625,8.93768310546875,3337895
2018-11-06,7.750277042388916,8.532781600952148,8.841436386108398,8.446492195129395,8.652260780334473,2382145
2018-11-07,7.656827449798584,8.429898262023926,8.692087173461914,8.287186622619629,8.60247802734375,2114281
2018-11-08,7.41566801071167,8.164388656616211,8.572608947753906,8.058185577392578,8.572608947753906,1966339
2018-11-09,7.5784502029418945,8.343606948852539,8.343606948852539,8.144475936889648,8.164388656616211,842157
2018-11-12,7.234798431396484,7.9652581214904785,8.482998847961426,7.9652581214904785,8.253997802734375,1293818
2018-11-13,7.159435272216797,7.882286071777344,8.09801197052002,7.819228172302246,8.09801197052002,1103391
2018-11-14,7.581464767456055,8.346925735473633,8.506231307983398,7.978532791137695,8.058185577392578,3372546
2018-11-16,7.720133304595947,8.499593734741211,8.592521667480469,8.353564262390137,8.556014060974121,816244
2018-11-19,7.852769374847412,8.645623207092285,8.808247566223145,8.41330337524414,8.562651634216309,2902504
2018-11-21,7.7593207359313965,8.542738914489746,8.755146026611328,8.43985366821289,8.648941993713379,3899534
2018-11-22,7.8678460121154785,8.66221809387207,8.788333892822266,8.562651634216309,8.619072914123535,944903
2018-11-23,7.807552337646484,8.595841407775879,8.74518871307373,8.54937744140625,8.688769340515137,727961
2018-11-26,8.428537368774414,9.279524803161621,9.292800903320312,8.761783599853516,8.761783599853516,6639935
2018-11-27,8.470744132995605,9.32598876953125,9.392366409301758,9.13681411743164,9.286163330078125,2748536
2018-11-28,8.802338600158691,9.69106388092041,9.69106388092041,9.282843589782715,9.418916702270508,2999224
2018-11-29,8.832484245300293,9.724251747131348,9.910107612609863,9.591498374938965,9.624686241149902,3192966
2018-11-30,8.742047309875488,9.624686241149902,9.724251747131348,9.498570442199707,9.724251747131348,1367940
2018-12-03,8.995265007019043,9.903470993041992,9.983122825622559,9.604772567749023,9.604772567749023,2790418
2018-12-04,8.832484245300293,9.724251747131348,10.102602005004883,9.621368408203125,9.866963386535645,2474044
2018-12-05,8.78425121307373,9.671150207519531,9.813860893249512,9.54835319519043,9.687745094299316,1355285
2018-12-06,8.742047309875488,9.624686241149902,9.74748420715332,9.591498374938965,9.624686241149902,1520704
2018-12-07,8.742047309875488,9.624686241149902,9.710976600646973,9.535077095031738,9.647917747497559,860235
2018-12-10,8.561177253723145,9.425555229187012,9.704339027404785,9.425555229187012,9.624686241149902,1154312
2018-12-11,8.500885963439941,9.359177589416504,9.568265914916992,9.15672779083252,9.448786735534668,1746082
2018-12-12,8.624482154846191,9.495250701904297,9.545034408569336,9.362497329711914,9.362497329711914,1064522
2018-12-13,8.440598487854004,9.292800903320312,9.5549898147583,9.186596870422363,9.5549898147583,1363420
2018-12-14,8.54610538482666,9.408961296081543,9.425555229187012,9.292800903320312,9.292800903320312,1029269
2018-12-17,8.440598487854004,9.292800903320312,9.5018892288208,9.236379623413086,9.408961296081543,1289600
2018-12-18,8.2567138671875,9.090350151062012,9.322669982910156,9.090350151062012,9.296119689941406,1350163
2018-12-19,8.365236282348633,9.209829330444336,9.269569396972656,9.08039379119873,9.103626251220703,1381499
2018-12-20,8.449640274047852,9.302757263183594,9.402322769165039,9.030611038208008,9.369133949279785,3135114
2018-12-21,8.13914680480957,8.960914611816406,9.422236442565918,8.960914611816406,9.422236442565918,1931387
2018-12-26,8.241641998291016,9.073756217956543,9.11026382446289,8.814885139465332,8.96755313873291,666193
2018-12-27,8.115033149719238,8.934364318847656,9.216466903686523,8.921089172363281,9.209829330444336,573992
2018-12-28,8.184366226196289,9.010698318481445,9.10030746459961,8.881261825561523,9.033929824829102,1035898
2019-01-02,8.662064552307129,9.508525848388672,9.5549898147583,8.980828285217285,8.987465858459473,2399620
2019-01-03,8.861608505249023,9.727570533752441,9.734209060668945,9.468700408935547,9.634642601013184,2305913
2019-01-04,9.10650634765625,9.99639892578125,10.122514724731445,9.495250701904297,9.734209060668945,1555354
2019-01-07,8.909982681274414,9.780673027038574,10.122514724731445,9.558308601379395,10.11255931854248,1682807
2019-01-08,8.547175407409668,9.382410049438477,9.83377456665039,9.382410049438477,9.727570533752441,2828382
2019-01-09,8.876725196838379,9.744165420532227,10.049500465393066,9.372452735900879,9.478656768798828,2482179
2019-01-10,9.039990425109863,9.923383712768555,10.02294921875,9.657875061035156,9.657875061035156,2549371
2019-01-11,9.127668380737305,10.019631385803223,10.119195938110352,9.810542106628418,9.810542106628418,1384512
2019-01-14,9.393729209899902,10.311690330505371,10.593792915344238,9.926703453063965,9.926703453063965,3391829
2019-01-15,9.680951118469238,10.626980781555176,10.85266399383545,10.311690330505371,10.311690330505371,3459624
2019-01-16,9.584205627441406,10.520777702331543,10.723228454589844,10.520777702331543,10.597111701965332,1441158
2019-01-17,9.826075553894043,10.786287307739258,10.93563461303711,10.454401016235352,10.570561408996582,3564178
2019-01-18,10.27656364440918,11.28079605102539,11.370406150817871,10.753097534179688,10.912403106689453,3346934
2019-01-21,10.067947387695312,11.05179500579834,11.287433624267578,10.88917064666748,11.277478218078613,1949465
2019-01-22,10.234234809875488,11.234332084655762,11.317303657531738,10.952230453491211,11.05179500579834,4073088
2019-01-23,10.291681289672852,11.297390937805176,11.350491523742676,11.181230545043945,11.234332084655762,1269111
2019-01-24,10.158650398254395,11.151361465454102,11.333897590637207,11.101577758789062,11.333897590637207,2439694
2019-01-28,9.795841217041016,10.753097534179688,11.25424575805664,10.729866027832031,11.151361465454102,3193568
2019-01-29,9.910735130310059,10.879215240478516,10.9489107131958,10.623662948608398,10.86262035369873,7028020
2019-01-30,9.937941551208496,10.90908432006836,10.99869441986084,10.846026420593262,10.846026420593262,1345342
2019-01-31,10.055853843688965,11.038519859313965,11.11153507232666,10.90576457977295,10.90908432006836,1613205
2019-02-01,10.022597312927246,11.002012252807617,11.11153507232666,10.842706680297852,11.108216285705566,709581
2019-02-04,10.098184585571289,11.084983825683594,11.151361465454102,10.846026420593262,11.045158386230469,1374870
2019-02-05,10.40959358215332,11.426825523376465,11.58613109588623,11.002012252807617,11.021925926208496,3302341
2019-02-06,10.194931030273438,11.191186904907227,11.513115882873535,11.191186904907227,11.430145263671875,2654829
2019-02-07,9.892589569091797,10.85930061340332,11.4168701171875,10.753097534179688,11.131447792053223,2984159
2019-02-08,9.765608787536621,10.719908714294434,11.031882286071777,10.666808128356934,10.855982780456543,1738248
2019-02-11,9.789793014526367,10.7464599609375,10.958867073059082,10.66348934173584,10.719908714294434,1820807
2019-02-12,9.520711898803711,10.451082229614258,10.839387893676758,10.451082229614258,10.723228454589844,1629476
2019-02-13,9.614439964294434,10.553967475891113,10.626980781555176,10.38470458984375,10.553967475891113,2416795
2019-02-14,9.850261688232422,10.812836647033691,11.118171691894531,10.534052848815918,10.66016960144043,1971160
2019-02-15,10.080044746398926,11.065071105957031,11.128129005432129,10.650213241577148,10.69003963470459,1240788
2019-02-18,10.249353408813477,11.250926971435547,11.393637657165527,10.779648780822754,11.061752319335938,1849431
2019-02-19,10.143535614013672,11.134766578674316,11.317303657531738,11.031882286071777,11.317303657531738,2062456
2019-02-20,10.388428688049316,11.403594017028809,11.453376770019531,11.015288352966309,11.267520904541016,2680139
2019-02-21,10.12841796875,11.118171691894531,11.506479263305664,11.028562545776367,11.297390937805176,1866003
2019-02-22,10.2523775100708,11.25424575805664,11.423506736755371,11.075027465820312,11.24096965789795,605328
2019-02-25,10.400524139404297,11.4168701171875,11.562898635864258,11.171274185180664,11.171274185180664,1549027
2019-02-26,10.60914134979248,11.64587116241455,11.738799095153809,11.4168701171875,11.4168701171875,3415633
2019-02-27,10.81473159790039,11.871553421020508,12.180207252502441,11.596088409423828,11.61600112915039,2479166
2019-02-28,11.0203218460083,12.097234725952148,12.097234725952148,11.871553421020508,11.904742240905762,3792268
2019-03-01,11.14730453491211,12.236626625061035,12.475584983825684,12.057409286499023,12.130423545837402,7141915
2019-03-06,11.458717346191406,12.578470230102539,12.578470230102539,12.024221420288086,12.147018432617188,2525266
2019-03-07,11.15032958984375,12.239946365356445,12.505455017089844,12.239946365356445,12.492178916931152,2543043
2019-03-08,11.05660343170166,12.137062072753906,12.382657051086426,11.991031646728516,12.276453971862793,3329157
2019-03-11,10.99915885925293,12.074003219604492,12.565194129943848,12.024221420288086,12.2731351852417,4088455
2019-03-12,10.944735527038574,12.014264106750488,12.326236724853516,12.014264106750488,12.16693115234375,2332127
2019-03-13,11.186609268188477,12.279772758483887,12.478903770446777,12.093916893005371,12.093916893005371,3355070
2019-03-14,11.44360065460205,12.561875343322754,12.72781753540039,12.22667121887207,12.279772758483887,2554493
2019-03-15,11.219868659973145,12.316280364990234,12.668079376220703,12.316280364990234,12.595064163208008,3092931
2019-03-18,11.39522647857666,12.508773803710938,12.601701736450195,12.130423545837402,12.130423545837402,2265839
2019-03-19,11.126143455505371,12.213395118713379,12.980051040649414,12.213395118713379,12.518730163574219,28449247
2019-03-20,11.156375885009766,12.246583938598633,12.53200626373291,12.017582893371582,12.30964183807373,3482523
2019-03-21,11.126143455505371,12.213395118713379,12.379338264465332,12.020901679992676,12.336193084716797,2772339
2019-03-22,11.504066467285156,12.628252983093262,12.72781753540039,12.150337219238281,12.279772758483887,5045410
2019-03-25,11.488950729370117,12.611658096313477,12.628252983093262,12.412527084350586,12.611658096313477,2559314
2019-03-26,11.794316291809082,12.946863174438477,12.946863174438477,12.412527084350586,12.631570816040039,5154183
2019-03-27,11.615931510925293,12.751049995422363,13.228965759277344,12.445714950561523,12.946863174438477,5648931
2019-03-28,11.912224769592285,13.076297760009766,13.10948657989502,12.541961669921875,12.651485443115234,2068482
2019-03-29,11.912224769592285,13.076297760009766,13.272110939025879,12.867210388183594,13.129400253295898,4453038
2019-04-01,11.866876602172852,13.026515007019043,13.242240905761719,12.910354614257812,13.192458152770996,2560820
2019-04-02,11.791292190551758,12.943544387817383,13.106167793273926,12.907036781311035,13.026515007019043,4841424
2019-04-03,12.157123565673828,13.345126152038574,13.41482162475586,12.993327140808105,12.993327140808105,3686208
2019-04-04,12.767850875854492,14.015535354614258,14.154927253723145,13.288704872131348,13.378314018249512,6093361
2019-04-05,12.57737922668457,13.80644702911377,14.018854141235352,13.696925163269043,14.002260208129883,3662706
2019-04-08,12.655987739562988,13.89273738861084,13.995621681213379,13.750025749206543,13.80644702911377,5367810
2019-04-09,12.613659858703613,13.846273422241211,13.992302894592285,13.753344535827637,13.839635848999023,4228864
2019-04-10,12.662033081054688,13.899374961853027,14.158246040344238,13.882781028747559,13.882781028747559,5125257
2019-04-11,12.743667602539062,13.988984107971191,14.320870399475098,13.793171882629395,13.969071388244629,3104080
2019-04-12,12.789017677307129,14.038766860961914,14.19807243347168,13.796489715576172,13.935881614685059,2531594
2019-04-15,12.776922225952148,14.025491714477539,14.125057220458984,13.856229782104492,14.038766860961914,2309830
2019-04-16,12.73459243774414,13.97902774810791,14.161564826965332,13.80644702911377,13.942520141601562,4365056
2019-04-17,12.813203811645508,14.06531810760498,14.221303939819336,13.909332275390625,14.038766860961914,3132704
2019-04-18,12.305268287658691,13.507749557495117,14.164883613586426,12.913674354553223,14.164883613586426,8870522
2019-04-22,12.57737922668457,13.80644702911377,13.886099815368652,13.524344444274902,13.524344444274902,2167312
2019-04-23,12.937164306640625,14.201391220092773,14.407159805297852,13.750025749206543,13.809765815734863,4133952
2019-04-24,13.061121940612793,14.337464332580566,14.612929344177246,14.09518814086914,14.171521186828613,3960700
2019-04-25,13.082286834716797,14.360695838928223,14.573102951049805,14.15160846710205,14.387247085571289,3150782
2019-04-26,13.182061195373535,14.470218658447266,14.536596298217773,14.171521186828613,14.271086692810059,1685218
2019-04-29,13.333229064941406,14.636160850524902,14.755640029907227,14.344101905822754,14.589696884155273,1367639
2019-04-30,13.46928596496582,14.785510063171387,14.997917175292969,14.443668365478516,14.749003410339355,3377366
2019-05-02,13.315088272094727,14.61624813079834,14.831974029541016,14.476856231689453,14.831974029541016,2066675
2019-05-03,12.846461296081543,14.101824760437012,14.496768951416016,13.942520141601562,14.496768951416016,3185734
2019-05-06,12.728546142578125,13.972390174865723,14.19475269317627,13.750025749206543,13.902693748474121,2264634
2019-05-07,12.365740776062012,13.574127197265625,14.118419647216797,13.574127197265625,13.97902774810791,3279441
2019-05-08,11.942461013793945,13.10948657989502,13.88941764831543,13.023197174072266,13.607316017150879,5754088
2019-05-09,12.154102325439453,13.34180736541748,13.839635848999023,13.172545433044434,13.258835792541504,4974302
2019-05-10,12.495254516601562,13.716299057006836,13.90583324432373,13.516789436340332,13.516789436340332,3175483
2019-05-13,12.534634590148926,13.759526252746582,13.895856857299805,13.45693588256836,13.709648132324219,1866975
2019-05-14,12.11963939666748,13.303977966308594,13.759526252746582,13.207549095153809,13.759526252746582,2438075
2019-05-15,12.077229499816895,13.257426261901855,13.267400741577148,12.99473762512207,13.10446834564209,967471
2019-05-16,11.813694953918457,12.96813678741455,13.250776290893555,12.85175609588623,13.250776290893555,1678113
2019-05-17,11.662237167358398,12.801878929138184,13.137720108032227,12.565792083740234,13.018013954162598,1413464
2019-05-20,11.707674026489258,12.85175609588623,12.97811222076416,12.648921012878418,12.648921012878418,978899
2019-05-21,12.425582885742188,13.639820098876953,13.686371803283691,12.991413116455078,12.991413116455078,2637464
2019-05-22,12.510400772094727,13.732924461364746,13.865930557250977,13.550040245056152,13.633169174194336,1634806
2019-05-23,12.068146705627441,13.247450828552246,13.636494636535645,13.051265716552734,13.633169174194336,8372520
2019-05-24,12.116610527038574,13.300653457641602,13.526763916015625,13.157670974731445,13.297327995300293,2129820
2019-05-27,12.116610527038574,13.300653457641602,13.360506057739258,13.101142883300781,13.300653457641602,1533157
2019-05-28,12.137811660766602,13.323928833007812,13.460261344909668,13.167647361755371,13.294002532958984,5418681
2019-05-29,12.20445442199707,13.397083282470703,13.45693588256836,13.184271812438965,13.300653457641602,2025765
2019-05-30,11.965152740478516,13.134394645690918,13.466911315917969,13.111119270324707,13.466911315917969,3909281
2019-05-31,11.965152740478516,13.134394645690918,13.267400741577148,13.001387596130371,13.170971870422363,2992634
2019-06-03,11.850045204162598,13.008039474487305,13.21419906616211,12.712099075317383,13.137720108032227,4096640
2019-06-04,12.092378616333008,13.274051666259766,13.274051666259766,12.825155258178711,13.067892074584961,3558020
2019-06-05,12.34682559967041,13.553365707397461,13.796101570129395,13.300653457641602,13.333905220031738,4352868
2019-06-06,12.174165725708008,13.36383056640625,13.629843711853027,13.240799903869629,13.629843711853027,3832593
2019-06-07,12.434669494628906,13.649794578552246,13.649794578552246,13.367156028747559,13.397083282470703,3023610
2019-06-10,12.855722427368164,14.111992835998535,14.155220031738281,13.616543769836426,13.746225357055664,3542983
2019-06-11,13.010210037231445,14.281576156616211,14.298201560974121,14.012237548828125,14.1818208694458,4089423
2019-06-12,13.040501594543457,14.314827919006348,14.361379623413086,13.969011306762695,14.27492618560791,2849183
2019-06-13,13.367650985717773,14.673946380615234,14.673946380615234,14.225049018859863,14.364705085754395,4164306
2019-06-14,13.71600341796875,15.056339263916016,15.056339263916016,14.471111297607422,14.710521697998047,4441886
2019-06-17,13.628156661987305,14.95991039276123,15.116191864013672,14.816927909851074,14.963234901428223,4459630
2019-06-18,13.555458068847656,14.880105972290039,15.2358980178833,14.700547218322754,15.192670822143555,3650948
2019-06-19,13.628156661987305,14.95991039276123,15.019762992858887,14.683920860290527,14.880105972290039,3808233
2019-06-21,13.173785209655762,14.461134910583496,14.896732330322266,14.457810401916504,14.896732330322266,8897908
2019-06-24,13.204075813293457,14.494386672973633,14.587491035461426,14.215072631835938,14.547589302062988,3638618
2019-06-25,12.928421974182129,14.191797256469727,14.397956848144531,14.1685209274292,14.397956848144531,3732147
2019-06-26,13.1434907913208,14.427884101867676,14.427884101867676,13.93243408203125,14.294877052307129,3393818
2019-06-27,13.207103729248047,14.497712135314941,14.524312973022461,14.1685209274292,14.361379623413086,5560027
2019-06-28,13.319184303283691,14.620742797851562,14.687246322631836,14.397956848144531,14.574191093444824,5137191
2019-07-01,13.237397193908691,14.530963897705078,14.65066909790039,14.467784881591797,14.620742797851562,2659117
2019-07-02,13.6917724609375,15.029738426208496,15.043039321899414,14.534289360046387,14.534289360046387,6274879
2019-07-03,13.858372688293457,15.212621688842773,15.242548942565918,14.873455047607422,15.066314697265625,5182903
2019-07-04,14.14614200592041,15.528512954711914,15.528512954711914,15.132818222045898,15.212621688842773,6186462
2019-07-05,14.854963302612305,16.30660057067871,16.30660057067871,15.322352409362793,15.595015525817871,5903168
2019-07-08,14.751972198486328,16.193544387817383,16.29330062866211,15.837753295898438,16.29330062866211,3944167
2019-07-10,14.842849731445312,16.29330062866211,16.29330062866211,15.924206733703613,16.29330062866211,8314177
2019-07-11,15.015510559082031,16.48283576965332,16.48283576965332,16.04058837890625,16.309925079345703,4657214
2019-07-12,14.621721267700195,16.05056381225586,16.48283576965332,15.794526100158691,16.41965675354004,5043361
2019-07-15,14.45511531829834,15.86767864227295,16.05056381225586,15.641568183898926,16.05056381225586,4164306
2019-07-16,14.503583908081055,15.920882225036621,16.000686645507812,15.761274337768555,15.86767864227295,5842419
2019-07-17,14.573253631591797,15.997361183166504,16.06053924560547,15.734672546386719,16.06053924560547,2989627
2019-07-18,14.358183860778809,15.761274337768555,15.997361183166504,15.708070755004883,15.997361183166504,4212123
2019-07-19,14.509641647338867,15.927532196044922,16.023962020874023,15.737998008728027,15.777899742126465,8292224
2019-07-22,14.539932250976562,15.960783958435059,16.24009895324707,15.741323471069336,16.027286529541016,2155082
2019-07-23,14.579312324523926,16.004011154174805,16.004011154174805,15.777899742126465,15.957459449768066,4615412
2019-07-24,14.712593078613281,16.150318145751953,16.150318145751953,15.804500579833984,15.960783958435059,4495418
2019-07-25,14.615659713745117,16.043912887573242,16.19021987915039,15.930856704711914,16.09379005432129,4281594
2019-07-26,14.721681594848633,16.160293579101562,16.183570861816406,15.897605895996094,16.127042770385742,1986067
2019-07-29,14.80346965789795,16.250072479248047,16.250072479248047,15.837753295898438,16.160293579101562,2678966
2019-07-30,14.648984909057617,16.080490112304688,16.216821670532227,15.960783958435059,16.156967163085938,2917751
2019-07-31,14.691391944885254,16.127042770385742,16.196870803833008,16.000686645507812,16.023962020874023,3571854
2019-08-01,14.891312599182129,16.34650230407715,16.5892391204834,16.027286529541016,16.08381462097168,3670195
2019-08-02,14.842849731445312,16.29330062866211,16.35980224609375,16.080490112304688,16.309925079345703,2450706
2019-08-05,14.718649864196777,16.156967163085938,16.216821670532227,15.960783958435059,16.16694450378418,3023310
2019-08-06,14.833762168884277,16.2833251953125,16.486160278320312,16.077165603637695,16.13701820373535,4234679
2019-08-07,15.021565437316895,16.489484786987305,16.52606201171875,16.087139129638672,16.343177795410156,3763123
2019-08-08,16.205963134765625,17.789623260498047,17.906003952026367,17.008209228515625,17.008209228515625,20154498
2019-08-09,17.075336456298828,18.743946075439453,18.77054786682129,17.626691818237305,17.626691818237305,12154891
2019-08-12,16.630046844482422,18.25514793395996,18.654165267944336,17.932605743408203,18.654165267944336,5497173
2019-08-13,16.62700843811035,18.188642501831055,18.324974060058594,17.906003952026367,18.281747817993164,4736609
2019-08-14,16.57533073425293,18.132116317749023,18.20194435119629,17.806249618530273,17.989133834838867,5051781
2019-08-15,16.323036193847656,17.85612678527832,18.381502151489258,17.50698471069336,18.132116317749023,5514315
2019-08-16,16.198408126831055,17.71979522705078,18.012409210205078,17.430505752563477,17.989133834838867,5788888
2019-08-19,16.216650009155273,17.73974609375,18.072263717651367,17.580137252807617,17.952556610107422,2847980
2019-08-20,16.326082229614258,17.859451293945312,17.859451293945312,17.503660202026367,17.806249618530273,2561377
2019-08-21,16.54493522644043,18.09886360168457,18.09886360168457,17.523611068725586,17.942581176757812,3262095
2019-08-22,16.201454162597656,17.723119735717773,18.28839874267578,17.630016326904297,18.28839874267578,2183050
2019-08-23,16.228809356689453,17.753047943115234,17.915979385375977,17.237646102905273,17.915979385375977,3482234
2019-08-26,15.918761253356934,17.41387939453125,17.922630310058594,17.27422332763672,17.756372451782227,3668992
2019-08-27,15.803258895874023,17.28752326965332,17.955881118774414,17.02483558654785,17.955881118774414,4332418
2019-08-28,16.022113800048828,17.526935577392578,17.526935577392578,16.891830444335938,17.30747413635254,5604837
2019-08-29,16.171056747436523,17.689868927001953,17.799598693847656,17.320775985717773,17.62336540222168,3107215
2019-08-30,16.37775421142578,17.915979385375977,17.932605743408203,17.626691818237305,17.806249618530273,5048774
2019-09-02,16.42030906677246,17.96253204345703,18.36155128479004,17.819549560546875,18.05231285095215,2577617
2019-09-03,15.988670349121094,17.490358352661133,18.092214584350586,17.2409725189209,17.94923210144043,3825375
2019-09-04,16.28656578063965,17.816225051879883,17.84615135192871,17.573488235473633,17.663267135620117,6159396
2019-09-05,16.38079261779785,17.9193058013916,18.015735626220703,17.733095169067383,17.859451293945312,2597767
2019-09-06,16.23185157775879,17.756372451782227,17.9193058013916,17.460432052612305,17.915979385375977,1815249
2019-09-09,15.471935272216797,16.925081253051758,17.743070602416992,16.635791778564453,17.659942626953125,5861366
2019-09-10,15.645193099975586,17.11461639404297,17.181119918823242,16.81202507019043,16.828651428222656,2783321
2019-09-11,16.19537353515625,17.71647071838379,17.71647071838379,17.111289978027344,17.19109344482422,2723775
2019-09-12,16.23185157775879,17.756372451782227,17.75969696044922,17.39060401916504,17.6566162109375,2960155
2019-09-13,16.119382858276367,17.63334083557129,17.769672393798828,17.320775985717773,17.71979522705078,2574911
2019-09-16,16.213613510131836,17.736421585083008,17.76302146911621,17.284198760986328,17.490358352661133,2725279
2019-09-17,16.411191940307617,17.952556610107422,17.952556610107422,17.669918060302734,17.822874069213867,3596214
2019-09-18,16.47502326965332,18.022384643554688,18.072263717651367,17.746397018432617,17.952556610107422,1781867
2019-09-19,16.903615951538086,18.491233825683594,18.547761917114258,17.985807418823242,18.072263717651367,4442789
2019-09-20,17.189348220825195,18.80379867553711,19.156265258789062,18.364877700805664,18.51783561706543,7417379
2019-09-23,17.326129913330078,18.95343017578125,19.295923233032227,18.800472259521484,18.800472259521484,6322095
2019-09-24,17.462919235229492,19.103063583374023,19.14296531677246,18.800472259521484,19.096412658691406,3605537
2019-09-25,17.210622787475586,18.82707405090332,19.096412658691406,18.62424087524414,19.096412658691406,5601228
2019-09-26,17.447721481323242,19.086437225341797,19.103063583374023,18.823749542236328,18.92017936706543,4834048
2019-09-27,17.630098342895508,19.285947799682617,19.365751266479492,18.95343017578125,19.12966537475586,3897252
2019-09-30,17.551061630249023,19.199493408203125,19.285947799682617,19.07978630065918,19.285947799682617,3450958
2019-10-01,17.766881942749023,19.435579299926758,19.435579299926758,19.07978630065918,19.11968994140625,3407952
2019-10-02,17.569305419921875,19.219444274902344,19.32252311706543,18.990007400512695,19.32252311706543,2985717
2019-10-03,18.238037109375,19.950979232788086,20.014158248901367,19.083112716674805,19.123014450073242,7482339
2019-10-04,18.086050033569336,19.78472137451172,20.3466739654541,19.635089874267578,20.06736183166504,7053187
2019-10-07,17.873275756835938,19.551959991455078,19.708242416381836,19.28927230834961,19.708242416381836,3395622
2019-10-08,17.842878341674805,19.518709182739258,19.841249465942383,19.399002075195312,19.61846351623535,5239441
2019-10-09,17.876312255859375,19.55528450012207,19.834598541259766,19.305898666381836,19.804672241210938,5930836
2019-10-10,17.57842254638672,19.229419708251953,19.834598541259766,18.93347930908203,19.704917907714844,4091227
2019-10-11,17.478118896484375,19.11968994140625,19.588537216186523,19.11968994140625,19.422279357910156,5894447
2019-10-14,17.447721481323242,19.086437225341797,19.246044158935547,18.91020393371582,19.136314392089844,4825928
2019-10-15,17.310935974121094,18.936805725097656,19.17289161682129,18.7938232421875,19.17289161682129,3382991
2019-10-16,17.32309341430664,18.950105667114258,18.980031967163086,18.674116134643555,18.980031967163086,3092178
2019-10-17,17.456838607788086,19.096412658691406,19.239395141601562,18.960081100463867,18.999982833862305,3699066
2019-10-18,17.27750015258789,18.90022850036621,19.17289161682129,18.674116134643555,19.14296531677246,4048522
2019-10-21,17.086002349853516,18.69074249267578,18.966732025146484,18.600963592529297,18.903553009033203,3179693
2019-10-22,17.38996124267578,19.023258209228516,19.023258209228516,18.670791625976562,18.69074249267578,9103913
2019-10-23,17.751686096191406,19.418954849243164,19.468830108642578,18.896902084350586,19.05983543395996,4290315
2019-10-24,17.630098342895508,19.285947799682617,19.505407333374023,18.966732025146484,19.485456466674805,3905672
2019-10-25,17.554109573364258,19.202817916870117,19.262670516967773,18.800472259521484,19.23607063293457,3455770
2019-10-28,17.715208053588867,19.379051208496094,19.379051208496094,19.009958267211914,19.279296875,2731595
2019-10-29,18.845970153808594,20.616012573242188,20.635963439941406,19.714893341064453,20.083986282348633,11370569
2019-10-30,19.225927352905273,21.031658172607422,21.031658172607422,20.433128356933594,20.72574234008789,6985220
2019-10-31,18.931081771850586,20.709117889404297,20.995080947875977,20.70246696472168,20.991756439208984,3128868
2019-11-01,19.244163513183594,21.05160903930664,21.05160903930664,20.732393264770508,20.782270431518555,2893993
2019-11-04,18.824687957763672,20.592735290527344,21.108137130737305,20.45973014831543,21.054933547973633,3305702
2019-11-05,18.207637786865234,19.917728424072266,20.72574234008789,19.851224899291992,20.72574234008789,4756157
2019-11-06,18.700063705444336,20.456405639648438,20.476356506347656,19.758119583129883,19.921052932739258,4462036
2019-11-07,18.563274383544922,20.306772232055664,20.68251609802246,20.157140731811523,20.625988006591797,5140499
2019-11-08,18.648391723632812,20.399877548217773,20.4298038482666,19.977581024169922,20.306772232055664,3960707
2019-11-11,18.900680541992188,20.675865173339844,20.788921356201172,20.127214431762695,20.127214431762695,4614209
2019-11-12,18.8186092376709,20.58608627319336,20.7224178314209,20.300121307373047,20.7224178314209,6504943
2019-11-13,18.754777908325195,20.516258239746094,20.742368698120117,20.38657569885254,20.38657569885254,6529303
2019-11-14,19.18033218383789,20.981781005859375,21.07488441467285,20.516258239746094,20.60936164855957,4549250
2019-11-18,19.563331604003906,21.4007511138916,21.43067741394043,20.75566864013672,21.018356323242188,6961763
2019-11-19,19.915931701660156,21.786470413208008,21.786470413208008,21.194591522216797,21.404075622558594,6884172
2019-11-21,20.244216918945312,22.145587921142578,22.145587921142578,21.68338966369629,21.773168563842773,6798162
2019-11-22,19.830820083618164,21.6933650970459,22.12896156311035,21.590286254882812,22.12896156311035,3862366
2019-11-25,19.891616821289062,21.759868621826172,21.81307029724121,21.50383186340332,21.81307029724121,2347854
2019-11-26,19.776107788085938,21.633512496948242,21.902851104736328,21.274394989013672,21.902851104736328,3397427
2019-11-27,19.95848846435547,21.83302116394043,21.83302116394043,21.447303771972656,21.759868621826172,2820312
2019-11-28,19.900732040405273,21.76984405517578,22.11566162109375,21.616886138916016,21.763193130493164,3037745
2019-11-29,19.66668128967285,21.51380729675293,21.806421279907227,21.088186264038086,21.786470413208008,5370863
2019-12-02,19.298879623413086,21.111461639404297,21.540407180786133,21.02833366394043,21.384124755859375,4143856
2019-12-03,18.997955322265625,20.782270431518555,21.234493255615234,20.616012573242188,21.234493255615234,3970631
2019-12-04,19.408306121826172,21.231168746948242,21.231168746948242,20.815521240234375,20.815521240234375,4593458
2019-12-05,19.542057037353516,21.37747573852539,21.37747573852539,21.08153533935547,21.231168746948242,2870535
2019-12-06,19.882495880126953,21.749893188476562,21.773168563842773,21.194591522216797,21.387451171875,3816654
2019-12-09,19.770030975341797,21.626861572265625,21.77981948852539,21.340898513793945,21.763193130493164,6416226
2019-12-10,19.712276458740234,21.563684463500977,21.700016021728516,21.247793197631836,21.616886138916016,4901713
2019-12-11,19.67884063720703,21.52710723876953,21.836347579956055,21.36750030517578,21.600261688232422,6756961
2019-12-12,20.36580467224121,22.278593063354492,22.428226470947266,21.613561630249023,21.613561630249023,5730846
2019-12-13,20.882549285888672,22.8438720703125,22.8438720703125,22.205440521240234,22.375024795532227,3501482
2019-12-16,20.669769287109375,22.61111068725586,23.103235244750977,22.388324737548828,22.943626403808594,5734154
2019-12-17,20.639375686645508,22.57785987854004,22.830570220947266,22.408275604248047,22.524656295776367,3539675
2019-12-18,20.578584671020508,22.511356353759766,22.784019470214844,22.488079071044922,22.488079071044922,3720418
2019-12-19,20.669769287109375,22.61111068725586,23.143136978149414,22.388324737548828,22.514680862426758,6684483
2019-12-20,20.809595108032227,22.764068603515625,22.927001953125,22.331796646118164,22.61111068725586,4675860
2019-12-23,20.5694637298584,22.501380920410156,22.88709831237793,22.21209144592285,22.880449295043945,4049725
2019-12-26,20.43221092224121,22.2752685546875,22.551258087158203,22.245342254638672,22.468128204345703,4930284
2019-12-27,19.770353317260742,21.553709030151367,22.508031845092773,21.261093139648438,22.311845779418945,10198897
2019-12-30,19.68800163269043,21.46392822265625,22.029207229614258,21.098161697387695,21.91615104675293,11476127
2020-01-02,21.091020584106445,22.99350357055664,23.272817611694336,21.580310821533203,21.696691513061523,10977505
2020-01-03,21.53937339782715,23.482303619384766,23.482303619384766,22.61111068725586,22.61111068725586,18487512
2020-01-06,21.04831886291504,22.94695281982422,23.276142120361328,22.9403018951416,23.269493103027344,6981010
2020-01-07,21.136770248413086,23.04338264465332,23.216289520263672,22.627735137939453,23.10988426208496,7438732
2020-01-08,20.853118896484375,22.734142303466797,23.143136978149414,22.3450984954834,23.143136978149414,5422891
2020-01-09,21.197769165039062,23.10988426208496,23.113210678100586,22.48475456237793,22.684263229370117,6348560
2020-01-10,21.039167404174805,22.93697738647461,23.269493103027344,22.394975662231445,23.143136978149414,5833397
2020-01-13,21.243520736694336,23.15976333618164,23.16973876953125,22.448177337646484,23.026756286621094,4959455
2020-01-14,21.243520736694336,23.15976333618164,23.385873794555664,22.91702651977539,23.15976333618164,6553362
2020-01-15,21.295373916625977,23.216289520263672,23.252866744995117,22.750768661499023,23.10988426208496,4143555
2020-01-16,21.29842185974121,23.219615936279297,23.342647552490234,22.767393112182617,23.276142120361328,4524589
2020-01-17,22.070083618164062,24.060882568359375,24.110759735107422,23.079959869384766,23.302745819091797,6146164
2020-01-20,22.22868537902832,24.233789443969727,24.233789443969727,23.8148193359375,24.007678985595703,2289511
2020-01-21,22.021276473999023,24.007678985595703,24.200538635253906,23.72836685180664,24.170612335205078,5349210
2020-01-22,22.594690322875977,24.632810592651367,24.632810592651367,23.971101760864258,24.0775089263916,4133932
2020-01-23,22.835643768310547,24.895498275756836,24.895498275756836,24.210514068603516,24.386747360229492,3909281
2020-01-24,22.40558624267578,24.42664909362793,24.832319259643555,24.353496551513672,24.822343826293945,5117643
2020-01-27,22.039581298828125,24.027629852294922,24.07085609436035,23.44572639465332,23.937850952148438,4715557
2020-01-28,22.738040924072266,24.789093017578125,24.898822784423828,23.924549102783203,24.170612335205078,4865324
2020-01-29,22.41778564453125,24.439950942993164,24.872222900390625,24.207189559936523,24.872222900390625,4893293
2020-01-30,22.173782348632812,24.17393684387207,24.572956085205078,23.65521240234375,23.94117546081543,8180650
2020-01-31,22.768537521362305,24.822343826293945,24.822343826293945,23.618635177612305,23.618635177612305,6514567
2020-02-03,23.918407440185547,26.075931549072266,26.278766632080078,24.656085968017578,24.822343826293945,8362897
2020-02-04,23.79030418395996,25.9362735748291,26.538129806518555,25.779991149902344,26.531478881835938,6441487
2020-02-05,23.866558074951172,26.0194034576416,26.810792922973633,26.0194034576416,26.195636749267578,6694107
2020-02-06,23.384645462036133,25.49402618408203,26.30536651611328,25.164836883544922,26.129133224487305,7641729
2020-02-07,23.015596389770508,25.09168243408203,25.78331756591797,24.905473709106445,25.507328033447266,6007825
2020-02-10,22.7319393157959,24.782442092895508,25.407573699951172,24.476526260375977,25.191436767578125,4994942
2020-02-11,22.939342498779297,25.00855255126953,25.254615783691406,24.61285972595215,24.938724517822266,6374122
2020-02-12,23.912302017211914,26.06928062438965,26.25881576538086,25.281217575073242,25.281217575073242,7795406
2020-02-13,23.8208065032959,25.969526290893555,26.34526824951172,25.07838249206543,26.06262969970703,8098549
2020-02-14,23.698806762695312,25.836519241333008,26.002777099609375,25.504003524780273,26.002777099609375,5792497
2020-02-17,25.534927368164062,27.838268280029297,27.838268280029297,25.4507999420166,25.836519241333008,9282852
2020-02-18,25.19332504272461,27.465848922729492,27.529027938842773,25.989477157592773,27.529027938842773,14214339
2020-02-19,25.086570739746094,27.349468231201172,27.741838455200195,26.877294540405273,27.465848922729492,7006572
2020-02-20,25.08352279663086,27.34614372253418,27.814990997314453,26.74428939819336,27.349468231201172,9126468
2020-02-21,25.32447624206543,27.60883140563965,27.70526123046875,26.933822631835938,27.26301383972168,5416876
2020-02-26,23.912302017211914,26.06928062438965,26.601306915283203,25.770015716552734,26.601306915283203,8569503
2020-02-27,22.460491180419922,24.48650360107422,26.06928062438965,24.48650360107422,25.770015716552734,11984974
2020-02-28,21.658329010009766,23.611984252929688,24.40337371826172,23.276142120361328,24.380098342895508,11978659
2020-03-02,22.62518882751465,24.666061401367188,24.832319259643555,23.385873794555664,23.605335235595703,9943872
2020-03-03,22.353734970092773,24.3701229095459,25.11163330078125,23.83477020263672,24.76249122619629,5901664
2020-03-04,22.57029151916504,24.60620880126953,24.75251579284668,23.957801818847656,24.75251579284668,6062559
2020-03-05,21.197769165039062,23.10988426208496,24.439950942993164,22.3716983795166,24.25706672668457,4460833
2020-03-06,19.80695152282715,21.593610763549805,22.225391387939453,21.347549438476562,21.823047637939453,9563139
2020-03-09,17.78782081604004,19.392351150512695,20.709117889404297,19.11968994140625,19.11968994140625,10069580
2020-03-10,18.99564552307129,20.709117889404297,21.098161697387695,19.907752990722656,19.950979232788086,6828235
2020-03-11,17.903724670410156,19.518709182739258,20.40985107421875,18.28839874267578,19.950979232788086,10803378
2020-03-12,15.631448745727539,17.041461944580078,17.98248291015625,16.692319869995117,16.825326919555664,5281544
2020-03-13,17.58042335510254,19.166240692138672,19.950979232788086,17.2542724609375,19.950979232788086,8158396
2020-03-16,15.103790283203125,16.466209411621094,17.437156677246094,15.7147216796875,16.66571807861328,6901314
2020-03-17,15.445398330688477,16.838626861572266,17.87940216064453,16.43295669555664,16.968307495117188,4601879
2020-03-18,13.075517654418945,14.254975318908691,15.701420783996582,13.360506057739258,15.35560417175293,12901922
2020-03-19,12.840662956237793,13.998936653137207,15.106217384338379,12.349656105041504,13.965685844421387,12149177
2020-03-20,13.337821006774902,14.540939331054688,15.511886596679688,13.839329719543457,14.361379623413086,18024978
2020-03-23,13.334768295288086,14.537613868713379,14.61076831817627,13.49018669128418,14.537613868713379,7523239
2020-03-24,14.002729415893555,15.265825271606445,16.42963218688965,15.265825271606445,15.834427833557129,6882067
2020-03-25,16.775217056274414,18.28839874267578,18.723995208740234,14.973210334777832,15.195996284484863,6893495
2020-03-26,16.217058181762695,17.679893493652344,18.81709861755371,16.968307495117188,18.348251342773438,11674012
2020-03-27,13.88377571105957,15.13614273071289,17.12791633605957,14.833553314208984,17.10796546936035,19704896
2020-03-30,14.31688404083252,15.608317375183105,16.127042770385742,15.142793655395508,15.890954971313477,8605892
2020-03-31,14.237581253051758,15.521862030029297,15.807826042175293,15.162745475769043,15.395505905151367,9342999
2020-04-01,13.655023574829102,14.88675594329834,15.728021621704102,14.198447227478027,14.926657676696777,9192330
2020-04-02,13.90817928314209,15.162745475769043,15.405482292175293,14.703871726989746,14.946608543395996,6199394
2020-04-03,13.401871681213379,14.61076831817627,15.262499809265137,14.231698989868164,15.089591026306152,9379689
2020-04-06,14.246733665466309,15.531838417053223,16.226797103881836,15.082941055297852,15.295750617980957,4089122
2020-04-07,15.524702072143555,16.925081253051758,18.105514526367188,16.2966251373291,16.619165420532227,10445802
2020-04-08,16.619661331176758,18.11881446838379,18.37152671813965,16.69564437866211,16.958332061767578,6556970
2020-04-09,16.393962860107422,17.872753143310547,19.212793350219727,17.872753143310547,18.674116134643555,10940214
2020-04-13,16.973466873168945,18.504533767700195,18.504533767700195,17.460432052612305,17.872753143310547,4472562
2020-04-14,16.77825927734375,18.291723251342773,19.568586349487305,18.271772384643555,18.820423126220703,7873297
2020-04-15,17.20221710205078,18.753921508789062,19.096412658691406,17.779647827148438,17.989133834838867,7805029
2020-04-16,17.714624404907227,19.312549591064453,19.807998657226562,18.51783561706543,18.823749542236328,8660627
2020-04-17,18.004383087158203,19.62843894958496,20.163789749145508,19.093088150024414,19.655040740966797,9674111
2020-04-20,18.00132942199707,19.62511444091797,19.688291549682617,19.043209075927734,19.149616241455078,5095087
2020-04-22,18.391733169555664,20.050735473632812,20.526233673095703,19.61846351623535,19.62511444091797,7537674
2020-04-23,17.876279830932617,19.48878288269043,20.41650390625,19.349124908447266,20.41650390625,4519477
2020-04-24,16.195707321166992,17.6566162109375,19.4588565826416,17.12791633605957,18.95343017578125,8176139
2020-04-27,17.82442855834961,19.432254791259766,19.65836524963379,17.955881118774414,18.25514793395996,5241847
2020-04-28,17.717483520507812,19.272647857666016,21.2078914642334,19.136314392089844,20.516258239746094,8366205
2020-04-29,17.974260330200195,19.551959991455078,19.78472137451172,18.88692855834961,19.551959991455078,6553362
2020-04-30,18.08124542236328,19.6683406829834,19.98423194885254,19.34247589111328,19.48878288269043,5435823
2020-05-04,18.341075897216797,19.950979232788086,20.250244140625,19.053186416625977,19.681642532348633,5330865
2020-05-05,18.58868408203125,20.220317840576172,20.65924072265625,20.030784606933594,20.300121307373047,5893143
2020-05-06,18.056793212890625,19.641740798950195,20.23029327392578,19.272647857666016,20.180416107177734,4814800
2020-05-07,16.699548721313477,18.165367126464844,20.23029327392578,18.125465393066406,20.130538940429688,8721776
2020-05-08,16.965497970581055,18.45465660095215,18.903553009033203,17.906003952026367,18.733970642089844,5583484
2020-05-11,16.479455947875977,17.925954818725586,18.544435501098633,17.70649528503418,18.364877700805664,5369360
2020-05-12,15.828351974487305,17.217695236206055,18.654165267944336,17.197744369506836,18.21524429321289,4142653
2020-05-13,16.140151977539062,17.556861877441406,18.07558822631836,17.12791633605957,17.31745147705078,7177291
2020-05-14,16.268535614013672,17.69651985168457,17.69651985168457,17.008209228515625,17.217695236206055,4741320
2020-05-15,17.148910522460938,18.654165267944336,18.833724975585938,17.207719802856445,17.68654441833496,6818311
2020-05-18,17.552413940429688,19.093088150024414,19.412303924560547,18.743946075439453,19.222768783569336,6183455
2020-05-19,17.543243408203125,19.083112716674805,20.07068634033203,18.95343017578125,19.472156524658203,5212976
2020-05-20,17.809186935424805,19.37240219116211,19.74149513244629,19.083112716674805,19.282621383666992,3593006
2020-05-21,18.460296630859375,20.08066177368164,20.200366973876953,19.192842483520508,19.412303924560547,4471158
2020-05-22,18.093473434448242,19.681642532348633,20.11058807373047,19.551959991455078,19.90110206604004,2313269
2020-05-25,18.616193771362305,20.250244140625,20.59938621520996,19.980905532836914,20.250244140625,2722272
2020-05-26,18.95550537109375,20.61933708190918,21.237817764282227,20.489656448364258,20.749019622802734,5826179
2020-05-27,18.634538650512695,20.27019691467285,21.128087997436523,20.07068634033203,20.95850372314453,5485444
2020-05-28,18.799604415893555,20.44975471496582,20.79889678955078,19.851224899291992,20.29014778137207,5161149
2020-05-29,18.441953659057617,20.060710906982422,20.62931251525879,19.202817916870117,20.579435348510742,7490960
2020-06-01,18.744585037231445,20.389902114868164,20.778945922851562,19.781396865844727,20.04075813293457,5520129
2020-06-02,19.028867721557617,20.699142456054688,21.148038864135742,20.250244140625,20.519582748413086,5788487
2020-06-03,19.698322296142578,21.427352905273438,21.54705810546875,20.58941078186035,21.088186264038086,6840265
2020-06-04,19.890897750854492,21.636838912963867,21.846323013305664,20.848773956298828,21.517131805419922,6470458
2020-06-05,19.038042068481445,20.709117889404297,22.05580711364746,20.44975471496582,21.8862247467041,8355278
2020-06-08,19.28564453125,20.97845458984375,21.347549438476562,20.31009864807129,21.217866897583008,6860815
2020-06-09,19.3590087890625,21.058258056640625,21.417377471923828,20.369951248168945,20.63928985595703,5750694
2020-06-10,19.707489013671875,21.437328338623047,21.73659324645996,20.579435348510742,21.19791603088379,5813348
2020-06-12,19.762508392333984,21.497180938720703,21.497180938720703,20.509607315063477,20.82882308959961,5459080
2020-06-15,19.414030075073242,21.118112564086914,21.53708267211914,20.539533615112305,20.938552856445312,4225256
2020-06-16,19.28564453125,20.97845458984375,21.646812438964844,20.758995056152344,21.52710723876953,4474065
2020-06-17,20.312746047973633,22.09571075439453,22.365049362182617,20.96847915649414,20.96847915649414,6851893
2020-06-18,20.853803634643555,22.684263229370117,22.724166870117188,21.676740646362305,22.245342254638672,7436025
2020-06-19,20.716249465942383,22.534631729125977,23.093259811401367,22.47477912902832,22.883773803710938,8496224
2020-06-22,20.762102127075195,22.584508895874023,22.963577270507812,22.30519676208496,22.50470542907715,3882215
2020-06-23,20.945512771606445,22.784019470214844,23.382549285888672,22.64436149597168,23.372573852539062,3903066
2020-06-24,20.55118179321289,22.355073928833008,23.123186111450195,21.985979080200195,22.82392120361328,3358230
2020-06-25,21.156429290771484,23.01345443725586,23.053356170654297,21.796445846557617,22.385000228881836,3135785
2020-06-26,20.413618087768555,22.205440521240234,23.033405303955078,22.13561248779297,23.033405303955078,2304047
2020-06-29,20.560348510742188,22.365049362182617,22.574533462524414,21.8862247467041,22.375024795532227,1427097
2020-06-30,21.229799270629883,23.093259811401367,23.372573852539062,22.045833587646484,22.085735321044922,5119547
2020-07-01,21.780031204223633,23.691789627075195,24.040931701660156,22.953601837158203,22.953601837158203,5880011
2020-07-02,22.128509521484375,24.07085609436035,24.449926376342773,23.77159309387207,24.14068603515625,3996796
2020-07-03,22.192703247070312,24.14068603515625,24.240440368652344,23.741666793823242,24.07085609436035,1901059
2020-07-06,22.339433670043945,24.300294876098633,24.928749084472656,24.250415802001953,24.619508743286133,3435319
2020-07-07,22.48615837097168,24.459901809692383,25.018529891967773,23.891298294067383,24.3701229095459,5796507
2020-07-08,22.302745819091797,24.260391235351562,25.07838249206543,24.180587768554688,24.469877243041992,4225456
2020-07-09,23.008878707885742,25.02850341796875,25.3676700592041,24.469877243041992,24.51975440979004,3645735
2020-07-10,22.990541458129883,25.00855255126953,25.277891159057617,24.699312210083008,25.038480758666992,2863017
2020-07-13,22.623716354370117,24.609533309936523,25.4375,24.589582443237305,25.108308792114258,3070926
2020-07-14,22.632892608642578,24.619508743286133,24.978626251220703,24.090808868408203,24.63945960998535,2759262
2020-07-15,22.926345825195312,24.938724517822266,25.477401733398438,24.719263076782227,24.958675384521484,3844021
2020-07-16,23.05473518371582,25.07838249206543,25.2579402923584,24.49980354309082,24.838970184326172,3213877
2020-07-17,23.577457427978516,25.646984100341797,25.746740341186523,24.988603591918945,25.08835792541504,4897102
2020-07-20,24.2010555267334,26.3253173828125,26.684436798095703,25.29784393310547,25.646984100341797,3183201
2020-07-21,24.09100341796875,26.205612182617188,26.644533157348633,25.9362735748291,26.435049057006836,3081352
2020-07-22,24.118518829345703,26.235538482666016,27.183210372924805,25.856470108032227,26.195636749267578,7334576
2020-07-23,24.054325103759766,26.16571044921875,27.163259506225586,26.085905075073242,26.15573501586914,3802419
2020-07-24,24.17354393005371,26.295391082763672,26.295391082763672,24.539705276489258,25.836519241333008,4960357
2020-07-27,24.06349754333496,26.17568588256836,26.594655990600586,25.856470108032227,26.295391082763672,3180495
2020-07-28,23.797548294067383,25.886396408081055,26.285415649414062,25.696861267089844,26.195636749267578,4376426
2020-07-29,23.925933837890625,26.026052474975586,26.5048770904541,25.746740341186523,26.01607894897461,3934042
2020-07-30,23.953447341918945,26.055980682373047,26.225563049316406,25.557205200195312,25.876420974731445,5507599
2020-07-31,23.6875057220459,25.766691207885742,26.654508590698242,25.45745086669922,26.30536651611328,6768088
2020-08-03,23.6875057220459,25.766691207885742,26.265464782714844,25.377647399902344,25.45745086669922,6928782
2020-08-04,23.78837776184082,25.876420974731445,26.006103515625,25.4375,25.45745086669922,5718515
2020-08-05,23.843400955200195,25.9362735748291,26.34526824951172,25.716812133789062,26.115833282470703,4959255
2020-08-06,26.429494857788086,28.74936294555664,29.068578720092773,26.484926223754883,26.55475425720215,14862327
2020-08-07,26.392812728881836,28.70945930480957,29.26808738708496,28.18075942993164,28.499975204467773,6308862
2020-08-10,24.43948745727539,26.584680557250977,28.74936294555664,26.584680557250977,28.629655838012695,10172933
2020-08-11,25.294593811035156,27.44257354736328,27.691959381103516,26.245513916015625,26.933822631835938,7179396
2020-08-12,25.74513053894043,27.931371688842773,28.05107879638672,26.854019165039062,27.47249984741211,7089375
2020-08-13,25.64398956298828,27.82164192199707,28.480024337768555,27.45254898071289,28.110931396484375,5865075
2020-08-14,25.533655166625977,27.701936721801758,29.317964553833008,27.432598114013672,27.941347122192383,12604192
2020-08-17,24.82566261291504,26.933822631835938,28.330392837524414,26.53480339050293,27.781740188598633,7470610
2020-08-18,25.74513053894043,27.931371688842773,28.140857696533203,27.10340690612793,27.44257354736328,4668742
2020-08-19,25.46929359436035,27.63210678100586,28.270538330078125,27.322866439819336,28.090980529785156,3681623
2020-08-20,25.322175979614258,27.47249984741211,27.84159278869629,26.574705123901367,27.023603439331055,7703180
2020-08-21,25.837081909179688,28.0311279296875,28.470048904418945,27.352794647216797,27.47249984741211,6513163
2020-08-24,25.570432662963867,27.741838455200195,28.36031723022461,27.4625244140625,28.290489196777344,3213576
2020-08-25,25.59801483154297,27.771764755249023,28.071029663085938,27.592205047607422,27.871519088745117,2846075
2020-08-26,25.837081909179688,28.0311279296875,28.160808563232422,27.332843780517578,27.771764755249023,4437576
2020-08-27,25.938222885131836,28.140857696533203,28.250587463378906,27.522377014160156,27.97127342224121,4701322
2020-08-28,26.48070526123047,28.72941017150879,28.72941017150879,27.99122428894043,28.230636596679688,3406148
2020-08-31,26.53587532043457,28.789264678955078,28.829166412353516,28.20071029663086,28.72941017150879,3898455
2020-09-01,26.526683807373047,28.77928924560547,29.577327728271484,28.599729537963867,29.09850311279297,8137244
2020-09-02,27.446151733398438,29.776838302612305,29.82671546936035,28.669557571411133,29.168333053588867,6493715
2020-09-03,25.85546875,28.05107879638672,30.116004943847656,27.691959381103516,29.786813735961914,9075844
2020-09-04,25.386537551879883,27.542327880859375,28.380268096923828,26.075931549072266,28.34036636352539,13714012
2020-09-08,25.46929359436035,27.63210678100586,28.19073486328125,26.854019165039062,26.973724365234375,7413169
2020-09-09,26.554262161254883,28.809215545654297,28.829166412353516,27.512401580810547,27.931371688842773,5502386
2020-09-10,25.96580696105957,28.17078399658203,29.008724212646484,28.001201629638672,28.819190979003906,3691046
2020-09-11,25.423316955566406,27.582229614257812,28.350343704223633,27.45254898071289,27.981250762939453,4221346
2020-09-14,26.526683807373047,28.77928924560547,29.07855224609375,27.711910247802734,27.731861114501953,3625987
2020-09-15,26.664602279663086,28.92892074584961,29.517475128173828,28.639631271362305,28.889019012451172,3463288
2020-09-16,26.802520751953125,29.07855224609375,29.228185653686523,28.56980323791504,29.07855224609375,3314824
2020-09-17,26.085338592529297,28.300464630126953,29.008724212646484,27.911420822143555,28.57977867126465,3638217
2020-09-18,26.020971298217773,28.230636596679688,28.799240112304688,27.721887588500977,28.20071029663086,3662376
2020-09-21,25.800296783447266,27.99122428894043,28.081003189086914,27.04355239868164,27.582229614257812,4235380
2020-09-22,26.11292266845703,28.330392837524414,28.470048904418945,27.4625244140625,27.80169105529785,4527998
2020-09-23,24.926807403564453,27.04355239868164,28.160808563232422,26.794166564941406,28.001201629638672,5640123
2020-09-24,25.726743698120117,27.911420822143555,28.01117515563965,26.943798065185547,26.983701705932617,4831040
2020-09-25,26.030170440673828,28.240612030029297,28.250587463378906,27.23308753967285,27.552303314208984,3568446
2020-09-28,25.129087448120117,27.26301383972168,28.589754104614258,27.153284072875977,28.330392837524414,4110173
2020-09-29,25.04633331298828,27.173234939575195,27.731861114501953,26.794166564941406,27.033578872680664,3549098
2020-09-30,24.917613983154297,27.033578872680664,27.382720947265625,26.3951473236084,27.302915573120117,6343447
2020-10-01,25.294593811035156,27.44257354736328,27.572254180908203,26.69441032409668,26.943798065185547,4512961
2020-10-02,24.87163734436035,26.983701705932617,27.48247528076172,26.74428939819336,27.27298927307129,3343595
2020-10-05,24.82566261291504,26.933822631835938,27.203161239624023,26.664485931396484,26.834068298339844,3731846
2020-10-06,24.549821853637695,26.634557723999023,27.153284072875977,26.474950790405273,27.10340690612793,5427101
2020-10-07,24.779693603515625,26.88394546508789,27.143308639526367,26.16571044921875,26.654508590698242,4814199
2020-10-08,25.2302303314209,27.372745513916016,27.60218048095703,26.784191131591797,27.003652572631836,5413568
2020-10-09,24.82566261291504,26.933822631835938,27.83161735534668,26.854019165039062,27.532352447509766,4794852
2020-10-13,25.59801483154297,27.771764755249023,28.061052322387695,26.983701705932617,27.033578872680664,5248263
2020-10-14,26.066946029663086,28.280513763427734,28.489999771118164,27.63210678100586,27.731861114501953,3713401
2020-10-15,26.14969825744629,28.37029457092285,28.68950843811035,27.64208221435547,27.941347122192383,5233126
2020-10-16,26.554262161254883,28.809215545654297,28.889019012451172,28.160808563232422,28.4201717376709,3759614
2020-10-19,26.554262161254883,28.809215545654297,29.11845588684082,28.57977867126465,28.89899444580078,4218740
2020-10-20,26.269229888916016,28.499975204467773,29.14838218688965,28.240612030029297,28.92892074584961,5378181
2020-10-21,26.499095916748047,28.74936294555664,28.92892074584961,28.36031723022461,28.440122604370117,3986170
2020-10-22,26.673795700073242,28.93889617919922,29.038652420043945,28.4201717376709,28.77928924560547,3779964
2020-10-23,26.15889549255371,28.380268096923828,28.93889617919922,28.380268096923828,28.77928924560547,2629244
2020-10-26,25.99338722229004,28.20071029663086,28.829166412353516,27.861543655395508,28.220661163330078,5029427
2020-10-27,26.204866409301758,28.430147171020508,28.619680404663086,28.21068572998047,28.250587463378906,3981257
2020-10-28,25.285396575927734,27.432598114013672,27.97127342224121,27.26301383972168,27.911420822143555,3828884
2020-10-29,26.204866409301758,28.430147171020508,28.430147171020508,26.574705123901367,27.532352447509766,7250871
2020-10-30,24.82566261291504,26.933822631835938,28.489999771118164,26.784191131591797,28.0311279296875,8247915
2020-11-03,25.460094451904297,27.62213134765625,28.081003189086914,26.684436798095703,27.322866439819336,7869588
2020-11-04,26.29680824279785,28.5299015045166,28.629655838012695,27.731861114501953,27.791715621948242,6709143
2020-11-05,28.034608840942383,30.41526985168457,30.634729385375977,28.869068145751953,28.948871612548828,7697165
2020-11-06,28.567901611328125,30.99384880065918,31.15345573425293,30.04617691040039,30.22573471069336,6521183
2020-11-09,27.004804611206055,29.29801368713379,31.831789016723633,29.27806282043457,31.791887283325195,7195335
2020-11-10,25.165863037109375,27.302915573120117,29.32794189453125,27.013626098632812,29.27806282043457,11966730
2020-11-11,25.524456024169922,27.691959381103516,28.5299015045166,27.332843780517578,27.662033081054688,12943825
2020-11-12,25.147476196289062,27.2829647064209,27.83161735534668,26.863994598388672,27.781740188598633,6415323
2020-11-13,25.929027557373047,28.130882263183594,28.130882263183594,27.153284072875977,27.48247528076172,6207815
2020-11-16,25.294593811035156,27.44257354736328,28.120906829833984,26.8939208984375,28.120906829833984,9241250
2020-11-17,24.96358299255371,27.083454132080078,27.542327880859375,26.834068298339844,27.362768173217773,8009831
2020-11-18,25.2302303314209,27.372745513916016,27.84159278869629,26.90389633178711,27.143308639526367,8087321
2020-11-19,25.101505279541016,27.23308753967285,27.61215591430664,27.12335777282715,27.492450714111328,5144308
2020-11-23,24.650964736938477,26.74428939819336,27.352794647216797,26.474950790405273,27.292940139770508,6804678
2020-11-24,24.200424194335938,26.255489349365234,26.704387664794922,25.9362735748291,26.704387664794922,12881472
2020-11-25,24.30156707763672,26.365219116210938,26.654508590698242,26.036029815673828,26.135784149169922,10721177
2020-11-26,25.0279483795166,27.153284072875977,27.332843780517578,26.315343856811523,26.37519645690918,5376577
2020-11-27,25.441707611083984,27.60218048095703,27.781740188598633,26.993675231933594,27.2829647064209,7609450
2020-11-30,24.595794677734375,26.684436798095703,27.921396255493164,26.684436798095703,27.62213134765625,62550409
2020-12-01,23.68552589416504,25.696861267089844,27.183210372924805,25.507328033447266,27.013626098632812,9794606
2020-12-02,23.621156692504883,25.627033233642578,25.916322708129883,25.05843162536621,25.58713150024414,8147970
2020-12-03,23.280956268310547,25.2579402923584,25.766691207885742,24.88884735107422,25.61705780029297,10433873
2020-12-04,24.00733184814453,26.046003341674805,26.16571044921875,25.08835792541504,25.407573699951172,6852896
2020-12-07,23.759082794189453,25.77666664123535,26.195636749267578,25.377647399902344,26.036029815673828,4752748
2020-12-08,24.246397018432617,26.30536651611328,26.30536651611328,25.527278900146484,25.8265438079834,5349611
2020-12-09,23.65793800354004,25.66693687438965,26.3951473236084,25.387622833251953,26.195636749267578,3976345
2020-12-10,23.979753494262695,26.01607894897461,26.01607894897461,25.128259658813477,25.736764907836914,5531758
2020-12-11,23.29015350341797,25.267915725708008,26.026052474975586,24.928749084472656,26.026052474975586,6584638
2020-12-14,23.66713523864746,25.676910400390625,25.856470108032227,25.05843162536621,25.4375,6625238
2020-12-15,23.99814224243164,26.036029815673828,26.335294723510742,25.527278900146484,25.676910400390625,7235534
2020-12-16,24.715330123901367,26.814117431640625,27.003652572631836,25.9362735748291,26.036029815673828,6860514
2020-12-17,26.03936195373535,28.250587463378906,28.250587463378906,26.794166564941406,26.8939208984375,8963770
2020-12-18,25.947418212890625,28.150833129882812,28.639631271362305,27.951322555541992,28.330392837524414,7812949
2020-12-21,25.837081909179688,28.0311279296875,28.290489196777344,27.053529739379883,27.62213134765625,4333421
2020-12-22,25.52334213256836,27.592205047607422,28.260562896728516,27.45254898071289,27.83161735534668,5488853
2020-12-23,25.661752700805664,27.741838455200195,28.310440063476562,27.62213134765625,27.672008514404297,3015791
2020-12-28,25.9570369720459,28.061052322387695,28.20071029663086,27.582229614257812,27.901445388793945,2457824
2020-12-29,25.89244270324707,27.99122428894043,28.280513763427734,27.492450714111328,28.20071029663086,3839911
2020-12-30,26.5014591217041,28.649606704711914,28.9189453125,27.901445388793945,28.0311279296875,5430810
2021-01-04,25.615617752075195,27.691959381103516,28.90896987915039,27.542327880859375,28.839141845703125,5443040
2021-01-05,25.49565887451172,27.562278747558594,27.701936721801758,27.06350326538086,27.552303314208984,4441586
2021-01-06,24.286855697631836,26.255489349365234,27.62213134765625,26.105857849121094,27.60218048095703,5526344
2021-01-07,24.222261428833008,26.18566131591797,26.51485252380371,25.78664207458496,26.285415649414062,3330663
2021-01-08,25.837078094482422,27.931371688842773,27.931371688842773,26.036029815673828,26.37519645690918,8448005
2021-01-11,25.79094123840332,27.881494522094727,28.430147171020508,27.4625244140625,27.791715621948242,7402342
2021-01-12,26.455322265625,28.599729537963867,28.659582138061523,27.741838455200195,28.04110336303711,5405248
2021-01-13,26.390729904174805,28.5299015045166,28.70945930480957,28.19073486328125,28.699485778808594,3313521
2021-01-14,26.003171920776367,28.110931396484375,28.809215545654297,27.891469955444336,28.619680404663086,2606688
2021-01-15,25.883216857910156,27.981250762939453,28.460073471069336,27.721887588500977,27.881494522094727,3071728
2021-01-18,26.575281143188477,28.72941017150879,28.829166412353516,28.120906829833984,28.130882263183594,2406799
2021-01-19,27.239662170410156,29.447647094726562,29.976348876953125,28.619680404663086,28.92892074584961,7655663
2021-01-20,27.562625885009766,29.796789169311523,30.07610321044922,29.3079891204834,29.567352294921875,4004414
2021-01-21,27.451894760131836,29.677082061767578,30.40529441833496,29.50749969482422,29.816740036010742,4183654
2021-01-22,27.747175216674805,29.996299743652344,30.365392684936523,28.859092712402344,29.27806282043457,5004967
2021-01-26,27.784088134765625,30.03620147705078,30.874141693115234,29.8765926361084,30.116004943847656,5184707
2021-01-27,26.51991844177246,28.669557571411133,30.20578384399414,28.599729537963867,30.03620147705078,5563836
2021-01-28,27.184297561645508,29.387794494628906,29.387794494628906,28.310440063476562,28.70945930480957,4891689
2021-01-29,26.206180572509766,28.330392837524414,29.25811195373535,28.0311279296875,29.088529586791992,4060953
2021-02-01,26.169265747070312,28.290489196777344,28.89899444580078,27.941347122192383,28.89899444580078,3632402
2021-02-02,27.94095802307129,30.20578384399414,30.58485221862793,29.457622528076172,29.62720489501953,9009582
2021-02-03,27.295024871826172,29.50749969482422,30.385343551635742,29.34789276123047,30.285587310791016,3900159
2021-02-04,27.424211502075195,29.64715576171875,30.07610321044922,29.208234786987305,29.527450561523438,3920809
2021-02-05,27.276573181152344,29.487548828125,29.8765926361084,29.218210220336914,29.746910095214844,2134932
2021-02-08,28.097820281982422,30.3753662109375,30.455171585083008,29.27806282043457,29.487548828125,4768587
2021-02-09,28.44847297668457,30.754436492919922,30.874141693115234,30.135955810546875,30.145931243896484,4719467
2021-02-10,28.98366355895996,31.3330135345459,31.612327575683594,30.72450828552246,30.77438735961914,7095992
2021-02-11,31.23518180847168,33.767032623291016,34.12615203857422,31.11355209350586,31.71208381652832,11430014
2021-02-12,31.964162826538086,34.55509948730469,34.85436248779297,33.607425689697266,33.786983489990234,7385100
2021-02-17,31.447420120239258,33.9964714050293,34.345611572265625,33.4278678894043,33.916664123535156,4781018
2021-02-18,31.281322479248047,33.81690979003906,34.22590637207031,33.54757308959961,33.786983489990234,5019101
2021-02-19,32.047210693359375,34.64487838745117,34.70473098754883,33.49769592285156,33.98649597167969,5830590
2021-02-22,30.902990341186523,33.40791702270508,34.604976654052734,33.228355407714844,34.046348571777344,6745633
2021-02-23,30.93067169189453,33.437843322753906,33.69720458984375,33.058773040771484,33.40791702270508,6305354
2021-02-24,30.5707950592041,33.048797607421875,33.617401123046875,32.879215240478516,33.50767135620117,5517723
2021-02-25,29.47272491455078,31.86171531677246,33.37799072265625,31.552474975585938,32.8592643737793,4920058
2021-02-26,28.955982208251953,31.30308723449707,32.160980224609375,31.15345573425293,31.931543350219727,6099249
2021-03-01,29.048255920410156,31.402843475341797,32.28068542480469,30.983871459960938,31.66220474243164,4953841
2021-03-02,28.623794555664062,30.9439697265625,31.30308723449707,29.906518936157227,30.814289093017578,4759866
2021-03-03,28.540742874145508,30.854190826416016,31.14348030090332,29.387794494628906,30.9439697265625,4425145
2021-03-04,28.24546241760254,30.534975051879883,31.273160934448242,29.9863224029541,31.083627700805664,6073886
2021-03-05,27.79331398010254,30.04617691040039,30.524999618530273,29.238161087036133,30.515024185180664,5697163
2021-03-08,26.178497314453125,28.300464630126953,29.916494369506836,28.17078399658203,29.447647094726562,6403093
2021-03-09,27.239662170410156,29.447647094726562,29.447647094726562,27.45254898071289,28.499975204467773,10271174
2021-03-10,25.94780921936035,28.05107879638672,31.382892608642578,27.47249984741211,30.125980377197266,16598382
2021-03-11,25.431068420410156,27.492450714111328,28.589754104614258,27.2829647064209,28.330392837524414,8835555
2021-03-12,25.52334213256836,27.592205047607422,27.751813888549805,27.013626098632812,27.362768173217773,5024314
2021-03-15,26.5014591217041,28.649606704711914,28.90896987915039,27.23308753967285,27.652057647705078,5255982
2021-03-16,26.916698455810547,29.09850311279297,29.11845588684082,28.37029457092285,28.53987693786621,6189971
2021-03-17,27.396533966064453,29.617229461669922,29.82671546936035,28.480024337768555,28.92892074584961,5224906
2021-03-18,26.086225509643555,28.20071029663086,29.29801368713379,27.981250762939453,29.12843132019043,4694706
2021-03-19,26.67678451538086,28.839141845703125,29.028675079345703,28.100954055786133,28.34036636352539,5511308
2021-03-22,26.981290817260742,29.168333053588867,29.377817153930664,28.40022087097168,28.879043579101562,3520528
2021-03-23,26.575281143188477,28.72941017150879,29.198259353637695,28.450098037719727,29.168333053588867,3400334
2021-03-24,25.68943977355957,27.771764755249023,28.869068145751953,27.61215591430664,28.74936294555664,2957147
2021-03-25,26.030858993530273,28.140857696533203,28.290489196777344,27.48247528076172,27.771764755249023,3792996
2021-03-26,26.003171920776367,28.110931396484375,28.55982780456543,27.891469955444336,28.160808563232422,3762822
2021-03-29,25.717119216918945,27.80169105529785,28.300464630126953,27.382720947265625,27.941347122192383,4882266
2021-03-30,26.759830474853516,28.92892074584961,29.088529586791992,27.512401580810547,27.61215591430664,5172878
2021-03-31,26.69523811340332,28.859092712402344,29.726959228515625,28.699485778808594,28.92892074584961,4102555
2021-04-01,26.510684967041016,28.659582138061523,29.946420669555664,28.440122604370117,28.889019012451172,4817908
2021-04-05,27.59030532836914,29.82671546936035,29.82671546936035,28.68950843811035,28.839141845703125,3291066
2021-04-06,27.728721618652344,29.976348876953125,30.265636444091797,29.50749969482422,29.896543502807617,3759714
2021-04-07,28.31928253173828,30.614778518676758,30.704557418823242,29.49752426147461,30.41526985168457,4909533
2021-04-08,28.697612762451172,31.023773193359375,31.30308723449707,30.475122451782227,30.704557418823242,3783072
2021-04-09,28.208553314208984,30.495073318481445,30.854190826416016,30.165882110595703,30.754436492919922,3411160
2021-04-12,28.87293243408203,31.213308334350586,31.472671508789062,30.475122451782227,30.534975051879883,3524739
2021-04-13,28.900617599487305,31.243234634399414,31.632278442382812,30.97389793395996,31.372915267944336,3093081
2021-04-14,28.540742874145508,30.854190826416016,31.71208381652832,30.505048751831055,31.193357467651367,4175834
2021-04-15,28.891389846801758,31.233259201049805,31.432769775390625,30.874141693115234,30.92401885986328,3684029
2021-04-16,28.743749618530273,31.073652267456055,31.66220474243164,31.023773193359375,31.642253875732422,3084259
2021-04-19,28.854476928710938,31.193357467651367,31.911592483520508,30.864166259765625,31.053701400756836,4182150
2021-04-20,28.688385009765625,31.0137996673584,31.622303009033203,30.95394515991211,31.103578567504883,2738512
2021-04-22,28.56808090209961,30.79433822631836,31.751985549926758,30.684606552124023,31.14348030090332,2587842
2021-04-23,29.067811965942383,31.3330135345459,31.66220474243164,30.734485626220703,30.92401885986328,2854897
2021-04-26,28.882720947265625,31.13350486755371,31.73203468322754,30.92401885986328,31.622303009033203,3217686
2021-04-27,28.382993698120117,30.59482765197754,31.482646942138672,30.485097885131836,31.203332901000977,2853995
2021-04-28,28.64211082458496,30.874141693115234,31.0137996673584,30.275611877441406,30.79433822631836,3203451
2021-04-29,28.87346839904785,31.1235294342041,31.442745208740234,30.674631118774414,30.894092559814453,3869885
2021-04-30,28.780925750732422,31.023773193359375,31.422794342041016,30.714534759521484,30.904067993164062,4315677
2021-05-03,30.030258178710938,32.37046432495117,32.59990310668945,30.754436492919922,30.904067993164062,8312273
2021-05-04,29.965482711791992,32.300636291503906,33.068748474121094,32.20088195800781,32.42034149169922,7798313
2021-05-05,30.14130401611328,32.490169525146484,32.889190673828125,31.85173988342285,32.60987854003906,5498075
2021-05-06,30.59477424621582,32.97896957397461,34.365562438964844,32.36048889160156,32.79941177368164,6748540
2021-05-07,31.4461669921875,33.89671325683594,34.365562438964844,33.11862564086914,33.16850280761719,6797059
2021-05-10,30.557758331298828,32.93906784057617,33.69720458984375,32.141029357910156,33.617401123046875,4931186
2021-05-11,29.428730010986328,31.722057342529297,32.021324157714844,30.864166259765625,31.552474975585938,7740371
2021-05-12,28.160886764526367,30.35541534423828,31.253210067749023,30.07610321044922,31.253210067749023,6798763
2021-05-13,28.438518524169922,30.654680252075195,31.023773193359375,30.165882110595703,30.5549259185791,2515064
2021-05-14,28.69763946533203,30.93399429321289,31.093603134155273,30.684606552124023,30.97389793395996,1798608
2021-05-17,28.105358123779297,30.295562744140625,30.983871459960938,30.255661010742188,30.894092559814453,2336326
2021-05-18,28.83645248413086,31.083627700805664,31.452720642089844,30.245685577392578,30.245685577392578,3634207
2021-05-19,28.299701690673828,30.505048751831055,30.97389793395996,30.165882110595703,30.694583892822266,3010378
2021-05-20,29.39171028137207,31.68215560913086,31.771936416625977,30.455171585083008,30.60480308532715,4094034
2021-05-21,28.57733154296875,30.80431365966797,31.89164161682129,30.674631118774414,31.781911849975586,3119245
2021-05-24,30.122798919677734,32.470218658447266,32.739559173583984,30.78436279296875,30.78436279296875,3435319
2021-05-25,30.650299072265625,33.038822174072266,33.607425689697266,32.42034149169922,32.50014877319336,2870435
2021-05-26,30.483726501464844,32.8592643737793,33.607425689697266,32.24078369140625,33.35803985595703,2862415
2021-05-27,31.09450912475586,33.51764678955078,33.51764678955078,32.53007125854492,32.98894500732422,3484941
2021-05-28,31.048233032226562,33.467769622802734,33.866790771484375,33.09867477416992,33.2183837890625,1749788
2021-05-31,31.899625778198242,34.38551330566406,34.55509948730469,33.54757308959961,33.54757308959961,2784023
2021-06-01,31.501697540283203,33.95656967163086,34.914215087890625,33.90669250488281,34.71470642089844,4459229
2021-06-02,31.899625778198242,34.38551330566406,34.734657287597656,34.046348571777344,34.05632400512695,3135184
2021-06-04,32.28831481933594,34.80448532104492,35.29328536987305,34.08625030517578,34.24585723876953,4493713
2021-06-07,33.45436096191406,36.061397552490234,36.16115188598633,34.575050354003906,34.774559020996094,3977749
2021-06-08,33.167476654052734,35.75215530395508,36.09132385253906,35.462867736816406,36.061397552490234,4006519
2021-06-09,32.58445358276367,35.12369918823242,35.802032470703125,34.95411682128906,35.74217987060547,2462936
2021-06-10,33.13045883178711,35.71225357055664,35.91176223754883,35.083797454833984,35.243404388427734,2067968
2021-06-11,32.575191497802734,35.11372375488281,35.71225357055664,34.754608154296875,35.71225357055664,1771241
2021-06-14,33.34331130981445,35.94169235229492,36.16115188598633,35.19352722167969,35.36311340332031,2032080
2021-06-15,33.15821838378906,35.74217987060547,36.09132385253906,35.28330612182617,36.051422119140625,2749539
2021-06-16,32.871341705322266,35.43294143676758,36.86941146850586,34.84438705444336,35.812007904052734,6467952
2021-06-17,33.4636116027832,36.071372985839844,36.191078186035156,35.243404388427734,35.313236236572266,3713100
2021-06-18,33.509883880615234,36.12125015258789,36.85943603515625,35.98159408569336,36.25093078613281,6316381
2021-06-21,34.01887512207031,36.66990280151367,36.74970626831055,36.16115188598633,36.230979919433594,2730793
2021-06-22,34.842506408691406,37.55772018432617,37.657474517822266,36.47039031982422,36.939239501953125,3593708
2021-06-23,35.05535888671875,37.78715515136719,38.076446533203125,37.44799041748047,37.677425384521484,3035038
2021-06-24,34.7407112121582,37.44799041748047,38.17620086669922,37.05894470214844,37.9068603515625,3110223
2021-06-25,34.111419677734375,36.769657135009766,37.76720428466797,36.26090621948242,37.44799041748047,4353871
2021-06-28,34.80548858642578,37.517818450927734,38.226078033447266,36.87938690185547,36.87938690185547,6314677
2021-06-29,34.611141204833984,37.30833435058594,37.92681121826172,36.85943603515625,37.677425384521484,3725531
2021-06-30,34.842506408691406,37.55772018432617,37.77717971801758,36.759681701660156,37.118797302246094,5179695
2021-07-01,33.74123764038086,36.370635986328125,37.56769561767578,35.76213073730469,37.368186950683594,6484292
2021-07-02,35.064613342285156,37.7971305847168,37.847007751464844,36.390586853027344,36.450439453125,3092880
2021-07-05,34.45382308959961,37.13874816894531,37.7971305847168,36.939239501953125,37.7971305847168,2038797
2021-07-06,34.32426834106445,36.99909210205078,37.22853088378906,36.5900993347168,37.13874816894531,2266354
2021-07-07,35.444034576416016,38.20612716674805,38.56524658203125,36.98911666870117,37.258453369140625,4023762
2021-07-08,34.58338165283203,37.278404235839844,37.647499084472656,36.85943603515625,37.60759735107422,2917851
2021-07-12,34.9257926940918,37.647499084472656,37.6973762512207,36.86941146850586,37.16867446899414,2280589
2021-07-13,35.24969482421875,37.99664306640625,38.3657341003418,37.30833435058594,38.00661849975586,4137942
2021-07-14,35.05535888671875,37.78715515136719,38.784706115722656,37.39811325073242,38.42558670043945,2388053
2021-07-15,35.610618591308594,38.385684967041016,38.69492721557617,37.71732711791992,37.78715515136719,2779011
2021-07-16,35.05535888671875,37.78715515136719,38.75477981567383,37.56769561767578,38.375709533691406,2907025
2021-07-19,34.62965774536133,37.328285217285156,37.75722885131836,36.98911666870117,37.46794128417969,3289763
2021-07-20,34.675926208496094,37.3781623840332,37.75722885131836,37.03899383544922,37.41806411743164,3068621
2021-07-21,34.46307373046875,37.14872360229492,37.72730255126953,36.26090621948242,37.3781623840332,2816503
2021-07-22,35.258949279785156,38.00661849975586,38.13629913330078,37.05894470214844,37.05894470214844,3883919
2021-07-23,34.7407112121582,37.44799041748047,38.16622543334961,37.30833435058594,38.096397399902344,1696157
2021-07-26,35.05535888671875,37.78715515136719,37.78715515136719,36.919288635253906,37.54774475097656,2235679
2021-07-27,34.12067413330078,36.779632568359375,37.86695861816406,36.01152038574219,37.76720428466797,5245456
2021-07-28,33.68571472167969,36.31078338623047,37.328285217285156,35.96164321899414,37.13874816894531,5204355
2021-07-29,32.84356689453125,35.40301513671875,36.201053619384766,35.23343276977539,36.061397552490234,4485393
2021-07-30,32.723262786865234,35.27333450317383,35.61249923706055,34.69475555419922,34.764583587646484,3105311
2021-08-02,34.21321105957031,36.87938690185547,37.338260650634766,35.462867736816406,35.462867736816406,5152428
2021-08-03,33.778263092041016,36.41053771972656,36.520267486572266,35.23343276977539,36.40056228637695,4155485
2021-08-04,34.185447692871094,36.84946060180664,36.88936233520508,35.68232727050781,36.370635986328125,4701222
2021-08-05,34.8162841796875,37.43801498413086,37.9467658996582,36.82950973510742,36.97914123535156,7824978
2021-08-06,34.565799713134766,37.16867446899414,37.4779167175293,36.620025634765625,37.43801498413086,3602629
2021-08-09,34.621463775634766,37.22853088378906,37.647499084472656,36.83948516845703,37.198604583740234,2813295
2021-08-10,34.12051010131836,36.68985366821289,37.328285217285156,36.370635986328125,37.118797302246094,3261794
2021-08-11,33.396907806396484,35.91176223754883,36.70980453491211,35.881839752197266,36.360660552978516,3666285
2021-08-12,32.979454040527344,35.462867736816406,35.98159408569336,35.462867736816406,35.72222900390625,3976847
2021-08-13,33.35053634643555,35.86188888549805,35.97161865234375,34.96409225463867,35.5626220703125,3560226
2021-08-16,32.20946502685547,34.63490295410156,35.86188888549805,34.39548873901367,35.7721061706543,3400434
2021-08-17,32.116703033447266,34.53514862060547,34.68478012084961,33.757057189941406,34.40546417236328,4361088
2021-08-18,32.09814453125,34.51519775390625,35.063846588134766,33.96654510498047,34.45534133911133,4938103
2021-08-19,33.953529357910156,36.51029586791992,37.088871002197266,34.09622573852539,34.335636138916016,5309313
2021-08-20,34.695674896240234,37.30833435058594,37.487892150878906,35.86188888549805,36.061397552490234,3296178
2021-08-23,34.278221130371094,36.85943603515625,37.39811325073242,36.600074768066406,37.348236083984375,2941409
2021-08-24,34.8070068359375,37.42803955078125,37.677425384521484,36.72975540161133,37.078895568847656,3376575
2021-08-25,36.254207611083984,38.984214782714844,39.06401824951172,37.16867446899414,37.40808868408203,4294425
2021-08-26,36.133609771728516,38.85453414916992,40.2910041809082,38.71487808227539,38.90441131591797,4733401
2021-08-27,36.625282287597656,39.383235931396484,39.682498931884766,38.375709533691406,38.85453414916992,2797155
2021-08-30,37.00563049316406,39.79222869873047,40.091495513916016,39.193702697753906,39.26353073120117,2436171
2021-08-31,36.73660659790039,39.5029411315918,39.94186019897461,38.655025482177734,39.90195846557617,5377179
2021-09-01,37.6642951965332,40.50048828125,41.138919830322266,39.47301483154297,39.872032165527344,6442690
2021-09-02,36.45829391479492,39.20367431640625,40.430660247802734,38.75477981567383,40.430660247802734,3864170
2021-09-03,36.33768844604492,39.07399368286133,39.41316223144531,38.4754638671875,39.28348159790039,5297183
2021-09-06,36.17998504638672,38.90441131591797,39.60269546508789,38.665000915527344,39.0440673828125,1471005
2021-09-08,34.695674896240234,37.30833435058594,38.87448501586914,36.81953430175781,38.87448501586914,6160198
2021-09-09,35.17808151245117,37.827056884765625,38.43556213378906,36.71977996826172,37.30833435058594,4000906
2021-09-10,35.437835693359375,38.10637283325195,38.954288482666016,38.02656936645508,38.02656936645508,3936347
2021-09-13,35.33891296386719,38.0,38.790000915527344,37.599998474121094,37.900001525878906,3510700
2021-09-14,35.85038757324219,38.54999923706055,38.77000045776367,37.88999938964844,38.06999969482422,2913200
2021-09-15,36.26887512207031,39.0,39.369998931884766,38.099998474121094,38.779998779296875,3069300
2021-09-16,36.082881927490234,38.79999923706055,39.2400016784668,38.43000030517578,38.79999923706055,1907700
2021-09-17,35.20872116088867,37.86000061035156,39.040000915527344,37.630001068115234,39.040000915527344,4145900
2021-09-20,34.31594467163086,36.900001525878906,37.65999984741211,36.20000076293945,37.40999984741211,2797700
2021-09-21,34.5019416809082,37.099998474121094,37.38999938964844,36.599998474121094,36.599998474121094,3213400
2021-09-22,36.34328842163086,39.08000183105469,39.65999984741211,36.83000183105469,37.5,6548300
2021-09-23,36.3897819519043,39.130001068115234,39.22999954223633,38.439998626708984,39.209999084472656,4835200
2021-09-24,35.33891296386719,38.0,39.029998779296875,37.84000015258789,38.86000061035156,6379100
2021-09-27,34.28804397583008,36.869998931884766,37.79999923706055,36.08000183105469,37.79999923706055,5048500
2021-09-28,33.10697555541992,35.599998474121094,36.31999969482422,35.11000061035156,36.20000076293945,5090200
2021-09-29,32.99538040161133,35.47999954223633,35.810001373291016,34.599998474121094,35.79999923706055,6357700
2021-09-30,33.571956634521484,36.099998474121094,36.22999954223633,35.0,35.11000061035156,4989100
2021-10-01,34.19504928588867,36.77000045776367,36.77000045776367,35.70000076293945,35.970001220703125,3119300
2021-10-04,32.428096771240234,34.869998931884766,36.439998626708984,33.91999816894531,36.439998626708984,5617500
2021-10-05,31.433032989501953,33.79999923706055,35.13999938964844,33.650001525878906,35.0099983215332,4686700
2021-10-06,31.014537811279297,33.349998474121094,33.58000183105469,32.77000045776367,33.5,3905100
2021-10-07,31.03314208984375,33.369998931884766,33.66999816894531,32.86000061035156,33.18000030517578,2553600
2021-10-08,32.232810974121094,34.65999984741211,35.47999954223633,33.45000076293945,33.56999969482422,4048600
2021-10-11,31.693424224853516,34.08000183105469,34.90999984741211,33.86000061035156,34.63999938964844,3978100
2021-10-13,33.23717498779297,35.7400016784668,36.06999969482422,34.279998779296875,34.47999954223633,3287500
2021-10-14,33.683570861816406,36.220001220703125,36.5099983215332,35.040000915527344,35.72999954223633,2587800
2021-10-15,32.818687438964844,35.290000915527344,36.41999816894531,35.290000915527344,36.36000061035156,1956700
2021-10-18,33.29297637939453,35.79999923706055,35.93000030517578,34.52000045776367,35.08000183105469,2213300
2021-10-19,31.981704711914062,34.38999938964844,35.189998626708984,34.099998474121094,34.720001220703125,3481700
2021-10-20,31.116840362548828,33.459999084472656,35.0099983215332,33.04999923706055,34.68000030517578,3635700
2021-10-21,30.279869079589844,32.560001373291016,33.38999938964844,32.029998779296875,32.720001220703125,5030500
2021-10-22,29.64748764038086,31.8799991607666,32.310001373291016,30.190000534057617,31.75,6620300
2021-10-25,31.042442321777344,33.380001068115234,34.16999816894531,32.060001373291016,32.150001525878906,5128300
2021-10-26,31.061044692993164,33.400001525878906,34.0,33.060001373291016,33.06999969482422,5070000
2021-10-27,30.87504768371582,33.20000076293945,34.25,32.880001068115234,33.59000015258789,4343000
2021-10-28,30.605358123779297,32.90999984741211,34.060001373291016,32.650001525878906,33.400001525878906,3975200
2021-10-29,30.465856552124023,32.7599983215332,33.540000915527344,32.63999938964844,33.11000061035156,3145300
2021-11-01,30.782045364379883,33.099998474121094,34.09000015258789,33.0,33.15999984741211,4433400
2021-11-03,31.916616439819336,34.31999969482422,34.83000183105469,32.7599983215332,32.90999984741211,5473700
2021-11-04,32.03750991821289,34.45000076293945,35.20000076293945,33.849998474121094,33.9900016784668,3870000
2021-11-05,32.54899215698242,35.0,36.099998474121094,34.599998474121094,34.709999084472656,3789900
2021-11-08,32.08401107788086,34.5,35.029998779296875,34.220001220703125,34.630001068115234,1773900
2021-11-09,32.651302337646484,35.11000061035156,36.15999984741211,34.59000015258789,34.68000030517578,2470200
2021-11-10,32.64199447631836,35.099998474121094,35.7400016784668,34.75,35.04999923706055,2502100
2021-11-11,33.81375503540039,36.36000061035156,36.95000076293945,35.400001525878906,35.4900016784668,4158400
2021-11-12,33.069786071777344,35.560001373291016,36.599998474121094,35.279998779296875,36.599998474121094,3167800
2021-11-16,32.33510208129883,34.77000045776367,35.869998931884766,34.380001068115234,35.83000183105469,2999200
2021-11-17,32.09330368041992,34.5099983215332,35.2599983215332,33.709999084472656,34.97999954223633,2805600
2021-11-18,32.88378143310547,35.36000061035156,35.689998626708984,34.369998931884766,34.79999923706055,3281700
2021-11-19,32.84658432006836,35.31999969482422,36.16999816894531,34.84000015258789,35.36000061035156,2859600
2021-11-22,30.782045364379883,33.099998474121094,35.33000183105469,32.869998931884766,35.2400016784668,5727100
2021-11-23,29.247602462768555,31.450000762939453,33.33000183105469,31.1200008392334,33.16999816894531,7489900
2021-11-24,29.87067413330078,32.119998931884766,32.45000076293945,30.860000610351562,31.670000076293945,5279100
2021-11-25,30.12177276611328,32.38999938964844,32.810001373291016,31.950000762939453,31.950000762939453,1709700
2021-11-26,29.136001586914062,31.329999923706055,32.099998474121094,30.950000762939453,31.950000762939453,2477800
2021-11-29,29.889280319213867,32.13999938964844,32.720001220703125,31.31999969482422,31.459999084472656,3276000
2021-11-30,29.47079086303711,31.690000534057617,32.31999969482422,30.3799991607666,32.060001373291016,9795700
2021-12-01,27.722444534301758,29.809999465942383,32.209999084472656,29.5,31.969999313354492,6636500
2021-12-02,28.150232315063477,30.270000457763672,31.6299991607666,29.68000030517578,30.520000457763672,6282500
2021-12-03,28.36412811279297,30.5,32.029998779296875,30.1299991607666,30.389999389648438,6280400
2021-12-06,28.475723266601562,30.6200008392334,30.8700008392334,29.799999237060547,30.649999618530273,5353400
2021-12-07,29.182498931884766,31.3799991607666,31.670000076293945,30.549999237060547,30.780000686645508,3240000
2021-12-08,29.90787696838379,32.15999984741211,32.27000045776367,31.170000076293945,31.56999969482422,2463200
2021-12-09,29.331298828125,31.540000915527344,32.34000015258789,31.280000686645508,32.029998779296875,3040300
2021-12-10,30.065975189208984,32.33000183105469,33.2400016784668,31.34000015258789,31.459999084472656,3849700
2021-12-13,29.777681350708008,32.02000045776367,33.22999954223633,31.729999542236328,32.34000015258789,4038500
2021-12-14,28.736112594604492,30.899999618530273,32.900001525878906,30.899999618530273,32.900001525878906,3764300
2021-12-15,29.573087692260742,31.799999237060547,32.0,30.200000762939453,31.059999465942383,6535900
2021-12-16,28.215330123901367,30.34000015258789,32.59000015258789,30.299999237060547,31.959999084472656,5878100
2021-12-17,27.61084747314453,29.690000534057617,30.459999084472656,29.549999237060547,29.850000381469727,7953500
2021-12-20,27.12726402282715,29.170000076293945,29.3700008392334,28.520000457763672,29.219999313354492,5623200
2021-12-21,27.080766677856445,29.1200008392334,29.549999237060547,28.40999984741211,29.450000762939453,4086500
2021-12-22,27.22026252746582,29.270000457763672,29.700000762939453,28.93000030517578,29.190000534057617,3286300
2021-12-23,26.727378845214844,28.739999771118164,29.600000381469727,28.329999923706055,29.600000381469727,2731000
2021-12-27,26.7924747467041,28.809999465942383,29.5,28.56999969482422,28.719999313354492,3040900
2021-12-28,26.336790084838867,28.31999969482422,29.059999465942383,28.260000228881836,28.6299991607666,3269600
2021-12-29,26.05651092529297,27.889999389648438,28.6299991607666,27.739999771118164,28.360000610351562,3205000
2021-12-30,26.7572078704834,28.639999389648438,28.920000076293945,27.579999923706055,28.020000457763672,4400600
2022-01-03,25.692148208618164,27.5,29.770000457763672,27.489999771118164,28.639999389648438,5585200
2022-01-04,24.655118942260742,26.389999389648438,27.690000534057617,26.229999542236328,27.520000457763672,4411900
2022-01-05,23.562036514282227,25.219999313354492,26.530000686645508,25.219999313354492,26.360000610351562,6063700
2022-01-06,24.290760040283203,26.0,26.139999389648438,24.799999237060547,25.200000762939453,6944800
2022-01-07,23.449926376342773,25.100000381469727,25.8700008392334,25.0,25.860000610351562,4759200
2022-01-10,22.889368057250977,24.5,25.09000015258789,23.959999084472656,24.920000076293945,4583200
2022-01-11,23.646120071411133,25.309999465942383,25.3799991607666,24.450000762939453,24.6200008392334,5945200
2022-01-12,23.646120071411133,25.309999465942383,25.709999084472656,24.860000610351562,25.18000030517578,5128000
2022-01-13,23.562036514282227,25.219999313354492,25.889999389648438,25.110000610351562,25.299999237060547,5113500
2022-01-14,23.543350219726562,25.200000762939453,25.399999618530273,24.829999923706055,25.110000610351562,2955000
2022-01-17,23.627437591552734,25.290000915527344,25.959999084472656,25.0,25.0,2899600
2022-01-18,22.58106231689453,24.170000076293945,25.299999237060547,24.09000015258789,25.100000381469727,5118800
2022-01-19,23.636775970458984,25.299999237060547,26.010000228881836,24.290000915527344,24.389999389648438,6249700
2022-01-20,24.636436462402344,26.3700008392334,26.8799991607666,25.520000457763672,25.520000457763672,5424300
2022-01-21,24.87933921813965,26.6299991607666,27.219999313354492,25.969999313354492,26.350000381469727,4118900
2022-01-24,24.15062141418457,25.850000381469727,26.8799991607666,25.559999465942383,26.8799991607666,3324500
2022-01-25,24.64577865600586,26.3799991607666,26.540000915527344,25.209999084472656,25.5,4661800
2022-01-26,25.23436164855957,27.010000228881836,27.8799991607666,26.579999923706055,26.6200008392334,6923500
2022-01-27,26.084537506103516,27.920000076293945,28.290000915527344,27.100000381469727,27.110000610351562,6609600
2022-01-28,25.953739166259766,27.780000686645508,28.1200008392334,27.100000381469727,27.399999618530273,3686500
2022-01-31,27.158935546875,29.06999969482422,29.75,27.809999465942383,27.81999969482422,6017200
2022-02-01,27.03748321533203,28.940000534057617,30.100000381469727,28.760000228881836,29.010000228881836,6024600
2022-02-02,26.738521575927734,28.6200008392334,29.790000915527344,28.34000015258789,29.09000015258789,4367600
2022-02-03,26.346128463745117,28.200000762939453,28.81999969482422,27.90999984741211,28.6200008392334,2745300
2022-02-04,26.598379135131836,28.469999313354492,28.700000762939453,27.190000534057617,28.209999084472656,3566100
2022-02-07,26.570356369018555,28.440000534057617,29.6200008392334,28.3799991607666,28.459999084472656,5266900
2022-02-08,26.112571716308594,27.950000762939453,28.3700008392334,27.420000076293945,28.3700008392334,3898100
2022-02-09,26.62641143798828,28.5,28.760000228881836,27.81999969482422,28.0,3396200
2022-02-10,25.879003524780273,27.700000762939453,28.700000762939453,27.15999984741211,28.549999237060547,4983300
2022-02-11,25.813600540161133,27.6299991607666,28.709999084472656,27.299999237060547,27.739999771118164,5154800
2022-02-14,26.78523826599121,28.670000076293945,28.700000762939453,27.450000762939453,27.6299991607666,4514100
2022-02-15,28.233335494995117,30.219999313354492,30.280000686645508,28.739999771118164,28.8700008392334,6855400
2022-02-16,28.448219299316406,30.450000762939453,31.110000610351562,30.079999923706055,30.440000534057617,6116000
2022-02-17,30.101850509643555,32.220001220703125,32.650001525878906,30.40999984741211,30.40999984741211,14125600
2022-02-18,29.7281494140625,31.81999969482422,32.63999938964844,31.309999465942383,32.27000045776367,4670900
2022-02-21,29.111543655395508,31.15999984741211,31.899999618530273,31.1200008392334,31.600000381469727,2346500
2022-02-22,30.46621322631836,32.61000061035156,32.75,31.309999465942383,31.420000076293945,5308400
2022-02-23,30.45687484741211,32.599998474121094,33.88999938964844,32.27000045776367,32.56999969482422,4986800
2022-02-24,30.662412643432617,32.81999969482422,33.29999923706055,30.84000015258789,31.440000534057617,6442800
2022-02-25,30.877294540405273,33.04999923706055,33.27000045776367,32.13999938964844,32.630001068115234,5208900
2022-03-02,31.15757179260254,33.349998474121094,34.08000183105469,33.060001373291016,33.25,3126400
2022-03-03,31.288366317749023,33.4900016784668,33.939998626708984,33.029998779296875,33.5099983215332,2811100
2022-03-04,30.34476661682129,32.47999954223633,33.77000045776367,31.889999389648438,33.130001068115234,5951900
2022-03-07,28.962059020996094,31.0,32.0099983215332,30.579999923706055,31.600000381469727,5066600
2022-03-08,29.382476806640625,31.450000762939453,32.439998626708984,30.530000686645508,30.979999542236328,6500400
2022-03-09,30.86795425415039,33.040000915527344,33.36000061035156,31.610000610351562,31.75,4900100
2022-03-10,30.438190460205078,32.58000183105469,32.95000076293945,32.0,32.20000076293945,3746500
2022-03-11,30.382131576538086,32.52000045776367,33.369998931884766,32.31999969482422,32.5,5623700
2022-03-14,29.924348831176758,32.029998779296875,33.13999938964844,32.0,32.689998626708984,2612400
2022-03-15,30.027116775512695,32.13999938964844,33.0,31.700000762939453,32.029998779296875,3334600
2022-03-16,30.737154006958008,32.900001525878906,33.099998474121094,32.09000015258789,32.09000015258789,3020700
2022-03-17,30.895973205566406,33.06999969482422,33.2599983215332,32.15999984741211,32.849998474121094,3924300
2022-03-18,31.465877532958984,33.68000030517578,33.91999816894531,32.619998931884766,32.93000030517578,5944800
2022-03-21,30.765180587768555,32.93000030517578,33.459999084472656,32.380001068115234,33.400001525878906,4017900
2022-03-22,31.904977798461914,34.150001525878906,34.47999954223633,33.11000061035156,33.22999954223633,4275900
2022-03-23,32.32539749145508,34.599998474121094,34.869998931884766,33.560001373291016,34.20000076293945,4011500
2022-03-24,32.558963775634766,34.849998474121094,35.33000183105469,34.130001068115234,34.7599983215332,2954300
2022-03-25,32.11985778808594,34.380001068115234,35.15999984741211,33.93000030517578,35.06999969482422,4186300
2022-03-28,32.44684982299805,34.72999954223633,34.970001220703125,34.20000076293945,34.38999938964844,3912600
2022-03-29,33.78284454345703,36.15999984741211,36.72999954223633,34.970001220703125,35.2400016784668,5558200
2022-03-30,34.13785934448242,36.540000915527344,36.79999923706055,35.630001068115234,36.380001068115234,3171400
2022-03-31,33.988380432128906,36.380001068115234,37.099998474121094,36.380001068115234,36.779998779296875,3989300
2022-04-01,34.371429443359375,36.790000915527344,37.290000915527344,36.189998626708984,36.869998931884766,3518200
2022-04-04,35.03474426269531,37.5,37.79999923706055,36.630001068115234,36.9900016784668,3566500
2022-04-05,34.576961517333984,37.0099983215332,38.119998931884766,36.689998626708984,37.52000045776367,5700000
2022-04-06,33.71744155883789,36.09000015258789,36.75,35.54999923706055,36.5,5787100
2022-04-07,33.3624267578125,35.709999084472656,36.290000915527344,35.529998779296875,35.54999923706055,3953300
2022-04-08,33.381099700927734,35.72999954223633,36.0099983215332,34.900001525878906,35.59000015258789,3927200
2022-04-11,33.11951446533203,35.45000076293945,35.91999816894531,34.9900016784668,35.599998474121094,3625800
2022-04-12,33.446502685546875,35.79999923706055,36.439998626708984,35.400001525878906,35.810001373291016,3409500
2022-04-13,34.08180618286133,36.47999954223633,38.0,36.380001068115234,37.0,16925600
2022-04-14,32.699100494384766,35.0,36.25,34.970001220703125,36.25,4982300
2022-04-18,31.8769474029541,34.119998931884766,35.06999969482422,33.470001220703125,34.72999954223633,4580600
2022-04-19,33.6427001953125,36.0099983215332,36.540000915527344,33.529998779296875,33.61000061035156,8007400
2022-04-20,33.00740432739258,35.33000183105469,36.849998474121094,35.08000183105469,35.86000061035156,4712500
2022-04-22,32.5215950012207,34.810001373291016,36.279998779296875,34.439998626708984,34.439998626708984,3938500
2022-04-25,32.35342788696289,34.630001068115234,34.93000030517578,33.75,34.40999984741211,3943500
2022-04-26,30.251338958740234,32.380001068115234,34.33000183105469,32.27000045776367,33.77000045776367,5093300
2022-04-27,30.438190460205078,32.58000183105469,33.13999938964844,31.850000381469727,33.0,4792500
2022-04-28,30.95203399658203,33.130001068115234,33.54999923706055,32.27000045776367,32.75,4021300
2022-04-29,29.868288040161133,31.969999313354492,33.84000015258789,31.540000915527344,33.43000030517578,5623200
2022-05-02,29.63472557067871,31.719999313354492,31.959999084472656,31.1299991607666,31.260000228881836,5606400
2022-05-03,29.223651885986328,31.280000686645508,31.899999618530273,30.860000610351562,31.610000610351562,4511500
2022-05-04,30.06448745727539,32.18000030517578,32.38999938964844,30.5,31.110000610351562,3620300
2022-05-05,26.71983528137207,28.600000381469727,31.079999923706055,28.200000762939453,30.889999389648438,15736300
2022-05-06,25.458585739135742,27.25,28.510000228881836,26.34000015258789,28.479999542236328,15599200
2022-05-09,23.356502532958984,25.0,26.889999389648438,24.549999237060547,26.350000381469727,15628400
2022-05-10,24.290760040283203,26.0,26.350000381469727,25.030000686645508,25.729999542236328,13545800
2022-05-11,24.1693058013916,25.8700008392334,26.75,25.110000610351562,25.969999313354492,11503000
2022-05-12,23.79560089111328,25.469999313354492,25.860000610351562,24.75,25.219999313354492,8449800
2022-05-13,24.720518112182617,26.459999084472656,27.260000228881836,25.729999542236328,26.18000030517578,7656700
2022-05-16,24.40287208557129,26.1200008392334,26.68000030517578,25.639999389648438,26.56999969482422,5635500
2022-05-17,24.93540382385254,26.690000534057617,27.149999618530273,26.3700008392334,26.510000228881836,6139200
2022-05-18,24.720518112182617,26.459999084472656,27.25,25.920000076293945,26.299999237060547,9056400
2022-05-19,25.019481658935547,26.780000686645508,27.09000015258789,26.149999618530273,26.489999771118164,4770300
2022-05-20,25.140933990478516,26.90999984741211,27.530000686645508,26.420000076293945,27.170000076293945,8553800
2022-05-23,25.28107261657715,27.059999465942383,27.469999313354492,26.739999771118164,27.280000686645508,4393500
2022-05-24,24.449583053588867,26.170000076293945,27.450000762939453,25.81999969482422,26.93000030517578,6650100
2022-05-25,24.795259475708008,26.540000915527344,26.700000762939453,25.75,26.170000076293945,3738700
2022-05-26,25.682804107666016,27.489999771118164,27.6200008392334,26.239999771118164,26.43000030517578,5833400
2022-05-27,25.93505859375,27.760000228881836,27.93000030517578,27.079999923706055,27.520000457763672,4569500
2022-05-30,25.991111755371094,27.81999969482422,28.299999237060547,27.469999313354492,28.09000015258789,2912200
2022-05-31,26.50495719909668,28.3700008392334,28.65999984741211,27.549999237060547,27.860000610351562,7007400
2022-06-01,27.03748321533203,28.940000534057617,29.850000381469727,28.600000381469727,28.6299991607666,12886400
2022-06-02,27.4392147064209,29.3700008392334,29.610000610351562,28.610000610351562,29.229999542236328,4005600
2022-06-03,27.07485580444336,28.979999542236328,29.530000686645508,28.829999923706055,29.09000015258789,3857400
2022-06-06,27.000110626220703,28.899999618530273,29.690000534057617,28.579999923706055,29.1200008392334,4206200
2022-06-07,26.19664764404297,28.040000915527344,28.790000915527344,27.610000610351562,28.690000534057617,6014100
2022-06-08,26.243362426757812,28.09000015258789,28.479999542236328,27.1200008392334,27.559999465942383,3912600
2022-06-09,25.701492309570312,27.510000228881836,28.440000534057617,27.440000534057617,28.0,4306000
2022-06-10,24.505634307861328,26.229999542236328,27.079999923706055,26.110000610351562,27.0,4675500
2022-06-13,23.057537078857422,24.68000030517578,25.809999465942383,24.56999969482422,25.809999465942383,6041400
2022-06-14,23.356502532958984,25.0,25.18000030517578,24.559999465942383,24.610000610351562,4069300
2022-06-15,23.692838668823242,25.360000610351562,25.809999465942383,24.81999969482422,25.229999542236328,5068300
2022-06-17,22.805282592773438,24.40999984741211,25.010000228881836,23.850000381469727,24.950000762939453,12163000
2022-06-20,21.67483139038086,23.200000762939453,24.639999389648438,22.979999542236328,24.40999984741211,2923500
2022-06-21,22.450267791748047,24.030000686645508,24.489999771118164,23.260000228881836,23.399999618530273,5203000
2022-06-22,22.198017120361328,23.760000228881836,24.399999618530273,23.270000457763672,23.799999237060547,3397000
2022-06-23,22.496976852416992,24.079999923706055,24.440000534057617,23.479999542236328,23.84000015258789,3635300
2022-06-24,22.403554916381836,23.979999542236328,24.8700008392334,23.739999771118164,24.1299991607666,2886900
2022-06-27,22.665149688720703,24.260000228881836,24.65999984741211,24.030000686645508,24.1299991607666,2613100
2022-06-28,22.216707229614258,23.780000686645508,24.510000228881836,23.420000076293945,24.270000457763672,2944500
2022-06-29,21.740234375,23.270000457763672,24.1299991607666,23.020000457763672,24.0,2944000
2022-06-30,21.73088836669922,23.260000228881836,23.56999969482422,22.520000457763672,22.559999465942383,4718900
2022-07-01,22.001821517944336,23.549999237060547,23.760000228881836,22.610000610351562,23.049999237060547,4310800
2022-07-04,21.852340698242188,23.389999389648438,24.09000015258789,23.270000457763672,23.34000015258789,1457100
2022-07-05,22.702518463134766,24.299999237060547,24.329999923706055,22.65999984741211,23.09000015258789,4589300
2022-07-06,23.580720901489258,25.239999771118164,25.719999313354492,24.190000534057617,24.290000915527344,5103800
2022-07-07,24.00113868713379,25.690000534057617,26.229999542236328,25.559999465942383,25.670000076293945,4850800
2022-07-08,23.281755447387695,24.920000076293945,26.020000457763672,24.790000915527344,25.780000686645508,3274000
2022-07-11,22.459609985351562,24.040000915527344,24.799999237060547,23.65999984741211,24.780000686645508,2902000
2022-07-12,22.132619857788086,23.690000534057617,24.309999465942383,23.540000915527344,23.90999984741211,2681700
2022-07-13,22.057880401611328,23.610000610351562,24.350000381469727,23.1299991607666,23.520000457763672,3977000
2022-07-14,21.712200164794922,23.239999771118164,23.56999969482422,23.030000686645508,23.350000381469727,2654600
2022-07-15,21.73088836669922,23.260000228881836,24.209999084472656,23.18000030517578,23.34000015258789,5112700
2022-07-18,21.852340698242188,23.389999389648438,24.25,23.18000030517578,23.489999771118164,3377800
2022-07-19,23.04819679260254,24.670000076293945,24.719999313354492,23.649999618530273,23.690000534057617,4403400
2022-07-20,24.178647994995117,25.8799991607666,26.100000381469727,24.549999237060547,24.610000610351562,5499700
2022-07-21,24.636436462402344,26.3700008392334,26.56999969482422,25.469999313354492,25.75,4900200
2022-07-22,24.187990188598633,25.889999389648438,26.3700008392334,25.6299991607666,26.3700008392334,2945500
2022-07-25,24.15062141418457,25.850000381469727,26.239999771118164,25.6299991607666,25.8799991607666,2786000
2022-07-26,23.43124008178711,25.079999923706055,25.93000030517578,24.899999618530273,25.8700008392334,3997600
2022-07-27,24.421554565429688,26.139999389648438,26.290000915527344,25.260000228881836,25.260000228881836,3559200
2022-07-28,24.64577865600586,26.3799991607666,26.5,25.770000457763672,26.1299991607666,2579000
2022-07-29,24.636436462402344,26.3700008392334,26.899999618530273,25.719999313354492,26.5,3946500
2022-08-01,24.477611541748047,26.200000762939453,26.75,25.889999389648438,26.309999465942383,3507100
2022-08-02,24.673805236816406,26.40999984741211,26.6200008392334,25.920000076293945,26.079999923706055,4139500
2022-08-03,25.38385009765625,27.170000076293945,27.459999084472656,26.3700008392334,26.399999618530273,4684100
2022-08-04,25.78557586669922,27.600000381469727,28.459999084472656,27.440000534057617,27.510000228881836,8312500
2022-08-05,25.279239654541016,26.959999084472656,27.579999923706055,26.739999771118164,27.389999389648438,3270400
2022-08-08,26.460689544677734,28.219999313354492,28.5,26.989999771118164,27.290000915527344,6104400
2022-08-09,26.34817123413086,28.100000381469727,28.75,27.1299991607666,28.299999237060547,3126900
2022-08-10,28.32662582397461,30.209999084472656,31.059999465942383,29.40999984741211,29.489999771118164,9968900
2022-08-11,27.951560974121094,29.809999465942383,30.6299991607666,29.350000381469727,30.469999313354492,4605700
2022-08-12,28.63605308532715,30.540000915527344,30.75,30.1200008392334,30.149999618530273,5041700
2022-08-15,28.336002349853516,30.219999313354492,30.540000915527344,29.59000015258789,30.299999237060547,3953800
2022-08-16,27.74527359008789,29.59000015258789,30.459999084472656,29.309999465942383,30.010000228881836,3800800
2022-08-17,28.19535255432129,30.06999969482422,30.34000015258789,29.149999618530273,29.31999969482422,5452300
2022-08-18,29.142385482788086,31.079999923706055,31.479999542236328,30.1299991607666,30.299999237060547,4610800
2022-08-19,28.87984275817871,30.799999237060547,31.170000076293945,30.239999771118164,31.0,3675400
2022-08-22,28.22348403930664,30.100000381469727,30.530000686645508,29.760000228881836,30.530000686645508,3983500
2022-08-23,28.579792022705078,30.479999542236328,30.940000534057617,30.09000015258789,30.09000015258789,2367900
2022-08-24,28.982982635498047,30.90999984741211,31.399999618530273,30.459999084472656,30.549999237060547,2308400
2022-08-25,29.001739501953125,30.93000030517578,31.290000915527344,30.540000915527344,31.06999969482422,3032900
2022-08-26,27.651512145996094,29.489999771118164,31.0,29.450000762939453,31.0,3177700
2022-08-29,27.69839859008789,29.540000915527344,29.969999313354492,28.979999542236328,29.149999618530273,3511000
2022-08-30,27.16392707824707,28.969999313354492,30.0,28.670000076293945,29.6200008392334,3202400
2022-08-31,26.770112991333008,28.549999237060547,29.350000381469727,28.399999618530273,29.209999084472656,7675700
2022-09-01,26.807619094848633,28.59000015258789,29.059999465942383,27.780000686645508,28.549999237060547,4037000
2022-09-02,27.16392707824707,28.969999313354492,29.530000686645508,28.18000030517578,28.739999771118164,5933600
2022-09-05,27.27644920349121,29.09000015258789,29.889999389648438,28.940000534057617,29.110000610351562,2380200
2022-09-06,26.423181533813477,28.18000030517578,29.219999313354492,27.809999465942383,28.860000610351562,4759100
2022-09-08,26.967023849487305,28.760000228881836,28.860000610351562,27.90999984741211,28.1200008392334,3824000
2022-09-09,27.43585205078125,29.260000228881836,29.700000762939453,28.860000610351562,29.079999923706055,2810900
2022-09-12,27.660888671875,29.5,29.739999771118164,29.079999923706055,29.489999771118164,3593800
2022-09-13,27.58587646484375,29.420000076293945,29.56999969482422,28.760000228881836,29.139999389648438,3494100
2022-09-14,27.98906898498535,29.850000381469727,30.030000686645508,29.25,29.420000076293945,2324600
2022-09-15,27.463979721069336,29.290000915527344,29.899999618530273,28.979999542236328,29.850000381469727,3115600
2022-09-16,27.83904457092285,29.690000534057617,29.700000762939453,28.729999542236328,29.020000457763672,5068900
2022-09-19,27.8109130859375,29.65999984741211,29.729999542236328,28.989999771118164,29.420000076293945,2726500
2022-09-20,27.83904457092285,29.690000534057617,30.329999923706055,29.40999984741211,29.65999984741211,3219200
2022-09-21,28.129714965820312,30.0,30.610000610351562,29.510000228881836,29.690000534057617,6146300
2022-09-22,28.064083099365234,29.93000030517578,30.729999542236328,29.040000915527344,30.299999237060547,6343900
2022-09-23,27.726524353027344,29.56999969482422,29.809999465942383,29.059999465942383,29.329999923706055,4627200
2022-09-26,26.460689544677734,28.219999313354492,29.780000686645508,28.139999389648438,29.360000610351562,1838900
2022-09-27,26.93889045715332,28.729999542236328,28.989999771118164,28.479999542236328,28.520000457763672,4418600
2022-09-28,27.38896942138672,29.209999084472656,29.469999313354492,28.690000534057617,28.93000030517578,3235900
2022-09-29,26.788867950439453,28.56999969482422,29.110000610351562,27.8700008392334,28.90999984741211,2990100
2022-09-30,27.520244598388672,29.350000381469727,29.809999465942383,28.010000228881836,28.6299991607666,3814700
2022-10-03,29.020490646362305,30.950000762939453,31.1299991607666,29.84000015258789,30.299999237060547,6429200
2022-10-04,29.189271926879883,31.1299991607666,32.150001525878906,30.850000381469727,31.530000686645508,4202600
2022-10-05,29.358047485351562,31.309999465942383,31.639999389648438,30.5,31.15999984741211,3885400
2022-10-06,29.2174015045166,31.15999984741211,31.770000457763672,31.1200008392334,31.770000457763672,3583800
2022-10-07,29.254907608032227,31.200000762939453,31.59000015258789,30.690000534057617,31.0,3642200
2022-10-10,29.479944229125977,31.440000534057617,31.84000015258789,31.040000915527344,31.360000610351562,3306200
2022-10-11,28.4110107421875,30.299999237060547,31.43000030517578,30.059999465942383,31.200000762939453,5213700
2022-10-13,28.24223518371582,30.1200008392334,30.65999984741211,29.030000686645508,29.899999618530273,4964200
2022-10-14,27.942184448242188,29.799999237060547,30.559999465942383,29.5,30.170000076293945,3416900
2022-10-17,29.06737518310547,31.0,31.540000915527344,29.940000534057617,30.0,3809700
2022-10-18,29.676851272583008,31.649999618530273,32.22999954223633,31.25,31.56999969482422,5962200
2022-10-19,29.61121368408203,31.579999923706055,31.6299991607666,30.93000030517578,31.510000228881836,2454900
2022-10-20,29.620594024658203,31.59000015258789,32.33000183105469,31.309999465942383,31.690000534057617,5265900
2022-10-21,29.358047485351562,31.309999465942383,31.739999771118164,30.520000457763672,31.709999084472656,7799500
2022-10-24,29.16114044189453,31.100000381469727,31.209999084472656,30.459999084472656,30.850000381469727,4617900
2022-10-25,28.18597412109375,30.059999465942383,31.540000915527344,29.969999313354492,31.219999313354492,5965200
2022-10-26,27.58587646484375,29.420000076293945,29.809999465942383,28.90999984741211,29.649999618530273,6596700
2022-10-27,28.84233856201172,30.760000228881836,31.280000686645508,29.469999313354492,29.6299991607666,5994700
2022-10-28,29.742490768432617,31.719999313354492,31.950000762939453,30.360000610351562,30.65999984741211,5772100
2022-10-31,31.09271240234375,33.15999984741211,33.45000076293945,31.06999969482422,31.06999969482422,5899900
2022-11-01,30.108177185058594,32.11000061035156,33.27000045776367,31.489999771118164,33.2599983215332,6049400
2022-11-03,30.31446075439453,32.33000183105469,32.75,31.239999771118164,31.889999389648438,3529400
2022-11-04,30.389476776123047,32.40999984741211,33.369998931884766,32.25,32.70000076293945,4823000
2022-11-07,29.845630645751953,31.829999923706055,32.61000061035156,31.469999313354492,31.899999618530273,3465900
2022-11-08,30.098796844482422,32.099998474121094,32.529998779296875,31.469999313354492,31.559999465942383,3868500
2022-11-09,31.30837631225586,33.38999938964844,33.68000030517578,32.5,33.0,6837200
2022-11-10,29.601839065551758,31.56999969482422,32.27000045776367,30.399999618530273,32.13999938964844,10001300
2022-11-11,29.2174015045166,31.15999984741211,31.809999465942383,30.020000457763672,31.010000228881836,6895400
2022-11-14,30.62388801574707,32.65999984741211,33.130001068115234,31.149999618530273,31.15999984741211,6071100
2022-11-16,28.38288688659668,30.270000457763672,32.619998931884766,30.020000457763672,32.58000183105469,7949700
2022-11-17,27.651512145996094,29.489999771118164,30.09000015258789,28.3700008392334,29.829999923706055,7864200
2022-11-18,27.670263290405273,29.510000228881836,30.760000228881836,29.489999771118164,29.799999237060547,4694400
2022-11-21,28.486026763916016,30.3799991607666,30.549999237060547,29.700000762939453,30.229999542236328,3981800
2022-11-22,27.642135620117188,29.479999542236328,30.889999389648438,29.020000457763672,30.549999237060547,3912100
2022-11-23,27.379592895507812,29.200000762939453,29.799999237060547,28.860000610351562,29.3799991607666,4189400
2022-11-24,28.56104278564453,30.459999084472656,30.799999237060547,29.3799991607666,29.399999618530273,2467200
2022-11-25,27.05141258239746,28.850000381469727,30.420000076293945,28.59000015258789,30.3700008392334,3995700
2022-11-28,27.070165634155273,28.8700008392334,29.34000015258789,28.780000686645508,28.860000610351562,2958700
2022-11-29,27.38896942138672,29.209999084472656,29.8700008392334,28.510000228881836,28.979999542236328,4737600
2022-11-30,28.93610382080078,30.860000610351562,30.860000610351562,29.209999084472656,29.209999084472656,8898100
2022-12-01,27.604629516601562,29.440000534057617,30.979999542236328,29.420000076293945,30.239999771118164,6737500
2022-12-02,28.317249298095703,30.200000762939453,30.899999618530273,29.280000686645508,29.860000610351562,5446500
2022-12-05,26.048118591308594,27.780000686645508,30.149999618530273,27.780000686645508,29.959999084472656,6631800
2022-12-06,26.47006607055664,28.229999542236328,28.3700008392334,27.739999771118164,28.209999084472656,7304200
2022-12-07,25.851211547851562,27.56999969482422,28.520000457763672,27.56999969482422,28.040000915527344,4922500
2022-12-08,25.354251861572266,27.040000915527344,27.65999984741211,26.270000457763672,27.40999984741211,6756600
2022-12-09,25.09170913696289,26.760000228881836,27.260000228881836,26.65999984741211,27.040000915527344,3688000
2022-12-12,24.4541015625,26.079999923706055,27.260000228881836,25.6299991607666,26.770000457763672,6978900
2022-12-13,24.38846778869629,26.010000228881836,26.959999084472656,25.68000030517578,26.139999389648438,5992600
2022-12-14,24.547866821289062,26.18000030517578,26.489999771118164,25.110000610351562,25.889999389648438,8435800
2022-12-15,24.510356903076172,26.139999389648438,27.1299991607666,25.56999969482422,25.739999771118164,5957000
2022-12-16,23.84462547302246,25.43000030517578,26.579999923706055,25.219999313354492,26.139999389648438,4834700
2022-12-19,24.979188919067383,26.639999389648438,26.940000534057617,25.649999618530273,25.700000762939453,4647900
2022-12-20,25.616796493530273,27.31999969482422,28.350000381469727,26.219999313354492,26.59000015258789,5745200
2022-12-21,26.638843536376953,28.40999984741211,28.75,26.81999969482422,27.3799991607666,6397900
2022-12-22,26.198143005371094,27.940000534057617,28.530000686645508,27.690000534057617,28.31999969482422,3250000
2022-12-23,26.582582473754883,28.350000381469727,29.290000915527344,27.719999313354492,28.020000457763672,3636000
2022-12-26,25.363628387451172,27.049999237060547,28.059999465942383,26.81999969482422,27.899999618530273,2280600
2022-12-27,25.09170913696289,26.760000228881836,27.329999923706055,26.5,27.190000534057617,3627100
2022-12-28,26.1606388092041,27.899999618530273,28.049999237060547,26.770000457763672,26.8799991607666,2841600
2022-12-29,25.898094177246094,27.6200008392334,28.420000076293945,27.31999969482422,28.0,2456000
2023-01-02,24.461933135986328,25.889999389648438,26.860000610351562,25.420000076293945,26.860000610351562,3063900
2023-01-03,23.62102699279785,25.0,26.270000457763672,24.93000030517578,25.81999969482422,4250800
2023-01-04,24.310760498046875,25.729999542236328,26.5,24.979999542236328,25.100000381469727,6374700
2023-01-05,25.416223526000977,26.899999618530273,27.260000228881836,25.709999084472656,25.889999389648438,6459400
2023-01-06,25.831951141357422,27.34000015258789,27.65999984741211,26.690000534057617,26.899999618530273,3270700
2023-01-09,26.323274612426758,27.860000610351562,28.56999969482422,27.219999313354492,27.329999923706055,5516400
2023-01-10,27.239770889282227,28.829999923706055,29.15999984741211,27.420000076293945,27.75,4159800
2023-01-11,27.542118072509766,29.149999618530273,29.299999237060547,28.280000686645508,28.809999465942383,3700200
2023-01-12,27.013004302978516,28.59000015258789,29.270000457763672,27.850000381469727,29.030000686645508,3012200
2023-01-13,26.60672378540039,28.15999984741211,28.489999771118164,27.780000686645508,28.420000076293945,2830900
2023-01-16,26.11540412902832,27.639999389648438,28.31999969482422,27.079999923706055,28.31999969482422,2709400
2023-01-17,27.64605140686035,29.260000228881836,29.389999389648438,27.59000015258789,27.649999618530273,7404100
2023-01-18,28.127914428710938,29.770000457763672,30.18000030517578,29.43000030517578,29.700000762939453,5469500
2023-01-19,28.01453971862793,29.649999618530273,30.579999923706055,28.600000381469727,29.40999984741211,5254800
2023-01-20,27.494874954223633,29.100000381469727,29.770000457763672,28.889999389648438,29.559999465942383,4469200
2023-01-23,28.005090713500977,29.639999389648438,30.299999237060547,29.06999969482422,29.09000015258789,3279200
2023-01-24,28.553096771240234,30.219999313354492,30.459999084472656,29.68000030517578,29.709999084472656,4468900
2023-01-25,28.335783004760742,29.989999771118164,30.329999923706055,29.170000076293945,30.170000076293945,3511200
2023-01-26,27.891708374023438,29.520000457763672,30.299999237060547,29.299999237060547,30.149999618530273,3698500
2023-01-27,27.494874954223633,29.100000381469727,29.56999969482422,28.899999618530273,29.479999542236328,3284700
2023-01-30,27.98619270324707,29.6200008392334,29.639999389648438,29.020000457763672,29.290000915527344,2690900
2023-01-31,28.4113712310791,30.06999969482422,30.440000534057617,29.219999313354492,29.6200008392334,4969600
2023-02-01,28.477508544921875,30.139999389648438,30.860000610351562,29.739999771118164,30.079999923706055,3798600
2023-02-02,28.827102661132812,30.510000228881836,31.299999237060547,29.989999771118164,30.010000228881836,4524300
2023-02-03,28.07122802734375,29.709999084472656,30.56999969482422,29.280000686645508,30.3700008392334,5728800
2023-02-06,28.420818328857422,30.079999923706055,30.200000762939453,29.329999923706055,29.690000534057617,2778800
2023-02-07,27.683841705322266,29.299999237060547,30.299999237060547,29.09000015258789,30.149999618530273,3510000
2023-02-08,28.789308547973633,30.469999313354492,30.75,29.489999771118164,29.5,4492200
2023-02-09,28.042882919311523,29.68000030517578,30.75,29.510000228881836,30.479999542236328,3656900
2023-02-10,28.401918411254883,30.059999465942383,30.3799991607666,29.690000534057617,29.690000534057617,2483000
2023-02-13,28.260196685791016,29.90999984741211,30.540000915527344,29.670000076293945,30.020000457763672,3224000
2023-02-14,28.194055557250977,29.84000015258789,30.40999984741211,28.690000534057617,29.90999984741211,5759100
2023-02-15,27.0224552154541,28.600000381469727,29.3799991607666,28.100000381469727,29.3799991607666,8639300
2023-02-16,26.927967071533203,28.5,28.729999542236328,27.489999771118164,28.489999771118164,6700000
2023-02-17,27.15473175048828,28.739999771118164,28.739999771118164,27.780000686645508,28.3700008392334,3256800
2023-02-22,26.65396499633789,28.209999084472656,29.360000610351562,27.940000534057617,28.690000534057617,3315300
2023-02-23,27.16417694091797,28.75,29.489999771118164,28.079999923706055,28.200000762939453,3997700
2023-02-24,26.25713539123535,27.790000915527344,28.739999771118164,27.540000915527344,28.700000762939453,5017500
2023-02-27,26.42720603942871,27.969999313354492,28.299999237060547,27.510000228881836,27.8700008392334,2457800
2023-02-28,25.784713745117188,27.290000915527344,28.209999084472656,27.290000915527344,27.950000762939453,5734300
2023-03-01,25.652435302734375,27.149999618530273,27.610000610351562,26.360000610351562,27.610000610351562,6756700
2023-03-02,25.95478057861328,27.469999313354492,27.889999389648438,27.059999465942383,27.059999465942383,3756000
2023-03-03,26.18154525756836,27.709999084472656,28.290000915527344,27.459999084472656,27.469999313354492,3705700
2023-03-06,26.35161781311035,27.889999389648438,28.56999969482422,27.690000534057617,27.969999313354492,7047900
2023-03-07,26.068164825439453,27.59000015258789,27.940000534057617,26.799999237060547,27.940000534057617,4735800
2023-03-08,26.4838924407959,28.030000686645508,28.329999923706055,27.40999984741211,27.59000015258789,6322900
2023-03-09,26.17209815979004,27.700000762939453,28.270000457763672,27.65999984741211,27.989999771118164,6885600
2023-03-10,25.888647079467773,27.399999618530273,27.700000762939453,27.200000762939453,27.489999771118164,5030600
2023-03-13,26.50279426574707,28.049999237060547,28.219999313354492,27.18000030517578,27.329999923706055,6627400
2023-03-14,26.965763092041016,28.540000915527344,29.040000915527344,28.06999969482422,28.06999969482422,4243000
2023-03-15,27.239770889282227,28.829999923706055,29.239999771118164,28.0,28.219999313354492,4489300
2023-03-16,27.3531494140625,28.950000762939453,29.040000915527344,28.350000381469727,28.84000015258789,3439400
2023-03-17,26.937419891357422,28.510000228881836,28.90999984741211,28.290000915527344,28.780000686645508,5105700
2023-03-20,26.276023864746094,27.809999465942383,28.559999465942383,27.610000610351562,28.510000228881836,2828100
2023-03-21,26.408308029174805,27.950000762939453,28.1299991607666,27.690000534057617,27.790000915527344,2697700
2023-03-22,26.342166900634766,27.8799991607666,28.610000610351562,27.65999984741211,28.079999923706055,6924400
2023-03-23,24.84931755065918,26.299999237060547,28.06999969482422,26.09000015258789,27.889999389648438,9038600
2023-03-24,25.576845169067383,27.06999969482422,27.290000915527344,26.270000457763672,26.450000762939453,5111700
2023-03-27,25.746915817260742,27.25,27.440000534057617,26.969999313354492,27.18000030517578,6695800
2023-03-28,26.087060928344727,27.610000610351562,27.770000457763672,27.200000762939453,27.260000228881836,3663100
2023-03-29,26.285478591918945,27.81999969482422,28.190000534057617,27.299999237060547,27.8700008392334,4540100
2023-03-30,27.003557205200195,28.579999923706055,29.190000534057617,28.18000030517578,28.280000686645508,6310400
2023-03-31,26.60672378540039,28.15999984741211,28.850000381469727,27.969999313354492,28.739999771118164,6080400
2023-04-03,26.625621795654297,28.18000030517578,28.350000381469727,27.790000915527344,28.0,4479600
2023-04-04,27.513769149780273,29.1200008392334,29.31999969482422,28.219999313354492,28.290000915527344,4250600
2023-04-05,26.833486557006836,28.399999618530273,29.329999923706055,28.270000457763672,29.280000686645508,4468500
2023-04-06,25.737468719482422,27.239999771118164,28.440000534057617,27.209999084472656,28.059999465942383,6825000
2023-04-10,25.746915817260742,27.25,27.479999542236328,26.649999618530273,27.239999771118164,3370100
2023-04-11,26.64451789855957,28.200000762939453,28.59000015258789,27.450000762939453,27.5,4794000
2023-04-12,26.833486557006836,28.399999618530273,28.899999618530273,28.100000381469727,28.270000457763672,7811900
2023-04-13,25.20836067199707,26.68000030517578,28.700000762939453,26.469999313354492,28.65999984741211,9715700
2023-04-14,25.27449607849121,26.75,26.75,25.68000030517578,26.549999237060547,7993900
2023-04-17,25.624088287353516,27.1200008392334,27.18000030517578,26.75,26.950000762939453,3962600
2023-04-18,24.991046905517578,26.450000762939453,27.389999389648438,26.299999237060547,27.190000534057617,4147400
2023-04-19,24.14069175720215,25.549999237060547,26.229999542236328,25.399999618530273,26.229999542236328,8821900
2023-04-20,24.25406837463379,25.670000076293945,25.979999542236328,25.299999237060547,25.549999237060547,3873100
2023-04-24,24.37689781188965,25.799999237060547,25.959999084472656,25.34000015258789,25.56999969482422,5925300
2023-04-25,24.21627426147461,25.6299991607666,25.860000610351562,25.389999389648438,25.549999237060547,3484200
2023-04-26,23.97062110900879,25.3700008392334,25.719999313354492,25.06999969482422,25.639999389648438,3190100
2023-04-27,24.03675651550293,25.440000534057617,25.729999542236328,25.030000686645508,25.1299991607666,5512500
2023-04-28,24.244617462158203,25.65999984741211,26.170000076293945,25.149999618530273,25.420000076293945,5725200
2023-05-02,24.03675651550293,25.440000534057617,26.149999618530273,25.0,25.700000762939453,3620800
2023-05-03,24.055652618408203,25.459999084472656,25.700000762939453,25.299999237060547,25.360000610351562,2901900
2023-05-04,24.528072357177734,25.959999084472656,26.209999084472656,25.56999969482422,25.81999969482422,6229700
2023-05-05,25.085529327392578,26.549999237060547,26.809999465942383,25.93000030517578,26.059999465942383,4338200
2023-05-08,25.831951141357422,27.34000015258789,27.530000686645508,26.56999969482422,26.75,6565300
2023-05-09,26.379962921142578,27.920000076293945,28.489999771118164,26.65999984741211,27.229999542236328,8862200
2023-05-10,26.4838924407959,28.030000686645508,28.93000030517578,27.81999969482422,28.149999618530273,3658800
2023-05-11,26.4838924407959,28.030000686645508,28.25,27.81999969482422,27.93000030517578,3959700
2023-05-12,26.3894100189209,27.93000030517578,28.09000015258789,27.399999618530273,27.670000076293945,2437200
2023-05-15,27.013004302978516,28.59000015258789,28.799999237060547,27.81999969482422,28.149999618530273,4876700
2023-05-16,26.739002227783203,28.299999237060547,28.989999771118164,28.1200008392334,28.610000610351562,4683600
2023-05-17,27.06024932861328,28.639999389648438,28.670000076293945,28.09000015258789,28.360000610351562,5761400
2023-05-18,27.45707893371582,29.059999465942383,29.219999313354492,28.40999984741211,28.639999389648438,4160100
2023-05-19,27.315357208251953,28.90999984741211,29.34000015258789,28.5,29.25,6885400
2023-05-22,27.315357208251953,28.90999984741211,29.290000915527344,28.700000762939453,28.899999618530273,2962200
2023-05-23,27.23031997680664,28.81999969482422,29.420000076293945,28.56999969482422,28.6200008392334,3771700
2023-05-24,26.65396499633789,28.209999084472656,28.969999313354492,28.06999969482422,28.81999969482422,2742700
2023-05-25,28.194055557250977,29.84000015258789,30.079999923706055,28.68000030517578,28.790000915527344,6930000
2023-05-26,28.118465423583984,29.760000228881836,30.15999984741211,29.440000534057617,30.15999984741211,3580100
2023-05-29,27.683841705322266,29.299999237060547,29.709999084472656,29.190000534057617,29.56999969482422,2477600
2023-05-30,27.504323959350586,29.110000610351562,29.59000015258789,28.889999389648438,29.31999969482422,3304200
2023-05-31,27.173629760742188,28.760000228881836,29.1299991607666,28.6299991607666,28.860000610351562,4839200
2023-06-01,28.430265426635742,30.09000015258789,30.219999313354492,28.729999542236328,28.850000381469727,4512800
2023-06-02,27.239770889282227,28.829999923706055,30.440000534057617,28.229999542236328,30.399999618530273,8452600
2023-06-05,27.116939544677734,28.700000762939453,28.75,28.200000762939453,28.6299991607666,3309200
2023-06-06,27.938949584960938,29.56999969482422,29.670000076293945,28.8799991607666,28.940000534057617,4805800
2023-06-07,28.061779022216797,29.700000762939453,30.110000610351562,29.309999465942383,29.75,4864600
2023-06-09,28.212955474853516,29.860000610351562,30.149999618530273,29.6299991607666,29.899999618530273,3621100
2023-06-12,28.827102661132812,30.510000228881836,30.690000534057617,30.040000915527344,30.229999542236328,3953000
2023-06-13,28.297990798950195,29.950000762939453,30.739999771118164,29.790000915527344,30.540000915527344,6850000
2023-06-14,28.250747680664062,29.899999618530273,30.299999237060547,29.399999618530273,29.899999618530273,6924000
2023-06-15,28.675926208496094,30.350000381469727,30.350000381469727,29.690000534057617,29.8700008392334,5881200
2023-06-16,28.231849670410156,29.8799991607666,30.40999984741211,29.81999969482422,30.270000457763672,5819000
2023-06-19,28.335783004760742,29.989999771118164,30.170000076293945,29.770000457763672,29.860000610351562,1595600
2023-06-20,28.279094696044922,29.93000030517578,30.0,29.389999389648438,29.860000610351562,5027800
2023-06-21,27.87281036376953,29.5,29.8799991607666,28.84000015258789,29.799999237060547,4097000
2023-06-22,27.37204360961914,28.969999313354492,29.309999465942383,28.3700008392334,29.309999465942383,5283100
2023-06-23,28.127914428710938,29.770000457763672,29.860000610351562,28.969999313354492,29.40999984741211,3869800
2023-06-26,27.749980926513672,29.3700008392334,29.809999465942383,28.850000381469727,29.770000457763672,4207800
2023-06-27,27.61770248413086,29.229999542236328,29.829999923706055,28.889999389648438,29.700000762939453,3174300
2023-06-28,27.390941619873047,28.989999771118164,29.610000610351562,28.790000915527344,29.399999618530273,3085500
2023-06-29,27.938949584960938,29.56999969482422,29.790000915527344,29.049999237060547,29.100000381469727,2301600
2023-06-30,28.32633399963379,29.979999542236328,30.559999465942383,29.649999618530273,29.809999465942383,4070500
2023-07-03,28.893239974975586,30.579999923706055,31.09000015258789,29.959999084472656,30.280000686645508,4997300
2023-07-04,28.61924171447754,30.290000915527344,30.889999389648438,30.25,30.579999923706055,1265500
2023-07-05,29.12944984436035,30.829999923706055,31.030000686645508,29.950000762939453,30.049999237060547,2916000
2023-07-06,28.297990798950195,29.950000762939453,30.649999618530273,29.889999389648438,30.649999618530273,2694900
2023-07-07,28.817649841308594,30.5,30.639999389648438,30.010000228881836,30.1299991607666,2791100
2023-07-10,28.3641300201416,30.020000457763672,30.540000915527344,29.989999771118164,30.469999313354492,2082400
2023-07-11,28.042882919311523,29.68000030517578,30.030000686645508,29.270000457763672,29.75,3569000
2023-07-12,27.98619270324707,29.6200008392334,30.190000534057617,29.56999969482422,29.75,5364900
2023-07-13,28.288541793823242,29.940000534057617,30.489999771118164,29.40999984741211,29.6200008392334,2861900
2023-07-14,27.806673049926758,29.43000030517578,30.18000030517578,29.350000381469727,29.739999771118164,2534700
2023-07-17,27.948396682739258,29.579999923706055,29.709999084472656,28.729999542236328,29.010000228881836,3181100
2023-07-18,27.542118072509766,29.149999618530273,29.530000686645508,28.75,28.8799991607666,8497600
2023-07-19,27.409841537475586,29.010000228881836,29.260000228881836,28.729999542236328,29.1299991607666,5148800
2023-07-20,26.956315994262695,28.530000686645508,29.030000686645508,28.290000915527344,28.93000030517578,5627000
2023-07-21,27.655494689941406,29.270000457763672,29.270000457763672,28.6200008392334,28.729999542236328,4111100
2023-07-24,27.901155471801758,29.530000686645508,29.600000381469727,29.020000457763672,29.270000457763672,1976000
2023-07-25,27.8255672454834,29.450000762939453,30.079999923706055,29.299999237060547,29.899999618530273,2181000
2023-07-26,28.090126037597656,29.729999542236328,29.790000915527344,29.239999771118164,29.450000762939453,1872300
2023-07-27,27.608251571655273,29.219999313354492,30.040000915527344,29.190000534057617,29.6299991607666,3288000
2023-07-28,27.817771911621094,29.209999084472656,29.3700008392334,28.950000762939453,29.329999923706055,1620100
2023-07-31,28.160612106323242,29.56999969482422,29.84000015258789,29.15999984741211,29.3799991607666,3802200
2023-08-01,28.198705673217773,29.610000610351562,30.010000228881836,29.229999542236328,29.350000381469727,3693400
2023-08-02,28.065378189086914,29.469999313354492,29.780000686645508,29.329999923706055,29.639999389648438,1943300
2023-08-03,28.160612106323242,29.56999969482422,30.389999389648438,29.510000228881836,29.850000381469727,4072200
2023-08-04,27.91300392150879,29.309999465942383,29.850000381469727,29.139999389648438,29.56999969482422,1821800
2023-08-07,28.208229064941406,29.6200008392334,29.670000076293945,29.030000686645508,29.209999084472656,1767500
2023-08-08,28.065378189086914,29.469999313354492,29.600000381469727,28.770000457763672,29.18000030517578,3331500
2023-08-09,26.94162368774414,28.290000915527344,28.75,27.459999084472656,28.399999618530273,19720100
2023-08-10,26.57021141052246,27.899999618530273,28.75,27.8799991607666,28.510000228881836,7463000
2023-08-11,26.027374267578125,27.329999923706055,28.010000228881836,27.030000686645508,27.75,8463000
2023-08-14,26.198795318603516,27.510000228881836,27.6200008392334,26.860000610351562,27.110000610351562,4358800
2023-08-15,26.18927574157715,27.5,27.670000076293945,27.1200008392334,27.469999313354492,4282300
2023-08-16,26.084514617919922,27.389999389648438,27.829999923706055,27.360000610351562,27.440000534057617,4447000
2023-08-17,26.398784637451172,27.719999313354492,28.360000610351562,27.489999771118164,27.579999923706055,8731700
2023-08-18,26.58925437927246,27.920000076293945,28.43000030517578,27.56999969482422,27.719999313354492,4786500
2023-08-21,26.313072204589844,27.6299991607666,28.190000534057617,27.600000381469727,27.889999389648438,2966500
2023-08-22,26.551158905029297,27.8799991607666,28.5,27.690000534057617,27.690000534057617,5318300
2023-08-23,26.91305160522461,28.260000228881836,28.43000030517578,27.860000610351562,27.8700008392334,3882500
2023-08-24,26.846385955810547,28.190000534057617,28.56999969482422,28.100000381469727,28.350000381469727,2668100
2023-08-25,26.52259063720703,27.850000381469727,28.18000030517578,27.600000381469727,28.170000076293945,3827200
2023-08-28,26.91305160522461,28.260000228881836,28.389999389648438,28.010000228881836,28.079999923706055,2853300
2023-08-29,27.26541519165039,28.6299991607666,28.780000686645508,28.309999465942383,28.420000076293945,1918600
2023-08-30,27.15113639831543,28.510000228881836,28.979999542236328,28.399999618530273,28.81999969482422,2601300
2023-08-31,26.417835235595703,27.739999771118164,28.59000015258789,27.40999984741211,28.40999984741211,6230600
2023-09-01,26.474971771240234,27.799999237060547,28.260000228881836,27.739999771118164,27.75,2345400
2023-09-04,26.608301162719727,27.940000534057617,27.940000534057617,27.479999542236328,27.649999618530273,1429200
2023-09-05,26.40831184387207,27.729999542236328,28.030000686645508,27.600000381469727,27.8799991607666,3448200
2023-09-06,26.43688201904297,27.760000228881836,27.899999618530273,27.600000381469727,27.670000076293945,5179600
2023-09-08,26.379741668701172,27.700000762939453,27.860000610351562,27.43000030517578,27.690000534057617,4111700
2023-09-11,26.694011688232422,28.030000686645508,28.190000534057617,27.530000686645508,27.770000457763672,10174700
2023-09-12,27.255889892578125,28.6200008392334,28.700000762939453,27.969999313354492,28.030000686645508,2581700
2023-09-13,27.33207893371582,28.700000762939453,29.25,28.43000030517578,28.520000457763672,8856300
2023-09-14,27.674915313720703,29.059999465942383,29.209999084472656,28.690000534057617,28.690000534057617,5292100
2023-09-15,28.093948364257812,29.5,29.700000762939453,29.170000076293945,29.219999313354492,6460600
2023-09-18,26.94162368774414,28.290000915527344,29.549999237060547,28.290000915527344,29.479999542236328,3485500
2023-09-19,25.61786651611328,26.899999618530273,28.440000534057617,26.809999465942383,28.209999084472656,11595400
2023-09-20,25.72262954711914,27.010000228881836,27.719999313354492,26.739999771118164,26.969999313354492,6217200
2023-09-21,25.08456039428711,26.34000015258789,26.829999923706055,26.329999923706055,26.639999389648438,4832900
2023-09-22,25.160747528076172,26.420000076293945,26.649999618530273,26.350000381469727,26.540000915527344,2757300
2023-09-25,25.655963897705078,26.940000534057617,27.0,26.40999984741211,26.450000762939453,3293000
2023-09-26,25.151226043701172,26.40999984741211,27.040000915527344,26.260000228881836,26.81999969482422,3629300
2023-09-27,25.189319610595703,26.450000762939453,26.6299991607666,26.25,26.450000762939453,4790500
2023-09-28,25.475019454956055,26.75,26.770000457763672,26.1299991607666,26.450000762939453,3050900
2023-09-29,25.713104248046875,27.0,27.389999389648438,26.799999237060547,26.90999984741211,4040400
2023-10-02,25.89405059814453,27.190000534057617,27.34000015258789,26.84000015258789,27.040000915527344,2873700
2023-10-03,25.00837516784668,26.260000228881836,27.170000076293945,26.25,27.059999465942383,2365800
2023-10-04,25.52263832092285,26.799999237060547,26.920000076293945,26.020000457763672,26.190000534057617,2778500
2023-10-05,25.370262145996094,26.639999389648438,26.93000030517578,26.350000381469727,26.6299991607666,1975900
2023-10-06,25.246461868286133,26.510000228881836,26.639999389648438,26.010000228881836,26.270000457763672,1977300
2023-10-09,25.713104248046875,27.0,27.15999984741211,26.219999313354492,26.219999313354492,3353000
2023-10-10,26.18927574157715,27.5,27.65999984741211,27.06999969482422,27.06999969482422,1955200
2023-10-11,26.170223236083984,27.479999542236328,27.8700008392334,27.260000228881836,27.559999465942383,2566500
2023-10-13,25.484546661376953,26.760000228881836,27.520000457763672,26.600000381469727,27.350000381469727,3229100
2023-10-16,25.598825454711914,26.8799991607666,27.229999542236328,26.56999969482422,27.0,2934100
2023-10-17,25.446449279785156,26.719999313354492,27.219999313354492,26.549999237060547,26.68000030517578,4690400
2023-10-18,24.81790542602539,26.059999465942383,26.600000381469727,26.0,26.530000686645508,3469400
2023-10-19,24.894092559814453,26.139999389648438,26.299999237060547,25.799999237060547,26.059999465942383,3009000
2023-10-20,24.50363540649414,25.729999542236328,26.25,25.709999084472656,25.75,2679100
2023-10-23,24.52268409729004,25.75,26.040000915527344,25.56999969482422,25.649999618530273,2903300
2023-10-24,24.37983512878418,25.600000381469727,26.059999465942383,25.540000915527344,25.950000762939453,3735600
2023-10-25,24.284597396850586,25.5,25.780000686645508,25.229999542236328,25.649999618530273,3956600
2023-10-26,25.141704559326172,26.399999618530273,26.530000686645508,25.6200008392334,25.68000030517578,3587800
2023-10-27,24.341733932495117,25.559999465942383,26.829999923706055,25.559999465942383,26.25,3071100
2023-10-30,23.91318702697754,25.110000610351562,25.719999313354492,24.93000030517578,25.690000534057617,2348500
2023-10-31,24.103654861450195,25.309999465942383,25.600000381469727,25.190000534057617,25.290000915527344,3310600
2023-11-01,25.00837516784668,26.260000228881836,26.329999923706055,25.31999969482422,25.510000228881836,3499200
2023-11-03,26.389263153076172,27.709999084472656,27.799999237060547,26.399999618530273,26.579999923706055,4218100
2023-11-06,26.379741668701172,27.700000762939453,27.81999969482422,27.200000762939453,27.700000762939453,2072300
2023-11-07,27.322555541992188,28.690000534057617,28.959999084472656,27.549999237060547,27.690000534057617,6276800
2023-11-08,28.865337371826172,30.309999465942383,30.899999618530273,29.270000457763672,29.690000534057617,16516800
2023-11-09,29.503406524658203,30.979999542236328,31.040000915527344,30.190000534057617,30.299999237060547,4391300
2023-11-10,30.284324645996094,31.799999237060547,31.940000534057617,30.5,30.700000762939453,4915800
2023-11-13,31.141427993774414,32.70000076293945,33.06999969482422,31.700000762939453,31.700000762939453,10915900
2023-11-14,31.074764251708984,32.630001068115234,33.650001525878906,32.45000076293945,32.91999816894531,8398300
2023-11-16,31.83662986755371,33.43000030517578,33.560001373291016,32.20000076293945,32.630001068115234,9614700
2023-11-17,30.97953224182129,32.529998779296875,33.97999954223633,32.439998626708984,33.650001525878906,8597000
2023-11-20,31.455698013305664,33.029998779296875,33.029998779296875,32.09000015258789,32.63999938964844,5620700
2023-11-21,31.417606353759766,32.9900016784668,32.9900016784668,32.0,32.81999969482422,7733200
2023-11-22,31.817584991455078,33.40999984741211,33.95000076293945,32.869998931884766,32.970001220703125,6708200
2023-11-23,31.42713165283203,33.0,33.40999984741211,32.88999938964844,33.40999984741211,2440500
2023-11-24,30.789064407348633,32.33000183105469,33.0,32.18000030517578,33.0,3115800
2023-11-27,31.512836456298828,33.09000015258789,33.220001220703125,32.209999084472656,32.56999969482422,3138300
2023-11-28,31.9604434967041,33.560001373291016,34.09000015258789,33.04999923706055,33.150001525878906,2727600
2023-11-29,31.884252548217773,33.47999954223633,33.970001220703125,33.380001068115234,33.5099983215332,3491300
2023-11-30,31.722352981567383,33.310001373291016,33.66999816894531,33.0,33.459999084472656,6671700
2023-12-01,32.22710037231445,33.84000015258789,33.93000030517578,33.0,33.380001068115234,4222700
2023-12-04,32.531837463378906,34.15999984741211,34.279998779296875,33.70000076293945,33.779998779296875,3092800
2023-12-05,32.79056167602539,34.220001220703125,34.65999984741211,33.939998626708984,34.08000183105469,3327900
2023-12-06,32.99178695678711,34.43000030517578,34.619998931884766,34.29999923706055,34.38999938964844,1934100
2023-12-07,33.154685974121094,34.599998474121094,34.70000076293945,34.2400016784668,34.66999816894531,1771000
2023-12-08,32.924713134765625,34.36000061035156,34.880001068115234,33.97999954223633,34.75,3756400
2023-12-11,32.33061599731445,33.7400016784668,34.56999969482422,33.66999816894531,34.02000045776367,3949200
2023-12-12,31.190317153930664,32.54999923706055,34.099998474121094,32.439998626708984,33.959999084472656,8252900
2023-12-13,32.53184127807617,33.95000076293945,34.13999938964844,32.349998474121094,32.5,5120500
2023-12-14,32.76181411743164,34.189998626708984,34.54999923706055,33.470001220703125,34.29999923706055,4693900
2023-12-15,32.50309371948242,33.91999816894531,34.75,33.400001525878906,34.189998626708984,3942100
2023-12-18,32.33061599731445,33.7400016784668,34.08000183105469,33.5,33.88999938964844,3099500
2023-12-19,33.01095199584961,34.45000076293945,34.45000076293945,33.63999938964844,33.63999938964844,2109300
2023-12-20,31.679019927978516,33.060001373291016,34.209999084472656,32.54999923706055,34.209999084472656,5407400
2023-12-21,31.956899642944336,33.349998474121094,33.709999084472656,33.130001068115234,33.349998474121094,3251200
2023-12-22,31.47779083251953,32.849998474121094,33.650001525878906,32.779998779296875,33.59000015258789,2187000
2023-12-26,32.1293830871582,33.529998779296875,33.529998779296875,32.900001525878906,33.08000183105469,1542500
2023-12-27,32.560585021972656,33.97999954223633,33.97999954223633,33.20000076293945,33.349998474121094,1833100
2023-12-28,32.28269577026367,33.689998626708984,34.27000045776367,33.25,34.0,2839400
2024-01-02,31.62152099609375,33.0,33.38999938964844,32.5,33.130001068115234,2837100
2024-01-03,31.583192825317383,32.959999084472656,33.220001220703125,32.84000015258789,32.97999954223633,3030700
2024-01-04,30.75911521911621,32.099998474121094,32.939998626708984,31.90999984741211,32.939998626708984,3736300
2024-01-05,30.931594848632812,32.279998779296875,32.47999954223633,31.790000915527344,31.90999984741211,2165900
2024-01-08,31.132829666137695,32.4900016784668,32.720001220703125,31.940000534057617,32.279998779296875,2512800
2024-01-09,31.171157836914062,32.529998779296875,32.97999954223633,32.08000183105469,32.130001068115234,2537000
2024-01-10,31.084915161132812,32.439998626708984,32.70000076293945,32.27000045776367,32.619998931884766,1756900
2024-01-11,31.075332641601562,32.43000030517578,32.79999923706055,32.13999938964844,32.369998931884766,3116600
2024-01-12,31.38196563720703,32.75,32.959999084472656,32.02000045776367,32.25,2009100
2024-01-15,31.084915161132812,32.439998626708984,32.7400016784668,32.099998474121094,32.7400016784668,1117000
2024-01-16,30.87410545349121,32.220001220703125,32.38999938964844,31.739999771118164,32.06999969482422,3017200
2024-01-17,30.922016143798828,32.27000045776367,32.45000076293945,31.920000076293945,32.09000015258789,2378400
2024-01-18,30.097938537597656,31.40999984741211,32.349998474121094,31.40999984741211,32.31999969482422,2211200
2024-01-19,30.39499282836914,31.719999313354492,31.829999923706055,30.989999771118164,31.3700008392334,3164000
2024-01-22,29.139713287353516,30.40999984741211,31.729999542236328,30.25,31.700000762939453,4855100
2024-01-23,29.666738510131836,30.959999084472656,30.959999084472656,30.239999771118164,30.420000076293945,3308700
2024-01-24,29.618825912475586,30.90999984741211,31.68000030517578,30.860000610351562,31.309999465942383,3813800
2024-01-25,29.609241485595703,30.899999618530273,31.190000534057617,30.6299991607666,30.899999618530273,1434500
2024-01-26,29.590078353881836,30.8799991607666,31.34000015258789,30.649999618530273,31.1299991607666,1378000
2024-01-29,30.11710548400879,31.43000030517578,31.59000015258789,30.709999084472656,30.809999465942383,2758800
2024-01-30,29.877548217773438,31.18000030517578,31.549999237060547,30.969999313354492,31.260000228881836,1959800
2024-01-31,30.203346252441406,31.520000457763672,32.15999984741211,31.1200008392334,31.31999969482422,3297400
2024-02-01,30.68246078491211,32.02000045776367,32.02000045776367,31.15999984741211,31.5,2890300
2024-02-02,30.35666275024414,31.68000030517578,32.33000183105469,31.350000381469727,32.130001068115234,2723000
2024-02-05,30.462064743041992,31.790000915527344,31.959999084472656,31.5,31.579999923706055,2281100
2024-02-06,30.99867057800293,32.349998474121094,32.560001373291016,31.649999618530273,31.790000915527344,1640900
2024-02-07,31.47779083251953,32.849998474121094,33.040000915527344,32.0,32.08000183105469,3449600
2024-02-08,28.40187644958496,29.639999389648438,30.969999313354492,29.329999923706055,30.0,18285400
2024-02-09,29.340944290161133,30.6200008392334,30.84000015258789,29.25,29.56999969482422,6941000
2024-02-14,28.73725700378418,29.989999771118164,30.610000610351562,29.860000610351562,30.280000686645508,6295600
2024-02-15,29.360105514526367,30.639999389648438,30.780000686645508,29.920000076293945,30.290000915527344,4483100
2024-02-16,29.551748275756836,30.84000015258789,31.0,30.31999969482422,30.780000686645508,4937200
2024-02-19,29.58049774169922,30.8700008392334,30.93000030517578,30.329999923706055,30.6200008392334,2262100
2024-02-20,29.752981185913086,31.049999237060547,31.09000015258789,30.299999237060547,30.5,6852300
2024-02-21,29.752981185913086,31.049999237060547,31.170000076293945,30.639999389648438,30.950000762939453,3345100
2024-02-22,30.452486038208008,31.780000686645508,31.899999618530273,31.010000228881836,31.329999923706055,5913300
2024-02-23,30.21293067932129,31.530000686645508,32.369998931884766,31.469999313354492,31.989999771118164,3076400
2024-02-26,30.203346252441406,31.520000457763672,31.979999542236328,31.469999313354492,31.530000686645508,2013400
2024-02-27,29.954206466674805,31.260000228881836,31.860000610351562,31.15999984741211,31.719999313354492,3407100
2024-02-28,29.551748275756836,30.84000015258789,31.15999984741211,30.56999969482422,31.0,2046000
2024-02-29,29.408018112182617,30.690000534057617,31.280000686645508,30.440000534057617,30.729999542236328,7009900
2024-03-01,29.85838508605957,31.15999984741211,31.309999465942383,30.829999923706055,30.829999923706055,4182000
2024-03-04,29.475093841552734,30.760000228881836,31.3700008392334,30.760000228881836,31.15999984741211,3044600
2024-03-05,29.1684627532959,30.440000534057617,31.079999923706055,30.350000381469727,30.739999771118164,2535500
2024-03-06,29.89671516418457,31.200000762939453,31.350000381469727,30.350000381469727,30.59000015258789,4797100
2024-03-07,28.823497772216797,30.079999923706055,31.229999542236328,29.530000686645508,31.079999923706055,6562300
2024-03-08,28.871408462524414,30.1299991607666,30.3700008392334,29.770000457763672,29.790000915527344,2502200
2024-03-11,28.94806671142578,30.209999084472656,30.270000457763672,29.809999465942383,29.809999465942383,3491100
2024-03-12,29.906291961669922,31.209999084472656,31.450000762939453,30.110000610351562,30.329999923706055,3167500
2024-03-13,29.89671516418457,31.200000762939453,31.549999237060547,30.989999771118164,31.209999084472656,2012500
2024-03-14,29.705068588256836,31.0,31.479999542236328,30.799999237060547,31.09000015258789,5137100
2024-03-15,29.695486068725586,30.989999771118164,31.270000457763672,30.969999313354492,31.25,4284200
2024-03-18,28.81391716003418,30.06999969482422,31.020000457763672,30.0,30.979999542236328,3003400
2024-03-19,28.842662811279297,30.100000381469727,30.3799991607666,29.6200008392334,30.260000228881836,3028400
2024-03-20,29.388853073120117,30.670000076293945,30.68000030517578,30.049999237060547,30.290000915527344,2162900
2024-03-21,29.705068588256836,31.0,31.34000015258789,30.6299991607666,30.670000076293945,1992800
2024-03-22,29.2451171875,30.520000457763672,30.889999389648438,30.06999969482422,30.6299991607666,1850800
2024-03-25,28.97681427001953,30.239999771118164,30.559999465942383,30.0,30.389999389648438,1668700
2024-03-26,27.299915313720703,28.489999771118164,29.399999618530273,28.440000534057617,29.329999923706055,8248300
2024-03-27,27.817359924316406,29.030000686645508,29.25,27.81999969482422,28.399999618530273,6564700
2024-03-28,27.194509506225586,28.3799991607666,29.020000457763672,28.31999969482422,29.020000457763672,5946700
2024-04-01,26.954954147338867,28.1299991607666,28.549999237060547,27.8700008392334,28.3799991607666,3829600
2024-04-02,26.686647415161133,27.850000381469727,28.190000534057617,27.280000686645508,27.8700008392334,4202000
2024-04-03,26.667484283447266,27.829999923706055,28.18000030517578,27.510000228881836,27.829999923706055,3825200
2024-04-04,27.069936752319336,28.25,28.700000762939453,27.6299991607666,28.020000457763672,5065300
2024-04-05,27.07952308654785,28.260000228881836,28.579999923706055,28.149999618530273,28.399999618530273,3660100
2024-04-08,27.232839584350586,28.420000076293945,28.65999984741211,28.350000381469727,28.479999542236328,2003000
2024-04-09,26.907041549682617,28.079999923706055,28.780000686645508,27.959999084472656,28.43000030517578,6333100
2024-04-10,26.5716609954834,27.729999542236328,28.170000076293945,27.579999923706055,27.899999618530273,7363400
2024-04-11,26.322519302368164,27.469999313354492,27.84000015258789,27.469999313354492,27.700000762939453,3275100
2024-04-12,26.23628044128418,27.3799991607666,27.65999984741211,27.049999237060547,27.139999389648438,4225900
2024-04-15,25.776330947875977,26.899999618530273,27.309999465942383,26.799999237060547,27.219999313354492,3627700
2024-04-16,25.35470962524414,26.459999084472656,26.829999923706055,26.43000030517578,26.559999465942383,4768300
2024-04-17,25.958396911621094,27.09000015258789,27.200000762939453,26.450000762939453,26.5,8115600
2024-04-18,26.60040855407715,27.760000228881836,28.270000457763672,27.06999969482422,27.100000381469727,11995900
2024-04-19,26.92620849609375,28.100000381469727,28.219999313354492,27.639999389648438,27.75,7691000
2024-04-22,27.683202743530273,28.889999389648438,29.06999969482422,27.950000762939453,27.950000762939453,12355900
2024-04-23,27.2232608795166,28.40999984741211,29.059999465942383,28.40999984741211,28.729999542236328,5279700
2024-04-24,26.935789108276367,28.110000610351562,28.440000534057617,28.0,28.329999923706055,3860600
2024-04-25,26.792051315307617,27.959999084472656,28.200000762939453,27.700000762939453,27.93000030517578,4076700
2024-04-26,26.907041549682617,28.079999923706055,28.489999771118164,28.010000228881836,28.1200008392334,2841900
2024-04-29,26.782474517822266,27.950000762939453,28.399999618530273,27.84000015258789,28.079999923706055,4342100
2024-04-30,26.38960075378418,27.540000915527344,28.139999389648438,27.540000915527344,27.809999465942383,3192000
2024-05-02,26.5908260345459,27.75,28.3700008392334,27.549999237060547,28.360000610351562,3272000
2024-05-03,27.002864837646484,28.18000030517578,28.190000534057617,27.709999084472656,28.190000534057617,4097100
2024-05-06,26.744144439697266,27.90999984741211,28.260000228881836,27.90999984741211,28.100000381469727,2588900
2024-05-07,26.71539306640625,27.8799991607666,28.100000381469727,27.530000686645508,28.059999465942383,6334800
2024-05-08,26.974117279052734,28.149999618530273,28.190000534057617,27.510000228881836,27.649999618530273,4184500
2024-05-09,27.32866096496582,28.520000457763672,28.760000228881836,27.489999771118164,27.489999771118164,4440400
2024-05-10,26.83038330078125,28.0,28.700000762939453,27.959999084472656,28.459999084472656,3007900
2024-05-13,26.897462844848633,28.06999969482422,28.170000076293945,27.579999923706055,28.049999237060547,3023000
2024-05-14,27.194509506225586,28.3799991607666,28.90999984741211,28.139999389648438,28.139999389648438,3440300
2024-05-15,27.319080352783203,28.510000228881836,28.579999923706055,28.18000030517578,28.420000076293945,1912600
2024-05-16,27.95151138305664,29.170000076293945,29.209999084472656,28.520000457763672,28.59000015258789,3217800
2024-05-17,27.510725021362305,28.709999084472656,29.200000762939453,28.450000762939453,29.110000610351562,5003900
2024-05-20,27.817359924316406,29.030000686645508,29.34000015258789,28.40999984741211,28.420000076293945,2796100
2024-05-21,28.363548278808594,29.600000381469727,29.639999389648438,28.700000762939453,28.8799991607666,3838000
2024-05-22,28.698928833007812,29.950000762939453,30.43000030517578,29.350000381469727,29.389999389648438,9890200
2024-05-23,28.440208435058594,29.68000030517578,30.329999923706055,29.579999923706055,29.959999084472656,7772900
2024-05-24,27.846105575561523,29.059999465942383,29.770000457763672,29.059999465942383,29.610000610351562,2549400
2024-05-27,27.616130828857422,28.81999969482422,29.200000762939453,28.809999465942383,29.079999923706055,1486900
2024-05-28,27.30949592590332,28.5,29.290000915527344,28.459999084472656,29.010000228881836,4031700
2024-05-29,27.213674545288086,28.399999618530273,28.729999542236328,28.170000076293945,28.530000686645508,3519300
2024-05-31,27.52030372619629,28.719999313354492,29.149999618530273,28.290000915527344,28.399999618530273,9199700
2024-06-03,27.108272552490234,28.290000915527344,28.979999542236328,28.290000915527344,28.780000686645508,3917200
2024-06-04,26.8782958984375,28.049999237060547,28.329999923706055,27.6299991607666,28.209999084472656,4987000
2024-06-05,26.83038330078125,28.0,28.540000915527344,27.989999771118164,28.209999084472656,1954300
2024-06-06,27.750282287597656,28.959999084472656,29.040000915527344,28.059999465942383,28.170000076293945,4751000
2024-06-07,27.30949592590332,28.5,29.1200008392334,28.31999969482422,28.479999542236328,4416700
2024-06-10,27.347827911376953,28.540000915527344,28.700000762939453,28.209999084472656,28.309999465942383,1683200
2024-06-11,27.88443374633789,29.100000381469727,29.170000076293945,28.639999389648438,28.639999389648438,2469600
2024-06-12,27.788612365722656,29.0,29.510000228881836,28.34000015258789,29.389999389648438,6787100
2024-06-13,28.353961944580078,29.59000015258789,29.729999542236328,29.0,29.0,3269500
2024-06-14,29.312196731567383,30.59000015258789,30.8700008392334,29.479999542236328,29.549999237060547,6030000
2024-06-17,29.149295806884766,30.420000076293945,30.920000076293945,30.020000457763672,30.489999771118164,4634800
2024-06-18,28.497699737548828,29.739999771118164,30.40999984741211,29.280000686645508,30.40999984741211,7423000
2024-06-19,28.200651168823242,29.43000030517578,29.860000610351562,28.989999771118164,29.850000381469727,2882800
2024-06-20,28.25814437866211,29.489999771118164,29.90999984741211,29.440000534057617,29.690000534057617,3452900
2024-06-21,28.583940505981445,29.829999923706055,29.889999389648438,29.15999984741211,29.34000015258789,4794900
2024-06-24,28.93848419189453,30.200000762939453,30.200000762939453,29.520000457763672,29.90999984741211,2473200
2024-06-25,29.00556182861328,30.270000457763672,30.329999923706055,29.81999969482422,30.200000762939453,1978900
2024-06-26,28.99597930908203,30.260000228881836,30.260000228881836,29.610000610351562,30.139999389648438,3690200
2024-06-27,29.599660873413086,30.889999389648438,30.899999618530273,30.110000610351562,30.110000610351562,2342200
2024-06-28,29.158876419067383,30.43000030517578,30.93000030517578,30.170000076293945,30.899999618530273,4083100
2024-07-01,28.641433715820312,29.889999389648438,30.329999923706055,29.780000686645508,30.290000915527344,1658800
2024-07-02,28.047334671020508,29.270000457763672,29.940000534057617,29.270000457763672,29.770000457763672,3458500
2024-07-03,28.411457061767578,29.649999618530273,30.0,29.530000686645508,29.540000915527344,1876500
2024-07-04,28.430625915527344,29.670000076293945,29.93000030517578,29.43000030517578,29.899999618530273,1368800
2024-07-05,28.267723083496094,29.5,30.229999542236328,29.5,29.799999237060547,2245000
2024-07-08,28.651016235351562,29.899999618530273,29.899999618530273,29.139999389648438,29.5,1732600
2024-07-09,28.651016235351562,29.899999618530273,30.100000381469727,29.350000381469727,29.850000381469727,2882600
2024-07-10,28.919322967529297,30.18000030517578,30.18000030517578,29.56999969482422,29.940000534057617,1634600
2024-07-11,28.593523025512695,29.84000015258789,30.469999313354492,29.84000015258789,30.149999618530273,2730400
2024-07-12,28.056915283203125,29.280000686645508,29.93000030517578,29.15999984741211,29.760000228881836,2347500
2024-07-15,28.373132705688477,29.610000610351562,29.780000686645508,29.110000610351562,29.389999389648438,1864200
2024-07-16,27.36699104309082,28.559999465942383,29.719999313354492,28.469999313354492,29.600000381469727,4190800
2024-07-17,27.72153663635254,28.93000030517578,29.06999969482422,28.489999771118164,28.559999465942383,2400200
2024-07-18,26.868717193603516,28.040000915527344,28.829999923706055,27.950000762939453,28.829999923706055,3160900
2024-07-19,26.887876510620117,28.059999465942383,28.559999465942383,27.8799991607666,28.200000762939453,2758600
2024-07-22,27.319080352783203,28.510000228881836,28.729999542236328,27.979999542236328,28.100000381469727,1309700
2024-07-23,26.954954147338867,28.1299991607666,28.6200008392334,28.030000686645508,28.59000015258789,1864800
2024-07-24,26.667484283447266,27.829999923706055,28.219999313354492,27.81999969482422,28.010000228881836,1803900
2024-07-25,26.427928924560547,27.579999923706055,27.940000534057617,27.18000030517578,27.530000686645508,3783800
2024-07-26,26.954954147338867,28.1299991607666,28.1299991607666,27.34000015258789,27.579999923706055,2362600
2024-07-29,26.523752212524414,27.68000030517578,28.049999237060547,27.450000762939453,27.90999984741211,2076500
2024-07-30,26.37043571472168,27.520000457763672,28.290000915527344,27.40999984741211,27.510000228881836,1749700
2024-07-31,26.5908260345459,27.75,27.829999923706055,27.3799991607666,27.549999237060547,2363000
2024-08-01,26.466257095336914,27.6200008392334,28.06999969482422,27.440000534057617,27.979999542236328,1680600
2024-08-02,26.466257095336914,27.6200008392334,27.770000457763672,27.290000915527344,27.639999389648438,2177400
2024-08-05,25.852989196777344,26.979999542236328,27.75,26.6299991607666,26.780000686645508,4390600
2024-08-06,26.111711502075195,27.25,27.299999237060547,26.700000762939453,27.020000457763672,3683200
2024-08-07,26.507930755615234,27.43000030517578,27.530000686645508,26.989999771118164,27.389999389648438,2505100
2024-08-08,27.59027862548828,28.549999237060547,28.739999771118164,27.40999984741211,27.610000610351562,4802000
2024-08-09,28.624311447143555,29.6200008392334,29.670000076293945,28.399999618530273,28.549999237060547,4163900
2024-08-12,28.508344650268555,29.5,30.479999542236328,29.5,29.940000534057617,5761100
2024-08-13,28.30540657043457,29.290000915527344,29.6200008392334,29.040000915527344,29.469999313354492,2589500
2024-08-14,28.662965774536133,29.65999984741211,29.829999923706055,29.200000762939453,29.270000457763672,2942100
2024-08-15,28.12179183959961,29.100000381469727,29.65999984741211,28.959999084472656,29.65999984741211,3157000
2024-08-16,28.52767562866211,29.520000457763672,30.0,29.100000381469727,29.299999237060547,2543000
2024-08-19,28.894901275634766,29.899999618530273,30.0,29.420000076293945,29.770000457763672,3073400
2024-08-20,29.010866165161133,30.020000457763672,30.059999465942383,29.479999542236328,29.530000686645508,2202900
2024-08-21,30.006244659423828,31.049999237060547,31.200000762939453,30.020000457763672,30.149999618530273,2896600
2024-08-22,29.542377471923828,30.56999969482422,31.389999389648438,30.479999542236328,31.200000762939453,1892300
2024-08-23,30.4024600982666,31.459999084472656,31.760000228881836,30.639999389648438,30.649999618530273,2029300
2024-08-26,30.537755966186523,31.600000381469727,31.600000381469727,30.979999542236328,31.459999084472656,1733200
2024-08-27,30.315486907958984,31.3700008392334,31.68000030517578,31.31999969482422,31.59000015258789,1991400
2024-08-28,29.725994110107422,30.760000228881836,31.31999969482422,30.40999984741211,31.31999969482422,2155300
2024-08-29,29.474729537963867,30.5,30.889999389648438,30.399999618530273,30.65999984741211,1407000
2024-08-30,28.96254539489746,29.969999313354492,30.25,29.829999923706055,30.219999313354492,6487600
2024-09-02,28.27641487121582,29.260000228881836,29.969999313354492,29.219999313354492,29.899999618530273,1537600
2024-09-03,28.363391876220703,29.350000381469727,29.920000076293945,29.260000228881836,29.260000228881836,2904400
2024-09-04,28.96254539489746,29.969999313354492,30.239999771118164,29.489999771118164,29.68000030517578,3006500
2024-09-05,28.7789363861084,29.780000686645508,30.010000228881836,29.489999771118164,29.600000381469727,1195000
2024-09-06,28.37305450439453,29.360000610351562,29.90999984741211,29.299999237060547,29.690000534057617,1160500
2024-09-09,28.22809410095215,29.209999084472656,29.549999237060547,29.06999969482422,29.299999237060547,1084500
2024-09-10,28.35372543334961,29.34000015258789,29.579999923706055,29.09000015258789,29.09000015258789,1345000
2024-09-11,28.392383575439453,29.3799991607666,29.649999618530273,29.25,29.290000915527344,1560100
2024-09-12,28.37305450439453,29.360000610351562,29.600000381469727,29.030000686645508,29.139999389648438,1125500
2024-09-13,29.165489196777344,30.18000030517578,30.670000076293945,29.520000457763672,29.68000030517578,3535800
2024-09-16,29.242799758911133,30.260000228881836,30.56999969482422,29.8700008392334,30.219999313354492,3225800
2024-09-17,28.972211837768555,29.979999542236328,30.25,29.799999237060547,30.25,4572300
2024-09-18,28.633974075317383,29.6299991607666,30.100000381469727,29.540000915527344,29.780000686645508,2546400
2024-09-19,28.788599014282227,29.790000915527344,30.059999465942383,29.579999923706055,29.899999618530273,2592800
2024-09-20,27.976835250854492,28.950000762939453,30.040000915527344,28.950000762939453,29.790000915527344,4337200
2024-09-23,27.638601303100586,28.600000381469727,29.09000015258789,28.450000762939453,28.940000534057617,2520000
2024-09-24,28.034818649291992,29.010000228881836,29.420000076293945,28.540000915527344,28.959999084472656,3553700
2024-09-25,27.667591094970703,28.6299991607666,29.239999771118164,28.6299991607666,29.010000228881836,3803600
2024-09-26,27.13608169555664,28.079999923706055,29.010000228881836,28.040000915527344,28.6299991607666,3077100
2024-09-27,27.329355239868164,28.280000686645508,28.540000915527344,28.030000686645508,28.030000686645508,3545100
2024-09-30,27.599945068359375,28.559999465942383,28.899999618530273,27.979999542236328,28.200000762939453,3239500
2024-10-01,27.696584701538086,28.65999984741211,29.299999237060547,28.65999984741211,28.969999313354492,2955100
2024-10-02,28.46002769470215,29.450000762939453,29.56999969482422,29.049999237060547,29.229999542236328,2750100
2024-10-03,27.17473793029785,28.1200008392334,29.229999542236328,28.0,29.06999969482422,3851100
2024-10-04,27.049104690551758,27.989999771118164,28.200000762939453,27.729999542236328,27.809999465942383,2085300
2024-10-07,27.06843376159668,28.010000228881836,28.280000686645508,27.719999313354492,28.260000228881836,2017100
2024-10-08,27.348684310913086,28.299999237060547,28.649999618530273,28.280000686645508,28.530000686645508,2360700
2024-10-09,27.252046585083008,28.200000762939453,28.40999984741211,27.8799991607666,27.899999618530273,2697700
2024-10-10,27.097429275512695,28.040000915527344,28.600000381469727,28.030000686645508,28.149999618530273,3726000
2024-10-11,27.05877113342285,28.0,28.270000457763672,27.510000228881836,28.010000228881836,3966600
2024-10-14,27.31969451904297,28.270000457763672,28.860000610351562,27.760000228881836,28.0,4748000
2024-10-15,27.21339225769043,28.15999984741211,28.510000228881836,28.110000610351562,28.260000228881836,4666100
2024-10-16,27.638601303100586,28.600000381469727,28.709999084472656,27.530000686645508,27.829999923706055,4151900
2024-10-17,27.41633415222168,28.3700008392334,28.639999389648438,27.93000030517578,28.020000457763672,2651400
2024-10-18,27.580617904663086,28.540000915527344,28.729999542236328,28.420000076293945,28.639999389648438,4198200
2024-10-21,27.860868453979492,28.829999923706055,29.030000686645508,28.389999389648438,28.489999771118164,2215800
2024-10-22,27.880197525024414,28.850000381469727,29.030000686645508,28.600000381469727,28.700000762939453,3580100
2024-10-23,27.706247329711914,28.670000076293945,28.889999389648438,28.459999084472656,28.649999618530273,2179900
2024-10-24,27.667591094970703,28.6299991607666,28.75,28.139999389648438,28.75,3450400
2024-10-25,27.899526596069336,28.8700008392334,28.920000076293945,28.450000762939453,28.450000762939453,2473700
2024-10-28,28.28607940673828,29.270000457763672,29.489999771118164,29.049999237060547,29.09000015258789,1956500
2024-10-29,28.218433380126953,29.200000762939453,29.309999465942383,29.049999237060547,29.200000762939453,3112600
2024-10-30,28.508344650268555,29.5,29.670000076293945,29.030000686645508,29.149999618530273,1327200
2024-10-31,28.836917877197266,29.84000015258789,30.06999969482422,29.3799991607666,29.440000534057617,8135700
2024-11-01,29.909605026245117,30.950000762939453,31.969999313354492,29.559999465942383,29.950000762939453,11641100
2024-11-04,32.06464385986328,33.18000030517578,33.540000915527344,30.989999771118164,31.329999923706055,6920600
2024-11-05,33.26295852661133,34.41999816894531,34.52000045776367,32.20000076293945,33.18000030517578,6858600
2024-11-06,32.85707473754883,34.0,35.13999938964844,32.4900016784668,33.810001373291016,11040200
2024-11-07,30.083555221557617,31.1299991607666,34.560001373291016,31.1299991607666,33.400001525878906,11588100
2024-11-08,29.822629928588867,30.860000610351562,31.3700008392334,30.1299991607666,30.149999618530273,5849600
2024-11-11,28.991539001464844,30.0,30.889999389648438,29.860000610351562,30.600000381469727,4264500
2024-11-12,28.972211837768555,29.979999542236328,30.3799991607666,29.700000762939453,29.829999923706055,2932900
2024-11-13,28.682296752929688,29.68000030517578,30.239999771118164,29.549999237060547,30.100000381469727,4289100
2024-11-14,28.991539001464844,30.0,30.65999984741211,29.709999084472656,29.719999313354492,4423600
2024-11-18,28.827251434326172,29.829999923706055,30.239999771118164,29.6200008392334,29.799999237060547,2265000
2024-11-19,29.416749954223633,30.440000534057617,30.959999084472656,29.700000762939453,30.030000686645508,2538000
2024-11-21,28.914230346679688,29.920000076293945,30.479999542236328,29.670000076293945,30.100000381469727,3132600
2024-11-22,28.817590713500977,29.81999969482422,30.260000228881836,29.260000228881836,30.260000228881836,3637000
2024-11-25,28.769269943237305,29.770000457763672,30.450000762939453,29.6299991607666,29.709999084472656,5430800
2024-11-26,29.32010841369629,30.34000015258789,30.729999542236328,29.690000534057617,30.270000457763672,3232400
2024-11-27,27.79322052001953,28.760000228881836,30.299999237060547,28.760000228881836,30.06999969482422,4476100
2024-11-28,26.604572296142578,27.530000686645508,28.700000762939453,27.530000686645508,28.56999969482422,2354000
2024-11-29,26.536924362182617,27.459999084472656,27.81999969482422,26.850000381469727,27.780000686645508,6647400
2024-12-02,25.966754913330078,26.8700008392334,27.559999465942383,26.860000610351562,27.270000457763672,2981900
2024-12-03,26.082721710205078,26.989999771118164,27.950000762939453,26.729999542236328,26.889999389648438,6328600
2024-12-04,26.413991928100586,27.110000610351562,27.59000015258789,26.510000228881836,26.989999771118164,4347600
2024-12-05,27.339601516723633,28.059999465942383,28.540000915527344,27.420000076293945,27.540000915527344,4182600
2024-12-06,26.6478328704834,27.350000381469727,28.219999313354492,27.299999237060547,27.790000915527344,3292800
2024-12-09,26.998586654663086,27.709999084472656,27.979999542236328,27.309999465942383,27.309999465942383,2232100
2024-12-10,28.16777992248535,28.90999984741211,29.040000915527344,27.959999084472656,28.100000381469727,3021100
2024-12-11,30.243093490600586,31.040000915527344,31.34000015258789,29.010000228881836,29.079999923706055,6263800
2024-12-12,29.522092819213867,30.299999237060547,31.190000534057617,30.010000228881836,30.5,5101500
2024-12-13,28.421106338500977,29.170000076293945,30.719999313354492,29.170000076293945,30.450000762939453,2267000
2024-12-16,27.173965454101562,27.889999389648438,29.360000610351562,27.850000381469727,29.170000076293945,3296200
2024-12-17,27.378576278686523,28.100000381469727,28.389999389648438,27.559999465942383,27.889999389648438,6066800
2024-12-18,25.887855529785156,26.56999969482422,28.149999618530273,26.559999465942383,27.90999984741211,5289500
2024-12-19,26.745262145996094,27.450000762939453,27.670000076293945,26.459999084472656,26.600000381469727,2249300
2024-12-20,26.803722381591797,27.510000228881836,28.030000686645508,27.25,27.350000381469727,5628600
2024-12-23,26.940126419067383,27.649999618530273,27.799999237060547,26.950000762939453,27.020000457763672,2465300
2024-12-26,26.608858108520508,27.309999465942383,28.1200008392334,27.030000686645508,27.959999084472656,2207000
2024-12-27,26.33604621887207,27.030000686645508,27.729999542236328,26.850000381469727,27.420000076293945,3420500
2024-12-30,26.063234329223633,26.75,27.149999618530273,26.6200008392334,26.90999984741211,2366700
2025-01-02,25.70273208618164,26.3799991607666,26.8700008392334,25.889999389648438,26.540000915527344,2559800
2025-01-03,25.468894958496094,26.139999389648438,26.459999084472656,25.889999389648438,26.3700008392334,2210400
2025-01-06,26.66731834411621,27.3700008392334,27.489999771118164,26.3700008392334,26.459999084472656,3904900
2025-01-07,26.316560745239258,27.010000228881836,27.770000457763672,26.940000534057617,27.770000457763672,2913100
2025-01-08,25.44940948486328,26.1200008392334,26.979999542236328,26.1200008392334,26.979999542236328,2742600
2025-01-09,25.965803146362305,26.649999618530273,26.780000686645508,25.959999084472656,26.229999542236328,1872500
2025-01-10,26.024259567260742,26.709999084472656,26.979999542236328,26.100000381469727,26.600000381469727,3484900
2025-01-13,26.043746948242188,26.729999542236328,26.829999923706055,26.389999389648438,26.829999923706055,3734600
2025-01-14,26.8621826171875,27.56999969482422,27.829999923706055,26.559999465942383,26.729999542236328,3678600
2025-01-15,28.041118621826172,28.780000686645508,29.209999084472656,27.68000030517578,27.93000030517578,4474300
2025-01-16,27.778051376342773,28.510000228881836,28.90999984741211,28.31999969482422,28.770000457763672,3148300
2025-01-17,27.476009368896484,28.200000762939453,28.709999084472656,27.889999389648438,28.709999084472656,2515800
2025-01-20,27.719593048095703,28.450000762939453,28.700000762939453,28.1299991607666,28.459999084472656,1450300
2025-01-21,28.304183959960938,29.049999237060547,29.15999984741211,28.260000228881836,28.260000228881836,3209100
2025-01-22,28.557510375976562,29.309999465942383,29.739999771118164,28.940000534057617,29.440000534057617,2337900
2025-01-23,28.489309310913086,29.239999771118164,29.770000457763672,29.079999923706055,29.100000381469727,3249300
2025-01-24,29.142107009887695,29.90999984741211,30.190000534057617,28.989999771118164,29.200000762939453,2924600
2025-01-27,30.408729553222656,31.209999084472656,31.610000610351562,29.489999771118164,29.489999771118164,3451300
2025-01-28,29.999515533447266,30.790000915527344,31.25,30.43000030517578,30.790000915527344,3328100
2025-01-29,30.350271224975586,31.149999618530273,31.34000015258789,30.450000762939453,31.049999237060547,3357600
2025-01-30,31.772790908813477,32.61000061035156,33.29999923706055,31.190000534057617,31.350000381469727,6354200
2025-01-31,33.18556594848633,34.060001373291016,34.459999084472656,32.61000061035156,32.61000061035156,7035300
2025-02-03,33.37068557739258,34.25,34.880001068115234,33.540000915527344,33.7400016784668,6944300
2025-02-04,32.610713958740234,33.470001220703125,34.29999923706055,32.97999954223633,34.0,21121700
2025-02-05,31.353830337524414,32.18000030517578,33.5,31.729999542236328,33.470001220703125,6988600
2025-02-06,31.821504592895508,32.65999984741211,32.720001220703125,31.8799991607666,32.099998474121094,3871800
2025-02-07,32.678916931152344,33.540000915527344,33.970001220703125,32.54999923706055,32.54999923706055,4072200
2025-02-10,33.01992416381836,33.88999938964844,34.29999923706055,33.47999954223633,33.86000061035156,4585200
2025-02-11,33.12710189819336,34.0,34.720001220703125,33.709999084472656,33.9900016784668,2740500
2025-02-12,32.20148849487305,33.04999923706055,34.0,32.61000061035156,33.349998474121094,6265100
2025-02-13,33.08812713623047,33.959999084472656,34.5,33.11000061035156,33.41999816894531,5373800
2025-02-14,33.5168342590332,34.400001525878906,34.59000015258789,33.29999923706055,34.0,5353600
2025-02-17,33.62400817871094,34.5099983215332,34.79999923706055,34.209999084472656,34.34000015258789,1689500
2025-02-18,33.41939926147461,34.29999923706055,34.619998931884766,33.849998474121094,34.529998779296875,2965500
2025-02-19,33.166072845458984,34.040000915527344,34.52000045776367,33.290000915527344,33.40999984741211,2325400
2025-02-20,34.189117431640625,35.09000015258789,35.29999923706055,33.540000915527344,33.72999954223633,2838900
2025-02-21,34.159889221191406,35.060001373291016,35.20000076293945,34.61000061035156,35.060001373291016,3310600
2025-02-24,33.448631286621094,34.33000183105469,35.16999816894531,34.13999938964844,35.0,3926400
2025-02-25,34.56909942626953,35.47999954223633,35.939998626708984,34.38999938964844,34.65999984741211,5076700
2025-02-26,34.89063262939453,35.810001373291016,36.25,35.189998626708984,35.72999954223633,3356100
2025-02-27,34.89063262939453,35.810001373291016,36.61000061035156,35.72999954223633,35.84000015258789,4905800
2025-02-28,34.06245422363281,34.959999084472656,35.7599983215332,34.060001373291016,34.84000015258789,8288500
2025-03-05,33.80912780761719,34.70000076293945,34.880001068115234,33.65999984741211,34.5,4735600
2025-03-06,33.896820068359375,34.790000915527344,35.380001068115234,34.63999938964844,35.189998626708984,3452700
2025-03-07,33.244022369384766,34.119998931884766,34.4900016784668,33.599998474121094,34.189998626708984,5957100
2025-03-10,33.36094284057617,34.2400016784668,34.77000045776367,33.81999969482422,34.130001068115234,5519500
2025-03-11,32.63993835449219,33.5,34.130001068115234,33.310001373291016,34.11000061035156,9750500
2025-03-12,32.3476448059082,33.20000076293945,33.630001068115234,33.060001373291016,33.630001068115234,5021200
2025-03-13,32.3476448059082,33.20000076293945,33.34000015258789,32.5,33.209999084472656,3149100
2025-03-14,32.610713958740234,33.470001220703125,33.7599983215332,33.04999923706055,33.5,6791700
2025-03-17,32.834808349609375,33.70000076293945,33.84000015258789,32.68000030517578,33.7599983215332,2679500
2025-03-18,33.7798957824707,34.66999816894531,34.970001220703125,33.439998626708984,33.56999969482422,5600100
2025-03-19,34.09169006347656,34.9900016784668,35.68000030517578,34.5099983215332,35.0,3059300
2025-03-20,33.80912780761719,34.70000076293945,35.06999969482422,34.380001068115234,34.869998931884766,2715800
2025-03-21,33.5168342590332,34.400001525878906,34.81999969482422,34.33000183105469,34.81999969482422,3603900
2025-03-24,32.71788787841797,33.58000183105469,34.15999984741211,33.310001373291016,33.91999816894531,3311400
2025-03-25,33.011409759521484,33.7400016784668,34.029998779296875,33.20000076293945,33.66999816894531,2215000
2025-03-26,32.395015716552734,33.11000061035156,33.900001525878906,32.84000015258789,33.900001525878906,3550500
2025-03-27,32.40479278564453,33.119998931884766,33.40999984741211,32.88999938964844,33.400001525878906,2170400
2025-03-28,32.678749084472656,33.400001525878906,33.66999816894531,32.59000015258789,32.93000030517578,2052500
2025-03-31,32.64939498901367,33.369998931884766,33.77000045776367,33.06999969482422,33.290000915527344,1926400
2025-04-01,33.13860321044922,33.869998931884766,34.130001068115234,33.16999816894531,33.5099983215332,2219500
2025-04-02,33.011409759521484,33.7400016784668,34.41999816894531,33.66999816894531,33.9900016784668,2969200
2025-04-03,33.7549934387207,34.5,34.95000076293945,33.38999938964844,33.630001068115234,2379500
2025-04-04,33.41255569458008,34.150001525878906,34.560001373291016,33.43000030517578,33.88999938964844,3061700
2025-04-07,32.75701904296875,33.47999954223633,34.279998779296875,33.0099983215332,34.0099983215332,3507500
2025-04-08,33.079898834228516,33.810001373291016,34.13999938964844,33.290000915527344,33.29999923706055,3826000
2025-04-09,33.500614166259766,34.2400016784668,34.61000061035156,33.529998779296875,33.77000045776367,3984500
2025-04-10,33.128814697265625,33.86000061035156,34.369998931884766,33.54999923706055,33.900001525878906,2221500
2025-04-11,33.95067596435547,34.70000076293945,34.880001068115234,33.5,34.20000076293945,2769800
2025-04-14,35.01713943481445,35.790000915527344,35.959999084472656,34.72999954223633,34.9900016784668,3693700
2025-04-15,35.38893127441406,36.16999816894531,36.540000915527344,35.56999969482422,35.79999923706055,3530400
2025-04-16,35.21282196044922,35.9900016784668,36.189998626708984,35.61000061035156,35.7599983215332,5189600
2025-04-17,35.84878158569336,36.63999938964844,36.88999938964844,35.95000076293945,35.9900016784668,3375400
2025-04-22,36.161869049072266,36.959999084472656,37.369998931884766,36.189998626708984,36.189998626708984,2968100
2025-04-23,36.17165756225586,36.970001220703125,37.529998779296875,36.790000915527344,37.279998779296875,3625800
2025-04-24,36.17165756225586,36.970001220703125,37.18000030517578,36.68000030517578,37.13999938964844,4418900
2025-04-25,36.709781646728516,37.52000045776367,37.560001373291016,36.810001373291016,37.029998779296875,2271800
2025-04-28,36.386905670166016,37.189998626708984,37.79999923706055,36.959999084472656,37.7599983215332,3956000
2025-04-29,36.42604064941406,37.22999954223633,37.59000015258789,37.13999938964844,37.20000076293945,2588400
2025-04-30,36.807621002197266,37.619998931884766,37.81999969482422,37.040000915527344,37.18000030517578,5453100
2025-05-02,36.58258819580078,37.38999938964844,37.5,36.599998474121094,37.20000076293945,3537800
2025-05-05,36.57280349731445,37.380001068115234,37.560001373291016,36.869998931884766,37.38999938964844,3274900
2025-05-06,35.84878158569336,36.63999938964844,36.91999816894531,35.81999969482422,36.599998474121094,5537600
2025-05-07,36.367340087890625,37.16999816894531,37.2400016784668,36.59000015258789,36.650001525878906,2482500
2025-05-08,37.19898223876953,38.02000045776367,38.209999084472656,37.099998474121094,37.29999923706055,5651600
2025-05-09,37.502288818359375,38.33000183105469,38.97999954223633,37.4900016784668,38.15999984741211,7236400
2025-05-12,38.15782165527344,39.0,39.380001068115234,37.75,38.5,6426000
2025-05-13,39.576507568359375,40.45000076293945,40.5099983215332,38.83000183105469,39.02000045776367,5040600
2025-05-14,39.76240158081055,40.63999938964844,41.040000915527344,40.189998626708984,40.400001525878906,4544900
2025-05-15,39.79175567626953,40.66999816894531,40.790000915527344,40.09000015258789,40.650001525878906,2488200
2025-05-16,40.68210983276367,41.58000183105469,41.630001068115234,40.36000061035156,40.5099983215332,3172400
2025-05-19,41.181095123291016,42.09000015258789,42.43000030517578,41.34000015258789,41.5,3170300
2025-05-20,40.89735412597656,41.79999923706055,42.15999984741211,41.29999923706055,42.09000015258789,3091900
2025-05-21,40.87778854370117,41.779998779296875,41.849998474121094,40.720001220703125,41.75,4182900
2025-05-22,40.89735412597656,41.79999923706055,42.52000045776367,41.7400016784668,41.93000030517578,2850800
2025-05-23,41.582244873046875,42.5,42.86000061035156,41.11000061035156,41.5,3174100
2025-05-26,41.973602294921875,42.900001525878906,43.349998474121094,42.5,42.779998779296875,1717500
2025-05-27,42.658485412597656,43.599998474121094,44.130001068115234,43.060001373291016,43.25,5373600
2025-05-28,42.41387939453125,43.349998474121094,44.040000915527344,43.29999923706055,43.599998474121094,3818400
2025-05-29,41.875762939453125,42.79999923706055,43.56999969482422,42.619998931884766,43.2599983215332,4060400
2025-05-30,41.29850387573242,42.209999084472656,43.52000045776367,42.209999084472656,42.79999923706055,13612500
2025-06-02,41.112606048583984,42.02000045776367,42.56999969482422,41.65999984741211,42.209999084472656,2845000
2025-06-03,40.61362075805664,41.5099983215332,42.04999923706055,41.130001068115234,41.849998474121094,3296100
2025-06-04,40.809295654296875,41.709999084472656,42.18000030517578,41.45000076293945,41.4900016784668,2217800
2025-06-05,39.87981414794922,40.7599983215332,41.75,40.529998779296875,41.58000183105469,3224300
2025-06-06,40.095062255859375,40.97999954223633,41.04999923706055,40.400001525878906,40.939998626708984,3227100
2025-06-09,40.01679611206055,40.900001525878906,41.27000045776367,40.45000076293945,41.060001373291016,1929600
2025-06-10,40.065711975097656,40.95000076293945,41.41999816894531,40.81999969482422,41.40999984741211,2471400
2025-06-11,40.00700759887695,40.88999938964844,41.0,40.5099983215332,40.95000076293945,3385700
2025-06-12,40.417938232421875,41.310001373291016,41.56999969482422,40.400001525878906,40.7400016784668,2582300
2025-06-13,40.153770446777344,41.040000915527344,41.439998626708984,40.86000061035156,40.900001525878906,3738900
2025-06-16,40.57448196411133,41.470001220703125,41.75,40.880001068115234,41.7400016784668,1977500
2025-06-17,40.85822296142578,41.7599983215332,42.16999816894531,41.43000030517578,41.75,2813700
2025-06-18,41.49418258666992,42.40999984741211,42.630001068115234,41.650001525878906,41.709999084472656,2160800
2025-06-20,40.00700759887695,40.88999938964844,42.13999938964844,40.400001525878906,42.0,5904100
2025-06-23,40.82887268066406,41.72999954223633,41.77000045776367,40.81999969482422,41.189998626708984,2278500
2025-06-24,41.162723541259766,41.91999816894531,42.68000030517578,41.650001525878906,41.77000045776367,2686500
2025-06-25,40.593204498291016,41.34000015258789,41.9900016784668,40.810001373291016,41.619998931884766,2905100
2025-06-26,41.10380935668945,41.86000061035156,41.939998626708984,41.130001068115234,41.75,2401000
2025-06-27,40.769954681396484,41.52000045776367,41.68000030517578,40.939998626708984,41.43000030517578,2305600
2025-06-30,41.447486877441406,42.209999084472656,42.470001220703125,41.400001525878906,41.400001525878906,1838200
2025-07-01,41.712608337402344,42.47999954223633,42.779998779296875,41.900001525878906,42.209999084472656,2101300
2025-07-02,41.044891357421875,41.79999923706055,42.7400016784668,41.63999938964844,42.47999954223633,2163700
2025-07-03,42.02682876586914,42.79999923706055,43.0099983215332,41.79999923706055,41.90999984741211,1568000
2025-07-04,42.331233978271484,43.11000061035156,43.29999923706055,42.619998931884766,42.72999954223633,1079500
2025-07-07,40.22006607055664,40.959999084472656,43.220001220703125,40.959999084472656,43.11000061035156,3704200
2025-07-08,40.97616195678711,41.72999954223633,41.81999969482422,40.9900016784668,41.29999923706055,3538000
2025-07-09,41.34929275512695,42.11000061035156,42.65999984741211,41.79999923706055,42.0,2797800
2025-07-10,40.84850311279297,41.599998474121094,42.11000061035156,40.93000030517578,42.060001373291016,2409400
2025-07-11,40.34772491455078,41.09000015258789,41.77000045776367,40.9900016784668,41.720001220703125,2369800
2025-07-14,40.720855712890625,41.470001220703125,41.599998474121094,40.599998474121094,40.900001525878906,2828200
2025-07-15,41.67333221435547,42.439998626708984,42.70000076293945,41.58000183105469,41.720001220703125,4035300
2025-07-16,41.65369415283203,42.41999816894531,42.86000061035156,41.95000076293945,42.75,2716300
2025-07-17,41.496578216552734,42.2599983215332,42.619998931884766,41.459999084472656,42.439998626708984,5137600
2025-07-18,40.94670104980469,41.70000076293945,42.56999969482422,41.470001220703125,41.9900016784668,3593800
2025-07-21,41.34929275512695,42.11000061035156,42.77000045776367,41.75,41.75,2808400
2025-07-22,40.90742111206055,41.65999984741211,43.41999816894531,41.63999938964844,42.65999984741211,3646400
2025-07-23,42.09556198120117,42.869998931884766,43.47999954223633,41.599998474121094,41.65999984741211,6175300
2025-07-24,42.242855072021484,43.02000045776367,43.5,42.29999923706055,42.439998626708984,3301800
2025-07-25,42.22321319580078,43.0,43.630001068115234,43.0,43.040000915527344,2517700
2025-07-28,41.97772979736328,42.75,43.38999938964844,42.400001525878906,43.099998474121094,3099500
2025-07-29,42.27231216430664,43.04999923706055,43.380001068115234,42.68000030517578,42.72999954223633,2191500
2025-07-30,42.9891242980957,43.779998779296875,44.290000915527344,42.63999938964844,42.810001373291016,3434700
2025-07-31,42.82219696044922,43.61000061035156,43.91999816894531,43.209999084472656,43.779998779296875,2865400
2025-08-01,43.00876235961914,43.79999923706055,44.189998626708984,43.11000061035156,43.9900016784668,2407200
2025-08-04,42.969482421875,43.7599983215332,44.4900016784668,43.58000183105469,44.11000061035156,1518100
2025-08-05,43.10696029663086,43.900001525878906,44.04999923706055,43.459999084472656,43.86000061035156,1053900
2025-08-06,43.31316375732422,44.11000061035156,44.540000915527344,43.93000030517578,44.029998779296875,1748100
2025-08-07,42.075923919677734,42.849998474121094,45.310001373291016,42.779998779296875,43.88999938964844,3725800
2025-08-08,42.17412185668945,42.95000076293945,43.34000015258789,42.61000061035156,43.20000076293945,2847000
2025-08-11,42.04646682739258,42.81999969482422,43.75,42.459999084472656,43.060001373291016,2415400
2025-08-12,42.13484191894531,42.90999984741211,43.599998474121094,42.83000183105469,43.099998474121094,3186300
2025-08-13,41.575138092041016,42.34000015258789,43.02000045776367,42.099998474121094,43.0,3859900
2025-08-14,40.553924560546875,41.29999923706055,42.810001373291016,40.77000045776367,42.150001525878906,6837500
2025-08-15,41.39839172363281,42.15999984741211,42.15999984741211,41.060001373291016,41.400001525878906,2806600
2025-08-18,41.43767166137695,42.20000076293945,42.43000030517578,41.709999084472656,42.209999084472656,2056600
2025-08-19,40.74049758911133,41.4900016784668,42.040000915527344,41.33000183105469,42.0,3577600
2025-08-20,40.75031280517578,41.5,41.97999954223633,41.11000061035156,41.689998626708984,3202200
2025-08-21,40.28880310058594,41.029998779296875,41.54999923706055,40.939998626708984,40.97999954223633,2740300
2025-08-22,41.535858154296875,42.29999923706055,42.56999969482422,41.08000183105469,41.2599983215332,3462000
2025-08-25,41.55550003051758,42.31999969482422,43.0,42.31999969482422,42.439998626708984,2677700
2025-08-26,40.60301971435547,41.349998474121094,42.619998931884766,40.90999984741211,42.279998779296875,8427000
2025-08-27,41.34929275512695,42.11000061035156,42.11000061035156,41.33000183105469,41.52000045776367,1452000
2025-08-28,41.5653190612793,42.33000183105469,43.0,42.20000076293945,42.619998931884766,2437300
2025-08-29,42.321407318115234,43.099998474121094,43.58000183105469,42.41999816894531,42.66999816894531,4523000
2025-09-01,41.82062530517578,42.59000015258789,43.099998474121094,42.279998779296875,43.08000183105469,1140800
2025-09-02,41.38857650756836,42.150001525878906,42.58000183105469,41.630001068115234,41.66999816894531,858500
2025-09-03,41.15290451049805,41.90999984741211,42.290000915527344,41.47999954223633,42.04999923706055,2156200
2025-09-04,41.45730972290039,42.220001220703125,42.5099983215332,41.66999816894531,42.02000045776367,1870000
2025-09-05,42.311588287353516,43.09000015258789,43.34000015258789,42.47999954223633,42.65999984741211,1869100
2025-09-08,42.242855072021484,43.02000045776367,43.4900016784668,42.81999969482422,42.81999969482422,2190500
2025-09-09,41.3394775390625,42.099998474121094,43.220001220703125,41.90999984741211,42.81999969482422,2324000
2025-09-10,42.03664779663086,42.810001373291016,43.09000015258789,42.099998474121094,42.099998474121094,2215400
2025-09-11,41.447486877441406,42.209999084472656,43.16999816894531,42.119998931884766,43.09000015258789,2236600
2025-09-12,42.115203857421875,42.88999938964844,42.88999938964844,41.599998474121094,41.599998474121094,3263800
2025-09-15,42.84183883666992,43.630001068115234,43.72999954223633,42.65999984741211,42.709999084472656,2371500
2025-09-16,43.63719940185547,44.439998626708984,45.189998626708984,43.529998779296875,43.900001525878906,4663000
2025-09-17,44.24600601196289,45.060001373291016,45.38999938964844,44.36000061035156,44.45000076293945,3594900
2025-09-18,44.48166275024414,45.29999923706055,45.380001068115234,44.779998779296875,45.150001525878906,1452900
2025-09-19,45.15919876098633,45.9900016784668,46.04999923706055,45.08000183105469,45.400001525878906,3692700
2025-09-22,44.89407730102539,45.720001220703125,46.130001068115234,45.279998779296875,45.61000061035156,2352000
2025-09-23,44.422752380371094,45.2400016784668,46.0,45.209999084472656,45.689998626708984,2227900
2025-09-24,45.3389892578125,46.02000045776367,46.209999084472656,44.79999923706055,45.0,2281200
2025-09-25,44.74786376953125,45.41999816894531,46.099998474121094,45.119998931884766,45.88999938964844,2284400
2025-09-26,44.3242301940918,44.9900016784668,45.88999938964844,44.86000061035156,45.88999938964844,1714300
2025-09-29,45.17150115966797,45.849998474121094,46.34000015258789,45.65999984741211,45.86000061035156,1753900
2025-09-30,45.25031661987305,45.93000030517578,46.58000183105469,45.52000045776367,46.459999084472656,2163100
2025-10-01,44.15674591064453,44.81999969482422,46.09000015258789,44.400001525878906,46.0099983215332,2370300
2025-10-02,43.220802307128906,43.869998931884766,44.88999938964844,43.349998474121094,44.529998779296875,1451200
2025-10-03,44.01881790161133,44.68000030517578,45.13999938964844,43.75,43.86000061035156,2794500
2025-10-06,43.47695541381836,44.130001068115234,44.970001220703125,43.88999938964844,44.970001220703125,1739300
2025-10-07,42.777462005615234,43.41999816894531,44.02000045776367,43.34000015258789,43.90999984741211,2348200
2025-10-08,42.89569091796875,43.540000915527344,43.599998474121094,42.9900016784668,43.41999816894531,2191200
2025-10-09,41.94989776611328,42.58000183105469,43.66999816894531,42.470001220703125,43.540000915527344,3336700
2025-10-10,42.28486251831055,42.91999816894531,43.04999923706055,42.540000915527344,42.720001220703125,2455800
2025-10-13,42.1666374206543,42.79999923706055,43.369998931884766,42.70000076293945,43.04999923706055,1538100
2025-10-14,41.99915313720703,42.630001068115234,42.81999969482422,42.22999954223633,42.81999969482422,2208700
2025-10-15,41.68389129638672,42.310001373291016,42.75,42.040000915527344,42.099998474121094,3665300
2025-10-16,41.427734375,42.04999923706055,42.130001068115234,41.56999969482422,41.880001068115234,2853900
2025-10-17,40.7183952331543,41.33000183105469,41.95000076293945,40.939998626708984,41.66999816894531,4547000
2025-10-20,40.72824478149414,41.34000015258789,41.880001068115234,41.029998779296875,41.709999084472656,5651000
2025-10-21,41.082916259765625,41.70000076293945,42.36000061035156,41.04999923706055,41.2400016784668,1828500
2025-10-22,40.8858757019043,41.5,42.33000183105469,41.41999816894531,41.93000030517578,3324100
2025-10-23,41.35877227783203,41.97999954223633,42.25,41.63999938964844,41.709999084472656,2291800
2025-10-24,41.713443756103516,42.34000015258789,42.77000045776367,42.13999938964844,42.150001525878906,1200000
2025-10-27,41.78240966796875,42.40999984741211,43.20000076293945,42.029998779296875,43.16999816894531,938100
2025-10-28,42.85628128051758,43.5,43.81999969482422,42.2599983215332,42.43000030517578,4027100
2025-10-29,42.5705680847168,43.209999084472656,43.79999923706055,42.66999816894531,43.70000076293945,2161700
2025-10-30,43.08287048339844,43.72999954223633,43.77000045776367,42.689998626708984,42.93000030517578,2250800
2025-10-31,43.713401794433594,44.369998931884766,45.02000045776367,43.7599983215332,43.95000076293945,2823600
2025-11-03,42.659236907958984,43.29999923706055,44.599998474121094,43.0,44.4900016784668,2645600
2025-11-04,42.80702209472656,43.45000076293945,43.869998931884766,43.06999969482422,43.400001525878906,1820300
2025-11-05,43.664146423339844,44.31999969482422,44.56999969482422,43.08000183105469,43.45000076293945,3076100
2025-11-06,44.974464416503906,45.650001525878906,46.099998474121094,44.02000045776367,45.0,3683800
2025-11-07,44.50156021118164,45.16999816894531,45.56999969482422,44.2400016784668,45.33000183105469,1681300
2025-11-10,45.41780471801758,46.099998474121094,46.45000076293945,45.15999984741211,45.369998931884766,2170500
2025-11-11,45.989219665527344,46.68000030517578,47.66999816894531,46.29999923706055,46.4900016784668,1976800
2025-11-12,46.79708480834961,47.5,47.619998931884766,46.650001525878906,46.779998779296875,1620700
2025-11-13,46.40300369262695,47.099998474121094,47.650001525878906,46.790000915527344,47.43000030517578,1970400
2025-11-14,47.4276123046875,48.13999938964844,48.310001373291016,46.869998931884766,46.90999984741211,1954600
2025-11-17,46.25522232055664,46.95000076293945,48.400001525878906,46.900001525878906,48.189998626708984,1706600
2025-11-18,46.37344741821289,47.06999969482422,47.290000915527344,46.119998931884766,46.369998931884766,2126800
2025-11-19,45.683807373046875,46.369998931884766,46.88999938964844,46.130001068115234,46.63999938964844,1532500
2025-11-21,42.63953399658203,43.279998779296875,46.790000915527344,43.279998779296875,46.709999084472656,5364300
2025-11-24,42.08782196044922,42.720001220703125,43.33000183105469,42.150001525878906,43.33000183105469,9106300
2025-11-25,42.659236907958984,43.29999923706055,43.650001525878906,42.7400016784668,42.7400016784668,2640500
2025-11-26,42.3045654296875,42.939998626708984,44.0099983215332,42.79999923706055,43.29999923706055,3107800
2025-11-27,41.89078140258789,42.52000045776367,43.09000015258789,41.68000030517578,42.900001525878906,2338700
2025-11-28,42.1666374206543,42.79999923706055,43.189998626708984,42.529998779296875,42.529998779296875,1835700
2025-12-01,42.6789436340332,43.31999969482422,43.41999816894531,42.130001068115234,42.91999816894531,2235400
2025-12-02,43.32917785644531,43.97999954223633,44.04999923706055,43.099998474121094,43.65999984741211,1740300
2025-12-03,43.664146423339844,44.31999969482422,44.54999923706055,43.869998931884766,44.36000061035156,2168900
2025-12-04,46.83649826049805,47.540000915527344,47.630001068115234,44.599998474121094,44.869998931884766,5610800
2025-12-05,45.230613708496094,45.90999984741211,47.900001525878906,45.619998931884766,47.13999938964844,6997200
2025-12-08,44.80698013305664,45.47999954223633,46.349998474121094,44.939998626708984,46.279998779296875,1990100
2025-12-09,44.53112030029297,45.20000076293945,45.41999816894531,44.099998474121094,45.41999816894531,3336200
2025-12-10,44.521270751953125,45.189998626708984,45.689998626708984,44.790000915527344,45.65999984741211,2110900
2025-12-11,44.78727722167969,45.459999084472656,45.86000061035156,44.650001525878906,45.15999984741211,1737700
2025-12-12,45.55573272705078,46.2400016784668,47.349998474121094,45.5099983215332,45.900001525878906,2037300
2025-12-15,45.99907302856445,46.689998626708984,47.119998931884766,46.310001373291016,46.95000076293945,1758900
2025-12-16,44.92127990722656,45.43000030517578,45.83000183105469,44.31999969482422,44.810001373291016,3543100
2025-12-17,44.41698455810547,44.91999816894531,45.47999954223633,44.349998474121094,44.400001525878906,3837100
2025-12-18,43.912696838378906,44.40999984741211,45.040000915527344,44.290000915527344,44.290000915527344,1824400
2025-12-19,42.96345138549805,43.45000076293945,44.630001068115234,43.130001068115234,44.119998931884766,4878100
2025-12-22,42.08341979980469,42.560001373291016,43.45000076293945,42.2599983215332,43.45000076293945,3347000
2025-12-23,42.29106521606445,42.77000045776367,43.150001525878906,42.33000183105469,42.689998626708984,1327800
2025-12-26,41.905433654785156,42.380001068115234,42.81999969482422,41.91999816894531,42.779998779296875,1337100
2025-12-29,41.33192443847656,41.79999923706055,42.5,41.369998931884766,42.5,2693700
2025-12-30,41.60879135131836,42.08000183105469,42.25,41.619998931884766,42.20000076293945,2626000
2026-01-02,40.5211067199707,40.97999954223633,42.349998474121094,40.36000061035156,42.06999969482422,3842600
2026-01-05,40.93640899658203,41.400001525878906,41.849998474121094,40.79999923706055,40.97999954223633,3435400
2026-01-06,41.806549072265625,42.279998779296875,42.5099983215332,41.209999084472656,41.83000183105469,6411700
2026-01-07,42.09330368041992,42.56999969482422,42.63999938964844,41.849998474121094,41.97999954223633,2353400
2026-01-08,42.874454498291016,43.36000061035156,43.560001373291016,42.060001373291016,42.58000183105469,2925900
2026-01-09,43.546844482421875,44.040000915527344,44.720001220703125,43.22999954223633,43.5,1674100
2026-01-12,43.536956787109375,44.029998779296875,44.400001525878906,43.27000045776367,43.75,1309100
2026-01-13,42.26140213012695,42.7400016784668,43.83000183105469,42.220001220703125,43.65999984741211,2965000
2026-01-14,43.09199523925781,43.58000183105469,43.7400016784668,42.439998626708984,43.25,2513300
2026-01-15,43.507293701171875,44.0,44.20000076293945,43.040000915527344,43.90999984741211,3453400
2026-01-16,42.607479095458984,43.09000015258789,44.189998626708984,42.81999969482422,44.189998626708984,2467100
2026-01-19,43.10188293457031,43.59000015258789,44.5,43.11000061035156,43.310001373291016,1570800
2026-01-20,44.1401252746582,44.63999938964844,44.63999938964844,43.2599983215332,43.310001373291016,3659200
2026-01-21,44.99049377441406,45.5,46.59000015258789,44.68000030517578,45.0,5361800
2026-01-22,45.94963455200195,46.470001220703125,46.81999969482422,45.459999084472656,46.029998779296875,4334100
2026-01-23,46.18694305419922,46.709999084472656,47.599998474121094,46.060001373291016,46.439998626708984,3259000
2026-01-26,46.69123458862305,47.220001220703125,47.33000183105469,46.2599983215332,46.900001525878906,2537200
2026-01-27,45.97929763793945,46.5,48.0,46.02000045776367,47.900001525878906,4269000
2026-01-28,46.81977462768555,47.349998474121094,47.459999084472656,46.400001525878906,46.9900016784668,2564100
2026-01-29,45.336570739746094,45.849998474121094,47.86000061035156,44.810001373291016,47.459999084472656,7474700
2026-01-30,44.07090759277344,44.56999969482422,46.369998931884766,44.279998779296875,45.84000015258789,4457300
2026-02-02,44.565311431884766,45.06999969482422,45.20000076293945,44.45000076293945,44.630001068115234,5616300
2026-02-03,43.11177062988281,43.599998474121094,45.56999969482422,43.2599983215332,45.119998931884766,7312800
2026-02-04,37.5546989440918,37.97999954223633,43.380001068115234,37.70000076293945,43.380001068115234,17659200
2026-02-05,37.0504150390625,37.470001220703125,38.720001220703125,36.849998474121094,38.209999084472656,11896900
2026-02-06,37.4459342956543,37.869998931884766,38.29999923706055,37.209999084472656,37.75,8055800
2026-02-09,38.36552047729492,38.79999923706055,39.41999816894531,37.900001525878906,37.9900016784668,5317200
2026-02-10,38.89947509765625,39.34000015258789,40.0,38.47999954223633,38.68000030517578,6411800
2026-02-11,38.217201232910156,38.650001525878906,39.959999084472656,38.29999923706055,39.95000076293945,7602200
2026-02-12,37.0504150390625,37.470001220703125,39.720001220703125,36.650001525878906,38.900001525878906,10785700
2026-02-13,37.60414123535156,38.029998779296875,38.2400016784668,36.52000045776367,37.15999984741211,9294400
2026-02-18,37.970001220703125,38.400001525878906,38.58000183105469,37.880001068115234,38.119998931884766,5744700
2026-02-19,38.51384353637695,38.95000076293945,39.060001373291016,38.2400016784668,38.45000076293945,4594300
2026-02-20,39.057682037353516,39.5,39.5,38.38999938964844,38.540000915527344,4587000
2026-02-23,37.90078353881836,38.33000183105469,39.20000076293945,37.970001220703125,38.869998931884766,6280700
2026-02-24,37.93044662475586,38.36000061035156,38.939998626708984,37.209999084472656,38.5,8165500
2026-02-25,37.45582580566406,37.880001068115234,38.689998626708984,37.43000030517578,38.5,5045600
2026-02-26,37.73268508911133,38.15999984741211,38.630001068115234,37.540000915527344,37.880001068115234,7460700
2026-02-27,37.4162712097168,37.84000015258789,38.380001068115234,37.70000076293945,38.099998474121094,7522200
2026-03-02,36.911983489990234,37.33000183105469,37.849998474121094,37.0099983215332,37.5,3515100
2026-03-03,36.200042724609375,36.61000061035156,36.95000076293945,35.61000061035156,36.25,6026400
2026-03-04,36.68455505371094,37.099998474121094,37.720001220703125,36.84000015258789,37.029998779296875,3722300
2026-03-05,36.368141174316406,36.779998779296875,37.099998474121094,36.279998779296875,36.93000030517578,3342900
2026-03-06,35.66609191894531,36.06999969482422,37.56999969482422,35.84000015258789,36.619998931884766,4595000
2026-03-09,36.229705810546875,36.63999938964844,36.63999938964844,35.36000061035156,36.18000030517578,7529700
2026-03-10,36.7142219543457,37.130001068115234,37.79999923706055,36.38999938964844,37.0,3323500
2026-03-11,37.149295806884766,37.56999969482422,38.38999938964844,36.95000076293945,37.13999938964844,3189000
2026-03-12,35.70564270019531,36.11000061035156,37.0099983215332,35.849998474121094,36.72999954223633,5543300
2026-03-13,34.20266342163086,34.59000015258789,36.529998779296875,34.439998626708984,36.31999969482422,4336300
2026-03-16,34.72672653198242,35.119998931884766,35.47999954223633,34.63999938964844,35.380001068115234,2973100
2026-03-17,34.291656494140625,34.68000030517578,35.619998931884766,34.59000015258789,35.130001068115234,2977800
2026-03-18,33.4017333984375,33.779998779296875,34.72999954223633,33.66999816894531,34.459999084472656,5276800
2026-03-19,33.76759338378906,34.150001525878906,34.56999969482422,33.02000045776367,33.38999938964844,6121500
2026-03-20,33.57971954345703,33.959999084472656,34.22999954223633,33.59000015258789,34.0,5374900
2026-03-23,34.65751266479492,35.04999923706055,36.34000015258789,34.45000076293945,34.45000076293945,5301200
2026-03-24,34.59818649291992,34.9900016784668,35.209999084472656,34.34000015258789,34.900001525878906,4241100
2026-03-25,34.79594421386719,35.189998626708984,36.09000015258789,34.97999954223633,35.33000183105469,4460500
2026-03-26,34.418270111083984,34.630001068115234,35.34000015258789,34.349998474121094,34.45000076293945,1980600
2026-03-27,34.040592193603516,34.25,35.20000076293945,33.970001220703125,34.5099983215332,3873700
2026-03-30,33.81199645996094,34.02000045776367,34.709999084472656,33.779998779296875,34.540000915527344,3110900
2026-03-31,34.72637176513672,34.939998626708984,35.41999816894531,34.209999084472656,34.540000915527344,2948700
2026-04-01,34.696556091308594,34.90999984741211,35.84000015258789,34.869998931884766,35.16999816894531,2192100
2026-04-02,34.77606964111328,34.9900016784668,35.13999938964844,33.5099983215332,33.529998779296875,2301500
2026-04-06,34.88539123535156,35.099998474121094,35.16999816894531,34.65999984741211,35.16999816894531,1282900
2026-04-07,34.48783874511719,34.70000076293945,34.959999084472656,34.029998779296875,34.959999084472656,2369900
2026-04-08,35.36246109008789,35.58000183105469,37.16999816894531,35.290000915527344,36.29999923706055,6726400
2026-04-09,34.229427337646484,34.439998626708984,36.130001068115234,34.439998626708984,35.959999084472656,4761200
2026-04-10,33.63309860229492,33.84000015258789,34.7599983215332,33.29999923706055,34.5099983215332,4217600
2026-04-13,34.27912521362305,34.4900016784668,34.619998931884766,33.290000915527344,33.68000030517578,4677700
2026-04-14,34.58722686767578,34.79999923706055,35.560001373291016,34.58000183105469,34.86000061035156,3580300
2026-04-15,35.064292907714844,35.279998779296875,35.630001068115234,34.4900016784668,34.63999938964844,4819000
2026-04-16,34.557411193847656,34.77000045776367,35.9900016784668,34.459999084472656,35.5,4367300
2026-04-17,35.22331237792969,35.439998626708984,36.439998626708984,35.310001373291016,35.5,7440300
2026-04-20,34.65679931640625,34.869998931884766,35.84000015258789,34.40999984741211,35.439998626708984,5132600
2026-04-22,33.6032829284668,33.810001373291016,34.91999816894531,33.61000061035156,34.66999816894531,4920000
2026-04-23,32.420555114746094,32.619998931884766,33.720001220703125,32.2599983215332,33.650001525878906,4206000
2026-04-24,31.873920440673828,32.06999969482422,32.7599983215332,31.65999984741211,32.75,3166000
2026-04-27,31.138444900512695,31.329999923706055,32.220001220703125,31.170000076293945,32.02000045776367,3413400
2026-04-28,31.396854400634766,31.59000015258789,32.310001373291016,30.8799991607666,31.020000457763672,4541500
2026-04-29,31.009239196777344,31.200000762939453,31.479999542236328,30.729999542236328,31.3799991607666,3585700
2026-04-30,31.665205001831055,31.860000610351562,32.29999923706055,31.239999771118164,31.600000381469727,8533500
2026-05-04,32.34104537963867,32.540000915527344,33.150001525878906,32.11000061035156,32.5,7942100
2026-05-05,32.728660583496094,32.93000030517578,33.459999084472656,32.540000915527344,32.540000915527344,7746900
2026-05-06,32.897621154785156,33.099998474121094,33.79999923706055,32.97999954223633,33.189998626708984,5680400
2026-05-07,36.00848388671875,36.22999954223633,36.290000915527344,33.11000061035156,33.18000030517578,9816600
2026-05-08,34.994720458984375,35.209999084472656,36.84000015258789,34.959999084472656,36.099998474121094,6548500
2026-05-11,33.2951774597168,33.5,35.0,33.209999084472656,34.7599983215332,6897300
2026-05-12,32.837989807128906,33.040000915527344,33.529998779296875,32.619998931884766,33.20000076293945,4866200
2026-05-13,31.47636604309082,31.670000076293945,32.81999969482422,31.579999923706055,32.81999969482422,13310300
2026-05-14,31.40679359436035,31.600000381469727,32.81999969482422,31.600000381469727,31.690000534057617,4451600
2026-05-15,30.94960594177246,31.139999389648438,31.90999984741211,30.549999237060547,31.0,5724700
2026-05-18,31.267648696899414,31.459999084472656,31.780000686645508,31.079999923706055,31.110000610351562,4353700
2026-05-19,30.45266342163086,30.639999389648438,31.540000915527344,30.290000915527344,31.239999771118164,10043300
2026-05-20,31.90373420715332,32.099998474121094,32.099998474121094,30.6200008392334,30.75,7083300
2026-05-21,32.072696685791016,32.27000045776367,32.47999954223633,31.219999313354492,31.700000762939453,6676600
2026-05-22,31.297466278076172,31.489999771118164,32.79999923706055,31.489999771118164,31.90999984741211,8096700
2026-05-25,31.704959869384766,31.899999618530273,32.02000045776367,31.399999618530273,31.690000534057617,4559300
2026-05-26,31.287527084350586,31.479999542236328,31.760000228881836,30.920000076293945,31.229999542236328,4798500
2026-05-27,30.889972686767578,31.079999923706055,31.84000015258789,30.559999465942383,31.690000534057617,9816800
2026-05-28,31.555875778198242,31.75,31.959999084472656,30.75,31.489999771118164,8133400
2026-05-29,32.86780548095703,33.06999969482422,33.7599983215332,31.399999618530273,31.809999465942383,106773500
2026-06-01,34.2890625,34.5,34.599998474121094,33.06999969482422,33.45000076293945,10534700
2026-06-02,34.19961166381836,34.40999984741211,34.68000030517578,34.0,34.43000030517578,5922400
2026-06-03,33.4144401550293,33.619998931884766,35.099998474121094,33.040000915527344,34.06999969482422,8428300
2026-06-05,32.897621154785156,33.099998474121094,34.45000076293945,33.0099983215332,33.619998931884766,5826300
2026-06-08,32.162147521972656,32.36000061035156,33.68000030517578,32.34000015258789,32.81999969482422,5188900
2026-06-09,30.601747512817383,30.790000915527344,32.709999084472656,30.790000915527344,32.599998474121094,7149800
2026-06-10,28.454952239990234,28.6299991607666,30.889999389648438,28.440000534057617,30.790000915527344,9233000
2026-06-11,29.856332778930664,30.040000915527344,30.68000030517578,28.010000228881836,28.450000762939453,10870100
2026-06-12,29.6177978515625,29.799999237060547,30.31999969482422,29.329999923706055,29.5,5094400
2026-06-15,29.260000228881836,29.440000534057617,30.8799991607666,29.40999984741211,30.5,5062700
2026-06-16,28.6200008392334,28.6200008392334,29.450000762939453,28.440000534057617,29.100000381469727,3898100
2026-06-17,27.93000030517578,27.93000030517578,29.040000915527344,27.93000030517578,29.0,5715100
2026-06-18,27.139999389648438,27.139999389648438,28.479999542236328,27.0,28.229999542236328,6421800
2026-06-19,27.100000381469727,27.100000381469727,27.450000762939453,26.8799991607666,27.010000228881836,3145800
2026-06-22,27.25,27.25,27.829999923706055,26.850000381469727,27.209999084472656,4359800
2026-06-23,27.549999237060547,27.549999237060547,27.8799991607666,26.799999237060547,26.940000534057617,3258100
2026-06-24,27.40999984741211,27.40999984741211,28.030000686645508,27.149999618530273,27.149999618530273,4142900
2026-06-25,27.15999984741211,27.15999984741211,28.0,27.15999984741211,27.510000228881836,2349800
2026-06-26,28.690000534057617,28.690000534057617,28.799999237060547,27.010000228881836,27.110000610351562,5000400
2026-06-29,28.5,28.5,28.93000030517578,28.290000915527344,28.690000534057617,2686600
2026-06-30,28.700000762939453,28.700000762939453,28.899999618530273,27.68000030517578,28.31999969482422,4664500
2026-07-01,28.979999542236328,28.979999542236328,29.100000381469727,28.260000228881836,28.5,3498300
2026-07-02,29.540000915527344,29.540000915527344,29.690000534057617,28.950000762939453,28.969999313354492,3615400
2026-07-03,30.0,30.0,30.170000076293945,29.209999084472656,29.75,2060300
2026-07-06,28.510000228881836,28.510000228881836,29.84000015258789,28.450000762939453,29.579999923706055,3901100
2026-07-07,28.670000076293945,28.670000076293945,29.219999313354492,28.5,28.559999465942383,4171300
2026-07-08,28.940000534057617,28.940000534057617,29.079999923706055,28.209999084472656,28.6200008392334,3512400
2026-07-09,29.59000015258789,29.59000015258789,29.690000534057617,28.760000228881836,29.0,2652300
2026-07-10,29.90999984741211,29.90999984741211,30.489999771118164,29.700000762939453,29.989999771118164,4573200
2026-07-13,29.219999313354492,29.219999313354492,29.979999542236328,29.219999313354492,29.90999984741211,3105500
2026-07-14,28.719999313354492,28.719999313354492,29.440000534057617,28.450000762939453,29.280000686645508,3630400
2026-07-15,29.920000076293945,29.920000076293945,30.0,28.540000915527344,28.65999984741211,6128200
2026-07-16,29.899999618530273,29.899999618530273,30.149999618530273,29.420000076293945,29.700000762939453,2610400
2026-07-17,29.190000534057617,29.190000534057617,29.75,29.1299991607666,29.75,2812300
2026-07-20,28.829999923706055,28.829999923706055,29.40999984741211,28.729999542236328,29.209999084472656,2772500
2026-07-21,28.56999969482422,28.56999969482422,28.770000457763672,28.059999465942383,28.760000228881836,3840500
2026-07-22,28.889999389648438,28.889999389648438,29.030000686645508,28.190000534057617,28.8799991607666,3356600
2026-07-23,27.049999237060547,27.049999237060547,29.06999969482422,26.899999618530273,28.719999313354492,6233300
2026-07-24,27.469999313354492,27.469999313354492,27.920000076293945,26.760000228881836,26.979999542236328,6208600
2026-07-27,29.139999389648438,29.139999389648438,29.149999618530273,27.520000457763672,27.579999923706055,4058400
