Date,Adj Close,Close,High,Low,Open,Volume
2021-07-29,13.204483985900879,17.1299991607666,17.389999389648438,16.530000686645508,17.219999313354492,54590700
2021-07-30,12.826773643493652,16.639999389648438,17.34000015258789,16.639999389648438,17.0,23889000
2021-08-02,12.996357917785645,16.860000610351562,17.170000076293945,16.860000610351562,16.899999618530273,21537000
2021-08-03,13.158234596252441,17.06999969482422,17.239999771118164,16.579999923706055,16.84000015258789,26003800
2021-08-04,12.819064140319824,16.6299991607666,17.059999465942383,16.59000015258789,16.90999984741211,20523000
2021-08-05,12.811356544494629,16.6200008392334,16.920000076293945,16.59000015258789,16.799999237060547,18203900
2021-08-06,13.18135929107666,17.100000381469727,17.170000076293945,16.65999984741211,16.700000762939453,18667000
2021-08-09,13.227609634399414,17.15999984741211,17.360000610351562,17.0,17.110000610351562,15969000
2021-08-10,12.880732536315918,16.709999084472656,17.149999618530273,16.709999084472656,17.149999618530273,21467500
2021-08-11,12.77281379699707,16.56999969482422,16.81999969482422,16.459999084472656,16.709999084472656,17091400
2021-08-12,12.780522346496582,16.579999923706055,16.780000686645508,16.5,16.56999969482422,15643300
2021-08-13,12.834482192993164,16.649999618530273,16.65999984741211,16.299999237060547,16.59000015258789,16218300
2021-08-16,12.641770362854004,16.399999618530273,16.700000762939453,16.329999923706055,16.530000686645508,18371000
2021-08-17,12.580103874206543,16.31999969482422,16.489999771118164,16.110000610351562,16.389999389648438,26879900
2021-08-18,12.695730209350586,16.469999313354492,16.81999969482422,16.219999313354492,16.299999237060547,23317500
2021-08-19,13.25073528289795,17.190000534057617,17.270000457763672,16.40999984741211,16.459999084472656,39834200
2021-08-20,13.520529747009277,17.540000915527344,17.600000381469727,16.90999984741211,16.90999984741211,34873200
2021-08-23,13.3817777633667,17.360000610351562,17.579999923706055,17.219999313354492,17.510000228881836,17262100
2021-08-24,13.559069633483887,17.59000015258789,17.670000076293945,17.350000381469727,17.479999542236328,18073900
2021-08-25,13.551363945007324,17.579999923706055,17.6200008392334,17.34000015258789,17.5,13858600
2021-08-26,13.189068794250488,17.110000610351562,17.459999084472656,17.059999465942383,17.399999618530273,22172500
2021-08-27,13.135110855102539,17.040000915527344,17.18000030517578,16.90999984741211,17.18000030517578,16973500
2021-08-30,13.243027687072754,17.18000030517578,17.229999542236328,16.809999465942383,16.959999084472656,16781900
2021-08-31,13.18135929107666,17.100000381469727,17.170000076293945,16.809999465942383,17.149999618530273,28079100
2021-09-01,13.304694175720215,17.260000228881836,17.3799991607666,17.040000915527344,17.15999984741211,17593400
2021-09-02,12.734272003173828,16.520000457763672,17.1200008392334,16.389999389648438,17.1200008392334,36473800
2021-09-03,12.765107154846191,16.559999465942383,16.760000228881836,16.440000534057617,16.639999389648438,40771400
2021-09-06,13.25073528289795,17.190000534057617,17.190000534057617,16.31999969482422,16.559999465942383,10036700
2021-09-08,12.495312690734863,16.209999084472656,17.010000228881836,16.209999084472656,16.989999771118164,39304600
2021-09-09,12.572394371032715,16.309999465942383,16.40999984741211,16.010000228881836,16.200000762939453,26356800
2021-09-10,12.41051959991455,16.100000381469727,16.6299991607666,16.100000381469727,16.43000030517578,23336500
2021-09-13,12.603230476379395,16.350000381469727,16.600000381469727,16.280000686645508,16.530000686645508,14849500
2021-09-14,12.672606468200684,16.440000534057617,16.670000076293945,16.3700008392334,16.40999984741211,12461100
2021-09-15,12.34885311126709,16.020000457763672,16.489999771118164,16.0,16.459999084472656,20538700
2021-09-16,12.433643341064453,16.1299991607666,16.450000762939453,15.779999732971191,16.0,26714500
2021-09-17,12.133017539978027,15.739999771118164,16.18000030517578,15.350000381469727,16.18000030517578,53864700
2021-09-20,12.032808303833008,15.609999656677246,15.859999656677246,15.460000038146973,15.529999732971191,22475300
2021-09-21,12.07135009765625,15.65999984741211,16.0,15.579999923706055,15.680000305175781,12843400
2021-09-22,12.11760139465332,15.720000267028809,15.899999618530273,15.630000114440918,15.770000457763672,13740400
2021-09-23,12.240935325622559,15.880000114440918,15.979999542236328,15.670000076293945,15.800000190734863,21550900
2021-09-24,12.210101127624512,15.84000015258789,15.90999984741211,15.609999656677246,15.619999885559082,16219600
2021-09-27,12.202394485473633,15.829999923706055,16.0,15.649999618530273,15.649999618530273,14263100
2021-09-28,11.901765823364258,15.4399995803833,15.869999885559082,15.359999656677246,15.760000228881836,17672700
2021-09-29,11.9403076171875,15.489999771118164,15.779999732971191,15.420000076293945,15.539999961853027,37200600
2021-09-30,11.793848037719727,15.300000190734863,15.569999694824219,15.289999961853027,15.550000190734863,39267900
2021-10-01,11.770723342895508,15.270000457763672,15.460000038146973,15.050000190734863,15.40999984741211,24130000
2021-10-04,11.593430519104004,15.039999961853027,15.229999542236328,14.8100004196167,15.079999923706055,29169100
2021-10-05,11.701348304748535,15.180000305175781,15.329999923706055,14.880000114440918,15.069999694824219,22871800
2021-10-06,11.639680862426758,15.100000381469727,15.390000343322754,15.020000457763672,15.050000190734863,36830600
2021-10-07,11.624262809753418,15.079999923706055,15.199999809265137,15.010000228881836,15.130000114440918,19716000
2021-10-08,11.84009838104248,15.359999656677246,15.579999923706055,15.149999618530273,15.170000076293945,23980500
2021-10-11,11.747598648071289,15.239999771118164,15.569999694824219,15.149999618530273,15.3100004196167,20540600
2021-10-13,11.955724716186523,15.510000228881836,15.680000305175781,15.199999809265137,15.199999809265137,22276300
2021-10-14,11.9403076171875,15.489999771118164,15.600000381469727,15.380000114440918,15.539999961853027,11517700
2021-10-15,11.97114086151123,15.529999732971191,15.630000114440918,15.359999656677246,15.510000228881836,19521400
2021-10-18,12.04051685333252,15.619999885559082,15.720000267028809,15.300000190734863,15.399999618530273,16887800
2021-10-19,11.670513153076172,15.140000343322754,15.550000190734863,15.069999694824219,15.25,21370000
2021-10-20,11.878639221191406,15.40999984741211,15.579999923706055,15.210000038146973,15.300000190734863,19273600
2021-10-21,11.670513153076172,15.140000343322754,15.279999732971191,14.850000381469727,15.0,23499300
2021-10-22,11.562596321105957,15.0,15.229999542236328,14.539999961853027,14.829999923706055,29599100
2021-10-25,11.770723342895508,15.270000457763672,15.4399995803833,15.0,15.010000228881836,19933100
2021-10-26,11.685931205749512,15.15999984741211,15.319999694824219,15.050000190734863,15.149999618530273,20648000
2021-10-27,11.732179641723633,15.220000267028809,15.710000038146973,15.220000267028809,15.3100004196167,26056100
2021-10-28,12.873023986816406,16.700000762939453,16.8700008392334,16.170000076293945,16.40999984741211,91395500
2021-10-29,13.096565246582031,16.989999771118164,17.219999313354492,16.700000762939453,16.729999542236328,44577500
2021-11-01,13.3817777633667,17.360000610351562,17.540000915527344,16.969999313354492,17.1299991607666,39314900
2021-11-03,13.744071960449219,17.829999923706055,18.100000381469727,17.200000762939453,17.200000762939453,42222400
2021-11-04,13.782612800598145,17.8799991607666,17.979999542236328,17.649999618530273,17.81999969482422,19997300
2021-11-05,13.798030853271484,17.899999618530273,18.1200008392334,17.829999923706055,17.979999542236328,19208500
2021-11-08,13.674696922302246,17.739999771118164,18.030000686645508,17.670000076293945,17.81999969482422,16697000
2021-11-09,13.790323257446289,17.889999389648438,18.09000015258789,17.700000762939453,17.700000762939453,23812900
2021-11-10,13.682403564453125,17.75,18.06999969482422,17.690000534057617,17.829999923706055,20848100
2021-11-11,13.574487686157227,17.610000610351562,17.940000534057617,17.600000381469727,17.93000030517578,24597200
2021-11-12,13.497405052185059,17.510000228881836,17.920000076293945,17.350000381469727,17.600000381469727,39208600
2021-11-16,13.497405052185059,17.510000228881836,17.690000534057617,17.440000534057617,17.6200008392334,21469300
2021-11-17,13.520529747009277,17.540000915527344,17.65999984741211,17.329999923706055,17.649999618530273,18502600
2021-11-18,13.566779136657715,17.600000381469727,17.739999771118164,17.43000030517578,17.469999313354492,17200900
2021-11-19,13.404901504516602,17.389999389648438,17.719999313354492,17.360000610351562,17.549999237060547,22010000
2021-11-22,13.350945472717285,17.31999969482422,17.600000381469727,17.260000228881836,17.450000762939453,26964000
2021-11-23,13.258443832397461,17.200000762939453,17.450000762939453,17.09000015258789,17.31999969482422,29394600
2021-11-24,13.18135929107666,17.100000381469727,17.299999237060547,16.979999542236328,17.059999465942383,18485100
2021-11-25,13.28156852722168,17.229999542236328,17.31999969482422,17.0,17.09000015258789,12150300
2021-11-26,12.865314483642578,16.690000534057617,17.06999969482422,16.579999923706055,16.899999618530273,21060500
2021-11-29,12.595521926879883,16.34000015258789,16.8799991607666,16.25,16.770000457763672,25888500
2021-11-30,12.37968635559082,16.059999465942383,16.350000381469727,15.970000267028809,16.34000015258789,54414600
2021-12-01,12.225518226623535,15.859999656677246,16.200000762939453,15.640000343322754,16.09000015258789,35109400
2021-12-02,12.341144561767578,16.010000228881836,16.18000030517578,15.729999542236328,15.989999771118164,33321600
2021-12-03,12.333436012268066,16.0,16.209999084472656,15.829999923706055,16.010000228881836,26061600
2021-12-06,12.395103454589844,16.079999923706055,16.34000015258789,15.949999809265137,16.040000915527344,16844300
2021-12-07,12.41051959991455,16.100000381469727,16.34000015258789,16.049999237060547,16.190000534057617,27590900
2021-12-08,12.395103454589844,16.079999923706055,16.34000015258789,15.920000076293945,16.1200008392334,23395200
2021-12-09,12.18697738647461,15.8100004196167,16.110000610351562,15.6899995803833,16.100000381469727,19725400
2021-12-10,12.294892311096191,15.949999809265137,16.280000686645508,15.869999885559082,16.25,15656500
2021-12-13,12.341144561767578,16.010000228881836,16.18000030517578,15.899999618530273,16.049999237060547,29400400
2021-12-14,12.464479446411133,16.170000076293945,16.450000762939453,16.020000457763672,16.020000457763672,36628700
2021-12-15,12.395103454589844,16.079999923706055,16.260000228881836,15.9399995803833,16.260000228881836,21743100
2021-12-16,12.41051959991455,16.100000381469727,16.290000915527344,16.020000457763672,16.190000534057617,21380800
2021-12-17,12.387395858764648,16.06999969482422,16.25,16.010000228881836,16.010000228881836,32774400
2021-12-20,12.350232124328613,15.420000076293945,15.550000190734863,15.239999771118164,15.5,17585900
2021-12-21,12.334212303161621,15.399999618530273,15.550000190734863,15.319999694824219,15.449999809265137,18636200
2021-12-22,12.326205253601074,15.390000343322754,15.510000228881836,15.25,15.40999984741211,11675500
2021-12-23,12.454353332519531,15.550000190734863,15.670000076293945,15.34000015258789,15.399999618530273,10634700
2021-12-27,12.438333511352539,15.529999732971191,15.649999618530273,15.479999542236328,15.550000190734863,8437200
2021-12-28,12.43032455444336,15.520000457763672,15.569999694824219,15.399999618530273,15.539999961853027,7701300
2021-12-29,12.374258995056152,15.449999809265137,15.5600004196167,15.34000015258789,15.550000190734863,8847300
2021-12-30,12.350232124328613,15.420000076293945,15.59000015258789,15.390000343322754,15.579999923706055,11819300
2022-01-03,12.278148651123047,15.329999923706055,15.539999961853027,15.149999618530273,15.420000076293945,23833600
2022-01-04,12.262130737304688,15.3100004196167,15.399999618530273,15.039999961853027,15.319999694824219,16357700
2022-01-05,12.021852493286133,15.010000228881836,15.289999961853027,14.960000038146973,15.25,24652000
2022-01-06,11.829632759094238,14.770000457763672,15.0600004196167,14.65999984741211,15.039999961853027,20406300
2022-01-07,11.637410163879395,14.529999732971191,14.800000190734863,14.449999809265137,14.800000190734863,19673600
2022-01-10,11.733521461486816,14.649999618530273,14.729999542236328,14.350000381469727,14.4399995803833,16375000
2022-01-11,11.757549285888672,14.680000305175781,14.729999542236328,14.449999809265137,14.609999656677246,20485500
2022-01-12,11.917733192443848,14.880000114440918,15.029999732971191,14.5600004196167,14.640000343322754,31912000
2022-01-13,12.005834579467773,14.989999771118164,15.050000190734863,14.760000228881836,14.869999885559082,20755600
2022-01-14,12.093937873840332,15.100000381469727,15.210000038146973,14.899999618530273,14.979999542236328,14544400
2022-01-17,11.85366153717041,14.800000190734863,15.170000076293945,14.789999961853027,15.039999961853027,21167400
2022-01-18,11.677456855773926,14.579999923706055,14.739999771118164,14.390000343322754,14.739999771118164,24913300
2022-01-19,11.645419120788574,14.539999961853027,14.680000305175781,14.390000343322754,14.649999618530273,31621600
2022-01-20,11.605372428894043,14.489999771118164,14.630000114440918,14.430000305175781,14.619999885559082,30618200
2022-01-21,11.765559196472168,14.6899995803833,14.920000076293945,14.40999984741211,14.449999809265137,28616600
2022-01-24,11.773568153381348,14.699999809265137,15.050000190734863,14.609999656677246,14.789999961853027,29992000
2022-01-25,12.06990909576416,15.069999694824219,15.09000015258789,14.609999656677246,14.640000343322754,22283700
2022-01-26,12.01384449005127,15.0,15.300000190734863,14.880000114440918,15.1899995803833,24257200
2022-01-27,12.334212303161621,15.399999618530273,15.489999771118164,14.930000305175781,15.0600004196167,24801400
2022-01-28,11.957779884338379,14.930000305175781,15.319999694824219,14.859999656677246,15.239999771118164,23251700
2022-01-31,11.989818572998047,14.970000267028809,15.119999885559082,14.770000457763672,14.899999618530273,21318000
2022-02-01,11.893706321716309,14.850000381469727,15.130000114440918,14.789999961853027,14.9399995803833,14112500
2022-02-02,11.629402160644531,14.520000457763672,14.9399995803833,14.449999809265137,14.850000381469727,17975400
2022-02-03,11.58134651184082,14.460000038146973,14.619999885559082,14.420000076293945,14.539999961853027,13206600
2022-02-04,11.541299819946289,14.40999984741211,14.539999961853027,14.170000076293945,14.420000076293945,18251100
2022-02-07,11.4451904296875,14.289999961853027,14.510000228881836,14.270000457763672,14.430000305175781,21182100
2022-02-08,11.341069221496582,14.15999984741211,14.329999923706055,14.109999656677246,14.260000228881836,20758500
2022-02-09,11.645419120788574,14.539999961853027,14.619999885559082,14.149999618530273,14.149999618530273,45857600
2022-02-10,11.813613891601562,14.75,14.819999694824219,14.40999984741211,14.569999694824219,31338100
2022-02-11,11.901714324951172,14.859999656677246,15.100000381469727,14.75,14.819999694824219,30852600
2022-02-14,12.06190013885498,15.0600004196167,15.09000015258789,14.829999923706055,14.979999542236328,33362000
2022-02-15,12.318196296691895,15.380000114440918,15.699999809265137,15.109999656677246,15.109999656677246,50177400
2022-02-16,12.07791805267334,15.079999923706055,15.479999542236328,14.960000038146973,15.449999809265137,25057100
2022-02-17,11.893706321716309,14.850000381469727,15.109999656677246,14.710000038146973,15.09000015258789,19881500
2022-02-18,11.829632759094238,14.770000457763672,14.989999771118164,14.739999771118164,14.970000267028809,11741300
2022-02-21,11.573336601257324,14.449999809265137,14.850000381469727,14.449999809265137,14.829999923706055,12423900
2022-02-22,11.781576156616211,14.710000038146973,14.819999694824219,14.4399995803833,14.4399995803833,24539400
2022-02-23,11.861668586730957,14.8100004196167,15.260000228881836,14.59000015258789,14.619999885559082,30107000
2022-02-24,11.885696411132812,14.84000015258789,14.84000015258789,13.800000190734863,14.239999771118164,59579000
2022-02-25,12.174029350280762,15.199999809265137,15.329999923706055,14.680000305175781,14.680000305175781,42942500
2022-03-02,11.629402160644531,14.520000457763672,14.979999542236328,14.420000076293945,14.6899995803833,33189500
2022-03-03,11.357087135314941,14.180000305175781,14.510000228881836,14.050000190734863,14.510000228881836,42098400
2022-03-04,11.15685749053955,13.930000305175781,14.239999771118164,13.819999694824219,14.210000038146973,26285200
2022-03-07,10.756396293640137,13.430000305175781,13.789999961853027,13.220000267028809,13.789999961853027,49545300
2022-03-08,10.764404296875,13.4399995803833,13.729999542236328,13.279999732971191,13.399999618530273,35552000
2022-03-09,11.15685749053955,13.930000305175781,14.0,13.579999923706055,13.600000381469727,26552200
2022-03-10,10.716349601745605,13.380000114440918,13.789999961853027,13.239999771118164,13.770000457763672,37910700
2022-03-11,10.55616569519043,13.180000305175781,13.5600004196167,13.0600004196167,13.5,23133200
2022-03-14,10.668293952941895,13.319999694824219,13.460000038146973,13.15999984741211,13.220000267028809,24625600
2022-03-15,10.788433074951172,13.470000267028809,13.670000076293945,13.350000381469727,13.350000381469727,26412400
2022-03-16,11.036718368530273,13.779999732971191,13.850000381469727,13.40999984741211,13.5,24980000
2022-03-17,11.15685749053955,13.930000305175781,14.020000457763672,13.6899995803833,13.8100004196167,28381300
2022-03-18,11.413152694702148,14.25,14.25,13.800000190734863,13.850000381469727,44708300
2022-03-21,11.357087135314941,14.180000305175781,14.359999656677246,14.0600004196167,14.0600004196167,15295600
2022-03-22,11.51727294921875,14.380000114440918,14.5,14.210000038146973,14.319999694824219,20799800
2022-03-23,11.365097045898438,14.1899995803833,14.380000114440918,14.069999694824219,14.3100004196167,20051100
2022-03-24,11.373106956481934,14.199999809265137,14.359999656677246,14.0600004196167,14.199999809265137,26157200
2022-03-25,11.469216346740723,14.319999694824219,14.350000381469727,13.949999809265137,14.279999732971191,33591300
2022-03-28,11.805603981018066,14.739999771118164,14.75,14.380000114440918,14.430000305175781,19531800
2022-03-29,12.214076042175293,15.25,15.399999618530273,14.869999885559082,14.949999809265137,38100100
2022-03-30,12.150001525878906,15.170000076293945,15.300000190734863,15.020000457763672,15.260000228881836,17703300
2022-03-31,12.334212303161621,15.399999618530273,15.579999923706055,15.130000114440918,15.229999542236328,23786300
2022-04-01,12.326205253601074,15.390000343322754,15.670000076293945,15.130000114440918,15.59000015258789,31411400
2022-04-04,12.166019439697266,15.1899995803833,15.449999809265137,15.079999923706055,15.390000343322754,21788200
2022-04-05,12.06990909576416,15.069999694824219,15.279999732971191,15.0600004196167,15.149999618530273,11607000
2022-04-06,11.973797798156738,14.949999809265137,15.09000015258789,14.8100004196167,15.029999732971191,15442400
2022-04-07,12.06190013885498,15.0600004196167,15.140000343322754,14.819999694824219,14.930000305175781,21276300
2022-04-08,11.957779884338379,14.930000305175781,15.130000114440918,14.739999771118164,14.9399995803833,22202000
2022-04-11,12.174029350280762,15.199999809265137,15.4399995803833,14.739999771118164,14.819999694824219,27193900
2022-04-12,12.053890228271484,15.050000190734863,15.539999961853027,14.979999542236328,15.40999984741211,24636500
2022-04-13,11.877687454223633,14.829999923706055,15.119999885559082,14.550000190734863,15.010000228881836,33771300
2022-04-14,11.773568153381348,14.699999809265137,14.90999984741211,14.460000038146973,14.84000015258789,28820100
2022-04-18,11.781576156616211,14.710000038146973,14.800000190734863,14.600000381469727,14.619999885559082,14601500
2022-04-19,11.733521461486816,14.649999618530273,14.760000228881836,14.40999984741211,14.5600004196167,25953600
2022-04-20,11.797595024108887,14.729999542236328,15.020000457763672,14.5600004196167,14.699999809265137,16174800
2022-04-22,11.813613891601562,14.75,14.979999542236328,14.550000190734863,14.550000190734863,34086700
2022-04-25,12.109953880310059,15.119999885559082,15.1899995803833,14.630000114440918,14.760000228881836,34312300
2022-04-26,11.813613891601562,14.75,15.149999618530273,14.739999771118164,15.039999961853027,23589700
2022-04-27,11.757549285888672,14.680000305175781,14.90999984741211,14.640000343322754,14.890000343322754,19261700
2022-04-28,11.781576156616211,14.710000038146973,14.869999885559082,14.619999885559082,14.710000038146973,24849700
2022-04-29,11.629402160644531,14.520000457763672,15.0,14.520000457763672,14.850000381469727,26145100
2022-05-02,11.589356422424316,14.470000267028809,14.710000038146973,14.319999694824219,14.579999923706055,22755000
2022-05-03,11.405142784118652,14.239999771118164,14.699999809265137,14.15999984741211,14.449999809265137,21493900
2022-05-04,11.485235214233398,14.34000015258789,14.420000076293945,14.010000228881836,14.119999885559082,23653200
2022-05-05,10.996673583984375,13.729999542236328,14.329999923706055,13.619999885559082,14.329999923706055,41147400
2022-05-06,10.83648681640625,13.529999732971191,13.829999923706055,13.529999732971191,13.729999542236328,21978900
2022-05-09,10.964635848999023,13.6899995803833,13.850000381469727,13.369999885559082,13.399999618530273,26091800
2022-05-10,10.996673583984375,13.729999542236328,14.029999732971191,13.720000267028809,13.8100004196167,16310700
2022-05-11,11.172874450683594,13.949999809265137,14.15999984741211,13.640000343322754,13.720000267028809,29961100
2022-05-12,11.597365379333496,14.479999542236328,14.5,13.789999961853027,13.859999656677246,27076500
2022-05-13,11.645419120788574,14.539999961853027,14.670000076293945,14.449999809265137,14.550000190734863,13385100
2022-05-16,11.765559196472168,14.6899995803833,14.850000381469727,14.40999984741211,14.529999732971191,16896700
2022-05-17,11.797595024108887,14.729999542236328,14.890000343322754,14.670000076293945,14.84000015258789,13671500
2022-05-18,11.389124870300293,14.220000267028809,14.819999694824219,14.180000305175781,14.720000267028809,29516600
2022-05-19,11.325051307678223,14.140000343322754,14.3100004196167,13.960000038146973,14.25,19551600
2022-05-20,11.228940963745117,14.020000457763672,14.289999961853027,13.829999923706055,14.25,24557200
2022-05-23,11.276995658874512,14.079999923706055,14.140000343322754,13.850000381469727,14.140000343322754,21490000
2022-05-24,11.317041397094727,14.130000114440918,14.1899995803833,13.850000381469727,14.0,21853400
2022-05-25,11.244956970214844,14.039999961853027,14.130000114440918,13.90999984741211,14.119999885559082,15767900
2022-05-26,11.381115913391113,14.210000038146973,14.279999732971191,13.979999542236328,14.039999961853027,17300400
2022-05-27,11.381115913391113,14.210000038146973,14.369999885559082,14.039999961853027,14.180000305175781,14260900
2022-05-30,11.285004615783691,14.09000015258789,14.380000114440918,14.010000228881836,14.300000190734863,7925000
2022-05-31,11.365097045898438,14.1899995803833,14.270000457763672,14.0600004196167,14.170000076293945,28066600
2022-06-01,11.309032440185547,14.119999885559082,14.239999771118164,14.050000190734863,14.140000343322754,15219000
2022-06-02,11.309032440185547,14.119999885559082,14.300000190734863,13.880000114440918,14.289999961853027,14894700
2022-06-03,11.276995658874512,14.079999923706055,14.319999694824219,14.039999961853027,14.100000381469727,20761400
2022-06-06,11.25296688079834,14.050000190734863,14.199999809265137,13.960000038146973,14.119999885559082,13085700
2022-06-07,10.996673583984375,13.729999542236328,13.970000267028809,13.609999656677246,13.920000076293945,23888200
2022-06-08,11.020699501037598,13.760000228881836,13.930000305175781,13.539999961853027,13.630000114440918,13145200
2022-06-09,10.900561332702637,13.609999656677246,13.829999923706055,13.569999694824219,13.729999542236328,18417700
2022-06-10,10.884543418884277,13.59000015258789,13.670000076293945,13.270000457763672,13.550000190734863,29186500
2022-06-13,10.676304817199707,13.329999923706055,13.5600004196167,13.1899995803833,13.4399995803833,23595500
2022-06-14,10.532135963439941,13.149999618530273,13.369999885559082,12.989999771118164,13.329999923706055,17505300
2022-06-15,10.460054397583008,13.0600004196167,13.350000381469727,13.010000228881836,13.350000381469727,28421400
2022-06-17,10.436025619506836,13.029999732971191,13.130000114440918,12.8100004196167,12.880000114440918,38950600
2022-06-20,10.452045440673828,13.050000190734863,13.25,12.880000114440918,12.989999771118164,13366700
2022-06-21,10.548154830932617,13.170000076293945,13.3100004196167,12.9399995803833,13.079999923706055,19966600
2022-06-22,10.652276039123535,13.300000190734863,13.390000343322754,13.0600004196167,13.180000305175781,16963200
2022-06-23,10.676304817199707,13.329999923706055,13.380000114440918,13.25,13.350000381469727,17466700
2022-06-24,10.948616027832031,13.670000076293945,13.770000457763672,13.329999923706055,13.399999618530273,25329300
2022-06-27,10.988663673400879,13.720000267028809,13.850000381469727,13.640000343322754,13.729999542236328,16111400
2022-06-28,10.828479766845703,13.520000457763672,13.8100004196167,13.380000114440918,13.710000038146973,24086500
2022-06-29,10.900561332702637,13.609999656677246,13.699999809265137,13.350000381469727,13.5,27461600
2022-06-30,10.732367515563965,13.399999618530273,13.539999961853027,13.350000381469727,13.369999885559082,22872000
2022-07-01,11.020699501037598,13.760000228881836,13.800000190734863,13.300000190734863,13.350000381469727,17714200
2022-07-04,10.956626892089844,13.680000305175781,13.8100004196167,13.609999656677246,13.720000267028809,7157000
2022-07-05,11.285004615783691,14.09000015258789,14.140000343322754,13.520000457763672,13.619999885559082,26056900
2022-07-06,11.397132873535156,14.229999542236328,14.390000343322754,14.020000457763672,14.0600004196167,21918400
2022-07-07,11.397132873535156,14.229999542236328,14.380000114440918,14.0,14.350000381469727,19019700
2022-07-08,11.46120834350586,14.3100004196167,14.359999656677246,14.119999885559082,14.239999771118164,13974800
2022-07-11,11.293014526367188,14.100000381469727,14.34000015258789,14.029999732971191,14.210000038146973,11484300
2022-07-12,11.04472827911377,13.789999961853027,14.109999656677246,13.529999732971191,14.109999656677246,50374400
2022-07-13,11.669448852539062,14.569999694824219,14.670000076293945,13.800000190734863,13.800000190734863,53045500
2022-07-14,11.885696411132812,14.84000015258789,14.960000038146973,14.369999885559082,14.380000114440918,42313700
2022-07-15,11.685467720031738,14.59000015258789,14.880000114440918,14.569999694824219,14.8100004196167,25341500
2022-07-18,11.605372428894043,14.489999771118164,14.720000267028809,14.40999984741211,14.600000381469727,16582000
2022-07-19,11.597365379333496,14.479999542236328,14.760000228881836,14.420000076293945,14.489999771118164,21362100
2022-07-20,11.453200340270996,14.300000190734863,14.5600004196167,14.109999656677246,14.40999984741211,48699500
2022-07-21,11.661438941955566,14.5600004196167,14.59000015258789,14.180000305175781,14.239999771118164,25407300
2022-07-22,11.621393203735352,14.510000228881836,14.619999885559082,14.359999656677246,14.539999961853027,22205400
2022-07-25,11.757549285888672,14.680000305175781,14.779999732971191,14.449999809265137,14.529999732971191,14348000
2022-07-26,11.869678497314453,14.819999694824219,14.880000114440918,14.550000190734863,14.6899995803833,27532200
2022-07-27,11.99782657623291,14.979999542236328,15.100000381469727,14.649999618530273,14.850000381469727,37333600
2022-07-28,12.093937873840332,15.100000381469727,15.800000190734863,14.729999542236328,15.4399995803833,70122600
2022-07-29,11.957779884338379,14.930000305175781,15.229999542236328,14.829999923706055,15.130000114440918,40541400
2022-08-01,11.71750259399414,14.630000114440918,14.890000343322754,14.430000305175781,14.859999656677246,34565900
2022-08-02,11.781576156616211,14.710000038146973,14.789999961853027,14.510000228881836,14.5600004196167,12515800
2022-08-03,11.71750259399414,14.630000114440918,14.819999694824219,14.399999618530273,14.729999542236328,19576600
2022-08-04,11.757549285888672,14.680000305175781,14.800000190734863,14.399999618530273,14.75,22962500
2022-08-05,11.693475723266602,14.600000381469727,14.9399995803833,14.569999694824219,14.729999542236328,20809900
2022-08-08,11.85366153717041,14.800000190734863,14.819999694824219,14.510000228881836,14.680000305175781,16864800
2022-08-09,11.805603981018066,14.739999771118164,14.869999885559082,14.619999885559082,14.84000015258789,13704000
2022-08-10,12.141992568969727,15.15999984741211,15.1899995803833,14.75,14.949999809265137,19048300
2022-08-11,12.117964744567871,15.130000114440918,15.3100004196167,15.0600004196167,15.3100004196167,11619800
2022-08-12,12.182038307189941,15.210000038146973,15.359999656677246,15.079999923706055,15.260000228881836,17954400
2022-08-15,12.350232124328613,15.420000076293945,15.5,15.0600004196167,15.130000114440918,21276600
2022-08-16,12.414305686950684,15.5,15.609999656677246,15.329999923706055,15.4399995803833,16447100
2022-08-17,12.454353332519531,15.550000190734863,15.630000114440918,15.350000381469727,15.460000038146973,27664000
2022-08-18,12.814767837524414,16.0,16.020000457763672,15.59000015258789,15.65999984741211,34709400
2022-08-19,12.54245376586914,15.65999984741211,16.219999313354492,15.539999961853027,15.890000343322754,38987700
2022-08-22,12.350232124328613,15.420000076293945,15.770000457763672,15.34000015258789,15.710000038146973,18162300
2022-08-23,12.366250991821289,15.4399995803833,15.520000457763672,15.289999961853027,15.350000381469727,14311100
2022-08-24,12.654582977294922,15.800000190734863,15.890000343322754,15.430000305175781,15.4399995803833,18054400
2022-08-25,12.670600891113281,15.819999694824219,16.079999923706055,15.75,15.949999809265137,10482600
2022-08-26,12.55046272277832,15.670000076293945,15.899999618530273,15.609999656677246,15.890000343322754,12927600
2022-08-29,12.50240707397461,15.609999656677246,15.6899995803833,15.510000228881836,15.649999618530273,9512400
2022-08-30,12.326205253601074,15.390000343322754,15.729999542236328,15.260000228881836,15.699999809265137,15374700
2022-08-31,12.230093955993652,15.270000457763672,15.619999885559082,15.270000457763672,15.420000076293945,22741700
2022-09-01,12.35824203491211,15.430000305175781,15.699999809265137,15.09000015258789,15.359999656677246,33540800
2022-09-02,12.398287773132324,15.479999542236328,15.739999771118164,15.350000381469727,15.470000267028809,22400800
2022-09-05,12.454353332519531,15.550000190734863,15.609999656677246,15.4399995803833,15.600000381469727,9796000
2022-09-06,12.462361335754395,15.5600004196167,15.65999984741211,15.390000343322754,15.4399995803833,20160400
2022-09-08,12.414305686950684,15.5,15.739999771118164,15.350000381469727,15.600000381469727,22311100
2022-09-09,12.590509414672852,15.720000267028809,15.760000228881836,15.479999542236328,15.5,13422600
2022-09-12,12.574490547180176,15.699999809265137,15.800000190734863,15.579999923706055,15.789999961853027,18048600
2022-09-13,12.48638916015625,15.59000015258789,15.880000114440918,15.489999771118164,15.600000381469727,27453000
2022-09-14,12.318196296691895,15.380000114440918,15.59000015258789,15.270000457763672,15.59000015258789,17680200
2022-09-15,12.254121780395508,15.300000190734863,15.4399995803833,15.239999771118164,15.380000114440918,13293700
2022-09-16,12.230093955993652,15.270000457763672,15.399999618530273,15.140000343322754,15.239999771118164,47764700
2022-09-19,12.390279769897461,15.470000267028809,15.529999732971191,15.180000305175781,15.300000190734863,14253700
2022-09-20,12.622547149658203,15.760000228881836,15.760000228881836,15.319999694824219,15.479999542236328,43727000
2022-09-21,12.454353332519531,15.550000190734863,15.869999885559082,15.470000267028809,15.770000457763672,24983700
2022-09-22,12.55046272277832,15.670000076293945,15.720000267028809,15.399999618530273,15.710000038146973,32533500
2022-09-23,12.310187339782715,15.369999885559082,15.479999542236328,15.170000076293945,15.399999618530273,39045900
2022-09-26,12.230093955993652,15.270000457763672,15.489999771118164,15.170000076293945,15.359999656677246,25475400
2022-09-27,12.366250991821289,15.4399995803833,15.600000381469727,15.25,15.390000343322754,34504900
2022-09-28,12.590509414672852,15.720000267028809,15.800000190734863,15.380000114440918,15.420000076293945,30344400
2022-09-29,12.50240707397461,15.609999656677246,15.760000228881836,15.470000267028809,15.59000015258789,40055300
2022-09-30,12.446343421936035,15.539999961853027,15.6899995803833,15.449999809265137,15.600000381469727,28170400
2022-10-03,13.055044174194336,16.299999237060547,16.31999969482422,15.529999732971191,15.800000190734863,37122200
2022-10-04,13.006988525390625,16.239999771118164,16.5,16.09000015258789,16.5,21559300
2022-10-05,12.91087818145752,16.1200008392334,16.329999923706055,15.949999809265137,16.309999465942383,38105500
2022-10-06,12.934906005859375,16.149999618530273,16.260000228881836,15.979999542236328,16.25,28042900
2022-10-07,12.350232124328613,15.420000076293945,16.040000915527344,15.300000190734863,15.960000038146973,40213400
2022-10-10,12.174029350280762,15.199999809265137,15.470000267028809,15.0600004196167,15.460000038146973,29475700
2022-10-11,12.005834579467773,14.989999771118164,15.270000457763672,14.9399995803833,15.180000305175781,30204200
2022-10-13,12.021852493286133,15.010000228881836,15.15999984741211,14.699999809265137,14.819999694824219,25868700
2022-10-14,11.877687454223633,14.829999923706055,15.119999885559082,14.789999961853027,15.020000457763672,16971400
2022-10-17,11.9497709274292,14.920000076293945,15.0600004196167,14.770000457763672,14.920000076293945,11542800
2022-10-18,11.93375301361084,14.899999618530273,15.130000114440918,14.819999694824219,15.0600004196167,24386300
2022-10-19,11.92574405670166,14.890000343322754,15.039999961853027,14.779999732971191,14.930000305175781,31016000
2022-10-20,12.045882225036621,15.039999961853027,15.109999656677246,14.899999618530273,14.960000038146973,25176800
2022-10-21,12.262130737304688,15.3100004196167,15.350000381469727,14.949999809265137,14.989999771118164,36933200
2022-10-24,12.158011436462402,15.180000305175781,15.34000015258789,15.020000457763672,15.15999984741211,19032100
2022-10-25,11.941760063171387,14.90999984741211,15.199999809265137,14.829999923706055,15.180000305175781,26198600
2022-10-26,12.093937873840332,15.100000381469727,15.149999618530273,14.600000381469727,14.800000190734863,33679000
2022-10-27,12.462361335754395,15.5600004196167,15.760000228881836,15.210000038146973,15.25,51627700
2022-10-28,12.630556106567383,15.770000457763672,15.770000457763672,15.479999542236328,15.5600004196167,29961700
2022-10-31,12.814767837524414,16.0,16.020000457763672,15.699999809265137,15.770000457763672,26748700
2022-11-01,12.646573066711426,15.789999961853027,16.139999389648438,15.770000457763672,16.030000686645508,28453200
2022-11-03,12.83078670501709,16.020000457763672,16.040000915527344,15.460000038146973,15.510000228881836,26575500
2022-11-04,13.175183296203613,16.450000762939453,16.559999465942383,16.040000915527344,16.170000076293945,30212300
2022-11-07,13.103099822998047,16.360000610351562,16.6200008392334,16.309999465942383,16.329999923706055,32125700
2022-11-08,13.407450675964355,16.739999771118164,16.780000686645508,16.190000534057617,16.260000228881836,31603000
2022-11-09,13.199211120605469,16.479999542236328,16.8799991607666,16.420000076293945,16.610000610351562,27623800
2022-11-10,12.806757926940918,15.989999771118164,16.479999542236328,15.869999885559082,16.15999984741211,56534200
2022-11-11,12.886850357055664,16.09000015258789,16.200000762939453,15.65999984741211,15.760000228881836,30034900
2022-11-14,12.774720191955566,15.949999809265137,16.3799991607666,15.779999732971191,16.329999923706055,20762300
2022-11-16,12.366250991821289,15.4399995803833,15.989999771118164,15.369999885559082,15.9399995803833,42516500
2022-11-17,12.334212303161621,15.399999618530273,15.529999732971191,15.0,15.300000190734863,35475900
2022-11-18,12.510416984558105,15.619999885559082,15.84000015258789,15.420000076293945,15.5600004196167,40152500
2022-11-21,12.55046272277832,15.670000076293945,15.800000190734863,15.520000457763672,15.779999732971191,15656100
2022-11-22,12.54245376586914,15.65999984741211,15.880000114440918,15.5,15.699999809265137,31512300
2022-11-23,12.590509414672852,15.720000267028809,15.850000381469727,15.550000190734863,15.649999618530273,26642400
2022-11-24,12.846805572509766,16.040000915527344,16.209999084472656,15.75,15.890000343322754,14019000
2022-11-25,12.630556106567383,15.770000457763672,16.06999969482422,15.6899995803833,16.030000686645508,16221100
2022-11-28,12.742684364318848,15.90999984741211,16.0,15.720000267028809,15.800000190734863,15172700
2022-11-29,12.622547149658203,15.760000228881836,16.049999237060547,15.6899995803833,15.90999984741211,23998200
2022-11-30,12.750693321228027,15.920000076293945,16.0,15.65999984741211,15.760000228881836,32952700
2022-12-01,12.878841400146484,16.079999923706055,16.15999984741211,15.880000114440918,15.920000076293945,28272700
2022-12-02,13.079072952270508,16.329999923706055,16.549999237060547,15.949999809265137,16.149999618530273,42011000
2022-12-05,12.83078670501709,16.020000457763672,16.200000762939453,15.970000267028809,16.030000686645508,22919200
2022-12-06,12.854813575744629,16.049999237060547,16.200000762939453,15.920000076293945,16.200000762939453,20081600
2022-12-07,12.814767837524414,16.0,16.139999389648438,15.869999885559082,16.1299991607666,26792000
2022-12-08,12.574490547180176,15.699999809265137,15.960000038146973,15.609999656677246,15.949999809265137,34785200
2022-12-09,12.42231559753418,15.510000228881836,15.800000190734863,15.510000228881836,15.779999732971191,25402800
2022-12-12,12.206067085266113,15.239999771118164,15.479999542236328,15.079999923706055,15.479999542236328,31800600
2022-12-13,12.238101959228516,15.279999732971191,15.59000015258789,15.140000343322754,15.289999961853027,62286000
2022-12-14,12.117964744567871,15.130000114440918,15.220000267028809,14.720000267028809,15.1899995803833,74145500
2022-12-15,12.01384449005127,15.0,15.220000267028809,14.899999618530273,15.010000228881836,36105800
2022-12-16,11.893706321716309,14.850000381469727,15.140000343322754,14.789999961853027,14.989999771118164,44559500
2022-12-19,12.198057174682617,15.229999542236328,15.470000267028809,14.920000076293945,14.979999542236328,43156700
2022-12-20,12.24215316772461,14.520000457763672,14.680000305175781,14.25,14.40999984741211,23944700
2022-12-21,12.098820686340332,14.350000381469727,14.710000038146973,14.3100004196167,14.569999694824219,40218600
2022-12-22,12.157838821411133,14.420000076293945,14.539999961853027,14.279999732971191,14.390000343322754,24158300
2022-12-23,12.326462745666504,14.619999885559082,14.760000228881836,14.460000038146973,14.5,30772700
2022-12-26,12.24215316772461,14.520000457763672,14.640000343322754,14.449999809265137,14.569999694824219,4149300
2022-12-27,12.24215316772461,14.520000457763672,14.65999984741211,14.420000076293945,14.600000381469727,13135400
2022-12-28,12.26744556427002,14.550000190734863,14.729999542236328,14.520000457763672,14.600000381469727,15002000
2022-12-29,12.24215316772461,14.520000457763672,14.670000076293945,14.430000305175781,14.670000076293945,22326300
2023-01-02,11.963921546936035,14.1899995803833,14.449999809265137,14.020000457763672,14.399999618530273,14995900
2023-01-03,11.94705867767334,14.170000076293945,14.390000343322754,14.109999656677246,14.15999984741211,36363800
2023-01-04,12.014509201049805,14.25,14.470000267028809,14.079999923706055,14.279999732971191,23791800
2023-01-05,12.048233985900879,14.289999961853027,14.40999984741211,14.140000343322754,14.270000457763672,31031500
2023-01-06,12.073527336120605,14.319999694824219,14.359999656677246,14.15999984741211,14.300000190734863,20889800
2023-01-09,12.140976905822754,14.399999618530273,14.470000267028809,14.270000457763672,14.289999961853027,24448600
2023-01-10,12.259014129638672,14.539999961853027,14.600000381469727,14.25,14.260000228881836,35535000
2023-01-11,12.048233985900879,14.289999961853027,14.789999961853027,13.949999809265137,14.510000228881836,74419600
2023-01-12,11.888040542602539,14.100000381469727,14.170000076293945,13.65999984741211,13.800000190734863,69959500
2023-01-13,11.702552795410156,13.880000114440918,14.050000190734863,13.770000457763672,14.0,44291300
2023-01-16,11.129229545593262,13.199999809265137,13.739999771118164,13.180000305175781,13.720000267028809,58837000
2023-01-17,11.685690879821777,13.859999656677246,13.949999809265137,13.199999809265137,13.300000190734863,68143400
2023-01-18,11.618241310119629,13.779999732971191,14.0600004196167,13.729999542236328,13.930000305175781,32154400
2023-01-19,11.500204086303711,13.640000343322754,13.850000381469727,13.550000190734863,13.670000076293945,51799200
2023-01-20,11.407459259033203,13.529999732971191,13.640000343322754,13.369999885559082,13.550000190734863,33626000
2023-01-23,11.314717292785645,13.420000076293945,13.680000305175781,13.359999656677246,13.5600004196167,29938500
2023-01-24,11.474908828735352,13.609999656677246,13.609999656677246,13.34000015258789,13.420000076293945,17822600
2023-01-25,11.559223175048828,13.710000038146973,13.739999771118164,13.470000267028809,13.550000190734863,22021000
2023-01-26,11.584515571594238,13.739999771118164,13.850000381469727,13.529999732971191,13.699999809265137,22793400
2023-01-27,11.508634567260742,13.649999618530273,13.75,13.59000015258789,13.75,23904300
2023-01-30,11.407459259033203,13.529999732971191,13.699999809265137,13.4399995803833,13.6899995803833,32850700
2023-01-31,11.517065048217773,13.65999984741211,13.739999771118164,13.5,13.619999885559082,35608800
2023-02-01,11.112367630004883,13.180000305175781,13.729999542236328,12.850000381469727,13.640000343322754,136662100
2023-02-02,11.05334758758545,13.109999656677246,13.529999732971191,13.0,13.0600004196167,49730600
2023-02-03,10.943741798400879,12.979999542236328,13.220000267028809,12.90999984741211,13.069999694824219,40568400
2023-02-06,10.97746753692627,13.020000457763672,13.199999809265137,12.949999809265137,13.039999961853027,25649000
2023-02-07,10.9268798828125,12.960000038146973,13.079999923706055,12.890000343322754,13.020000457763672,22344400
2023-02-08,11.120798110961914,13.1899995803833,13.239999771118164,12.930000305175781,13.039999961853027,24324300
2023-02-09,10.97746753692627,13.020000457763672,13.229999542236328,12.949999809265137,13.149999618530273,17206200
2023-02-10,10.84256649017334,12.859999656677246,12.989999771118164,12.600000381469727,12.979999542236328,49142000
2023-02-13,11.070211410522461,13.130000114440918,13.170000076293945,12.850000381469727,12.859999656677246,16722700
2023-02-14,10.960604667663574,13.0,13.359999656677246,12.989999771118164,13.149999618530273,29701200
2023-02-15,11.154522895812988,13.229999542236328,13.369999885559082,12.930000305175781,12.989999771118164,35211800
2023-02-16,11.028053283691406,13.079999923706055,13.300000190734863,12.960000038146973,13.25,34528900
2023-02-17,11.129229545593262,13.199999809265137,13.25,13.010000228881836,13.039999961853027,13404000
2023-02-22,11.13766098022461,13.210000038146973,13.3100004196167,13.050000190734863,13.050000190734863,29184000
2023-02-23,11.17138671875,13.25,13.399999618530273,13.119999885559082,13.210000038146973,24914000
2023-02-24,11.2304048538208,13.319999694824219,13.399999618530273,13.079999923706055,13.220000267028809,26791100
2023-02-27,11.297853469848633,13.399999618530273,13.460000038146973,13.260000228881836,13.380000114440918,30248900
2023-02-28,11.289422988891602,13.390000343322754,13.59000015258789,13.34000015258789,13.430000305175781,39333900
2023-03-01,11.35687255859375,13.470000267028809,13.630000114440918,13.260000228881836,13.420000076293945,28582000
2023-03-02,11.070211410522461,13.130000114440918,13.539999961853027,13.069999694824219,13.470000267028809,47796400
2023-03-03,11.05334758758545,13.109999656677246,13.220000267028809,12.989999771118164,13.119999885559082,22570600
2023-03-06,11.382165908813477,13.5,13.579999923706055,13.130000114440918,13.180000305175781,29101800
2023-03-07,11.323147773742676,13.430000305175781,13.619999885559082,13.300000190734863,13.470000267028809,23803700
2023-03-08,11.483341217041016,13.619999885559082,13.640000343322754,13.350000381469727,13.399999618530273,24867300
2023-03-09,11.46647834777832,13.600000381469727,13.779999732971191,13.5600004196167,13.5600004196167,19988600
2023-03-10,11.390599250793457,13.510000228881836,13.699999809265137,13.460000038146973,13.520000457763672,25089300
2023-03-13,11.474908828735352,13.609999656677246,13.729999542236328,13.470000267028809,13.5,15168800
2023-03-14,11.761570930480957,13.949999809265137,14.079999923706055,13.59000015258789,13.609999656677246,52093500
2023-03-15,11.82059097290039,14.020000457763672,14.100000381469727,13.75,13.800000190734863,36367400
2023-03-16,12.022939682006836,14.260000228881836,14.40999984741211,14.0,14.0,29043700
2023-03-17,11.989215850830078,14.220000267028809,14.399999618530273,14.09000015258789,14.199999809265137,52021500
2023-03-20,11.904902458190918,14.119999885559082,14.270000457763672,14.050000190734863,14.199999809265137,33729400
2023-03-21,11.761570930480957,13.949999809265137,14.180000305175781,13.899999618530273,14.140000343322754,16500900
2023-03-22,11.761570930480957,13.949999809265137,14.09000015258789,13.890000343322754,13.90999984741211,16107100
2023-03-23,11.618241310119629,13.779999732971191,14.149999618530273,13.670000076293945,14.010000228881836,26202600
2023-03-24,11.710986137390137,13.890000343322754,14.020000457763672,13.75,13.84000015258789,27154200
2023-03-27,11.744710922241211,13.930000305175781,14.109999656677246,13.880000114440918,14.0,15709700
2023-03-28,12.301170349121094,14.59000015258789,15.029999732971191,13.899999618530273,13.949999809265137,121741000
2023-03-29,12.48665714263916,14.8100004196167,14.920000076293945,14.489999771118164,14.65999984741211,40734700
2023-03-30,12.495089530944824,14.819999694824219,15.050000190734863,14.75,15.0,24247000
2023-03-31,12.081958770751953,14.329999923706055,14.920000076293945,14.1899995803833,14.869999885559082,68236900
2023-04-03,12.081958770751953,14.329999923706055,14.350000381469727,14.039999961853027,14.229999542236328,24136100
2023-04-04,12.166271209716797,14.430000305175781,14.619999885559082,14.229999542236328,14.40999984741211,25925800
2023-04-05,12.140976905822754,14.399999618530273,14.630000114440918,14.210000038146973,14.510000228881836,20359100
2023-04-06,12.166271209716797,14.430000305175781,14.609999656677246,14.239999771118164,14.239999771118164,39044600
2023-04-10,12.191564559936523,14.460000038146973,14.779999732971191,14.34000015258789,14.5,31288100
2023-04-11,12.461362838745117,14.779999732971191,14.869999885559082,14.390000343322754,14.489999771118164,43646400
2023-04-12,12.444500923156738,14.760000228881836,14.930000305175781,14.640000343322754,14.819999694824219,38015500
2023-04-13,12.301170349121094,14.59000015258789,14.84000015258789,14.430000305175781,14.729999542236328,25996600
2023-04-14,12.351758003234863,14.649999618530273,14.729999542236328,14.4399995803833,14.5,14511000
2023-04-17,12.436070442199707,14.75,14.770000457763672,14.569999694824219,14.729999542236328,12975100
2023-04-18,12.334895133972168,14.630000114440918,14.819999694824219,14.539999961853027,14.760000228881836,17645400
2023-04-19,12.292738914489746,14.579999923706055,14.680000305175781,14.430000305175781,14.529999732971191,22727300
2023-04-20,12.309602737426758,14.600000381469727,14.800000190734863,14.5600004196167,14.609999656677246,25584600
2023-04-24,12.0903902053833,14.34000015258789,14.739999771118164,14.270000457763672,14.65999984741211,39968000
2023-04-25,12.048233985900879,14.289999961853027,14.380000114440918,14.0600004196167,14.279999732971191,29356500
2023-04-26,11.98078441619873,14.210000038146973,14.380000114440918,14.149999618530273,14.199999809265137,19935800
2023-04-27,11.938628196716309,14.15999984741211,14.25,14.010000228881836,14.180000305175781,16155400
2023-04-28,11.938628196716309,14.15999984741211,14.220000267028809,13.979999542236328,14.100000381469727,21948100
2023-05-02,12.022939682006836,14.260000228881836,14.319999694824219,13.960000038146973,14.0600004196167,26656000
2023-05-03,12.292738914489746,14.579999923706055,14.680000305175781,14.130000114440918,14.25,34868300
2023-05-04,12.334895133972168,14.630000114440918,15.3100004196167,14.470000267028809,15.199999809265137,54120800
2023-05-05,12.21685791015625,14.489999771118164,14.710000038146973,14.300000190734863,14.670000076293945,25846600
2023-05-08,12.233721733093262,14.510000228881836,14.640000343322754,14.430000305175781,14.569999694824219,18558200
2023-05-09,12.225290298461914,14.5,14.569999694824219,14.4399995803833,14.489999771118164,14106700
2023-05-10,12.140976905822754,14.399999618530273,14.489999771118164,14.279999732971191,14.4399995803833,32128700
2023-05-11,12.225290298461914,14.5,14.65999984741211,14.40999984741211,14.40999984741211,24022900
2023-05-12,12.183134078979492,14.449999809265137,14.5,14.270000457763672,14.40999984741211,17911800
2023-05-15,12.326462745666504,14.619999885559082,14.65999984741211,14.470000267028809,14.479999542236328,12250300
2023-05-16,12.309602737426758,14.600000381469727,14.84000015258789,14.600000381469727,14.670000076293945,12620000
2023-05-17,12.275877952575684,14.5600004196167,14.65999984741211,14.470000267028809,14.649999618530273,21093400
2023-05-18,12.26744556427002,14.550000190734863,14.59000015258789,14.369999885559082,14.539999961853027,28578200
2023-05-19,12.292738914489746,14.579999923706055,14.770000457763672,14.399999618530273,14.600000381469727,26033100
2023-05-22,12.326462745666504,14.619999885559082,14.84000015258789,14.5600004196167,14.75,19796100
2023-05-23,12.301170349121094,14.59000015258789,14.670000076293945,14.460000038146973,14.579999923706055,12569600
2023-05-24,12.360191345214844,14.65999984741211,14.800000190734863,14.489999771118164,14.489999771118164,13887400
2023-05-25,12.427639961242676,14.739999771118164,14.930000305175781,14.649999618530273,14.850000381469727,20059400
2023-05-26,12.444500923156738,14.760000228881836,14.899999618530273,14.640000343322754,14.8100004196167,9976800
2023-05-29,12.444500923156738,14.760000228881836,14.850000381469727,14.600000381469727,14.670000076293945,5236900
2023-05-30,12.208427429199219,14.479999542236328,14.890000343322754,14.420000076293945,14.829999923706055,24198200
2023-05-31,12.149408340454102,14.40999984741211,14.449999809265137,14.239999771118164,14.4399995803833,41149000
2023-06-01,12.006075859069824,14.239999771118164,14.420000076293945,14.210000038146973,14.350000381469727,21073100
2023-06-02,12.191564559936523,14.460000038146973,14.619999885559082,14.25,14.399999618530273,26641200
2023-06-05,12.149408340454102,14.40999984741211,14.520000457763672,14.34000015258789,14.420000076293945,13795200
2023-06-06,12.495089530944824,14.819999694824219,14.850000381469727,14.40999984741211,14.460000038146973,38723100
2023-06-07,12.520383834838867,14.850000381469727,15.029999732971191,14.649999618530273,14.890000343322754,29670300
2023-06-09,12.764888763427734,15.140000343322754,15.170000076293945,14.890000343322754,14.920000076293945,27318300
2023-06-12,12.78175163269043,15.15999984741211,15.229999542236328,14.930000305175781,15.140000343322754,23053500
2023-06-13,12.874495506286621,15.270000457763672,15.300000190734863,15.050000190734863,15.210000038146973,17207900
2023-06-14,12.925082206726074,15.329999923706055,15.430000305175781,15.079999923706055,15.260000228881836,38582700
2023-06-15,12.80704402923584,15.1899995803833,15.350000381469727,14.989999771118164,15.229999542236328,19514800
2023-06-16,12.705869674682617,15.069999694824219,15.279999732971191,15.050000190734863,15.140000343322754,42108400
2023-06-19,12.739595413208008,15.109999656677246,15.180000305175781,15.029999732971191,15.069999694824219,8520800
2023-06-20,12.764888763427734,15.140000343322754,15.149999618530273,15.010000228881836,15.0600004196167,17804600
2023-06-21,12.882925033569336,15.279999732971191,15.3100004196167,15.079999923706055,15.130000114440918,15349000
2023-06-22,13.11056900024414,15.550000190734863,15.600000381469727,15.1899995803833,15.1899995803833,24788600
2023-06-23,13.059981346130371,15.489999771118164,15.59000015258789,15.4399995803833,15.550000190734863,15765000
2023-06-26,12.933514595031738,15.34000015258789,15.5,15.1899995803833,15.489999771118164,17722200
2023-06-27,12.967238426208496,15.380000114440918,15.460000038146973,15.1899995803833,15.390000343322754,13978600
2023-06-28,12.832338333129883,15.220000267028809,15.430000305175781,15.15999984741211,15.420000076293945,21624500
2023-06-29,12.832338333129883,15.220000267028809,15.350000381469727,15.1899995803833,15.270000457763672,14781100
2023-06-30,12.992531776428223,15.40999984741211,15.470000267028809,15.25,15.350000381469727,18270700
2023-07-03,12.992531776428223,15.40999984741211,15.5,15.319999694824219,15.5,9309100
2023-07-04,12.764888763427734,15.140000343322754,15.399999618530273,15.100000381469727,15.399999618530273,12338500
2023-07-05,12.823908805847168,15.210000038146973,15.3100004196167,15.100000381469727,15.140000343322754,16649000
2023-07-06,12.503520965576172,14.829999923706055,15.260000228881836,14.800000190734863,15.149999618530273,28789100
2023-07-07,12.520383834838867,14.850000381469727,15.079999923706055,14.8100004196167,14.829999923706055,18082900
2023-07-10,12.655282974243164,15.010000228881836,15.779999732971191,14.930000305175781,15.449999809265137,30024500
2023-07-11,12.334895133972168,14.630000114440918,14.960000038146973,14.579999923706055,14.9399995803833,26625300
2023-07-12,12.385483741760254,14.6899995803833,14.8100004196167,14.579999923706055,14.609999656677246,17859500
2023-07-13,12.444500923156738,14.760000228881836,14.890000343322754,14.630000114440918,14.65999984741211,13600600
2023-07-14,12.427639961242676,14.739999771118164,14.800000190734863,14.5600004196167,14.710000038146973,13152500
2023-07-17,12.495089530944824,14.819999694824219,14.829999923706055,14.630000114440918,14.720000267028809,21044500
2023-07-18,12.368620872497559,14.670000076293945,14.930000305175781,14.619999885559082,14.779999732971191,49083400
2023-07-19,12.334895133972168,14.630000114440918,14.75,14.470000267028809,14.710000038146973,34813800
2023-07-20,12.579401969909668,14.920000076293945,14.989999771118164,14.489999771118164,14.75,42121000
2023-07-21,12.899788856506348,15.300000190734863,15.470000267028809,14.880000114440918,14.880000114440918,44120600
2023-07-24,12.748025894165039,15.119999885559082,15.369999885559082,15.010000228881836,15.220000267028809,28477500
2023-07-25,12.672144889831543,15.029999732971191,15.270000457763672,14.789999961853027,15.239999771118164,25287600
2023-07-26,12.629988670349121,14.979999542236328,15.050000190734863,14.869999885559082,14.970000267028809,22007900
2023-07-27,12.393914222717285,14.699999809265137,15.039999961853027,14.680000305175781,14.949999809265137,24140400
2023-07-28,12.613126754760742,14.960000038146973,15.0,14.65999984741211,14.75,15430600
2023-07-31,12.528813362121582,14.859999656677246,15.100000381469727,14.770000457763672,14.970000267028809,16905900
2023-08-01,12.629988670349121,14.979999542236328,15.029999732971191,14.65999984741211,14.8100004196167,18921400
2023-08-02,12.689007759094238,15.050000190734863,15.1899995803833,14.859999656677246,14.949999809265137,22855900
2023-08-03,12.334895133972168,14.630000114440918,15.449999809265137,14.550000190734863,15.079999923706055,63225600
2023-08-04,12.402345657348633,14.710000038146973,14.899999618530273,14.539999961853027,14.65999984741211,22648600
2023-08-07,12.37705135345459,14.680000305175781,14.75,14.539999961853027,14.75,15395800
2023-08-08,12.225290298461914,14.5,14.680000305175781,14.460000038146973,14.479999542236328,15367000
2023-08-09,12.124115943908691,14.380000114440918,14.5,14.289999961853027,14.460000038146973,19585700
2023-08-10,12.115683555603027,14.369999885559082,14.619999885559082,14.319999694824219,14.479999542236328,9563200
2023-08-11,12.10725212097168,14.359999656677246,14.470000267028809,14.279999732971191,14.4399995803833,15263200
2023-08-14,12.081958770751953,14.329999923706055,14.449999809265137,14.210000038146973,14.359999656677246,17113600
2023-08-15,11.972352027893066,14.199999809265137,14.420000076293945,14.180000305175781,14.369999885559082,14551800
2023-08-16,11.955490112304688,14.180000305175781,14.350000381469727,14.140000343322754,14.199999809265137,39194000
2023-08-17,11.989215850830078,14.220000267028809,14.359999656677246,14.079999923706055,14.229999542236328,39513800
2023-08-18,12.10725212097168,14.359999656677246,14.380000114440918,14.170000076293945,14.220000267028809,20322700
2023-08-21,12.065096855163574,14.3100004196167,14.430000305175781,14.260000228881836,14.399999618530273,18739800
2023-08-22,12.157838821411133,14.420000076293945,14.510000228881836,14.239999771118164,14.270000457763672,27151300
2023-08-23,12.183134078979492,14.449999809265137,14.59000015258789,14.34000015258789,14.34000015258789,27857800
2023-08-24,11.963921546936035,14.1899995803833,14.489999771118164,14.15999984741211,14.449999809265137,26953700
2023-08-25,11.795296669006348,13.989999771118164,14.25,13.670000076293945,14.25,55070100
2023-08-28,11.98078441619873,14.210000038146973,14.3100004196167,13.859999656677246,14.020000457763672,35551200
2023-08-29,12.022939682006836,14.260000228881836,14.34000015258789,14.170000076293945,14.270000457763672,14591500
2023-08-30,11.955490112304688,14.180000305175781,14.34000015258789,14.170000076293945,14.229999542236328,25045400
2023-08-31,11.668828964233398,13.84000015258789,14.15999984741211,13.710000038146973,14.140000343322754,44974800
2023-09-01,11.694121360778809,13.869999885559082,14.0,13.6899995803833,13.850000381469727,20325700
2023-09-04,11.685690879821777,13.859999656677246,13.979999542236328,13.760000228881836,13.90999984741211,23856400
2023-09-05,11.812159538269043,14.010000228881836,14.210000038146973,13.819999694824219,13.899999618530273,37047300
2023-09-06,11.786866188049316,13.979999542236328,14.15999984741211,13.960000038146973,13.989999771118164,26849800
2023-09-08,11.550792694091797,13.699999809265137,13.960000038146973,13.699999809265137,13.949999809265137,23119600
2023-09-11,11.694121360778809,13.869999885559082,13.920000076293945,13.710000038146973,13.789999961853027,14866900
2023-09-12,11.559223175048828,13.710000038146973,13.899999618530273,13.65999984741211,13.850000381469727,18024700
2023-09-13,11.500204086303711,13.640000343322754,13.819999694824219,13.630000114440918,13.710000038146973,32126800
2023-09-14,11.407459259033203,13.529999732971191,13.720000267028809,13.5,13.680000305175781,21983200
2023-09-15,11.314717292785645,13.420000076293945,13.609999656677246,13.399999618530273,13.550000190734863,39186700
2023-09-18,11.289422988891602,13.390000343322754,13.479999542236328,13.3100004196167,13.390000343322754,19997200
2023-09-19,11.323147773742676,13.430000305175781,13.550000190734863,13.300000190734863,13.3100004196167,25991300
2023-09-20,11.35687255859375,13.470000267028809,13.5600004196167,13.449999809265137,13.470000267028809,15729400
2023-09-21,11.16295337677002,13.239999771118164,13.399999618530273,13.199999809265137,13.319999694824219,29875400
2023-09-22,11.061779975891113,13.119999885559082,13.279999732971191,13.100000381469727,13.25,16325200
2023-09-25,11.14609146118164,13.220000267028809,13.329999923706055,13.109999656677246,13.149999618530273,20229100
2023-09-26,10.994329452514648,13.039999961853027,13.229999542236328,13.0,13.1899995803833,29094600
2023-09-27,10.935312271118164,12.970000267028809,13.100000381469727,12.859999656677246,13.079999923706055,32045700
2023-09-28,10.943741798400879,12.979999542236328,13.130000114440918,12.930000305175781,13.0,43949200
2023-09-29,11.05334758758545,13.109999656677246,13.170000076293945,13.050000190734863,13.079999923706055,22876500
2023-10-02,11.03648567199707,13.09000015258789,13.149999618530273,12.979999542236328,13.109999656677246,17955500
2023-10-03,11.002760887145996,13.050000190734863,13.289999961853027,12.9399995803833,13.0600004196167,31511700
2023-10-04,11.13766098022461,13.210000038146973,13.270000457763672,13.039999961853027,13.050000190734863,15774100
2023-10-05,10.8678617477417,12.890000343322754,13.229999542236328,12.859999656677246,13.180000305175781,31497000
2023-10-06,11.120798110961914,13.1899995803833,13.279999732971191,12.739999771118164,12.800000190734863,40211800
2023-10-09,11.103934288024902,13.170000076293945,13.1899995803833,13.050000190734863,13.149999618530273,15459500
2023-10-10,11.17138671875,13.25,13.359999656677246,13.119999885559082,13.170000076293945,18408800
2023-10-11,11.205110549926758,13.289999961853027,13.329999923706055,13.1899995803833,13.25,14042700
2023-10-13,10.943741798400879,12.979999542236328,13.279999732971191,12.920000076293945,13.279999732971191,24773100
2023-10-16,10.969036102294922,13.010000228881836,13.079999923706055,12.949999809265137,13.010000228881836,12422600
2023-10-17,10.791979789733887,12.800000190734863,12.989999771118164,12.779999732971191,12.899999618530273,21533400
2023-10-18,10.564335823059082,12.529999732971191,12.779999732971191,12.489999771118164,12.739999771118164,41902700
2023-10-19,10.555907249450684,12.520000457763672,12.6899995803833,12.510000228881836,12.5600004196167,15581700
2023-10-20,10.530611038208008,12.489999771118164,12.630000114440918,12.399999618530273,12.449999809265137,14749400
2023-10-23,10.52217960357666,12.479999542236328,12.569999694824219,12.380000114440918,12.460000038146973,11943700
2023-10-24,10.555907249450684,12.520000457763672,12.59000015258789,12.329999923706055,12.579999923706055,32749400
2023-10-25,10.488455772399902,12.4399995803833,12.539999961853027,12.399999618530273,12.510000228881836,14976900
2023-10-26,10.648649215698242,12.630000114440918,12.779999732971191,12.40999984741211,12.479999542236328,25002300
2023-10-27,10.36198616027832,12.289999961853027,12.630000114440918,12.279999732971191,12.579999923706055,27730300
2023-10-30,10.421004295349121,12.359999656677246,12.489999771118164,12.300000190734863,12.399999618530273,26078000
2023-10-31,10.84256649017334,12.859999656677246,12.949999809265137,12.609999656677246,12.949999809265137,64210200
2023-11-01,10.952173233032227,12.989999771118164,13.0,12.760000228881836,12.899999618530273,40528700
2023-11-03,11.205110549926758,13.289999961853027,13.369999885559082,13.050000190734863,13.100000381469727,27360200
2023-11-06,11.390599250793457,13.510000228881836,13.569999694824219,13.289999961853027,13.34000015258789,20562100
2023-11-07,11.44118595123291,13.569999694824219,13.59000015258789,13.460000038146973,13.5,20565500
2023-11-08,11.415891647338867,13.539999961853027,13.680000305175781,13.520000457763672,13.59000015258789,29629700
2023-11-09,11.306285858154297,13.40999984741211,13.569999694824219,13.369999885559082,13.569999694824219,18858200
2023-11-10,11.255698204040527,13.350000381469727,13.489999771118164,13.350000381469727,13.449999809265137,15140600
2023-11-13,11.323147773742676,13.430000305175781,13.550000190734863,13.289999961853027,13.369999885559082,16559200
2023-11-14,11.550792694091797,13.699999809265137,13.75,13.449999809265137,13.5,24478100
2023-11-16,11.525497436523438,13.670000076293945,13.800000190734863,13.550000190734863,13.699999809265137,45772900
2023-11-17,11.46647834777832,13.600000381469727,13.739999771118164,13.520000457763672,13.710000038146973,36893100
2023-11-20,11.46647834777832,13.600000381469727,13.710000038146973,13.470000267028809,13.609999656677246,15170600
2023-11-21,11.33157730102539,13.4399995803833,13.619999885559082,13.359999656677246,13.600000381469727,17196400
2023-11-22,11.44118595123291,13.569999694824219,13.600000381469727,13.430000305175781,13.489999771118164,29650400
2023-11-23,11.424323081970215,13.550000190734863,13.760000228881836,13.270000457763672,13.609999656677246,32233900
2023-11-24,11.289422988891602,13.390000343322754,13.539999961853027,13.279999732971191,13.5,18133100
2023-11-27,11.449615478515625,13.579999923706055,13.630000114440918,13.369999885559082,13.4399995803833,22972800
2023-11-28,11.508634567260742,13.649999618530273,13.710000038146973,13.520000457763672,13.520000457763672,14913700
2023-11-29,11.213541030883789,13.300000190734863,13.6899995803833,13.300000190734863,13.630000114440918,19363500
2023-11-30,11.5423583984375,13.6899995803833,13.739999771118164,13.25,13.300000190734863,41991100
2023-12-01,11.871177673339844,14.079999923706055,14.079999923706055,13.600000381469727,13.6899995803833,30042200
2023-12-04,11.854316711425781,14.0600004196167,14.09000015258789,13.989999771118164,14.029999732971191,9861400
2023-12-05,12.006075859069824,14.239999771118164,14.369999885559082,14.069999694824219,14.079999923706055,36765000
2023-12-06,11.795296669006348,13.989999771118164,14.319999694824219,13.90999984741211,14.270000457763672,20919500
2023-12-07,11.871177673339844,14.079999923706055,14.279999732971191,14.020000457763672,14.020000457763672,11940500
2023-12-08,12.065096855163574,14.3100004196167,14.489999771118164,14.170000076293945,14.279999732971191,16690900
2023-12-11,12.073527336120605,14.319999694824219,14.390000343322754,14.220000267028809,14.239999771118164,11080900
2023-12-12,11.997645378112793,14.229999542236328,14.34000015258789,14.180000305175781,14.279999732971191,10541600
2023-12-13,12.393914222717285,14.699999809265137,14.800000190734863,14.140000343322754,14.270000457763672,53960800
2023-12-14,12.225290298461914,14.5,14.869999885559082,14.300000190734863,14.850000381469727,60791700
2023-12-15,12.199996948242188,14.470000267028809,14.569999694824219,14.390000343322754,14.5,33747300
2023-12-18,12.26744556427002,14.550000190734863,14.640000343322754,14.430000305175781,14.5,24363100
2023-12-19,12.393914222717285,14.699999809265137,14.779999732971191,14.550000190734863,14.59000015258789,32674700
2023-12-20,12.190035820007324,13.739999771118164,13.949999809265137,13.670000076293945,13.9399995803833,24316200
2023-12-21,12.154548645019531,13.699999809265137,13.819999694824219,13.59000015258789,13.819999694824219,28969600
2023-12-22,12.163421630859375,13.710000038146973,13.829999923706055,13.65999984741211,13.6899995803833,19864700
2023-12-26,12.216652870178223,13.770000457763672,13.8100004196167,13.6899995803833,13.720000267028809,6884800
2023-12-27,12.278756141662598,13.84000015258789,13.84000015258789,13.720000267028809,13.779999732971191,10305900
2023-12-28,12.181164741516113,13.729999542236328,13.850000381469727,13.729999542236328,13.800000190734863,16500300
2024-01-02,12.163421630859375,13.710000038146973,13.729999542236328,13.59000015258789,13.720000267028809,11690200
2024-01-03,12.065829277038574,13.600000381469727,13.75,13.569999694824219,13.670000076293945,17612200
2024-01-04,12.110189437866211,13.649999618530273,13.680000305175781,13.520000457763672,13.600000381469727,19996000
2024-01-05,12.065829277038574,13.600000381469727,13.6899995803833,13.529999732971191,13.619999885559082,18293900
2024-01-08,12.163421630859375,13.710000038146973,13.75,13.579999923706055,13.609999656677246,11014600
2024-01-09,12.083574295043945,13.619999885559082,13.6899995803833,13.550000190734863,13.6899995803833,15705100
2024-01-10,12.207782745361328,13.760000228881836,13.829999923706055,13.600000381469727,13.619999885559082,18313300
2024-01-11,12.030343055725098,13.5600004196167,13.770000457763672,13.510000228881836,13.710000038146973,22254100
2024-01-12,12.056958198547363,13.59000015258789,13.720000267028809,13.4399995803833,13.520000457763672,20300600
2024-01-15,12.056958198547363,13.59000015258789,13.600000381469727,13.460000038146973,13.479999542236328,4752100
2024-01-16,11.844033241271973,13.350000381469727,13.520000457763672,13.34000015258789,13.4399995803833,24233000
2024-01-17,11.915006637573242,13.430000305175781,13.510000228881836,13.329999923706055,13.329999923706055,12493800
2024-01-18,11.835160255432129,13.34000015258789,13.420000076293945,13.25,13.420000076293945,18425500
2024-01-19,11.844033241271973,13.350000381469727,13.420000076293945,13.260000228881836,13.40999984741211,28017100
2024-01-22,11.852903366088867,13.359999656677246,13.449999809265137,13.229999542236328,13.380000114440918,16245600
2024-01-23,11.861775398254395,13.369999885559082,13.430000305175781,13.229999542236328,13.390000343322754,16851900
2024-01-24,11.781928062438965,13.279999732971191,13.4399995803833,13.1899995803833,13.4399995803833,16080200
2024-01-25,11.710952758789062,13.199999809265137,13.279999732971191,13.140000343322754,13.220000267028809,12841800
2024-01-26,11.710952758789062,13.199999809265137,13.289999961853027,13.149999618530273,13.260000228881836,6568000
2024-01-29,11.7553129196167,13.25,13.289999961853027,13.119999885559082,13.15999984741211,10163100
2024-01-30,11.569001197814941,13.039999961853027,13.25,13.029999732971191,13.220000267028809,22516400
2024-01-31,11.60448932647705,13.079999923706055,13.220000267028809,13.029999732971191,13.079999923706055,25269100
2024-02-01,11.595617294311523,13.069999694824219,13.109999656677246,12.899999618530273,13.069999694824219,27075000
2024-02-02,11.595617294311523,13.069999694824219,13.199999809265137,12.960000038146973,13.079999923706055,22938800
2024-02-05,11.613361358642578,13.09000015258789,13.1899995803833,13.039999961853027,13.079999923706055,16606500
2024-02-06,11.737567901611328,13.229999542236328,13.300000190734863,13.069999694824219,13.069999694824219,29715800
2024-02-07,11.533514022827148,13.0,13.3100004196167,12.930000305175781,13.25,37752200
2024-02-08,11.489154815673828,12.949999809265137,13.039999961853027,12.899999618530273,12.960000038146973,23297000
2024-02-09,11.489154815673828,12.949999809265137,12.979999542236328,12.8100004196167,12.920000076293945,15447300
2024-02-14,11.462536811828613,12.920000076293945,12.9399995803833,12.819999694824219,12.880000114440918,16255700
2024-02-15,11.400435447692871,12.850000381469727,13.020000457763672,12.84000015258789,12.930000305175781,27820200
2024-02-16,11.320588111877441,12.760000228881836,12.899999618530273,12.75,12.899999618530273,21074800
2024-02-19,11.364947319030762,12.8100004196167,12.8100004196167,12.649999618530273,12.770000457763672,9229700
2024-02-20,11.400435447692871,12.850000381469727,13.09000015258789,12.779999732971191,12.8100004196167,26872100
2024-02-21,11.444794654846191,12.899999618530273,12.920000076293945,12.75,12.84000015258789,13911900
2024-02-22,11.498025894165039,12.960000038146973,13.010000228881836,12.859999656677246,12.930000305175781,16110800
2024-02-23,11.435922622680664,12.890000343322754,13.010000228881836,12.819999694824219,13.0,18944400
2024-02-26,11.569001197814941,13.039999961853027,13.100000381469727,12.829999923706055,12.829999923706055,12942000
2024-02-27,11.808545112609863,13.3100004196167,13.329999923706055,13.069999694824219,13.109999656677246,31668800
2024-02-28,11.932751655578613,13.449999809265137,13.59000015258789,13.260000228881836,13.270000457763672,34495200
2024-02-29,11.160892486572266,12.579999923706055,12.989999771118164,12.399999618530273,12.920000076293945,88182100
2024-03-01,11.0366849899292,12.4399995803833,12.670000076293945,12.300000190734863,12.460000038146973,51174000
2024-03-04,11.072172164916992,12.479999542236328,12.569999694824219,12.40999984741211,12.449999809265137,16560500
2024-03-05,11.311715126037598,12.75,12.829999923706055,12.449999809265137,12.529999732971191,33369400
2024-03-06,11.25848388671875,12.6899995803833,12.979999542236328,12.569999694824219,12.800000190734863,45103900
2024-03-07,11.22299575805664,12.649999618530273,12.729999542236328,12.520000457763672,12.630000114440918,12954500
2024-03-08,11.391563415527344,12.84000015258789,12.920000076293945,12.550000190734863,12.550000190734863,54292500
2024-03-11,11.35607624053955,12.800000190734863,12.899999618530273,12.680000305175781,12.770000457763672,20348100
2024-03-12,11.391563415527344,12.84000015258789,12.899999618530273,12.760000228881836,12.829999923706055,25358500
2024-03-13,11.311715126037598,12.75,12.90999984741211,12.699999809265137,12.819999694824219,24872300
2024-03-14,11.35607624053955,12.800000190734863,12.8100004196167,12.670000076293945,12.739999771118164,27666100
2024-03-15,11.205252647399902,12.630000114440918,12.859999656677246,12.609999656677246,12.859999656677246,36174000
2024-03-18,11.205252647399902,12.630000114440918,12.680000305175781,12.539999961853027,12.649999618530273,24187500
2024-03-19,11.125405311584473,12.539999961853027,12.6899995803833,12.470000267028809,12.630000114440918,26464600
2024-03-20,11.125405311584473,12.539999961853027,12.59000015258789,12.369999885559082,12.529999732971191,48407800
2024-03-21,11.187507629394531,12.609999656677246,12.609999656677246,12.4399995803833,12.520000457763672,29217300
2024-03-22,11.010068893432617,12.40999984741211,12.569999694824219,12.369999885559082,12.5600004196167,18151900
2024-03-25,10.850375175476074,12.229999542236328,12.5,12.229999542236328,12.399999618530273,21593700
2024-03-26,11.010068893432617,12.40999984741211,12.489999771118164,12.170000076293945,12.199999809265137,32319600
2024-03-27,11.045557975769043,12.449999809265137,12.449999809265137,12.300000190734863,12.359999656677246,26211600
2024-03-28,11.08104419708252,12.489999771118164,12.550000190734863,12.359999656677246,12.380000114440918,44405600
2024-04-01,10.939094543457031,12.329999923706055,12.539999961853027,12.270000457763672,12.5,21031000
2024-04-02,10.885862350463867,12.270000457763672,12.420000076293945,12.270000457763672,12.34000015258789,19115800
2024-04-03,11.045557975769043,12.449999809265137,12.510000228881836,12.130000114440918,12.25,36137900
2024-04-04,11.063302040100098,12.470000267028809,12.699999809265137,12.460000038146973,12.470000267028809,31881300
2024-04-05,10.850375175476074,12.229999542236328,12.550000190734863,12.039999961853027,12.520000457763672,71144500
2024-04-08,10.79714298248291,12.170000076293945,12.270000457763672,12.119999885559082,12.220000267028809,18919200
2024-04-09,10.965709686279297,12.359999656677246,12.420000076293945,12.180000305175781,12.210000038146973,23795200
2024-04-10,10.735040664672852,12.100000381469727,12.380000114440918,12.100000381469727,12.270000457763672,23028800
2024-04-11,10.823759078979492,12.199999809265137,12.3100004196167,12.069999694824219,12.100000381469727,21019300
2024-04-12,10.752784729003906,12.119999885559082,12.210000038146973,12.050000190734863,12.15999984741211,16269700
2024-04-15,10.708422660827637,12.069999694824219,12.149999618530273,11.979999542236328,12.100000381469727,31625300
2024-04-16,10.59308910369873,11.9399995803833,12.109999656677246,11.9399995803833,12.0,31317300
2024-04-17,10.566473007202148,11.90999984741211,12.039999961853027,11.84000015258789,12.0,26530200
2024-04-18,10.610831260681152,11.960000038146973,12.020000457763672,11.84000015258789,11.920000076293945,28663900
2024-04-19,10.601961135864258,11.949999809265137,12.100000381469727,11.949999809265137,11.970000267028809,25809800
2024-04-22,10.601961135864258,11.949999809265137,12.100000381469727,11.949999809265137,11.989999771118164,23450600
2024-04-23,10.522112846374512,11.859999656677246,12.0,11.829999923706055,11.899999618530273,18581900
2024-04-24,10.681808471679688,12.039999961853027,12.100000381469727,11.84000015258789,11.84000015258789,37013000
2024-04-25,10.66406536102295,12.020000457763672,12.100000381469727,11.880000114440918,12.0600004196167,23667800
2024-04-26,10.655192375183105,12.010000228881836,12.079999923706055,11.979999542236328,12.029999732971191,16180400
2024-04-29,10.735040664672852,12.100000381469727,12.130000114440918,11.960000038146973,12.0,26520800
2024-04-30,10.779398918151855,12.149999618530273,12.369999885559082,12.079999923706055,12.079999923706055,25146600
2024-05-02,10.939094543457031,12.329999923706055,12.510000228881836,12.25,12.25,27782000
2024-05-03,10.974581718444824,12.369999885559082,12.479999542236328,12.350000381469727,12.470000267028809,23380200
2024-05-06,11.045557975769043,12.449999809265137,12.510000228881836,12.289999961853027,12.390000343322754,18713000
2024-05-07,11.178635597229004,12.600000381469727,12.630000114440918,12.460000038146973,12.470000267028809,27522500
2024-05-08,10.79714298248291,12.170000076293945,12.4399995803833,11.90999984741211,12.390000343322754,50692500
2024-05-09,10.690680503845215,12.050000190734863,12.199999809265137,11.970000267028809,11.979999542236328,25762900
2024-05-10,10.681808471679688,12.039999961853027,12.09000015258789,11.949999809265137,12.050000190734863,29029300
2024-05-13,10.699552536010742,12.0600004196167,12.109999656677246,11.960000038146973,12.069999694824219,22472500
2024-05-14,10.7882719039917,12.15999984741211,12.25,12.079999923706055,12.079999923706055,32670400
2024-05-15,10.921351432800293,12.3100004196167,12.430000305175781,12.170000076293945,12.1899995803833,36630700
2024-05-16,10.983453750610352,12.380000114440918,12.510000228881836,12.239999771118164,12.449999809265137,32475700
2024-05-17,10.983453750610352,12.380000114440918,12.40999984741211,12.279999732971191,12.399999618530273,28118800
2024-05-20,10.735040664672852,12.100000381469727,12.390000343322754,12.050000190734863,12.329999923706055,38940700
2024-05-21,10.66406536102295,12.020000457763672,12.25,12.020000457763672,12.100000381469727,38371300
2024-05-22,10.619704246520996,11.970000267028809,12.109999656677246,11.930000305175781,11.979999542236328,49248200
2024-05-23,10.610831260681152,11.960000038146973,12.069999694824219,11.920000076293945,11.920000076293945,28419600
2024-05-24,10.530984878540039,11.869999885559082,11.989999771118164,11.869999885559082,11.960000038146973,22790000
2024-05-27,10.477754592895508,11.8100004196167,11.949999809265137,11.789999961853027,11.930000305175781,16530500
2024-05-28,10.282571792602539,11.59000015258789,11.890000343322754,11.5600004196167,11.890000343322754,40481600
2024-05-29,10.220467567443848,11.520000457763672,11.609999656677246,11.34000015258789,11.529999732971191,34350900
2024-05-31,10.25595474243164,11.5600004196167,11.65999984741211,11.460000038146973,11.460000038146973,62942000
2024-06-03,10.247084617614746,11.550000190734863,11.699999809265137,11.460000038146973,11.569999694824219,24967400
2024-06-04,10.371291160583496,11.6899995803833,11.729999542236328,11.4399995803833,11.569999694824219,36455800
2024-06-05,10.264826774597168,11.569999694824219,11.800000190734863,11.520000457763672,11.6899995803833,35635900
2024-06-06,10.486625671386719,11.819999694824219,11.84000015258789,11.539999961853027,11.539999961853027,34548200
2024-06-07,10.25595474243164,11.5600004196167,11.760000228881836,11.529999732971191,11.710000038146973,32079700
2024-06-10,10.167235374450684,11.460000038146973,11.579999923706055,11.430000305175781,11.520000457763672,23774700
2024-06-11,10.114005088806152,11.399999618530273,11.569999694824219,11.390000343322754,11.569999694824219,20061200
2024-06-12,9.998669624328613,11.270000457763672,11.470000267028809,11.1899995803833,11.449999809265137,40929700
2024-06-13,9.838974952697754,11.09000015258789,11.210000038146973,11.069999694824219,11.170000076293945,39287400
2024-06-14,9.972053527832031,11.239999771118164,11.279999732971191,10.979999542236328,11.09000015258789,22356900
2024-06-17,9.972053527832031,11.239999771118164,11.329999923706055,11.1899995803833,11.210000038146973,18072300
2024-06-18,9.980925559997559,11.25,11.369999885559082,11.15999984741211,11.1899995803833,37284200
2024-06-19,9.936565399169922,11.199999809265137,11.229999542236328,11.039999961853027,11.180000305175781,17907100
2024-06-20,10.00754165649414,11.279999732971191,11.399999618530273,11.199999809265137,11.25,29501600
2024-06-21,10.00754165649414,11.279999732971191,11.380000114440918,11.210000038146973,11.210000038146973,53470500
2024-06-24,10.043028831481934,11.319999694824219,11.399999618530273,11.220000267028809,11.260000228881836,32197300
2024-06-25,10.096261978149414,11.380000114440918,11.40999984741211,11.210000038146973,11.25,43592000
2024-06-26,10.158363342285156,11.449999809265137,11.520000457763672,11.270000457763672,11.300000190734863,26265300
2024-06-27,10.167235374450684,11.460000038146973,11.539999961853027,11.380000114440918,11.460000038146973,21499700
2024-06-28,10.122875213623047,11.40999984741211,11.479999542236328,11.15999984741211,11.430000305175781,51418600
2024-07-01,10.158363342285156,11.449999809265137,11.5,11.329999923706055,11.420000076293945,19515400
2024-07-02,10.167235374450684,11.460000038146973,11.579999923706055,11.390000343322754,11.449999809265137,20259500
2024-07-03,10.096261978149414,11.380000114440918,11.569999694824219,11.359999656677246,11.539999961853027,32807200
2024-07-04,10.158363342285156,11.449999809265137,11.460000038146973,11.369999885559082,11.449999809265137,7438600
2024-07-05,10.043028831481934,11.319999694824219,11.479999542236328,11.229999542236328,11.449999809265137,39021700
2024-07-08,9.980925559997559,11.25,11.350000381469727,11.239999771118164,11.329999923706055,28570100
2024-07-09,9.980925559997559,11.25,11.300000190734863,11.180000305175781,11.25,25686000
2024-07-10,10.114005088806152,11.399999618530273,11.460000038146973,11.239999771118164,11.319999694824219,29040100
2024-07-11,10.229338645935059,11.529999732971191,11.670000076293945,11.399999618530273,11.449999809265137,22185700
2024-07-12,10.32693099975586,11.640000343322754,11.65999984741211,11.510000228881836,11.510000228881836,16859800
2024-07-15,10.32693099975586,11.640000343322754,11.65999984741211,11.5600004196167,11.65999984741211,12421100
2024-07-16,10.380162239074707,11.699999809265137,11.699999809265137,11.579999923706055,11.630000114440918,19050600
2024-07-17,10.486625671386719,11.819999694824219,11.90999984741211,11.65999984741211,11.710000038146973,30589900
2024-07-18,10.353546142578125,11.670000076293945,11.859999656677246,11.640000343322754,11.760000228881836,30271600
2024-07-19,10.406778335571289,11.729999542236328,11.770000457763672,11.649999618530273,11.649999618530273,22774900
2024-07-22,10.477754592895508,11.8100004196167,11.859999656677246,11.649999618530273,11.670000076293945,23809300
2024-07-23,10.45113754272461,11.779999732971191,11.829999923706055,11.739999771118164,11.8100004196167,20161400
2024-07-24,10.460009574890137,11.789999961853027,11.869999885559082,11.729999542236328,11.75,22727500
2024-07-25,10.513240814208984,11.850000381469727,11.920000076293945,11.729999542236328,11.789999961853027,21585700
2024-07-26,10.539857864379883,11.880000114440918,11.880000114440918,11.75,11.819999694824219,23201600
2024-07-29,10.486625671386719,11.819999694824219,11.880000114440918,11.760000228881836,11.869999885559082,38125500
2024-07-30,10.32693099975586,11.640000343322754,11.8100004196167,11.640000343322754,11.789999961853027,29077200
2024-07-31,10.273699760437012,11.579999923706055,11.729999542236328,11.510000228881836,11.600000381469727,66719000
2024-08-01,10.4156494140625,11.739999771118164,11.989999771118164,11.630000114440918,11.75,37947400
2024-08-02,10.530984878540039,11.869999885559082,11.869999885559082,11.6899995803833,11.699999809265137,29723800
2024-08-05,10.513240814208984,11.850000381469727,11.90999984741211,11.579999923706055,11.829999923706055,28528000
2024-08-06,10.655192375183105,12.010000228881836,12.109999656677246,11.800000190734863,11.8100004196167,27415700
2024-08-07,11.098790168762207,12.510000228881836,12.5600004196167,12.039999961853027,12.069999694824219,48591300
2024-08-08,10.965709686279297,12.359999656677246,12.5600004196167,12.3100004196167,12.460000038146973,28173200
2024-08-09,11.045557975769043,12.449999809265137,12.479999542236328,12.3100004196167,12.4399995803833,19122000
2024-08-12,10.992325782775879,12.390000343322754,12.550000190734863,12.390000343322754,12.5,17501300
2024-08-13,11.152021408081055,12.569999694824219,12.65999984741211,12.40999984741211,12.470000267028809,30082000
2024-08-14,11.143149375915527,12.5600004196167,12.6899995803833,12.539999961853027,12.569999694824219,22128400
2024-08-15,11.560129165649414,13.029999732971191,13.149999618530273,12.579999923706055,12.649999618530273,48543500
2024-08-16,11.542386054992676,13.010000228881836,13.399999618530273,13.010000228881836,13.149999618530273,39842400
2024-08-19,11.542386054992676,13.010000228881836,13.100000381469727,12.960000038146973,13.039999961853027,29029900
2024-08-20,11.480281829833984,12.9399995803833,13.039999961853027,12.869999885559082,12.989999771118164,16424000
2024-08-21,11.480281829833984,12.9399995803833,13.039999961853027,12.84000015258789,12.920000076293945,24177300
2024-08-22,11.533514022827148,13.0,13.029999732971191,12.90999984741211,12.949999809265137,25724200
2024-08-23,11.60448932647705,13.079999923706055,13.210000038146973,13.050000190734863,13.0600004196167,33099000
2024-08-26,11.60448932647705,13.079999923706055,13.220000267028809,13.010000228881836,13.109999656677246,20467700
2024-08-27,11.560129165649414,13.029999732971191,13.119999885559082,12.949999809265137,13.020000457763672,22335000
2024-08-28,11.489154815673828,12.949999809265137,13.069999694824219,12.8100004196167,13.039999961853027,21175200
2024-08-29,11.409306526184082,12.859999656677246,12.979999542236328,12.789999961853027,12.930000305175781,17873300
2024-08-30,11.409306526184082,12.859999656677246,12.869999885559082,12.75,12.770000457763672,50852200
2024-09-02,11.41817855834961,12.869999885559082,12.890000343322754,12.699999809265137,12.8100004196167,12639100
2024-09-03,11.35607624053955,12.800000190734863,12.949999809265137,12.779999732971191,12.90999984741211,19701100
2024-09-04,11.524641990661621,12.989999771118164,13.050000190734863,12.819999694824219,12.84000015258789,22848700
2024-09-05,11.506898880004883,12.970000267028809,13.020000457763672,12.920000076293945,12.9399995803833,14577100
2024-09-06,11.524641990661621,12.989999771118164,13.069999694824219,12.90999984741211,12.920000076293945,20976300
2024-09-09,11.631104469299316,13.109999656677246,13.210000038146973,12.970000267028809,12.989999771118164,35098100
2024-09-10,11.746440887451172,13.239999771118164,13.319999694824219,13.010000228881836,13.010000228881836,27649100
2024-09-11,11.569001197814941,13.039999961853027,13.300000190734863,13.020000457763672,13.300000190734863,21490600
2024-09-12,11.453666687011719,12.90999984741211,12.989999771118164,12.760000228881836,12.960000038146973,34492700
2024-09-13,11.29397201538086,12.729999542236328,13.0,12.720000267028809,12.949999809265137,21946500
2024-09-16,11.409306526184082,12.859999656677246,12.869999885559082,12.75,12.760000228881836,20765800
2024-09-17,11.498025894165039,12.960000038146973,12.989999771118164,12.789999961853027,12.789999961853027,26068700
2024-09-18,11.515769004821777,12.979999542236328,13.140000343322754,12.850000381469727,12.859999656677246,26897100
2024-09-19,11.489154815673828,12.949999809265137,13.109999656677246,12.890000343322754,13.0,44713200
2024-09-20,11.320588111877441,12.760000228881836,13.0,12.729999542236328,12.960000038146973,41412300
2024-09-23,11.311715126037598,12.75,12.859999656677246,12.649999618530273,12.699999809265137,20009400
2024-09-24,11.320588111877441,12.760000228881836,12.899999618530273,12.6899995803833,12.789999961853027,22598600
2024-09-25,11.249612808227539,12.680000305175781,12.979999542236328,12.680000305175781,12.779999732971191,33524600
2024-09-26,11.391563415527344,12.84000015258789,12.869999885559082,12.720000267028809,12.760000228881836,16241400
2024-09-27,11.462536811828613,12.920000076293945,12.989999771118164,12.789999961853027,12.800000190734863,24958600
2024-09-30,11.60448932647705,13.079999923706055,13.170000076293945,12.899999618530273,12.9399995803833,31164900
2024-10-01,12.065829277038574,13.600000381469727,13.720000267028809,13.130000114440918,13.199999809265137,65825500
2024-10-02,12.172292709350586,13.720000267028809,13.850000381469727,13.609999656677246,13.699999809265137,51056800
2024-10-03,11.88839054107666,13.399999618530273,13.630000114440918,13.399999618530273,13.550000190734863,45000000
2024-10-04,11.781928062438965,13.279999732971191,13.449999809265137,13.170000076293945,13.260000228881836,36607700
2024-10-07,11.68433666229248,13.170000076293945,13.40999984741211,13.140000343322754,13.40999984741211,20788600
2024-10-08,11.60448932647705,13.079999923706055,13.130000114440918,13.010000228881836,13.029999732971191,35995700
2024-10-09,11.60448932647705,13.079999923706055,13.149999618530273,12.949999809265137,12.949999809265137,28383000
2024-10-10,11.631104469299316,13.109999656677246,13.1899995803833,13.050000190734863,13.050000190734863,19340400
2024-10-11,11.427051544189453,12.880000114440918,13.119999885559082,12.84000015258789,13.09000015258789,31193700
2024-10-14,11.462536811828613,12.920000076293945,12.970000267028809,12.84000015258789,12.859999656677246,21045900
2024-10-15,11.427051544189453,12.880000114440918,12.949999809265137,12.8100004196167,12.930000305175781,33545800
2024-10-16,11.480281829833984,12.9399995803833,13.0,12.850000381469727,12.890000343322754,34342600
2024-10-17,11.409306526184082,12.859999656677246,12.960000038146973,12.75,12.779999732971191,18266900
2024-10-18,11.427051544189453,12.880000114440918,12.960000038146973,12.800000190734863,12.960000038146973,19422900
2024-10-21,11.382691383361816,12.829999923706055,12.9399995803833,12.8100004196167,12.880000114440918,28877400
2024-10-22,11.373817443847656,12.819999694824219,12.899999618530273,12.729999542236328,12.770000457763672,34756100
2024-10-23,11.311715126037598,12.75,12.819999694824219,12.699999809265137,12.739999771118164,22384200
2024-10-24,11.382691383361816,12.829999923706055,12.890000343322754,12.680000305175781,12.720000267028809,19295300
2024-10-25,11.311715126037598,12.75,12.84000015258789,12.729999542236328,12.819999694824219,19204000
2024-10-28,11.435922622680664,12.890000343322754,13.0,12.779999732971191,12.8100004196167,20050900
2024-10-29,11.515769004821777,12.979999542236328,13.029999732971191,12.869999885559082,12.899999618530273,21500600
2024-10-30,11.471410751342773,12.930000305175781,13.09000015258789,12.899999618530273,13.050000190734863,21176300
2024-10-31,11.21412467956543,12.640000343322754,12.84000015258789,12.479999542236328,12.600000381469727,61215800
2024-11-01,11.125405311584473,12.539999961853027,12.649999618530273,12.479999542236328,12.510000228881836,29027800
2024-11-04,11.240739822387695,12.670000076293945,12.710000038146973,12.510000228881836,12.59000015258789,19442900
2024-11-05,11.249612808227539,12.680000305175781,12.739999771118164,12.569999694824219,12.600000381469727,18352000
2024-11-06,11.089917182922363,12.5,12.550000190734863,12.34000015258789,12.520000457763672,39053800
2024-11-07,11.13427734375,12.550000190734863,12.6899995803833,12.390000343322754,12.390000343322754,23946600
2024-11-08,10.939094543457031,12.329999923706055,12.550000190734863,12.3100004196167,12.399999618530273,35013400
2024-11-11,11.098790168762207,12.510000228881836,12.550000190734863,12.260000228881836,12.3100004196167,20684800
2024-11-12,11.160892486572266,12.579999923706055,12.640000343322754,12.300000190734863,12.430000305175781,26899600
2024-11-13,11.29397201538086,12.729999542236328,12.770000457763672,12.460000038146973,12.520000457763672,30341700
2024-11-14,11.21412467956543,12.640000343322754,12.899999618530273,12.609999656677246,12.6899995803833,38027500
2024-11-18,11.018941879272461,12.420000076293945,12.670000076293945,12.380000114440918,12.479999542236328,37251000
2024-11-19,11.027814865112305,12.430000305175781,12.600000381469727,12.420000076293945,12.449999809265137,28564100
2024-11-21,10.992325782775879,12.390000343322754,12.479999542236328,12.300000190734863,12.3100004196167,18400700
2024-11-22,11.249612808227539,12.680000305175781,12.699999809265137,12.470000267028809,12.489999771118164,24116600
2024-11-25,11.125405311584473,12.539999961853027,12.6899995803833,12.539999961853027,12.59000015258789,22015800
2024-11-26,11.187507629394531,12.609999656677246,12.710000038146973,12.539999961853027,12.59000015258789,16924800
2024-11-27,11.13427734375,12.550000190734863,12.739999771118164,12.510000228881836,12.630000114440918,48572000
2024-11-28,11.001197814941406,12.399999618530273,12.800000190734863,12.319999694824219,12.550000190734863,40805900
2024-11-29,11.29397201538086,12.729999542236328,12.729999542236328,12.25,12.329999923706055,62396000
2024-12-02,11.7553129196167,13.25,13.270000457763672,12.600000381469727,12.65999984741211,87464600
2024-12-03,12.287628173828125,13.850000381469727,13.880000114440918,13.1899995803833,13.25,72892200
2024-12-04,12.358603477478027,13.930000305175781,14.0600004196167,13.779999732971191,13.899999618530273,50659000
2024-12-05,12.793329238891602,14.420000076293945,14.460000038146973,14.0,14.050000190734863,38794000
2024-12-06,12.615889549255371,14.220000267028809,14.529999732971191,14.149999618530273,14.300000190734863,46449200
2024-12-09,12.607019424438477,14.210000038146973,14.329999923706055,14.140000343322754,14.220000267028809,25321800
2024-12-10,12.660249710083008,14.270000457763672,14.5,14.270000457763672,14.329999923706055,22942500
2024-12-11,12.243268966674805,13.800000190734863,14.359999656677246,13.65999984741211,14.270000457763672,49150600
2024-12-12,11.622233390808105,13.100000381469727,13.579999923706055,13.100000381469727,13.5,49616900
2024-12-13,11.60448932647705,13.079999923706055,13.359999656677246,13.010000228881836,13.100000381469727,30867900
2024-12-16,11.391563415527344,12.84000015258789,13.420000076293945,12.84000015258789,13.079999923706055,32095500
2024-12-17,11.622233390808105,13.100000381469727,13.1899995803833,12.989999771118164,13.0,39564500
2024-12-18,11.320588111877441,12.760000228881836,13.079999923706055,12.75,13.069999694824219,40864200
2024-12-19,11.33833122253418,12.779999732971191,12.90999984741211,12.640000343322754,12.760000228881836,38104000
2024-12-20,11.448415756225586,12.229999542236328,12.300000190734863,12.010000228881836,12.079999923706055,86074600
2024-12-23,11.439054489135742,12.220000267028809,12.34000015258789,11.989999771118164,12.109999656677246,40181700
2024-12-26,11.364169120788574,12.140000343322754,12.239999771118164,11.989999771118164,12.180000305175781,21166800
2024-12-27,11.298640251159668,12.069999694824219,12.1899995803833,11.970000267028809,12.15999984741211,37624000
2024-12-30,10.989729881286621,11.739999771118164,12.15999984741211,11.739999771118164,12.0600004196167,38907400
2025-01-02,10.858677864074707,11.600000381469727,11.890000343322754,11.489999771118164,11.720000267028809,33417900
2025-01-03,10.605932235717773,11.329999923706055,11.550000190734863,11.270000457763672,11.489999771118164,41365900
2025-01-06,10.568489074707031,11.289999961853027,11.5,11.210000038146973,11.359999656677246,50881500
2025-01-07,10.802512168884277,11.539999961853027,11.579999923706055,11.270000457763672,11.300000190734863,34905200
2025-01-08,10.690180778503418,11.420000076293945,11.529999732971191,11.279999732971191,11.479999542236328,39248800
2025-01-09,10.671459197998047,11.399999618530273,11.510000228881836,11.300000190734863,11.430000305175781,24470100
2025-01-10,10.446796417236328,11.15999984741211,11.430000305175781,11.079999923706055,11.399999618530273,31277300
2025-01-13,10.521683692932129,11.239999771118164,11.3100004196167,11.119999885559082,11.180000305175781,28945300
2025-01-14,10.493600845336914,11.210000038146973,11.369999885559082,11.149999618530273,11.210000038146973,42625300
2025-01-15,10.66209888458252,11.390000343322754,11.430000305175781,11.15999984741211,11.300000190734863,45380700
2025-01-16,10.371909141540527,11.079999923706055,11.420000076293945,11.039999961853027,11.420000076293945,29298500
2025-01-17,10.381269454956055,11.09000015258789,11.09000015258789,10.770000457763672,10.84000015258789,51433600
2025-01-20,10.343827247619629,11.050000190734863,11.109999656677246,10.789999961853027,11.050000190734863,22293700
2025-01-21,10.531044960021973,11.25,11.260000228881836,10.989999771118164,10.989999771118164,26293900
2025-01-22,10.315744400024414,11.020000457763672,11.220000267028809,10.9399995803833,11.180000305175781,44993500
2025-01-23,10.343827247619629,11.050000190734863,11.15999984741211,10.979999542236328,11.020000457763672,35708100
2025-01-24,10.175329208374023,10.869999885559082,11.130000114440918,10.869999885559082,11.050000190734863,44514500
2025-01-27,10.40935230255127,11.119999885559082,11.119999885559082,10.84000015258789,10.869999885559082,34876400
2025-01-28,10.399991035461426,11.109999656677246,11.210000038146973,11.020000457763672,11.050000190734863,39022900
2025-01-29,10.268939018249512,10.970000267028809,11.199999809265137,10.90999984741211,11.180000305175781,26199700
2025-01-30,10.399991035461426,11.109999656677246,11.140000343322754,10.960000038146973,10.989999771118164,22347200
2025-01-31,10.390630722045898,11.100000381469727,11.239999771118164,11.100000381469727,11.140000343322754,26952000
2025-02-03,10.325103759765625,11.029999732971191,11.220000267028809,10.960000038146973,11.149999618530273,29524300
2025-02-04,10.203412055969238,10.899999618530273,11.0,10.819999694824219,11.0,23133400
2025-02-05,10.128523826599121,10.819999694824219,10.9399995803833,10.720000267028809,10.9399995803833,44675800
2025-02-06,10.165968894958496,10.859999656677246,10.899999618530273,10.729999542236328,10.800000190734863,24218200
2025-02-07,10.156607627868652,10.850000381469727,10.920000076293945,10.800000190734863,10.859999656677246,33491500
2025-02-10,10.268939018249512,10.970000267028809,11.229999542236328,10.899999618530273,10.9399995803833,50519600
2025-02-11,10.259577751159668,10.960000038146973,11.029999732971191,10.779999732971191,11.029999732971191,35802500
2025-02-12,10.222134590148926,10.920000076293945,11.039999961853027,10.800000190734863,10.829999923706055,39414800
2025-02-13,10.278299331665039,10.979999542236328,10.989999771118164,10.84000015258789,10.869999885559082,21078300
2025-02-14,10.418713569641113,11.130000114440918,11.1899995803833,11.0,11.050000190734863,34084700
2025-02-17,10.390630722045898,11.100000381469727,11.229999542236328,11.069999694824219,11.170000076293945,9559900
2025-02-18,10.381269454956055,11.09000015258789,11.170000076293945,11.039999961853027,11.140000343322754,18776800
2025-02-19,10.268939018249512,10.970000267028809,11.039999961853027,10.930000305175781,11.0,16856200
2025-02-20,10.334465026855469,11.039999961853027,11.079999923706055,10.899999618530273,10.930000305175781,24406000
2025-02-21,10.40935230255127,11.119999885559082,11.170000076293945,11.010000228881836,11.020000457763672,34245000
2025-02-24,10.325103759765625,11.029999732971191,11.170000076293945,10.979999542236328,11.170000076293945,28954600
2025-02-25,10.381269454956055,11.09000015258789,11.140000343322754,11.020000457763672,11.029999732971191,24354400
2025-02-26,10.952285766601562,11.699999809265137,11.84000015258789,11.449999809265137,11.729999542236328,79612200
2025-02-27,11.53266429901123,12.319999694824219,12.489999771118164,11.65999984741211,11.670000076293945,66169900
2025-02-28,11.439054489135742,12.220000267028809,12.489999771118164,12.100000381469727,12.3100004196167,79761000
2025-03-05,11.963266372680664,12.779999732971191,12.930000305175781,12.420000076293945,12.5,54086900
2025-03-06,12.028793334960938,12.850000381469727,13.039999961853027,12.699999809265137,12.770000457763672,40524500
2025-03-07,12.2628173828125,13.100000381469727,13.119999885559082,12.720000267028809,12.779999732971191,30190400
2025-03-10,12.281538963317871,13.119999885559082,13.260000228881836,12.979999542236328,13.0,27718600
2025-03-11,12.038153648376465,12.859999656677246,13.15999984741211,12.739999771118164,13.079999923706055,32659900
2025-03-12,12.197288513183594,13.029999732971191,13.109999656677246,12.869999885559082,12.899999618530273,38219900
2025-03-13,12.478117942810059,13.329999923706055,13.329999923706055,12.9399995803833,13.079999923706055,35316500
2025-03-14,12.76830768585205,13.640000343322754,13.640000343322754,13.380000114440918,13.380000114440918,41772200
2025-03-17,12.822733879089355,13.569999694824219,13.6899995803833,13.40999984741211,13.4399995803833,49697100
2025-03-18,12.803836822509766,13.550000190734863,13.630000114440918,13.260000228881836,13.5,31311700
2025-03-19,12.926678657531738,13.680000305175781,13.770000457763672,13.489999771118164,13.550000190734863,35578000
2025-03-20,12.851082801818848,13.600000381469727,13.6899995803833,13.449999809265137,13.680000305175781,18669000
2025-03-21,12.973923683166504,13.729999542236328,13.75,13.579999923706055,13.630000114440918,28909800
2025-03-24,12.794386863708496,13.539999961853027,13.789999961853027,13.479999542236328,13.760000228881836,21122400
2025-03-25,12.851082801818848,13.600000381469727,13.65999984741211,13.359999656677246,13.489999771118164,20685600
2025-03-26,12.643197059631348,13.380000114440918,13.529999732971191,13.220000267028809,13.529999732971191,29019200
2025-03-27,12.718792915344238,13.460000038146973,13.479999542236328,13.319999694824219,13.399999618530273,20680800
2025-03-28,12.690443992614746,13.430000305175781,13.430000305175781,13.25,13.359999656677246,37767300
2025-03-31,12.75658893585205,13.5,13.720000267028809,13.3100004196167,13.319999694824219,41452600
2025-04-01,12.8605318069458,13.609999656677246,13.649999618530273,13.329999923706055,13.399999618530273,31317800
2025-04-02,12.917227745056152,13.670000076293945,13.6899995803833,13.449999809265137,13.600000381469727,35788800
2025-04-03,13.087316513061523,13.850000381469727,14.140000343322754,13.609999656677246,13.640000343322754,44926800
2025-04-04,12.955024719238281,13.710000038146973,13.899999618530273,13.5600004196167,13.729999542236328,59559600
2025-04-07,12.454211235046387,13.180000305175781,13.600000381469727,12.989999771118164,13.289999961853027,50069000
2025-04-08,12.510907173156738,13.239999771118164,13.479999542236328,13.149999618530273,13.15999984741211,39798300
2025-04-09,12.917227745056152,13.670000076293945,13.880000114440918,13.149999618530273,13.1899995803833,51912400
2025-04-10,12.851082801818848,13.600000381469727,13.739999771118164,13.520000457763672,13.670000076293945,21741000
2025-04-11,12.737689971923828,13.479999542236328,13.729999542236328,13.4399995803833,13.729999542236328,35635500
2025-04-14,12.926678657531738,13.680000305175781,13.739999771118164,13.529999732971191,13.649999618530273,23490300
2025-04-15,12.9077787399292,13.65999984741211,13.859999656677246,13.619999885559082,13.680000305175781,22758200
2025-04-16,13.125113487243652,13.890000343322754,14.079999923706055,13.569999694824219,13.59000015258789,60471500
2025-04-17,13.229055404663086,14.0,14.100000381469727,13.789999961853027,13.899999618530273,56058800
2025-04-22,13.247955322265625,14.020000457763672,14.199999809265137,13.739999771118164,13.850000381469727,28032800
2025-04-23,13.2763032913208,14.050000190734863,14.300000190734863,13.979999542236328,14.15999984741211,35704200
2025-04-24,13.370795249938965,14.149999618530273,14.1899995803833,13.979999542236328,14.079999923706055,38150200
2025-04-25,13.314099311828613,14.09000015258789,14.229999542236328,13.949999809265137,14.069999694824219,24152700
2025-04-28,13.51253604888916,14.300000190734863,14.34000015258789,14.050000190734863,14.109999656677246,28336600
2025-04-29,13.71097183227539,14.510000228881836,14.600000381469727,14.180000305175781,14.220000267028809,59612200
2025-04-30,13.767666816711426,14.569999694824219,14.760000228881836,14.4399995803833,14.449999809265137,46988000
2025-05-02,13.342448234558105,14.119999885559082,14.510000228881836,14.119999885559082,14.40999984741211,35468500
2025-05-05,13.285752296447754,14.0600004196167,14.25,14.029999732971191,14.119999885559082,29153300
2025-05-06,13.427491188049316,14.210000038146973,14.25,14.0,14.0,21775000
2025-05-07,13.4841890335083,14.270000457763672,14.34000015258789,14.0600004196167,14.3100004196167,23409200
2025-05-08,13.578680992126465,14.369999885559082,15.029999732971191,14.289999961853027,14.770000457763672,45418600
2025-05-09,13.493636131286621,14.279999732971191,14.40999984741211,14.199999809265137,14.289999961853027,23513400
2025-05-12,13.50308609008789,14.289999961853027,14.329999923706055,14.079999923706055,14.260000228881836,19557500
2025-05-13,13.465289115905762,14.25,14.380000114440918,14.130000114440918,14.350000381469727,20625000
2025-05-14,13.446389198303223,14.229999542236328,14.430000305175781,14.1899995803833,14.1899995803833,37228600
2025-05-15,13.61647891998291,14.40999984741211,14.4399995803833,14.199999809265137,14.229999542236328,19063200
2025-05-16,13.71944522857666,14.390000343322754,14.399999618530273,14.199999809265137,14.270000457763672,26057600
2025-05-19,13.65270709991455,14.319999694824219,14.529999732971191,14.319999694824219,14.369999885559082,14202200
2025-05-20,13.624104499816895,14.289999961853027,14.369999885559082,14.220000267028809,14.319999694824219,17554600
2025-05-21,13.500163078308105,14.15999984741211,14.329999923706055,14.029999732971191,14.170000076293945,16478300
2025-05-22,13.44295883178711,14.100000381469727,14.270000457763672,14.100000381469727,14.15999984741211,18062800
2025-05-23,13.576434135437012,14.239999771118164,14.300000190734863,13.970000267028809,14.0,16090900
2025-05-26,13.595503807067871,14.260000228881836,14.279999732971191,14.100000381469727,14.25,6439900
2025-05-27,13.538298606872559,14.199999809265137,14.460000038146973,14.170000076293945,14.460000038146973,15568200
2025-05-28,13.44295883178711,14.100000381469727,14.220000267028809,14.09000015258789,14.210000038146973,12853200
2025-05-29,13.404823303222656,14.0600004196167,14.170000076293945,14.010000228881836,14.039999961853027,12528800
2025-05-30,13.376220703125,14.029999732971191,14.119999885559082,13.899999618530273,14.119999885559082,38207300
2025-06-02,13.261812210083008,13.90999984741211,14.09000015258789,13.829999923706055,14.039999961853027,15049400
2025-06-03,13.357152938842773,14.010000228881836,14.079999923706055,13.829999923706055,13.90999984741211,18971700
2025-06-04,13.423891067504883,14.079999923706055,14.260000228881836,14.010000228881836,14.09000015258789,19154800
2025-06-05,13.223675727844238,13.869999885559082,14.109999656677246,13.829999923706055,14.100000381469727,20132900
2025-06-06,13.423891067504883,14.079999923706055,14.100000381469727,13.819999694824219,13.970000267028809,26987600
2025-06-09,13.30948257446289,13.960000038146973,14.0600004196167,13.8100004196167,13.989999771118164,17173900
2025-06-10,13.156938552856445,13.800000190734863,14.100000381469727,13.729999542236328,14.069999694824219,23640900
2025-06-11,13.261812210083008,13.90999984741211,13.920000076293945,13.630000114440918,13.729999542236328,22849900
2025-06-12,13.156938552856445,13.800000190734863,13.890000343322754,13.739999771118164,13.75,14788400
2025-06-13,13.00439453125,13.640000343322754,13.789999961853027,13.579999923706055,13.680000305175781,28248400
2025-06-16,13.042530059814453,13.680000305175781,13.850000381469727,13.59000015258789,13.65999984741211,27978300
2025-06-17,12.842316627502441,13.470000267028809,13.75,13.399999618530273,13.729999542236328,32452200
2025-06-18,12.861383438110352,13.489999771118164,13.550000190734863,13.350000381469727,13.380000114440918,37567000
2025-06-20,12.899519920349121,13.529999732971191,13.550000190734863,13.369999885559082,13.40999984741211,39451400
2025-06-23,12.928122520446777,13.5600004196167,13.649999618530273,13.470000267028809,13.5,27562100
2025-06-24,12.880453109741211,13.510000228881836,13.649999618530273,13.430000305175781,13.579999923706055,26798300
2025-06-25,12.537227630615234,13.149999618530273,13.470000267028809,13.100000381469727,13.399999618530273,50901200
2025-06-26,12.699305534362793,13.319999694824219,13.369999885559082,13.119999885559082,13.199999809265137,36177200
2025-06-27,12.537227630615234,13.149999618530273,13.220000267028809,13.010000228881836,13.220000267028809,27309500
2025-06-30,12.699305534362793,13.319999694824219,13.34000015258789,13.039999961853027,13.09000015258789,34532500
2025-07-01,12.756509780883789,13.380000114440918,13.40999984741211,13.170000076293945,13.359999656677246,21493700
2025-07-02,13.013928413391113,13.649999618530273,13.779999732971191,13.359999656677246,13.489999771118164,47073600
2025-07-03,12.851849555969238,13.479999542236328,13.729999542236328,13.479999542236328,13.670000076293945,15694900
2025-07-04,12.889986991882324,13.520000457763672,13.630000114440918,13.399999618530273,13.40999984741211,6452500
2025-07-07,12.775577545166016,13.399999618530273,13.539999961853027,13.300000190734863,13.510000228881836,23165300
2025-07-08,12.756509780883789,13.380000114440918,13.489999771118164,13.270000457763672,13.420000076293945,32803300
2025-07-09,12.68977165222168,13.3100004196167,13.449999809265137,13.229999542236328,13.449999809265137,31299800
2025-07-10,12.613499641418457,13.229999542236328,13.380000114440918,13.149999618530273,13.220000267028809,26865400
2025-07-11,12.708840370178223,13.329999923706055,13.380000114440918,13.079999923706055,13.1899995803833,40755100
2025-07-14,12.670703887939453,13.289999961853027,13.569999694824219,13.260000228881836,13.260000228881836,36420400
2025-07-15,12.651636123657227,13.270000457763672,13.520000457763672,13.229999542236328,13.369999885559082,27675300
2025-07-16,13.042530059814453,13.680000305175781,13.729999542236328,13.3100004196167,13.380000114440918,48903600
2025-07-17,12.832782745361328,13.460000038146973,13.6899995803833,13.4399995803833,13.670000076293945,19213600
2025-07-18,12.699305534362793,13.319999694824219,13.489999771118164,13.289999961853027,13.329999923706055,23902900
2025-07-21,12.794646263122559,13.420000076293945,13.449999809265137,13.260000228881836,13.350000381469727,21355000
2025-07-22,12.775577545166016,13.399999618530273,13.529999732971191,13.399999618530273,13.430000305175781,22285900
2025-07-23,12.956724166870117,13.59000015258789,13.65999984741211,13.399999618530273,13.40999984741211,15345700
2025-07-24,12.870917320251465,13.5,13.59000015258789,13.40999984741211,13.539999961853027,8292700
2025-07-25,12.842316627502441,13.470000267028809,13.600000381469727,13.449999809265137,13.579999923706055,15436100
2025-07-28,12.451421737670898,13.0600004196167,13.489999771118164,13.029999732971191,13.470000267028809,56671100
2025-07-29,12.575363159179688,13.1899995803833,13.229999542236328,13.020000457763672,13.149999618530273,20942500
2025-07-30,12.537227630615234,13.149999618530273,13.390000343322754,13.079999923706055,13.199999809265137,25805400
2025-07-31,11.879380226135254,12.460000038146973,12.609999656677246,12.199999809265137,12.329999923706055,116074600
2025-08-01,11.717302322387695,12.289999961853027,12.680000305175781,12.220000267028809,12.550000190734863,34261300
2025-08-04,11.831710815429688,12.40999984741211,12.569999694824219,12.34000015258789,12.390000343322754,16396200
2025-08-05,11.784040451049805,12.359999656677246,12.510000228881836,12.3100004196167,12.470000267028809,33909800
2025-08-06,11.898448944091797,12.479999542236328,12.569999694824219,12.380000114440918,12.5,43866000
2025-08-07,11.955653190612793,12.539999961853027,12.649999618530273,12.399999618530273,12.510000228881836,34814900
2025-08-08,11.793574333190918,12.369999885559082,12.569999694824219,12.3100004196167,12.550000190734863,24174500
2025-08-11,11.736371040344238,12.3100004196167,12.4399995803833,12.25,12.369999885559082,50587800
2025-08-12,11.6600980758667,12.229999542236328,12.4399995803833,12.229999542236328,12.380000114440918,21327300
2025-08-13,11.555224418640137,12.119999885559082,12.229999542236328,11.949999809265137,12.229999542236328,42653700
2025-08-14,11.459884643554688,12.020000457763672,12.140000343322754,11.970000267028809,12.0,21777500
2025-08-15,11.478952407836914,12.039999961853027,12.109999656677246,11.960000038146973,12.0,22229200
2025-08-18,11.507554054260254,12.069999694824219,12.210000038146973,11.979999542236328,12.039999961853027,18813900
2025-08-19,11.507554054260254,12.069999694824219,12.09000015258789,11.949999809265137,12.039999961853027,29267000
2025-08-20,11.53615665435791,12.100000381469727,12.149999618530273,11.90999984741211,12.050000190734863,21759200
2025-08-21,11.498021125793457,12.0600004196167,12.119999885559082,12.020000457763672,12.039999961853027,17547700
2025-08-22,11.641030311584473,12.210000038146973,12.3100004196167,12.09000015258789,12.130000114440918,16592500
2025-08-25,11.555224418640137,12.119999885559082,12.260000228881836,12.119999885559082,12.25,10382300
2025-08-26,11.612428665161133,12.180000305175781,12.1899995803833,12.100000381469727,12.119999885559082,27024300
2025-08-27,11.58382511138916,12.149999618530273,12.220000267028809,12.09000015258789,12.149999618530273,23328100
2025-08-28,11.679166793823242,12.25,12.319999694824219,12.170000076293945,12.239999771118164,25303600
2025-08-29,11.774507522583008,12.350000381469727,12.510000228881836,12.260000228881836,12.260000228881836,22696900
2025-09-01,11.726837158203125,12.300000190734863,12.430000305175781,12.260000228881836,12.380000114440918,8227400
2025-09-02,11.59335994720459,12.15999984741211,12.329999923706055,12.140000343322754,12.229999542236328,18419800
2025-09-03,11.345475196838379,11.899999618530273,11.960000038146973,11.75,11.899999618530273,57777400
2025-09-04,11.59335994720459,12.15999984741211,12.180000305175781,11.90999984741211,11.90999984741211,25257600
2025-09-05,11.679166793823242,12.25,12.380000114440918,12.180000305175781,12.199999809265137,17025900
2025-09-08,11.574292182922363,12.140000343322754,12.289999961853027,12.020000457763672,12.229999542236328,43983300
2025-09-09,11.755437850952148,12.329999923706055,12.369999885559082,12.109999656677246,12.109999656677246,47583700
2025-09-10,11.784040451049805,12.359999656677246,12.5,12.25,12.260000228881836,40403300
2025-09-11,11.93658447265625,12.520000457763672,12.569999694824219,12.40999984741211,12.479999542236328,28340200
2025-09-12,11.993788719177246,12.579999923706055,12.600000381469727,12.430000305175781,12.430000305175781,24015800
2025-09-15,12.041459083557129,12.630000114440918,12.699999809265137,12.550000190734863,12.579999923706055,37293700
2025-09-16,12.117730140686035,12.710000038146973,12.779999732971191,12.65999984741211,12.699999809265137,40985200
2025-09-17,12.194003105163574,12.789999961853027,12.880000114440918,12.649999618530273,12.6899995803833,26865600
2025-09-18,11.93658447265625,12.520000457763672,12.8100004196167,12.420000076293945,12.8100004196167,59380000
2025-09-19,11.965187072753906,12.550000190734863,12.609999656677246,12.380000114440918,12.550000190734863,35447400
2025-09-22,11.784040451049805,12.359999656677246,12.510000228881836,12.359999656677246,12.40999984741211,14169100
2025-09-23,11.879380226135254,12.460000038146973,12.5600004196167,12.34000015258789,12.359999656677246,14643300
2025-09-24,11.803108215332031,12.380000114440918,12.550000190734863,12.350000381469727,12.460000038146973,18134100
2025-09-25,11.879380226135254,12.460000038146973,12.619999885559082,12.319999694824219,12.390000343322754,25988200
2025-09-26,11.879380226135254,12.460000038146973,12.550000190734863,12.390000343322754,12.529999732971191,12757700
2025-09-29,11.831710815429688,12.40999984741211,12.600000381469727,12.380000114440918,12.600000381469727,21050900
2025-09-30,11.52662181854248,12.09000015258789,12.420000076293945,12.039999961853027,12.229999542236328,52485900
2025-10-01,11.431282043457031,11.989999771118164,12.1899995803833,11.880000114440918,12.1899995803833,28764000
2025-10-02,11.374078750610352,11.930000305175781,12.149999618530273,11.859999656677246,12.029999732971191,25828200
2025-10-03,11.316873550415039,11.869999885559082,11.949999809265137,11.75,11.829999923706055,21785000
2025-10-06,11.297805786132812,11.850000381469727,12.0,11.779999732971191,11.880000114440918,14804500
2025-10-07,11.164329528808594,11.710000038146973,11.859999656677246,11.710000038146973,11.789999961853027,18071700
2025-10-08,11.326408386230469,11.880000114440918,11.90999984741211,11.710000038146973,11.760000228881836,14723700
2025-10-09,11.173863410949707,11.720000267028809,11.970000267028809,11.680000305175781,11.930000305175781,28928400
2025-10-10,11.25967025756836,11.8100004196167,11.869999885559082,11.739999771118164,11.779999732971191,21477200
2025-10-13,11.307339668273926,11.859999656677246,11.930000305175781,11.779999732971191,11.829999923706055,11694900
2025-10-14,11.488486289978027,12.050000190734863,12.100000381469727,11.75,11.800000190734863,29046500
2025-10-15,11.431282043457031,11.989999771118164,12.100000381469727,11.90999984741211,11.989999771118164,28407100
2025-10-16,11.58382511138916,12.149999618530273,12.239999771118164,11.920000076293945,11.989999771118164,26420200
2025-10-17,11.793574333190918,12.369999885559082,12.399999618530273,12.100000381469727,12.130000114440918,23480500
2025-10-20,11.784040451049805,12.359999656677246,12.449999809265137,12.289999961853027,12.329999923706055,18260900
2025-10-21,11.650564193725586,12.220000267028809,12.350000381469727,12.149999618530273,12.319999694824219,26607400
2025-10-22,11.507554054260254,12.069999694824219,12.270000457763672,12.0600004196167,12.25,29517800
2025-10-23,11.555224418640137,12.119999885559082,12.180000305175781,12.029999732971191,12.100000381469727,25355600
2025-10-24,11.545690536499023,12.109999656677246,12.260000228881836,12.050000190734863,12.180000305175781,21686700
2025-10-27,11.58382511138916,12.149999618530273,12.390000343322754,12.100000381469727,12.220000267028809,40310400
2025-10-28,11.469417572021484,12.029999732971191,12.149999618530273,12.0,12.130000114440918,29170400
2025-10-29,11.469417572021484,12.029999732971191,12.140000343322754,11.979999542236328,12.0600004196167,38485900
2025-10-30,12.003323554992676,12.59000015258789,12.65999984741211,12.350000381469727,12.5,91617100
2025-10-31,12.117730140686035,12.710000038146973,12.920000076293945,12.510000228881836,12.510000228881836,32112500
2025-11-03,12.308411598205566,12.90999984741211,12.9399995803833,12.729999542236328,12.890000343322754,28265800
2025-11-04,12.546761512756348,13.15999984741211,13.15999984741211,12.829999923706055,12.890000343322754,27058100
2025-11-05,12.56583023071289,13.180000305175781,13.289999961853027,13.109999656677246,13.15999984741211,21385300
2025-11-06,12.470489501953125,13.079999923706055,13.239999771118164,13.079999923706055,13.239999771118164,15494600
2025-11-07,12.508625030517578,13.119999885559082,13.289999961853027,13.050000190734863,13.079999923706055,30240300
2025-11-10,12.56583023071289,13.180000305175781,13.260000228881836,13.09000015258789,13.25,25239700
2025-11-11,12.956724166870117,13.59000015258789,13.649999618530273,13.239999771118164,13.289999961853027,36404100
2025-11-12,12.985325813293457,13.619999885559082,13.65999984741211,13.550000190734863,13.59000015258789,32756700
2025-11-13,12.99485969543457,13.630000114440918,13.75,13.510000228881836,13.640000343322754,23794500
2025-11-14,13.05206298828125,13.6899995803833,13.84000015258789,13.649999618530273,13.680000305175781,15539900
2025-11-17,13.118803024291992,13.760000228881836,13.829999923706055,13.630000114440918,13.640000343322754,33654100
2025-11-18,13.09973430633545,13.739999771118164,13.899999618530273,13.670000076293945,13.6899995803833,46389400
2025-11-19,12.785111427307129,13.40999984741211,13.859999656677246,13.40999984741211,13.739999771118164,101108300
2025-11-21,12.985325813293457,13.619999885559082,13.710000038146973,13.359999656677246,13.539999961853027,35463400
2025-11-24,13.128336906433105,13.770000457763672,13.869999885559082,13.5600004196167,13.579999923706055,43126600
2025-11-25,13.09973430633545,13.739999771118164,13.920000076293945,13.619999885559082,13.800000190734863,20205700
2025-11-26,13.03299617767334,13.670000076293945,13.8100004196167,13.579999923706055,13.800000190734863,33961700
2025-11-27,13.080666542053223,13.720000267028809,13.770000457763672,13.649999618530273,13.699999809265137,8093600
2025-11-28,13.214141845703125,13.859999656677246,13.960000038146973,13.65999984741211,13.699999809265137,23319400
2025-12-01,13.357152938842773,14.010000228881836,14.020000457763672,13.800000190734863,13.84000015258789,15984500
2025-12-02,13.34761905670166,14.0,14.350000381469727,13.850000381469727,14.010000228881836,36109000
2025-12-03,13.490628242492676,14.149999618530273,14.149999618530273,13.970000267028809,14.0600004196167,15674100
2025-12-04,13.299948692321777,13.949999809265137,14.210000038146973,13.850000381469727,14.180000305175781,37988200
2025-12-05,12.975791931152344,13.609999656677246,14.109999656677246,13.59000015258789,13.970000267028809,61741400
2025-12-08,12.985325813293457,13.619999885559082,13.760000228881836,13.59000015258789,13.6899995803833,19119600
2025-12-09,13.00439453125,13.640000343322754,13.739999771118164,13.460000038146973,13.510000228881836,38541700
2025-12-10,12.966259002685547,13.600000381469727,13.649999618530273,13.140000343322754,13.260000228881836,91743100
2025-12-11,13.137869834899902,13.779999732971191,13.84000015258789,13.420000076293945,13.529999732971191,22635200
2025-12-12,13.385754585266113,14.039999961853027,14.050000190734863,13.800000190734863,13.84000015258789,30262800
2025-12-15,13.614570617675781,14.279999732971191,14.350000381469727,14.029999732971191,14.039999961853027,22268400
2025-12-16,13.500163078308105,14.15999984741211,14.279999732971191,14.010000228881836,14.0600004196167,43020300
2025-12-17,13.366687774658203,14.020000457763672,14.130000114440918,13.899999618530273,13.989999771118164,28631200
2025-12-18,13.271346092224121,13.920000076293945,14.15999984741211,13.920000076293945,13.949999809265137,23928400
2025-12-19,13.243124961853027,13.279999732971191,13.319999694824219,13.140000343322754,13.180000305175781,30380100
2025-12-22,13.083568572998047,13.119999885559082,13.300000190734863,13.0,13.279999732971191,26993300
2025-12-23,13.432597160339355,13.470000267028809,13.569999694824219,13.140000343322754,13.170000076293945,45087200
2025-12-26,13.681903839111328,13.720000267028809,13.819999694824219,13.399999618530273,13.399999618530273,29118400
2025-12-29,13.831486701965332,13.869999885559082,13.869999885559082,13.539999961853027,13.680000305175781,20303700
2025-12-30,13.821514129638672,13.859999656677246,14.09000015258789,13.859999656677246,13.899999618530273,25304800
2026-01-02,13.612096786499023,13.649999618530273,14.020000457763672,13.5600004196167,13.880000114440918,24557600
2026-01-05,13.671931266784668,13.710000038146973,13.760000228881836,13.569999694824219,13.630000114440918,17543300
2026-01-06,13.661958694458008,13.699999809265137,13.850000381469727,13.630000114440918,13.800000190734863,28548900
2026-01-07,13.661958694458008,13.699999809265137,13.720000267028809,13.600000381469727,13.649999618530273,28605400
2026-01-08,13.60212516784668,13.640000343322754,13.800000190734863,13.34000015258789,13.680000305175781,31130800
2026-01-09,13.86140251159668,13.899999618530273,13.960000038146973,13.609999656677246,13.619999885559082,17408500
2026-01-12,13.86140251159668,13.899999618530273,14.039999961853027,13.770000457763672,13.8100004196167,14562800
2026-01-13,13.87137508392334,13.90999984741211,14.100000381469727,13.770000457763672,13.859999656677246,33777500
2026-01-14,14.16057014465332,14.199999809265137,14.239999771118164,13.930000305175781,13.930000305175781,22198700
2026-01-15,14.001014709472656,14.039999961853027,14.279999732971191,14.0,14.279999732971191,21374400
2026-01-16,14.060848236083984,14.100000381469727,14.140000343322754,14.0,14.100000381469727,31536400
2026-01-19,14.050875663757324,14.09000015258789,14.170000076293945,13.979999542236328,14.0600004196167,8040400
2026-01-20,14.030930519104004,14.069999694824219,14.210000038146973,14.0,14.079999923706055,20664800
2026-01-21,14.270265579223633,14.3100004196167,14.34000015258789,14.09000015258789,14.25,35138900
2026-01-22,14.549487113952637,14.59000015258789,14.800000190734863,14.319999694824219,14.359999656677246,47662500
2026-01-23,14.858626365661621,14.899999618530273,15.109999656677246,14.539999961853027,14.680000305175781,53554400
2026-01-26,15.008210182189941,15.050000190734863,15.140000343322754,14.729999542236328,14.970000267028809,22156500
2026-01-27,14.828709602355957,14.869999885559082,15.25,14.869999885559082,15.229999542236328,24248800
2026-01-28,14.908487319946289,14.949999809265137,15.119999885559082,14.8100004196167,15.0,23714500
2026-01-29,14.719015121459961,14.760000228881836,15.0600004196167,14.600000381469727,15.010000228881836,33726800
2026-01-30,14.808765411376953,14.850000381469727,14.970000267028809,14.75,14.760000228881836,40087800
2026-02-02,15.018182754516602,15.0600004196167,15.180000305175781,14.84000015258789,14.979999542236328,19323000
2026-02-03,15.33729362487793,15.380000114440918,15.390000343322754,15.079999923706055,15.140000343322754,32249800
2026-02-04,15.257515907287598,15.300000190734863,15.430000305175781,15.210000038146973,15.279999732971191,27049700
2026-02-05,15.437015533447266,15.479999542236328,15.520000457763672,15.180000305175781,15.399999618530273,26311400
2026-02-06,15.377182960510254,15.420000076293945,15.569999694824219,15.329999923706055,15.520000457763672,23511000
2026-02-09,15.34726619720459,15.390000343322754,15.5,15.15999984741211,15.460000038146973,22980900
2026-02-10,15.61651611328125,15.65999984741211,15.789999961853027,15.300000190734863,15.34000015258789,35103300
2026-02-11,15.726211547851562,15.770000457763672,15.949999809265137,15.630000114440918,15.770000457763672,26720300
2026-02-12,16.47412872314453,16.520000457763672,16.770000457763672,15.899999618530273,15.90999984741211,55037900
2026-02-13,16.30459976196289,16.350000381469727,16.40999984741211,16.100000381469727,16.1200008392334,23238400
2026-02-18,16.0852108001709,16.1299991607666,16.489999771118164,16.010000228881836,16.309999465942383,29705300
2026-02-19,16.12510108947754,16.170000076293945,16.280000686645508,16.049999237060547,16.190000534057617,23244500
2026-02-20,15.985489845275879,16.030000686645508,16.100000381469727,15.710000038146973,16.059999465942383,33875800
2026-02-23,16.145044326782227,16.190000534057617,16.329999923706055,15.819999694824219,15.930000305175781,29917200
2026-02-24,16.53396224975586,16.579999923706055,16.579999923706055,16.229999542236328,16.229999542236328,31221100
2026-02-25,16.334516525268555,16.3799991607666,16.639999389648438,16.260000228881836,16.610000610351562,29966400
2026-02-26,16.36443328857422,16.40999984741211,16.600000381469727,16.360000610351562,16.420000076293945,18040900
2026-02-27,16.224822998046875,16.270000457763672,16.520000457763672,16.25,16.31999969482422,34463800
2026-03-02,15.865821838378906,15.90999984741211,16.200000762939453,15.869999885559082,15.970000267028809,18638600
2026-03-03,15.526765823364258,15.569999694824219,15.579999923706055,15.149999618530273,15.350000381469727,40085300
2026-03-04,15.556683540344238,15.600000381469727,15.84000015258789,15.399999618530273,15.699999809265137,26249500
2026-03-05,15.247543334960938,15.289999961853027,15.5600004196167,15.260000228881836,15.489999771118164,26954000
2026-03-06,15.18770980834961,15.229999542236328,15.34000015258789,14.960000038146973,15.300000190734863,17914800
2026-03-09,15.367210388183594,15.40999984741211,15.5600004196167,15.130000114440918,15.199999809265137,21901300
2026-03-10,15.407098770141602,15.449999809265137,15.720000267028809,15.390000343322754,15.430000305175781,20894000
2026-03-11,15.387155532836914,15.430000305175781,15.550000190734863,15.199999809265137,15.3100004196167,19594000
2026-03-12,14.908487319946289,14.949999809265137,15.25,14.869999885559082,15.220000267028809,37546800
2026-03-13,14.958349227905273,15.0,15.229999542236328,14.869999885559082,14.869999885559082,25418200
2026-03-16,15.05807113647461,15.100000381469727,15.319999694824219,15.100000381469727,15.199999809265137,28906400
2026-03-17,14.978293418884277,15.020000457763672,15.1899995803833,14.949999809265137,15.149999618530273,27499600
2026-03-18,14.699070930480957,14.739999771118164,15.0600004196167,14.739999771118164,14.949999809265137,20403700
2026-03-19,14.728987693786621,14.770000457763672,14.770000457763672,14.4399995803833,14.520000457763672,30848100
2026-03-20,14.429821014404297,14.470000267028809,14.75,14.329999923706055,14.6899995803833,65705300
2026-03-23,14.619293212890625,14.65999984741211,14.829999923706055,14.529999732971191,14.680000305175781,23231600
2026-03-24,14.659181594848633,14.699999809265137,14.760000228881836,14.5,14.65999984741211,13573700
2026-03-25,14.968321800231934,15.010000228881836,15.119999885559082,14.789999961853027,14.890000343322754,25296600
2026-03-26,14.78882122039795,14.829999923706055,15.050000190734863,14.8100004196167,14.880000114440918,13324100
2026-03-27,14.719015121459961,14.760000228881836,15.0,14.739999771118164,14.789999961853027,17884700
2026-03-30,14.798792839050293,14.84000015258789,14.920000076293945,14.729999542236328,14.850000381469727,18158200
2026-03-31,15.20765495300293,15.25,15.260000228881836,14.9399995803833,15.0,36180800
2026-04-01,15.31734848022461,15.359999656677246,15.479999542236328,15.180000305175781,15.270000457763672,23927000
2026-04-02,15.237570762634277,15.279999732971191,15.40999984741211,15.100000381469727,15.149999618530273,25947900
2026-04-06,15.407098770141602,15.449999809265137,15.5600004196167,15.300000190734863,15.300000190734863,14919000
2026-04-07,15.437015533447266,15.479999542236328,15.479999542236328,15.220000267028809,15.369999885559082,18339600
2026-04-08,15.815960884094238,15.859999656677246,16.030000686645508,15.649999618530273,15.960000038146973,34907800
2026-04-09,16.015405654907227,16.059999465942383,16.25,15.850000381469727,15.989999771118164,33451600
2026-04-10,16.075239181518555,16.1200008392334,16.34000015258789,16.040000915527344,16.299999237060547,23124300
2026-04-13,15.885766983032227,15.930000305175781,16.190000534057617,15.850000381469727,16.1200008392334,23073100
2026-04-14,15.845877647399902,15.890000343322754,16.020000457763672,15.829999923706055,15.970000267028809,22292800
2026-04-15,15.786044120788574,15.829999923706055,15.9399995803833,15.739999771118164,15.84000015258789,24739300
2026-04-16,15.387155532836914,15.430000305175781,15.579999923706055,15.300000190734863,15.399999618530273,49811600
2026-04-17,15.287432670593262,15.329999923706055,15.770000457763672,15.3100004196167,15.640000343322754,36665400
2026-04-20,15.267488479614258,15.3100004196167,15.470000267028809,15.279999732971191,15.34000015258789,14954700
2026-04-22,14.958349227905273,15.0,15.40999984741211,15.0,15.319999694824219,26157200
2026-04-23,14.699070930480957,14.739999771118164,15.0,14.739999771118164,15.0,25435000
2026-04-24,14.459736824035645,14.5,14.729999542236328,14.460000038146973,14.720000267028809,24151800
2026-04-27,14.499626159667969,14.539999961853027,14.710000038146973,14.5,14.619999885559082,18935100
2026-04-28,14.539515495300293,14.579999923706055,14.630000114440918,14.399999618530273,14.40999984741211,15614300
2026-04-29,14.29020881652832,14.329999923706055,14.5600004196167,14.319999694824219,14.510000228881836,18123700
2026-04-30,14.469709396362305,14.510000228881836,14.640000343322754,14.359999656677246,14.359999656677246,26546800
2026-05-04,14.399903297424316,14.4399995803833,14.619999885559082,14.430000305175781,14.569999694824219,21318400
2026-05-05,16.60376739501953,16.649999618530273,16.84000015258789,15.5600004196167,15.5600004196167,109952300
2026-05-06,16.902935028076172,16.950000762939453,17.010000228881836,16.579999923706055,16.65999984741211,31822900
2026-05-07,16.36443328857422,16.40999984741211,17.040000915527344,16.31999969482422,16.860000610351562,30952400
2026-05-08,16.274682998657227,16.31999969482422,16.549999237060547,16.18000030517578,16.489999771118164,41784100
2026-05-11,16.204877853393555,16.25,16.5,16.170000076293945,16.200000762939453,19740000
2026-05-12,16.0852108001709,16.1299991607666,16.31999969482422,16.100000381469727,16.209999084472656,19751300
2026-05-13,15.865821838378906,15.90999984741211,16.299999237060547,15.850000381469727,16.15999984741211,28456100
2026-05-14,15.726211547851562,15.770000457763672,16.100000381469727,15.75,15.960000038146973,22570000
2026-05-15,15.646432876586914,15.6899995803833,15.890000343322754,15.5,15.670000076293945,31009700
2026-05-18,15.76609992980957,15.8100004196167,15.850000381469727,15.609999656677246,15.720000267028809,20757200
2026-05-19,15.76609992980957,15.8100004196167,15.90999984741211,15.529999732971191,15.649999618530273,25814600
2026-05-20,16.17496109008789,16.219999313354492,16.309999465942383,15.869999885559082,15.90999984741211,24281300
2026-05-21,16.354461669921875,16.399999618530273,16.549999237060547,16.079999923706055,16.110000610351562,20774700
2026-05-22,16.055294036865234,16.100000381469727,16.299999237060547,16.09000015258789,16.200000762939453,24010300
2026-05-25,16.354461669921875,16.399999618530273,16.40999984741211,16.15999984741211,16.200000762939453,14643100
2026-05-26,16.543933868408203,16.59000015258789,16.920000076293945,16.389999389648438,16.899999618530273,35881800
2026-05-27,16.563879013061523,16.610000610351562,16.920000076293945,16.56999969482422,16.790000915527344,37022600
2026-05-28,16.244768142700195,16.290000915527344,16.649999618530273,16.25,16.600000381469727,24813300
2026-05-29,16.274682998657227,16.31999969482422,16.459999084472656,16.020000457763672,16.290000915527344,86401700
2026-06-01,16.38437843322754,16.43000030517578,16.56999969482422,16.139999389648438,16.389999389648438,37464400
2026-06-02,16.40432357788086,16.450000762939453,16.6299991607666,16.420000076293945,16.489999771118164,15806800
2026-06-03,16.02537727355957,16.06999969482422,16.31999969482422,16.049999237060547,16.219999313354492,24645900
2026-06-05,16.12510108947754,16.170000076293945,16.260000228881836,15.949999809265137,16.040000915527344,22964600
2026-06-08,16.035350799560547,16.079999923706055,16.229999542236328,15.949999809265137,16.110000610351562,18008000
2026-06-09,16.164987564086914,16.209999084472656,16.350000381469727,16.1299991607666,16.219999313354492,23741600
2026-06-10,16.23479461669922,16.280000686645508,16.280000686645508,16.1299991607666,16.1299991607666,23080500
2026-06-11,16.593793869018555,16.639999389648438,16.639999389648438,16.190000534057617,16.219999313354492,33555900
2026-06-12,16.563879013061523,16.610000610351562,16.770000457763672,16.440000534057617,16.5,14291900
2026-06-15,16.523988723754883,16.56999969482422,16.81999969482422,16.559999465942383,16.770000457763672,19463100
2026-06-16,16.394350051879883,16.440000534057617,16.559999465942383,16.350000381469727,16.479999542236328,13495700
2026-06-17,16.145044326782227,16.190000534057617,16.709999084472656,16.110000610351562,16.360000610351562,32858800
2026-06-18,16.17496109008789,16.219999313354492,16.34000015258789,16.100000381469727,16.1299991607666,41278300
2026-06-19,16.00543212890625,16.049999237060547,16.309999465942383,16.049999237060547,16.170000076293945,26925200
2026-06-22,16.12510108947754,16.170000076293945,16.3799991607666,16.06999969482422,16.15999984741211,22020700
2026-06-23,16.3700008392334,16.3700008392334,16.43000030517578,16.049999237060547,16.049999237060547,27581700
2026-06-24,16.3799991607666,16.3799991607666,16.520000457763672,16.25,16.290000915527344,22826200
2026-06-25,16.389999389648438,16.389999389648438,16.489999771118164,16.229999542236328,16.399999618530273,18193000
2026-06-26,16.729999542236328,16.729999542236328,16.760000228881836,16.3799991607666,16.43000030517578,21690800
2026-06-29,16.59000015258789,16.59000015258789,16.850000381469727,16.520000457763672,16.790000915527344,17657800
2026-06-30,16.290000915527344,16.290000915527344,16.5,16.239999771118164,16.459999084472656,22299700
2026-07-01,16.200000762939453,16.200000762939453,16.389999389648438,16.09000015258789,16.1299991607666,17744600
2026-07-02,16.299999237060547,16.299999237060547,16.479999542236328,16.219999313354492,16.3799991607666,17656700
2026-07-03,16.290000915527344,16.290000915527344,16.450000762939453,16.149999618530273,16.450000762939453,6915200
2026-07-06,15.880000114440918,15.880000114440918,16.100000381469727,15.6899995803833,16.09000015258789,32014900
2026-07-07,15.609999656677246,15.609999656677246,16.1200008392334,15.5600004196167,15.84000015258789,37381000
2026-07-08,15.619999885559082,15.619999885559082,15.739999771118164,15.520000457763672,15.529999732971191,24227600
2026-07-09,15.720000267028809,15.720000267028809,15.789999961853027,15.640000343322754,15.729999542236328,23964000
2026-07-10,15.819999694824219,15.819999694824219,15.989999771118164,15.720000267028809,15.949999809265137,34757600
2026-07-13,15.829999923706055,15.829999923706055,16.030000686645508,15.699999809265137,15.8100004196167,31167700
2026-07-14,15.8100004196167,15.8100004196167,16.0,15.779999732971191,15.9399995803833,17907700
2026-07-15,15.569999694824219,15.569999694824219,15.729999542236328,15.350000381469727,15.59000015258789,31466500
2026-07-16,15.600000381469727,15.600000381469727,15.710000038146973,15.460000038146973,15.489999771118164,20772600
2026-07-17,15.630000114440918,15.630000114440918,15.75,15.510000228881836,15.59000015258789,16137900
2026-07-20,15.789999961853027,15.789999961853027,15.829999923706055,15.579999923706055,15.649999618530273,24319600
2026-07-21,15.800000190734863,15.800000190734863,15.899999618530273,15.739999771118164,15.739999771118164,19628700
2026-07-22,16.1299991607666,16.1299991607666,16.139999389648438,15.739999771118164,15.850000381469727,28818200
2026-07-23,15.920000076293945,15.920000076293945,16.110000610351562,15.84000015258789,16.040000915527344,18873800
2026-07-24,15.640000343322754,15.640000343322754,15.899999618530273,15.609999656677246,15.789999961853027,15224800
2026-07-27,15.859999656677246,15.859999656677246,15.890000343322754,15.5600004196167,15.739999771118164,30052500
2026-07-28,16.100000381469727,16.100000381469727,16.3700008392334,16.010000228881836,16.200000762939453,37458000
2026-07-29,16.049999237060547,16.049999237060547,16.229999542236328,16.0,16.049999237060547,19622700
