Date,Adj Close,Close,High,Low,Open,Volume
2021-07-29,42.72499084472656,51.20047378540039,51.95988464355469,50.88071823120117,51.41031265258789,1792482
2021-07-30,42.90843200683594,51.42030334472656,51.65012741088867,50.27119064331055,50.68087387084961,2062991
2021-08-02,50.05427932739258,59.98369216918945,60.12358474731445,52.2596549987793,52.2596549987793,8197723
2021-08-03,49.44559097290039,59.25425338745117,60.153560638427734,58.444881439208984,59.58399963378906,4610056
2021-08-04,50.779701232910156,60.85301971435547,61.24272155761719,58.824588775634766,58.88454055786133,3306750
2021-08-05,50.871421813964844,60.96293640136719,61.7623176574707,60.463321685791016,60.85301971435547,2664155
2021-08-06,51.04652786254883,61.17277526855469,62.281917572021484,60.623199462890625,61.28268814086914,2633731
2021-08-09,50.779701232910156,60.85301971435547,61.82227325439453,60.723121643066406,61.18276596069336,2706087
2021-08-10,50.12098693847656,60.063629150390625,61.68238067626953,59.95371627807617,61.02288818359375,1765561
2021-08-11,50.19602966308594,60.153560638427734,60.513282775878906,59.314208984375,59.97370147705078,1971921
2021-08-12,49.99591064453125,59.91374588012695,60.61320495605469,59.81382369995117,60.153560638427734,1080533
2021-08-13,49.62068557739258,59.46409225463867,60.863014221191406,59.44411087036133,60.083614349365234,2411560
2021-08-16,47.87800979614258,57.37570571899414,59.71390151977539,57.37570571899414,59.28423309326172,2340005
2021-08-17,47.66121292114258,57.11590576171875,57.9252815246582,55.65703201293945,57.08592987060547,2795656
2021-08-18,47.56949234008789,57.0059928894043,58.075164794921875,55.81690979003906,56.97601318359375,3364595
2021-08-19,48.27824020385742,57.8553352355957,58.474857330322266,56.1666374206543,56.1666374206543,2898335
2021-08-20,48.086463928222656,57.625511169433594,58.165096282958984,57.40568161010742,57.70545196533203,3725373
2021-08-23,48.294918060302734,57.87532043457031,59.63396072387695,57.65549087524414,57.89530563354492,1631458
2021-08-24,48.39497756958008,57.9952278137207,58.734657287597656,57.59553527832031,58.734657287597656,1680196
2021-08-25,48.478355407714844,58.095149993896484,58.255027770996094,57.28577423095703,58.035194396972656,1200225
2021-08-26,48.27824020385742,57.8553352355957,58.69468688964844,57.4356575012207,57.965248107910156,1760758
2021-08-27,48.68680953979492,58.34495544433594,58.67470169067383,57.59553527832031,58.265018463134766,1052211
2021-08-30,50.2293815612793,60.19353103637695,60.73311233520508,58.354949951171875,58.354949951171875,2348911
2021-08-31,50.004249572753906,59.923736572265625,61.16278076171875,59.6639404296875,60.253482818603516,2585494
2021-09-01,49.92087173461914,59.823814392089844,62.22196578979492,59.823814392089844,60.253482818603516,2489520
2021-09-02,49.17876434326172,58.93450164794922,60.063629150390625,58.76463317871094,59.76386260986328,1606339
2021-09-03,47.35269546508789,56.74618911743164,59.893760681152344,56.74618911743164,59.70390701293945,7860563
2021-09-06,46.944122314453125,56.256568908691406,56.74618911743164,54.79769515991211,56.74618911743164,1849026
2021-09-08,45.18476486206055,54.148197174072266,56.81613540649414,53.7385139465332,56.266563415527344,2461298
2021-09-09,47.13590621948242,56.486392974853516,57.5755500793457,54.46794891357422,54.497928619384766,2239727
2021-09-10,46.23537826538086,55.4072265625,57.02597427368164,55.20737838745117,56.77616882324219,1039301
2021-09-13,46.944122314453125,56.256568908691406,56.61629104614258,55.27732467651367,55.72697830200195,1441511
2021-09-14,48.30325698852539,57.885311126708984,58.025203704833984,56.176631927490234,56.346500396728516,1427000
2021-09-15,47.73625564575195,57.20583724975586,58.72466278076172,56.206607818603516,58.075164794921875,999771
2021-09-16,47.98640441894531,57.5056037902832,57.975242614746094,56.59630584716797,56.87609100341797,935521
2021-09-17,47.58616638183594,57.02597427368164,57.82535934448242,56.56632995605469,57.44565200805664,2152460
2021-09-20,46.752349853515625,56.02674865722656,56.49638366699219,54.62782669067383,56.486392974853516,2064392
2021-09-21,47.52779769897461,56.95602798461914,57.34572982788086,55.637046813964844,55.86687088012695,2289065
2021-09-22,48.186519622802734,57.745418548583984,58.334964752197266,56.226593017578125,57.725433349609375,4059631
2021-09-23,47.62785339355469,57.07593536376953,58.15510559082031,55.986778259277344,57.73542785644531,2483415
2021-09-24,46.79404067993164,56.07670974731445,56.82612991333008,55.76694869995117,56.82612991333008,1630858
2021-09-27,46.7440071105957,56.016754150390625,56.66625213623047,54.81768035888672,55.846885681152344,2502230
2021-09-28,44.484352111816406,53.30884552001953,55.756954193115234,52.489479064941406,55.617061614990234,3438452
2021-09-29,44.62610626220703,53.47871398925781,53.8784065246582,51.969879150390625,53.20892333984375,3409930
2021-09-30,44.025753021240234,52.75926971435547,54.50791931152344,52.6793327331543,54.048274993896484,2146355
2021-10-01,44.45934295654297,53.27886962890625,53.68855285644531,52.28963088989258,52.56941604614258,2795056
2021-10-04,41.824462890625,50.121307373046875,52.63936233520508,49.821537017822266,52.489479064941406,2735810
2021-10-05,40.59874725341797,48.65243911743164,50.501014709472656,48.39263916015625,50.221229553222656,2373631
2021-10-06,39.839969635009766,47.743141174316406,48.76235580444336,46.5440673828125,48.18280029296875,3454464
2021-10-07,39.0478401184082,46.79387664794922,48.86227798461914,46.31424331665039,47.833072662353516,3481485
2021-10-08,39.431396484375,47.25352096557617,48.372657775878906,46.8238525390625,46.8238525390625,2845194
2021-10-11,39.322998046875,47.123619079589844,48.40263366699219,46.1243896484375,46.97373580932617,2609512
2021-10-13,40.065101623535156,48.012935638427734,48.36266326904297,47.00371170043945,47.02369689941406,2856303
2021-10-14,39.598167419433594,47.453365325927734,48.15282440185547,46.80386734008789,48.022926330566406,1661581
2021-10-15,39.73157501220703,47.613243103027344,48.0029411315918,47.00371170043945,47.643218994140625,1838518
2021-10-18,39.4564094543457,47.28349685668945,48.2127799987793,46.70394515991211,47.23353576660156,1438409
2021-10-19,37.997222900390625,45.534847259521484,46.97373580932617,45.24507141113281,46.86381912231445,2152160
2021-10-20,38.180667877197266,45.754676818847656,46.51409149169922,44.95529556274414,46.07442855834961,1963714
2021-10-21,37.029991149902344,44.37574005126953,45.724700927734375,43.646305084228516,44.7354621887207,3942541
2021-10-22,36.39629364013672,43.616329193115234,44.41571044921875,41.96760177612305,43.836158752441406,4565922
2021-10-25,37.86381530761719,45.374969482421875,46.46413040161133,43.596343994140625,43.596343994140625,3511308
2021-10-26,36.61307907104492,43.87612533569336,45.2250862121582,43.646305084228516,44.95529556274414,2119535
2021-10-27,35.679203033447266,42.75699234008789,44.53561782836914,42.59711456298828,44.14591979980469,2215408
2021-10-28,36.012733459472656,43.15668487548828,43.666290283203125,42.45722198486328,42.75699234008789,2205801
2021-10-29,32.21051025390625,38.60020065307617,44.33577346801758,37.93071746826172,44.33577346801758,7834343
2021-11-01,32.285552978515625,38.69013214111328,40.0490837097168,38.400352478027344,38.969913482666016,3533926
2021-11-03,34.1282958984375,40.8984260559082,41.328094482421875,38.53025436401367,39.019874572753906,4092456
2021-11-04,33.685028076171875,40.09904479980469,41.068294525146484,39.409576416015625,40.12902069091797,2761830
2021-11-05,34.25581741333008,40.77851867675781,41.398040771484375,40.27890396118164,40.27890396118164,2531352
2021-11-08,33.852909088134766,40.29888916015625,40.6186408996582,39.269683837890625,40.29888916015625,2538658
2021-11-09,34.625152587890625,41.218177795410156,42.50718307495117,40.25891876220703,40.29888916015625,2441683
2021-11-10,35.254703521728516,41.96760177612305,42.287353515625,40.668601989746094,40.8284797668457,3194163
2021-11-11,35.380611419677734,42.11748504638672,43.456451416015625,41.82770919799805,42.38727569580078,2700082
2021-11-12,35.07843017578125,41.75776290893555,43.51640319824219,41.637855529785156,42.02755355834961,2414062
2021-11-16,33.97882080078125,40.44877243041992,42.22740173339844,40.15899658203125,42.2174072265625,2082506
2021-11-17,34.415306091308594,40.9683723449707,41.378055572509766,40.02909851074219,40.7585334777832,3063563
2021-11-18,36.119285583496094,42.99680709838867,43.456451416015625,40.858455657958984,41.158226013183594,3852071
2021-11-19,36.13607406616211,43.01679229736328,44.31578826904297,42.866905212402344,43.056758880615234,2992508
2021-11-22,34.5663948059082,41.148231506347656,43.23662185668945,40.978363037109375,43.02678298950195,2186086
2021-11-23,33.878089904785156,40.32886505126953,41.59788513183594,39.529483795166016,41.33808517456055,2480813
2021-11-24,33.92845916748047,40.38882064819336,41.098270416259766,39.2796745300293,39.669376373291016,1966917
2021-11-25,35.0280647277832,41.69780731201172,42.25737762451172,40.27890396118164,40.598655700683594,1207331
2021-11-26,33.63466262817383,40.03908920288086,40.77851867675781,39.51948928833008,40.70857238769531,1473336
2021-11-29,33.27372741699219,39.60942077636719,40.64862060546875,39.44954299926758,40.39881134033203,1768264
2021-11-30,32.81205749511719,39.059844970703125,39.739322662353516,37.521034240722656,39.339630126953125,3731378
2021-12-01,32.1153564453125,38.23048782348633,40.30887985229492,37.65093231201172,39.429561614990234,3298344
2021-12-02,31.897113800048828,37.97068786621094,38.87998580932617,36.8515510559082,38.87998580932617,5378448
2021-12-03,32.56863021850586,38.77006912231445,40.12902069091797,38.19051742553711,38.19051742553711,2691476
2021-12-06,33.03030014038086,39.319644927978516,39.5594596862793,38.540245056152344,39.11980056762695,1473736
2021-12-07,33.60108947753906,39.99911880493164,40.50872802734375,39.25968933105469,39.67936706542969,1441411
2021-12-08,34.25581741333008,40.77851867675781,41.048309326171875,39.53947448730469,40.27890396118164,1373259
2021-12-09,33.44160079956055,39.80926513671875,41.118255615234375,39.219722747802734,40.64862060546875,1278386
2021-12-10,34.09633255004883,40.58866500854492,41.068294525146484,39.509498596191406,39.719337463378906,1374260
2021-12-13,33.36606216430664,39.719337463378906,40.7585334777832,39.67936706542969,40.58866500854492,1597932
2021-12-14,32.098567962646484,38.21050262451172,40.838470458984375,38.05062484741211,40.29888916015625,1978125
2021-12-15,32.3671760559082,38.53025436401367,38.800045013427734,37.53102493286133,38.22049331665039,1942098
2021-12-16,32.132144927978516,38.25046920776367,39.11980056762695,37.90074157714844,38.63017654418945,1960412
2021-12-17,32.63577651977539,38.850006103515625,39.099815368652344,37.13133239746094,37.63094711303711,2495525
2021-12-20,32.47629165649414,38.660152435302734,39.3496208190918,37.85078048706055,38.50027847290039,1969319
2021-12-21,31.057714462280273,36.971458435058594,39.129791259765625,34.32350158691406,39.129791259765625,8328324
2021-12-22,31.561357498168945,37.57099533081055,38.23048782348633,36.1520881652832,36.771610260009766,1858733
2021-12-23,30.671588897705078,36.511810302734375,37.84078598022461,36.1520881652832,37.84078598022461,1688902
2021-12-27,30.76392364501953,36.621726989746094,37.191287994384766,36.27199935913086,36.9214973449707,1130271
2021-12-28,30.847864151000977,36.721649169921875,37.06138610839844,36.25201416015625,36.68168258666992,992265
2021-12-29,30.512109756469727,36.32196044921875,37.241249084472656,35.98221969604492,36.8515510559082,956337
2021-12-30,31.074501037597656,36.9914436340332,37.351165771484375,36.18206787109375,36.20205307006836,2051882
2022-01-03,28.918790817260742,34.27354049682617,36.981449127197266,34.27354049682617,36.73164367675781,1935593
2022-01-04,28.0841121673584,33.284305572509766,34.593292236328125,32.854637145996094,34.58330154418945,2035169
2022-01-05,27.004920959472656,32.00529098510742,33.72396469116211,31.725507736206055,33.17438888549805,2296671
2022-01-06,27.43490982055664,32.514896392822266,33.03449630737305,31.315824508666992,31.945337295532227,2528450
2022-01-07,27.274723052978516,32.32504653930664,33.31428146362305,31.895376205444336,32.30506134033203,2536856
2022-01-10,26.726696014404297,31.675546646118164,32.155174255371094,31.135963439941406,32.02527618408203,2229519
2022-01-11,27.468637466430664,32.554866790771484,32.68476867675781,31.675546646118164,31.675546646118164,1810196
2022-01-12,28.2021427154541,33.4241943359375,33.65401840209961,32.205135345458984,32.634803771972656,1990235
2022-01-13,27.99136734008789,33.17438888549805,33.74394989013672,32.624813079833984,33.54410171508789,1986032
2022-01-14,27.063940048217773,32.07523727416992,33.57408142089844,31.50567626953125,33.11443328857422,2064492
2022-01-17,26.119651794433594,30.956100463867188,32.16516876220703,30.86617088317871,32.12519836425781,1854030
2022-01-18,24.062458038330078,28.51798439025879,30.78623390197754,28.49799919128418,30.78623390197754,5600720
2022-01-19,24.028732299804688,28.47801399230957,29.13750457763672,28.278169631958008,28.897689819335938,4564120
2022-01-20,25.428300857543945,30.136734008789062,31.066017150878906,28.418060302734375,28.57793617248535,2932662
2022-01-21,25.596925735473633,30.336580276489258,30.426509857177734,29.63711929321289,29.876934051513672,3399022
2022-01-24,24.239511489868164,28.727821350097656,30.64634132385254,28.438045501708984,30.276626586914062,2674062
2022-01-25,23.85167694091797,28.26817512512207,29.037582397460938,26.929210662841797,28.537967681884766,10948845
2022-01-26,24.096181869506836,28.557952880859375,29.72705078125,27.968408584594727,28.54796028137207,9662053
2022-01-27,25.470455169677734,30.186695098876953,30.53642463684082,28.697845458984375,28.957643508911133,4110370
2022-01-28,24.239511489868164,28.727821350097656,30.53642463684082,28.49799919128418,30.066787719726562,4011594
2022-01-31,24.517738342285156,29.057567596435547,29.61713409423828,28.627899169921875,28.727821350097656,3022231
2022-02-01,22.82308006286621,27.049118041992188,29.63711929321289,26.62944221496582,29.077552795410156,5075215
2022-02-02,22.275056838989258,26.39961814880371,27.418832778930664,26.169795989990234,27.14904022216797,4858047
2022-02-03,21.853498458862305,25.900005340576172,26.929210662841797,25.900005340576172,26.409610748291016,3010622
2022-02-04,21.777618408203125,25.810073852539062,26.24973487854004,24.680946350097656,25.979942321777344,4507677
2022-02-07,21.887224197387695,25.939973831176758,26.53951072692871,25.080636978149414,25.71015167236328,3745889
2022-02-08,22.291919708251953,26.41960334777832,26.859264373779297,25.460344314575195,25.890012741088867,4569124
2022-02-09,22.629165649414062,26.81929588317871,27.668638229370117,26.41960334777832,26.50953483581543,4146098
2022-02-10,22.44413185119629,26.600000381469727,27.059999465942383,25.790000915527344,26.889999389648438,4097000
2022-02-11,22.857574462890625,27.09000015258789,28.06999969482422,25.6200008392334,26.739999771118164,7099300
2022-02-14,23.034765243530273,27.299999237060547,28.190000534057617,26.899999618530273,27.139999389648438,5533600
2022-02-15,23.642276763916016,28.020000457763672,28.1200008392334,26.899999618530273,27.299999237060547,4467600
2022-02-16,22.857574462890625,27.09000015258789,28.40999984741211,26.81999969482422,28.1299991607666,5934000
2022-02-17,22.612884521484375,26.799999237060547,27.450000762939453,26.049999237060547,27.15999984741211,3628300
2022-02-18,22.275379180908203,26.399999618530273,27.239999771118164,26.399999618530273,26.850000381469727,1953100
2022-02-21,21.693180084228516,25.709999084472656,26.65999984741211,25.709999084472656,26.399999618530273,2522700
2022-02-22,22.72257423400879,26.93000030517578,27.110000610351562,25.8799991607666,26.0,4912100
2022-02-23,21.33880043029785,25.290000915527344,27.450000762939453,25.040000915527344,27.030000686645508,9222100
2022-02-24,21.43161392211914,25.399999618530273,25.780000686645508,23.889999389648438,25.1200008392334,6131500
2022-02-25,21.71005630493164,25.729999542236328,25.729999542236328,24.75,25.690000534057617,5939900
2022-03-02,22.16568946838379,26.270000457763672,26.559999465942383,25.670000076293945,25.770000457763672,8509200
2022-03-03,21.46536636352539,25.440000534057617,26.84000015258789,25.440000534057617,26.1200008392334,3619800
2022-03-04,20.849414825439453,24.709999084472656,25.6200008392334,24.399999618530273,25.25,3767200
2022-03-07,18.790632247924805,22.270000457763672,24.530000686645508,22.239999771118164,24.420000076293945,6547100
2022-03-08,19.372827529907227,22.959999084472656,23.540000915527344,21.81999969482422,22.649999618530273,4991400
2022-03-09,20.630037307739258,24.450000762939453,24.799999237060547,23.030000686645508,23.1299991607666,5611400
2022-03-10,19.777835845947266,23.440000534057617,24.190000534057617,22.780000686645508,24.190000534057617,4150900
2022-03-11,18.63875389099121,22.09000015258789,23.75,22.06999969482422,23.540000915527344,3931500
2022-03-14,18.697816848754883,22.15999984741211,22.760000228881836,22.010000228881836,22.149999618530273,3681100
2022-03-15,18.807506561279297,22.290000915527344,22.93000030517578,21.770000457763672,21.899999618530273,4752900
2022-03-16,19.533143997192383,23.149999618530273,23.149999618530273,22.200000762939453,22.299999237060547,3799900
2022-03-17,20.275657653808594,24.030000686645508,24.170000076293945,22.770000457763672,22.860000610351562,4181900
2022-03-18,21.591928482055664,25.59000015258789,25.65999984741211,23.559999465942383,23.920000076293945,3841400
2022-03-21,21.035043716430664,24.93000030517578,25.479999542236328,24.239999771118164,25.479999542236328,2400600
2022-03-22,21.52442741394043,25.510000228881836,25.920000076293945,25.030000686645508,25.389999389648438,3261000
2022-03-23,21.676305770874023,25.690000534057617,26.25,25.15999984741211,25.579999923706055,5358400
2022-03-24,21.634117126464844,25.639999389648438,26.270000457763672,25.3700008392334,25.770000457763672,2607300
2022-03-25,22.064435958862305,26.149999618530273,26.420000076293945,25.709999084472656,25.709999084472656,3917300
2022-03-28,21.980058670043945,26.049999237060547,26.790000915527344,25.84000015258789,26.219999313354492,1495400
2022-03-29,22.663511276245117,26.860000610351562,28.09000015258789,26.420000076293945,26.420000076293945,3121600
2022-03-30,22.199438095092773,26.309999465942383,27.040000915527344,25.899999618530273,26.899999618530273,2232700
2022-03-31,21.996936798095703,26.06999969482422,26.65999984741211,25.959999084472656,26.3799991607666,1599500
2022-04-01,23.01789093017578,27.280000686645508,27.5,25.829999923706055,26.5,3642000
2022-04-04,22.941951751708984,27.190000534057617,27.579999923706055,26.799999237060547,27.579999923706055,1670100
2022-04-05,21.93787384033203,26.0,27.450000762939453,25.84000015258789,27.139999389648438,2235100
2022-04-06,21.355676651000977,25.309999465942383,26.059999465942383,24.950000762939453,26.049999237060547,4094600
2022-04-07,20.82410430908203,24.68000030517578,25.479999542236328,24.56999969482422,24.850000381469727,2244500
2022-04-08,20.385347366333008,24.15999984741211,24.760000228881836,23.920000076293945,24.56999969482422,2491400
2022-04-11,19.895963668823242,23.579999923706055,24.239999771118164,23.549999237060547,23.8799991607666,1519200
2022-04-12,19.195640563964844,22.75,24.149999618530273,22.729999542236328,23.8700008392334,2981400
2022-04-13,19.288454055786133,22.860000610351562,23.149999618530273,22.549999237060547,22.780000686645508,3047100
2022-04-14,19.14501190185547,22.690000534057617,23.239999771118164,22.5,22.8700008392334,2599400
2022-04-18,18.706254959106445,22.170000076293945,22.6200008392334,21.65999984741211,22.59000015258789,4101800
2022-04-19,18.765317916870117,22.239999771118164,22.56999969482422,21.860000610351562,22.020000457763672,5780400
2022-04-20,18.31812286376953,21.709999084472656,22.479999542236328,21.6200008392334,22.290000915527344,3423200
2022-04-22,17.76123809814453,21.049999237060547,22.020000457763672,20.899999618530273,21.5,4485800
2022-04-25,17.862489700317383,21.170000076293945,21.469999313354492,20.68000030517578,20.899999618530273,2364200
2022-04-26,17.162166595458984,20.34000015258789,21.059999465942383,20.110000610351562,21.059999465942383,4106100
2022-04-27,16.80778694152832,19.920000076293945,20.700000762939453,19.799999237060547,20.600000381469727,3822200
2022-04-28,16.9934139251709,20.139999389648438,20.40999984741211,19.5,20.079999923706055,3187600
2022-04-29,16.53778076171875,19.600000381469727,20.649999618530273,19.510000228881836,20.389999389648438,4236000
2022-05-02,16.267776489257812,19.280000686645508,20.010000228881836,19.200000762939453,19.469999313354492,4114000
2022-05-03,16.579967498779297,19.649999618530273,19.780000686645508,19.270000457763672,19.389999389648438,4016000
2022-05-04,17.356231689453125,20.56999969482422,20.709999084472656,19.34000015258789,19.459999084472656,3979700
2022-05-05,16.67278289794922,19.760000228881836,20.40999984741211,18.899999618530273,20.40999984741211,6395800
2022-05-06,17.913116455078125,21.229999542236328,21.59000015258789,19.559999465942383,19.700000762939453,7233100
2022-05-09,17.668424606323242,20.940000534057617,21.540000915527344,20.799999237060547,20.809999465942383,5388900
2022-05-10,18.57969093322754,22.020000457763672,22.290000915527344,21.020000457763672,21.1299991607666,4721700
2022-05-11,18.436250686645508,21.850000381469727,22.420000076293945,21.420000076293945,22.09000015258789,5446500
2022-05-12,18.63031768798828,22.079999923706055,22.5,21.540000915527344,21.6200008392334,2878200
2022-05-13,18.394060134887695,21.799999237060547,22.459999084472656,21.700000762939453,22.280000686645508,5251300
2022-05-16,18.30124855041504,21.690000534057617,22.149999618530273,21.360000610351562,21.809999465942383,2432500
2022-05-17,18.132495880126953,21.489999771118164,22.639999389648438,21.149999618530273,21.969999313354492,4006400
2022-05-18,17.668424606323242,20.940000534057617,21.6299991607666,20.739999771118164,21.290000915527344,3814800
2022-05-19,17.499671936035156,20.739999771118164,21.15999984741211,20.6200008392334,20.969999313354492,3294300
2022-05-20,17.263418197631836,20.459999084472656,21.170000076293945,19.780000686645508,20.959999084472656,4667500
2022-05-23,17.51654815673828,20.760000228881836,20.90999984741211,20.110000610351562,20.649999618530273,3582800
2022-05-24,17.57560920715332,20.829999923706055,20.860000610351562,19.899999618530273,20.40999984741211,5012300
2022-05-25,17.963743209838867,21.290000915527344,21.540000915527344,20.030000686645508,20.540000915527344,5590000
2022-05-26,18.706254959106445,22.170000076293945,22.309999465942383,21.100000381469727,21.5,4920700
2022-05-27,19.178762435913086,22.729999542236328,23.06999969482422,21.889999389648438,22.200000762939453,5667900
2022-05-30,18.706254959106445,22.170000076293945,23.239999771118164,22.040000915527344,22.81999969482422,3482000
2022-05-31,18.35187530517578,21.75,22.770000457763672,21.670000076293945,22.200000762939453,39928600
2022-06-01,17.854053497314453,21.15999984741211,21.940000534057617,20.889999389648438,21.65999984741211,3879700
2022-06-02,18.06499481201172,21.40999984741211,21.690000534057617,20.610000610351562,21.309999465942383,3311700
2022-06-03,17.57560920715332,20.829999923706055,21.3799991607666,20.739999771118164,21.299999237060547,2978000
2022-06-06,17.094667434692383,20.260000228881836,20.950000762939453,19.8700008392334,20.90999984741211,4830900
2022-06-07,17.086227416992188,20.25,20.43000030517578,19.950000762939453,20.059999465942383,2394200
2022-06-08,17.19591522216797,20.3799991607666,20.690000534057617,19.6200008392334,20.049999237060547,3117100
2022-06-09,16.72340965270996,19.81999969482422,20.75,19.739999771118164,20.18000030517578,3181800
2022-06-10,16.225587844848633,19.229999542236328,19.780000686645508,19.06999969482422,19.68000030517578,3345900
2022-06-13,15.592763900756836,18.479999542236328,18.799999237060547,18.270000457763672,18.799999237060547,4238400
2022-06-14,15.719329833984375,18.6299991607666,18.6299991607666,17.950000762939453,18.450000762939453,3124800
2022-06-15,16.267776489257812,19.280000686645508,19.469999313354492,18.420000076293945,18.799999237060547,5329500
2022-06-17,16.934349060058594,20.06999969482422,20.3799991607666,18.030000686645508,18.719999313354492,8060700
2022-06-20,16.512466430664062,19.56999969482422,20.110000610351562,19.219999313354492,20.0,2784400
2022-06-21,16.731847763061523,19.829999923706055,19.829999923706055,19.100000381469727,19.610000610351562,2620600
2022-06-22,16.647470474243164,19.729999542236328,20.1299991607666,19.34000015258789,19.559999465942383,2660500
2022-06-23,17.069353103637695,20.229999542236328,20.459999084472656,19.690000534057617,19.809999465942383,2671400
2022-06-24,16.77403450012207,19.8799991607666,20.6200008392334,19.56999969482422,20.360000610351562,2699900
2022-06-27,16.706533432006836,19.799999237060547,20.270000457763672,19.770000457763672,19.899999618530273,1785200
2022-06-28,16.613719940185547,19.690000534057617,20.1299991607666,19.459999084472656,19.950000762939453,1649600
2022-06-29,16.487154006958008,19.540000915527344,19.690000534057617,18.6200008392334,19.690000534057617,3918800
2022-06-30,16.149648666381836,19.139999389648438,19.760000228881836,18.75,19.100000381469727,4552800
2022-07-01,16.40277862548828,19.440000534057617,19.600000381469727,18.639999389648438,19.030000686645508,3773500
2022-07-04,16.520904541015625,19.579999923706055,19.940000534057617,19.15999984741211,19.270000457763672,1102800
2022-07-05,16.942787170410156,20.079999923706055,20.15999984741211,19.219999313354492,19.3799991607666,2044100
2022-07-06,17.17904281616211,20.360000610351562,20.719999313354492,19.729999542236328,20.049999237060547,2281100
2022-07-07,17.491233825683594,20.729999542236328,20.93000030517578,20.25,20.709999084472656,1794100
2022-07-08,17.33091926574707,20.540000915527344,21.059999465942383,20.18000030517578,20.719999313354492,1431100
2022-07-11,16.655906677246094,19.739999771118164,20.469999313354492,19.59000015258789,20.270000457763672,1833400
2022-07-12,16.225587844848633,19.229999542236328,20.15999984741211,19.1299991607666,19.579999923706055,2991700
2022-07-13,16.099023818969727,19.079999923706055,19.3700008392334,18.65999984741211,19.010000228881836,5393200
2022-07-14,15.567451477050781,18.450000762939453,19.030000686645508,18.200000762939453,18.850000381469727,4830700
2022-07-15,15.170883178710938,17.979999542236328,18.59000015258789,17.979999542236328,18.5,1820100
2022-07-18,15.25525951385498,18.079999923706055,18.760000228881836,17.709999084472656,18.18000030517578,6339700
2022-07-19,16.52934455871582,19.59000015258789,19.6299991607666,18.190000534057617,18.200000762939453,4787500
2022-07-20,17.592487335205078,20.850000381469727,21.65999984741211,19.309999465942383,19.350000381469727,7690200
2022-07-21,17.47435760498047,20.709999084472656,21.079999923706055,20.059999465942383,20.889999389648438,3388500
2022-07-22,17.406858444213867,20.6299991607666,20.940000534057617,20.389999389648438,20.709999084472656,2231400
2022-07-25,17.347795486450195,20.559999465942383,20.920000076293945,20.34000015258789,20.829999923706055,2066100
2022-07-26,17.389982223510742,20.610000610351562,21.0,19.8700008392334,20.65999984741211,3083800
2022-07-27,18.199995040893555,21.56999969482422,21.809999465942383,20.639999389648438,20.760000228881836,6378200
2022-07-28,18.824382781982422,22.309999465942383,22.309999465942383,21.079999923706055,21.6299991607666,9060200
2022-07-29,18.55437660217285,21.989999771118164,22.489999771118164,21.729999542236328,22.360000610351562,2125500
2022-08-01,17.88780403137207,21.200000762939453,22.15999984741211,21.030000686645508,21.979999542236328,3306100
2022-08-02,17.550296783447266,20.799999237060547,21.329999923706055,20.510000228881836,21.110000610351562,2547300
2022-08-03,17.963743209838867,21.290000915527344,21.350000381469727,20.75,20.81999969482422,2735800
2022-08-04,18.883445739746094,22.3799991607666,23.239999771118164,21.5,21.5,5830300
2022-08-05,16.326839447021484,19.350000381469727,22.18000030517578,18.959999084472656,22.110000610351562,16378900
2022-08-08,16.276216506958008,19.290000915527344,19.639999389648438,18.899999618530273,19.56999969482422,10090000
2022-08-09,15.761517524719238,18.68000030517578,19.6299991607666,18.31999969482422,19.540000915527344,5659000
2022-08-10,16.605281829833984,19.68000030517578,20.139999389648438,18.65999984741211,18.899999618530273,6396800
2022-08-11,16.284650802612305,19.299999237060547,20.219999313354492,18.920000076293945,19.940000534057617,3680100
2022-08-12,16.62215805053711,19.700000762939453,19.889999389648438,19.190000534057617,19.510000228881836,3272000
2022-08-15,17.33091926574707,20.540000915527344,20.809999465942383,19.309999465942383,19.440000534057617,4578700
2022-08-16,16.942787170410156,20.079999923706055,20.690000534057617,19.709999084472656,20.59000015258789,3639700
2022-08-17,16.706533432006836,19.799999237060547,20.299999237060547,19.600000381469727,19.989999771118164,4916400
2022-08-18,16.67278289794922,19.760000228881836,20.18000030517578,19.489999771118164,20.030000686645508,2599500
2022-08-19,16.284650802612305,19.299999237060547,19.670000076293945,19.049999237060547,19.639999389648438,3345700
2022-08-22,15.871206283569336,18.809999465942383,19.190000534057617,18.68000030517578,19.190000534057617,2605200
2022-08-23,15.803706169128418,18.729999542236328,18.959999084472656,18.40999984741211,18.809999465942383,3671300
2022-08-24,16.02308464050293,18.989999771118164,19.18000030517578,18.649999618530273,18.729999542236328,3350000
2022-08-25,17.634674072265625,20.899999618530273,21.190000534057617,19.030000686645508,19.190000534057617,5220700
2022-08-26,18.900320053100586,22.399999618530273,23.31999969482422,20.729999542236328,20.920000076293945,13262000
2022-08-29,18.419374465942383,21.829999923706055,22.790000915527344,21.829999923706055,22.299999237060547,4225300
2022-08-30,18.436250686645508,21.850000381469727,22.260000228881836,21.270000457763672,21.920000076293945,3508100
2022-08-31,17.415294647216797,20.639999389648438,22.40999984741211,20.639999389648438,21.850000381469727,4863900
2022-09-01,17.52498435974121,20.770000457763672,21.18000030517578,20.639999389648438,20.639999389648438,3801700
2022-09-02,17.56717300415039,20.81999969482422,21.15999984741211,20.3700008392334,20.8700008392334,3119000
2022-09-05,17.710613250732422,20.989999771118164,21.889999389648438,20.579999923706055,21.149999618530273,4294900
2022-09-06,17.33091926574707,20.540000915527344,20.780000686645508,19.799999237060547,20.700000762939453,4031600
2022-09-08,17.440608978271484,20.670000076293945,21.280000686645508,20.440000534057617,20.610000610351562,2759900
2022-09-09,18.53750228881836,21.969999313354492,22.170000076293945,20.850000381469727,20.850000381469727,2762000
2022-09-12,19.263139724731445,22.829999923706055,23.420000076293945,22.100000381469727,22.200000762939453,4471400
2022-09-13,18.470003128051758,21.889999389648438,22.59000015258789,21.530000686645508,22.469999313354492,2868200
2022-09-14,18.706254959106445,22.170000076293945,22.6299991607666,21.670000076293945,21.799999237060547,2864400
2022-09-15,18.672502517700195,22.1299991607666,23.059999465942383,22.0,22.200000762939453,2775800
2022-09-16,17.76123809814453,21.049999237060547,22.0,21.020000457763672,21.979999542236328,6235000
2022-09-19,18.107181549072266,21.459999084472656,21.6299991607666,20.75,20.920000076293945,2211400
2022-09-20,18.191558837890625,21.559999465942383,22.020000457763672,21.200000762939453,21.479999542236328,3413300
2022-09-21,18.765317916870117,22.239999771118164,22.56999969482422,21.43000030517578,21.559999465942383,3709900
2022-09-22,19.2209529876709,22.780000686645508,22.920000076293945,21.889999389648438,22.549999237060547,2777400
2022-09-23,18.85813331604004,22.350000381469727,22.549999237060547,21.959999084472656,22.299999237060547,1947300
2022-09-26,18.647192001342773,22.100000381469727,22.540000915527344,21.93000030517578,22.18000030517578,2215500
2022-09-27,17.744361877441406,21.030000686645508,22.459999084472656,21.030000686645508,22.25,2694700
2022-09-28,17.668424606323242,20.940000534057617,21.940000534057617,20.8700008392334,21.049999237060547,3930000
2022-09-29,17.19591522216797,20.3799991607666,20.81999969482422,19.610000610351562,20.670000076293945,5571200
2022-09-30,17.946866989135742,21.270000457763672,21.56999969482422,20.030000686645508,20.280000686645508,3019400
2022-10-03,18.984697341918945,22.5,22.8799991607666,21.889999389648438,22.010000228881836,3377300
2022-10-04,19.60908317565918,23.239999771118164,23.65999984741211,22.799999237060547,23.0,4174900
2022-10-05,19.39813995361328,22.989999771118164,23.469999313354492,22.5,23.31999969482422,2172200
2022-10-06,19.912839889526367,23.600000381469727,23.889999389648438,23.219999313354492,23.299999237060547,3507000
2022-10-07,18.993135452270508,22.510000228881836,23.5,22.3799991607666,23.469999313354492,3901600
2022-10-10,19.229389190673828,22.790000915527344,22.969999313354492,22.260000228881836,22.639999389648438,2163700
2022-10-11,18.613439559936523,22.059999465942383,23.010000228881836,21.950000762939453,22.790000915527344,1478400
2022-10-13,18.326560974121094,21.719999313354492,21.90999984741211,21.1200008392334,21.760000228881836,2496100
2022-10-14,17.305604934692383,20.510000228881836,21.809999465942383,20.440000534057617,21.700000762939453,2135600
2022-10-17,17.389982223510742,20.610000610351562,21.260000228881836,20.399999618530273,20.6299991607666,1866100
2022-10-18,17.626237869262695,20.889999389648438,21.440000534057617,20.459999084472656,20.8799991607666,4186100
2022-10-19,17.50811004638672,20.75,21.0,20.450000762939453,21.0,1568600
2022-10-20,17.634674072265625,20.899999618530273,21.290000915527344,20.6299991607666,20.950000762939453,1943600
2022-10-21,17.727489471435547,21.010000228881836,21.209999084472656,20.1200008392334,20.75,3101300
2022-10-24,17.254981994628906,20.450000762939453,21.06999969482422,20.34000015258789,21.040000915527344,2038500
2022-10-25,17.111539840698242,20.280000686645508,20.780000686645508,20.149999618530273,20.350000381469727,1953600
2022-10-26,16.377464294433594,19.40999984741211,20.209999084472656,19.1200008392334,20.1200008392334,4182900
2022-10-27,16.95966148376465,20.100000381469727,20.489999771118164,19.520000457763672,19.600000381469727,2204500
2022-10-28,16.9934139251709,20.139999389648438,20.56999969482422,19.739999771118164,19.950000762939453,1962100
2022-10-31,18.529064178466797,21.959999084472656,22.110000610351562,19.65999984741211,19.989999771118164,5447300
2022-11-01,18.37718963623047,21.780000686645508,22.229999542236328,21.530000686645508,21.950000762939453,2716900
2022-11-03,18.832820892333984,22.31999969482422,22.510000228881836,21.170000076293945,21.5,2286800
2022-11-04,15.93870735168457,18.889999389648438,21.84000015258789,18.459999084472656,21.700000762939453,23164400
2022-11-07,14.74899959564209,17.479999542236328,19.280000686645508,17.049999237060547,18.940000534057617,14974600
2022-11-08,14.478995323181152,17.15999984741211,17.93000030517578,17.110000610351562,17.5,6943900
2022-11-09,14.090866088867188,16.700000762939453,17.360000610351562,16.6200008392334,17.1200008392334,5801000
2022-11-10,13.5086669921875,16.010000228881836,16.68000030517578,15.420000076293945,16.600000381469727,9480100
2022-11-11,14.023364067077637,16.6200008392334,16.75,15.649999618530273,16.049999237060547,3672700
2022-11-14,14.352432250976562,17.010000228881836,17.280000686645508,16.59000015258789,16.81999969482422,3164800
2022-11-16,14.175240516662598,16.799999237060547,17.09000015258789,15.90999984741211,17.010000228881836,5358100
2022-11-17,13.247099876403809,15.699999809265137,16.5,15.34000015258789,16.5,4376300
2022-11-18,13.373664855957031,15.850000381469727,16.520000457763672,15.619999885559082,16.0,3052500
2022-11-21,13.829296112060547,16.389999389648438,16.549999237060547,15.779999732971191,16.010000228881836,3980300
2022-11-22,13.94742488861084,16.530000686645508,16.729999542236328,15.960000038146973,16.43000030517578,3819800
2022-11-23,13.66898250579834,16.200000762939453,16.670000076293945,16.049999237060547,16.489999771118164,2245200
2022-11-24,14.166804313659668,16.790000915527344,16.84000015258789,16.219999313354492,16.270000457763672,1506600
2022-11-25,13.584606170654297,16.100000381469727,16.959999084472656,15.84000015258789,16.850000381469727,2450800
2022-11-28,13.500228881835938,16.0,16.18000030517578,15.600000381469727,16.06999969482422,3426100
2022-11-29,13.728045463562012,16.270000457763672,16.639999389648438,15.789999961853027,15.949999809265137,2382700
2022-11-30,14.133052825927734,16.75,16.90999984741211,16.06999969482422,16.25,3177200
2022-12-01,13.145848274230957,15.579999923706055,16.850000381469727,15.550000190734863,16.809999465942383,4050400
2022-12-02,13.306163787841797,15.770000457763672,16.020000457763672,15.350000381469727,15.529999732971191,2199700
2022-12-05,12.648027420043945,14.989999771118164,15.680000305175781,14.920000076293945,15.680000305175781,5155800
2022-12-06,12.538337707519531,14.859999656677246,15.140000343322754,14.710000038146973,15.039999961853027,1751200
2022-12-07,12.563652038574219,14.890000343322754,15.279999732971191,14.680000305175781,14.789999961853027,2762500
2022-12-08,11.82957649230957,14.020000457763672,14.789999961853027,13.65999984741211,14.789999961853027,4561300
2022-12-09,11.652386665344238,13.8100004196167,14.229999542236328,13.8100004196167,14.170000076293945,1998100
2022-12-12,11.50894546508789,13.640000343322754,14.130000114440918,13.4399995803833,13.75,4068800
2022-12-13,11.449881553649902,13.569999694824219,14.399999618530273,13.5600004196167,13.720000267028809,3623100
2022-12-14,12.065829277038574,14.300000190734863,14.470000267028809,13.0,13.420000076293945,5035800
2022-12-15,11.770511627197266,13.949999809265137,14.579999923706055,13.890000343322754,14.210000038146973,2845000
2022-12-16,11.188315391540527,13.260000228881836,14.119999885559082,13.199999809265137,13.9399995803833,3907200
2022-12-19,12.006766319274902,14.229999542236328,14.300000190734863,13.229999542236328,13.229999542236328,4543300
2022-12-20,12.529900550842285,14.850000381469727,15.100000381469727,13.920000076293945,14.15999984741211,5021500
2022-12-21,12.065829277038574,14.300000190734863,14.960000038146973,14.1899995803833,14.899999618530273,4283000
2022-12-22,11.947702407836914,14.15999984741211,14.550000190734863,13.84000015258789,14.279999732971191,7673000
2022-12-23,12.487711906433105,14.800000190734863,14.970000267028809,14.050000190734863,14.239999771118164,3793900
2022-12-26,12.386459350585938,14.680000305175781,14.979999542236328,14.4399995803833,14.770000457763672,1322300
2022-12-27,12.192394256591797,14.449999809265137,14.920000076293945,14.289999961853027,14.75,2251700
2022-12-28,12.757716178894043,15.119999885559082,15.329999923706055,14.449999809265137,14.510000228881836,2496700
2022-12-29,12.723965644836426,15.079999923706055,15.489999771118164,15.0,15.199999809265137,5986000
2023-01-02,12.091143608093262,14.329999923706055,14.970000267028809,14.149999618530273,14.930000305175781,2121600
2023-01-03,11.306442260742188,13.399999618530273,14.449999809265137,13.350000381469727,14.289999961853027,4079300
2023-01-04,11.382379531860352,13.489999771118164,13.770000457763672,13.279999732971191,13.449999809265137,1947500
2023-01-05,11.694573402404785,13.859999656677246,14.020000457763672,13.350000381469727,13.5600004196167,2682000
2023-01-06,11.703010559082031,13.869999885559082,14.300000190734863,13.670000076293945,13.84000015258789,3765300
2023-01-09,11.998329162597656,14.220000267028809,14.609999656677246,13.609999656677246,13.949999809265137,3030700
2023-01-10,12.470836639404297,14.779999732971191,14.920000076293945,14.020000457763672,14.149999618530273,2393000
2023-01-11,12.766154289245605,15.130000114440918,15.239999771118164,14.710000038146973,14.760000228881836,1663900
2023-01-12,12.243021011352539,14.510000228881836,15.140000343322754,14.5,15.069999694824219,2800800
2023-01-13,11.492069244384766,13.619999885559082,14.420000076293945,13.550000190734863,14.359999656677246,4317600
2023-01-16,11.39081859588623,13.5,13.800000190734863,13.399999618530273,13.489999771118164,1816200
2023-01-17,11.686136245727539,13.850000381469727,13.960000038146973,13.529999732971191,13.529999732971191,2215200
2023-01-18,11.745199203491211,13.920000076293945,14.199999809265137,13.600000381469727,13.989999771118164,3858600
2023-01-19,11.576446533203125,13.720000267028809,13.890000343322754,13.420000076293945,13.760000228881836,2569300
2023-01-20,10.892996788024902,12.90999984741211,13.789999961853027,12.880000114440918,13.699999809265137,7077900
2023-01-23,11.019561767578125,13.0600004196167,13.319999694824219,12.880000114440918,12.880000114440918,4484300
2023-01-24,11.002686500549316,13.039999961853027,13.180000305175781,12.710000038146973,13.069999694824219,4554800
2023-01-25,11.39081859588623,13.5,13.59000015258789,12.930000305175781,13.050000190734863,5852400
2023-01-26,11.171439170837402,13.239999771118164,13.850000381469727,12.979999542236328,13.520000457763672,3813000
2023-01-27,10.95206069946289,12.979999542236328,13.199999809265137,12.75,13.199999809265137,6314600
2023-01-30,11.179878234863281,13.25,13.65999984741211,13.0,13.0,4264300
2023-01-31,11.48363208770752,13.609999656677246,13.899999618530273,13.220000267028809,13.260000228881836,7053700
2023-02-01,11.50894546508789,13.640000343322754,13.850000381469727,13.140000343322754,13.569999694824219,4149300
2023-02-02,11.340191841125488,13.4399995803833,14.239999771118164,13.380000114440918,13.539999961853027,5013900
2023-02-03,10.71580696105957,12.699999809265137,13.460000038146973,12.609999656677246,13.420000076293945,4617900
2023-02-06,10.462677955627441,12.399999618530273,12.75,12.25,12.710000038146973,3275800
2023-02-07,10.260173797607422,12.15999984741211,12.520000457763672,12.0600004196167,12.420000076293945,1951800
2023-02-08,10.504866600036621,12.449999809265137,12.579999923706055,11.920000076293945,12.300000190734863,3193600
2023-02-09,9.939543724060059,11.779999732971191,12.850000381469727,11.6899995803833,12.350000381469727,5803400
2023-02-10,8.08326244354248,9.579999923706055,10.8100004196167,9.170000076293945,10.600000381469727,34339100
2023-02-13,8.311079025268555,9.850000381469727,10.0600004196167,9.34000015258789,9.609999656677246,13510100
2023-02-14,8.184514999389648,9.699999809265137,10.050000190734863,9.550000190734863,9.9399995803833,7696900
2023-02-15,8.471393585205078,10.039999961853027,10.220000267028809,9.470000267028809,9.699999809265137,6468400
2023-02-16,8.454519271850586,10.020000457763672,10.220000267028809,9.869999885559082,9.970000267028809,4182900
2023-02-17,8.631709098815918,10.229999542236328,10.350000381469727,9.84000015258789,9.920000076293945,5330400
2023-02-22,8.294203758239746,9.829999923706055,10.029999732971191,9.550000190734863,10.020000457763672,6345600
2023-02-23,8.36170482635498,9.90999984741211,10.130000114440918,9.779999732971191,9.84000015258789,6708200
2023-02-24,7.965134143829346,9.4399995803833,10.010000228881836,9.380000114440918,9.859999656677246,7797000
2023-02-27,8.184514999389648,9.699999809265137,10.09000015258789,9.5,9.5,5330500
2023-02-28,7.956698417663574,9.430000305175781,9.760000228881836,9.430000305175781,9.760000228881836,3012400
2023-03-01,7.695130825042725,9.119999885559082,9.600000381469727,9.020000457763672,9.5600004196167,5289100
2023-03-02,7.872321128845215,9.329999923706055,9.5,9.069999694824219,9.100000381469727,3386700
2023-03-03,7.728881359100342,9.15999984741211,9.5600004196167,9.119999885559082,9.40999984741211,3744600
2023-03-06,7.897634029388428,9.359999656677246,9.539999961853027,8.710000038146973,9.270000457763672,5705100
2023-03-07,7.8554463386535645,9.3100004196167,9.59000015258789,9.210000038146973,9.34000015258789,2998900
2023-03-08,8.412330627441406,9.970000267028809,10.039999961853027,9.270000457763672,9.3100004196167,5420400
2023-03-09,8.209826469421387,9.729999542236328,10.15999984741211,9.720000267028809,9.899999618530273,3368600
2023-03-10,8.12545108795166,9.630000114440918,9.739999771118164,9.380000114440918,9.720000267028809,3764300
2023-03-13,8.3195161819458,9.859999656677246,10.270000457763672,9.420000076293945,9.489999771118164,4175400
2023-03-14,7.990448474884033,9.470000267028809,10.0600004196167,9.350000381469727,9.899999618530273,8136300
2023-03-15,7.84700870513916,9.300000190734863,9.460000038146973,9.119999885559082,9.329999923706055,10792000
2023-03-16,7.787944316864014,9.229999542236328,9.899999618530273,9.199999809265137,9.329999923706055,4897700
2023-03-17,7.6360673904418945,9.050000190734863,9.3100004196167,8.930000305175781,9.229999542236328,7629600
2023-03-20,7.104495525360107,8.420000076293945,9.0600004196167,8.329999923706055,9.0600004196167,10315800
2023-03-21,7.34918737411499,8.710000038146973,8.84000015258789,8.3100004196167,8.350000381469727,9805400
2023-03-22,6.95261812210083,8.239999771118164,8.819999694824219,8.239999771118164,8.680000305175781,6697200
2023-03-23,6.623549938201904,7.849999904632568,8.359999656677246,7.599999904632568,8.25,7757800
2023-03-24,6.876678943634033,8.149999618530273,8.380000114440918,7.849999904632568,7.849999904632568,6607400
2023-03-27,6.85136604309082,8.119999885559082,8.319999694824219,8.09000015258789,8.25,3678900
2023-03-28,7.011682033538818,8.3100004196167,8.420000076293945,7.849999904632568,8.119999885559082,5939500
2023-03-29,6.9357428550720215,8.220000267028809,8.420000076293945,7.880000114440918,8.390000343322754,6338600
2023-03-30,7.096057891845703,8.40999984741211,8.779999732971191,8.34000015258789,8.369999885559082,8000300
2023-03-31,6.876678943634033,8.149999618530273,8.680000305175781,8.100000381469727,8.369999885559082,6506300
2023-04-03,6.648862838745117,7.880000114440918,8.220000267028809,7.679999828338623,8.170000076293945,6613600
2023-04-04,6.67417573928833,7.909999847412109,8.069999694824219,7.78000020980835,7.920000076293945,5486100
2023-04-05,6.024477481842041,7.139999866485596,7.949999809265137,7.130000114440918,7.920000076293945,25762800
2023-04-06,6.328232288360596,7.5,7.590000152587891,7.0,7.139999866485596,15565800
2023-04-10,6.59823751449585,7.820000171661377,7.929999828338623,7.5,7.5,8822800
2023-04-11,6.944180011749268,8.229999542236328,8.380000114440918,7.960000038146973,7.960000038146973,13181900
2023-04-12,6.8935546875,8.170000076293945,8.479999542236328,8.170000076293945,8.25,8917200
2023-04-13,6.750114440917969,8.0,8.420000076293945,7.920000076293945,8.15999984741211,6788700
2023-04-14,6.404170989990234,7.590000152587891,7.960000038146973,7.480000019073486,7.960000038146973,9179100
2023-04-17,6.2944817543029785,7.460000038146973,7.75,7.380000114440918,7.53000020980835,9006700
2023-04-18,6.108853816986084,7.239999771118164,7.510000228881836,7.110000133514404,7.510000228881836,9367600
2023-04-19,5.931663513183594,7.03000020980835,7.179999828338623,6.900000095367432,7.170000076293945,10038100
2023-04-20,6.032914638519287,7.150000095367432,7.179999828338623,6.949999809265137,7.03000020980835,4559200
2023-04-24,5.990726470947266,7.099999904632568,7.289999961853027,7.070000171661377,7.150000095367432,3139600
2023-04-25,5.940101146697998,7.039999961853027,7.099999904632568,6.880000114440918,7.099999904632568,5505300
2023-04-26,5.923225402832031,7.019999980926514,7.099999904632568,6.809999942779541,7.03000020980835,4740400
2023-04-27,5.948538303375244,7.050000190734863,7.150000095367432,6.820000171661377,7.019999980926514,5433700
2023-04-28,6.252293586730957,7.409999847412109,7.599999904632568,7.119999885559082,7.130000114440918,24804100
2023-05-02,6.1510419845581055,7.289999961853027,7.449999809265137,7.079999923706055,7.409999847412109,6154600
2023-05-03,6.210105895996094,7.360000133514404,7.650000095367432,7.199999809265137,7.349999904632568,7846400
2023-05-04,6.480110168457031,7.679999828338623,7.809999942779541,7.449999809265137,7.5,11424900
2023-05-05,7.256373882293701,8.600000381469727,8.729999542236328,7.170000076293945,7.309999942779541,24549700
2023-05-08,7.796381950378418,9.239999771118164,9.319999694824219,8.579999923706055,8.6899995803833,18251900
2023-05-09,7.7204437255859375,9.149999618530273,9.380000114440918,9.029999732971191,9.1899995803833,10669500
2023-05-10,7.872321128845215,9.329999923706055,9.420000076293945,9.100000381469727,9.180000305175781,6315600
2023-05-11,7.602316379547119,9.010000228881836,9.199999809265137,8.670000076293945,9.180000305175781,11725300
2023-05-12,7.46731424331665,8.850000381469727,9.010000228881836,8.619999885559082,8.869999885559082,4921100
2023-05-15,7.458876609802246,8.84000015258789,8.979999542236328,8.6899995803833,8.829999923706055,3424300
2023-05-16,7.340749740600586,8.699999809265137,8.880000114440918,8.550000190734863,8.829999923706055,4075400
2023-05-17,7.40825080871582,8.779999732971191,9.039999961853027,8.5600004196167,8.75,10025000
2023-05-18,7.4926276206970215,8.880000114440918,9.079999923706055,8.630000114440918,8.760000228881836,8853800
2023-05-19,7.560128211975098,8.960000038146973,9.140000343322754,8.65999984741211,8.970000267028809,13747700
2023-05-22,8.8764009475708,10.520000457763672,10.699999809265137,10.100000381469727,10.300000190734863,36562800
2023-05-23,8.64858341217041,10.25,10.630000114440918,10.239999771118164,10.5600004196167,14133300
2023-05-24,8.64858341217041,10.25,10.430000305175781,10.079999923706055,10.170000076293945,12913200
2023-05-25,8.775148391723633,10.399999618530273,10.630000114440918,10.260000228881836,10.34000015258789,6827900
2023-05-26,8.766712188720703,10.390000343322754,10.539999961853027,10.319999694824219,10.449999809265137,4981000
2023-05-29,8.783586502075195,10.40999984741211,10.479999542236328,10.300000190734863,10.399999618530273,2823700
2023-05-30,8.825775146484375,10.460000038146973,10.59000015258789,10.300000190734863,10.470000267028809,5820400
2023-05-31,8.80889892578125,10.4399995803833,10.829999923706055,10.380000114440918,10.460000038146973,10398000
2023-06-01,8.986089706420898,10.649999618530273,10.739999771118164,10.270000457763672,10.5,8208900
2023-06-02,8.986089706420898,10.649999618530273,10.850000381469727,10.460000038146973,10.729999542236328,6318900
2023-06-05,9.053590774536133,10.729999542236328,10.819999694824219,10.510000228881836,10.619999885559082,3976100
2023-06-06,9.197030067443848,10.899999618530273,11.0600004196167,10.609999656677246,10.670000076293945,5763500
2023-06-07,9.306719779968262,11.029999732971191,11.260000228881836,10.859999656677246,10.949999809265137,6119400
2023-06-09,9.230781555175781,10.9399995803833,11.359999656677246,10.90999984741211,11.0600004196167,8183300
2023-06-12,9.24765682220459,10.960000038146973,11.100000381469727,10.859999656677246,10.970000267028809,3736800
2023-06-13,8.792023658752441,10.420000076293945,11.09000015258789,10.359999656677246,11.020000457763672,5510200
2023-06-14,9.24765682220459,10.960000038146973,11.140000343322754,10.510000228881836,10.510000228881836,9255700
2023-06-15,9.534537315368652,11.300000190734863,11.390000343322754,10.890000343322754,10.949999809265137,5979000
2023-06-16,9.40797233581543,11.149999618530273,11.539999961853027,11.149999618530273,11.25,5168100
2023-06-19,9.213906288146973,10.920000076293945,11.239999771118164,10.789999961853027,11.039999961853027,3559500
2023-06-20,9.095779418945312,10.779999732971191,10.920000076293945,10.710000038146973,10.90999984741211,3897400
2023-06-21,9.357346534729004,11.09000015258789,11.220000267028809,10.5,10.739999771118164,9327800
2023-06-22,8.80046272277832,10.430000305175781,10.970000267028809,10.420000076293945,10.960000038146973,4717100
2023-06-23,8.682334899902344,10.289999961853027,10.460000038146973,10.1899995803833,10.449999809265137,4868100
2023-06-26,8.37014102935791,9.920000076293945,10.260000228881836,9.859999656677246,10.25,4725900
2023-06-27,7.7204437255859375,9.149999618530273,10.100000381469727,9.149999618530273,10.039999961853027,13742800
2023-06-28,7.703568458557129,9.130000114440918,9.460000038146973,9.09000015258789,9.15999984741211,6045700
2023-06-29,7.813258171081543,9.260000228881836,9.300000190734863,9.079999923706055,9.170000076293945,6430900
2023-06-30,7.84700870513916,9.300000190734863,9.449999809265137,9.229999542236328,9.380000114440918,7715300
2023-07-03,7.84700870513916,9.300000190734863,9.4399995803833,9.170000076293945,9.319999694824219,4877100
2023-07-04,7.872321128845215,9.329999923706055,9.460000038146973,9.25,9.300000190734863,3386500
2023-07-05,7.9482598304748535,9.420000076293945,9.569999694824219,9.220000267028809,9.289999961853027,5844300
2023-07-06,7.695130825042725,9.119999885559082,9.350000381469727,8.960000038146973,9.3100004196167,7388600
2023-07-07,7.762631893157959,9.199999809265137,9.380000114440918,8.9399995803833,9.149999618530273,7585000
2023-07-10,7.560128211975098,8.960000038146973,9.170000076293945,8.770000457763672,9.15999984741211,6143300
2023-07-11,7.534815788269043,8.930000305175781,9.0600004196167,8.760000228881836,8.970000267028809,4537300
2023-07-12,7.4757513999938965,8.859999656677246,9.199999809265137,8.84000015258789,9.039999961853027,5771000
2023-07-13,7.391375541687012,8.760000228881836,8.970000267028809,8.710000038146973,8.890000343322754,4299900
2023-07-14,7.340749740600586,8.699999809265137,8.789999961853027,8.600000381469727,8.75,5009300
2023-07-17,7.517939567565918,8.90999984741211,8.989999771118164,8.550000190734863,8.649999618530273,3917600
2023-07-18,7.821694850921631,9.270000457763672,9.380000114440918,8.8100004196167,8.850000381469727,6530500
2023-07-19,7.222623348236084,8.5600004196167,9.319999694824219,8.5600004196167,9.270000457763672,13096400
2023-07-20,7.1635589599609375,8.489999771118164,8.729999542236328,8.350000381469727,8.649999618530273,8225600
2023-07-21,7.433564186096191,8.8100004196167,8.859999656677246,8.460000038146973,8.479999542236328,5028800
2023-07-24,7.619191646575928,9.029999732971191,9.079999923706055,8.579999923706055,8.899999618530273,4296600
2023-07-25,7.897634029388428,9.359999656677246,9.779999732971191,9.109999656677246,9.149999618530273,5856900
2023-07-26,8.015761375427246,9.5,9.5,9.279999732971191,9.329999923706055,5087900
2023-07-27,8.049511909484863,9.539999961853027,9.779999732971191,9.460000038146973,9.510000228881836,8875000
2023-07-28,8.032636642456055,9.520000457763672,9.630000114440918,9.390000343322754,9.609999656677246,3238600
2023-07-31,8.12545108795166,9.630000114440918,9.760000228881836,9.5,9.529999732971191,4695400
2023-08-01,8.015761375427246,9.5,9.600000381469727,9.350000381469727,9.600000381469727,3978200
2023-08-02,8.024198532104492,9.510000228881836,9.550000190734863,9.34000015258789,9.470000267028809,3548300
2023-08-03,7.602316379547119,9.010000228881836,9.4399995803833,9.010000228881836,9.239999771118164,14105400
2023-08-04,7.669817924499512,9.09000015258789,9.489999771118164,8.390000343322754,8.460000038146973,12462600
2023-08-07,7.7204437255859375,9.149999618530273,9.15999984741211,8.880000114440918,9.050000190734863,4215600
2023-08-08,7.973572731018066,9.449999809265137,9.670000076293945,8.8100004196167,9.050000190734863,8764500
2023-08-09,8.015761375427246,9.5,9.579999923706055,9.210000038146973,9.430000305175781,3397000
2023-08-10,8.159200668334961,9.670000076293945,9.829999923706055,9.5,9.600000381469727,5911900
2023-08-11,8.387017250061035,9.9399995803833,9.989999771118164,9.630000114440918,9.670000076293945,9941300
2023-08-14,8.513582229614258,10.09000015258789,10.1899995803833,9.859999656677246,9.960000038146973,7099000
2023-08-15,8.471393585205078,10.039999961853027,10.239999771118164,9.989999771118164,10.09000015258789,4561100
2023-08-16,8.049511909484863,9.539999961853027,10.119999885559082,9.460000038146973,10.079999923706055,4897800
2023-08-17,7.914509296417236,9.380000114440918,9.609999656677246,9.020000457763672,9.539999961853027,7677600
2023-08-18,7.880758762359619,9.34000015258789,9.529999732971191,9.279999732971191,9.3100004196167,4158200
2023-08-21,7.678256511688232,9.100000381469727,9.34000015258789,8.800000190734863,9.279999732971191,8736500
2023-08-22,7.7204437255859375,9.149999618530273,9.210000038146973,8.930000305175781,9.119999885559082,3802600
2023-08-23,8.159200668334961,9.670000076293945,9.850000381469727,9.09000015258789,9.119999885559082,8317100
2023-08-24,8.344829559326172,9.890000343322754,10.100000381469727,9.550000190734863,9.600000381469727,7081800
2023-08-25,8.327953338623047,9.869999885559082,10.050000190734863,9.829999923706055,9.869999885559082,3204000
2023-08-28,8.057950019836426,9.550000190734863,9.949999809265137,9.470000267028809,9.949999809265137,3865000
2023-08-29,7.990448474884033,9.470000267028809,9.649999618530273,9.40999984741211,9.600000381469727,4208600
2023-08-30,7.593879222869873,9.0,9.539999961853027,8.90999984741211,9.510000228881836,7534400
2023-08-31,7.096057891845703,8.40999984741211,9.029999732971191,8.40999984741211,9.0,11925300
2023-09-01,7.450439453125,8.829999923706055,8.829999923706055,8.300000190734863,8.449999809265137,9915700
2023-09-04,7.543253421783447,8.9399995803833,9.220000267028809,8.699999809265137,8.720000267028809,4151500
2023-09-05,7.551690578460693,8.949999809265137,9.050000190734863,8.65999984741211,8.869999885559082,4658200
2023-09-06,7.399813652038574,8.770000457763672,9.029999732971191,8.770000457763672,8.949999809265137,4687900
2023-09-08,7.096057891845703,8.40999984741211,8.859999656677246,8.3100004196167,8.699999809265137,5888600
2023-09-11,7.036994934082031,8.34000015258789,8.579999923706055,8.3100004196167,8.489999771118164,5583000
2023-09-12,7.29012393951416,8.640000343322754,8.649999618530273,8.289999961853027,8.399999618530273,3498500
2023-09-13,7.29012393951416,8.640000343322754,8.890000343322754,8.600000381469727,8.630000114440918,5747800
2023-09-14,7.323874473571777,8.680000305175781,8.75,8.479999542236328,8.680000305175781,2950600
2023-09-15,7.045433044433594,8.350000381469727,8.800000190734863,8.3100004196167,8.680000305175781,8523000
2023-09-18,6.910429000854492,8.1899995803833,8.399999618530273,8.119999885559082,8.350000381469727,4010700
2023-09-19,6.758552551269531,8.010000228881836,8.239999771118164,7.960000038146973,8.199999809265137,5108900
2023-09-20,7.079183101654053,8.390000343322754,8.390000343322754,7.949999809265137,8.0600004196167,3889000
2023-09-21,6.9357428550720215,8.220000267028809,8.289999961853027,7.96999979019165,8.15999984741211,5638900
2023-09-22,6.775427341461182,8.029999732971191,8.3100004196167,7.900000095367432,8.25,4071200
2023-09-25,6.6151123046875,7.840000152587891,8.039999961853027,7.840000152587891,7.949999809265137,2209100
2023-09-26,6.471672534942627,7.670000076293945,7.880000114440918,7.559999942779541,7.800000190734863,3205400
2023-09-27,6.6066741943359375,7.829999923706055,7.989999771118164,7.630000114440918,7.670000076293945,4368600
2023-09-28,6.783865451812744,8.039999961853027,8.039999961853027,7.679999828338623,7.789999961853027,2859600
2023-09-29,6.792303085327148,8.050000190734863,8.380000114440918,8.050000190734863,8.149999618530273,2927200
2023-10-02,6.640425205230713,7.869999885559082,8.020000457763672,7.769999980926514,8.0,3434900
2023-10-03,6.640425205230713,7.869999885559082,8.039999961853027,7.75,7.78000020980835,3047500
2023-10-04,6.85136604309082,8.119999885559082,8.149999618530273,7.590000152587891,7.920000076293945,4109300
2023-10-05,6.842928409576416,8.109999656677246,8.260000228881836,7.929999828338623,8.0600004196167,2676700
2023-10-06,6.783865451812744,8.039999961853027,8.15999984741211,7.710000038146973,7.900000095367432,8364300
2023-10-09,6.6066741943359375,7.829999923706055,7.960000038146973,7.519999980926514,7.960000038146973,8567500
2023-10-10,6.319794654846191,7.489999771118164,7.940000057220459,7.320000171661377,7.860000133514404,15276500
2023-10-11,6.488547325134277,7.690000057220459,7.900000095367432,7.28000020980835,7.489999771118164,9661300
2023-10-13,6.269168853759766,7.429999828338623,7.710000038146973,7.360000133514404,7.610000133514404,4958000
2023-10-16,6.201667785644531,7.349999904632568,7.579999923706055,7.309999942779541,7.480000019073486,3765600
2023-10-17,6.193229675292969,7.340000152587891,7.46999979019165,7.230000019073486,7.309999942779541,4113100
2023-10-18,6.1510419845581055,7.289999961853027,7.420000076293945,7.179999828338623,7.320000171661377,4491600
2023-10-19,6.184792518615723,7.329999923706055,7.539999961853027,7.260000228881836,7.269999980926514,2892000
2023-10-20,6.083540439605713,7.210000038146973,7.519999980926514,7.210000038146973,7.25,2563700
2023-10-23,6.27760648727417,7.440000057220459,7.480000019073486,7.199999809265137,7.199999809265137,3703200
2023-10-24,6.6066741943359375,7.829999923706055,7.96999979019165,7.510000228881836,7.510000228881836,5144700
2023-10-25,6.5729241371154785,7.789999961853027,7.869999885559082,7.650000095367432,7.800000190734863,2300900
2023-10-26,6.7669901847839355,8.020000457763672,8.039999961853027,7.730000019073486,7.809999942779541,3769000
2023-10-27,6.564486503601074,7.78000020980835,8.220000267028809,7.78000020980835,8.0,4567000
2023-10-30,6.648862838745117,7.880000114440918,8.039999961853027,7.699999809265137,7.789999961853027,3647700
2023-10-31,6.961055278778076,8.25,8.3100004196167,7.820000171661377,7.940000057220459,5845500
2023-11-01,7.231059551239014,8.569999694824219,8.569999694824219,8.1899995803833,8.270000457763672,4198500
2023-11-03,7.543253421783447,8.9399995803833,9.079999923706055,8.649999618530273,8.680000305175781,9791100
2023-11-06,7.484189510345459,8.869999885559082,9.0,8.829999923706055,8.920000076293945,3963800
2023-11-07,7.593879222869873,9.0,9.180000305175781,8.779999732971191,8.829999923706055,6136500
2023-11-08,7.391375541687012,8.760000228881836,9.15999984741211,8.729999542236328,9.050000190734863,5419100
2023-11-09,7.585441589355469,8.989999771118164,9.369999885559082,8.670000076293945,8.930000305175781,10153900
2023-11-10,7.804820537567139,9.25,9.350000381469727,9.0,9.0,6822400
2023-11-13,7.728881359100342,9.15999984741211,9.300000190734863,9.020000457763672,9.199999809265137,1909900
2023-11-14,7.956698417663574,9.430000305175781,9.640000343322754,9.020000457763672,9.170000076293945,4133700
2023-11-16,8.260452270507812,9.789999961853027,9.899999618530273,9.4399995803833,9.470000267028809,6511700
2023-11-17,7.973572731018066,9.449999809265137,9.829999923706055,9.430000305175781,9.800000190734863,2989900
2023-11-20,8.108574867248535,9.609999656677246,9.630000114440918,9.34000015258789,9.529999732971191,2871700
2023-11-21,8.024198532104492,9.510000228881836,9.619999885559082,9.399999618530273,9.5600004196167,2123800
2023-11-22,7.9482598304748535,9.420000076293945,9.789999961853027,9.40999984741211,9.539999961853027,2055500
2023-11-23,7.7204437255859375,9.149999618530273,9.520000457763672,9.010000228881836,9.470000267028809,3151900
2023-11-24,7.543253421783447,8.9399995803833,9.239999771118164,8.880000114440918,9.15999984741211,2928100
2023-11-27,7.695130825042725,9.119999885559082,9.350000381469727,8.850000381469727,9.0,3412300
2023-11-28,7.906071662902832,9.369999885559082,9.529999732971191,9.130000114440918,9.130000114440918,4377300
2023-11-29,7.762631893157959,9.199999809265137,9.479999542236328,9.140000343322754,9.40999984741211,2879500
2023-11-30,8.074824333190918,9.569999694824219,9.569999694824219,9.170000076293945,9.3100004196167,5872300
2023-12-01,8.117012023925781,9.619999885559082,9.75,9.350000381469727,9.630000114440918,5825500
2023-12-04,7.669817924499512,9.09000015258789,9.520000457763672,9.09000015258789,9.520000457763672,3966500
2023-12-05,7.678256511688232,9.100000381469727,9.210000038146973,8.989999771118164,9.130000114440918,2816200
2023-12-06,7.4926276206970215,8.880000114440918,9.229999542236328,8.880000114440918,9.140000343322754,3116100
2023-12-07,7.585441589355469,8.989999771118164,9.130000114440918,8.899999618530273,8.949999809265137,2259100
2023-12-08,7.669817924499512,9.09000015258789,9.15999984741211,8.890000343322754,9.0600004196167,2089900
2023-12-11,7.602316379547119,9.010000228881836,9.210000038146973,8.989999771118164,9.029999732971191,1304500
2023-12-12,7.543253421783447,8.9399995803833,9.09000015258789,8.899999618530273,9.079999923706055,1476900
2023-12-13,7.796381950378418,9.239999771118164,9.260000228881836,8.880000114440918,8.979999542236328,2605400
2023-12-14,7.74575662612915,9.180000305175781,9.699999809265137,9.130000114440918,9.359999656677246,5189600
2023-12-15,7.560128211975098,8.960000038146973,9.25,8.930000305175781,9.180000305175781,2749400
2023-12-18,8.0410737991333,9.529999732971191,9.630000114440918,8.920000076293945,9.029999732971191,6423100
2023-12-19,7.965134143829346,9.4399995803833,9.680000305175781,9.4399995803833,9.600000381469727,2665300
2023-12-20,7.880758762359619,9.34000015258789,9.520000457763672,9.279999732971191,9.470000267028809,2281700
2023-12-21,7.703568458557129,9.130000114440918,9.510000228881836,9.109999656677246,9.510000228881836,2996200
2023-12-22,8.015761375427246,9.5,9.5600004196167,9.109999656677246,9.15999984741211,2684400
2023-12-26,8.226701736450195,9.75,9.8100004196167,9.489999771118164,9.569999694824219,6302000
2023-12-27,8.538894653320312,10.119999885559082,10.25,9.649999618530273,9.6899995803833,7944400
2023-12-28,8.538894653320312,10.119999885559082,10.289999961853027,10.0,10.140000343322754,10988900
2024-01-02,7.8554463386535645,9.3100004196167,10.119999885559082,9.3100004196167,10.100000381469727,6907000
2024-01-03,8.091700553894043,9.59000015258789,9.670000076293945,9.119999885559082,9.289999961853027,4707900
2024-01-04,7.56856632232666,8.970000267028809,9.539999961853027,8.930000305175781,9.539999961853027,4543500
2024-01-05,7.914509296417236,9.380000114440918,9.529999732971191,8.869999885559082,8.920000076293945,5414300
2024-01-08,8.17607593536377,9.6899995803833,9.84000015258789,9.359999656677246,9.359999656677246,3871600
2024-01-09,8.0410737991333,9.529999732971191,9.75,9.4399995803833,9.579999923706055,2716300
2024-01-10,7.796381950378418,9.239999771118164,9.649999618530273,9.020000457763672,9.579999923706055,5850900
2024-01-11,7.6360673904418945,9.050000190734863,9.260000228881836,9.010000228881836,9.260000228881836,4169400
2024-01-12,7.652942657470703,9.069999694824219,9.279999732971191,8.90999984741211,9.09000015258789,4240600
2024-01-15,7.619191646575928,9.029999732971191,9.170000076293945,8.979999542236328,9.15999984741211,1799900
2024-01-16,7.416687965393066,8.789999961853027,9.029999732971191,8.680000305175781,9.029999732971191,5192300
2024-01-17,7.205747604370117,8.539999961853027,8.819999694824219,8.460000038146973,8.800000190734863,4032400
2024-01-18,6.977931022644043,8.270000457763672,8.609999656677246,8.180000305175781,8.600000381469727,5974900
2024-01-19,7.028556823730469,8.329999923706055,8.5,8.109999656677246,8.289999961853027,6913700
2024-01-22,6.842928409576416,8.109999656677246,8.390000343322754,8.020000457763672,8.350000381469727,4298400
2024-01-23,7.028556823730469,8.329999923706055,8.390000343322754,8.149999618530273,8.170000076293945,3317500
2024-01-24,7.205747604370117,8.539999961853027,8.640000343322754,8.229999542236328,8.399999618530273,3615800
2024-01-25,7.416687965393066,8.789999961853027,8.850000381469727,8.430000305175781,8.539999961853027,2254900
2024-01-26,7.315436840057373,8.670000076293945,8.800000190734863,8.619999885559082,8.779999732971191,1610200
2024-01-29,7.121370792388916,8.4399995803833,8.699999809265137,8.359999656677246,8.699999809265137,2204300
2024-01-30,7.028556823730469,8.329999923706055,8.449999809265137,8.25,8.4399995803833,2892500
2024-01-31,7.239497661590576,8.579999923706055,8.829999923706055,8.300000190734863,8.369999885559082,3737000
2024-02-01,7.087620258331299,8.399999618530273,8.630000114440918,8.210000038146973,8.600000381469727,4992700
2024-02-02,6.99480676651001,8.289999961853027,8.609999656677246,8.100000381469727,8.369999885559082,4570100
2024-02-05,6.809177875518799,8.069999694824219,8.390000343322754,7.949999809265137,8.270000457763672,5702100
2024-02-06,6.9357428550720215,8.220000267028809,8.34000015258789,8.09000015258789,8.09000015258789,2164800
2024-02-07,6.859803676605225,8.130000114440918,8.350000381469727,8.020000457763672,8.229999542236328,3528400
2024-02-08,6.7669901847839355,8.020000457763672,8.25,7.670000076293945,7.949999809265137,10733300
2024-02-09,7.273248672485352,8.619999885559082,8.670000076293945,7.929999828338623,8.020000457763672,12262000
2024-02-14,7.4926276206970215,8.880000114440918,8.890000343322754,8.460000038146973,8.550000190734863,4734400
2024-02-15,7.686692237854004,9.109999656677246,9.529999732971191,8.90999984741211,8.90999984741211,11090800
2024-02-16,7.880758762359619,9.34000015258789,9.520000457763672,8.979999542236328,9.119999885559082,5021600
2024-02-19,7.931384563446045,9.399999618530273,9.40999984741211,9.100000381469727,9.289999961853027,3295900
2024-02-20,8.12545108795166,9.630000114440918,9.65999984741211,9.25,9.34000015258789,5412200
2024-02-21,8.235139846801758,9.760000228881836,9.829999923706055,9.229999542236328,9.630000114440918,3970000
2024-02-22,8.37014102935791,9.920000076293945,10.069999694824219,9.720000267028809,9.760000228881836,7225000
2024-02-23,8.479830741882324,10.050000190734863,10.09000015258789,9.789999961853027,9.9399995803833,6638000
2024-02-26,8.581083297729492,10.170000076293945,10.270000457763672,9.779999732971191,10.010000228881836,4585600
2024-02-27,8.707647323608398,10.319999694824219,10.5,10.130000114440918,10.229999542236328,4899700
2024-02-28,8.606395721435547,10.199999809265137,10.430000305175781,10.140000343322754,10.239999771118164,3691300
2024-02-29,8.581083297729492,10.170000076293945,10.199999809265137,9.9399995803833,10.170000076293945,3400200
2024-03-01,8.673897743225098,10.279999732971191,10.319999694824219,10.039999961853027,10.170000076293945,2661200
2024-03-04,8.277329444885254,9.8100004196167,10.300000190734863,9.8100004196167,10.300000190734863,2037600
2024-03-05,8.150763511657715,9.65999984741211,9.9399995803833,9.460000038146973,9.829999923706055,4623600
2024-03-06,8.12545108795166,9.630000114440918,9.890000343322754,9.5600004196167,9.699999809265137,2825100
2024-03-07,8.12545108795166,9.630000114440918,9.6899995803833,9.470000267028809,9.630000114440918,2729900
2024-03-08,8.209826469421387,9.729999542236328,9.850000381469727,9.430000305175781,9.510000228881836,2243700
2024-03-11,8.16763973236084,9.680000305175781,9.850000381469727,9.609999656677246,9.65999984741211,5538800
2024-03-12,8.37014102935791,9.920000076293945,10.020000457763672,9.630000114440918,9.770000457763672,2593100
2024-03-13,8.522019386291504,10.100000381469727,10.140000343322754,9.8100004196167,9.850000381469727,2405200
2024-03-14,8.61483383178711,10.210000038146973,10.350000381469727,10.020000457763672,10.079999923706055,2778300
2024-03-15,8.049511909484863,9.539999961853027,10.239999771118164,9.539999961853027,10.149999618530273,7235200
2024-03-18,7.813258171081543,9.260000228881836,9.630000114440918,9.199999809265137,9.5600004196167,7712200
2024-03-19,7.7204437255859375,9.149999618530273,9.470000267028809,9.010000228881836,9.260000228881836,4526300
2024-03-20,8.015761375427246,9.5,9.649999618530273,9.079999923706055,9.079999923706055,5138400
2024-03-21,7.813258171081543,9.260000228881836,9.529999732971191,9.239999771118164,9.529999732971191,2112800
2024-03-22,7.931384563446045,9.399999618530273,9.40999984741211,9.140000343322754,9.199999809265137,2732400
2024-03-25,7.796381950378418,9.239999771118164,9.460000038146973,9.199999809265137,9.4399995803833,1547900
2024-03-26,7.872321128845215,9.329999923706055,9.489999771118164,9.15999984741211,9.199999809265137,1903400
2024-03-27,7.956698417663574,9.430000305175781,9.510000228881836,9.239999771118164,9.34000015258789,2001500
2024-03-28,8.0410737991333,9.529999732971191,9.770000457763672,9.350000381469727,9.430000305175781,2806000
2024-04-01,7.84700870513916,9.300000190734863,9.579999923706055,9.199999809265137,9.5600004196167,3393800
2024-04-02,7.88919734954834,9.350000381469727,9.420000076293945,9.09000015258789,9.239999771118164,3052400
2024-04-03,7.914509296417236,9.380000114440918,9.539999961853027,9.109999656677246,9.279999732971191,3964400
2024-04-04,8.21826457977295,9.739999771118164,9.9399995803833,9.329999923706055,9.329999923706055,2952500
2024-04-05,8.091700553894043,9.59000015258789,9.84000015258789,9.550000190734863,9.739999771118164,11939700
2024-04-08,7.956698417663574,9.430000305175781,9.609999656677246,9.319999694824219,9.5600004196167,1765500
2024-04-09,8.0410737991333,9.529999732971191,9.739999771118164,9.359999656677246,9.430000305175781,2159100
2024-04-10,7.737318992614746,9.170000076293945,9.479999542236328,9.170000076293945,9.449999809265137,4146800
2024-04-11,7.897634029388428,9.359999656677246,9.4399995803833,9.109999656677246,9.180000305175781,5461900
2024-04-12,7.804820537567139,9.25,9.380000114440918,9.1899995803833,9.25,2644200
2024-04-15,7.517939567565918,8.90999984741211,9.270000457763672,8.90999984741211,9.270000457763672,6444900
2024-04-16,7.138246059417725,8.460000038146973,8.880000114440918,8.40999984741211,8.880000114440918,8428200
2024-04-17,7.045433044433594,8.350000381469727,8.600000381469727,8.029999732971191,8.510000228881836,10222000
2024-04-18,7.1719970703125,8.5,8.579999923706055,8.329999923706055,8.369999885559082,5141000
2024-04-19,7.593879222869873,9.0,9.199999809265137,8.470000267028809,8.489999771118164,8245500
2024-04-22,7.728881359100342,9.15999984741211,9.239999771118164,8.720000267028809,9.0,3712100
2024-04-23,7.84700870513916,9.300000190734863,9.329999923706055,8.949999809265137,9.050000190734863,3408800
2024-04-24,7.88919734954834,9.350000381469727,9.460000038146973,9.119999885559082,9.34000015258789,3994000
2024-04-25,7.88919734954834,9.350000381469727,9.390000343322754,9.069999694824219,9.350000381469727,2637200
2024-04-26,7.939822196960449,9.40999984741211,9.550000190734863,9.34000015258789,9.359999656677246,2192600
2024-04-29,8.243577003479004,9.770000457763672,9.800000190734863,9.350000381469727,9.399999618530273,5804600
2024-04-30,7.982010364532471,9.460000038146973,9.859999656677246,9.420000076293945,9.789999961853027,2988600
2024-05-02,8.235139846801758,9.760000228881836,9.859999656677246,9.619999885559082,9.619999885559082,3835100
2024-05-03,8.252015113830566,9.779999732971191,10.15999984741211,9.779999732971191,9.899999618530273,7207300
2024-05-06,8.252015113830566,9.779999732971191,9.90999984741211,9.600000381469727,9.729999542236328,1881800
2024-05-07,8.16763973236084,9.680000305175781,9.920000076293945,9.579999923706055,9.800000190734863,1756200
2024-05-08,8.268890380859375,9.800000190734863,9.869999885559082,9.5,9.5600004196167,1380800
2024-05-09,8.40389347076416,9.960000038146973,9.970000267028809,9.550000190734863,9.619999885559082,1839000
2024-05-10,8.682334899902344,10.289999961853027,11.029999732971191,10.180000305175781,10.25,10028500
2024-05-13,8.665459632873535,10.270000457763672,10.350000381469727,10.079999923706055,10.289999961853027,2464900
2024-05-14,8.429204940795898,9.989999771118164,10.390000343322754,9.970000267028809,10.329999923706055,4214300
2024-05-15,8.564207077026367,10.149999618530273,10.239999771118164,9.930000305175781,9.930000305175781,2947100
2024-05-16,8.522019386291504,10.100000381469727,10.300000190734863,10.029999732971191,10.220000267028809,4255100
2024-05-17,8.378580093383789,9.930000305175781,10.260000228881836,9.850000381469727,10.09000015258789,3891000
2024-05-20,8.353266716003418,9.899999618530273,9.970000267028809,9.699999809265137,9.84000015258789,3021700
2024-05-21,8.311079025268555,9.850000381469727,10.050000190734863,9.800000190734863,9.960000038146973,1057400
2024-05-22,8.387017250061035,9.9399995803833,10.0,9.539999961853027,9.8100004196167,4041200
2024-05-23,8.327953338623047,9.869999885559082,10.3100004196167,9.800000190734863,9.949999809265137,3700400
2024-05-24,8.260452270507812,9.789999961853027,9.970000267028809,9.770000457763672,9.960000038146973,1661500
2024-05-27,8.387017250061035,9.9399995803833,9.9399995803833,9.739999771118164,9.739999771118164,1711500
2024-05-28,8.184514999389648,9.699999809265137,10.109999656677246,9.65999984741211,10.0,1254700
2024-05-29,8.007322311401367,9.489999771118164,9.640000343322754,9.289999961853027,9.640000343322754,3097300
2024-05-31,8.159200668334961,9.670000076293945,9.670000076293945,9.329999923706055,9.550000190734863,2944300
2024-06-03,8.032636642456055,9.520000457763672,9.739999771118164,9.4399995803833,9.670000076293945,1493700
2024-06-04,8.032636642456055,9.520000457763672,9.579999923706055,9.390000343322754,9.529999732971191,1359900
2024-06-05,8.142325401306152,9.649999618530273,9.729999542236328,9.460000038146973,9.489999771118164,2431600
2024-06-06,8.100137710571289,9.600000381469727,9.819999694824219,9.569999694824219,9.609999656677246,2259900
2024-06-07,8.0410737991333,9.529999732971191,9.699999809265137,9.430000305175781,9.449999809265137,2519700
2024-06-10,7.9482598304748535,9.420000076293945,9.619999885559082,9.34000015258789,9.539999961853027,3046800
2024-06-11,8.100137710571289,9.600000381469727,9.640000343322754,9.460000038146973,9.5,1837300
2024-06-12,7.9988861083984375,9.479999542236328,9.800000190734863,9.369999885559082,9.649999618530273,2463300
2024-06-13,7.8385701179504395,9.289999961853027,9.539999961853027,9.210000038146973,9.5,2066400
2024-06-14,7.7204437255859375,9.149999618530273,9.430000305175781,9.09000015258789,9.300000190734863,4501100
2024-06-17,7.593879222869873,9.0,9.210000038146973,9.0,9.149999618530273,2798400
2024-06-18,7.593879222869873,9.0,9.119999885559082,8.90999984741211,8.989999771118164,1316500
2024-06-19,7.7204437255859375,9.149999618530273,9.199999809265137,8.899999618530273,9.0,786400
2024-06-20,7.610754489898682,9.020000457763672,9.350000381469727,9.020000457763672,9.25,2180000
2024-06-21,7.46731424331665,8.850000381469727,9.069999694824219,8.8100004196167,8.989999771118164,4254900
2024-06-24,7.754193305969238,9.1899995803833,9.239999771118164,8.850000381469727,8.850000381469727,2216100
2024-06-25,7.84700870513916,9.300000190734863,9.369999885559082,9.100000381469727,9.109999656677246,2031800
2024-06-26,7.88919734954834,9.350000381469727,9.380000114440918,9.039999961853027,9.180000305175781,3093900
2024-06-27,7.982010364532471,9.460000038146973,9.529999732971191,9.3100004196167,9.399999618530273,1230900
2024-06-28,7.695130825042725,9.119999885559082,9.520000457763672,9.079999923706055,9.350000381469727,3389600
2024-07-01,7.62762975692749,9.039999961853027,9.199999809265137,8.970000267028809,9.130000114440918,2900100
2024-07-02,7.509501934051514,8.899999618530273,9.09000015258789,8.84000015258789,9.0,4135900
2024-07-03,7.577003479003906,8.979999542236328,9.100000381469727,8.9399995803833,8.970000267028809,2421100
2024-07-04,7.830132484436035,9.279999732971191,9.300000190734863,9.039999961853027,9.09000015258789,2379700
2024-07-05,7.880758762359619,9.34000015258789,9.350000381469727,9.140000343322754,9.279999732971191,1247400
2024-07-08,7.796381950378418,9.239999771118164,9.380000114440918,9.199999809265137,9.329999923706055,1104000
2024-07-09,8.015761375427246,9.5,9.529999732971191,9.149999618530273,9.239999771118164,2237300
2024-07-10,7.956698417663574,9.430000305175781,9.8100004196167,9.369999885559082,9.600000381469727,2008900
2024-07-11,7.8385701179504395,9.289999961853027,9.5600004196167,9.279999732971191,9.529999732971191,3079300
2024-07-12,7.8554463386535645,9.3100004196167,9.4399995803833,9.210000038146973,9.289999961853027,2308700
2024-07-15,7.872321128845215,9.329999923706055,9.420000076293945,9.239999771118164,9.300000190734863,2000400
2024-07-16,7.762631893157959,9.199999809265137,9.479999542236328,9.199999809265137,9.399999618530273,1734000
2024-07-17,7.830132484436035,9.279999732971191,9.470000267028809,9.079999923706055,9.210000038146973,2694200
2024-07-18,7.517939567565918,8.90999984741211,9.260000228881836,8.899999618530273,9.239999771118164,2341500
2024-07-19,7.484189510345459,8.869999885559082,9.069999694824219,8.760000228881836,8.930000305175781,2570000
2024-07-22,7.501065731048584,8.890000343322754,8.989999771118164,8.789999961853027,8.8100004196167,2171000
2024-07-23,7.1973090171813965,8.529999732971191,8.899999618530273,8.470000267028809,8.890000343322754,3521400
2024-07-24,7.1973090171813965,8.529999732971191,8.529999732971191,8.270000457763672,8.529999732971191,3299300
2024-07-25,7.21418571472168,8.550000190734863,8.720000267028809,8.359999656677246,8.489999771118164,3025500
2024-07-26,7.3069987297058105,8.65999984741211,8.75,8.510000228881836,8.550000190734863,1809700
2024-07-29,7.298561096191406,8.649999618530273,8.729999542236328,8.569999694824219,8.609999656677246,1523700
2024-07-30,7.222623348236084,8.5600004196167,8.630000114440918,8.510000228881836,8.600000381469727,2413700
2024-07-31,7.256373882293701,8.600000381469727,8.729999542236328,8.520000457763672,8.600000381469727,3115000
2024-08-01,7.1973090171813965,8.529999732971191,8.770000457763672,8.460000038146973,8.680000305175781,2220300
2024-08-02,7.239497661590576,8.579999923706055,8.710000038146973,8.5,8.600000381469727,2413800
2024-08-05,6.986368656158447,8.279999732971191,8.4399995803833,8.25,8.399999618530273,2222700
2024-08-06,6.95261812210083,8.239999771118164,8.390000343322754,8.1899995803833,8.300000190734863,1503900
2024-08-07,7.1973090171813965,8.529999732971191,8.609999656677246,8.300000190734863,8.34000015258789,1818700
2024-08-08,7.366062641143799,8.729999542236328,8.819999694824219,8.5,8.529999732971191,2072500
2024-08-09,7.045433044433594,8.350000381469727,8.859999656677246,8.319999694824219,8.800000190734863,7243600
2024-08-12,6.9357428550720215,8.220000267028809,8.460000038146973,8.220000267028809,8.420000076293945,2489000
2024-08-13,6.809177875518799,8.069999694824219,8.270000457763672,8.0600004196167,8.239999771118164,5355000
2024-08-14,6.631987571716309,7.860000133514404,8.170000076293945,7.860000133514404,8.109999656677246,7819200
2024-08-15,6.95261812210083,8.239999771118164,8.239999771118164,7.829999923706055,7.940000057220459,4044600
2024-08-16,6.826053619384766,8.09000015258789,8.420000076293945,8.029999732971191,8.279999732971191,3351100
2024-08-19,7.003243923187256,8.300000190734863,8.369999885559082,8.069999694824219,8.130000114440918,2085700
2024-08-20,7.020118713378906,8.319999694824219,8.399999618530273,8.220000267028809,8.220000267028809,2311500
2024-08-21,6.95261812210083,8.239999771118164,8.390000343322754,8.149999618530273,8.350000381469727,1923800
2024-08-22,6.817615509033203,8.079999923706055,8.229999542236328,8.039999961853027,8.220000267028809,1338000
2024-08-23,6.977931022644043,8.270000457763672,8.319999694824219,8.0,8.109999656677246,2219100
2024-08-26,6.9019927978515625,8.180000305175781,8.270000457763672,8.130000114440918,8.25,1631600
2024-08-27,6.969493389129639,8.260000228881836,8.359999656677246,8.130000114440918,8.199999809265137,2850800
2024-08-28,6.910429000854492,8.1899995803833,8.239999771118164,8.109999656677246,8.229999542236328,1549300
2024-08-29,6.707926273345947,7.949999809265137,8.1899995803833,7.949999809265137,8.1899995803833,2893000
2024-08-30,6.496984958648682,7.699999809265137,7.929999828338623,7.699999809265137,7.929999828338623,5114200
2024-09-02,6.43792200088501,7.630000114440918,7.71999979019165,7.320000171661377,7.679999828338623,6046900
2024-09-03,6.412608623504639,7.599999904632568,7.840000152587891,7.559999942779541,7.630000114440918,6196200
2024-09-04,6.471672534942627,7.670000076293945,7.760000228881836,7.599999904632568,7.650000095367432,23248900
2024-09-05,6.404170989990234,7.590000152587891,7.71999979019165,7.369999885559082,7.670000076293945,9944000
2024-09-06,6.260731220245361,7.420000076293945,7.659999847412109,7.369999885559082,7.559999942779541,4446200
2024-09-09,6.142604827880859,7.28000020980835,7.46999979019165,7.260000228881836,7.460000038146973,3105800
2024-09-10,6.0582275390625,7.179999828338623,7.329999923706055,7.159999847412109,7.300000190734863,2523000
2024-09-11,6.201667785644531,7.349999904632568,7.440000057220459,7.190000057220459,7.199999809265137,2914000
2024-09-12,6.1510419845581055,7.289999961853027,7.380000114440918,7.25,7.320000171661377,2077100
2024-09-13,6.243855953216553,7.400000095367432,7.5,7.329999923706055,7.349999904632568,2156000
2024-09-16,6.243855953216553,7.400000095367432,7.429999828338623,7.329999923706055,7.400000095367432,2262400
2024-09-17,6.269168853759766,7.429999828338623,7.480000019073486,7.309999942779541,7.340000152587891,1892000
2024-09-18,6.201667785644531,7.349999904632568,7.570000171661377,7.309999942779541,7.369999885559082,2358300
2024-09-19,6.117291450500488,7.25,7.440000057220459,7.210000038146973,7.400000095367432,2210800
2024-09-20,5.948538303375244,7.050000190734863,7.260000228881836,6.840000152587891,7.260000228881836,4911500
2024-09-23,6.016039848327637,7.130000114440918,7.190000057220459,6.929999828338623,7.050000190734863,2824900
2024-09-24,6.032914638519287,7.150000095367432,7.25,7.099999904632568,7.170000076293945,2501600
2024-09-25,6.049790382385254,7.170000076293945,7.260000228881836,7.079999923706055,7.150000095367432,3451400
2024-09-26,6.016039848327637,7.130000114440918,7.329999923706055,7.099999904632568,7.199999809265137,2468300
2024-09-27,5.999164581298828,7.110000133514404,7.25,7.099999904632568,7.130000114440918,2115700
2024-09-30,5.864161968231201,6.949999809265137,7.119999885559082,6.940000057220459,7.119999885559082,3203200
2024-10-01,5.838849067687988,6.920000076293945,7.039999961853027,6.880000114440918,6.960000038146973,3034100
2024-10-02,6.016039848327637,7.130000114440918,7.21999979019165,6.960000038146973,7.0,3984300
2024-10-03,5.813536167144775,6.889999866485596,7.0,6.889999866485596,7.0,3099500
2024-10-04,5.948538303375244,7.050000190734863,7.059999942779541,6.800000190734863,6.889999866485596,4804700
2024-10-07,5.914788246154785,7.010000228881836,7.130000114440918,6.889999866485596,7.03000020980835,2720700
2024-10-08,5.923225402832031,7.019999980926514,7.039999961853027,6.96999979019165,7.010000228881836,2423300
2024-10-09,5.76291036605835,6.829999923706055,7.039999961853027,6.820000171661377,6.949999809265137,2913900
2024-10-10,5.864161968231201,6.949999809265137,7.0,6.699999809265137,6.829999923706055,4377900
2024-10-11,5.813536167144775,6.889999866485596,6.96999979019165,6.829999923706055,6.920000076293945,2655800
2024-10-14,5.847286701202393,6.929999828338623,6.989999771118164,6.840000152587891,6.909999847412109,1909200
2024-10-15,5.838849067687988,6.920000076293945,7.039999961853027,6.900000095367432,6.920000076293945,1471300
2024-10-16,5.931663513183594,7.03000020980835,7.059999942779541,6.889999866485596,6.920000076293945,3062900
2024-10-17,5.838849067687988,6.920000076293945,6.96999979019165,6.880000114440918,6.949999809265137,1390400
2024-10-18,5.855724334716797,6.940000057220459,7.0,6.860000133514404,6.920000076293945,2067600
2024-10-21,5.923225402832031,7.019999980926514,7.059999942779541,6.929999828338623,6.949999809265137,1325400
2024-10-22,5.940101146697998,7.039999961853027,7.099999904632568,6.940000057220459,6.940000057220459,1527900
2024-10-23,5.982289791107178,7.090000152587891,7.139999866485596,6.96999979019165,6.96999979019165,1259300
2024-10-24,6.108853816986084,7.239999771118164,7.239999771118164,7.059999942779541,7.099999904632568,1743300
2024-10-25,6.016039848327637,7.130000114440918,7.289999961853027,7.130000114440918,7.260000228881836,1535200
2024-10-28,6.075102806091309,7.199999809265137,7.349999904632568,7.130000114440918,7.179999828338623,1831500
2024-10-29,6.016039848327637,7.130000114440918,7.230000019073486,7.110000133514404,7.170000076293945,1610400
2024-10-30,6.117291450500488,7.25,7.25,7.130000114440918,7.130000114440918,1289200
2024-10-31,6.049790382385254,7.170000076293945,7.320000171661377,7.170000076293945,7.230000019073486,1913400
2024-11-01,6.091978549957275,7.21999979019165,7.340000152587891,7.130000114440918,7.190000057220459,3814600
2024-11-04,6.184792518615723,7.329999923706055,7.539999961853027,7.289999961853027,7.320000171661377,2869200
2024-11-05,6.226981163024902,7.380000114440918,7.440000057220459,7.179999828338623,7.340000152587891,1473700
2024-11-06,6.142604827880859,7.28000020980835,7.28000020980835,7.130000114440918,7.179999828338623,1999000
2024-11-07,5.982289791107178,7.090000152587891,7.349999904632568,7.070000171661377,7.210000038146973,3730700
2024-11-08,5.5097808837890625,6.53000020980835,7.179999828338623,6.420000076293945,7.179999828338623,22268500
2024-11-11,5.737597465515137,6.800000190734863,7.010000228881836,6.489999771118164,6.489999771118164,5166000
2024-11-12,5.729159832000732,6.789999961853027,6.840000152587891,6.670000076293945,6.78000020980835,2246500
2024-11-13,5.720722198486328,6.78000020980835,6.840000152587891,6.639999866485596,6.769999980926514,2955100
2024-11-14,5.712284564971924,6.769999980926514,6.829999923706055,6.699999809265137,6.75,1684300
2024-11-18,5.720722198486328,6.78000020980835,6.880000114440918,6.690000057220459,6.760000228881836,1802900
2024-11-19,5.7882232666015625,6.860000133514404,6.960000038146973,6.730000019073486,6.739999771118164,2361100
2024-11-21,5.594157695770264,6.630000114440918,6.840000152587891,6.630000114440918,6.829999923706055,2134800
2024-11-22,5.7882232666015625,6.860000133514404,6.860000133514404,6.630000114440918,6.659999847412109,2688900
2024-11-25,5.88103723526001,6.96999979019165,7.050000190734863,6.829999923706055,6.829999923706055,3519100
2024-11-26,6.0582275390625,7.179999828338623,7.21999979019165,6.929999828338623,7.039999961853027,3317900
2024-11-27,5.813536167144775,6.889999866485596,7.260000228881836,6.75,7.210000038146973,3502100
2024-11-28,5.256651401519775,6.230000019073486,6.869999885559082,6.21999979019165,6.869999885559082,5489600
2024-11-29,5.315715789794922,6.300000190734863,6.340000152587891,5.989999771118164,6.199999809265137,6330000
2024-12-02,5.172275066375732,6.130000114440918,6.309999942779541,6.039999961853027,6.289999961853027,5588500
2024-12-03,5.214463233947754,6.179999828338623,6.260000228881836,6.039999961853027,6.150000095367432,3635600
2024-12-04,5.1132121086120605,6.059999942779541,6.25,6.039999961853027,6.170000076293945,3062800
2024-12-05,5.180712699890137,6.139999866485596,6.340000152587891,6.110000133514404,6.170000076293945,2488600
2024-12-06,5.062585830688477,6.0,6.230000019073486,5.96999979019165,6.130000114440918,1067400
2024-12-09,5.104774475097656,6.050000190734863,6.21999979019165,6.0,6.0,3620000
2024-12-10,5.273527145385742,6.25,6.260000228881836,6.03000020980835,6.090000152587891,1879400
2024-12-11,5.459155082702637,6.46999979019165,6.579999923706055,6.170000076293945,6.309999942779541,1819700
2024-12-12,5.290401935577393,6.269999980926514,6.389999866485596,6.199999809265137,6.389999866485596,3942700
2024-12-13,5.214463233947754,6.179999828338623,6.309999942779541,6.170000076293945,6.309999942779541,2418400
2024-12-16,5.214463233947754,6.179999828338623,6.289999961853027,6.039999961853027,6.150000095367432,3419900
2024-12-17,5.416966915130615,6.420000076293945,6.539999961853027,6.159999847412109,6.159999847412109,5354200
2024-12-18,5.1132121086120605,6.059999942779541,6.480000019073486,6.019999980926514,6.420000076293945,4668200
2024-12-19,5.349465847015381,6.340000152587891,6.369999885559082,6.050000190734863,6.050000190734863,4191800
2024-12-20,5.577281951904297,6.610000133514404,6.670000076293945,6.289999961853027,6.289999961853027,4352700
2024-12-23,5.214463233947754,6.179999828338623,6.690000057220459,6.139999866485596,6.610000133514404,2951600
2024-12-26,5.383216381072998,6.380000114440918,6.389999866485596,6.090000152587891,6.210000038146973,3413800
2024-12-27,5.332590579986572,6.320000171661377,6.429999828338623,6.21999979019165,6.389999866485596,2356100
2024-12-30,5.366341590881348,6.360000133514404,6.460000038146973,6.239999771118164,6.380000114440918,2625600
2025-01-02,5.332590579986572,6.320000171661377,6.369999885559082,6.0,6.360000133514404,3906700
2025-01-03,5.408529281616211,6.409999847412109,6.409999847412109,6.159999847412109,6.239999771118164,8488600
2025-01-06,5.661658763885498,6.710000038146973,6.869999885559082,6.5,6.5,5225200
2025-01-07,5.6447834968566895,6.690000057220459,6.809999942779541,6.559999942779541,6.800000190734863,4322100
2025-01-08,5.433842658996582,6.440000057220459,6.659999847412109,6.420000076293945,6.630000114440918,2009000
2025-01-09,5.239776611328125,6.210000038146973,6.46999979019165,6.210000038146973,6.429999828338623,1671400
2025-01-10,5.26508903503418,6.239999771118164,6.239999771118164,6.019999980926514,6.150000095367432,1853800
2025-01-13,5.180712699890137,6.139999866485596,6.28000020980835,6.110000133514404,6.25,1729000
2025-01-14,5.138525009155273,6.090000152587891,6.25,6.070000171661377,6.159999847412109,2075300
2025-01-15,5.2819647789001465,6.260000228881836,6.28000020980835,6.090000152587891,6.150000095367432,4012900
2025-01-16,5.273527145385742,6.25,6.260000228881836,6.150000095367432,6.260000228881836,1760300
2025-01-17,5.239776611328125,6.210000038146973,6.309999942779541,6.139999866485596,6.289999961853027,1302800
2025-01-20,5.155400276184082,6.110000133514404,6.309999942779541,6.110000133514404,6.119999885559082,1665100
2025-01-21,5.2819647789001465,6.260000228881836,6.309999942779541,6.119999885559082,6.119999885559082,1745100
2025-01-22,5.324153423309326,6.309999942779541,6.349999904632568,6.199999809265137,6.239999771118164,2625900
2025-01-23,5.104774475097656,6.050000190734863,6.309999942779541,6.019999980926514,6.309999942779541,3097800
2025-01-24,5.172275066375732,6.130000114440918,6.239999771118164,6.039999961853027,6.059999942779541,1513600
2025-01-27,5.315715789794922,6.300000190734863,6.349999904632568,6.099999904632568,6.099999904632568,1783300
2025-01-28,5.172275066375732,6.130000114440918,6.380000114440918,6.110000133514404,6.340000152587891,2905100
2025-01-29,5.062585830688477,6.0,6.159999847412109,5.960000038146973,6.150000095367432,2744500
2025-01-30,5.357903480529785,6.349999904632568,6.349999904632568,6.039999961853027,6.039999961853027,3763400
2025-01-31,5.231338977813721,6.199999809265137,6.389999866485596,6.139999866485596,6.380000114440918,1725900
2025-02-03,5.324153423309326,6.309999942779541,6.349999904632568,6.119999885559082,6.199999809265137,1575700
2025-02-04,5.298840045928955,6.28000020980835,6.340000152587891,6.159999847412109,6.300000190734863,969500
2025-02-05,5.26508903503418,6.239999771118164,6.349999904632568,6.150000095367432,6.340000152587891,1569600
2025-02-06,5.4254045486450195,6.429999828338623,6.460000038146973,6.210000038146973,6.260000228881836,1673600
2025-02-07,5.3747782707214355,6.369999885559082,6.46999979019165,6.300000190734863,6.46999979019165,2137900
2025-02-10,5.400091648101807,6.400000095367432,6.550000190734863,6.369999885559082,6.369999885559082,1165700
2025-02-11,5.518218517303467,6.539999961853027,6.579999923706055,6.380000114440918,6.389999866485596,1791600
2025-02-12,5.450717926025391,6.460000038146973,6.559999942779541,6.420000076293945,6.5,1521100
2025-02-13,5.484468460083008,6.5,6.579999923706055,6.429999828338623,6.489999771118164,1922500
2025-02-14,5.686971664428711,6.739999771118164,6.739999771118164,6.53000020980835,6.539999961853027,1436000
2025-02-17,5.76291036605835,6.829999923706055,7.070000171661377,6.710000038146973,6.769999980926514,2705900
2025-02-18,5.805098533630371,6.880000114440918,7.03000020980835,6.78000020980835,6.860000133514404,1963300
2025-02-19,5.754472732543945,6.820000171661377,6.889999866485596,6.730000019073486,6.840000152587891,1152000
2025-02-20,5.7882232666015625,6.860000133514404,6.989999771118164,6.800000190734863,6.860000133514404,1351700
2025-02-21,5.695409297943115,6.75,6.960000038146973,6.670000076293945,6.880000114440918,1944700
2025-02-24,5.568844795227051,6.599999904632568,6.880000114440918,6.53000020980835,6.869999885559082,2528500
2025-02-25,5.746034622192383,6.809999942779541,6.949999809265137,6.380000114440918,6.579999923706055,5335300
2025-02-26,5.459155082702637,6.46999979019165,6.96999979019165,6.409999847412109,6.900000095367432,3104600
2025-02-27,5.467592716217041,6.480000019073486,6.630000114440918,6.360000133514404,6.460000038146973,2885600
2025-02-28,5.430196285247803,6.329999923706055,6.579999923706055,6.25,6.309999942779541,3411900
2025-03-05,5.490246295928955,6.400000095367432,6.489999771118164,6.210000038146973,6.230000019073486,2432800
2025-03-06,5.721865653991699,6.670000076293945,6.670000076293945,6.369999885559082,6.369999885559082,2847600
2025-03-07,5.696130275726318,6.639999866485596,6.880000114440918,6.480000019073486,6.650000095367432,3048900
2025-03-10,5.653237819671631,6.590000152587891,6.630000114440918,6.460000038146973,6.590000152587891,2447300
2025-03-11,5.653237819671631,6.590000152587891,6.650000095367432,6.449999809265137,6.590000152587891,1522500
2025-03-12,5.884857654571533,6.860000133514404,6.949999809265137,6.579999923706055,6.610000133514404,3234500
2025-03-13,6.099320411682129,7.110000133514404,7.170000076293945,6.800000190734863,6.800000190734863,3571200
2025-03-14,5.919171333312988,6.900000095367432,7.159999847412109,6.860000133514404,7.150000095367432,2439400
2025-03-17,5.824808120727539,6.789999961853027,6.920000076293945,6.760000228881836,6.880000114440918,1731400
2025-03-18,5.953485488891602,6.940000057220459,6.989999771118164,6.699999809265137,6.789999961853027,1964700
2025-03-19,6.082163333892822,7.090000152587891,7.28000020980835,6.909999847412109,7.0,3152300
2025-03-20,5.987799644470215,6.980000019073486,7.150000095367432,6.940000057220459,7.090000152587891,1705400
2025-03-21,5.841965198516846,6.809999942779541,7.0,6.75,7.0,3839800
2025-03-24,5.841965198516846,6.809999942779541,7.010000228881836,6.769999980926514,6.829999923706055,1411300
2025-03-25,6.013535499572754,7.010000228881836,7.070000171661377,6.800000190734863,6.840000152587891,1786600
2025-03-26,6.090742111206055,7.099999904632568,7.159999847412109,6.929999828338623,7.0,2202400
2025-03-27,6.022113800048828,7.019999980926514,7.150000095367432,6.929999828338623,7.099999904632568,1613400
2025-03-28,6.0306925773620605,7.03000020980835,7.039999961853027,6.840000152587891,6.960000038146973,1181700
2025-03-31,5.876278877258301,6.849999904632568,7.019999980926514,6.800000190734863,7.019999980926514,1957500
2025-04-01,5.944907188415527,6.929999828338623,7.0,6.860000133514404,6.889999866485596,1536300
2025-04-02,6.12505578994751,7.139999866485596,7.239999771118164,6.889999866485596,6.920000076293945,1645600
2025-04-03,6.270890235900879,7.309999942779541,7.409999847412109,7.079999923706055,7.079999923706055,2064500
2025-04-04,6.2022624015808105,7.230000019073486,7.269999980926514,6.96999979019165,7.269999980926514,1938600
2025-04-07,6.150791168212891,7.170000076293945,7.420000076293945,6.940000057220459,7.150000095367432,3278100
2025-04-08,6.133634567260742,7.150000095367432,7.320000171661377,7.099999904632568,7.099999904632568,2132800
2025-04-09,6.30520486831665,7.349999904632568,7.489999771118164,6.980000019073486,7.099999904632568,3818200
2025-04-10,6.2022624015808105,7.230000019073486,7.449999809265137,7.130000114440918,7.269999980926514,1897800
2025-04-11,6.245155334472656,7.28000020980835,7.28000020980835,7.110000133514404,7.239999771118164,914300
2025-04-14,6.330940246582031,7.380000114440918,7.420000076293945,7.230000019073486,7.269999980926514,1304200
2025-04-15,6.313783168792725,7.360000133514404,7.400000095367432,7.269999980926514,7.329999923706055,942600
2025-04-16,6.133634567260742,7.150000095367432,7.360000133514404,7.110000133514404,7.320000171661377,1562000
2025-04-17,6.2022624015808105,7.230000019073486,7.28000020980835,7.070000171661377,7.150000095367432,1401300
2025-04-22,6.142212867736816,7.159999847412109,7.25,7.059999942779541,7.230000019073486,1616000
2025-04-23,6.12505578994751,7.139999866485596,7.329999923706055,7.119999885559082,7.210000038146973,3467800
2025-04-24,6.296626091003418,7.340000152587891,7.400000095367432,7.190000057220459,7.21999979019165,1789900
2025-04-25,6.3395185470581055,7.389999866485596,7.46999979019165,7.25,7.349999904632568,1243000
2025-04-28,6.30520486831665,7.349999904632568,7.46999979019165,7.199999809265137,7.349999904632568,1558200
2025-04-29,6.330940246582031,7.380000114440918,7.539999961853027,7.28000020980835,7.309999942779541,1554600
2025-04-30,6.348097324371338,7.400000095367432,7.460000038146973,7.21999979019165,7.329999923706055,2346100
2025-05-02,6.519667148590088,7.599999904632568,7.610000133514404,7.329999923706055,7.380000114440918,4755300
2025-05-05,6.433882236480713,7.5,7.739999771118164,7.409999847412109,7.650000095367432,1669000
2025-05-06,6.545403003692627,7.630000114440918,7.679999828338623,7.46999979019165,7.5,2357700
2025-05-07,6.571138381958008,7.659999847412109,7.75,7.53000020980835,7.650000095367432,2392700
2025-05-08,6.9571709632873535,8.109999656677246,8.289999961853027,7.670000076293945,7.699999809265137,3976100
2025-05-09,7.540510177612305,8.789999961853027,9.079999923706055,8.600000381469727,8.710000038146973,6503500
2025-05-12,7.634872913360596,8.899999618530273,9.010000228881836,8.770000457763672,8.890000343322754,4796900
2025-05-13,7.797865867614746,9.09000015258789,9.149999618530273,8.800000190734863,8.930000305175781,4460600
2025-05-14,7.591981410980225,8.850000381469727,9.130000114440918,8.760000228881836,9.109999656677246,2407100
2025-05-15,7.840757846832275,9.140000343322754,9.140000343322754,8.850000381469727,8.850000381469727,3466700
2025-05-16,7.7549729347229,9.039999961853027,9.149999618530273,8.899999618530273,8.960000038146973,2773900
2025-05-19,8.132426261901855,9.479999542236328,9.550000190734863,9.140000343322754,9.1899995803833,4604800
2025-05-20,8.141005516052246,9.489999771118164,9.5,9.300000190734863,9.479999542236328,2238300
2025-05-21,7.729237079620361,9.010000228881836,9.40999984741211,9.010000228881836,9.399999618530273,2862800
2025-05-22,7.917963981628418,9.229999542236328,9.3100004196167,8.970000267028809,9.010000228881836,3978100
2025-05-23,7.7892866134643555,9.079999923706055,9.1899995803833,8.90999984741211,9.1899995803833,1946100
2025-05-26,7.935121536254883,9.25,9.270000457763672,9.069999694824219,9.109999656677246,949200
2025-05-27,7.986592769622803,9.3100004196167,9.539999961853027,9.25,9.279999732971191,2742700
2025-05-28,7.995170593261719,9.319999694824219,9.380000114440918,9.119999885559082,9.289999961853027,2408500
2025-05-29,7.978013515472412,9.300000190734863,9.359999656677246,9.210000038146973,9.25,1660900
2025-05-30,7.875072002410889,9.180000305175781,9.289999961853027,9.0600004196167,9.279999732971191,1717600
2025-06-02,7.686345100402832,8.960000038146973,9.260000228881836,8.829999923706055,9.119999885559082,3366400
2025-06-03,7.978013515472412,9.300000190734863,9.390000343322754,8.880000114440918,8.890000343322754,2272000
2025-06-04,7.9522786140441895,9.270000457763672,9.369999885559082,9.220000267028809,9.279999732971191,1195300
2025-06-05,7.763551712036133,9.050000190734863,9.479999542236328,9.039999961853027,9.210000038146973,1374400
2025-06-06,7.660608768463135,8.930000305175781,9.15999984741211,8.819999694824219,9.130000114440918,1179200
2025-06-09,7.694922924041748,8.970000267028809,9.020000457763672,8.789999961853027,8.949999809265137,1651700
2025-06-10,7.7892866134643555,9.079999923706055,9.100000381469727,8.960000038146973,8.989999771118164,1294900
2025-06-11,7.729237079620361,9.010000228881836,9.039999961853027,8.880000114440918,9.0,3522500
2025-06-12,7.74639368057251,9.029999732971191,9.220000267028809,8.899999618530273,8.9399995803833,4040200
2025-06-13,7.849335670471191,9.149999618530273,9.210000038146973,8.960000038146973,9.050000190734863,5014200
2025-06-16,7.892228603363037,9.199999809265137,9.3100004196167,9.069999694824219,9.25,2963700
2025-06-17,7.815021991729736,9.109999656677246,9.25,9.050000190734863,9.210000038146973,936300
2025-06-18,7.857914924621582,9.15999984741211,9.239999771118164,9.010000228881836,9.029999732971191,1628600
2025-06-20,7.772130012512207,9.0600004196167,9.109999656677246,8.949999809265137,9.039999961853027,3978300
2025-06-23,7.883649826049805,9.1899995803833,9.1899995803833,8.890000343322754,9.010000228881836,1032800
2025-06-24,7.9522786140441895,9.270000457763672,9.479999542236328,9.119999885559082,9.25,1657800
2025-06-25,7.875072002410889,9.180000305175781,9.220000267028809,9.119999885559082,9.199999809265137,421500
2025-06-26,8.055220603942871,9.390000343322754,9.449999809265137,9.180000305175781,9.199999809265137,1062400
2025-06-27,7.917963981628418,9.229999542236328,9.359999656677246,9.170000076293945,9.359999656677246,909700
2025-06-30,7.935121536254883,9.25,9.470000267028809,9.1899995803833,9.270000457763672,1239600
2025-07-01,8.089534759521484,9.430000305175781,9.470000267028809,9.289999961853027,9.319999694824219,879700
2025-07-02,7.420410633087158,8.649999618530273,9.479999542236328,8.649999618530273,9.479999542236328,2150200
2025-07-03,7.617716312408447,8.880000114440918,8.9399995803833,8.65999984741211,8.699999809265137,893900
2025-07-04,7.669187068939209,8.9399995803833,9.069999694824219,8.850000381469727,8.880000114440918,700200
2025-07-07,7.523353576660156,8.770000457763672,9.010000228881836,8.710000038146973,8.9399995803833,1039900
2025-07-08,7.5576677322387695,8.8100004196167,8.920000076293945,8.800000190734863,8.869999885559082,577000
2025-07-09,7.514774799346924,8.760000228881836,8.9399995803833,8.6899995803833,8.729999542236328,703500
2025-07-10,7.386096477508545,8.609999656677246,8.6899995803833,8.470000267028809,8.619999885559082,1808200
2025-07-11,7.343204498291016,8.5600004196167,8.649999618530273,8.470000267028809,8.529999732971191,917600
2025-07-14,7.231683731079102,8.430000305175781,8.539999961853027,8.359999656677246,8.430000305175781,1088000
2025-07-15,7.403253555297852,8.630000114440918,8.729999542236328,8.460000038146973,8.569999694824219,585800
2025-07-16,7.437567710876465,8.670000076293945,8.75,8.550000190734863,8.65999984741211,746100
2025-07-17,7.497617244720459,8.739999771118164,8.770000457763672,8.529999732971191,8.65999984741211,900000
2025-07-18,7.317468166351318,8.529999732971191,8.6899995803833,8.449999809265137,8.6899995803833,1162300
2025-07-21,7.343204498291016,8.5600004196167,8.630000114440918,8.420000076293945,8.630000114440918,1069300
2025-07-22,7.231683731079102,8.430000305175781,8.600000381469727,8.289999961853027,8.600000381469727,2619400
2025-07-23,7.377518653869629,8.600000381469727,8.699999809265137,8.369999885559082,8.390000343322754,719600
2025-07-24,7.283154487609863,8.489999771118164,8.520000457763672,8.40999984741211,8.479999542236328,901600
2025-07-25,7.283154487609863,8.489999771118164,8.569999694824219,8.4399995803833,8.4399995803833,894600
2025-07-28,7.163055896759033,8.350000381469727,8.579999923706055,8.289999961853027,8.529999732971191,805300
2025-07-29,7.223105430603027,8.420000076293945,8.489999771118164,8.260000228881836,8.350000381469727,687700
2025-07-30,7.334625720977783,8.550000190734863,8.579999923706055,8.3100004196167,8.359999656677246,1561400
2025-07-31,7.343204498291016,8.5600004196167,8.65999984741211,8.350000381469727,8.380000114440918,1605500
2025-08-01,7.411832809448242,8.640000343322754,8.84000015258789,8.579999923706055,8.59000015258789,1545700
2025-08-04,7.386096477508545,8.609999656677246,8.739999771118164,8.479999542236328,8.739999771118164,1380100
2025-08-05,7.411832809448242,8.640000343322754,8.680000305175781,8.479999542236328,8.649999618530273,1316300
2025-08-06,7.617716312408447,8.880000114440918,8.960000038146973,8.609999656677246,8.640000343322754,1379800
2025-08-07,7.737815856933594,9.020000457763672,9.100000381469727,8.75,8.850000381469727,2204100
2025-08-08,8.364047050476074,9.75,10.010000228881836,9.619999885559082,9.800000190734863,5435100
2025-08-11,8.115270614624023,9.460000038146973,9.800000190734863,9.399999618530273,9.770000457763672,1155000
2025-08-12,8.458410263061523,9.859999656677246,9.9399995803833,9.40999984741211,9.5,3824100
2025-08-13,8.201055526733398,9.5600004196167,9.869999885559082,9.460000038146973,9.859999656677246,4784200
2025-08-14,8.132426261901855,9.479999542236328,9.520000457763672,9.329999923706055,9.489999771118164,1147900
2025-08-15,8.063798904418945,9.399999618530273,9.539999961853027,9.270000457763672,9.350000381469727,998800
2025-08-18,8.166741371154785,9.520000457763672,9.670000076293945,9.369999885559082,9.40999984741211,1433700
2025-08-19,7.969435691833496,9.289999961853027,9.510000228881836,9.220000267028809,9.510000228881836,514700
2025-08-20,7.92654275894165,9.239999771118164,9.449999809265137,9.199999809265137,9.260000228881836,602600
2025-08-21,7.737815856933594,9.020000457763672,9.270000457763672,8.960000038146973,9.239999771118164,1243800
2025-08-22,8.106691360473633,9.449999809265137,9.489999771118164,9.020000457763672,9.0600004196167,3125900
2025-08-25,8.123848915100098,9.470000267028809,9.619999885559082,9.359999656677246,9.510000228881836,1472800
2025-08-26,8.226790428161621,9.59000015258789,9.59000015258789,9.300000190734863,9.4399995803833,1360800
2025-08-27,8.278261184692383,9.649999618530273,9.789999961853027,9.5600004196167,9.649999618530273,2704300
2025-08-28,8.123848915100098,9.470000267028809,9.970000267028809,9.470000267028809,9.65999984741211,2831400
2025-08-29,8.149584770202637,9.5,9.600000381469727,9.420000076293945,9.420000076293945,1522700
2025-09-01,8.389781951904297,9.779999732971191,9.949999809265137,9.619999885559082,9.649999618530273,2697600
2025-09-02,8.364047050476074,9.75,9.800000190734863,9.600000381469727,9.720000267028809,1835900
2025-09-03,8.321154594421387,9.699999809265137,9.739999771118164,9.600000381469727,9.739999771118164,1542500
2025-09-04,8.655715942382812,10.09000015258789,10.09000015258789,9.699999809265137,9.75,3319600
2025-09-05,8.964542388916016,10.449999809265137,10.5,10.119999885559082,10.119999885559082,4671100
2025-09-08,8.818707466125488,10.279999732971191,10.5600004196167,10.119999885559082,10.5600004196167,1842500
2025-09-09,8.79297161102295,10.25,10.399999618530273,10.149999618530273,10.380000114440918,1798400
2025-09-10,8.681451797485352,10.119999885559082,10.350000381469727,10.050000190734863,10.3100004196167,848300
2025-09-11,8.732922554016113,10.180000305175781,10.3100004196167,10.100000381469727,10.1899995803833,1446900
2025-09-12,8.552774429321289,9.970000267028809,10.1899995803833,9.960000038146973,10.140000343322754,1476900
2025-09-15,8.60424518585205,10.029999732971191,10.079999923706055,9.90999984741211,9.979999542236328,931800
2025-09-16,8.612824440002441,10.039999961853027,10.130000114440918,9.970000267028809,10.09000015258789,747600
2025-09-17,8.612824440002441,10.039999961853027,10.180000305175781,9.930000305175781,10.039999961853027,1221700
2025-09-18,8.518460273742676,9.930000305175781,10.0600004196167,9.90999984741211,10.029999732971191,780900
2025-09-19,8.372625350952148,9.760000228881836,9.979999542236328,9.760000228881836,9.930000305175781,1393400
2025-09-22,8.4326753616333,9.829999923706055,9.84000015258789,9.539999961853027,9.760000228881836,1357300
2025-09-23,8.338311195373535,9.720000267028809,9.9399995803833,9.720000267028809,9.850000381469727,528700
2025-09-24,8.295418739318848,9.670000076293945,9.75,9.619999885559082,9.720000267028809,671500
2025-09-25,8.158162117004395,9.510000228881836,9.729999542236328,9.4399995803833,9.6899995803833,1322300
2025-09-26,8.166741371154785,9.520000457763672,9.600000381469727,9.460000038146973,9.510000228881836,831500
2025-09-29,8.149584770202637,9.5,9.65999984741211,9.479999542236328,9.569999694824219,1293400
2025-09-30,8.08095645904541,9.420000076293945,9.579999923706055,9.369999885559082,9.510000228881836,1468800
2025-10-01,8.209633827209473,9.569999694824219,9.569999694824219,9.359999656677246,9.420000076293945,1297900
2025-10-02,8.106691360473633,9.449999809265137,9.670000076293945,9.380000114440918,9.579999923706055,2140100
2025-10-03,8.149584770202637,9.5,9.600000381469727,9.420000076293945,9.489999771118164,563800
2025-10-06,8.149584770202637,9.5,9.5600004196167,9.369999885559082,9.5,1110100
2025-10-07,7.995170593261719,9.319999694824219,9.470000267028809,9.130000114440918,9.390000343322754,2640600
2025-10-08,8.141005516052246,9.489999771118164,9.520000457763672,9.329999923706055,9.380000114440918,1346200
2025-10-09,8.020906448364258,9.350000381469727,9.5600004196167,9.279999732971191,9.520000457763672,2255600
2025-10-10,8.149584770202637,9.5,9.539999961853027,9.279999732971191,9.399999618530273,6996400
2025-10-13,8.115270614624023,9.460000038146973,9.609999656677246,9.40999984741211,9.579999923706055,1123200
2025-10-14,8.08095645904541,9.420000076293945,9.5,9.319999694824219,9.420000076293945,3703200
2025-10-15,8.132426261901855,9.479999542236328,9.5,9.289999961853027,9.430000305175781,3787700
2025-10-16,8.25252628326416,9.619999885559082,9.779999732971191,9.350000381469727,9.420000076293945,2791500
2025-10-17,8.458410263061523,9.859999656677246,9.859999656677246,9.5,9.65999984741211,1263700
2025-10-20,8.681451797485352,10.119999885559082,10.140000343322754,9.829999923706055,9.890000343322754,1618100
2025-10-21,8.844444274902344,10.3100004196167,10.399999618530273,9.960000038146973,10.140000343322754,4382500
2025-10-22,8.861600875854492,10.329999923706055,10.390000343322754,10.210000038146973,10.3100004196167,1104000
2025-10-23,9.058906555175781,10.5600004196167,10.5600004196167,10.289999961853027,10.329999923706055,1534300
2025-10-24,9.07606315612793,10.579999923706055,10.680000305175781,10.4399995803833,10.5600004196167,1404100
2025-10-27,9.144691467285156,10.65999984741211,10.729999542236328,10.550000190734863,10.649999618530273,1055300
2025-10-28,9.101799011230469,10.609999656677246,10.649999618530273,10.430000305175781,10.640000343322754,2049400
2025-10-29,9.084641456604004,10.59000015258789,10.680000305175781,10.520000457763672,10.640000343322754,2191200
2025-10-30,9.07606315612793,10.579999923706055,10.609999656677246,10.420000076293945,10.520000457763672,1590400
2025-10-31,9.07606315612793,10.579999923706055,10.6899995803833,10.520000457763672,10.579999923706055,1310600
2025-11-03,8.732922554016113,10.180000305175781,10.649999618530273,10.119999885559082,10.600000381469727,2192700
2025-11-04,9.05032730102539,10.550000190734863,10.569999694824219,10.09000015258789,10.149999618530273,1549600
2025-11-05,9.07606315612793,10.579999923706055,10.649999618530273,10.430000305175781,10.550000190734863,1663400
2025-11-06,9.016014099121094,10.510000228881836,10.630000114440918,10.369999885559082,10.579999923706055,1743600
2025-11-07,10.002541542053223,11.65999984741211,11.670000076293945,11.09000015258789,11.220000267028809,5721000
2025-11-10,10.285632133483887,11.989999771118164,12.0,11.550000190734863,11.550000190734863,3487900
2025-11-11,10.225584030151367,11.920000076293945,12.239999771118164,11.880000114440918,12.0,1816900
2025-11-12,10.354260444641113,12.069999694824219,12.130000114440918,11.8100004196167,11.989999771118164,2026100
2025-11-13,10.414311408996582,12.140000343322754,12.140000343322754,11.9399995803833,12.0,1188100
2025-11-14,10.560145378112793,12.3100004196167,12.319999694824219,11.949999809265137,12.140000343322754,1878200
2025-11-17,10.431467056274414,12.15999984741211,12.319999694824219,12.020000457763672,12.270000457763672,1827900
2025-11-18,10.50009536743164,12.239999771118164,12.390000343322754,12.010000228881836,12.09000015258789,2793100
2025-11-19,10.532554626464844,11.020000457763672,11.15999984741211,10.920000076293945,11.039999961853027,1381100
2025-11-21,10.427419662475586,10.90999984741211,11.020000457763672,10.869999885559082,10.949999809265137,1628000
2025-11-24,10.800168991088867,11.300000190734863,11.479999542236328,10.899999618530273,10.930000305175781,2542100
2025-11-25,10.675919532775879,11.170000076293945,11.380000114440918,11.0600004196167,11.329999923706055,993800
2025-11-26,10.828842163085938,11.329999923706055,11.449999809265137,11.130000114440918,11.220000267028809,1685200
2025-11-27,11.06778335571289,11.579999923706055,11.600000381469727,11.300000190734863,11.329999923706055,1427800
2025-11-28,10.867072105407715,11.369999885559082,11.699999809265137,11.319999694824219,11.520000457763672,1920100
2025-12-01,10.800168991088867,11.300000190734863,11.4399995803833,11.25,11.350000381469727,1575900
2025-12-02,10.847957611083984,11.350000381469727,11.399999618530273,11.229999542236328,11.319999694824219,1875600
2025-12-03,10.819283485412598,11.319999694824219,11.619999885559082,11.25,11.579999923706055,1299900
2025-12-04,11.325840950012207,11.850000381469727,11.899999618530273,11.380000114440918,11.430000305175781,2070300
2025-12-05,10.628130912780762,11.119999885559082,11.899999618530273,10.989999771118164,11.84000015258789,2615500
2025-12-08,10.933976173400879,11.4399995803833,11.579999923706055,11.1899995803833,11.210000038146973,1661100
2025-12-09,10.914860725402832,11.420000076293945,11.449999809265137,11.119999885559082,11.319999694824219,1642100
2025-12-10,10.981764793395996,11.489999771118164,11.569999694824219,11.270000457763672,11.390000343322754,1198600
2025-12-11,11.402302742004395,11.930000305175781,12.0,11.420000076293945,11.489999771118164,2098800
2025-12-12,11.612570762634277,12.149999618530273,12.149999618530273,11.779999732971191,12.0,2039500
2025-12-15,11.60301399230957,12.140000343322754,12.289999961853027,12.029999732971191,12.289999961853027,3254000
2025-12-16,11.689031600952148,12.229999542236328,12.279999732971191,11.84000015258789,12.149999618530273,3792600
2025-12-17,11.8100004196167,11.8100004196167,11.979999542236328,11.380000114440918,11.84000015258789,6448800
2025-12-18,11.779999732971191,11.779999732971191,11.930000305175781,11.699999809265137,11.890000343322754,1752400
2025-12-19,11.720000267028809,11.720000267028809,11.850000381469727,11.539999961853027,11.75,3454500
2025-12-22,11.4399995803833,11.4399995803833,11.5,11.260000228881836,11.359999656677246,4866500
2025-12-23,11.899999618530273,11.899999618530273,11.949999809265137,11.510000228881836,11.569999694824219,2741500
2025-12-26,11.789999961853027,11.789999961853027,11.899999618530273,11.720000267028809,11.899999618530273,1099000
2025-12-29,11.729999542236328,11.729999542236328,11.859999656677246,11.649999618530273,11.859999656677246,1275800
2025-12-30,11.9399995803833,11.9399995803833,12.0,11.6899995803833,11.760000228881836,1603800
2026-01-02,11.729999542236328,11.729999542236328,12.0,11.640000343322754,11.970000267028809,9902000
2026-01-05,12.479999542236328,12.479999542236328,12.520000457763672,11.680000305175781,11.829999923706055,2991400
2026-01-06,12.470000267028809,12.470000267028809,12.539999961853027,12.239999771118164,12.479999542236328,2647600
2026-01-07,12.289999961853027,12.289999961853027,12.40999984741211,12.140000343322754,12.359999656677246,11187500
2026-01-08,12.75,12.75,12.869999885559082,12.210000038146973,12.289999961853027,2757900
2026-01-09,12.869999885559082,12.869999885559082,12.949999809265137,12.609999656677246,12.8100004196167,1586200
2026-01-12,13.170000076293945,13.170000076293945,13.300000190734863,12.84000015258789,12.899999618530273,2564800
2026-01-13,12.880000114440918,12.880000114440918,13.149999618530273,12.779999732971191,13.149999618530273,2205800
2026-01-14,12.960000038146973,12.960000038146973,13.15999984741211,12.829999923706055,12.989999771118164,1595400
2026-01-15,12.920000076293945,12.920000076293945,13.100000381469727,12.859999656677246,12.949999809265137,1038400
2026-01-16,12.869999885559082,12.869999885559082,13.0,12.670000076293945,12.989999771118164,874600
2026-01-19,12.859999656677246,12.859999656677246,12.899999618530273,12.699999809265137,12.699999809265137,371800
2026-01-20,12.609999656677246,12.609999656677246,12.9399995803833,12.609999656677246,12.9399995803833,956700
2026-01-21,12.930000305175781,12.930000305175781,13.100000381469727,12.710000038146973,12.710000038146973,2793100
2026-01-22,13.350000381469727,13.350000381469727,13.539999961853027,12.920000076293945,12.920000076293945,2140100
2026-01-23,13.600000381469727,13.600000381469727,14.010000228881836,13.390000343322754,13.449999809265137,3595100
2026-01-26,14.010000228881836,14.010000228881836,14.069999694824219,13.40999984741211,13.619999885559082,5351500
2026-01-27,14.0,14.0,14.40999984741211,13.880000114440918,14.130000114440918,3561500
2026-01-28,13.8100004196167,13.8100004196167,14.130000114440918,13.699999809265137,14.130000114440918,1965900
2026-01-29,13.819999694824219,13.819999694824219,14.029999732971191,13.670000076293945,13.970000267028809,3388400
2026-01-30,14.369999885559082,14.369999885559082,14.369999885559082,13.75,13.869999885559082,2345500
2026-02-02,14.640000343322754,14.640000343322754,14.699999809265137,14.229999542236328,14.300000190734863,1953700
2026-02-03,14.800000190734863,14.800000190734863,15.039999961853027,14.6899995803833,14.75,4755700
2026-02-04,14.59000015258789,14.59000015258789,14.8100004196167,14.40999984741211,14.779999732971191,1532900
2026-02-05,15.239999771118164,15.239999771118164,15.279999732971191,14.649999618530273,14.720000267028809,2245900
2026-02-06,15.470000267028809,15.470000267028809,15.619999885559082,15.100000381469727,15.260000228881836,2419200
2026-02-09,15.510000228881836,15.510000228881836,15.630000114440918,15.229999542236328,15.630000114440918,1562300
2026-02-10,15.789999961853027,15.789999961853027,15.960000038146973,15.430000305175781,15.430000305175781,1766500
2026-02-11,16.059999465942383,16.059999465942383,16.219999313354492,15.850000381469727,15.9399995803833,2185700
2026-02-12,15.050000190734863,15.050000190734863,16.1299991607666,14.65999984741211,16.030000686645508,4461500
2026-02-13,15.029999732971191,15.029999732971191,15.130000114440918,14.800000190734863,15.039999961853027,1970100
2026-02-18,14.720000267028809,14.720000267028809,15.199999809265137,14.539999961853027,15.119999885559082,1289400
2026-02-19,14.75,14.75,14.829999923706055,14.520000457763672,14.609999656677246,1283600
2026-02-20,14.890000343322754,14.890000343322754,14.890000343322754,14.270000457763672,14.739999771118164,2282700
2026-02-23,14.880000114440918,14.880000114440918,14.979999542236328,14.699999809265137,14.899999618530273,989200
2026-02-24,14.710000038146973,14.710000038146973,14.960000038146973,14.65999984741211,14.949999809265137,700200
2026-02-25,15.050000190734863,15.050000190734863,15.180000305175781,14.710000038146973,14.710000038146973,1249900
2026-02-26,15.260000228881836,15.260000228881836,15.479999542236328,15.050000190734863,15.050000190734863,1102200
2026-02-27,15.369999885559082,15.369999885559082,15.479999542236328,15.170000076293945,15.279999732971191,1545500
2026-03-02,14.960000038146973,14.960000038146973,15.180000305175781,14.8100004196167,15.170000076293945,2348600
2026-03-03,13.699999809265137,13.699999809265137,14.739999771118164,13.579999923706055,14.619999885559082,3494200
2026-03-04,13.899999618530273,13.899999618530273,14.449999809265137,13.720000267028809,13.970000267028809,2031300
2026-03-05,13.130000114440918,13.130000114440918,13.880000114440918,13.0600004196167,13.880000114440918,1994600
2026-03-06,12.260000228881836,12.260000228881836,13.380000114440918,12.260000228881836,13.369999885559082,4621900
2026-03-09,12.670000076293945,12.670000076293945,12.6899995803833,11.789999961853027,12.100000381469727,3785900
2026-03-10,12.149999618530273,12.149999618530273,12.680000305175781,11.9399995803833,12.65999984741211,5342700
2026-03-11,11.75,11.75,12.0600004196167,11.739999771118164,11.970000267028809,2913300
2026-03-12,11.130000114440918,11.130000114440918,11.609999656677246,11.079999923706055,11.609999656677246,3505300
2026-03-13,11.460000038146973,11.460000038146973,11.479999542236328,11.149999618530273,11.180000305175781,2739400
2026-03-16,11.430000305175781,11.430000305175781,11.770000457763672,11.34000015258789,11.600000381469727,1898200
2026-03-17,11.710000038146973,11.710000038146973,11.880000114440918,11.369999885559082,11.369999885559082,2958700
2026-03-18,11.6899995803833,11.6899995803833,11.949999809265137,11.489999771118164,11.640000343322754,2894600
2026-03-19,11.8100004196167,11.8100004196167,11.880000114440918,11.350000381469727,11.460000038146973,2093900
2026-03-20,11.789999961853027,11.789999961853027,11.890000343322754,11.489999771118164,11.8100004196167,7199700
2026-03-23,12.4399995803833,12.4399995803833,12.619999885559082,11.84000015258789,11.859999656677246,3213900
2026-03-24,12.210000038146973,12.210000038146973,12.460000038146973,12.039999961853027,12.4399995803833,3754300
2026-03-25,12.470000267028809,12.470000267028809,12.569999694824219,12.199999809265137,12.4399995803833,2448500
2026-03-26,12.100000381469727,12.100000381469727,12.460000038146973,11.899999618530273,12.399999618530273,3577800
2026-03-27,12.069999694824219,12.069999694824219,12.4399995803833,11.899999618530273,12.020000457763672,1863700
2026-03-30,12.020000457763672,12.020000457763672,12.300000190734863,11.899999618530273,12.1899995803833,1981400
2026-03-31,12.399999618530273,12.399999618530273,12.510000228881836,11.960000038146973,12.180000305175781,5653600
2026-04-01,12.260000228881836,12.260000228881836,12.600000381469727,12.180000305175781,12.479999542236328,1944900
2026-04-02,11.760000228881836,11.760000228881836,12.050000190734863,11.5,11.800000190734863,2467700
2026-04-06,11.529999732971191,11.529999732971191,11.930000305175781,11.470000267028809,11.850000381469727,1428000
2026-04-07,11.069999694824219,11.069999694824219,11.550000190734863,10.989999771118164,11.520000457763672,2046300
2026-04-08,11.800000190734863,11.800000190734863,12.069999694824219,11.470000267028809,11.579999923706055,4277200
2026-04-09,12.149999618530273,12.149999618530273,12.1899995803833,11.640000343322754,11.880000114440918,2688500
2026-04-10,12.25,12.25,12.369999885559082,11.979999542236328,12.220000267028809,2855700
2026-04-13,12.380000114440918,12.380000114440918,12.4399995803833,12.010000228881836,12.100000381469727,1717100
2026-04-14,12.350000381469727,12.350000381469727,12.550000190734863,12.119999885559082,12.380000114440918,1905000
2026-04-15,12.329999923706055,12.329999923706055,12.550000190734863,12.220000267028809,12.350000381469727,1880000
2026-04-16,12.239999771118164,12.239999771118164,12.40999984741211,12.029999732971191,12.319999694824219,1672700
2026-04-17,12.579999923706055,12.579999923706055,12.9399995803833,12.380000114440918,12.399999618530273,2792900
2026-04-20,12.729999542236328,12.729999542236328,12.859999656677246,12.479999542236328,12.65999984741211,1093400
2026-04-22,12.319999694824219,12.319999694824219,12.930000305175781,12.220000267028809,12.729999542236328,1117500
2026-04-23,12.199999809265137,12.199999809265137,12.420000076293945,12.15999984741211,12.319999694824219,1633100
2026-04-24,12.210000038146973,12.210000038146973,12.319999694824219,12.109999656677246,12.170000076293945,871400
2026-04-27,12.220000267028809,12.220000267028809,12.449999809265137,12.050000190734863,12.260000228881836,1111200
2026-04-28,11.8100004196167,11.8100004196167,12.149999618530273,11.630000114440918,12.119999885559082,1337400
2026-04-29,11.460000038146973,11.460000038146973,11.829999923706055,11.430000305175781,11.829999923706055,1147600
2026-04-30,12.020000457763672,12.020000457763672,12.229999542236328,11.600000381469727,11.600000381469727,1991800
2026-05-04,11.779999732971191,11.779999732971191,12.079999923706055,11.569999694824219,12.020000457763672,1059700
2026-05-05,11.9399995803833,11.9399995803833,11.989999771118164,11.75,11.779999732971191,902300
2026-05-06,12.600000381469727,12.600000381469727,12.800000190734863,12.050000190734863,12.050000190734863,2947100
2026-05-07,12.5600004196167,12.5600004196167,12.710000038146973,12.390000343322754,12.609999656677246,1487800
2026-05-08,12.289999961853027,12.289999961853027,13.15999984741211,12.079999923706055,13.069999694824219,4392200
2026-05-11,11.449999809265137,11.449999809265137,12.199999809265137,11.279999732971191,12.199999809265137,6574700
2026-05-12,11.300000190734863,11.300000190734863,11.619999885559082,11.170000076293945,11.350000381469727,3267900
2026-05-13,11.119999885559082,11.119999885559082,11.239999771118164,10.829999923706055,11.199999809265137,5877400
2026-05-14,11.319999694824219,11.319999694824219,11.479999542236328,11.119999885559082,11.119999885559082,2362200
2026-05-15,11.289999961853027,11.289999961853027,11.359999656677246,11.100000381469727,11.140000343322754,1852600
2026-05-18,11.300000190734863,11.300000190734863,11.369999885559082,11.149999618530273,11.289999961853027,1193500
2026-05-19,11.279999732971191,11.279999732971191,11.430000305175781,11.130000114440918,11.289999961853027,2046600
2026-05-20,12.109999656677246,12.109999656677246,12.220000267028809,11.270000457763672,11.279999732971191,2847600
2026-05-21,12.3100004196167,12.3100004196167,12.40999984741211,11.949999809265137,12.079999923706055,3344200
2026-05-22,12.300000190734863,12.300000190734863,12.430000305175781,12.130000114440918,12.359999656677246,1582600
2026-05-25,12.550000190734863,12.550000190734863,12.670000076293945,12.300000190734863,12.430000305175781,1112000
2026-05-26,12.640000343322754,12.640000343322754,12.649999618530273,12.420000076293945,12.470000267028809,1217300
2026-05-27,12.649999618530273,12.649999618530273,12.920000076293945,12.550000190734863,12.600000381469727,1004100
2026-05-28,12.609999656677246,12.609999656677246,12.920000076293945,12.479999542236328,12.539999961853027,954900
2026-05-29,12.399999618530273,12.399999618530273,12.649999618530273,12.199999809265137,12.619999885559082,1806200
2026-06-01,12.149999618530273,12.149999618530273,12.569999694824219,12.079999923706055,12.4399995803833,1682700
2026-06-02,12.1899995803833,12.1899995803833,12.329999923706055,12.010000228881836,12.180000305175781,1064500
2026-06-03,11.819999694824219,11.819999694824219,12.109999656677246,11.6899995803833,12.079999923706055,1583000
2026-06-05,11.979999542236328,11.979999542236328,11.979999542236328,11.579999923706055,11.770000457763672,6803200
2026-06-08,12.100000381469727,12.100000381469727,12.229999542236328,11.789999961853027,12.010000228881836,915200
2026-06-09,12.5600004196167,12.5600004196167,12.619999885559082,12.130000114440918,12.130000114440918,1982900
2026-06-10,12.699999809265137,12.699999809265137,12.84000015258789,12.289999961853027,12.579999923706055,5610500
2026-06-11,13.260000228881836,13.260000228881836,13.260000228881836,12.470000267028809,12.680000305175781,2499800
2026-06-12,13.199999809265137,13.199999809265137,13.449999809265137,13.050000190734863,13.180000305175781,1369800
2026-06-15,13.279999732971191,13.279999732971191,13.619999885559082,13.170000076293945,13.4399995803833,1285900
2026-06-16,13.069999694824219,13.069999694824219,13.470000267028809,13.0,13.229999542236328,1449800
2026-06-17,13.029999732971191,13.029999732971191,13.380000114440918,12.979999542236328,13.039999961853027,1344800
2026-06-18,13.029999732971191,13.029999732971191,13.270000457763672,12.979999542236328,13.029999732971191,848000
2026-06-19,13.079999923706055,13.079999923706055,13.449999809265137,12.979999542236328,13.069999694824219,896600
2026-06-22,13.140000343322754,13.140000343322754,13.3100004196167,12.979999542236328,13.140000343322754,815400
2026-06-23,13.199999809265137,13.199999809265137,13.220000267028809,12.960000038146973,13.050000190734863,753600
2026-06-24,13.119999885559082,13.119999885559082,13.34000015258789,13.069999694824219,13.140000343322754,1006300
2026-06-25,12.420000076293945,12.420000076293945,13.390000343322754,12.300000190734863,13.149999618530273,2751100
2026-06-26,12.449999809265137,12.449999809265137,12.710000038146973,12.300000190734863,12.420000076293945,1619000
2026-06-29,12.460000038146973,12.460000038146973,12.710000038146973,12.34000015258789,12.479999542236328,1527000
2026-06-30,12.020000457763672,12.020000457763672,12.640000343322754,11.9399995803833,12.350000381469727,1427000
2026-07-01,11.850000381469727,11.850000381469727,12.140000343322754,11.789999961853027,11.899999618530273,1607700
2026-07-02,11.90999984741211,11.90999984741211,12.229999542236328,11.819999694824219,11.880000114440918,1551400
2026-07-03,11.9399995803833,11.9399995803833,12.079999923706055,11.829999923706055,12.0,1043600
2026-07-06,11.8100004196167,11.8100004196167,11.890000343322754,11.699999809265137,11.819999694824219,749200
2026-07-07,11.75,11.75,11.920000076293945,11.619999885559082,11.829999923706055,777200
2026-07-08,11.40999984741211,11.40999984741211,11.779999732971191,11.289999961853027,11.710000038146973,953200
2026-07-09,11.829999923706055,11.829999923706055,11.890000343322754,11.399999618530273,11.399999618530273,1106700
2026-07-10,12.180000305175781,12.180000305175781,12.279999732971191,11.960000038146973,12.029999732971191,743200
2026-07-13,12.050000190734863,12.050000190734863,12.34000015258789,11.9399995803833,12.300000190734863,726300
2026-07-14,12.25,12.25,12.369999885559082,11.9399995803833,12.130000114440918,908300
2026-07-15,12.010000228881836,12.010000228881836,12.300000190734863,12.010000228881836,12.270000457763672,537800
2026-07-16,11.890000343322754,11.890000343322754,12.130000114440918,11.869999885559082,12.010000228881836,967700
2026-07-17,12.109999656677246,12.109999656677246,12.1899995803833,11.850000381469727,11.850000381469727,1095900
2026-07-20,11.880000114440918,11.880000114440918,12.4399995803833,11.770000457763672,12.140000343322754,1180100
2026-07-21,11.829999923706055,11.829999923706055,12.020000457763672,11.569999694824219,11.880000114440918,1010300
2026-07-22,11.789999961853027,11.789999961853027,11.960000038146973,11.470000267028809,11.960000038146973,1628600
2026-07-23,11.130000114440918,11.130000114440918,11.729999542236328,11.130000114440918,11.729999542236328,1832300
2026-07-24,10.970000267028809,10.970000267028809,11.0600004196167,10.800000190734863,11.039999961853027,1963600
2026-07-27,11.4399995803833,11.4399995803833,11.489999771118164,11.010000228881836,11.010000228881836,1326700
2026-07-28,11.449999809265137,11.449999809265137,11.819999694824219,11.4399995803833,11.569999694824219,1217200
2026-07-29,11.59000015258789,11.59000015258789,11.6899995803833,11.350000381469727,11.420000076293945,699400
