Date,Adj Close,Close,High,Low,Open,Volume
2021-07-29,15.576272964477539,22.42727279663086,22.781818389892578,22.18181800842285,22.654544830322266,35160180
2021-07-30,15.311094284057617,22.045454025268555,22.64545440673828,22.009090423583984,22.281818389892578,40227000
2021-08-02,15.405797004699707,22.18181800842285,22.836362838745117,22.118181228637695,22.372726440429688,48047120
2021-08-03,15.493618965148926,22.290908813476562,22.472726821899414,21.80908966064453,22.454544067382812,59400990
2021-08-04,14.880694389343262,21.409090042114258,21.80908966064453,21.318180084228516,21.763635635375977,108007020
2021-08-05,14.659537315368652,21.09090805053711,21.66363525390625,20.954544067382812,21.59090805053711,69889160
2021-08-06,14.981799125671387,21.55454444885254,21.618181228637695,21.09090805053711,21.218181610107422,50173090
2021-08-09,14.975475311279297,21.545454025268555,21.881818771362305,21.454544067382812,21.454544067382812,38625510
2021-08-10,14.760637283325195,21.23636245727539,21.68181800842285,21.23636245727539,21.62727165222168,38955290
2021-08-11,14.817510604858398,21.318180084228516,21.672727584838867,21.0,21.23636245727539,30339760
2021-08-12,14.608993530273438,21.01818084716797,21.372726440429688,20.89090919494629,21.254545211791992,40036700
2021-08-13,14.678494453430176,21.118181228637695,21.18181800842285,20.763635635375977,21.045454025268555,42676590
2021-08-16,14.558445930480957,20.945453643798828,21.254545211791992,20.827272415161133,21.045454025268555,31897250
2021-08-17,14.501570701599121,20.863636016845703,21.09090805053711,20.618181228637695,20.9818172454834,45561120
2021-08-18,14.406786918640137,20.727272033691406,21.263635635375977,20.672727584838867,20.827272415161133,46310550
2021-08-19,14.37519359588623,20.68181800842285,20.945453643798828,20.381818771362305,20.563636779785156,56256860
2021-08-20,14.29305362701416,20.563636779785156,20.700000762939453,20.409090042114258,20.472726821899414,31478480
2021-08-23,14.394147872924805,20.709089279174805,20.827272415161133,20.527271270751953,20.68181800842285,31936080
2021-08-24,14.773277282714844,21.254545211791992,21.381818771362305,20.818180084228516,20.909090042114258,40907240
2021-08-25,14.798551559448242,21.290908813476562,21.336362838745117,21.01818084716797,21.227272033691406,20103600
2021-08-26,14.514204978942871,20.881818771362305,21.327272415161133,20.872726440429688,21.227272033691406,33102630
2021-08-27,14.703768730163574,21.154544830322266,21.200000762939453,20.790908813476562,21.0,22746900
2021-08-30,14.545802116394043,20.92727279663086,21.172727584838867,20.8454532623291,21.09090805053711,22814990
2021-08-31,14.627946853637695,21.045454025268555,21.290908813476562,20.85454559326172,20.972726821899414,35247850
2021-09-01,14.60267448425293,21.009090423583984,21.363636016845703,20.9818172454834,21.16363525390625,26944060
2021-09-02,14.089780807495117,20.254545211791992,20.936363220214844,20.154544830322266,20.909090042114258,42032980
2021-09-03,14.020216941833496,20.154544830322266,20.418180465698242,19.899999618530273,20.418180465698242,48821960
2021-09-06,14.165664672851562,20.363636016845703,20.445453643798828,19.9818172454834,20.009090423583984,17038560
2021-09-08,13.349874496459961,19.190908432006836,20.063636779785156,19.045454025268555,20.027271270751953,58961320
2021-09-09,13.406789779663086,19.27272605895996,19.5,18.77272605895996,19.263635635375977,76710590
2021-09-10,13.242374420166016,19.03636360168457,19.781818389892578,19.01818084716797,19.55454444885254,55216260
2021-09-13,13.514303207397461,19.42727279663086,19.581817626953125,19.136362075805664,19.363636016845703,41682960
2021-09-14,13.425765991210938,19.299999237060547,19.55454444885254,19.154544830322266,19.454544067382812,36636930
2021-09-15,13.30561351776123,19.12727165222168,19.363636016845703,19.009090423583984,19.363636016845703,18948050
2021-09-16,13.13486099243164,18.881818771362305,19.03636360168457,18.600000381469727,19.009090423583984,74356480
2021-09-17,12.660571098327637,18.200000762939453,18.818180084228516,18.200000762939453,18.818180084228516,88977020
2021-09-20,12.186269760131836,17.51818084716797,18.063636779785156,17.409090042114258,17.918180465698242,83070790
2021-09-21,12.363340377807617,17.77272605895996,18.009090423583984,17.436363220214844,17.700000762939453,54100090
2021-09-22,12.546731948852539,18.03636360168457,18.327272415161133,17.972726821899414,18.03636360168457,42577590
2021-09-23,13.103246688842773,18.836362838745117,18.909090042114258,18.07272720336914,18.12727165222168,51252410
2021-09-24,12.812339782714844,18.418180465698242,18.763635635375977,18.35454559326172,18.636362075805664,44736120
2021-09-27,13.198103904724121,18.972726821899414,19.281818389892578,18.227272033691406,18.372726440429688,89182170
2021-09-28,12.91984748840332,18.57272720336914,19.527271270751953,18.57272720336914,19.136362075805664,109024520
2021-09-29,13.153838157653809,18.909090042114258,19.12727165222168,18.600000381469727,18.763635635375977,63995360
2021-09-30,13.172810554504395,18.936363220214844,19.218181610107422,18.781818389892578,19.118181228637695,77271700
2021-10-01,13.501652717590332,19.409090042114258,19.509090423583984,18.96363639831543,19.009090423583984,46504920
2021-10-04,13.12122631072998,18.8454532623291,19.23636245727539,18.700000762939453,19.209089279174805,42585840
2021-10-05,13.34276294708252,19.16363525390625,19.399999618530273,18.799999237060547,19.03636360168457,35939200
2021-10-06,13.444037437438965,19.30908966064453,19.363636016845703,18.790908813476562,18.92727279663086,38029200
2021-10-07,13.108562469482422,18.827272415161133,19.618181228637695,18.827272415161133,19.436363220214844,63955540
2021-10-08,13.197184562683105,18.954544067382812,19.46363639831543,18.85454559326172,19.027271270751953,75912210
2021-10-11,12.956657409667969,18.60909080505371,19.118181228637695,18.55454444885254,19.03636360168457,39408270
2021-10-13,12.918684959411621,18.55454444885254,18.700000762939453,18.190908432006836,18.66363525390625,51281670
2021-10-14,12.798421859741211,18.381818771362305,18.66363525390625,18.254545211791992,18.66363525390625,49092780
2021-10-15,13.469355583190918,19.3454532623291,19.409090042114258,18.409090042114258,18.445453643798828,64975020
2021-10-18,13.70355224609375,19.68181800842285,19.790908813476562,19.09090805053711,19.23636245727539,40842340
2021-10-19,13.279473304748535,19.07272720336914,19.4818172454834,19.027271270751953,19.4818172454834,49452260
2021-10-20,13.735198974609375,19.727272033691406,19.763635635375977,19.081817626953125,19.281818389892578,53331080
2021-10-21,13.450366973876953,19.318180084228516,19.872726440429688,19.01818084716797,19.218181610107422,63172340
2021-10-22,12.944000244140625,18.59090805053711,19.254545211791992,17.918180465698242,19.254545211791992,85791750
2021-10-25,13.140216827392578,18.872726440429688,19.172727584838867,18.690908432006836,18.763635635375977,27476570
2021-10-26,12.84272575378418,18.445453643798828,18.799999237060547,18.409090042114258,18.790908813476562,40538850
2021-10-27,13.013626098632812,18.690908432006836,19.118181228637695,18.581817626953125,18.636362075805664,31750950
2021-10-28,12.969314575195312,18.62727165222168,18.799999237060547,18.318180084228516,18.636362075805664,29216880
2021-10-29,12.595874786376953,18.09090805053711,18.754545211791992,18.09090805053711,18.727272033691406,30768100
2021-11-01,13.032614707946777,18.718181610107422,18.8454532623291,18.263635635375977,18.399999618530273,30642040
2021-11-03,12.924260139465332,18.545454025268555,18.918180465698242,18.372726440429688,18.53636360168457,50494950
2021-11-04,12.068976402282715,17.318180084228516,18.727272033691406,17.318180084228516,18.64545440673828,78727770
2021-11-05,12.664510726928711,18.172727584838867,18.545454025268555,17.827272415161133,18.09090805053711,118130540
2021-11-08,12.373083114624023,17.754545211791992,18.51818084716797,17.754545211791992,18.0,56784310
2021-11-09,12.233697891235352,17.55454444885254,18.209089279174805,17.490909576416016,17.863636016845703,66943360
2021-11-10,12.917924880981445,18.53636360168457,18.954544067382812,17.51818084716797,17.55454444885254,96874910
2021-11-11,12.981279373168945,18.62727165222168,18.96363639831543,18.490909576416016,18.85454559326172,39270990
2021-11-12,13.107989311218262,18.80908966064453,18.954544067382812,18.372726440429688,18.836362838745117,46733060
2021-11-16,13.088987350463867,18.781818389892578,19.081817626953125,18.527271270751953,18.827272415161133,41142090
2021-11-17,13.146003723144531,18.863636016845703,19.09090805053711,18.690908432006836,18.918180465698242,43446370
2021-11-18,13.019295692443848,18.68181800842285,18.945453643798828,18.18181800842285,18.899999618530273,61360750
2021-11-19,13.006621360778809,18.66363525390625,18.799999237060547,18.372726440429688,18.581817626953125,43549440
2021-11-22,12.784884452819824,18.3454532623291,18.945453643798828,18.336362838745117,18.727272033691406,41808360
2021-11-23,13.031963348388672,18.700000762939453,18.700000762939453,18.09090805053711,18.51818084716797,41310170
2021-11-24,13.367741584777832,19.18181800842285,19.254545211791992,18.399999618530273,18.454544067382812,37099150
2021-11-25,13.475442886352539,19.336362838745117,19.545454025268555,19.12727165222168,19.245454788208008,17497370
2021-11-26,12.936933517456055,18.563636779785156,18.881818771362305,18.363636016845703,18.781818389892578,43187100
2021-11-29,12.841901779174805,18.42727279663086,18.89090919494629,18.42727279663086,18.863636016845703,30746980
2021-11-30,12.61383056640625,18.100000381469727,18.509090423583984,17.909090042114258,18.399999618530273,65055100
2021-12-01,12.563141822814941,18.027271270751953,18.690908432006836,18.009090423583984,18.372726440429688,42846430
2021-12-02,13.202986717224121,18.92727279663086,18.9818172454834,18.227272033691406,18.35454559326172,64814970
2021-12-03,13.164934158325195,18.872726440429688,19.35454559326172,18.763635635375977,18.909090042114258,41316880
2021-12-06,13.443954467773438,19.27272605895996,19.77272605895996,18.881818771362305,19.03636360168457,46710070
2021-12-07,13.28542423248291,19.045454025268555,19.636362075805664,18.89090919494629,19.636362075805664,47259850
2021-12-08,13.202986717224121,18.92727279663086,19.209089279174805,18.57272720336914,19.209089279174805,35081420
2021-12-09,12.866880416870117,18.445453643798828,18.80908966064453,18.327272415161133,18.80908966064453,28753890
2021-12-10,12.81615161895752,18.372726440429688,18.64545440673828,18.16363525390625,18.563636779785156,30212710
2021-12-13,12.58151626586914,18.03636360168457,18.672727584838867,18.03636360168457,18.445453643798828,33137500
2021-12-14,12.771760940551758,18.30908966064453,18.77272605895996,18.227272033691406,18.263635635375977,45201860
2021-12-15,12.771760940551758,18.30908966064453,18.454544067382812,18.0,18.318180084228516,44282040
2021-12-16,12.930295944213867,18.53636360168457,18.581817626953125,18.18181800842285,18.472726821899414,39404310
2021-12-17,12.568832397460938,18.01818084716797,18.509090423583984,17.990909576416016,18.3454532623291,62958720
2021-12-20,12.308834075927734,17.64545440673828,17.936363220214844,17.436363220214844,17.872726440429688,49098940
2021-12-21,12.256111145019531,17.35454559326172,17.763635635375977,17.327272415161133,17.545454025268555,24044790
2021-12-22,12.313895225524902,17.436363220214844,17.472726821899414,17.218181610107422,17.454544067382812,33019030
2021-12-23,12.352416038513184,17.490909576416016,17.745454788208008,17.318180084228516,17.5,29967190
2021-12-27,12.493653297424316,17.690908432006836,17.781818389892578,17.42727279663086,17.618181228637695,22208010
2021-12-28,12.448709487915039,17.62727165222168,17.781818389892578,17.53636360168457,17.73636245727539,19267820
2021-12-29,12.390934944152832,17.545454025268555,17.709089279174805,17.42727279663086,17.68181800842285,15056580
2021-12-30,12.333150863647461,17.46363639831543,17.636362075805664,17.254545211791992,17.62727165222168,36097050
2022-01-03,12.641315460205078,17.899999618530273,18.10909080505371,17.59090805053711,17.64545440673828,35620970
2022-01-04,12.724203109741211,18.0,18.10909080505371,17.790908813476562,17.89090919494629,110060060
2022-01-05,12.634235382080078,17.872726440429688,18.10909080505371,17.700000762939453,17.954544067382812,45808070
2022-01-06,12.81417179107666,18.12727165222168,18.172727584838867,17.77272605895996,17.80908966064453,36651120
2022-01-07,13.00053596496582,18.39090919494629,18.39090919494629,17.745454788208008,18.154544830322266,84778540
2022-01-10,13.045523643493652,18.454544067382812,18.563636779785156,18.136362075805664,18.227272033691406,51092910
2022-01-11,13.064805030822754,18.4818172454834,18.57272720336914,18.245454788208008,18.454544067382812,53026600
2022-01-12,12.968408584594727,18.3454532623291,18.636362075805664,18.227272033691406,18.4818172454834,49113570
2022-01-13,13.19975471496582,18.672727584838867,18.754545211791992,18.218181610107422,18.218181610107422,57497660
2022-01-14,13.411825180053711,18.972726821899414,19.027271270751953,18.60909080505371,18.66363525390625,56481590
2022-01-17,13.488941192626953,19.081817626953125,19.190908432006836,18.745454788208008,18.872726440429688,21673410
2022-01-18,13.733145713806152,19.42727279663086,19.42727279663086,18.909090042114258,18.9818172454834,74687690
2022-01-19,13.559633255004883,19.18181800842285,19.636362075805664,19.14545440673828,19.5,50084980
2022-01-20,13.54677677154541,19.16363525390625,19.318180084228516,19.045454025268555,19.23636245727539,28939130
2022-01-21,13.4053955078125,18.96363639831543,19.381818771362305,18.96363639831543,19.09090805053711,44387750
2022-01-24,13.688157081604004,19.363636016845703,19.51818084716797,18.96363639831543,18.990909576416016,86358580
2022-01-25,14.23439884185791,20.136362075805664,20.23636245727539,19.200000762939453,19.299999237060547,74485400
2022-01-26,14.247254371643066,20.154544830322266,20.409090042114258,19.945453643798828,20.35454559326172,75827730
2022-01-27,14.317946434020996,20.254545211791992,20.53636360168457,20.045454025268555,20.336362838745117,65708720
2022-01-28,14.523588180541992,20.545454025268555,20.59090805053711,20.045454025268555,20.14545440673828,49132160
2022-01-31,14.65211296081543,20.727272033691406,20.909090042114258,20.336362838745117,20.57272720336914,62474390
2022-02-01,14.703524589538574,20.799999237060547,20.945453643798828,20.636362075805664,20.690908432006836,29653910
2022-02-02,14.439166069030762,20.409090042114258,20.709089279174805,20.30908966064453,20.60909080505371,51841460
2022-02-03,14.651409149169922,20.709089279174805,20.818180084228516,20.245454788208008,20.563636779785156,42935860
2022-02-04,14.747879981994629,20.8454532623291,21.0,20.563636779785156,20.672727584838867,40621790
2022-02-07,14.696436882019043,20.77272605895996,21.01818084716797,20.68181800842285,20.89090919494629,33281710
2022-02-08,14.612815856933594,20.654544830322266,20.96363639831543,20.409090042114258,20.781818389892578,48921730
2022-02-09,13.358634948730469,18.881818771362305,19.781818389892578,18.818180084228516,19.46363639831543,226386930
2022-02-10,13.551590919494629,19.154544830322266,19.381818771362305,18.654544830322266,19.0,80558500
2022-02-11,13.596611976623535,19.218181610107422,19.618181228637695,19.07272720336914,19.35454559326172,89646920
2022-02-14,13.615901947021484,19.245454788208008,19.318180084228516,18.918180465698242,19.318180084228516,42557020
2022-02-15,13.628768920898438,19.263635635375977,19.436363220214844,19.218181610107422,19.27272605895996,45128050
2022-02-16,13.78956413269043,19.490909576416016,19.5,19.18181800842285,19.30908966064453,44218790
2022-02-17,13.628768920898438,19.263635635375977,19.545454025268555,19.190908432006836,19.42727279663086,25904450
2022-02-18,13.705948829650879,19.372726440429688,19.509090423583984,19.281818389892578,19.327272415161133,33335500
2022-02-21,13.545156478881836,19.14545440673828,19.409090042114258,19.0,19.372726440429688,22943580
2022-02-22,13.493709564208984,19.07272720336914,19.409090042114258,18.96363639831543,19.281818389892578,44470030
2022-02-23,13.429380416870117,18.9818172454834,19.27272605895996,18.945453643798828,19.09090805053711,26533320
2022-02-24,13.024189949035645,18.409090042114258,18.60909080505371,17.954544067382812,18.454544067382812,79078560
2022-02-25,13.088502883911133,18.5,18.66363525390625,18.23636245727539,18.318180084228516,55603460
2022-03-02,12.953437805175781,18.30908966064453,18.5,18.027271270751953,18.372726440429688,42620050
2022-03-03,13.203726768493652,18.64545440673828,18.85454559326172,18.23636245727539,18.23636245727539,42707830
2022-03-04,12.823902130126953,18.10909080505371,18.64545440673828,17.92727279663086,18.64545440673828,43527770
2022-03-07,12.495583534240723,17.64545440673828,18.172727584838867,17.5,17.990909576416016,52141650
2022-03-08,12.656519889831543,17.872726440429688,18.190908432006836,17.57272720336914,17.68181800842285,68288990
2022-03-09,13.46767520904541,19.01818084716797,19.081817626953125,18.16363525390625,18.218181610107422,62361860
2022-03-10,13.383978843688965,18.899999618530273,18.990909576416016,18.57272720336914,18.836362838745117,33495110
2022-03-11,13.326037406921387,18.818180084228516,19.16363525390625,18.727272033691406,18.9818172454834,42839830
2022-03-14,13.422599792480469,18.954544067382812,19.336362838745117,18.827272415161133,18.827272415161133,36692150
2022-03-15,13.390422821044922,18.909090042114258,19.10909080505371,18.563636779785156,18.945453643798828,51826390
2022-03-16,13.583552360534668,19.18181800842285,19.23636245727539,18.836362838745117,19.045454025268555,51718480
2022-03-17,13.635052680969238,19.254545211791992,19.381818771362305,18.945453643798828,19.281818389892578,52868970
2022-03-18,13.602863311767578,19.209089279174805,19.381818771362305,18.96363639831543,19.245454788208008,91396580
2022-03-21,13.924745559692383,19.66363525390625,19.66363525390625,19.227272033691406,19.27272605895996,46281290
2022-03-22,14.098565101623535,19.909090042114258,20.09090805053711,19.754545211791992,19.763635635375977,48284500
2022-03-23,14.008440971374512,19.781818389892578,19.990909576416016,19.654544830322266,19.954544067382812,30857860
2022-03-24,14.214444160461426,20.07272720336914,20.227272033691406,19.781818389892578,19.818180084228516,43444170
2022-03-25,14.343199729919434,20.254545211791992,20.372726440429688,19.990909576416016,20.172727584838867,40055180
2022-03-28,14.272377967834473,20.154544830322266,20.39090919494629,19.9818172454834,20.336362838745117,25232680
2022-03-29,14.52989387512207,20.51818084716797,20.66363525390625,20.372726440429688,20.409090042114258,54799690
2022-03-30,14.439766883850098,20.39090919494629,20.545454025268555,20.200000762939453,20.545454025268555,27442800
2022-03-31,14.304574966430664,20.200000762939453,20.51818084716797,19.954544067382812,20.39090919494629,36693250
2022-04-01,14.150066375732422,19.9818172454834,20.399999618530273,19.881818771362305,20.30908966064453,35110570
2022-04-04,14.091412544250488,19.881818771362305,19.990909576416016,19.62727165222168,19.954544067382812,22034760
2022-04-05,13.698378562927246,19.327272415161133,19.899999618530273,19.200000762939453,19.899999618530273,41254180
2022-04-06,13.6274995803833,19.227272033691406,19.327272415161133,18.9818172454834,19.23636245727539,44633160
2022-04-07,13.685492515563965,19.30908966064453,19.399999618530273,19.0,19.30908966064453,33112640
2022-04-08,13.840126991271973,19.527271270751953,19.64545440673828,19.200000762939453,19.23636245727539,37651020
2022-04-11,13.820798873901367,19.5,19.745454788208008,19.3454532623291,19.445453643798828,32351330
2022-04-12,13.698378562927246,19.327272415161133,19.745454788208008,19.290908813476562,19.68181800842285,29440620
2022-04-13,13.840126991271973,19.527271270751953,19.654544830322266,19.299999237060547,19.436363220214844,35077570
2022-04-14,13.807907104492188,19.4818172454834,19.60909080505371,19.35454559326172,19.51818084716797,30043860
2022-04-18,14.05276107788086,19.827272415161133,19.918180465698242,19.4818172454834,19.527271270751953,34271160
2022-04-19,13.870414733886719,19.56999969482422,20.010000228881836,19.309999465942383,19.899999618530273,32993200
2022-04-20,13.820798873901367,19.5,19.690000534057617,19.350000381469727,19.68000030517578,22521400
2022-04-22,13.62234878540039,19.219999313354492,19.31999969482422,19.020000457763672,19.219999313354492,35690800
2022-04-25,13.537298202514648,19.100000381469727,19.229999542236328,18.84000015258789,19.059999465942383,38839200
2022-04-26,12.956120491027832,18.280000686645508,18.850000381469727,18.1200008392334,18.81999969482422,66772900
2022-04-27,13.03408145904541,18.389999389648438,18.6200008392334,18.190000534057617,18.489999771118164,62402800
2022-04-28,12.913585662841797,18.219999313354492,18.469999313354492,18.06999969482422,18.399999618530273,66856100
2022-04-29,12.743490219116211,17.979999542236328,18.729999542236328,17.979999542236328,18.399999618530273,61884300
2022-05-02,12.736397743225098,17.969999313354492,18.170000076293945,17.729999542236328,18.0,43038200
2022-05-03,12.820817947387695,18.06999969482422,18.149999618530273,17.81999969482422,17.959999084472656,55511000
2022-05-04,13.005284309387207,18.329999923706055,18.40999984741211,17.799999237060547,17.920000076293945,54528700
2022-05-05,12.579582214355469,17.729999542236328,18.229999542236328,17.530000686645508,18.200000762939453,47513400
2022-05-06,12.842103004455566,18.100000381469727,18.549999237060547,17.649999618530273,17.950000762939453,73889800
2022-05-09,13.03366470336914,18.3700008392334,18.520000457763672,17.850000381469727,17.8799991607666,66525900
2022-05-10,13.16137409210205,18.549999237060547,18.709999084472656,18.399999618530273,18.520000457763672,57446300
2022-05-11,13.388418197631836,18.8700008392334,19.030000686645508,18.600000381469727,18.600000381469727,44034600
2022-05-12,13.47356128692627,18.989999771118164,19.09000015258789,18.75,18.770000457763672,25040300
2022-05-13,13.629647254943848,19.209999084472656,19.389999389648438,19.049999237060547,19.139999389648438,27983200
2022-05-16,13.856698036193848,19.530000686645508,19.639999389648438,19.149999618530273,19.290000915527344,29746400
2022-05-17,14.140501976013184,19.93000030517578,19.940000534057617,19.690000534057617,19.760000228881836,37015800
2022-05-18,13.877979278564453,19.559999465942383,19.950000762939453,19.469999313354492,19.829999923706055,45581800
2022-05-19,13.77155590057373,19.40999984741211,19.6200008392334,19.239999771118164,19.579999923706055,55752600
2022-05-20,13.956024169921875,19.670000076293945,19.8700008392334,19.530000686645508,19.579999923706055,38174000
2022-05-23,14.18307113647461,19.989999771118164,20.06999969482422,19.729999542236328,19.809999465942383,36222200
2022-05-24,14.481060028076172,20.40999984741211,20.420000076293945,19.780000686645508,19.8700008392334,40495800
2022-05-25,14.317878723144531,20.18000030517578,20.3700008392334,20.020000457763672,20.260000228881836,30288400
2022-05-26,14.395917892456055,20.290000915527344,20.399999618530273,20.020000457763672,20.190000534057617,39550400
2022-05-27,14.601679801940918,20.579999923706055,20.670000076293945,20.15999984741211,20.290000915527344,40497700
2022-05-30,14.459781646728516,20.3799991607666,20.68000030517578,20.260000228881836,20.600000381469727,16964100
2022-05-31,14.544918060302734,20.5,20.6299991607666,20.280000686645508,20.40999984741211,55770400
2022-06-01,14.28239631652832,20.1299991607666,20.530000686645508,20.010000228881836,20.530000686645508,35754500
2022-06-02,14.224857330322266,20.030000686645508,20.260000228881836,19.84000015258789,20.260000228881836,27083600
2022-06-03,14.13963508605957,19.90999984741211,20.049999237060547,19.739999771118164,20.0,17800100
2022-06-06,14.153839111328125,19.93000030517578,20.139999389648438,19.809999465942383,20.030000686645508,11405400
2022-06-07,14.03310775756836,19.760000228881836,19.940000534057617,19.649999618530273,19.780000686645508,21522200
2022-06-08,13.78454303741455,19.40999984741211,19.780000686645508,19.360000610351562,19.6200008392334,23629700
2022-06-09,13.777444839477539,19.399999618530273,19.639999389648438,19.280000686645508,19.420000076293945,40261700
2022-06-10,13.571487426757812,19.110000610351562,19.280000686645508,18.959999084472656,19.219999313354492,39495800
2022-06-13,13.372645378112793,18.829999923706055,19.049999237060547,18.670000076293945,18.920000076293945,28188100
2022-06-14,13.237706184387207,18.639999389648438,19.040000915527344,18.559999465942383,18.959999084472656,23589800
2022-06-15,13.330035209655762,18.770000457763672,18.979999542236328,18.6299991607666,18.899999618530273,42167500
2022-06-17,13.1240816116333,18.479999542236328,18.75,18.280000686645508,18.510000228881836,56517300
2022-06-20,13.472064971923828,18.969999313354492,19.139999389648438,18.6299991607666,18.65999984741211,38181500
2022-06-21,13.376330375671387,18.639999389648438,19.049999237060547,18.540000915527344,18.8799991607666,30440200
2022-06-22,13.318928718566895,18.559999465942383,18.68000030517578,18.40999984741211,18.639999389648438,35022300
2022-06-23,12.967292785644531,18.06999969482422,18.649999618530273,17.989999771118164,18.649999618530273,36957800
2022-06-24,12.859649658203125,17.920000076293945,18.190000534057617,17.920000076293945,18.190000534057617,34188700
2022-06-27,13.039057731628418,18.170000076293945,18.219999313354492,17.8799991607666,17.979999542236328,24748500
2022-06-28,12.852477073669434,17.90999984741211,18.34000015258789,17.790000915527344,18.25,31457800
2022-06-29,12.630014419555664,17.600000381469727,17.989999771118164,17.510000228881836,17.90999984741211,45403300
2022-06-30,12.342973709106445,17.200000762939453,17.43000030517578,17.1299991607666,17.34000015258789,42129000
2022-07-01,12.436260223388672,17.329999923706055,17.43000030517578,16.940000534057617,17.200000762939453,22723600
2022-07-04,12.3062105178833,17.1299991607666,17.299999237060547,17.059999465942383,17.239999771118164,10774200
2022-07-05,12.33494758605957,17.170000076293945,17.25,16.850000381469727,16.989999771118164,19873600
2022-07-06,12.234373092651367,17.030000686645508,17.299999237060547,16.93000030517578,17.110000610351562,20841700
2022-07-07,12.485811233520508,17.3799991607666,17.479999542236328,17.139999389648438,17.219999313354492,39176300
2022-07-08,12.492993354797363,17.389999389648438,17.639999389648438,17.270000457763672,17.43000030517578,19211100
2022-07-11,12.241556167602539,17.040000915527344,17.309999465942383,16.93000030517578,17.190000534057617,15202200
2022-07-12,12.291847229003906,17.110000610351562,17.31999969482422,16.850000381469727,17.059999465942383,25334600
2022-07-13,12.011666297912598,16.719999313354492,17.1299991607666,16.719999313354492,17.040000915527344,30571100
2022-07-14,11.738673210144043,16.34000015258789,16.479999542236328,16.18000030517578,16.479999542236328,45285000
2022-07-15,11.810513496398926,16.440000534057617,16.649999618530273,16.219999313354492,16.440000534057617,39165900
2022-07-18,11.961380004882812,16.649999618530273,16.850000381469727,16.459999084472656,16.59000015258789,27541200
2022-07-19,12.399602890014648,17.260000228881836,17.290000915527344,16.649999618530273,16.790000915527344,32754800
2022-07-20,12.241556167602539,17.040000915527344,17.290000915527344,16.93000030517578,17.190000534057617,35322500
2022-07-21,12.406786918640137,17.270000457763672,17.350000381469727,16.8799991607666,16.940000534057617,28221100
2022-07-22,12.248738288879395,17.049999237060547,17.3799991607666,16.90999984741211,17.309999465942383,32676600
2022-07-25,12.413970947265625,17.280000686645508,17.3700008392334,17.059999465942383,17.06999969482422,24554900
2022-07-26,12.327762603759766,17.15999984741211,17.459999084472656,17.020000457763672,17.270000457763672,25712700
2022-07-27,12.399602890014648,17.260000228881836,17.329999923706055,17.06999969482422,17.219999313354492,20248300
2022-07-28,12.492993354797363,17.389999389648438,17.40999984741211,16.959999084472656,17.200000762939453,32776400
2022-07-29,12.52173137664795,17.43000030517578,17.719999313354492,17.31999969482422,17.389999389648438,31334800
2022-08-01,12.492993354797363,17.389999389648438,17.56999969482422,17.280000686645508,17.450000762939453,22790100
2022-08-02,12.708015441894531,17.670000076293945,17.93000030517578,17.360000610351562,17.399999618530273,40541200
2022-08-03,12.90938663482666,17.950000762939453,18.040000915527344,17.559999465942383,17.760000228881836,28300300
2022-08-04,13.146719932556152,18.280000686645508,18.43000030517578,18.040000915527344,18.100000381469727,46297600
2022-08-05,13.304937362670898,18.5,18.670000076293945,17.780000686645508,18.100000381469727,70278300
2022-08-08,13.348090171813965,18.559999465942383,18.670000076293945,18.3799991607666,18.559999465942383,28027200
2022-08-09,13.542271614074707,18.829999923706055,18.920000076293945,18.40999984741211,18.600000381469727,33583700
2022-08-10,13.758020401000977,19.1299991607666,19.18000030517578,18.790000915527344,18.829999923706055,40650200
2022-08-11,13.873095512390137,19.290000915527344,19.489999771118164,19.239999771118164,19.31999969482422,38010400
2022-08-12,14.045698165893555,19.530000686645508,19.540000915527344,19.309999465942383,19.399999618530273,29995100
2022-08-15,13.973782539367676,19.43000030517578,19.5,19.170000076293945,19.25,30443000
2022-08-16,14.175152778625488,19.709999084472656,19.780000686645508,19.350000381469727,19.40999984741211,23972600
2022-08-17,14.19672966003418,19.739999771118164,19.8799991607666,19.520000457763672,19.579999923706055,23628000
2022-08-18,14.283027648925781,19.860000610351562,19.920000076293945,19.670000076293945,19.809999465942383,22363200
2022-08-19,14.103238105773926,19.610000610351562,19.799999237060547,19.40999984741211,19.709999084472656,22014600
2022-08-22,13.909055709838867,19.34000015258789,19.510000228881836,19.25,19.3700008392334,15569700
2022-08-23,14.009740829467773,19.479999542236328,19.549999237060547,19.299999237060547,19.309999465942383,12149300
2022-08-24,13.930625915527344,19.3700008392334,19.600000381469727,19.360000610351562,19.389999389648438,23308700
2022-08-25,14.0313138961792,19.510000228881836,19.68000030517578,19.350000381469727,19.459999084472656,33878200
2022-08-26,13.980976104736328,19.440000534057617,19.81999969482422,19.389999389648438,19.600000381469727,29014500
2022-08-29,14.0313138961792,19.510000228881836,19.6299991607666,19.1200008392334,19.299999237060547,19061800
2022-08-30,13.9881591796875,19.450000762939453,19.700000762939453,19.40999984741211,19.68000030517578,18597600
2022-08-31,13.63576889038086,18.959999084472656,19.610000610351562,18.8799991607666,19.530000686645508,50789500
2022-09-01,13.750834465026855,19.1200008392334,19.389999389648438,18.65999984741211,18.969999313354492,32988800
2022-09-02,13.90127182006836,19.309999465942383,19.65999984741211,19.1200008392334,19.170000076293945,49703800
2022-09-05,13.930068969726562,19.350000381469727,19.549999237060547,19.209999084472656,19.399999618530273,14188800
2022-09-06,13.843682289123535,19.229999542236328,19.450000762939453,19.049999237060547,19.350000381469727,35403700
2022-09-08,13.76449203491211,19.1200008392334,19.329999923706055,18.950000762939453,19.25,18121700
2022-09-09,13.951662063598633,19.3799991607666,19.559999465942383,19.270000457763672,19.309999465942383,17577500
2022-09-12,14.088456153869629,19.56999969482422,19.93000030517578,19.479999542236328,19.549999237060547,21459500
2022-09-13,13.98046588897705,19.420000076293945,19.600000381469727,19.299999237060547,19.459999084472656,20325400
2022-09-14,13.915670394897461,19.329999923706055,19.489999771118164,19.200000762939453,19.31999969482422,17631500
2022-09-15,13.865278244018555,19.260000228881836,19.489999771118164,19.1299991607666,19.350000381469727,17430800
2022-09-16,13.706894874572754,19.040000915527344,19.170000076293945,18.760000228881836,19.1200008392334,55848400
2022-09-19,14.059654235839844,19.530000686645508,19.610000610351562,18.93000030517578,19.030000686645508,47561500
2022-09-20,14.513190269470215,20.15999984741211,20.239999771118164,19.520000457763672,19.530000686645508,55045000
2022-09-21,14.426800727844238,20.040000915527344,20.299999237060547,19.90999984741211,20.190000534057617,36242300
2022-09-22,14.757949829101562,20.5,20.600000381469727,20.020000457763672,20.299999237060547,39088100
2022-09-23,14.469993591308594,20.100000381469727,20.290000915527344,19.739999771118164,20.219999313354492,38353600
2022-09-26,14.21082878112793,19.739999771118164,20.049999237060547,19.709999084472656,19.899999618530273,10591200
2022-09-27,14.124444961547852,19.6200008392334,19.790000915527344,19.579999923706055,19.690000534057617,29141500
2022-09-28,14.13164234161377,19.6299991607666,20.040000915527344,19.489999771118164,19.6200008392334,38504200
2022-09-29,14.239632606506348,19.780000686645508,19.959999084472656,19.389999389648438,19.40999984741211,36767300
2022-09-30,14.282812118530273,19.84000015258789,20.0,19.65999984741211,19.65999984741211,23472700
2022-10-03,15.269083023071289,21.209999084472656,21.309999465942383,20.149999618530273,20.239999771118164,72013900
2022-10-04,15.261134147644043,21.18000030517578,21.600000381469727,21.020000457763672,21.559999465942383,32759000
2022-10-05,15.426864624023438,21.40999984741211,21.639999389648438,21.030000686645508,21.239999771118164,28893000
2022-10-06,15.109822273254395,20.969999313354492,21.559999465942383,20.81999969482422,21.559999465942383,47265200
2022-10-07,14.749553680419922,20.469999313354492,20.670000076293945,20.059999465942383,20.649999618530273,73837200
2022-10-10,14.5261812210083,20.15999984741211,20.530000686645508,20.010000228881836,20.459999084472656,49206300
2022-10-11,14.490158081054688,20.110000610351562,20.229999542236328,19.979999542236328,20.010000228881836,32893900
2022-10-13,14.2811918258667,19.81999969482422,20.049999237060547,19.6200008392334,19.899999618530273,37633900
2022-10-14,14.187529563903809,19.690000534057617,20.100000381469727,19.56999969482422,19.84000015258789,26359800
2022-10-17,14.288402557373047,19.829999923706055,19.989999771118164,19.65999984741211,19.75,18923800
2022-10-18,14.396482467651367,19.979999542236328,20.149999618530273,19.770000457763672,20.040000915527344,44309400
2022-10-19,14.461329460144043,20.06999969482422,20.1200008392334,19.84000015258789,19.979999542236328,29547600
2022-10-20,14.62706184387207,20.299999237060547,20.3799991607666,20.0,20.100000381469727,49603500
2022-10-21,14.936890602111816,20.729999542236328,20.84000015258789,20.170000076293945,20.170000076293945,50452400
2022-10-24,14.302818298339844,19.850000381469727,20.559999465942383,19.709999084472656,20.469999313354492,41018300
2022-10-25,14.216346740722656,19.729999542236328,19.989999771118164,19.670000076293945,19.84000015258789,24860900
2022-10-26,13.596673965454102,18.8700008392334,19.31999969482422,18.829999923706055,19.040000915527344,55001100
2022-10-27,13.848873138427734,19.219999313354492,19.389999389648438,19.0,19.06999969482422,32956100
2022-10-28,13.928133010864258,19.329999923706055,19.420000076293945,19.1200008392334,19.229999542236328,23368600
2022-10-31,14.310015678405762,19.860000610351562,20.010000228881836,18.75,18.75,58768900
2022-11-01,14.38927936553955,19.969999313354492,20.559999465942383,19.760000228881836,20.100000381469727,48476000
2022-11-03,14.143326759338379,19.610000610351562,19.770000457763672,19.350000381469727,19.600000381469727,31611800
2022-11-04,13.991863250732422,19.399999618530273,20.010000228881836,19.399999618530273,19.899999618530273,41996600
2022-11-07,13.530277252197266,18.760000228881836,19.399999618530273,18.739999771118164,19.270000457763672,52267000
2022-11-08,13.400453567504883,18.579999923706055,18.729999542236328,18.350000381469727,18.68000030517578,56009200
2022-11-09,11.070881843566895,15.350000381469727,17.25,15.25,17.200000762939453,499194800
2022-11-10,10.746325492858887,14.899999618530273,15.550000190734863,14.84000015258789,15.399999618530273,180563000
2022-11-11,10.9266357421875,15.149999618530273,15.5,14.699999809265137,15.0,121144900
2022-11-14,10.933845520019531,15.15999984741211,15.489999771118164,14.819999694824219,15.369999885559082,73637500
2022-11-16,10.96990966796875,15.210000038146973,15.4399995803833,15.010000228881836,15.289999961853027,69709700
2022-11-17,11.20791244506836,15.539999961853027,15.550000190734863,15.039999961853027,15.1899995803833,111982000
2022-11-18,11.258400917053223,15.609999656677246,16.020000457763672,15.579999923706055,15.75,76091400
2022-11-21,11.17906665802002,15.5,15.829999923706055,15.229999542236328,15.710000038146973,46728300
2022-11-22,11.135790824890137,15.4399995803833,15.699999809265137,15.300000190734863,15.579999923706055,40922700
2022-11-23,11.056456565856934,15.329999923706055,15.449999809265137,15.210000038146973,15.319999694824219,48131200
2022-11-24,11.280037879943848,15.640000343322754,15.800000190734863,15.390000343322754,15.5,25028500
2022-11-25,11.070881843566895,15.350000381469727,15.680000305175781,15.300000190734863,15.640000343322754,31535100
2022-11-28,11.056456565856934,15.329999923706055,15.4399995803833,15.239999771118164,15.380000114440918,35206100
2022-11-29,11.186277389526367,15.510000228881836,15.710000038146973,15.210000038146973,15.350000381469727,31529200
2022-11-30,11.236764907836914,15.579999923706055,15.640000343322754,15.239999771118164,15.449999809265137,39650500
2022-12-01,11.106941223144531,15.399999618530273,15.630000114440918,15.319999694824219,15.460000038146973,59654400
2022-12-02,11.098980903625488,15.369999885559082,15.75,15.149999618530273,15.399999618530273,86889800
2022-12-05,10.687374114990234,14.800000190734863,15.3100004196167,14.779999732971191,15.300000190734863,48011700
2022-12-06,10.940116882324219,15.149999618530273,15.149999618530273,14.75,14.930000305175781,73397300
2022-12-07,10.817355155944824,14.979999542236328,15.239999771118164,14.979999542236328,15.029999732971191,27019100
2022-12-08,10.506843566894531,14.550000190734863,14.979999542236328,14.479999542236328,14.979999542236328,40884200
2022-12-09,10.326318740844727,14.300000190734863,14.649999618530273,14.289999961853027,14.619999885559082,29843800
2022-12-12,10.210774421691895,14.140000343322754,14.350000381469727,13.800000190734863,14.289999961853027,62653000
2022-12-13,9.907485961914062,13.720000267028809,14.300000190734863,13.6899995803833,14.229999542236328,46700100
2022-12-14,10.11689567565918,14.010000228881836,14.149999618530273,13.4399995803833,13.600000381469727,76655700
2022-12-15,9.994138717651367,13.84000015258789,14.260000228881836,13.8100004196167,13.899999618530273,46986900
2022-12-16,9.979694366455078,13.819999694824219,13.970000267028809,13.720000267028809,13.850000381469727,50773500
2022-12-19,10.254103660583496,14.199999809265137,14.300000190734863,13.850000381469727,13.869999885559082,35317400
2022-12-20,10.622380256652832,14.710000038146973,14.970000267028809,14.130000114440918,14.180000305175781,84518300
2022-12-21,10.709036827087402,14.829999923706055,14.970000267028809,14.569999694824219,14.84000015258789,43956000
2022-12-22,10.745142936706543,14.880000114440918,15.0,14.680000305175781,14.899999618530273,20749500
2022-12-23,10.932891845703125,15.140000343322754,15.279999732971191,14.90999984741211,14.949999809265137,21104200
2022-12-26,10.672926902770996,14.779999732971191,15.130000114440918,14.739999771118164,15.09000015258789,13937200
2022-12-27,10.622380256652832,14.710000038146973,14.979999542236328,14.5600004196167,14.9399995803833,78235200
2022-12-28,10.947334289550781,15.15999984741211,15.229999542236328,14.6899995803833,14.75,45117800
2022-12-29,10.940116882324219,15.149999618530273,15.479999542236328,15.130000114440918,15.25,41911700
2023-01-02,10.651267051696777,14.75,14.989999771118164,14.65999984741211,14.899999618530273,24748300
2023-01-03,10.122699737548828,14.0,14.779999732971191,13.949999809265137,14.760000228881836,127764400
2023-01-04,10.15162181854248,14.039999961853027,14.229999542236328,13.65999984741211,14.149999618530273,153235200
2023-01-05,10.592682838439941,14.649999618530273,14.710000038146973,14.069999694824219,14.109999656677246,164949200
2023-01-06,10.889126777648926,15.0600004196167,15.079999923706055,14.5,14.65999984741211,86788300
2023-01-09,11.02708911895752,14.65999984741211,14.739999771118164,14.210000038146973,14.3100004196167,73674800
2023-01-10,11.358052253723145,15.100000381469727,15.199999809265137,14.420000076293945,14.510000228881836,118245200
2023-01-11,11.583707809448242,15.399999618530273,15.430000305175781,14.960000038146973,15.0,88295000
2023-01-12,11.312920570373535,15.039999961853027,15.350000381469727,14.899999618530273,15.3100004196167,97774200
2023-01-13,11.275309562683105,14.989999771118164,15.050000190734863,14.6899995803833,14.970000267028809,35872400
2023-01-16,10.929302215576172,14.529999732971191,14.800000190734863,14.4399995803833,14.710000038146973,44231400
2023-01-17,11.004521369934082,14.630000114440918,14.84000015258789,14.460000038146973,14.539999961853027,36676900
2023-01-18,11.170003890991211,14.850000381469727,14.970000267028809,14.6899995803833,14.800000190734863,46015200
2023-01-19,11.192569732666016,14.880000114440918,14.90999984741211,14.630000114440918,14.699999809265137,77758400
2023-01-20,11.0346097946167,14.670000076293945,14.960000038146973,14.649999618530273,14.850000381469727,39537400
2023-01-23,10.568251609802246,14.050000190734863,14.699999809265137,14.0,14.699999809265137,72241700
2023-01-24,10.681079864501953,14.199999809265137,14.289999961853027,14.09000015258789,14.15999984741211,32256100
2023-01-25,10.60586166381836,14.100000381469727,14.3100004196167,13.920000076293945,14.199999809265137,44253900
2023-01-26,10.635950088500977,14.140000343322754,14.239999771118164,13.970000267028809,14.100000381469727,36574500
2023-01-27,10.320032119750977,13.720000267028809,14.15999984741211,13.649999618530273,14.100000381469727,56910500
2023-01-30,10.372681617736816,13.789999961853027,13.789999961853027,13.489999771118164,13.619999885559082,58048100
2023-01-31,10.54568862915039,14.020000457763672,14.130000114440918,13.819999694824219,13.859999656677246,39064700
2023-02-01,10.342594146728516,13.75,14.050000190734863,13.65999984741211,14.020000457763672,37948600
2023-02-02,10.50000286102295,13.9399995803833,14.15999984741211,13.609999656677246,13.630000114440918,77873500
2023-02-03,10.26650333404541,13.630000114440918,14.050000190734863,13.569999694824219,13.850000381469727,39818600
2023-02-06,10.228842735290527,13.579999923706055,13.680000305175781,13.40999984741211,13.630000114440918,27231000
2023-02-07,10.168584823608398,13.5,13.65999984741211,13.380000114440918,13.649999618530273,32094700
2023-02-08,10.665714263916016,14.15999984741211,14.1899995803833,13.510000228881836,13.640000343322754,81945200
2023-02-09,10.394550323486328,13.800000190734863,14.430000305175781,13.789999961853027,14.199999809265137,58306600
2023-02-10,9.543402671813965,12.670000076293945,13.130000114440918,12.600000381469727,12.699999809265137,237891100
2023-02-13,9.882355690002441,13.119999885559082,13.1899995803833,12.630000114440918,12.699999809265137,87016300
2023-02-14,9.972743034362793,13.239999771118164,13.350000381469727,13.039999961853027,13.130000114440918,56512300
2023-02-15,10.364424705505371,13.760000228881836,13.850000381469727,13.15999984741211,13.229999542236328,85427900
2023-02-16,10.560259819030762,14.020000457763672,14.09000015258789,13.529999732971191,13.619999885559082,69398600
2023-02-17,10.50000286102295,13.9399995803833,14.069999694824219,13.760000228881836,13.989999771118164,38594300
2023-02-22,10.394550323486328,13.800000190734863,13.819999694824219,13.5600004196167,13.699999809265137,36666600
2023-02-23,10.349358558654785,13.739999771118164,13.989999771118164,13.699999809265137,13.829999923706055,42173800
2023-02-24,10.017935752868652,13.300000190734863,13.789999961853027,13.239999771118164,13.729999542236328,40443000
2023-02-27,9.92001724243164,13.170000076293945,13.430000305175781,13.09000015258789,13.369999885559082,24898500
2023-02-28,9.852226257324219,13.079999923706055,13.40999984741211,13.050000190734863,13.210000038146973,38059200
2023-03-01,9.776901245117188,12.979999542236328,13.180000305175781,12.75,13.180000305175781,43825000
2023-03-02,9.647893905639648,12.789999961853027,13.09000015258789,12.789999961853027,12.920000076293945,32975000
2023-03-03,9.700697898864746,12.859999656677246,12.949999809265137,12.729999542236328,12.84000015258789,31061100
2023-03-06,10.025059700012207,13.289999961853027,13.380000114440918,12.899999618530273,12.949999809265137,38725200
2023-03-07,10.258903503417969,13.600000381469727,13.630000114440918,13.199999809265137,13.270000457763672,58414500
2023-03-08,10.575722694396973,14.020000457763672,14.119999885559082,13.649999618530273,13.65999984741211,76198500
2023-03-09,10.538002967834473,13.970000267028809,14.15999984741211,13.869999885559082,13.989999771118164,61048300
2023-03-10,10.236274719238281,13.569999694824219,13.949999809265137,13.479999542236328,13.859999656677246,40235200
2023-03-13,10.123120307922363,13.420000076293945,13.579999923706055,13.25,13.5,33541200
2023-03-14,10.062777519226074,13.34000015258789,13.550000190734863,13.1899995803833,13.289999961853027,44785600
2023-03-15,10.206097602844238,13.529999732971191,13.59000015258789,12.949999809265137,13.140000343322754,70935100
2023-03-16,10.492741584777832,13.90999984741211,14.010000228881836,13.449999809265137,13.520000457763672,84701000
2023-03-17,10.055234909057617,13.329999923706055,13.819999694824219,13.329999923706055,13.779999732971191,76083800
2023-03-20,9.88173770904541,13.100000381469727,13.520000457763672,13.039999961853027,13.359999656677246,34593300
2023-03-21,9.911910057067871,13.140000343322754,13.369999885559082,13.09000015258789,13.1899995803833,38954800
2023-03-22,9.821388244628906,13.020000457763672,13.239999771118164,12.960000038146973,13.140000343322754,29424300
2023-03-23,9.481940269470215,12.569999694824219,13.119999885559082,12.4399995803833,13.069999694824219,61539500
2023-03-24,9.587547302246094,12.710000038146973,12.829999923706055,12.390000343322754,12.680000305175781,40452000
2023-03-27,9.7610445022583,12.9399995803833,13.020000457763672,12.760000228881836,12.859999656677246,45000300
2023-03-28,9.745960235595703,12.920000076293945,13.079999923706055,12.8100004196167,12.899999618530273,30254900
2023-03-29,9.798762321472168,12.989999771118164,13.1899995803833,12.699999809265137,12.960000038146973,58776800
2023-03-30,10.092950820922852,13.380000114440918,13.399999618530273,13.100000381469727,13.210000038146973,58758400
2023-03-31,9.934540748596191,13.170000076293945,13.470000267028809,13.050000190734863,13.369999885559082,60841800
2023-04-03,9.68560791015625,12.84000015258789,13.220000267028809,12.779999732971191,13.180000305175781,58954700
2023-04-04,9.903916358947754,13.109999656677246,13.180000305175781,12.880000114440918,12.930000305175781,46417800
2023-04-05,9.987016677856445,13.220000267028809,13.359999656677246,13.029999732971191,13.100000381469727,51710100
2023-04-06,9.843480110168457,13.029999732971191,13.3100004196167,12.949999809265137,13.229999542236328,32588600
2023-04-10,9.956795692443848,13.180000305175781,13.25,13.039999961853027,13.079999923706055,24189300
2023-04-11,10.478053092956543,13.869999885559082,13.869999885559082,13.1899995803833,13.3100004196167,94873900
2023-04-12,10.425175666809082,13.800000190734863,14.199999809265137,13.770000457763672,13.890000343322754,63610500
2023-04-13,10.43272876739502,13.8100004196167,13.9399995803833,13.619999885559082,13.819999694824219,33003100
2023-04-14,10.417618751525879,13.789999961853027,13.9399995803833,13.600000381469727,13.729999542236328,41846400
2023-04-17,10.372292518615723,13.729999542236328,13.789999961853027,13.5600004196167,13.720000267028809,28114200
2023-04-18,10.304306983947754,13.640000343322754,13.859999656677246,13.479999542236328,13.789999961853027,45070000
2023-04-19,10.115443229675293,13.390000343322754,13.5600004196167,13.350000381469727,13.5,45391200
2023-04-20,10.206095695495605,13.510000228881836,13.520000457763672,13.15999984741211,13.420000076293945,61683400
2023-04-24,10.122992515563965,13.399999618530273,13.640000343322754,13.3100004196167,13.479999542236328,30197500
2023-04-25,10.349629402160645,13.699999809265137,13.720000267028809,13.270000457763672,13.270000457763672,66333300
2023-04-26,10.198541641235352,13.5,13.770000457763672,13.460000038146973,13.600000381469727,29344200
2023-04-27,10.394957542419434,13.760000228881836,13.819999694824219,13.489999771118164,13.529999732971191,66471700
2023-04-28,10.462945938110352,13.850000381469727,13.979999542236328,13.600000381469727,13.789999961853027,34292000
2023-05-02,10.311857223510742,13.649999618530273,13.890000343322754,13.430000305175781,13.869999885559082,76570500
2023-05-03,10.401862144470215,13.75,13.829999923706055,13.359999656677246,13.550000190734863,37376800
2023-05-04,10.643941879272461,14.069999694824219,14.220000267028809,13.819999694824219,13.819999694824219,71085400
2023-05-05,11.173490524291992,14.770000457763672,14.9399995803833,13.890000343322754,14.0600004196167,113562200
2023-05-08,11.589568138122559,15.319999694824219,15.420000076293945,14.819999694824219,14.819999694824219,119305500
2023-05-09,11.476092338562012,15.170000076293945,15.619999885559082,15.09000015258789,15.180000305175781,63086800
2023-05-10,11.498786926269531,15.199999809265137,15.279999732971191,15.020000457763672,15.149999618530273,34391600
2023-05-11,11.650084495544434,15.399999618530273,15.489999771118164,15.0600004196167,15.109999656677246,38711200
2023-05-12,11.703038215637207,15.470000267028809,15.529999732971191,15.239999771118164,15.25,33331100
2023-05-15,11.884599685668945,15.710000038146973,15.760000228881836,15.420000076293945,15.550000190734863,44270100
2023-05-16,11.89216423034668,15.720000267028809,15.869999885559082,15.539999961853027,15.670000076293945,29720900
2023-05-17,11.83920955657959,15.649999618530273,15.789999961853027,15.489999771118164,15.630000114440918,31306500
2023-05-18,11.877033233642578,15.699999809265137,15.739999771118164,15.510000228881836,15.600000381469727,30064600
2023-05-19,12.164505004882812,16.079999923706055,16.139999389648438,15.630000114440918,15.800000190734863,81459600
2023-05-22,12.043465614318848,15.920000076293945,16.290000915527344,15.899999618530273,16.049999237060547,24901500
2023-05-23,12.14181137084961,16.049999237060547,16.479999542236328,15.90999984741211,15.930000305175781,65141600
2023-05-24,11.771121978759766,15.5600004196167,15.989999771118164,15.449999809265137,15.960000038146973,84758000
2023-05-25,12.194762229919434,16.1200008392334,16.25,15.729999542236328,15.770000457763672,57019700
2023-05-26,12.194762229919434,16.1200008392334,16.5,15.960000038146973,16.3700008392334,34702600
2023-05-29,12.209895133972168,16.139999389648438,16.200000762939453,16.0,16.1200008392334,11951700
2023-05-30,11.877033233642578,15.699999809265137,16.299999237060547,15.640000343322754,16.280000686645508,46546900
2023-05-31,11.73330020904541,15.510000228881836,15.779999732971191,15.510000228881836,15.609999656677246,48483600
2023-06-01,11.937555313110352,15.779999732971191,15.970000267028809,15.529999732971191,15.550000190734863,33499600
2023-06-02,11.951923370361328,15.779999732971191,15.779999732971191,15.779999732971191,15.779999732971191,0
2023-06-05,12.368500709533691,16.329999923706055,16.420000076293945,15.970000267028809,16.200000762939453,37490300
2023-06-06,12.565431594848633,16.59000015258789,16.6299991607666,16.3799991607666,16.399999618530273,33361400
2023-06-07,12.557854652404785,16.579999923706055,16.760000228881836,16.440000534057617,16.739999771118164,25890200
2023-06-09,12.76993179321289,16.860000610351562,16.940000534057617,16.649999618530273,16.670000076293945,34371000
2023-06-12,12.66388988494873,16.719999313354492,16.979999542236328,16.6200008392334,16.950000762939453,38493000
2023-06-13,12.67903995513916,16.739999771118164,16.920000076293945,16.639999389648438,16.719999313354492,45002300
2023-06-14,12.762358665466309,16.850000381469727,16.959999084472656,16.59000015258789,16.84000015258789,60815500
2023-06-15,12.800224304199219,16.899999618530273,17.030000686645508,16.770000457763672,16.850000381469727,29023000
2023-06-16,12.838099479675293,16.950000762939453,17.020000457763672,16.770000457763672,16.8799991607666,41296400
2023-06-19,13.065316200256348,17.25,17.280000686645508,16.950000762939453,16.979999542236328,21307100
2023-06-20,13.09561538696289,17.290000915527344,17.290000915527344,17.059999465942383,17.190000534057617,28404300
2023-06-21,13.065316200256348,17.25,17.5,17.139999389648438,17.290000915527344,32294600
2023-06-22,12.724486351013184,16.799999237060547,17.15999984741211,16.68000030517578,17.110000610351562,36675900
2023-06-23,12.565431594848633,16.59000015258789,16.850000381469727,16.450000762939453,16.809999465942383,43608700
2023-06-26,12.504837036132812,16.510000228881836,16.760000228881836,16.299999237060547,16.600000381469727,36850700
2023-06-27,12.548450469970703,16.3700008392334,16.510000228881836,16.0,16.510000228881836,38301600
2023-06-28,12.341480255126953,16.100000381469727,16.350000381469727,15.989999771118164,16.329999923706055,48492800
2023-06-29,12.395136833190918,16.170000076293945,16.239999771118164,15.970000267028809,16.100000381469727,40903300
2023-06-30,12.60977554321289,16.450000762939453,16.6299991607666,16.309999465942383,16.309999465942383,41639400
2023-07-03,12.770750999450684,16.65999984741211,16.709999084472656,16.469999313354492,16.600000381469727,17915500
2023-07-04,12.693222045898438,16.540000915527344,16.649999618530273,16.489999771118164,16.59000015258789,10908500
2023-07-05,12.716243743896484,16.56999969482422,16.700000762939453,16.450000762939453,16.469999313354492,19944300
2023-07-06,12.409271240234375,16.170000076293945,16.5,16.110000610351562,16.43000030517578,40277700
2023-07-07,12.493691444396973,16.280000686645508,16.469999313354492,16.200000762939453,16.260000228881836,21703000
2023-07-10,12.50136661529541,16.290000915527344,16.399999618530273,16.18000030517578,16.34000015258789,19191400
2023-07-11,12.509040832519531,16.299999237060547,16.389999389648438,15.899999618530273,16.299999237060547,30173500
2023-07-12,12.393924713134766,16.149999618530273,16.440000534057617,16.139999389648438,16.3700008392334,18940500
2023-07-13,12.700897216796875,16.549999237060547,16.700000762939453,16.149999618530273,16.219999313354492,34783700
2023-07-14,12.60879898071289,16.43000030517578,16.690000534057617,16.280000686645508,16.610000610351562,30430600
2023-07-17,12.73927116394043,16.600000381469727,16.65999984741211,16.229999542236328,16.280000686645508,20090100
2023-07-18,12.716243743896484,16.56999969482422,16.760000228881836,16.479999542236328,16.65999984741211,22381500
2023-07-19,12.670199394226074,16.510000228881836,16.670000076293945,16.3799991607666,16.5,24524300
2023-07-20,12.677877426147461,16.520000457763672,16.690000534057617,16.40999984741211,16.670000076293945,47691600
2023-07-21,13.092284202575684,17.059999465942383,17.06999969482422,16.489999771118164,16.489999771118164,43331100
2023-07-24,12.73927116394043,16.600000381469727,17.15999984741211,16.479999542236328,17.059999465942383,62342600
2023-07-25,12.693222045898438,16.540000915527344,16.760000228881836,16.329999923706055,16.700000762939453,45514000
2023-07-26,12.823680877685547,16.709999084472656,16.739999771118164,16.3799991607666,16.489999771118164,22666000
2023-07-27,12.532062530517578,16.329999923706055,16.780000686645508,16.290000915527344,16.709999084472656,30083400
2023-07-28,12.670199394226074,16.510000228881836,16.6299991607666,16.309999465942383,16.360000610351562,25809200
2023-07-31,12.78531265258789,16.65999984741211,16.729999542236328,16.530000686645508,16.6200008392334,22318100
2023-08-01,12.754615783691406,16.6200008392334,16.690000534057617,16.420000076293945,16.579999923706055,26649900
2023-08-02,12.807609558105469,16.670000076293945,16.850000381469727,16.459999084472656,16.5,34593700
2023-08-03,12.715413093566895,16.549999237060547,17.020000457763672,16.489999771118164,16.899999618530273,52594900
2023-08-04,11.870280265808105,15.449999809265137,16.079999923706055,15.399999618530273,15.829999923706055,150660800
2023-08-07,11.7857666015625,15.34000015258789,15.729999542236328,15.260000228881836,15.5,45283000
2023-08-08,11.839546203613281,15.40999984741211,15.539999961853027,15.130000114440918,15.229999542236328,32711600
2023-08-09,11.778083801269531,15.329999923706055,15.40999984741211,15.100000381469727,15.40999984741211,37143300
2023-08-10,11.877962112426758,15.460000038146973,15.619999885559082,15.359999656677246,15.430000305175781,27521100
2023-08-11,11.808815956115723,15.369999885559082,15.569999694824219,15.279999732971191,15.5,44038100
2023-08-14,11.74734878540039,15.289999961853027,15.369999885559082,15.180000305175781,15.3100004196167,27965700
2023-08-15,11.778083801269531,15.329999923706055,15.380000114440918,15.149999618530273,15.350000381469727,30300300
2023-08-16,11.716617584228516,15.25,15.529999732971191,15.199999809265137,15.34000015258789,40641100
2023-08-17,11.593689918518066,15.09000015258789,15.319999694824219,14.949999809265137,15.319999694824219,49707800
2023-08-18,11.670519828796387,15.1899995803833,15.229999542236328,14.989999771118164,15.0600004196167,24526300
2023-08-21,11.586009979248047,15.079999923706055,15.199999809265137,14.979999542236328,15.1899995803833,18689900
2023-08-22,11.662836074829102,15.180000305175781,15.220000267028809,15.050000190734863,15.149999618530273,25653900
2023-08-23,11.824182510375977,15.390000343322754,15.430000305175781,15.09000015258789,15.170000076293945,26483400
2023-08-24,11.539907455444336,15.020000457763672,15.4399995803833,14.960000038146973,15.4399995803833,28986200
2023-08-25,11.393935203552246,14.829999923706055,15.100000381469727,14.739999771118164,15.069999694824219,21558900
2023-08-28,11.762718200683594,15.3100004196167,15.430000305175781,14.789999961853027,14.850000381469727,41896500
2023-08-29,11.90101146697998,15.489999771118164,15.720000267028809,15.329999923706055,15.399999618530273,28648200
2023-08-30,11.647472381591797,15.15999984741211,15.539999961853027,15.119999885559082,15.520000457763672,24566600
2023-08-31,11.486129760742188,14.949999809265137,15.130000114440918,14.859999656677246,15.109999656677246,47366800
2023-09-01,11.51685905456543,14.989999771118164,15.170000076293945,14.9399995803833,15.050000190734863,20774500
2023-09-04,11.462223052978516,14.899999618530273,15.039999961853027,14.8100004196167,14.9399995803833,12793700
2023-09-05,11.216053009033203,14.579999923706055,14.869999885559082,14.569999694824219,14.869999885559082,38596300
2023-09-06,11.062195777893066,14.380000114440918,14.670000076293945,14.369999885559082,14.65999984741211,30673700
2023-09-08,11.062195777893066,14.380000114440918,14.630000114440918,14.210000038146973,14.350000381469727,26255000
2023-09-11,11.269903182983398,14.649999618530273,14.75,14.430000305175781,14.520000457763672,27501400
2023-09-12,11.40837287902832,14.829999923706055,14.859999656677246,14.609999656677246,14.670000076293945,30070000
2023-09-13,11.454527854919434,14.890000343322754,15.0,14.739999771118164,14.789999961853027,38146100
2023-09-14,11.500686645507812,14.949999809265137,15.069999694824219,14.880000114440918,14.949999809265137,38099300
2023-09-15,11.47761058807373,14.920000076293945,15.0,14.789999961853027,14.90999984741211,38634100
2023-09-18,11.47761058807373,14.920000076293945,14.979999542236328,14.75,14.960000038146973,16752200
2023-09-19,11.346830368041992,14.75,14.90999984741211,14.670000076293945,14.869999885559082,25653600
2023-09-20,11.392988204956055,14.8100004196167,14.9399995803833,14.6899995803833,14.819999694824219,29633200
2023-09-21,10.969879150390625,14.260000228881836,14.609999656677246,14.199999809265137,14.5600004196167,52192300
2023-09-22,10.88526439666748,14.149999618530273,14.380000114440918,14.130000114440918,14.350000381469727,39166700
2023-09-25,10.854494094848633,14.109999656677246,14.260000228881836,14.0600004196167,14.15999984741211,29657400
2023-09-26,10.739102363586426,13.960000038146973,14.09000015258789,13.90999984741211,14.09000015258789,35395500
2023-09-27,10.708329200744629,13.920000076293945,14.270000457763672,13.84000015258789,13.989999771118164,41531600
2023-09-28,10.962190628051758,14.25,14.300000190734863,13.890000343322754,13.920000076293945,29948700
2023-09-29,11.000656127929688,14.300000190734863,14.380000114440918,14.140000343322754,14.329999923706055,20641500
2023-10-02,10.846800804138184,14.100000381469727,14.399999618530273,14.050000190734863,14.319999694824219,22179800
2023-10-03,10.715058326721191,13.90999984741211,14.09000015258789,13.869999885559082,14.039999961853027,23190500
2023-10-04,11.077103614807129,14.380000114440918,14.4399995803833,13.890000343322754,13.949999809265137,45563700
2023-10-05,11.123321533203125,14.4399995803833,14.739999771118164,14.300000190734863,14.640000343322754,40153400
2023-10-06,11.14643383026123,14.470000267028809,14.529999732971191,14.069999694824219,14.300000190734863,29367600
2023-10-09,11.04629135131836,14.34000015258789,14.40999984741211,14.199999809265137,14.399999618530273,20940600
2023-10-10,11.169543266296387,14.5,14.600000381469727,14.34000015258789,14.399999618530273,21013500
2023-10-11,11.331306457519531,14.710000038146973,14.720000267028809,14.380000114440918,14.479999542236328,31695400
2023-10-13,11.161840438842773,14.489999771118164,14.739999771118164,14.470000267028809,14.649999618530273,31324400
2023-10-16,11.277389526367188,14.640000343322754,14.720000267028809,14.470000267028809,14.579999923706055,24351900
2023-10-17,11.161840438842773,14.489999771118164,14.680000305175781,14.399999618530273,14.539999961853027,27989500
2023-10-18,11.061697959899902,14.359999656677246,14.59000015258789,14.329999923706055,14.420000076293945,32347600
2023-10-19,11.115619659423828,14.430000305175781,14.640000343322754,14.289999961853027,14.34000015258789,24267000
2023-10-20,10.907634735107422,14.15999984741211,14.510000228881836,14.15999984741211,14.399999618530273,29052700
2023-10-23,10.923041343688965,14.180000305175781,14.289999961853027,14.119999885559082,14.149999618530273,25208300
2023-10-24,10.923041343688965,14.180000305175781,14.399999618530273,14.020000457763672,14.300000190734863,35238200
2023-10-25,10.892232894897461,14.140000343322754,14.65999984741211,14.100000381469727,14.359999656677246,44133500
2023-10-26,11.169543266296387,14.5,14.520000457763672,14.109999656677246,14.1899995803833,52455700
2023-10-27,11.053997039794922,14.350000381469727,14.619999885559082,14.229999542236328,14.470000267028809,43153700
2023-10-30,10.930746078491211,14.1899995803833,14.479999542236328,14.100000381469727,14.430000305175781,37855700
2023-10-31,10.776683807373047,13.989999771118164,14.1899995803833,13.949999809265137,14.1899995803833,32793200
2023-11-01,10.876825332641602,14.119999885559082,14.1899995803833,13.960000038146973,14.0,42471800
2023-11-03,11.392841339111328,14.770000457763672,14.880000114440918,14.369999885559082,14.479999542236328,70577700
2023-11-06,11.385125160217285,14.760000228881836,14.890000343322754,14.609999656677246,14.869999885559082,23949400
2023-11-07,11.685951232910156,15.149999618530273,15.279999732971191,14.699999809265137,14.75,80300200
2023-11-08,11.747657775878906,15.229999542236328,15.3100004196167,15.010000228881836,15.149999618530273,33468600
2023-11-09,11.770798683166504,15.260000228881836,15.5,14.989999771118164,15.25,45228200
2023-11-10,11.601102828979492,15.039999961853027,15.119999885559082,14.6899995803833,14.869999885559082,66453700
2023-11-13,11.369694709777832,14.739999771118164,15.039999961853027,14.619999885559082,14.930000305175781,47338000
2023-11-14,11.608814239501953,15.050000190734863,15.09000015258789,14.710000038146973,14.800000190734863,42559800
2023-11-16,12.009915351867676,15.569999694824219,15.569999694824219,15.050000190734863,15.09000015258789,60626800
2023-11-17,11.90192699432373,15.430000305175781,15.600000381469727,15.350000381469727,15.569999694824219,34543100
2023-11-20,11.932781219482422,15.470000267028809,15.489999771118164,15.289999961853027,15.4399995803833,26702200
2023-11-21,11.886503219604492,15.40999984741211,15.529999732971191,15.319999694824219,15.460000038146973,17047900
2023-11-22,12.133333206176758,15.729999542236328,15.890000343322754,15.430000305175781,15.510000228881836,39082200
2023-11-23,12.45729923248291,16.149999618530273,16.649999618530273,16.1200008392334,16.3799991607666,70385300
2023-11-24,12.465012550354004,16.15999984741211,16.239999771118164,16.010000228881836,16.06999969482422,28854100
2023-11-27,12.387877464294434,16.059999465942383,16.229999542236328,15.960000038146973,16.18000030517578,25263900
2023-11-28,12.503581047058105,16.209999084472656,16.280000686645508,15.930000305175781,16.020000457763672,43584200
2023-11-29,12.441873550415039,16.1299991607666,16.489999771118164,16.1200008392334,16.3700008392334,36063500
2023-11-30,12.549860000610352,16.270000457763672,16.329999923706055,16.1299991607666,16.149999618530273,54061000
2023-12-01,12.588432312011719,16.31999969482422,16.34000015258789,16.100000381469727,16.299999237060547,43911800
2023-12-04,12.494969367980957,16.18000030517578,16.389999389648438,16.1200008392334,16.219999313354492,24320200
2023-12-05,12.610806465148926,16.329999923706055,16.43000030517578,16.170000076293945,16.25,33186200
2023-12-06,12.479525566101074,16.15999984741211,16.469999313354492,16.149999618530273,16.3700008392334,33542000
2023-12-07,12.510414123535156,16.200000762939453,16.309999465942383,16.09000015258789,16.25,26382800
2023-12-08,12.711195945739746,16.459999084472656,16.559999465942383,16.049999237060547,16.229999542236328,40696300
2023-12-11,12.610806465148926,16.329999923706055,16.510000228881836,16.270000457763672,16.3799991607666,17300300
2023-12-12,12.54902458190918,16.25,16.56999969482422,16.15999984741211,16.549999237060547,114069600
2023-12-13,13.097321510314941,16.959999084472656,17.010000228881836,16.25,16.280000686645508,73283800
2023-12-14,13.321277618408203,17.25,17.389999389648438,16.979999542236328,17.0,62827600
2023-12-15,13.452556610107422,17.420000076293945,17.510000228881836,17.229999542236328,17.239999771118164,74469300
2023-12-18,13.552945137023926,17.549999237060547,17.649999618530273,17.280000686645508,17.540000915527344,68532600
2023-12-19,13.552945137023926,17.549999237060547,17.739999771118164,17.389999389648438,17.549999237060547,31387900
2023-12-20,13.328996658325195,17.260000228881836,17.540000915527344,17.260000228881836,17.510000228881836,28935500
2023-12-21,13.336722373962402,17.270000457763672,17.479999542236328,17.149999618530273,17.420000076293945,30227000
2023-12-22,13.53695011138916,16.829999923706055,16.920000076293945,16.540000915527344,16.719999313354492,36672400
2023-12-26,13.577163696289062,16.8799991607666,16.93000030517578,16.799999237060547,16.829999923706055,13390200
2023-12-27,13.657601356506348,16.979999542236328,17.059999465942383,16.739999771118164,16.850000381469727,17838700
2023-12-28,13.74608039855957,17.09000015258789,17.1299991607666,16.950000762939453,17.0,14852700
2024-01-02,13.47260856628418,16.75,17.010000228881836,16.670000076293945,16.950000762939453,31715700
2024-01-03,13.487884521484375,16.75,16.940000534057617,16.65999984741211,16.690000534057617,20470600
2024-01-04,13.302680969238281,16.520000457763672,16.850000381469727,16.520000457763672,16.760000228881836,31294000
2024-01-05,13.592560768127441,16.8799991607666,16.959999084472656,16.450000762939453,16.520000457763672,30772400
2024-01-08,13.487884521484375,16.75,16.969999313354492,16.739999771118164,16.8799991607666,21044300
2024-01-09,13.12552547454834,16.299999237060547,16.549999237060547,16.229999542236328,16.510000228881836,49479300
2024-01-10,12.900056838989258,16.020000457763672,16.34000015258789,16.010000228881836,16.25,39455700
2024-01-11,12.835634231567383,15.9399995803833,16.1299991607666,15.859999656677246,16.0,30915500
2024-01-12,12.730955123901367,15.8100004196167,16.020000457763672,15.710000038146973,15.899999618530273,39595400
2024-01-15,12.779264450073242,15.869999885559082,15.890000343322754,15.649999618530273,15.75,11765400
2024-01-16,12.666529655456543,15.729999542236328,15.880000114440918,15.630000114440918,15.869999885559082,48307800
2024-01-17,12.690692901611328,15.760000228881836,15.890000343322754,15.65999984741211,15.710000038146973,35712900
2024-01-18,12.618218421936035,15.670000076293945,15.819999694824219,15.460000038146973,15.819999694824219,42665600
2024-01-19,12.594060897827148,15.640000343322754,15.770000457763672,15.4399995803833,15.699999809265137,61792500
2024-01-22,12.449115753173828,15.460000038146973,15.770000457763672,15.319999694824219,15.649999618530273,30906700
2024-01-23,12.384697914123535,15.380000114440918,15.5600004196167,15.329999923706055,15.550000190734863,37294600
2024-01-24,12.336382865905762,15.319999694824219,15.539999961853027,15.25,15.4399995803833,36308700
2024-01-25,12.368593215942383,15.359999656677246,15.449999809265137,15.300000190734863,15.34000015258789,30256900
2024-01-26,12.497429847717285,15.520000457763672,15.619999885559082,15.350000381469727,15.399999618530273,22825700
2024-01-29,12.384697914123535,15.380000114440918,15.520000457763672,15.34000015258789,15.5,17302700
2024-01-30,12.296120643615723,15.270000457763672,15.510000228881836,15.270000457763672,15.399999618530273,35419800
2024-01-31,12.360536575317383,15.350000381469727,15.59000015258789,15.220000267028809,15.25,32956700
2024-02-01,12.336382865905762,15.319999694824219,15.449999809265137,15.119999885559082,15.399999618530273,32717300
2024-02-02,12.351680755615234,15.319999694824219,15.430000305175781,15.069999694824219,15.300000190734863,41476600
2024-02-05,12.601615905761719,15.630000114440918,15.670000076293945,15.319999694824219,15.319999694824219,31582200
2024-02-06,13.383674621582031,16.600000381469727,16.639999389648438,15.6899995803833,15.789999961853027,99040100
2024-02-07,11.255187034606934,13.960000038146973,15.579999923706055,13.869999885559082,15.350000381469727,341120300
2024-02-08,10.932689666748047,13.5600004196167,14.069999694824219,13.359999656677246,13.880000114440918,156143100
2024-02-09,10.852060317993164,13.460000038146973,13.75,13.180000305175781,13.65999984741211,99727200
2024-02-14,10.779501914978027,13.369999885559082,13.539999961853027,13.220000267028809,13.420000076293945,46804300
2024-02-15,10.827873229980469,13.430000305175781,13.630000114440918,13.380000114440918,13.460000038146973,49860300
2024-02-16,10.86818790435791,13.479999542236328,13.619999885559082,13.350000381469727,13.520000457763672,55291600
2024-02-19,11.0052490234375,13.649999618530273,13.699999809265137,13.390000343322754,13.5,28026600
2024-02-20,11.263248443603516,13.970000267028809,14.020000457763672,13.630000114440918,13.699999809265137,85230500
2024-02-21,11.222935676574707,13.920000076293945,14.010000228881836,13.779999732971191,14.0,43236100
2024-02-22,11.287437438964844,14.0,14.109999656677246,13.90999984741211,13.960000038146973,42741200
2024-02-23,11.142308235168457,13.819999694824219,14.100000381469727,13.770000457763672,14.029999732971191,34751100
2024-02-26,11.126189231872559,13.800000190734863,13.850000381469727,13.65999984741211,13.850000381469727,21888800
2024-02-27,11.303561210632324,14.020000457763672,14.140000343322754,13.819999694824219,13.899999618530273,45546800
2024-02-28,11.255187034606934,13.960000038146973,14.100000381469727,13.880000114440918,13.989999771118164,22066700
2024-02-29,11.085874557495117,13.75,13.949999809265137,13.569999694824219,13.930000305175781,62632200
2024-03-01,11.126189231872559,13.800000190734863,13.859999656677246,13.6899995803833,13.789999961853027,29511700
2024-03-04,11.020401954650879,13.649999618530273,13.829999923706055,13.630000114440918,13.779999732971191,31807800
2024-03-05,11.07691764831543,13.720000267028809,13.8100004196167,13.579999923706055,13.65999984741211,31456000
2024-03-06,11.157654762268066,13.819999694824219,14.010000228881836,13.75,13.800000190734863,31614900
2024-03-07,11.109213829040527,13.760000228881836,13.869999885559082,13.699999809265137,13.829999923706055,21462000
2024-03-08,11.17380142211914,13.84000015258789,13.960000038146973,13.670000076293945,13.739999771118164,31663900
2024-03-11,11.238389015197754,13.920000076293945,13.970000267028809,13.779999732971191,13.8100004196167,27118300
2024-03-12,11.375642776489258,14.09000015258789,14.15999984741211,13.90999984741211,13.949999809265137,42760600
2024-03-13,11.496745109558105,14.239999771118164,14.399999618530273,14.079999923706055,14.09000015258789,25253000
2024-03-14,11.569401741027832,14.329999923706055,14.390000343322754,14.180000305175781,14.239999771118164,41564200
2024-03-15,11.3917875289917,14.109999656677246,14.390000343322754,14.100000381469727,14.34000015258789,30908700
2024-03-18,11.464447975158691,14.199999809265137,14.270000457763672,14.119999885559082,14.199999809265137,15035500
2024-03-19,11.399860382080078,14.119999885559082,14.300000190734863,14.079999923706055,14.25,16792800
2024-03-20,11.545185089111328,14.300000190734863,14.319999694824219,14.100000381469727,14.130000114440918,35020600
2024-03-21,11.416007995605469,14.140000343322754,14.3100004196167,14.109999656677246,14.300000190734863,19771200
2024-03-22,11.270681381225586,13.960000038146973,14.15999984741211,13.859999656677246,14.130000114440918,28438800
2024-03-25,11.254537582397461,13.9399995803833,14.069999694824219,13.84000015258789,13.9399995803833,31920500
2024-03-26,11.416007995605469,14.140000343322754,14.199999809265137,13.890000343322754,13.90999984741211,19219400
2024-03-27,11.5936279296875,14.359999656677246,14.460000038146973,14.029999732971191,14.140000343322754,35882600
2024-03-28,11.512887954711914,14.260000228881836,14.479999542236328,14.220000267028809,14.359999656677246,25925000
2024-04-01,11.40793228149414,14.130000114440918,14.390000343322754,14.039999961853027,14.359999656677246,24308100
2024-04-02,11.471780776977539,14.1899995803833,14.3100004196167,14.050000190734863,14.109999656677246,24862500
2024-04-03,11.698147773742676,14.470000267028809,14.579999923706055,14.09000015258789,14.199999809265137,50953400
2024-04-04,11.770904541015625,14.5600004196167,14.880000114440918,14.520000457763672,14.520000457763672,53741700
2024-04-05,11.738568305969238,14.520000457763672,14.640000343322754,14.40999984741211,14.579999923706055,18774100
2024-04-08,11.819411277770996,14.619999885559082,14.779999732971191,14.529999732971191,14.5600004196167,23453800
2024-04-09,11.892170906066895,14.710000038146973,14.8100004196167,14.619999885559082,14.670000076293945,23248900
2024-04-10,11.641551971435547,14.399999618530273,14.710000038146973,14.359999656677246,14.680000305175781,28689800
2024-04-11,11.63347053527832,14.390000343322754,14.4399995803833,14.229999542236328,14.359999656677246,20195300
2024-04-12,11.487951278686523,14.210000038146973,14.369999885559082,14.130000114440918,14.350000381469727,22530800
2024-04-15,11.318177223205566,14.0,14.289999961853027,13.949999809265137,14.25,30053000
2024-04-16,11.237332344055176,13.899999618530273,14.020000457763672,13.84000015258789,13.930000305175781,39993200
2024-04-17,11.180741310119629,13.829999923706055,13.970000267028809,13.680000305175781,13.930000305175781,27611500
2024-04-18,11.132234573364258,13.770000457763672,13.949999809265137,13.670000076293945,13.850000381469727,40788000
2024-04-19,11.027139663696289,13.640000343322754,13.800000190734863,13.609999656677246,13.720000267028809,49864000
2024-04-22,10.978632926940918,13.579999923706055,13.75,13.539999961853027,13.699999809265137,24572300
2024-04-23,11.051393508911133,13.670000076293945,13.75,13.470000267028809,13.5,29567700
2024-04-24,11.051393508911133,13.670000076293945,13.720000267028809,13.529999732971191,13.699999809265137,21669200
2024-04-25,11.043309211730957,13.65999984741211,13.779999732971191,13.609999656677246,13.649999618530273,18043100
2024-04-26,11.221160888671875,13.880000114440918,14.0,13.699999809265137,13.739999771118164,23755300
2024-04-29,11.366682052612305,14.0600004196167,14.0600004196167,13.84000015258789,13.890000343322754,25762000
2024-04-30,11.318177223205566,14.0,14.279999732971191,13.899999618530273,14.100000381469727,60459200
2024-05-02,11.188825607299805,13.84000015258789,14.319999694824219,13.680000305175781,14.319999694824219,79939800
2024-05-03,11.155613899230957,13.779999732971191,14.0600004196167,13.670000076293945,13.979999542236328,61196700
2024-05-06,11.147521018981934,13.770000457763672,13.84000015258789,13.6899995803833,13.770000457763672,30205500
2024-05-07,11.147521018981934,13.770000457763672,13.850000381469727,13.710000038146973,13.800000190734863,30097000
2024-05-08,11.171806335449219,13.800000190734863,13.84000015258789,13.5600004196167,13.6899995803833,23271100
2024-05-09,10.888463973999023,13.449999809265137,13.670000076293945,13.359999656677246,13.649999618530273,60548200
2024-05-10,10.82369613647461,13.369999885559082,13.579999923706055,13.350000381469727,13.449999809265137,38379100
2024-05-13,10.872271537780762,13.430000305175781,13.460000038146973,13.319999694824219,13.399999618530273,21216600
2024-05-14,10.864176750183105,13.420000076293945,13.479999542236328,13.270000457763672,13.430000305175781,41886100
2024-05-15,10.758934020996094,13.289999961853027,13.399999618530273,13.229999542236328,13.399999618530273,31232700
2024-05-16,10.815603256225586,13.359999656677246,13.399999618530273,13.239999771118164,13.350000381469727,30538600
2024-05-17,10.872271537780762,13.430000305175781,13.510000228881836,13.279999732971191,13.329999923706055,31448500
2024-05-20,10.791315078735352,13.329999923706055,13.449999809265137,13.319999694824219,13.399999618530273,27043700
2024-05-21,10.84798526763916,13.399999618530273,13.460000038146973,13.3100004196167,13.350000381469727,26225200
2024-05-22,10.605117797851562,13.100000381469727,13.350000381469727,13.100000381469727,13.329999923706055,36303200
2024-05-23,10.427019119262695,12.880000114440918,13.149999618530273,12.829999923706055,13.119999885559082,47524300
2024-05-24,10.499879837036133,12.970000267028809,13.050000190734863,12.869999885559082,12.920000076293945,34080500
2024-05-27,10.467496871948242,12.930000305175781,13.029999732971191,12.899999618530273,12.949999809265137,11028300
2024-05-28,10.459402084350586,12.920000076293945,13.069999694824219,12.859999656677246,13.0600004196167,26207100
2024-05-29,10.35416030883789,12.789999961853027,12.850000381469727,12.649999618530273,12.84000015258789,29552400
2024-05-31,10.257014274597168,12.670000076293945,12.880000114440918,12.670000076293945,12.779999732971191,50760400
2024-06-03,10.321775436401367,12.75,12.850000381469727,12.65999984741211,12.720000267028809,30299600
2024-06-04,10.418237686157227,12.850000381469727,12.930000305175781,12.619999885559082,12.729999542236328,44292600
2024-06-05,10.361483573913574,12.779999732971191,12.90999984741211,12.739999771118164,12.84000015258789,23783000
2024-06-06,10.580388069152832,13.050000190734863,13.069999694824219,12.760000228881836,12.819999694824219,26997300
2024-06-07,10.499314308166504,12.949999809265137,13.109999656677246,12.920000076293945,12.989999771118164,131901800
2024-06-10,10.426342964172363,12.859999656677246,12.979999542236328,12.819999694824219,12.949999809265137,24749200
2024-06-11,10.483098030090332,12.930000305175781,13.010000228881836,12.880000114440918,12.90999984741211,24693700
2024-06-12,10.288511276245117,12.6899995803833,13.010000228881836,12.649999618530273,12.970000267028809,59033400
2024-06-13,10.296624183654785,12.699999809265137,12.850000381469727,12.680000305175781,12.699999809265137,42051200
2024-06-14,10.402019500732422,12.829999923706055,12.859999656677246,12.630000114440918,12.720000267028809,43737800
2024-06-17,10.51552963256836,12.970000267028809,13.010000228881836,12.8100004196167,12.850000381469727,59437200
2024-06-18,10.352509498596191,12.380000114440918,12.75,12.34000015258789,12.6899995803833,39586800
2024-06-19,10.402682304382324,12.4399995803833,12.460000038146973,12.180000305175781,12.399999618530273,29600400
2024-06-20,10.37759780883789,12.40999984741211,12.579999923706055,12.329999923706055,12.5,33487200
2024-06-21,10.369235038757324,12.399999618530273,12.5,12.329999923706055,12.329999923706055,63797400
2024-06-24,10.402682304382324,12.4399995803833,12.569999694824219,12.369999885559082,12.449999809265137,29037500
2024-06-25,10.319061279296875,12.34000015258789,12.449999809265137,12.3100004196167,12.449999809265137,26896300
2024-06-26,10.344147682189941,12.369999885559082,12.369999885559082,12.140000343322754,12.289999961853027,35848900
2024-06-27,10.385955810546875,12.420000076293945,12.460000038146973,12.270000457763672,12.390000343322754,20010000
2024-06-28,10.352509498596191,12.380000114440918,12.479999542236328,12.3100004196167,12.420000076293945,31675700
2024-07-01,10.26052474975586,12.270000457763672,12.479999542236328,12.229999542236328,12.430000305175781,18567800
2024-07-02,10.242914199829102,12.229999542236328,12.34000015258789,12.199999809265137,12.260000228881836,26562800
2024-07-03,10.276418685913086,12.270000457763672,12.380000114440918,12.229999542236328,12.319999694824219,31060900
2024-07-04,10.318291664123535,12.319999694824219,12.380000114440918,12.239999771118164,12.380000114440918,13768400
2024-07-05,10.435544967651367,12.460000038146973,12.5,12.25,12.34000015258789,41410800
2024-07-08,10.435544967651367,12.460000038146973,12.609999656677246,12.380000114440918,12.40999984741211,33661100
2024-07-09,10.435544967651367,12.460000038146973,12.5600004196167,12.350000381469727,12.420000076293945,18579400
2024-07-10,10.611424446105957,12.670000076293945,12.720000267028809,12.489999771118164,12.550000190734863,32909900
2024-07-11,10.611424446105957,12.670000076293945,12.789999961853027,12.609999656677246,12.720000267028809,35308200
2024-07-12,10.586299896240234,12.640000343322754,12.680000305175781,12.579999923706055,12.680000305175781,28892700
2024-07-15,10.561171531677246,12.609999656677246,12.699999809265137,12.579999923706055,12.680000305175781,18471500
2024-07-16,10.594674110412598,12.649999618530273,12.6899995803833,12.539999961853027,12.619999885559082,28351100
2024-07-17,10.720303535461426,12.800000190734863,12.800000190734863,12.609999656677246,12.640000343322754,23144800
2024-07-18,10.519299507141113,12.5600004196167,12.800000190734863,12.5600004196167,12.760000228881836,22829000
2024-07-19,10.460673332214355,12.489999771118164,12.699999809265137,12.489999771118164,12.649999618530273,31721300
2024-07-22,10.577922821044922,12.630000114440918,12.670000076293945,12.510000228881836,12.539999961853027,20828400
2024-07-23,10.502549171447754,12.539999961853027,12.630000114440918,12.510000228881836,12.609999656677246,22575300
2024-07-24,10.5109224319458,12.550000190734863,12.649999618530273,12.510000228881836,12.579999923706055,17329000
2024-07-25,10.34341812133789,12.350000381469727,12.5600004196167,12.34000015258789,12.510000228881836,27476800
2024-07-26,10.427172660827637,12.449999809265137,12.479999542236328,12.3100004196167,12.359999656677246,45675500
2024-07-29,10.469047546386719,12.5,12.520000457763672,12.350000381469727,12.449999809265137,20952000
2024-07-30,10.385293006896973,12.399999618530273,12.479999542236328,12.359999656677246,12.449999809265137,20995500
2024-07-31,10.410420417785645,12.430000305175781,12.479999542236328,12.380000114440918,12.399999618530273,32230200
2024-08-01,10.544422149658203,12.59000015258789,12.680000305175781,12.449999809265137,12.460000038146973,59113900
2024-08-02,10.610666275024414,12.649999618530273,12.75,12.520000457763672,12.65999984741211,57959900
2024-08-05,11.41590404510498,13.609999656677246,13.760000228881836,12.649999618530273,12.850000381469727,133145300
2024-08-06,11.79335880279541,14.0600004196167,14.180000305175781,13.800000190734863,13.859999656677246,104219100
2024-08-07,11.818524360656738,14.09000015258789,14.510000228881836,13.930000305175781,14.170000076293945,59096500
2024-08-08,11.952727317810059,14.25,14.390000343322754,14.0600004196167,14.079999923706055,44280800
2024-08-09,12.246308326721191,14.600000381469727,14.6899995803833,14.229999542236328,14.25,37787700
2024-08-12,12.330182075500488,14.699999809265137,14.739999771118164,14.5600004196167,14.619999885559082,24117200
2024-08-13,12.48116397857666,14.880000114440918,14.970000267028809,14.710000038146973,14.770000457763672,36761400
2024-08-14,12.590209007263184,15.010000228881836,15.119999885559082,14.850000381469727,14.850000381469727,53268600
2024-08-15,12.716025352478027,15.15999984741211,15.229999542236328,15.010000228881836,15.069999694824219,31738900
2024-08-16,12.556654930114746,14.970000267028809,15.289999961853027,14.850000381469727,15.229999542236328,49810300
2024-08-19,13.118646621704102,15.640000343322754,15.880000114440918,15.100000381469727,15.109999656677246,73702900
2024-08-20,13.168968200683594,15.699999809265137,15.789999961853027,15.40999984741211,15.760000228881836,30434800
2024-08-21,13.11025333404541,15.630000114440918,15.760000228881836,15.569999694824219,15.699999809265137,25842000
2024-08-22,13.017988204956055,15.520000457763672,15.630000114440918,15.470000267028809,15.579999923706055,33853100
2024-08-23,13.135419845581055,15.65999984741211,15.9399995803833,15.619999885559082,15.619999885559082,33620800
2024-08-26,13.093476295471191,15.609999656677246,15.6899995803833,15.569999694824219,15.65999984741211,13905900
2024-08-27,12.93410873413086,15.420000076293945,15.619999885559082,15.399999618530273,15.619999885559082,18690000
2024-08-28,13.143805503845215,15.670000076293945,15.770000457763672,15.170000076293945,15.300000190734863,27179000
2024-08-29,13.11025333404541,15.630000114440918,15.680000305175781,15.510000228881836,15.600000381469727,29559800
2024-08-30,13.118646621704102,15.640000343322754,15.670000076293945,15.489999771118164,15.539999961853027,51286000
2024-09-02,13.08509349822998,15.600000381469727,15.630000114440918,15.449999809265137,15.5,17133800
2024-09-03,13.226998329162598,15.75,15.890000343322754,15.600000381469727,15.600000381469727,26984600
2024-09-04,13.327775955200195,15.869999885559082,16.110000610351562,15.800000190734863,15.84000015258789,33458800
2024-09-05,13.44534969329834,16.010000228881836,16.149999618530273,15.779999732971191,15.829999923706055,29843800
2024-09-06,13.185007095336914,15.699999809265137,16.06999969482422,15.619999885559082,16.049999237060547,19284000
2024-09-09,13.226998329162598,15.75,15.880000114440918,15.670000076293945,15.699999809265137,16779800
2024-09-10,13.268990516662598,15.800000190734863,15.850000381469727,15.529999732971191,15.680000305175781,27410100
2024-09-11,13.11782455444336,15.619999885559082,15.829999923706055,15.579999923706055,15.789999961853027,19715400
2024-09-12,13.059036254882812,15.550000190734863,15.670000076293945,15.380000114440918,15.5600004196167,21793200
2024-09-13,13.059036254882812,15.550000190734863,15.770000457763672,15.399999618530273,15.5,27724900
2024-09-16,12.958259582519531,15.430000305175781,15.600000381469727,15.289999961853027,15.539999961853027,27880800
2024-09-17,12.874277114868164,15.329999923706055,15.380000114440918,15.220000267028809,15.350000381469727,34079400
2024-09-18,12.798693656921387,15.239999771118164,15.430000305175781,15.170000076293945,15.25,32088700
2024-09-19,12.622334480285645,15.029999732971191,15.300000190734863,14.989999771118164,15.300000190734863,38153100
2024-09-20,12.387187004089355,14.75,15.119999885559082,14.640000343322754,15.100000381469727,57966500
2024-09-23,12.068060874938965,14.369999885559082,14.680000305175781,14.329999923706055,14.680000305175781,45384200
2024-09-24,12.051264762878418,14.350000381469727,14.569999694824219,14.260000228881836,14.550000190734863,44927000
2024-09-25,12.126847267150879,14.4399995803833,14.529999732971191,14.350000381469727,14.399999618530273,44200800
2024-09-26,12.437576293945312,14.8100004196167,14.84000015258789,14.479999542236328,14.529999732971191,58564400
2024-09-27,12.546751022338867,14.9399995803833,15.15999984741211,14.729999542236328,14.779999732971191,44021100
2024-09-30,12.345197677612305,14.699999809265137,15.0,14.649999618530273,14.930000305175781,37058100
2024-10-01,12.504830360412598,14.6899995803833,14.819999694824219,14.510000228881836,14.619999885559082,29701400
2024-10-02,12.95570182800293,15.199999809265137,15.3100004196167,15.010000228881836,15.029999732971191,48598900
2024-10-03,12.81932544708252,15.039999961853027,15.210000038146973,14.9399995803833,15.100000381469727,34496900
2024-10-04,12.83637523651123,15.0600004196167,15.3100004196167,14.899999618530273,14.930000305175781,23637900
2024-10-07,12.95570182800293,15.199999809265137,15.430000305175781,15.119999885559082,15.199999809265137,28305600
2024-10-08,12.972750663757324,15.220000267028809,15.350000381469727,15.1899995803833,15.220000267028809,22407600
2024-10-09,12.71704387664795,14.920000076293945,15.199999809265137,14.829999923706055,15.119999885559082,31287500
2024-10-10,12.785233497619629,15.0,15.020000457763672,14.819999694824219,14.920000076293945,21996700
2024-10-11,12.614765167236328,14.800000190734863,15.0,14.729999542236328,14.979999542236328,35337900
2024-10-14,12.802278518676758,15.020000457763672,15.079999923706055,14.779999732971191,14.789999961853027,22762100
2024-10-15,12.913084983825684,15.149999618530273,15.239999771118164,15.010000228881836,15.050000190734863,29965600
2024-10-16,12.870469093322754,15.100000381469727,15.260000228881836,14.970000267028809,15.109999656677246,55542100
2024-10-17,12.95570182800293,15.199999809265137,15.289999961853027,14.869999885559082,14.9399995803833,29445500
2024-10-18,13.057985305786133,15.319999694824219,15.4399995803833,15.119999885559082,15.25,39996000
2024-10-21,13.023889541625977,15.279999732971191,15.399999618530273,15.229999542236328,15.359999656677246,22922500
2024-10-22,12.938654899597168,15.180000305175781,15.390000343322754,15.029999732971191,15.100000381469727,32416400
2024-10-23,12.8875150680542,15.119999885559082,15.180000305175781,14.9399995803833,15.050000190734863,19789900
2024-10-24,12.913084983825684,15.149999618530273,15.289999961853027,15.029999732971191,15.050000190734863,24512500
2024-10-25,12.725568771362305,14.930000305175781,15.210000038146973,14.869999885559082,15.15999984741211,31639200
2024-10-28,12.95570182800293,15.199999809265137,15.350000381469727,15.039999961853027,15.050000190734863,22941700
2024-10-29,12.768184661865234,14.979999542236328,15.390000343322754,14.960000038146973,15.289999961853027,32485200
2024-10-30,12.810802459716797,15.029999732971191,15.050000190734863,14.880000114440918,15.0,28738700
2024-10-31,12.24825382232666,14.369999885559082,14.720000267028809,14.25,14.5,84313700
2024-11-01,12.026640892028809,14.109999656677246,14.470000267028809,14.050000190734863,14.460000038146973,62202000
2024-11-04,12.04283618927002,14.109999656677246,14.300000190734863,13.9399995803833,14.199999809265137,34631600
2024-11-05,11.889209747314453,13.930000305175781,14.119999885559082,13.859999656677246,14.050000190734863,80715900
2024-11-06,11.786787986755371,13.8100004196167,13.850000381469727,13.550000190734863,13.789999961853027,61380900
2024-11-07,11.658761978149414,13.65999984741211,13.880000114440918,13.550000190734863,13.75,35235600
2024-11-08,11.53073787689209,13.510000228881836,13.5600004196167,13.359999656677246,13.550000190734863,44207900
2024-11-11,11.488064765930176,13.460000038146973,13.550000190734863,13.369999885559082,13.510000228881836,36639600
2024-11-12,11.428322792053223,13.390000343322754,13.489999771118164,13.319999694824219,13.489999771118164,30009000
2024-11-13,11.505134582519531,13.479999542236328,13.489999771118164,13.300000190734863,13.399999618530273,30372800
2024-11-14,11.547809600830078,13.529999732971191,13.710000038146973,13.350000381469727,13.489999771118164,38876900
2024-11-18,11.709975242614746,13.720000267028809,13.819999694824219,13.449999809265137,13.449999809265137,36262700
2024-11-19,11.795321464538574,13.819999694824219,13.880000114440918,13.65999984741211,13.710000038146973,20410500
2024-11-21,11.752649307250977,13.770000457763672,13.899999618530273,13.65999984741211,13.670000076293945,37207100
2024-11-22,11.778255462646484,13.800000190734863,13.850000381469727,13.65999984741211,13.84000015258789,20755200
2024-11-25,11.60755443572998,13.600000381469727,13.75,13.539999961853027,13.670000076293945,39191600
2024-11-26,11.684366226196289,13.6899995803833,13.859999656677246,13.5600004196167,13.619999885559082,26857200
2024-11-27,11.368572235107422,13.319999694824219,13.729999542236328,13.15999984741211,13.6899995803833,68995600
2024-11-28,10.890619277954102,12.760000228881836,13.329999923706055,12.75,13.300000190734863,57956800
2024-11-29,10.779664039611816,12.630000114440918,12.84000015258789,12.319999694824219,12.779999732971191,96013500
2024-12-02,10.549219131469727,12.359999656677246,12.640000343322754,12.300000190734863,12.600000381469727,65638300
2024-12-03,10.514152526855469,12.300000190734863,12.470000267028809,12.239999771118164,12.420000076293945,34013800
2024-12-04,10.633824348449707,12.4399995803833,12.510000228881836,12.270000457763672,12.279999732971191,33476400
2024-12-05,10.77914047241211,12.609999656677246,12.800000190734863,12.550000190734863,12.609999656677246,32611400
2024-12-06,10.531244277954102,12.319999694824219,12.619999885559082,12.279999732971191,12.609999656677246,26301100
2024-12-09,10.462862014770508,12.239999771118164,12.489999771118164,12.180000305175781,12.350000381469727,34547600
2024-12-10,10.668015480041504,12.479999542236328,12.569999694824219,12.180000305175781,12.300000190734863,32732400
2024-12-11,10.856074333190918,12.699999809265137,12.880000114440918,12.329999923706055,12.539999961853027,45892900
2024-12-12,10.47995662689209,12.260000228881836,12.600000381469727,12.199999809265137,12.600000381469727,48022200
2024-12-13,10.343186378479004,12.100000381469727,12.369999885559082,12.09000015258789,12.300000190734863,24692500
2024-12-16,10.172224998474121,11.899999618530273,12.140000343322754,11.819999694824219,12.130000114440918,52741800
2024-12-17,10.249159812927246,11.989999771118164,12.09000015258789,11.630000114440918,11.970000267028809,66961700
2024-12-18,9.82175350189209,11.489999771118164,11.90999984741211,11.359999656677246,11.90999984741211,70432300
2024-12-19,9.830302238464355,11.5,11.630000114440918,11.369999885559082,11.520000457763672,39732600
2024-12-20,10.05255126953125,11.760000228881836,11.899999618530273,11.479999542236328,11.569999694824219,63007200
2024-12-23,9.873041152954102,11.550000190734863,11.75,11.460000038146973,11.699999809265137,28062600
2024-12-26,9.949974060058594,11.640000343322754,11.75,11.529999732971191,11.569999694824219,17715100
2024-12-27,9.873041152954102,11.550000190734863,11.729999542236328,11.529999732971191,11.699999809265137,19364200
2024-12-30,9.881592750549316,11.5600004196167,11.6899995803833,11.539999961853027,11.670000076293945,24874700
2025-01-02,9.999101638793945,11.399999618530273,11.5,11.130000114440918,11.3100004196167,31243900
2025-01-03,9.840057373046875,11.199999809265137,11.4399995803833,11.130000114440918,11.399999618530273,27722400
2025-01-06,10.033346176147461,11.420000076293945,11.579999923706055,11.279999732971191,11.34000015258789,30587800
2025-01-07,10.173917770385742,11.579999923706055,11.699999809265137,11.460000038146973,11.529999732971191,31934700
2025-01-08,10.015772819519043,11.399999618530273,11.5600004196167,11.319999694824219,11.5,35250500
2025-01-09,9.945488929748535,11.319999694824219,11.420000076293945,11.279999732971191,11.399999618530273,18386900
2025-01-10,9.82248592376709,11.180000305175781,11.329999923706055,11.069999694824219,11.319999694824219,46311500
2025-01-13,9.857630729675293,11.220000267028809,11.380000114440918,11.100000381469727,11.109999656677246,36560700
2025-01-14,10.042131423950195,11.430000305175781,11.489999771118164,11.0600004196167,11.229999542236328,43570500
2025-01-15,10.393562316894531,11.829999923706055,11.890000343322754,11.510000228881836,11.529999732971191,42795800
2025-01-16,10.305704116821289,11.729999542236328,11.829999923706055,11.59000015258789,11.819999694824219,37429100
2025-01-17,10.18270206451416,11.59000015258789,11.800000190734863,11.5,11.770000457763672,60743100
2025-01-20,10.217846870422363,11.630000114440918,11.640000343322754,11.449999809265137,11.539999961853027,17924700
2025-01-21,10.226631164550781,11.640000343322754,11.720000267028809,11.579999923706055,11.649999618530273,25985500
2025-01-22,10.086058616638184,11.479999542236328,11.729999542236328,11.430000305175781,11.729999542236328,42528000
2025-01-23,10.006988525390625,11.390000343322754,11.65999984741211,11.3100004196167,11.5,36035600
2025-01-24,9.927919387817383,11.300000190734863,11.40999984741211,11.210000038146973,11.399999618530273,45727800
2025-01-27,10.173917770385742,11.579999923706055,11.579999923706055,11.279999732971191,11.319999694824219,80300500
2025-01-28,10.217846870422363,11.630000114440918,11.729999542236328,11.430000305175781,11.550000190734863,24844400
2025-01-29,10.112420082092285,11.510000228881836,11.729999542236328,11.470000267028809,11.729999542236328,33371500
2025-01-30,10.66592025756836,12.140000343322754,12.25,11.510000228881836,11.539999961853027,56868200
2025-01-31,10.621993064880371,12.09000015258789,12.449999809265137,12.010000228881836,12.140000343322754,37528400
2025-02-03,10.604421615600586,12.069999694824219,12.170000076293945,11.920000076293945,12.09000015258789,32339300
2025-02-04,10.585921287536621,12.029999732971191,12.170000076293945,11.880000114440918,12.029999732971191,36005500
2025-02-05,10.832308769226074,12.3100004196167,12.380000114440918,11.90999984741211,12.149999618530273,42185200
2025-02-06,10.981902122497559,12.479999542236328,12.579999923706055,12.100000381469727,12.229999542236328,45483400
2025-02-07,10.550722122192383,11.989999771118164,12.430000305175781,11.859999656677246,12.300000190734863,129620600
2025-02-10,10.55951976776123,12.0,12.369999885559082,11.979999542236328,12.0,31716900
2025-02-11,10.805907249450684,12.279999732971191,12.369999885559082,12.029999732971191,12.050000190734863,40337300
2025-02-12,10.313132286071777,11.720000267028809,12.050000190734863,11.420000076293945,12.050000190734863,123782500
2025-02-13,10.453925132751465,11.880000114440918,12.020000457763672,11.720000267028809,11.760000228881836,44812400
2025-02-14,10.726712226867676,12.1899995803833,12.25,11.970000267028809,11.979999542236328,46996800
2025-02-17,10.744312286376953,12.210000038146973,12.34000015258789,12.1899995803833,12.289999961853027,17475100
2025-02-18,10.735512733459473,12.199999809265137,12.34000015258789,12.119999885559082,12.270000457763672,25805300
2025-02-19,10.541918754577637,11.979999542236328,12.149999618530273,11.9399995803833,12.119999885559082,38006500
2025-02-20,10.515521049499512,11.949999809265137,12.100000381469727,11.920000076293945,12.010000228881836,26359900
2025-02-21,10.41872501373291,11.84000015258789,12.020000457763672,11.720000267028809,12.0,45757000
2025-02-24,10.233935356140137,11.630000114440918,11.859999656677246,11.579999923706055,11.859999656677246,30213900
2025-02-25,10.35713005065918,11.770000457763672,11.8100004196167,11.649999618530273,11.720000267028809,33494400
2025-02-26,10.15473747253418,11.539999961853027,11.9399995803833,11.479999542236328,11.899999618530273,51824900
2025-02-27,10.0931396484375,11.470000267028809,11.619999885559082,11.430000305175781,11.550000190734863,40713100
2025-02-28,9.890748977661133,11.239999771118164,11.479999542236328,11.210000038146973,11.449999809265137,84387200
2025-03-05,10.0931396484375,11.470000267028809,11.550000190734863,11.239999771118164,11.239999771118164,41379800
2025-03-06,10.180726051330566,11.550000190734863,11.630000114440918,11.289999961853027,11.420000076293945,44187500
2025-03-07,10.304126739501953,11.6899995803833,11.800000190734863,11.420000076293945,11.479999542236328,29808500
2025-03-10,10.15428352355957,11.520000457763672,11.619999885559082,11.420000076293945,11.5600004196167,42234700
2025-03-11,10.09257984161377,11.449999809265137,11.550000190734863,11.270000457763672,11.529999732971191,43087500
2025-03-12,10.09257984161377,11.449999809265137,11.520000457763672,11.329999923706055,11.460000038146973,31708500
2025-03-13,10.268869400024414,11.649999618530273,11.720000267028809,11.390000343322754,11.460000038146973,35174100
2025-03-14,10.69196605682373,12.130000114440918,12.199999809265137,11.6899995803833,11.720000267028809,42086800
2025-03-17,10.850627899169922,12.3100004196167,12.40999984741211,12.130000114440918,12.140000343322754,23901600
2025-03-18,10.84181022644043,12.300000190734863,12.399999618530273,12.220000267028809,12.34000015258789,19650500
2025-03-19,10.938770294189453,12.40999984741211,12.529999732971191,12.220000267028809,12.300000190734863,25791100
2025-03-20,10.885882377624512,12.350000381469727,12.489999771118164,12.239999771118164,12.40999984741211,31369300
2025-03-21,11.035730361938477,12.520000457763672,12.59000015258789,12.359999656677246,12.380000114440918,74318800
2025-03-24,11.150318145751953,12.649999618530273,12.729999542236328,12.470000267028809,12.539999961853027,44562300
2025-03-25,11.335420608520508,12.859999656677246,13.289999961853027,12.649999618530273,12.699999809265137,63764400
2025-03-26,11.520525932312012,13.069999694824219,13.149999618530273,12.899999618530273,12.979999542236328,49065500
2025-03-27,11.476455688476562,13.020000457763672,13.170000076293945,12.960000038146973,13.100000381469727,40588300
2025-03-28,11.317791938781738,12.84000015258789,13.039999961853027,12.789999961853027,13.0,25978000
2025-03-31,11.16794490814209,12.670000076293945,12.770000457763672,12.569999694824219,12.770000457763672,38613400
2025-04-01,11.183947563171387,12.460000038146973,12.65999984741211,12.380000114440918,12.449999809265137,20578300
2025-04-02,11.209992408752441,12.470000267028809,12.550000190734863,12.34000015258789,12.479999542236328,18113400
2025-04-03,11.425741195678711,12.710000038146973,12.869999885559082,12.350000381469727,12.350000381469727,46295700
2025-04-04,11.29988956451416,12.569999694824219,12.65999984741211,12.34000015258789,12.479999542236328,48847400
2025-04-07,11.111106872558594,12.359999656677246,12.670000076293945,12.140000343322754,12.390000343322754,50116900
2025-04-08,10.805463790893555,12.020000457763672,12.539999961853027,11.90999984741211,12.470000267028809,56053800
2025-04-09,11.209992408752441,12.470000267028809,12.619999885559082,11.819999694824219,11.90999984741211,64688900
2025-04-10,11.192015647888184,12.449999809265137,12.449999809265137,12.15999984741211,12.390000343322754,29807400
2025-04-11,11.34483528137207,12.619999885559082,12.800000190734863,12.449999809265137,12.520000457763672,28170600
2025-04-14,11.443721771240234,12.729999542236328,12.829999923706055,12.579999923706055,12.800000190734863,18681300
2025-04-15,11.45271110534668,12.739999771118164,12.850000381469727,12.699999809265137,12.720000267028809,20639200
2025-04-16,11.434734344482422,12.720000267028809,12.960000038146973,12.680000305175781,12.6899995803833,29640200
2025-04-17,11.488669395446777,12.779999732971191,12.890000343322754,12.609999656677246,12.770000457763672,26318600
2025-04-22,11.443721771240234,12.729999542236328,12.84000015258789,12.600000381469727,12.720000267028809,23746500
2025-04-23,11.821284294128418,13.149999618530273,13.229999542236328,12.819999694824219,12.819999694824219,38980300
2025-04-24,12.010062217712402,13.359999656677246,13.449999809265137,13.15999984741211,13.1899995803833,28878200
2025-04-25,12.028045654296875,13.380000114440918,13.510000228881836,13.289999961853027,13.350000381469727,26229400
2025-04-28,12.001075744628906,13.350000381469727,13.569999694824219,13.319999694824219,13.390000343322754,19185700
2025-04-29,12.135919570922852,13.5,13.640000343322754,13.329999923706055,13.34000015258789,29771000
2025-04-30,12.34267807006836,13.729999542236328,13.75,13.329999923706055,13.399999618530273,55291100
2025-05-02,12.081979751586914,13.4399995803833,13.75,13.420000076293945,13.670000076293945,27262900
2025-05-05,11.973031044006348,13.300000190734863,13.579999923706055,13.239999771118164,13.449999809265137,32690500
2025-05-06,11.919017791748047,13.239999771118164,13.289999961853027,13.119999885559082,13.25,26635800
2025-05-07,11.738972663879395,13.039999961853027,13.359999656677246,12.949999809265137,13.289999961853027,45197400
2025-05-08,13.575437545776367,15.079999923706055,15.289999961853027,14.5,14.5,218670200
2025-05-09,13.611445426940918,15.119999885559082,15.34000015258789,14.829999923706055,15.020000457763672,58078200
2025-05-12,13.413395881652832,14.899999618530273,15.199999809265137,14.789999961853027,15.15999984741211,28273600
2025-05-13,13.701468467712402,15.220000267028809,15.25,14.899999618530273,14.899999618530273,41967000
2025-05-14,13.683464050292969,15.199999809265137,15.390000343322754,15.149999618530273,15.210000038146973,44162100
2025-05-15,13.818497657775879,15.350000381469727,15.539999961853027,15.25,15.270000457763672,37314300
2025-05-16,13.863508224487305,15.399999618530273,15.4399995803833,15.1899995803833,15.25,35982000
2025-05-19,13.989541053771973,15.539999961853027,15.65999984741211,15.329999923706055,15.359999656677246,34562300
2025-05-20,14.124577522277832,15.6899995803833,15.710000038146973,15.460000038146973,15.550000190734863,27806300
2025-05-21,13.872514724731445,15.40999984741211,15.65999984741211,15.270000457763672,15.600000381469727,25605500
2025-05-22,13.90852165222168,15.449999809265137,15.6899995803833,15.279999732971191,15.34000015258789,46122600
2025-05-23,14.079565048217773,15.640000343322754,15.6899995803833,15.0,15.369999885559082,35866200
2025-05-26,14.151582717895508,15.720000267028809,15.850000381469727,15.5,15.600000381469727,16875000
2025-05-27,14.43966007232666,16.040000915527344,16.239999771118164,15.800000190734863,15.84000015258789,51944300
2025-05-28,14.538680076599121,16.149999618530273,16.31999969482422,16.040000915527344,16.049999237060547,53685300
2025-05-29,14.475666046142578,16.079999923706055,16.350000381469727,16.040000915527344,16.09000015258789,35789500
2025-05-30,14.583693504333496,16.200000762939453,16.219999313354492,15.84000015258789,16.040000915527344,55543700
2025-06-02,14.619701385498047,16.239999771118164,16.5,16.200000762939453,16.31999969482422,26220300
2025-06-03,14.871137619018555,16.5,16.540000915527344,16.209999084472656,16.34000015258789,50865800
2025-06-04,14.826072692871094,16.450000762939453,16.790000915527344,16.3700008392334,16.520000457763672,36692500
2025-06-05,14.393458366394043,15.970000267028809,16.5,15.899999618530273,16.5,36435500
2025-06-06,14.384444236755371,15.960000038146973,16.049999237060547,15.84000015258789,15.960000038146973,19352100
2025-06-09,14.276289939880371,15.84000015258789,16.030000686645508,15.550000190734863,15.9399995803833,28177300
2025-06-10,14.267276763916016,15.829999923706055,16.040000915527344,15.770000457763672,15.989999771118164,27623200
2025-06-11,14.708906173706055,16.31999969482422,16.360000610351562,15.649999618530273,15.770000457763672,48251000
2025-06-12,14.853108406066895,16.479999542236328,16.540000915527344,16.139999389648438,16.209999084472656,38328100
2025-06-13,14.681868553161621,16.290000915527344,16.450000762939453,16.139999389648438,16.260000228881836,29855200
2025-06-16,14.997316360473633,16.639999389648438,16.739999771118164,16.420000076293945,16.440000534057617,25238300
2025-06-17,15.222636222839355,16.889999389648438,16.889999389648438,16.610000610351562,16.6299991607666,33555400
2025-06-18,15.105469703674316,16.760000228881836,16.950000762939453,16.610000610351562,16.6299991607666,32449600
2025-06-20,14.979290962219238,16.6200008392334,16.739999771118164,16.489999771118164,16.6299991607666,39693200
2025-06-23,14.862120628356934,16.489999771118164,16.59000015258789,16.270000457763672,16.59000015258789,25046300
2025-06-24,14.907190322875977,16.540000915527344,16.809999465942383,16.510000228881836,16.600000381469727,32515100
2025-06-25,14.78100872039795,16.399999618530273,16.649999618530273,16.399999618530273,16.530000686645508,33727300
2025-06-26,14.91619873046875,16.549999237060547,16.549999237060547,16.229999542236328,16.469999313354492,27870800
2025-06-27,14.934225082397461,16.56999969482422,16.6299991607666,16.309999465942383,16.40999984741211,28697200
2025-06-30,15.168556213378906,16.829999923706055,16.829999923706055,16.479999542236328,16.530000686645508,30209500
2025-07-01,15.303576469421387,16.68000030517578,16.799999237060547,16.559999465942383,16.579999923706055,24480600
2025-07-02,15.027082443237305,16.360000610351562,16.68000030517578,16.200000762939453,16.68000030517578,29531300
2025-07-03,15.385303497314453,16.75,16.8799991607666,16.360000610351562,16.3799991607666,34023600
2025-07-04,15.311820983886719,16.670000076293945,16.790000915527344,16.6200008392334,16.65999984741211,11797800
2025-07-07,15.16485595703125,16.510000228881836,16.770000457763672,16.450000762939453,16.65999984741211,22852900
2025-07-08,15.201594352722168,16.549999237060547,16.549999237060547,16.40999984741211,16.520000457763672,18149600
2025-07-09,15.027082443237305,16.360000610351562,16.549999237060547,16.329999923706055,16.530000686645508,22687500
2025-07-10,14.82500171661377,16.139999389648438,16.190000534057617,16.040000915527344,16.149999618530273,24133500
2025-07-11,14.74233341217041,16.049999237060547,16.110000610351562,15.920000076293945,16.040000915527344,20943500
2025-07-14,14.797447204589844,16.110000610351562,16.15999984741211,15.949999809265137,16.010000228881836,16403700
2025-07-15,14.788261413574219,16.100000381469727,16.309999465942383,15.899999618530273,16.18000030517578,20723100
2025-07-16,14.751519203186035,16.059999465942383,16.190000534057617,15.90999984741211,16.149999618530273,18619600
2025-07-17,14.72396469116211,16.030000686645508,16.09000015258789,15.880000114440918,16.030000686645508,19360000
2025-07-18,14.393294334411621,15.670000076293945,15.960000038146973,15.609999656677246,15.930000305175781,43557800
2025-07-21,14.402480125427246,15.680000305175781,15.859999656677246,15.569999694824219,15.699999809265137,28460200
2025-07-22,14.356554985046387,15.630000114440918,15.8100004196167,15.569999694824219,15.720000267028809,22020400
2025-07-23,14.586186408996582,15.880000114440918,15.970000267028809,15.609999656677246,15.630000114440918,23447100
2025-07-24,14.402480125427246,15.680000305175781,15.789999961853027,15.5600004196167,15.789999961853027,40868200
2025-07-25,14.292259216308594,15.5600004196167,15.760000228881836,15.489999771118164,15.720000267028809,21825400
2025-07-28,14.182032585144043,15.4399995803833,15.649999618530273,15.270000457763672,15.609999656677246,24295500
2025-07-29,14.154479026794434,15.40999984741211,15.579999923706055,15.359999656677246,15.460000038146973,28054200
2025-07-30,14.384111404418945,15.65999984741211,15.800000190734863,15.319999694824219,15.34000015258789,45351600
2025-07-31,14.264702796936035,15.529999732971191,15.9399995803833,15.390000343322754,15.850000381469727,63011500
2025-08-01,14.292259216308594,15.5600004196167,15.850000381469727,15.510000228881836,15.710000038146973,30228600
2025-08-04,14.401671409606934,15.65999984741211,15.9399995803833,15.600000381469727,15.729999542236328,25590900
2025-08-05,14.429264068603516,15.6899995803833,15.880000114440918,15.609999656677246,15.609999656677246,31469200
2025-08-06,14.410868644714355,15.670000076293945,15.869999885559082,15.640000343322754,15.760000228881836,24917500
2025-08-07,14.52122688293457,15.789999961853027,15.800000190734863,15.619999885559082,15.720000267028809,27653400
2025-08-08,14.677566528320312,15.960000038146973,15.989999771118164,15.75,15.75,25120200
2025-08-11,14.62238883972168,15.899999618530273,15.960000038146973,15.8100004196167,15.949999809265137,13742600
2025-08-12,14.962657928466797,16.270000457763672,16.34000015258789,15.920000076293945,15.970000267028809,31596100
2025-08-13,14.833905220031738,16.1299991607666,16.360000610351562,16.040000915527344,16.18000030517578,29193000
2025-08-14,14.723548889160156,16.010000228881836,16.270000457763672,15.869999885559082,15.949999809265137,29789000
2025-08-15,14.741942405700684,16.030000686645508,16.09000015258789,15.880000114440918,15.930000305175781,20291000
2025-08-18,15.03622817993164,16.350000381469727,16.440000534057617,16.020000457763672,16.100000381469727,42207700
2025-08-19,14.52122688293457,15.789999961853027,16.06999969482422,15.699999809265137,16.059999465942383,44185500
2025-08-20,14.567207336425781,15.84000015258789,15.930000305175781,15.630000114440918,15.760000228881836,31984600
2025-08-21,14.52122688293457,15.789999961853027,15.859999656677246,15.630000114440918,15.65999984741211,26082100
2025-08-22,14.999443054199219,16.309999465942383,16.309999465942383,15.760000228881836,15.850000381469727,36922300
2025-08-25,15.03622817993164,16.350000381469727,16.389999389648438,16.229999542236328,16.34000015258789,24075600
2025-08-26,14.999443054199219,16.309999465942383,16.40999984741211,16.190000534057617,16.329999923706055,37241300
2025-08-27,15.10980224609375,16.43000030517578,16.469999313354492,16.139999389648438,16.31999969482422,20684700
2025-08-28,15.440876960754395,16.790000915527344,16.93000030517578,16.440000534057617,16.5,32140300
2025-08-29,15.477660179138184,16.829999923706055,16.889999389648438,16.729999542236328,16.799999237060547,32575000
2025-09-01,15.376497268676758,16.719999313354492,16.940000534057617,16.709999084472656,16.84000015258789,13494400
2025-09-02,15.2006254196167,16.510000228881836,16.59000015258789,16.280000686645508,16.459999084472656,25223800
2025-09-03,15.191417694091797,16.5,16.649999618530273,16.440000534057617,16.510000228881836,18858600
2025-09-04,15.495244026184082,16.829999923706055,16.899999618530273,16.440000534057617,16.459999084472656,22151800
2025-09-05,15.87272834777832,17.239999771118164,17.459999084472656,16.860000610351562,16.899999618530273,31586500
2025-09-08,15.789863586425781,17.149999618530273,17.309999465942383,16.969999313354492,17.260000228881836,21367000
2025-09-09,15.642556190490723,16.989999771118164,17.239999771118164,16.989999771118164,17.229999542236328,23027600
2025-09-10,15.532072067260742,16.8700008392334,17.190000534057617,16.84000015258789,17.0,26745800
2025-09-11,15.6793851852417,17.030000686645508,17.209999084472656,16.920000076293945,16.969999313354492,44461600
2025-09-12,15.495244026184082,16.829999923706055,17.030000686645508,16.81999969482422,16.989999771118164,26449500
2025-09-15,15.6793851852417,17.030000686645508,17.110000610351562,16.93000030517578,16.969999313354492,28565000
2025-09-16,15.642556190490723,16.989999771118164,17.110000610351562,16.90999984741211,17.100000381469727,27075700
2025-09-17,16.185762405395508,17.579999923706055,17.65999984741211,16.959999084472656,16.959999084472656,44010600
2025-09-18,16.020036697387695,17.399999618530273,17.559999465942383,17.329999923706055,17.5,25877600
2025-09-19,16.305452346801758,17.709999084472656,17.770000457763672,17.450000762939453,17.469999313354492,51887400
2025-09-22,16.333072662353516,17.739999771118164,17.780000686645508,17.43000030517578,17.600000381469727,31295400
2025-09-23,16.434350967407227,17.850000381469727,18.049999237060547,17.65999984741211,17.780000686645508,31896600
2025-09-24,16.305452346801758,17.709999084472656,17.889999389648438,17.709999084472656,17.860000610351562,24592400
2025-09-25,16.176557540893555,17.56999969482422,17.81999969482422,17.520000457763672,17.700000762939453,22322600
2025-09-26,16.259418487548828,17.65999984741211,17.75,17.520000457763672,17.549999237060547,17781600
2025-09-29,16.425142288208008,17.84000015258789,18.020000457763672,17.790000915527344,17.950000762939453,17152900
2025-09-30,16.56293296813965,17.690000534057617,17.90999984741211,17.610000610351562,17.81999969482422,31375900
2025-10-01,16.282041549682617,17.389999389648438,17.940000534057617,17.219999313354492,17.799999237060547,39717600
2025-10-02,16.01863670349121,17.09000015258789,17.40999984741211,17.030000686645508,17.309999465942383,32063000
2025-10-03,16.02800941467285,17.100000381469727,17.1299991607666,16.850000381469727,17.059999465942383,22193300
2025-10-06,15.934276580810547,17.0,17.09000015258789,16.799999237060547,17.040000915527344,25025200
2025-10-07,15.67182731628418,16.719999313354492,16.8799991607666,16.6200008392334,16.8799991607666,42904900
2025-10-08,15.92490291595459,16.989999771118164,17.040000915527344,16.739999771118164,16.790000915527344,25534300
2025-10-09,16.009260177612305,17.079999923706055,17.149999618530273,16.93000030517578,17.030000686645508,20125800
2025-10-10,15.793681144714355,16.850000381469727,17.219999313354492,16.790000915527344,17.149999618530273,28431400
2025-10-13,15.859292984008789,16.920000076293945,17.030000686645508,16.8799991607666,16.950000762939453,15538000
2025-10-14,16.084245681762695,17.15999984741211,17.350000381469727,16.969999313354492,17.020000457763672,38399800
2025-10-15,16.27170753479004,17.360000610351562,17.420000076293945,16.950000762939453,17.059999465942383,35955800
2025-10-16,16.45916748046875,17.559999465942383,17.700000762939453,17.209999084472656,17.260000228881836,43635200
2025-10-17,16.57164764404297,17.68000030517578,17.75,17.270000457763672,17.43000030517578,33720300
2025-10-20,16.880958557128906,18.010000228881836,18.15999984741211,17.68000030517578,17.68000030517578,19858100
2025-10-21,16.656003952026367,17.770000457763672,18.15999984741211,17.68000030517578,17.68000030517578,18340400
2025-10-22,16.674753189086914,17.790000915527344,17.950000762939453,17.75,17.860000610351562,17711400
2025-10-23,16.85283660888672,17.979999542236328,18.020000457763672,17.780000686645508,17.809999465942383,21199100
2025-10-24,16.946571350097656,18.079999923706055,18.200000762939453,17.950000762939453,18.030000686645508,17723600
2025-10-27,17.087167739868164,18.229999542236328,18.399999618530273,18.110000610351562,18.290000915527344,25859200
2025-10-28,17.096540451049805,18.239999771118164,18.389999389648438,18.09000015258789,18.25,33329500
2025-10-29,17.649555206298828,18.829999923706055,18.84000015258789,18.270000457763672,18.309999465942383,43232000
2025-10-30,16.965320587158203,18.100000381469727,18.3700008392334,17.940000534057617,18.1200008392334,66549800
2025-10-31,17.02155113220215,18.15999984741211,18.280000686645508,17.899999618530273,18.25,35036500
2025-11-03,17.20901870727539,18.360000610351562,18.6200008392334,18.15999984741211,18.34000015258789,35328300
2025-11-04,17.26435089111328,18.399999618530273,18.489999771118164,18.200000762939453,18.309999465942383,24920700
2025-11-05,17.630281448364258,18.790000915527344,18.829999923706055,18.350000381469727,18.399999618530273,32489600
2025-11-06,17.555212020874023,18.709999084472656,18.8700008392334,18.6299991607666,18.790000915527344,23203700
2025-11-07,17.573986053466797,18.729999542236328,18.729999542236328,18.469999313354492,18.65999984741211,15628600
2025-11-10,17.902379989624023,19.079999923706055,19.190000534057617,18.770000457763672,18.790000915527344,28034500
2025-11-11,18.28707504272461,19.489999771118164,19.6299991607666,19.09000015258789,19.1299991607666,39993600
2025-11-12,18.24016571044922,19.440000534057617,19.559999465942383,19.260000228881836,19.5,30776900
2025-11-13,18.277694702148438,19.479999542236328,19.84000015258789,19.3700008392334,19.389999389648438,32477500
2025-11-14,18.268314361572266,19.469999313354492,19.739999771118164,19.3799991607666,19.43000030517578,26233700
2025-11-17,18.127567291259766,19.31999969482422,19.5,19.18000030517578,19.43000030517578,27809900
2025-11-18,17.911766052246094,19.09000015258789,19.229999542236328,19.020000457763672,19.149999618530273,31226100
2025-11-19,17.733489990234375,18.899999618530273,19.18000030517578,18.860000610351562,19.010000228881836,25755800
2025-11-21,17.630281448364258,18.790000915527344,19.079999923706055,18.639999389648438,19.079999923706055,33815400
2025-11-24,17.63966178894043,18.799999237060547,18.889999389648438,18.700000762939453,18.790000915527344,32487300
2025-11-25,17.780406951904297,18.950000762939453,19.110000610351562,18.799999237060547,18.809999465942383,28601700
2025-11-26,18.31522560119629,19.520000457763672,19.600000381469727,18.979999542236328,19.030000686645508,33913900
2025-11-27,18.277694702148438,19.479999542236328,19.600000381469727,19.450000762939453,19.5,9964400
2025-11-28,18.43720054626465,19.649999618530273,19.809999465942383,19.479999542236328,19.510000228881836,25415300
2025-12-01,18.155719757080078,19.350000381469727,19.700000762939453,19.350000381469727,19.649999618530273,24721300
2025-12-02,18.351987838745117,19.540000915527344,19.579999923706055,19.3700008392334,19.3799991607666,23940400
2025-12-03,17.844820022583008,19.0,19.690000534057617,18.780000686645508,19.639999389648438,63797200
2025-12-04,18.098405838012695,19.270000457763672,19.3799991607666,19.06999969482422,19.1200008392334,35919800
2025-12-05,17.018321990966797,18.1200008392334,19.43000030517578,18.06999969482422,19.299999237060547,72531700
2025-12-08,17.140417098999023,18.25,18.3799991607666,18.049999237060547,18.329999923706055,34307900
2025-12-09,16.915010452270508,18.010000228881836,18.1299991607666,17.579999923706055,18.100000381469727,34063400
2025-12-10,17.215551376342773,18.329999923706055,18.420000076293945,18.020000457763672,18.020000457763672,26416600
2025-12-11,17.412790298461914,18.540000915527344,18.700000762939453,18.18000030517578,18.229999542236328,22571700
2025-12-12,17.525489807128906,18.65999984741211,18.780000686645508,18.520000457763672,18.6200008392334,29409300
2025-12-15,17.769685745239258,18.920000076293945,19.079999923706055,18.809999465942383,18.84000015258789,22821300
2025-12-16,17.28129768371582,18.399999618530273,18.84000015258789,18.360000610351562,18.799999237060547,30577300
2025-12-17,17.140417098999023,18.25,18.3700008392334,17.8700008392334,18.350000381469727,48096300
2025-12-18,17.215551376342773,18.329999923706055,18.469999313354492,18.06999969482422,18.06999969482422,22975800
2025-12-19,17.375219345092773,18.5,18.700000762939453,18.270000457763672,18.299999237060547,33688200
2025-12-22,17.13102912902832,18.239999771118164,18.489999771118164,18.170000076293945,18.450000762939453,19424900
2025-12-23,17.29068946838379,18.40999984741211,18.520000457763672,18.280000686645508,18.290000915527344,26477700
2025-12-26,17.28129768371582,18.399999618530273,18.440000534057617,18.1299991607666,18.270000457763672,18043500
2025-12-29,17.365827560424805,18.489999771118164,18.489999771118164,18.260000228881836,18.440000534057617,24923600
2025-12-30,17.448619842529297,18.190000534057617,18.5,18.190000534057617,18.389999389648438,18087700
2026-01-02,17.47739601135254,18.219999313354492,18.450000762939453,18.200000762939453,18.3700008392334,19380800
2026-01-05,18.215797424316406,18.969999313354492,18.969999313354492,18.170000076293945,18.200000762939453,50153200
2026-01-06,18.32142448425293,19.079999923706055,19.43000030517578,18.989999771118164,19.0,24993300
2026-01-07,18.09096908569336,18.84000015258789,19.100000381469727,18.700000762939453,19.0,17154200
2026-01-08,17.783689498901367,18.520000457763672,18.889999389648438,18.450000762939453,18.84000015258789,30919300
2026-01-09,17.802900314331055,18.540000915527344,18.719999313354492,18.43000030517578,18.530000686645508,16397800
2026-01-12,17.668458938598633,18.399999618530273,18.510000228881836,18.299999237060547,18.459999084472656,18972100
2026-01-13,17.46681022644043,18.190000534057617,18.3799991607666,18.059999465942383,18.350000381469727,25752700
2026-01-14,17.783689498901367,18.520000457763672,18.520000457763672,18.15999984741211,18.299999237060547,31867300
2026-01-15,18.14858055114746,18.899999618530273,19.06999969482422,18.530000686645508,18.59000015258789,37422400
2026-01-16,18.158184051513672,18.90999984741211,19.06999969482422,18.670000076293945,18.899999618530273,28353400
2026-01-19,18.14858055114746,18.899999618530273,19.079999923706055,18.829999923706055,18.899999618530273,10581700
2026-01-20,18.407846450805664,19.170000076293945,19.290000915527344,18.68000030517578,18.780000686645508,25010600
2026-01-21,18.974390029907227,19.760000228881836,19.81999969482422,19.350000381469727,19.389999389648438,74374300
2026-01-22,19.492916107177734,20.299999237060547,20.579999923706055,19.690000534057617,19.799999237060547,56520800
2026-01-23,19.963441848754883,20.790000915527344,20.979999542236328,20.290000915527344,20.34000015258789,37158300
2026-01-26,20.04985809326172,20.8799991607666,20.940000534057617,20.3799991607666,20.780000686645508,34782400
2026-01-27,20.577999114990234,21.43000030517578,21.670000076293945,21.15999984741211,21.15999984741211,34219200
2026-01-28,20.856464385986328,21.719999313354492,21.719999313354492,21.329999923706055,21.5,31338800
2026-01-29,20.587600708007812,21.440000534057617,22.020000457763672,21.15999984741211,21.84000015258789,31208200
2026-01-30,20.462764739990234,21.309999465942383,21.639999389648438,21.049999237060547,21.440000534057617,26351100
2026-02-02,20.722028732299805,21.579999923706055,21.600000381469727,21.309999465942383,21.3799991607666,25109800
2026-02-03,20.83637809753418,21.68000030517578,22.1200008392334,21.56999969482422,21.799999237060547,24905100
2026-02-04,20.16361427307129,20.979999542236328,21.420000076293945,20.65999984741211,21.280000686645508,46217700
2026-02-05,20.327001571655273,21.149999618530273,21.270000457763672,20.450000762939453,21.100000381469727,61032100
2026-02-06,19.808012008666992,20.610000610351562,20.700000762939453,19.829999923706055,20.0,94063600
2026-02-09,20.09634017944336,20.90999984741211,20.940000534057617,20.329999923706055,20.81999969482422,40230200
2026-02-10,20.10594940185547,20.920000076293945,21.18000030517578,20.75,20.8799991607666,25521200
2026-02-11,20.70182228088379,21.540000915527344,21.600000381469727,21.020000457763672,21.18000030517578,50967100
2026-02-12,20.403886795043945,21.229999542236328,21.6200008392334,21.229999542236328,21.389999389648438,32620300
2026-02-13,20.154001235961914,20.969999313354492,21.1200008392334,20.40999984741211,20.989999771118164,45493100
2026-02-18,20.09634017944336,20.90999984741211,21.170000076293945,20.700000762939453,21.049999237060547,28450400
2026-02-19,20.4999942779541,21.329999923706055,21.5,20.799999237060547,20.90999984741211,42690400
2026-02-20,20.91326332092285,21.760000228881836,21.850000381469727,21.040000915527344,21.09000015258789,36313800
2026-02-23,20.403886795043945,21.229999542236328,21.75,21.149999618530273,21.6299991607666,37464600
2026-02-24,20.567270278930664,21.399999618530273,21.510000228881836,21.049999237060547,21.31999969482422,30613800
2026-02-25,20.346220016479492,21.170000076293945,21.59000015258789,21.06999969482422,21.579999923706055,34124600
2026-02-26,20.16361427307129,20.979999542236328,21.3799991607666,20.700000762939453,21.190000534057617,40191400
2026-02-27,20.327001571655273,21.149999618530273,21.899999618530273,21.1200008392334,21.5,69034600
2026-03-02,20.403886795043945,21.229999542236328,21.360000610351562,20.5,20.950000762939453,32108900
2026-03-03,19.431337356567383,20.200000762939453,20.5,19.920000076293945,20.40999984741211,57300000
2026-03-04,19.710298538208008,20.489999771118164,20.690000534057617,20.149999618530273,20.549999237060547,64157000
2026-03-05,19.07541275024414,19.829999923706055,20.389999389648438,19.799999237060547,20.3700008392334,46790000
2026-03-06,18.806066513061523,19.549999237060547,19.829999923706055,19.34000015258789,19.709999084472656,37187000
2026-03-09,18.806066513061523,19.549999237060547,19.739999771118164,19.110000610351562,19.31999969482422,38655600
2026-03-10,19.267805099487305,20.030000686645508,20.25,19.68000030517578,19.799999237060547,32907500
2026-03-11,19.181228637695312,19.940000534057617,20.270000457763672,19.739999771118164,19.809999465942383,23976900
2026-03-12,18.65215492248535,19.389999389648438,19.59000015258789,19.15999984741211,19.559999465942383,45693900
2026-03-13,18.267375946044922,18.989999771118164,19.649999618530273,18.8700008392334,19.479999542236328,33706400
2026-03-16,18.27699851989746,19.0,19.479999542236328,19.0,19.34000015258789,34664900
2026-03-17,18.132705688476562,18.850000381469727,19.200000762939453,18.68000030517578,18.90999984741211,24004200
2026-03-18,17.921077728271484,18.6299991607666,18.93000030517578,18.600000381469727,18.719999313354492,26382300
2026-03-19,17.930694580078125,18.639999389648438,18.739999771118164,18.06999969482422,18.260000228881836,33436700
2026-03-20,17.63249397277832,18.329999923706055,18.709999084472656,18.1200008392334,18.639999389648438,53625700
2026-03-23,18.27699851989746,19.0,19.280000686645508,18.75,18.75,30955400
2026-03-24,18.219282150268555,18.940000534057617,18.940000534057617,18.6200008392334,18.84000015258789,23064400
2026-03-25,18.546344757080078,19.280000686645508,19.459999084472656,19.149999618530273,19.299999237060547,29470000
2026-03-26,18.10384750366211,18.81999969482422,19.200000762939453,18.799999237060547,19.040000915527344,50872800
2026-03-27,17.815263748168945,18.520000457763672,18.809999465942383,18.440000534057617,18.709999084472656,20727200
2026-03-30,17.767162322998047,18.469999313354492,18.790000915527344,18.3799991607666,18.770000457763672,32459400
2026-03-31,18.44053077697754,19.170000076293945,19.239999771118164,18.6299991607666,18.799999237060547,41297600
2026-04-01,18.69063377380371,19.43000030517578,19.6299991607666,19.18000030517578,19.200000762939453,48850400
2026-04-02,18.410411834716797,19.1200008392334,19.3799991607666,18.809999465942383,18.84000015258789,29291200
2026-04-06,18.61261558532715,19.329999923706055,19.3799991607666,19.139999389648438,19.18000030517578,27976500
2026-04-07,18.786041259765625,19.209999084472656,19.209999084472656,18.770000457763672,18.93000030517578,24923500
2026-04-08,19.724853515625,20.170000076293945,20.549999237060547,19.829999923706055,20.549999237060547,67537800
2026-04-09,19.842206954956055,20.290000915527344,20.3700008392334,19.989999771118164,20.200000762939453,32822000
2026-04-10,19.988895416259766,20.440000534057617,20.639999389648438,20.34000015258789,20.479999542236328,33816800
2026-04-13,20.135583877563477,20.59000015258789,20.709999084472656,20.1200008392334,20.229999542236328,34692500
2026-04-14,20.321392059326172,20.780000686645508,20.969999313354492,20.68000030517578,20.709999084472656,32893100
2026-04-15,20.3409481048584,20.799999237060547,20.979999542236328,20.610000610351562,20.65999984741211,37389800
2026-04-16,20.389846801757812,20.850000381469727,21.190000534057617,20.829999923706055,20.979999542236328,35466500
2026-04-17,20.790796279907227,21.260000228881836,21.59000015258789,21.1299991607666,21.299999237060547,49218700
2026-04-20,20.565874099731445,21.030000686645508,21.270000457763672,20.959999084472656,21.190000534057617,20455500
2026-04-22,19.959558486938477,20.40999984741211,20.889999389648438,20.350000381469727,20.790000915527344,35201800
2026-04-23,19.529268264770508,19.969999313354492,20.549999237060547,19.93000030517578,20.399999618530273,19189100
2026-04-24,19.480371475219727,19.920000076293945,20.139999389648438,19.829999923706055,20.040000915527344,21380800
2026-04-27,19.294565200805664,19.729999542236328,20.040000915527344,19.709999084472656,19.93000030517578,17874000
2026-04-28,19.138097763061523,19.56999969482422,19.649999618530273,19.350000381469727,19.43000030517578,26064600
2026-04-29,18.688249588012695,19.110000610351562,19.510000228881836,19.010000228881836,19.5,33825900
2026-04-30,18.893613815307617,19.31999969482422,19.479999542236328,19.209999084472656,19.239999771118164,24009300
2026-05-04,18.492660522460938,18.90999984741211,19.3799991607666,18.799999237060547,19.309999465942383,27527900
2026-05-05,18.78533172607422,19.190000534057617,19.209999084472656,18.889999389648438,18.979999542236328,23567700
2026-05-06,18.863645553588867,19.270000457763672,19.639999389648438,19.1299991607666,19.469999313354492,31056000
2026-05-07,18.12946128845215,18.520000457763672,18.899999618530273,18.420000076293945,18.899999618530273,53319900
2026-05-08,18.19798469543457,18.59000015258789,18.829999923706055,18.5,18.6200008392334,37000000
2026-05-11,17.708528518676758,18.09000015258789,18.540000915527344,18.040000915527344,18.459999084472656,33701700
2026-05-12,17.581268310546875,17.959999084472656,18.200000762939453,17.93000030517578,18.059999465942383,29020600
2026-05-13,17.277807235717773,17.649999618530273,18.260000228881836,17.639999389648438,17.920000076293945,54103500
2026-05-14,17.463802337646484,17.84000015258789,18.059999465942383,17.780000686645508,17.799999237060547,28467200
2026-05-15,17.31696319580078,17.690000534057617,17.739999771118164,17.469999313354492,17.530000686645508,34994000
2026-05-18,17.28759765625,17.65999984741211,17.809999465942383,17.489999771118164,17.690000534057617,17534300
2026-05-19,17.02328872680664,17.389999389648438,17.65999984741211,17.260000228881836,17.479999542236328,37267200
2026-05-20,17.483379364013672,17.860000610351562,18.020000457763672,17.510000228881836,17.510000228881836,40845900
2026-05-21,17.522533416748047,17.899999618530273,18.09000015258789,17.639999389648438,17.709999084472656,20334500
2026-05-22,17.248441696166992,17.6200008392334,17.93000030517578,17.600000381469727,17.799999237060547,20095600
2026-05-25,17.68895149230957,18.06999969482422,18.06999969482422,17.739999771118164,17.760000228881836,13186100
2026-05-26,17.463802337646484,17.84000015258789,18.030000686645508,17.690000534057617,17.8799991607666,26326900
2026-05-27,17.62042808532715,18.0,18.200000762939453,17.920000076293945,18.100000381469727,23973800
2026-05-28,17.522533416748047,17.899999618530273,18.209999084472656,17.81999969482422,18.09000015258789,31080500
2026-05-29,17.326753616333008,17.700000762939453,17.950000762939453,17.700000762939453,17.940000534057617,59372500
2026-06-01,17.130971908569336,17.5,17.809999465942383,17.469999313354492,17.790000915527344,27399600
2026-06-02,17.394559860229492,17.75,17.899999618530273,17.56999969482422,17.600000381469727,21483700
2026-06-03,17.02216911315918,17.3700008392334,17.6200008392334,17.309999465942383,17.510000228881836,30635400
2026-06-05,17.120166778564453,17.469999313354492,17.56999969482422,17.31999969482422,17.40999984741211,24164700
2026-06-08,16.855573654174805,17.200000762939453,17.510000228881836,17.18000030517578,17.399999618530273,18139400
2026-06-09,17.08096694946289,17.43000030517578,17.6200008392334,17.25,17.329999923706055,26754000
2026-06-10,16.914371490478516,17.260000228881836,17.40999984741211,17.15999984741211,17.350000381469727,19825200
2026-06-11,17.32596206665039,17.68000030517578,17.75,17.170000076293945,17.219999313354492,31243100
2026-06-12,17.443557739257812,17.799999237060547,17.989999771118164,17.479999542236328,17.510000228881836,22078400
2026-06-15,17.29656219482422,17.649999618530273,18.270000457763672,17.540000915527344,18.06999969482422,18201800
2026-06-16,17.306360244750977,17.65999984741211,17.690000534057617,17.469999313354492,17.540000915527344,19627200
2026-06-17,17.198564529418945,17.549999237060547,17.979999542236328,17.5,17.75,30207900
2026-06-18,17.120166778564453,17.469999313354492,17.81999969482422,17.389999389648438,17.6200008392334,25189700
2026-06-19,17.120166778564453,17.469999313354492,17.59000015258789,17.399999618530273,17.520000457763672,20299600
2026-06-22,17.32596206665039,17.68000030517578,17.81999969482422,17.510000228881836,17.510000228881836,21753800
2026-06-23,17.482755661010742,17.84000015258789,17.93000030517578,17.469999313354492,17.489999771118164,21980600
2026-06-24,17.29656219482422,17.649999618530273,18.0,17.610000610351562,17.760000228881836,76122900
2026-06-25,17.267162322998047,17.6200008392334,18.06999969482422,17.540000915527344,17.790000915527344,51834700
2026-06-26,17.561153411865234,17.920000076293945,18.100000381469727,17.479999542236328,17.68000030517578,54809800
2026-06-29,17.806148529052734,18.170000076293945,18.25,17.829999923706055,17.969999313354492,18900500
2026-06-30,17.737550735473633,18.100000381469727,18.170000076293945,17.84000015258789,18.059999465942383,25467200
2026-07-01,17.757150650024414,18.1200008392334,18.219999313354492,17.84000015258789,17.90999984741211,56556800
2026-07-02,17.815004348754883,18.15999984741211,18.43000030517578,18.049999237060547,18.31999969482422,25735800
2026-07-03,17.913105010986328,18.260000228881836,18.389999389648438,18.200000762939453,18.299999237060547,11813000
2026-07-06,17.920000076293945,17.920000076293945,17.940000534057617,17.709999084472656,17.920000076293945,35102000
2026-07-07,17.81999969482422,17.81999969482422,18.149999618530273,17.719999313354492,17.93000030517578,22292100
2026-07-08,17.690000534057617,17.690000534057617,17.790000915527344,17.56999969482422,17.75,34277500
2026-07-09,18.0,18.0,18.049999237060547,17.719999313354492,17.75,20018900
2026-07-10,18.860000610351562,18.860000610351562,18.8700008392334,18.31999969482422,18.389999389648438,48063400
2026-07-13,18.770000457763672,18.770000457763672,19.0,18.690000534057617,18.799999237060547,24114300
2026-07-14,18.6299991607666,18.6299991607666,18.989999771118164,18.3799991607666,18.899999618530273,53143500
2026-07-15,18.600000381469727,18.600000381469727,18.68000030517578,18.479999542236328,18.6299991607666,22326000
2026-07-16,18.40999984741211,18.40999984741211,18.540000915527344,18.190000534057617,18.459999084472656,19600800
2026-07-17,18.290000915527344,18.290000915527344,18.479999542236328,18.209999084472656,18.420000076293945,55082500
2026-07-20,18.40999984741211,18.40999984741211,18.510000228881836,18.280000686645508,18.360000610351562,12804800
2026-07-21,18.549999237060547,18.549999237060547,18.639999389648438,18.350000381469727,18.420000076293945,19403200
2026-07-22,18.969999313354492,18.969999313354492,18.969999313354492,18.5,18.59000015258789,36477500
2026-07-23,18.719999313354492,18.719999313354492,18.989999771118164,18.68000030517578,18.799999237060547,19179800
2026-07-24,18.479999542236328,18.479999542236328,18.639999389648438,18.420000076293945,18.6200008392334,13967900
2026-07-27,18.709999084472656,18.709999084472656,18.809999465942383,18.579999923706055,18.649999618530273,15104300
2026-07-28,18.770000457763672,18.770000457763672,19.15999984741211,18.719999313354492,18.950000762939453,20123800
2026-07-29,18.450000762939453,18.450000762939453,18.65999984741211,18.360000610351562,18.649999618530273,12525600
