Date,Adj Close,Close,High,Low,Open,Volume
2021-07-29,16.726667404174805,22.673267364501953,22.8892879486084,22.5832576751709,22.80828094482422,4185914
2021-07-30,16.341537475585938,22.151214599609375,22.80828094482422,21.989198684692383,22.59225845336914,4944949
2021-08-02,16.202091217041016,21.962196350097656,22.33123207092285,21.962196350097656,22.151214599609375,6136830
2021-08-03,16.261852264404297,22.043203353881836,22.043203353881836,21.575157165527344,21.98019790649414,4793187
2021-08-04,16.600500106811523,22.50225067138672,22.50225067138672,21.82718276977539,21.82718276977539,5749425
2021-08-05,16.401296615600586,22.232223510742188,22.520252227783203,21.9711971282959,22.50225067138672,6872201
2021-08-06,16.228654861450195,21.998199462890625,22.232223510742188,21.854185104370117,22.232223510742188,4479329
2021-08-09,16.673547744750977,22.601259231567383,22.77227783203125,22.043203353881836,22.052204132080078,7465475
2021-08-10,16.653627395629883,22.574256896972656,22.916290283203125,22.457244873046875,22.565256118774414,9889566
2021-08-11,16.554019927978516,22.43924331665039,22.70026969909668,22.268226623535156,22.50225067138672,4745081
2021-08-12,16.361459732055664,22.1782169342041,22.826282501220703,22.106210708618164,22.43024253845215,7170060
2021-08-13,16.739948272705078,22.691268920898438,22.85328483581543,22.079206466674805,22.250225067138672,5774089
2021-08-16,16.819631576538086,22.799278259277344,22.835283279418945,22.448244094848633,22.619260787963867,6391360
2021-08-17,16.726667404174805,22.673267364501953,23.00629997253418,22.36723518371582,22.66426658630371,7612016
2021-08-18,16.082565307617188,21.800180435180664,22.62826156616211,21.71017074584961,22.62826156616211,11948582
2021-08-19,15.870084762573242,21.51215171813965,21.656164169311523,21.062105178833008,21.548154830932617,11414858
2021-08-20,16.341537475585938,22.151214599609375,22.358234405517578,21.386138916015625,21.386138916015625,11839260
2021-08-23,16.71338653564453,22.65526580810547,22.80828094482422,22.097209930419922,22.16921615600586,8233509
2021-08-24,17.045400619506836,23.105310440063477,23.15931510925293,22.610261917114258,22.77227783203125,7598684
2021-08-25,17.709415435791016,24.005399703979492,24.1494140625,22.862285614013672,22.997299194335938,11469186
2021-08-26,17.510210037231445,23.73537254333496,24.122411727905273,23.72637176513672,23.861385345458984,5223144
2021-08-27,17.742624282836914,24.050405502319336,24.11341094970703,23.64536476135254,23.825382232666016,6998855
2021-08-30,17.609817504882812,23.870386123657227,24.086408615112305,23.636362075805664,24.068405151367188,4970614
2021-08-31,17.47037124633789,23.681367874145508,24.095409393310547,23.555355072021484,23.942394256591797,10835138
2021-09-01,17.357486724853516,23.528352737426758,23.924392700195312,23.31233024597168,23.76237678527832,7076070
2021-09-02,16.79970932006836,22.77227783203125,23.76237678527832,22.70026969909668,23.49234962463379,9547934
2021-09-03,16.932514190673828,22.952295303344727,23.105310440063477,22.556255340576172,22.781278610229492,6588118
2021-09-06,16.720029830932617,22.66426658630371,23.31233024597168,22.66426658630371,23.11431121826172,3114021
2021-09-08,16.899314880371094,22.907289505004883,23.222322463989258,22.718271255493164,23.024301528930664,9121310
2021-09-09,17.231325149536133,23.35733413696289,23.64536476135254,22.77227783203125,22.862285614013672,8549256
2021-09-10,16.852832794189453,22.844284057617188,23.72637176513672,22.844284057617188,23.663366317749023,5899521
2021-09-13,16.99891471862793,23.04230308532715,23.177316665649414,22.619260787963867,23.015300750732422,5433678
2021-09-14,17.09852409362793,23.177316665649414,23.555355072021484,23.00629997253418,23.060306549072266,5697208
2021-09-15,16.686826705932617,22.619260787963867,23.168315887451172,22.493249893188477,23.033302307128906,5160706
2021-09-16,15.916566848754883,21.575157165527344,22.62826156616211,21.48514747619629,22.520252227783203,8379606
2021-09-17,15.518155097961426,21.03510284423828,21.611160278320312,20.981098175048828,21.575157165527344,6293815
2021-09-20,15.139660835266113,20.522052764892578,20.76507568359375,20.26102638244629,20.702070236206055,6405581
2021-09-21,15.139660835266113,20.522052764892578,20.846084594726562,20.26102638244629,20.702070236206055,5859080
2021-09-22,15.318943977355957,20.76507568359375,21.116111755371094,20.68406867980957,20.909090042114258,6056172
2021-09-23,15.843520164489746,21.476146697998047,21.5661563873291,20.702070236206055,20.846084594726562,8262507
2021-09-24,15.777120590209961,21.386138916015625,21.890188217163086,21.071107864379883,21.51215171813965,10978790
2021-09-27,15.743916511535645,21.34113311767578,21.6651668548584,21.125112533569336,21.2601261138916,5372351
2021-09-28,15.504871368408203,21.017101287841797,21.44914436340332,20.88208770751953,21.287128448486328,5701096
2021-09-29,15.704075813293457,21.287128448486328,21.548154830932617,20.936092376708984,21.017101287841797,5248141
2021-09-30,16.075931549072266,21.791179656982422,22.313230514526367,21.215120315551758,21.41314125061035,10530613
2021-10-01,15.777120590209961,21.386138916015625,22.088207244873047,21.29612922668457,21.926191329956055,7252608
2021-10-04,15.637676239013672,21.197118759155273,21.5661563873291,20.99009895324707,21.40414047241211,7892432
2021-10-05,15.644314765930176,21.206119537353516,21.458145141601562,20.99009895324707,21.25112533569336,8129853
2021-10-06,15.206061363220215,20.612060546875,21.278127670288086,20.558055877685547,21.017101287841797,9021653
2021-10-07,14.960373878479004,20.279027938842773,20.9540958404541,20.279027938842773,20.693069458007812,8441822
2021-10-08,14.87405014038086,20.162015914916992,20.540054321289062,20.162015914916992,20.486047744750977,15533002
2021-10-11,15.113096237182617,20.486047744750977,20.88208770751953,19.96399688720703,20.135013580322266,8359830
2021-10-13,15.338869094848633,20.79207992553711,21.008100509643555,20.225021362304688,20.468046188354492,6546900
2021-10-14,15.159576416015625,20.549053192138672,20.936092376708984,20.513050079345703,20.80108070373535,4554100
2021-10-15,15.391985893249512,20.864086151123047,21.278127670288086,20.585058212280273,20.72007179260254,5410347
2021-10-18,15.272464752197266,20.702070236206055,20.88208770751953,20.3060302734375,20.702070236206055,4311791
2021-10-19,14.847491264343262,20.126012802124023,20.702070236206055,20.04500389099121,20.50404930114746,6061949
2021-10-20,14.986932754516602,20.315031051635742,20.477046966552734,19.873987197875977,20.324031829833984,4940394
2021-10-21,14.94045352935791,20.252025604248047,20.360036849975586,19.747974395751953,19.954994201660156,8855781
2021-10-22,16.06928825378418,21.78217887878418,22.052204132080078,19.981998443603516,20.072006225585938,16759768
2021-10-25,16.06928825378418,21.78217887878418,21.926191329956055,21.350135803222656,21.82718276977539,6727105
2021-10-26,15.850164413452148,21.48514747619629,22.115211486816406,21.269126892089844,21.90818977355957,13551866
2021-10-27,15.458390235900879,20.9540958404541,21.701169967651367,20.909090042114258,21.692169189453125,8214511
2021-10-28,15.670876502990723,21.242124557495117,21.728172302246094,20.810081481933594,20.9180908203125,8296281
2021-10-29,15.232623100280762,20.64806365966797,21.764175415039062,20.594058990478516,21.40414047241211,8346165
2021-11-01,14.93299674987793,19.918991088867188,20.72907257080078,19.900989532470703,20.72907257080078,7607017
2021-11-03,15.10844612121582,20.15301513671875,20.378036499023438,19.918991088867188,19.918991088867188,8127631
2021-11-04,15.067956924438477,20.099008560180664,20.26102638244629,19.720972061157227,20.19801902770996,5540223
2021-11-05,15.189422607421875,20.26102638244629,20.513050079345703,19.84698486328125,20.19801902770996,4594762
2021-11-08,15.182671546936035,20.252025604248047,20.603059768676758,19.936992645263672,20.099008560180664,2671177
2021-11-09,14.97348690032959,19.972997665405273,20.333032608032227,19.936992645263672,20.180017471313477,3546312
2021-11-10,15.00047779083252,20.009000778198242,20.396038055419922,19.828981399536133,20.03600311279297,3422546
2021-11-11,15.621277809143066,20.83708381652832,21.080108642578125,20.072006225585938,20.243024826049805,4156362
2021-11-12,15.702251434326172,20.945093154907227,21.359134674072266,20.693069458007812,20.702070236206055,3404659
2021-11-16,15.547053337097168,20.738073348999023,21.044103622436523,20.630062103271484,20.945093154907227,4142252
2021-11-17,15.513318061828613,20.693069458007812,21.323131561279297,20.630062103271484,20.828081130981445,4181804
2021-11-18,15.513318061828613,20.693069458007812,20.846084594726562,20.432043075561523,20.783077239990234,2794387
2021-11-19,15.870951652526855,21.170116424560547,21.503150939941406,20.630062103271484,20.72907257080078,3693519
2021-11-22,15.601034164428711,20.810081481933594,21.37713623046875,20.68406867980957,21.37713623046875,3141130
2021-11-23,15.506566047668457,20.68406867980957,20.972097396850586,20.396038055419922,20.774076461791992,4551655
2021-11-24,15.911441802978516,21.22412109375,21.548154830932617,20.441043853759766,20.50404930114746,4966725
2021-11-25,15.972169876098633,21.305130004882812,21.548154830932617,21.02610206604004,21.161115646362305,5535002
2021-11-26,15.688759803771973,20.927091598510742,21.422142028808594,20.79207992553711,20.972097396850586,4767745
2021-11-29,16.08013343811035,21.44914436340332,21.620161056518555,20.927091598510742,21.10710906982422,4934506
2021-11-30,16.066640853881836,21.431142807006836,21.6651668548584,20.72007179260254,21.359134674072266,9407170
2021-12-01,16.194849014282227,21.60215950012207,22.304229736328125,21.41314125061035,21.63816261291504,7613127
2021-12-02,16.444517135620117,21.935192108154297,22.16921615600586,21.458145141601562,21.845184326171875,6418358
2021-12-03,16.29606056213379,21.737173080444336,22.691268920898438,21.629161834716797,22.061206817626953,7316712
2021-12-06,16.910123825073242,22.556255340576172,22.80828094482422,21.845184326171875,21.86318588256836,5483007
2021-12-07,16.862886428833008,22.493249893188477,22.997299194335938,22.385238647460938,22.727272033691406,5516337
2021-12-08,16.943859100341797,22.601259231567383,22.880287170410156,22.466245651245117,22.63726234436035,3906831
2021-12-09,17.01808738708496,22.70026969909668,22.754274368286133,22.412240982055664,22.66426658630371,3351220
2021-12-10,17.288000106811523,23.060306549072266,23.141313552856445,22.601259231567383,22.907289505004883,4986612
2021-12-13,17.274503707885742,23.04230308532715,23.177316665649414,22.77227783203125,23.132312774658203,3302669
2021-12-14,17.220523834228516,22.97029685974121,23.663366317749023,22.89828872680664,23.150314331054688,5136041
2021-12-15,17.234018325805664,22.988298416137695,23.285327911376953,22.81728172302246,23.150314331054688,5473230
2021-12-16,17.50393295288086,23.34833335876465,23.672367095947266,22.997299194335938,23.12331199645996,5031274
2021-12-17,17.719863891601562,23.636362075805664,23.924392700195312,23.303329467773438,23.330333709716797,5757313
2021-12-20,17.524173736572266,23.375337600708008,23.753374099731445,23.15931510925293,23.69036865234375,3617082
2021-12-21,17.557918548583984,23.42034149169922,23.57335662841797,23.141313552856445,23.31233024597168,4306124
2021-12-22,17.584909439086914,23.456344604492188,23.57335662841797,23.294328689575195,23.537353515625,4213911
2021-12-23,17.436452865600586,23.258325576782227,23.852384567260742,23.11431121826172,23.555355072021484,3545201
2021-12-27,17.54442024230957,23.402339935302734,23.58235740661621,23.258325576782227,23.402339935302734,1397638
2021-12-28,17.314992904663086,23.096309661865234,23.49234962463379,22.934293746948242,23.49234962463379,1668610
2021-12-29,17.294748306274414,23.069305419921875,23.213321685791016,22.934293746948242,23.141313552856445,1657278
2021-12-30,17.355480194091797,23.150314331054688,23.46534538269043,23.096309661865234,23.402339935302734,2650179
2022-01-03,17.308242797851562,23.087308883666992,23.321332931518555,22.466245651245117,23.168315887451172,4659645
2022-01-04,17.632143020629883,23.519350051879883,23.72637176513672,22.835283279418945,22.988298416137695,6602673
2022-01-05,17.30149269104004,23.078306198120117,23.852384567260742,23.024301528930664,23.564355850219727,5615771
2022-01-06,17.314992904663086,23.096309661865234,23.672367095947266,23.00629997253418,23.15931510925293,5841526
2022-01-07,17.024831771850586,22.709270477294922,23.150314331054688,22.54725456237793,23.132312774658203,3705518
2022-01-10,16.889875411987305,22.529251098632812,22.862285614013672,22.32223129272461,22.691268920898438,3790398
2022-01-11,16.85613441467285,22.4842472076416,22.952295303344727,22.43024253845215,22.70026969909668,4097034
2022-01-12,17.26775550842285,23.033302307128906,23.402339935302734,22.33123207092285,22.448244094848633,6056616
2022-01-13,17.17328453063965,22.907289505004883,23.528352737426758,22.77227783203125,23.024301528930664,4747969
2022-01-14,17.065319061279297,22.763275146484375,23.27632713317871,22.70026969909668,22.943294525146484,3991600
2022-01-17,16.49175453186035,21.998199462890625,22.763275146484375,21.962196350097656,22.709270477294922,3291559
2022-01-18,16.95060920715332,22.610261917114258,22.691268920898438,21.8721866607666,22.043203353881836,4238353
2022-01-19,17.34873390197754,23.141313552856445,23.204320907592773,22.673267364501953,22.790279388427734,3500205
2022-01-20,17.234018325805664,22.988298416137695,23.528352737426758,22.73627281188965,23.132312774658203,3636191
2022-01-21,16.761667251586914,22.358234405517578,22.952295303344727,22.340234756469727,22.952295303344727,3278894
2022-01-24,16.350048065185547,21.809179306030273,22.304229736328125,21.683168411254883,22.2772274017334,3399882
2022-01-25,16.174606323242188,21.575157165527344,21.791179656982422,21.395139694213867,21.737173080444336,5973069
2022-01-26,16.228588104248047,21.64716339111328,22.052204132080078,21.593158721923828,21.809179306030273,6665333
2022-01-27,16.5794734954834,22.115211486816406,22.466245651245117,21.71017074584961,21.78217887878418,3844837
2022-01-28,16.930362701416016,22.5832576751709,22.646263122558594,21.728172302246094,22.115211486816406,3733848
2022-01-31,16.9168701171875,22.565256118774414,22.718271255493164,22.196218490600586,22.313230514526367,3067248
2022-02-01,16.626710891723633,22.1782169342041,22.62826156616211,22.007200241088867,22.340234756469727,5017720
2022-02-02,16.592973709106445,22.13321304321289,22.51125144958496,22.070207595825195,22.160215377807617,2653623
2022-02-03,16.795408248901367,22.403240203857422,22.574256896972656,22.01620101928711,22.061206817626953,3191569
2022-02-04,17.119304656982422,22.835283279418945,22.96129608154297,21.881187438964844,22.33123207092285,4379673
2022-02-07,16.8696346282959,22.50225067138672,22.988298416137695,22.33123207092285,22.691268920898438,3741959
2022-02-08,17.01808738708496,22.70026969909668,22.952295303344727,22.1782169342041,22.36723518371582,3515092
2022-02-09,16.822399139404297,22.43924331665039,23.15931510925293,22.412240982055664,22.54725456237793,4602873
2022-02-10,16.64695167541504,22.205219268798828,22.73627281188965,21.90818977355957,22.619260787963867,6236931
2022-02-11,16.127368927001953,21.51215171813965,22.268226623535156,21.467145919799805,22.259225845336914,6285371
2022-02-14,16.147613525390625,21.539152145385742,21.75517463684082,21.34113311767578,21.575157165527344,3019253
2022-02-15,15.70482349395752,20.64806365966797,21.386138916015625,20.558055877685547,21.269126892089844,9880900
2022-02-16,15.643205642700195,20.56705665588379,20.855085372924805,20.405040740966797,20.774076461791992,7358375
2022-02-17,15.917049407958984,20.927091598510742,21.089107513427734,20.450044631958008,20.675067901611328,5523558
2022-02-18,15.978657722473145,21.008100509643555,21.14311408996582,20.666065216064453,20.972097396850586,3782288
2022-02-21,15.93073844909668,20.945093154907227,21.134113311767578,20.675067901611328,20.864086151123047,3029808
2022-02-22,16.122426986694336,21.197118759155273,21.22412109375,20.83708381652832,21.062105178833008,3934051
2022-02-23,15.499438285827637,20.378036499023438,21.323131561279297,20.216020584106445,21.098108291625977,6849426
2022-02-24,15.629512786865234,20.549053192138672,20.630062103271484,19.675966262817383,19.918991088867188,5340132
2022-02-25,15.656896591186523,20.585058212280273,20.738073348999023,20.324031829833984,20.42304229736328,6992967
2022-03-02,15.84858512878418,20.83708381652832,21.55715560913086,20.702070236206055,20.88208770751953,7155839
2022-03-03,15.773279190063477,20.738073348999023,21.14311408996582,20.621061325073242,20.819080352783203,8636580
2022-03-04,16.51265525817871,21.71017074584961,21.764175415039062,20.87308692932129,20.9540958404541,8014754
2022-03-07,16.7111873626709,21.9711971282959,22.24122428894043,21.67416763305664,21.692169189453125,5769978
2022-03-08,16.950803756713867,22.28622817993164,22.4842472076416,21.82718276977539,22.061206817626953,8647912
2022-03-09,17.01926040649414,22.376237869262695,22.403240203857422,21.800180435180664,22.295228958129883,6944416
2022-03-10,17.32733154296875,22.781278610229492,23.015300750732422,22.13321304321289,22.187217712402344,6375806
2022-03-11,17.43686866760254,22.925291061401367,23.537353515625,22.74527359008789,22.74527359008789,7803552
2022-03-14,17.341022491455078,22.799278259277344,23.366336822509766,22.691268920898438,22.988298416137695,7161283
2022-03-15,16.88918113708496,22.205219268798828,22.862285614013672,22.043203353881836,22.862285614013672,7068737
2022-03-16,17.252025604248047,22.682268142700195,22.97029685974121,22.232223510742188,22.421241760253906,6185603
2022-03-17,17.71755599975586,23.294328689575195,23.438343048095703,22.66426658630371,22.74527359008789,7599795
2022-03-18,18.011938095092773,23.681367874145508,23.771377563476562,23.249324798583984,23.294328689575195,8748236
2022-03-21,17.64910125732422,23.204320907592773,24.464445114135742,23.141313552856445,23.708370208740234,5122154
2022-03-22,17.998241424560547,23.663366317749023,24.03240394592285,23.294328689575195,23.57335662841797,5710206
2022-03-23,17.8681697845459,23.49234962463379,23.969396591186523,23.26732635498047,23.744373321533203,6606783
2022-03-24,18.210472106933594,23.942394256591797,24.230422973632812,23.50135040283203,23.600360870361328,6226821
2022-03-25,17.09456443786621,22.47524642944336,24.059404373168945,22.36723518371582,24.03240394592285,8624470
2022-03-28,17.108261108398438,22.493249893188477,22.63726234436035,22.250225067138672,22.54725456237793,4224466
2022-03-29,16.923418045043945,22.250225067138672,22.754274368286133,22.24122428894043,22.682268142700195,5361797
2022-03-30,16.848106384277344,22.151214599609375,22.50225067138672,22.079206466674805,22.358234405517578,4956059
2022-03-31,16.51265525817871,21.71017074584961,22.259225845336914,21.71017074584961,22.259225845336914,6400693
2022-04-01,16.245656967163086,21.359134674072266,21.935192108154297,21.25112533569336,21.935192108154297,6379917
2022-04-04,16.122426986694336,21.197118759155273,21.440143585205078,21.071107864379883,21.287128448486328,5609883
2022-04-05,15.917049407958984,20.927091598510742,21.323131561279297,20.846084594726562,21.242124557495117,6526125
2022-04-06,16.136119842529297,21.215120315551758,21.395139694213867,20.756074905395508,20.936092376708984,9668144
2022-04-07,15.869128227233887,20.864086151123047,21.2601261138916,20.72907257080078,21.152114868164062,5210923
2022-04-08,15.93073844909668,20.945093154907227,21.197118759155273,20.477046966552734,20.76507568359375,5268695
2022-04-11,15.814358711242676,20.79207992553711,21.098108291625977,20.711071014404297,20.810081481933594,3617527
2022-04-12,15.718510627746582,20.666065216064453,21.044103622436523,20.540054321289062,20.963096618652344,3778066
2022-04-13,15.670588493347168,20.603059768676758,20.972097396850586,20.477046966552734,20.693069458007812,6619671
2022-04-14,15.602129936218262,20.513050079345703,20.64806365966797,20.315031051635742,20.603059768676758,3582752
2022-04-18,15.27352237701416,20.081008911132812,20.549053192138672,20.04500389099121,20.45904541015625,4928618
2022-04-19,15.376209259033203,20.216020584106445,20.225021362304688,19.639963150024414,20.081008911132812,7148285
2022-04-20,15.19136905670166,19.972997665405273,20.396038055419922,19.972997665405273,20.207019805908203,4664866
2022-04-22,15.157135963439941,19.92799186706543,19.96399688720703,19.58595848083496,19.711971282958984,5538223
2022-04-25,15.17082691192627,19.945993423461914,20.15301513671875,19.675966262817383,20.108009338378906,5374795
2022-04-26,14.718990325927734,19.3519344329834,20.054004669189453,19.3519344329834,19.89198875427246,7023075
2022-04-27,14.643685340881348,19.252925872802734,19.66696548461914,19.189918518066406,19.630962371826172,5314690
2022-04-28,14.534146308898926,19.108909606933594,19.43294334411621,19.009899139404297,19.43294334411621,7258051
2022-04-29,14.19869327545166,18.667865753173828,19.42394256591797,18.667865753173828,19.40593910217285,8209623
2022-05-02,14.349305152893066,18.865886688232422,18.97389793395996,18.514850616455078,18.802879333496094,7717894
2022-05-03,14.527299880981445,19.09990882873535,19.333932876586914,18.79387855529785,18.883888244628906,11974469
2022-05-04,15.22559642791748,20.018001556396484,20.23402214050293,19.16291618347168,19.19891929626465,8630914
2022-05-05,15.403596878051758,20.252025604248047,20.612060546875,19.81098175048828,19.909990310668945,10266528
2022-05-06,15.314596176147461,20.135013580322266,20.486047744750977,19.88298797607422,20.19801902770996,7271717
2022-05-09,14.977422714233398,19.414941787719727,19.801979064941406,19.414941787719727,19.639963150024414,5026275
2022-05-10,14.581639289855957,18.90188980102539,19.58595848083496,18.712871551513672,19.531953811645508,6278038
2022-05-11,14.692732810974121,19.0459041595459,19.252925872802734,18.649864196777344,18.90188980102539,6828650
2022-05-12,14.51219654083252,18.811880111694336,19.16291618347168,18.56885528564453,18.928892135620117,5708429
2022-05-13,15.387096405029297,19.945993423461914,19.981998443603516,18.93789291381836,18.955894470214844,10882800
2022-05-16,15.157957077026367,19.648963928222656,20.135013580322266,19.567956924438477,20.027002334594727,6268928
2022-05-17,15.463479995727539,20.04500389099121,20.42304229736328,19.73897361755371,19.84698486328125,5754424
2022-05-18,15.276001930236816,19.801979064941406,20.15301513671875,19.58595848083496,20.03600311279297,6344698
2022-05-19,15.102409362792969,19.57695770263672,19.945993423461914,19.50494956970215,19.801979064941406,4161472
2022-05-20,15.151015281677246,19.639963150024414,20.23402214050293,19.414941787719727,19.77497673034668,9617038
2022-05-23,15.43570613861084,20.009000778198242,20.279027938842773,19.783977508544922,19.783977508544922,6538901
2022-05-24,15.338494300842285,19.88298797607422,20.090009689331055,19.477947235107422,19.89198875427246,6758657
2022-05-25,14.998252868652344,19.441944122314453,19.981998443603516,19.387937545776367,19.792978286743164,5539112
2022-05-26,15.39404296875,19.954994201660156,20.072006225585938,19.333932876586914,19.43294334411621,5445788
2022-05-27,15.414872169494629,19.981998443603516,20.225021362304688,19.900989532470703,20.04500389099121,5136375
2022-05-30,15.366265296936035,19.918991088867188,20.450044631958008,19.909990310668945,20.027002334594727,2792609
2022-05-31,15.463479995727539,20.04500389099121,20.288028717041016,19.765975952148438,20.072006225585938,4698863
2022-06-01,15.755115509033203,20.42304229736328,20.68406867980957,20.108009338378906,20.333032608032227,5482562
2022-06-02,15.796773910522461,20.477046966552734,20.666065216064453,20.171016693115234,20.666065216064453,4186248
2022-06-03,15.414872169494629,19.981998443603516,20.432043075561523,19.96399688720703,20.405040740966797,3224677
2022-06-06,15.442646980285645,20.018001556396484,20.180017471313477,19.88298797607422,20.11701011657715,2025575
2022-06-07,15.43570613861084,20.009000778198242,20.288028717041016,19.909990310668945,19.936992645263672,4097590
2022-06-08,15.23434066772461,19.747974395751953,20.03600311279297,19.50494956970215,19.864986419677734,5292248
2022-06-09,15.130186080932617,19.612960815429688,19.756975173950195,19.414941787719727,19.73897361755371,5152484
2022-06-10,14.83160400390625,19.225921630859375,19.51395034790039,19.0459041595459,19.42394256591797,5639436
2022-06-13,14.817717552185059,19.20792007446289,19.3519344329834,18.82088279724121,19.027902603149414,6168049
2022-06-14,14.52608871459961,18.82988166809082,19.24392318725586,18.622861862182617,19.189918518066406,6031619
2022-06-15,14.338608741760254,18.58685874938965,19.153915405273438,18.514850616455078,18.955894470214844,7375484
2022-06-17,14.137242317199707,18.32583236694336,18.47884750366211,17.983797073364258,18.17281723022461,7748780
2022-06-20,14.026142120361328,18.18181800842285,18.4338436126709,18.073806762695312,18.226821899414062,2464420
2022-06-21,13.956709861755371,18.091808319091797,18.622861862182617,18.055805206298828,18.298828125,4745969
2022-06-22,13.90115737915039,18.019800186157227,18.226821899414062,17.785778045654297,18.001800537109375,5170149
2022-06-23,13.55397891998291,17.56975555419922,18.136812210083008,17.389738082885742,18.019800186157227,7592685
2022-06-24,13.748400688171387,17.821781158447266,18.055805206298828,17.623762130737305,17.64176368713379,9201524
2022-06-27,13.991427421569824,18.136812210083008,18.343833923339844,17.893789291381836,17.929792404174805,4538323
2022-06-28,14.060861587524414,18.226821899414062,18.37083625793457,18.001800537109375,18.226821899414062,7352264
2022-06-29,13.998369216918945,18.145814895629883,18.496849060058594,18.037803649902344,18.21782112121582,7180059
2022-06-30,14.026142120361328,18.18181800842285,18.56885528564453,17.87578773498535,17.902790069580078,12188447
2022-07-01,14.01920223236084,18.17281723022461,18.37083625793457,17.983797073364258,18.082807540893555,6143163
2022-07-04,14.01920223236084,18.17281723022461,18.244823455810547,18.0288028717041,18.073806762695312,3888722
2022-07-05,13.748400688171387,17.821781158447266,18.082807540893555,17.740774154663086,18.037803649902344,6341699
2022-07-06,13.894217491149902,18.010801315307617,18.010801315307617,17.65076446533203,17.668766021728516,13398882
2022-07-07,13.817835807800293,17.91179084777832,18.424842834472656,17.91179084777832,18.0288028717041,4712973
2022-07-08,13.685909271240234,17.740774154663086,18.136812210083008,17.677766799926758,17.94779396057129,6160717
2022-07-11,13.54703426361084,17.56075668334961,17.785778045654297,17.470746994018555,17.623762130737305,4599873
2022-07-12,13.623414993286133,17.659765243530273,17.749774932861328,17.479747772216797,17.479747772216797,6210712
2022-07-13,13.220682144165039,17.137712478637695,17.614761352539062,17.11071014404297,17.56075668334961,4743747
2022-07-14,13.047093391418457,16.912691116333008,17.07470703125,16.69666862487793,17.03870391845703,8069081
2022-07-15,12.845726013183594,16.65166473388672,17.011701583862305,16.552654266357422,17.011701583862305,6034729
2022-07-18,12.790179252624512,16.57965660095215,16.903690338134766,16.444644927978516,16.69666862487793,7163616
2022-07-19,13.054038047790527,16.92169189453125,16.984697341918945,16.480648040771484,16.633663177490234,7667677
2022-07-20,13.241515159606934,17.164716720581055,17.245723724365234,16.84068489074707,16.930692672729492,5411792
2022-07-21,12.817954063415527,16.61566162109375,16.912691116333008,15.751575469970703,16.912691116333008,21041784
2022-07-22,13.12347412109375,17.011701583862305,17.065706253051758,16.525651931762695,16.669666290283203,8553255
2022-07-25,12.790179252624512,16.57965660095215,17.209720611572266,16.57065773010254,17.092708587646484,5545334
2022-07-26,12.811010360717773,16.606660842895508,16.69666862487793,16.39063835144043,16.606660842895508,4923063
2022-07-27,13.51231575012207,17.515750885009766,17.515750885009766,16.65166473388672,16.786678314208984,12139230
2022-07-28,13.352611541748047,17.30872917175293,17.704769134521484,17.11971092224121,17.49774932861328,6098834
2022-07-29,13.838666915893555,17.938793182373047,18.226821899414062,17.371736526489258,17.434743881225586,7283382
2022-08-01,13.727568626403809,17.79477882385254,18.17281723022461,17.56075668334961,18.06480598449707,8988212
2022-08-02,13.793059349060059,17.551755905151367,17.677766799926758,17.27272605895996,17.434743881225586,7190836
2022-08-03,13.722326278686523,17.461746215820312,17.75877571105957,17.236722946166992,17.56975555419922,7311602
2022-08-04,13.722326278686523,17.461746215820312,17.632762908935547,17.34473419189453,17.53375244140625,8031863
2022-08-05,13.863791465759277,17.64176368713379,17.767776489257812,17.398738861083984,17.398738861083984,5565665
2022-08-08,13.984039306640625,17.79477882385254,18.010801315307617,17.677766799926758,17.740774154663086,4996055
2022-08-09,13.991113662719727,17.80377960205078,17.938793182373047,17.587757110595703,17.857784271240234,5759201
2022-08-10,13.948671340942383,17.749774932861328,18.073806762695312,17.623762130737305,17.902790069580078,8419491
2022-08-11,13.97696590423584,17.785778045654297,17.902790069580078,17.56975555419922,17.866785049438477,8992100
2022-08-12,14.351855278015137,18.262826919555664,18.271827697753906,17.821781158447266,17.83978271484375,8187181
2022-08-15,13.991113662719727,17.80377960205078,18.397838592529297,17.785778045654297,18.21782112121582,7440033
2022-08-16,14.358929634094238,18.271827697753906,18.3348331451416,17.79477882385254,17.87578773498535,6941528
2022-08-17,14.663082122802734,18.658864974975586,18.865886688232422,18.136812210083008,18.17281723022461,8897110
2022-08-18,14.670157432556152,18.667865753173828,18.847883224487305,18.460845947265625,18.74887466430664,4100923
2022-08-19,14.634790420532227,18.622861862182617,18.79387855529785,18.52385139465332,18.649864196777344,5915408
2022-08-22,14.330634117126465,18.235822677612305,18.7398738861084,18.163816452026367,18.541854858398438,6661778
2022-08-23,14.578205108642578,18.55085563659668,18.712871551513672,18.055805206298828,18.244823455810547,5089379
2022-08-24,14.415517807006836,18.343833923339844,18.604860305786133,18.091808319091797,18.55985450744629,11977802
2022-08-25,14.210386276245117,18.082807540893555,18.757875442504883,18.019800186157227,18.41584014892578,6807430
2022-08-26,13.913308143615723,17.704769134521484,18.307830810546875,17.632762908935547,18.118810653686523,9789021
2022-08-29,13.807206153869629,17.56975555419922,17.95679473876953,17.56975555419922,17.731773376464844,6844093
2022-08-30,13.587931632995605,17.290729522705078,17.812780380249023,17.19171905517578,17.64176368713379,10193091
2022-08-31,13.319145202636719,16.948694229125977,17.461746215820312,16.948694229125977,17.362735748291016,11495183
2022-09-01,13.15645694732666,16.741674423217773,17.209720611572266,16.687667846679688,17.101709365844727,12839827
2022-09-02,13.128162384033203,16.705669403076172,17.146713256835938,16.54365348815918,16.894689559936523,15211145
2022-09-05,13.326216697692871,16.95769500732422,17.101709365844727,16.624662399291992,16.858684539794922,5564999
2022-09-06,13.227189064025879,16.831682205200195,16.984697341918945,16.624662399291992,16.95769500732422,7135841
2022-09-08,12.930109024047852,16.453645706176758,16.96669578552246,16.444644927978516,16.92169189453125,7496250
2022-09-09,13.205970764160156,16.80467987060547,16.858684539794922,16.399639129638672,16.561656951904297,4909397
2022-09-12,13.411096572875977,17.065706253051758,17.164716720581055,16.867685317993164,16.867685317993164,4505771
2022-09-13,13.25548267364502,16.867685317993164,17.34473419189453,16.84968376159668,17.101709365844727,6657778
2022-09-14,13.375731468200684,17.020702362060547,17.236722946166992,16.795679092407227,16.96669578552246,4943061
2022-09-15,13.340363502502441,16.975696563720703,17.101709365844727,16.92169189453125,17.029701232910156,3429323
2022-09-16,13.000842094421387,16.54365348815918,17.056705474853516,16.462646484375,16.96669578552246,10585830
2022-09-19,12.965476989746094,16.49864959716797,16.58865737915039,16.291629791259766,16.561656951904297,10872134
2022-09-20,13.135236740112305,16.714670181274414,16.714670181274414,16.291629791259766,16.489648818969727,6210601
2022-09-21,12.824007034301758,16.31863021850586,16.831682205200195,16.31863021850586,16.72367286682129,6820317
2022-09-22,13.092795372009277,16.66066551208496,16.69666862487793,16.31863021850586,16.444644927978516,7375262
2022-09-23,12.739129066467285,16.210620880126953,16.66066551208496,15.93159294128418,16.50765037536621,12484529
2022-09-26,12.717907905578613,16.183618545532227,16.516651153564453,16.075607299804688,16.183618545532227,5042273
2022-09-27,12.76034927368164,16.23762321472168,16.363636016845703,16.183618545532227,16.255624771118164,8874334
2022-09-28,12.802788734436035,16.291629791259766,16.58865737915039,16.27362632751465,16.300630569458008,5102378
2022-09-29,12.59058952331543,16.021602630615234,16.35463523864746,15.949593544006348,16.300630569458008,7244942
2022-09-30,12.838155746459961,16.336633682250977,16.417640686035156,15.868585586547852,16.021602630615234,9300292
2022-10-03,13.25548267364502,16.867685317993164,16.876686096191406,16.34563446044922,16.705669403076172,6350031
2022-10-04,13.22011661529541,16.822681427001953,17.254724502563477,16.687667846679688,16.930692672729492,9723027
2022-10-05,13.389878273010254,17.03870391845703,17.18271827697754,16.759674072265625,16.88568878173828,8068193
2022-10-06,13.312070846557617,16.939693450927734,17.19171905517578,16.88568878173828,17.092708587646484,4854625
2022-10-07,13.312070846557617,16.939693450927734,17.164716720581055,16.912691116333008,16.912691116333008,5657212
2022-10-10,13.722326278686523,17.461746215820312,17.524751663208008,17.011701583862305,17.020702362060547,7141619
2022-10-11,13.64451789855957,17.362735748291016,17.668766021728516,17.27272605895996,17.48874855041504,4760412
2022-10-13,13.885015487670898,17.668766021728516,17.938793182373047,17.101709365844727,17.245723724365234,10137986
2022-10-14,13.892085075378418,17.677766799926758,18.10980987548828,17.65076446533203,17.749774932861328,7356819
2022-10-17,14.351855278015137,18.262826919555664,18.379837036132812,17.7227725982666,17.731773376464844,6727105
2022-10-18,14.535760879516602,18.496849060058594,18.721872329711914,18.262826919555664,18.352834701538086,7622682
2022-10-19,14.45088005065918,18.388837814331055,18.649864196777344,18.271827697753906,18.47884750366211,4307791
2022-10-20,14.549908638000488,18.514850616455078,18.622861862182617,18.145814895629883,18.451845169067383,7588574
2022-10-21,14.599421501159668,18.577856063842773,18.712871551513672,18.244823455810547,18.388837814331055,5525891
2022-10-24,14.81869888305664,18.85688591003418,19.171916961669922,18.44284439086914,18.451845169067383,6714106
2022-10-25,14.875283241271973,18.928892135620117,19.225921630859375,18.90188980102539,18.90188980102539,7132064
2022-10-26,14.967235565185547,19.0459041595459,19.171916961669922,18.667865753173828,18.93789291381836,10810030
2022-10-27,14.861136436462402,18.910890579223633,19.477947235107422,18.55985450744629,19.36093521118164,12346320
2022-10-28,15.48359489440918,19.702970504760742,19.837982177734375,18.919891357421875,18.919891357421875,11328867
2022-10-31,15.292611122131348,19.459945678710938,19.765975952148438,19.225921630859375,19.594959259033203,8360608
2022-11-01,15.492183685302734,19.297929763793945,19.612960815429688,19.018901824951172,19.43294334411621,9380839
2022-11-03,15.824570655822754,19.711971282958984,19.855985641479492,18.964895248413086,19.297929763793945,7307269
2022-11-04,15.954633712768555,19.873987197875977,20.522052764892578,19.756975173950195,19.864986419677734,7102178
2022-11-07,16.041349411010742,19.981998443603516,20.216020584106445,19.711971282958984,19.801979064941406,4633981
2022-11-08,16.431541442871094,20.468046188354492,20.65706443786621,19.981998443603516,20.0,5778866
2022-11-09,16.30870246887207,20.315031051635742,20.675067901611328,20.252025604248047,20.41404151916504,3447877
2022-11-10,16.272573471069336,20.27002716064453,20.72907257080078,20.090009689331055,20.144014358520508,7949316
2022-11-11,17.17580223083496,21.395139694213867,21.548154830932617,20.3060302734375,20.3060302734375,8796564
2022-11-14,16.99515724182129,21.170116424560547,21.593158721923828,20.999099731445312,21.368135452270508,4341899
2022-11-16,16.677217483520508,20.774076461791992,21.125112533569336,20.666065216064453,20.846084594726562,4936728
2022-11-17,16.1641902923584,20.135013580322266,21.080108642578125,20.04500389099121,20.486047744750977,7991534
2022-11-18,16.005216598510742,19.936992645263672,20.41404151916504,19.801979064941406,20.35103416442871,4592207
2022-11-21,15.44882869720459,19.24392318725586,20.135013580322266,19.20792007446289,19.96399688720703,6412692
2022-11-22,15.484957695007324,19.28892707824707,19.612960815429688,19.171916961669922,19.261926651000977,5703429
2022-11-23,15.32598876953125,19.09090805053711,19.459945678710938,19.000900268554688,19.252925872802734,3582308
2022-11-24,15.383795738220215,19.16291618347168,19.28892707824707,18.90188980102539,19.261926651000977,4188247
2022-11-25,14.98637580871582,18.667865753173828,19.369935989379883,18.6408634185791,19.252925872802734,5338243
2022-11-28,14.827407836914062,18.469846725463867,18.766876220703125,18.388837814331055,18.67686653137207,5020275
2022-11-29,14.545599937438965,18.118810653686523,18.847883224487305,18.10080909729004,18.604860305786133,7664677
2022-11-30,14.155405044555664,17.632762908935547,18.055805206298828,17.470746994018555,18.010801315307617,16058394
2022-12-01,14.256567001342773,17.75877571105957,18.145814895629883,17.398738861083984,17.731773376464844,7115399
2022-12-02,14.37940502166748,17.91179084777832,18.118810653686523,17.245723724365234,17.821781158447266,8352720
2022-12-05,14.567277908325195,18.145814895629883,18.17281723022461,17.695768356323242,17.79477882385254,5131264
2022-12-06,14.96469783782959,18.6408634185791,18.721872329711914,18.118810653686523,18.271827697753906,6466908
2022-12-07,14.935794830322266,18.604860305786133,18.93789291381836,18.37083625793457,18.59585952758789,4775744
2022-12-08,14.682891845703125,18.289827346801758,18.928892135620117,18.262826919555664,18.766876220703125,4784854
2022-12-09,15.25373363494873,19.000900268554688,19.05490493774414,18.208820343017578,18.3348331451416,5297025
2022-12-12,15.362116813659668,19.135913848876953,19.16291618347168,18.667865753173828,18.89288902282715,7077181
2022-12-13,14.762374877929688,18.388837814331055,19.36093521118164,18.28082847595215,19.144914627075195,8877778
2022-12-14,14.877985000610352,18.532852172851562,18.78487777709961,18.28082847595215,18.3348331451416,9095423
2022-12-15,14.784052848815918,18.41584014892578,18.658864974975586,18.235822677612305,18.424842834472656,3474430
2022-12-16,14.581729888916016,18.163816452026367,18.4338436126709,18.091808319091797,18.21782112121582,4246464
2022-12-19,14.191534996032715,17.677766799926758,18.397838592529297,17.587757110595703,18.316831588745117,4004932
2022-12-20,14.321599006652832,17.83978271484375,17.983797073364258,17.49774932861328,17.83978271484375,6131831
2022-12-21,14.120905876159668,17.56075668334961,18.055805206298828,17.542753219604492,18.019800186157227,6044062
2022-12-22,14.200521469116211,17.659765243530273,17.812780380249023,17.443744659423828,17.64176368713379,4368563
2022-12-23,13.939963340759277,17.33573341369629,17.785778045654297,17.30872917175293,17.785778045654297,4309457
2022-12-26,13.845870971679688,17.218721389770508,17.470746994018555,17.200719833374023,17.389738082885742,1343532
2022-12-27,14.048530578613281,17.470746994018555,17.60576057434082,17.146713256835938,17.30872917175293,3733071
2022-12-28,14.352514266967773,17.848783493041992,18.0288028717041,17.632762908935547,17.64176368713379,4244242
2022-12-29,14.446606636047363,17.965795516967773,18.06480598449707,17.785778045654297,18.037803649902344,2967925
2023-01-02,14.511746406555176,18.046804428100586,18.118810653686523,17.704769134521484,17.983797073364258,2018242
2023-01-03,14.649266242980957,18.21782112121582,18.307830810546875,17.821781158447266,18.046804428100586,4932617
2023-01-04,14.707165718078613,18.289827346801758,18.63186264038086,18.136812210083008,18.17281723022461,4902731
2023-01-05,14.81573486328125,18.424842834472656,18.70387077331543,18.199819564819336,18.388837814331055,5126820
2023-01-06,14.707165718078613,18.289827346801758,18.604860305786133,18.145814895629883,18.577856063842773,3412436
2023-01-09,14.772305488586426,18.37083625793457,18.658864974975586,18.10980987548828,18.271827697753906,3350220
2023-01-10,14.656501770019531,18.226821899414062,18.41584014892578,18.10080909729004,18.226821899414062,3868724
2023-01-11,14.345277786254883,17.83978271484375,18.25382423400879,17.668766021728516,18.226821899414062,6484018
2023-01-12,14.417656898498535,17.929792404174805,18.118810653686523,17.749774932861328,17.920791625976562,4744081
2023-01-13,14.374228477478027,17.87578773498535,17.974796295166016,17.71377182006836,17.866785049438477,4924840
2023-01-16,14.410416603088379,17.920791625976562,18.190818786621094,17.821781158447266,18.037803649902344,2060238
2023-01-17,14.620311737060547,18.18181800842285,18.41584014892578,17.902790069580078,17.965795516967773,4964170
2023-01-18,14.649266242980957,18.21782112121582,18.460845947265625,18.073806762695312,18.4338436126709,4955726
2023-01-19,14.533458709716797,18.073806762695312,18.4338436126709,18.037803649902344,18.10980987548828,3399771
2023-01-20,14.200521469116211,17.659765243530273,18.082807540893555,17.389738082885742,18.001800537109375,10637936
2023-01-23,14.077481269836426,17.506750106811523,17.740774154663086,17.41674041748047,17.48874855041504,4507771
2023-01-24,14.164334297180176,17.614761352539062,17.75877571105957,17.3807373046875,17.53375244140625,4244686
2023-01-25,14.012337684631348,17.42574119567871,17.65076446533203,17.33573341369629,17.614761352539062,6530458
2023-01-26,13.947198867797852,17.34473419189453,17.45274543762207,16.867685317993164,17.236722946166992,9387505
2023-01-27,13.903773307800293,17.290729522705078,17.398738861083984,17.11071014404297,17.30872917175293,6992856
2023-01-30,14.222235679626465,17.686767578125,17.848783493041992,17.209720611572266,17.27272605895996,7292270
2023-01-31,14.113670349121094,17.551755905151367,17.983797073364258,17.434743881225586,17.75877571105957,7802553
2023-02-01,14.229471206665039,17.695768356323242,17.731773376464844,17.236722946166992,17.407739639282227,7831661
2023-02-02,13.74454116821289,17.092708587646484,17.659765243530273,17.065706253051758,17.56075668334961,8222733
2023-02-03,13.98338794708252,17.389738082885742,17.866785049438477,16.795679092407227,17.011701583862305,18572587
2023-02-06,13.816920280456543,17.18271827697754,17.60576057434082,17.164716720581055,17.53375244140625,4018931
2023-02-07,13.947198867797852,17.34473419189453,17.596759796142578,17.18271827697754,17.200719833374023,5010498
2023-02-08,13.932724952697754,17.326732635498047,17.614761352539062,17.164716720581055,17.49774932861328,5560777
2023-02-09,14.041288375854492,17.461746215820312,17.866785049438477,17.30872917175293,17.30872917175293,7387705
2023-02-10,14.157094955444336,17.60576057434082,17.695768356323242,17.34473419189453,17.362735748291016,4167916
2023-02-13,14.20776081085205,17.668766021728516,17.95679473876953,17.587757110595703,17.623762130737305,5085602
2023-02-14,14.3648099899292,17.57875633239746,17.668766021728516,17.22772216796875,17.398738861083984,5783643
2023-02-15,14.541332244873047,17.79477882385254,17.83078384399414,17.389738082885742,17.56975555419922,4635980
2023-02-16,14.504561424255371,17.749774932861328,18.046804428100586,17.515750885009766,17.821781158447266,6272483
2023-02-17,14.217705726623535,17.398738861083984,18.06480598449707,17.30872917175293,18.06480598449707,6309591
2023-02-22,13.916135787963867,17.029701232910156,17.317731857299805,16.975696563720703,17.281728744506836,4625426
2023-02-23,13.908784866333008,17.020702362060547,17.26372528076172,16.939693450927734,17.056705474853516,4504771
2023-02-24,13.99704647064209,17.128711700439453,17.22772216796875,16.975696563720703,17.101709365844727,2481974
2023-02-27,14.026469230651855,17.164716720581055,17.299728393554688,17.03870391845703,17.101709365844727,2828161
2023-02-28,14.357453346252441,17.56975555419922,17.623762130737305,17.137712478637695,17.18271827697754,4850848
2023-03-01,14.41629695892334,17.64176368713379,17.776777267456055,17.26372528076172,17.60576057434082,8076525
2023-03-02,14.482494354248047,17.7227725982666,17.893789291381836,17.56075668334961,17.65076446533203,3257674
2023-03-03,14.51191520690918,17.75877571105957,17.974796295166016,17.704769134521484,17.704769134521484,3977713
2023-03-06,14.438363075256348,17.668766021728516,17.902790069580078,17.551755905151367,17.776777267456055,3935828
2023-03-07,14.3206787109375,17.524751663208008,17.80377960205078,17.389738082885742,17.71377182006836,5360908
2023-03-08,14.489850044250488,17.731773376464844,17.80377960205078,17.45274543762207,17.461746215820312,5957515
2023-03-09,14.342744827270508,17.551755905151367,17.79477882385254,17.551755905151367,17.731773376464844,3989712
2023-03-10,14.210349082946777,17.389738082885742,17.542753219604492,17.236722946166992,17.48874855041504,6571009
2023-03-13,13.769033432006836,16.84968376159668,17.27272605895996,16.84068489074707,17.27272605895996,7871212
2023-03-14,13.563087463378906,16.597658157348633,16.939693450927734,16.516651153564453,16.92169189453125,8524814
2023-03-15,13.180612564086914,16.12961196899414,16.552654266357422,16.111610412597656,16.49864959716797,13352664
2023-03-16,13.239457130432129,16.20162010192871,16.363636016845703,16.048603057861328,16.27362632751465,11313868
2023-03-17,13.37185001373291,16.363636016845703,16.381637573242188,16.12961196899414,16.210620880126953,12261107
2023-03-20,13.283588409423828,16.255624771118164,16.43564224243164,16.048603057861328,16.363636016845703,7222944
2023-03-21,13.283588409423828,16.255624771118164,16.453645706176758,16.210620880126953,16.291629791259766,8898776
2023-03-22,13.232101440429688,16.19261932373047,16.417640686035156,16.156614303588867,16.255624771118164,6932862
2023-03-23,13.283588409423828,16.255624771118164,16.57065773010254,16.1206111907959,16.246623992919922,6572453
2023-03-24,13.467470169067383,16.480648040771484,16.54365348815918,16.183618545532227,16.336633682250977,6051061
2023-03-27,13.11441707611084,16.048603057861328,16.714670181274414,16.003599166870117,16.561656951904297,7390594
2023-03-28,13.187969207763672,16.138612747192383,16.19261932373047,15.994599342346191,16.048603057861328,4958726
2023-03-29,13.37185001373291,16.363636016845703,16.525651931762695,16.147613525390625,16.16561508178711,5583886
2023-03-30,13.430693626403809,16.43564224243164,16.678667068481445,16.372636795043945,16.534652709960938,5652434
2023-03-31,13.30565357208252,16.28262710571289,16.669666290283203,16.27362632751465,16.480648040771484,6946638
2023-04-03,13.4086275100708,16.408639907836914,16.489648818969727,16.174617767333984,16.291629791259766,4534879
2023-04-04,13.467470169067383,16.480648040771484,16.678667068481445,16.39063835144043,16.49864959716797,5729427
2023-04-05,13.136484146118164,16.075607299804688,16.65166473388672,15.967596054077148,16.633663177490234,9613594
2023-04-06,13.158550262451172,16.102609634399414,16.336633682250977,16.039602279663086,16.138612747192383,5604217
2023-04-10,13.327716827392578,16.309629440307617,16.4266414642334,16.075607299804688,16.210620880126953,3669744
2023-04-11,13.73961353302002,16.81368064880371,16.948694229125977,16.255624771118164,16.39063835144043,11179104
2023-04-12,13.849943161010742,16.948694229125977,17.07470703125,16.57965660095215,16.80467987060547,9848015
2023-04-13,13.776388168334961,16.858684539794922,17.03870391845703,16.687667846679688,16.975696563720703,8837005
2023-04-14,13.607219696044922,16.65166473388672,16.876686096191406,16.534652709960938,16.858684539794922,6403026
2023-04-17,13.688128471374512,16.750675201416016,16.92169189453125,16.57065773010254,16.786678314208984,6284371
2023-04-18,13.82052230834961,16.912691116333008,16.96669578552246,16.61566162109375,16.81368064880371,4310346
2023-04-19,13.894074440002441,17.002700805664062,17.065706253051758,16.687667846679688,16.858684539794922,8615693
2023-04-20,13.666062355041504,16.72367286682129,17.029701232910156,16.687667846679688,17.002700805664062,4321012
2023-04-24,13.710193634033203,16.777677536010742,16.84968376159668,16.561656951904297,16.69666862487793,7880878
2023-04-25,13.489534378051758,16.50765037536621,16.7686767578125,16.43564224243164,16.7686767578125,7257274
2023-04-26,13.482179641723633,16.49864959716797,16.597658157348633,16.336633682250977,16.50765037536621,7431590
2023-04-27,13.4968900680542,16.516651153564453,16.633663177490234,16.39063835144043,16.57065773010254,5346354
2023-04-28,14.070601463317871,17.218721389770508,17.407739639282227,16.57065773010254,16.57065773010254,14188025
2023-05-02,14.107377052307129,17.26372528076172,17.53375244140625,17.164716720581055,17.218721389770508,11721716
2023-05-03,14.636953353881836,17.91179084777832,18.21782112121582,17.362735748291016,17.371736526489258,14505327
2023-05-04,14.3648099899292,17.57875633239746,18.163816452026367,17.506750106811523,17.91179084777832,5964070
2023-05-05,14.644309043884277,17.920791625976562,18.037803649902344,17.443744659423828,17.65076446533203,4950616
2023-05-08,14.93087100982666,17.94779396057129,18.082807540893555,17.75877571105957,17.812780380249023,7339266
2023-05-09,15.013236999511719,18.046804428100586,18.136812210083008,17.812780380249023,17.902790069580078,3131575
2023-05-10,15.005749702453613,18.037803649902344,18.28082847595215,17.974796295166016,18.226821899414062,6879645
2023-05-11,14.915894508361816,17.929792404174805,18.055805206298828,17.80377960205078,18.037803649902344,7263384
2023-05-12,15.013236999511719,18.046804428100586,18.17281723022461,17.812780380249023,17.974796295166016,8125409
2023-05-15,15.694635391235352,18.865886688232422,19.05490493774414,18.037803649902344,18.055805206298828,8928995
2023-05-16,15.417580604553223,18.532852172851562,19.09990882873535,18.52385139465332,18.865886688232422,9340843
2023-05-17,15.59729290008545,18.74887466430664,18.78487777709961,18.460845947265625,18.63186264038086,6313035
2023-05-18,16.136417388916016,19.39693832397461,19.50494956970215,18.685867309570312,18.74887466430664,7847881
2023-05-19,16.458398818969727,19.783977508544922,19.873987197875977,19.495948791503906,19.54995346069336,7925762
2023-05-22,16.391010284423828,19.702970504760742,19.900989532470703,19.50494956970215,19.711971282958984,6473241
2023-05-23,16.293668746948242,19.58595848083496,20.432043075561523,19.567956924438477,19.990999221801758,8106300
2023-05-24,15.949225425720215,19.171916961669922,19.567956924438477,19.05490493774414,19.531953811645508,5447233
2023-05-25,15.956717491149902,19.180917739868164,19.50494956970215,19.05490493774414,19.378936767578125,3127353
2023-05-26,16.136417388916016,19.39693832397461,19.51395034790039,19.189918518066406,19.31593132019043,4492995
2023-05-29,15.934247970581055,19.153915405273438,19.43294334411621,19.072906494140625,19.39693832397461,2621626
2023-05-30,15.949225425720215,19.171916961669922,19.28892707824707,19.000900268554688,19.234922409057617,3916830
2023-05-31,15.754538536071777,18.93789291381836,19.234922409057617,18.730873107910156,19.19891929626465,11338643
2023-06-01,15.59729290008545,18.74887466430664,19.009899139404297,18.4338436126709,18.982898712158203,10834805
2023-06-02,15.896810531616211,19.108909606933594,19.342933654785156,18.775876998901367,18.928892135620117,6658778
2023-06-05,15.971683502197266,19.19891929626465,19.342933654785156,19.063905715942383,19.189918518066406,5177482
2023-06-06,16.151399612426758,19.414941787719727,19.51395034790039,19.108909606933594,19.27092742919922,5843304
2023-06-07,16.031593322753906,19.27092742919922,19.531953811645508,19.24392318725586,19.531953811645508,4395338
2023-06-09,15.926763534545898,19.144914627075195,19.495948791503906,18.97389793395996,19.369935989379883,5531113
2023-06-12,16.45091438293457,19.77497673034668,19.828981399536133,19.171916961669922,19.19891929626465,7454810
2023-06-13,16.638107299804688,20.0,20.26102638244629,19.747974395751953,19.936992645263672,7451254
2023-06-14,16.87772560119629,20.288028717041016,20.53105354309082,20.009000778198242,20.009000778198242,8643580
2023-06-15,17.154775619506836,20.621061325073242,20.819080352783203,20.126012802124023,20.207019805908203,8684464
2023-06-16,17.132312774658203,20.594058990478516,20.774076461791992,20.42304229736328,20.65706443786621,10002999
2023-06-19,17.192209243774414,20.666065216064453,20.747074127197266,20.34203338623047,20.34203338623047,4078703
2023-06-20,17.28955841064453,20.783077239990234,20.83708381652832,20.35103416442871,20.540054321289062,5350798
2023-06-21,16.90018653869629,20.315031051635742,20.936092376708984,20.23402214050293,20.83708381652832,6190825
2023-06-22,16.727962493896484,20.108009338378906,20.34203338623047,19.855985641479492,20.324031829833984,4706084
2023-06-23,16.997529983520508,20.432043075561523,20.450044631958008,20.027002334594727,20.108009338378906,4910620
2023-06-26,16.75042724609375,20.135013580322266,20.432043075561523,20.009000778198242,20.432043075561523,3587752
2023-06-27,16.585695266723633,19.936992645263672,20.180017471313477,19.801979064941406,20.162015914916992,5254252
2023-06-28,16.256227493286133,19.54095458984375,19.954994201660156,19.477947235107422,19.864986419677734,7126842
2023-06-29,16.151399612426758,19.414941787719727,19.594959259033203,19.297929763793945,19.5589542388916,6956637
2023-06-30,16.3011531829834,19.594959259033203,19.864986419677734,19.414941787719727,19.441944122314453,9672699
2023-07-03,16.420963287353516,19.73897361755371,19.936992645263672,19.630962371826172,19.66696548461914,6558010
2023-07-04,16.503328323364258,19.837982177734375,19.945993423461914,19.702970504760742,19.73897361755371,3266340
2023-07-05,16.443422317504883,19.765975952148438,19.918991088867188,19.66696548461914,19.837982177734375,4152806
2023-07-06,16.1888370513916,19.459945678710938,19.58595848083496,19.153915405273438,19.42394256591797,10316968
2023-07-07,16.376035690307617,19.684968948364258,19.81998062133789,19.378936767578125,19.57695770263672,5882300
2023-07-10,16.24125099182129,19.522951126098633,19.747974395751953,19.42394256591797,19.684968948364258,2579853
2023-07-11,16.113954544067383,19.369935989379883,19.522951126098633,19.216920852661133,19.522951126098633,3767401
2023-07-12,15.949225425720215,19.171916961669922,19.40593910217285,19.144914627075195,19.39693832397461,6063171
2023-07-13,16.136417388916016,19.39693832397461,19.495948791503906,19.135913848876953,19.216920852661133,3825728
2023-07-14,16.01661491394043,19.252925872802734,19.414941787719727,19.189918518066406,19.333932876586914,2748614
2023-07-17,16.02410316467285,19.261926651000977,19.387937545776367,19.09090805053711,19.180917739868164,3199235
2023-07-18,16.009126663208008,19.24392318725586,19.3519344329834,19.126911163330078,19.261926651000977,4364896
2023-07-19,15.687150955200195,18.85688591003418,19.27092742919922,18.67686653137207,19.24392318725586,8180070
2023-07-20,15.732072830200195,18.910890579223633,19.081907272338867,18.79387855529785,18.910890579223633,6496350
2023-07-21,15.762022972106934,18.9468936920166,19.117910385131836,18.85688591003418,18.90188980102539,5785532
2023-07-24,16.248741149902344,19.531953811645508,19.711971282958984,18.811880111694336,18.919891357421875,6531013
2023-07-25,16.36854362487793,19.675966262817383,19.89198875427246,19.477947235107422,19.756975173950195,4699085
2023-07-26,16.570716857910156,19.918991088867188,20.108009338378906,19.612960815429688,19.675966262817383,4733971
2023-07-27,16.87772560119629,20.288028717041016,20.369035720825195,19.945993423461914,19.972997665405273,5704762
2023-07-28,17.005016326904297,20.441043853759766,20.513050079345703,20.207019805908203,20.279027938842773,4228243
2023-07-31,17.22216796875,20.702070236206055,20.9180908203125,20.477046966552734,20.49504852294922,5388905
2023-08-01,17.03496742248535,20.477046966552734,21.206119537353516,20.396038055419922,20.64806365966797,13639635
2023-08-02,16.990041732788086,20.42304229736328,20.693069458007812,20.054004669189453,20.49504852294922,5798420
2023-08-03,17.386899948120117,20.900089263916016,21.197118759155273,20.396038055419922,20.513050079345703,8168960
2023-08-04,17.604047775268555,21.161115646362305,21.422142028808594,20.909090042114258,20.909090042114258,5732426
2023-08-07,17.652305603027344,20.999099731445312,21.062105178833008,20.819080352783203,21.02610206604004,4509326
2023-08-08,17.36478614807129,20.65706443786621,21.017101287841797,20.540054321289062,20.99009895324707,3387883
2023-08-09,17.062131881713867,20.297029495239258,20.630062103271484,20.0,20.594058990478516,5943072
2023-08-10,17.054563522338867,20.288028717041016,20.42304229736328,20.126012802124023,20.315031051635742,2889488
2023-08-11,17.145362854003906,20.396038055419922,20.42304229736328,20.144014358520508,20.279027938842773,4818184
2023-08-14,17.31938934326172,20.603059768676758,20.666065216064453,20.26102638244629,20.42304229736328,5174926
2023-08-15,17.099960327148438,20.34203338623047,20.65706443786621,20.297029495239258,20.64806365966797,3379439
2023-08-16,17.099960327148438,20.34203338623047,20.612060546875,20.19801902770996,20.38703727722168,7265606
2023-08-17,17.0318660736084,20.26102638244629,20.42304229736328,20.171016693115234,20.405040740966797,3567976
2023-08-18,17.009164810180664,20.23402214050293,20.450044631958008,20.11701011657715,20.315031051635742,5239031
2023-08-21,16.918373107910156,20.126012802124023,20.34203338623047,19.864986419677734,20.288028717041016,4126587
2023-08-22,17.024301528930664,20.252025604248047,20.324031829833984,20.081008911132812,20.144014358520508,3743625
2023-08-23,17.039432525634766,20.27002716064453,20.42304229736328,20.126012802124023,20.26102638244629,4312790
2023-08-24,16.986467361450195,20.207019805908203,20.378036499023438,20.04500389099121,20.333032608032227,2968592
2023-08-25,17.15292739868164,20.405040740966797,20.50404930114746,20.180017471313477,20.19801902770996,2510415
2023-08-28,17.304256439208984,20.585058212280273,20.72907257080078,20.42304229736328,20.468046188354492,2830161
2023-08-29,17.485849380493164,20.80108070373535,20.83708381652832,20.621061325073242,20.702070236206055,3064138
2023-08-30,17.37991714477539,20.675067901611328,20.963096618652344,20.675067901611328,20.83708381652832,4833405
2023-08-31,17.221025466918945,20.486047744750977,20.774076461791992,20.297029495239258,20.702070236206055,4750636
2023-09-01,17.46314811706543,20.774076461791992,20.79207992553711,20.49504852294922,20.594058990478516,3995378
2023-09-04,17.531248092651367,20.855085372924805,20.945093154907227,20.621061325073242,20.79207992553711,1925029
2023-09-05,17.342084884643555,20.630062103271484,20.9180908203125,20.621061325073242,20.891088485717773,5359797
2023-09-06,16.971336364746094,20.18901824951172,20.747074127197266,20.144014358520508,20.68406867980957,4008265
2023-09-08,16.729211807250977,19.900989532470703,20.216020584106445,19.73897361755371,20.162015914916992,4494328
2023-09-11,16.971336364746094,20.18901824951172,20.333032608032227,19.81998062133789,19.981998443603516,3801842
2023-09-12,17.205894470214844,20.468046188354492,20.64806365966797,20.225021362304688,20.252025604248047,2396649
2023-09-13,17.19076156616211,20.450044631958008,20.666065216064453,20.396038055419922,20.468046188354492,4463220
2023-09-14,17.25885772705078,20.53105354309082,20.666065216064453,20.396038055419922,20.522052764892578,2671288
2023-09-15,17.485849380493164,20.80108070373535,20.999099731445312,20.450044631958008,20.594058990478516,7476807
2023-09-18,17.455581665039062,20.76507568359375,20.945093154907227,20.594058990478516,20.83708381652832,4185137
2023-09-19,17.591777801513672,20.927091598510742,21.062105178833008,20.64806365966797,20.79207992553711,5395682
2023-09-20,18.20465087890625,21.656164169311523,21.701169967651367,20.936092376708984,20.936092376708984,7090402
2023-09-21,18.29545021057129,21.764175415039062,22.01620101928711,21.48514747619629,21.548154830932617,6846648
2023-09-22,18.181949615478516,21.629161834716797,21.944194793701172,21.584157943725586,21.818180084228516,4063593
2023-09-25,18.121421813964844,21.55715560913086,21.899188995361328,21.548154830932617,21.67416763305664,3509204
2023-09-26,17.90199851989746,21.29612922668457,21.64716339111328,21.2601261138916,21.584157943725586,4389005
2023-09-27,18.007925033569336,21.422142028808594,21.620161056518555,21.18811798095703,21.25112533569336,4455554
2023-09-28,17.864164352416992,21.25112533569336,21.60215950012207,21.017101287841797,21.431142807006836,6039618
2023-09-29,18.01549530029297,21.431142807006836,21.746173858642578,21.33213233947754,21.33213233947754,4988501
2023-10-02,18.053325653076172,21.476146697998047,21.75517463684082,21.33213233947754,21.476146697998047,3190903
2023-10-03,18.159252166748047,21.60215950012207,21.953195571899414,21.52115249633789,21.5661563873291,4571542
2023-10-04,18.068456649780273,21.49414825439453,21.845184326171875,21.34113311767578,21.64716339111328,4492217
2023-10-05,17.803634643554688,21.17911720275879,21.548154830932617,21.098108291625977,21.49414825439453,3533424
2023-10-06,17.780933380126953,21.152114868164062,21.34113311767578,20.855085372924805,20.891088485717773,4731415
2023-10-09,17.79606819152832,21.170116424560547,21.25112533569336,20.88208770751953,21.14311408996582,3726960
2023-10-10,17.652305603027344,20.999099731445312,21.368135452270508,20.999099731445312,21.2601261138916,4274683
2023-10-11,17.584209442138672,20.9180908203125,21.152114868164062,20.900089263916016,21.152114868164062,4337121
2023-10-13,17.841466903686523,21.22412109375,21.40414047241211,20.88208770751953,20.927091598510742,7346931
2023-10-16,17.833898544311523,21.215120315551758,21.34113311767578,21.10710906982422,21.22412109375,3746514
2023-10-17,17.894426345825195,21.287128448486328,21.620161056518555,20.972097396850586,21.152114868164062,5994067
2023-10-18,17.5463809967041,20.87308692932129,21.41314125061035,20.810081481933594,21.242124557495117,6819873
2023-10-19,17.531248092651367,20.855085372924805,20.99009895324707,20.72007179260254,20.891088485717773,3888388
2023-10-20,17.0848331451416,20.324031829833984,20.909090042114258,20.324031829833984,20.72007179260254,4091701
2023-10-23,16.971336364746094,20.18901824951172,20.405040740966797,19.96399688720703,20.315031051635742,5677987
2023-10-24,16.744342803955078,19.918991088867188,20.34203338623047,19.801979064941406,20.27002716064453,5910631
2023-10-25,16.759477615356445,19.936992645263672,20.126012802124023,19.51395034790039,19.58595848083496,9222299
2023-10-26,16.79730987548828,19.981998443603516,20.23402214050293,19.783977508544922,19.990999221801758,7235831
2023-10-27,16.645978927612305,19.801979064941406,20.324031829833984,19.756975173950195,20.063005447387695,5617438
2023-10-30,16.484296798706055,19.3519344329834,19.81998062133789,19.342933654785156,19.675966262817383,6873423
2023-10-31,16.407629013061523,19.261926651000977,19.54995346069336,19.180917739868164,19.36093521118164,3860613
2023-11-01,16.599306106567383,19.486948013305664,19.594959259033203,19.153915405273438,19.180917739868164,6137608
2023-11-03,16.74498176574707,19.6579647064209,19.864986419677734,19.414941787719727,19.630962371826172,3940828
2023-11-06,17.12067222595215,20.099008560180664,20.19801902770996,19.720972061157227,19.720972061157227,2796498
2023-11-07,17.17434310913086,20.162015914916992,20.378036499023438,19.945993423461914,19.945993423461914,2859825
2023-11-08,17.56536293029785,20.621061325073242,20.675067901611328,20.171016693115234,20.171016693115234,3716406
2023-11-09,17.327682495117188,20.34203338623047,20.630062103271484,20.243024826049805,20.50404930114746,3038807
2023-11-10,17.35835075378418,20.378036499023438,20.630062103271484,20.360036849975586,20.42304229736328,1838593
2023-11-13,17.2203426361084,20.216020584106445,20.50404930114746,20.18901824951172,20.477046966552734,1778711
2023-11-14,17.396686553955078,20.42304229736328,20.522052764892578,19.972997665405273,20.315031051635742,3933828
2023-11-16,17.657365798950195,20.72907257080078,20.774076461791992,20.41404151916504,20.432043075561523,3659411
2023-11-17,17.74170684814453,20.828081130981445,20.999099731445312,20.65706443786621,20.783077239990234,3628970
2023-11-20,17.5423641204834,20.594058990478516,20.945093154907227,20.396038055419922,20.900089263916016,5341243
2023-11-21,17.67270278930664,20.747074127197266,20.828081130981445,20.56705665588379,20.612060546875,2943483
2023-11-22,17.94871711730957,21.071107864379883,21.170116424560547,20.64806365966797,20.72907257080078,4873957
2023-11-23,17.895051956176758,21.008100509643555,21.161115646362305,20.855085372924805,21.062105178833008,1767934
2023-11-24,17.596031188964844,20.65706443786621,21.008100509643555,20.558055877685547,20.999099731445312,3858280
2023-11-27,17.634366989135742,20.702070236206055,20.783077239990234,20.594058990478516,20.76507568359375,3050694
2023-11-28,17.818378448486328,20.9180908203125,20.9180908203125,20.45904541015625,20.702070236206055,3999822
2023-11-29,17.964052200317383,21.089107513427734,21.215120315551758,20.702070236206055,20.936092376708984,5114266
2023-11-30,17.30467987060547,20.315031051635742,20.9180908203125,20.009000778198242,20.819080352783203,16566676
2023-12-01,16.223617553710938,19.0459041595459,19.918991088867188,19.036903381347656,19.918991088867188,20873134
2023-12-04,16.024272918701172,18.811880111694336,19.144914627075195,18.63186264038086,18.90188980102539,11636169
2023-12-05,16.20061683654785,19.018901824951172,19.0459041595459,18.7398738861084,18.811880111694336,6585119
2023-12-06,16.139278411865234,18.9468936920166,19.252925872802734,18.9468936920166,19.036903381347656,4306791
2023-12-07,15.824928283691406,18.577856063842773,19.171916961669922,18.451845169067383,19.072906494140625,9011321
2023-12-08,15.90159797668457,18.667865753173828,18.694868087768555,18.40683937072754,18.577856063842773,5573664
2023-12-11,16.054943084716797,18.847883224487305,18.85688591003418,18.59585952758789,18.63186264038086,4438445
2023-12-12,15.98593807220459,18.766876220703125,18.89288902282715,18.685867309570312,18.85688591003418,3809952
2023-12-13,16.499631881713867,19.369935989379883,19.414941787719727,18.70387077331543,18.802879333496094,6238153
2023-12-14,16.752649307250977,19.66696548461914,19.66696548461914,19.3519344329834,19.3519344329834,6366363
2023-12-15,16.53030014038086,19.40593910217285,19.945993423461914,19.40593910217285,19.702970504760742,5719539
2023-12-18,16.146947860717773,18.955894470214844,19.189918518066406,18.67686653137207,19.072906494140625,8675576
2023-12-19,16.315624237060547,19.153915405273438,19.306930541992188,18.93789291381836,18.93789291381836,5753202
2023-12-20,16.307958602905273,19.144914627075195,19.40593910217285,19.0459041595459,19.153915405273438,4029930
2023-12-21,16.67597770690918,19.57695770263672,19.62196159362793,19.261926651000977,19.42394256591797,5546556
2023-12-22,16.911497116088867,19.711971282958984,19.73897361755371,19.459945678710938,19.5589542388916,4727860
2023-12-26,16.888328552246094,19.684968948364258,19.855985641479492,19.675966262817383,19.783977508544922,2413536
2023-12-27,16.95782470703125,19.765975952148438,19.873987197875977,19.57695770263672,19.684968948364258,3008143
2023-12-28,17.158599853515625,20.0,20.0,19.720972061157227,19.720972061157227,4087035
2024-01-02,16.780216217041016,19.5589542388916,20.072006225585938,19.5589542388916,19.990999221801758,4862958
2024-01-03,17.019601821899414,19.837982177734375,19.96399688720703,19.51395034790039,19.5589542388916,3708073
2024-01-04,16.888328552246094,19.684968948364258,19.954994201660156,19.684968948364258,19.89198875427246,2960037
2024-01-05,17.089101791381836,19.918991088867188,19.918991088867188,19.54995346069336,19.702970504760742,3034363
2024-01-08,17.2976016998291,20.162015914916992,20.162015914916992,19.73897361755371,19.92799186706543,3764956
2024-01-09,17.042770385742188,19.864986419677734,20.19801902770996,19.828981399536133,20.162015914916992,2807941
2024-01-10,17.1817684173584,20.027002334594727,20.11701011657715,19.81098175048828,20.054004669189453,2873379
2024-01-11,17.1199893951416,19.954994201660156,20.072006225585938,19.828981399536133,19.909990310668945,2829717
2024-01-12,17.351652145385742,20.225021362304688,20.477046966552734,20.090009689331055,20.144014358520508,3899165
2024-01-15,17.498374938964844,20.396038055419922,20.396038055419922,20.126012802124023,20.26102638244629,1697719
2024-01-16,17.011877059936523,19.828981399536133,20.369035720825195,19.828981399536133,20.252025604248047,4579653
2024-01-17,17.08138084411621,19.909990310668945,20.018001556396484,19.72997283935547,19.954994201660156,4961614
2024-01-18,16.602603912353516,19.3519344329834,19.936992645263672,19.3519344329834,19.936992645263672,4676532
2024-01-19,16.7956600189209,19.57695770263672,19.792978286743164,19.189918518066406,19.3519344329834,4103811
2024-01-22,16.594886779785156,19.342933654785156,19.72997283935547,19.306930541992188,19.72997283935547,2673288
2024-01-23,16.82655143737793,19.612960815429688,19.675966262817383,19.36093521118164,19.459945678710938,2473641
2024-01-24,16.80338478088379,19.58595848083496,19.783977508544922,19.459945678710938,19.66696548461914,2642180
2024-01-25,16.81882667541504,19.603960037231445,19.873987197875977,19.57695770263672,19.6939697265625,1980579
2024-01-26,16.93465805053711,19.73897361755371,20.0,19.62196159362793,19.630962371826172,1572176
2024-01-29,16.63349723815918,19.387937545776367,19.77497673034668,19.126911163330078,19.77497673034668,5188703
2024-01-30,16.50994300842285,19.24392318725586,19.46894645690918,19.24392318725586,19.3519344329834,2705507
2024-01-31,16.440444946289062,19.16291618347168,19.522951126098633,19.153915405273438,19.306930541992188,3608528
2024-02-01,16.293718338012695,18.991899490356445,19.279926300048828,18.919891357421875,19.252925872802734,3002366
2024-02-02,16.224225997924805,18.910890579223633,19.108909606933594,18.82088279724121,18.991899490356445,3038140
2024-02-05,16.363222122192383,19.072906494140625,19.234922409057617,18.460845947265625,18.90188980102539,7105178
2024-02-06,16.656660079956055,19.414941787719727,19.522951126098633,19.081907272338867,19.081907272338867,3088913
2024-02-07,16.67210578918457,19.43294334411621,19.720972061157227,19.234922409057617,19.324932098388672,4929062
2024-02-08,16.695274353027344,19.459945678710938,19.81098175048828,19.31593132019043,19.42394256591797,5731093
2024-02-09,16.502220153808594,19.234922409057617,19.54095458984375,19.234922409057617,19.459945678710938,2815162
2024-02-14,16.378662109375,19.09090805053711,19.28892707824707,18.964895248413086,19.261926651000977,2106011
2024-02-15,16.71843910217285,19.486948013305664,19.486948013305664,19.108909606933594,19.189918518066406,4115144
2024-02-16,16.85390853881836,19.486948013305664,19.648963928222656,19.306930541992188,19.369935989379883,2877934
2024-02-19,16.76049041748047,19.378936767578125,19.522951126098633,19.225921630859375,19.486948013305664,1992467
2024-02-20,16.93175506591797,19.57695770263672,19.594959259033203,19.180917739868164,19.3519344329834,3852614
2024-02-21,16.8616943359375,19.495948791503906,19.648963928222656,19.3519344329834,19.567956924438477,3616860
2024-02-22,17.040742874145508,19.702970504760742,19.828981399536133,19.495948791503906,19.495948791503906,3656967
2024-02-23,16.877260208129883,19.51395034790039,19.89198875427246,19.477947235107422,19.756975173950195,3828172
2024-02-26,17.14194107055664,19.81998062133789,19.936992645263672,19.450944900512695,19.54995346069336,2381872
2024-02-27,17.40662384033203,20.126012802124023,20.35103416442871,19.84698486328125,19.900989532470703,4460442
2024-02-28,17.593456268310547,20.34203338623047,20.522052764892578,20.144014358520508,20.162015914916992,4564543
2024-02-29,17.570100784301758,20.315031051635742,20.477046966552734,20.108009338378906,20.34203338623047,6941861
2024-03-01,17.515609741210938,20.252025604248047,20.441043853759766,20.144014358520508,20.324031829833984,4369674
2024-03-04,17.52339744567871,20.26102638244629,20.34203338623047,20.072006225585938,20.34203338623047,2284327
2024-03-05,17.359914779663086,20.072006225585938,20.35103416442871,20.0,20.26102638244629,2962148
2024-03-06,17.243144989013672,19.936992645263672,20.15301513671875,19.81998062133789,20.11701011657715,3817951
2024-03-07,17.414411544799805,20.135013580322266,20.243024826049805,19.81098175048828,19.918991088867188,3294892
2024-03-08,17.15751075744629,19.837982177734375,20.396038055419922,19.46894645690918,20.126012802124023,8479263
2024-03-11,17.212005615234375,19.900989532470703,20.108009338378906,19.6939697265625,19.801979064941406,4497439
2024-03-12,17.422197341918945,20.144014358520508,20.297029495239258,19.765975952148438,19.945993423461914,3313335
2024-03-13,17.65573501586914,20.41404151916504,20.50404930114746,19.936992645263672,19.990999221801758,3944938
2024-03-14,17.74915313720703,20.522052764892578,20.56705665588379,20.26102638244629,20.477046966552734,4460776
2024-03-15,18.13060188293457,20.963096618652344,20.963096618652344,20.35103416442871,20.540054321289062,11948693
2024-03-18,18.574331283569336,21.476146697998047,21.575157165527344,20.819080352783203,21.053104400634766,13669188
2024-03-19,19.01805877685547,21.989198684692383,22.313230514526367,21.467145919799805,21.467145919799805,9057316
2024-03-20,19.27495765686035,22.28622817993164,22.28622817993164,21.854185104370117,21.98019790649414,4241464
2024-03-21,19.313880920410156,22.33123207092285,22.70026969909668,22.160215377807617,22.223222732543945,6981301
2024-03-22,19.041412353515625,22.01620101928711,22.412240982055664,21.71017074584961,22.33123207092285,4957170
2024-03-25,18.815658569335938,21.75517463684082,22.12421226501465,21.539152145385742,21.90818977355957,3676632
2024-03-26,19.150402069091797,22.142213821411133,22.32223129272461,21.629161834716797,21.728172302246094,6858647
2024-03-27,19.57855796813965,22.63726234436035,22.790279388427734,22.36723518371582,22.412240982055664,5658100
2024-03-28,19.66419219970703,22.73627281188965,22.80828094482422,22.43924331665039,22.63726234436035,3558199
2024-04-01,19.516284942626953,22.565256118774414,22.781278610229492,22.358234405517578,22.73627281188965,3481096
2024-04-02,19.531850814819336,22.5832576751709,22.610261917114258,22.142213821411133,22.565256118774414,3888833
2024-04-03,19.2204647064209,22.223222732543945,22.646263122558594,22.01620101928711,22.457244873046875,3656856
2024-04-04,19.399511337280273,22.43024253845215,22.66426658630371,22.115211486816406,22.223222732543945,2979146
2024-04-05,19.212678909301758,22.21422004699707,22.448244094848633,22.01620101928711,22.403240203857422,3498205
2024-04-08,19.42286491394043,22.457244873046875,22.574256896972656,22.079206466674805,22.259225845336914,3439433
2024-04-09,19.695331573486328,22.77227783203125,22.77227783203125,22.385238647460938,22.43924331665039,3695186
2024-04-10,19.61748504638672,22.682268142700195,22.844284057617188,22.421241760253906,22.718271255493164,5328022
2024-04-11,19.625267028808594,22.691268920898438,22.727272033691406,22.32223129272461,22.529251098632812,3778177
2024-04-12,19.40729522705078,22.43924331665039,22.754274368286133,22.385238647460938,22.538253784179688,3352998
2024-04-15,19.03363037109375,22.007200241088867,22.412240982055664,21.90818977355957,22.412240982055664,5429679
2024-04-16,19.03363037109375,22.007200241088867,22.32223129272461,21.836183547973633,21.962196350097656,5033718
2024-04-17,18.963565826416016,21.926191329956055,22.187217712402344,21.82718276977539,22.052204132080078,3780399
2024-04-18,18.870149612426758,21.818180084228516,22.034202575683594,21.593158721923828,21.998199462890625,4715195
2024-04-19,19.16596794128418,22.160215377807617,22.160215377807617,21.63816261291504,21.737173080444336,6912308
2024-04-22,18.753379821777344,21.683168411254883,22.142213821411133,21.629161834716797,22.115211486816406,4956504
2024-04-23,18.582115173339844,21.48514747619629,21.620161056518555,21.18811798095703,21.584157943725586,3900387
2024-04-24,18.35635757446289,21.22412109375,21.620161056518555,21.161115646362305,21.48514747619629,3796620
2024-04-25,18.099464416503906,20.927091598510742,21.053104400634766,20.72007179260254,21.044103622436523,5919074
2024-04-26,17.97490882873535,20.783077239990234,21.134113311767578,20.72907257080078,20.945093154907227,5479785
2024-04-29,18.013830184936523,20.828081130981445,20.828081130981445,20.630062103271484,20.783077239990234,4786076
2024-04-30,17.93598175048828,20.738073348999023,20.945093154907227,20.585058212280273,20.83708381652832,3099801
2024-05-02,18.037187576293945,20.855085372924805,20.999099731445312,20.72007179260254,20.855085372924805,2820051
2024-05-03,18.1617431640625,20.999099731445312,21.14311408996582,20.891088485717773,21.017101287841797,3485651
2024-05-06,18.058073043823242,20.612060546875,20.9180908203125,20.558055877685547,20.76507568359375,8647246
2024-05-07,18.35457420349121,20.95049476623535,21.049503326416016,20.396038055419922,20.871286392211914,7586413
2024-05-08,18.623472213745117,21.25742530822754,21.603960037231445,20.643564224243164,20.643564224243164,7267556
2024-05-09,18.80562973022461,21.46534538269043,21.673267364501953,21.019800186157227,21.1782169342041,4928901
2024-05-10,18.675518035888672,21.316831588745117,21.50494956970215,21.128711700439453,21.49504852294922,4504196
2024-05-13,18.796958923339844,21.4554443359375,21.564355850219727,21.316831588745117,21.43564224243164,2226949
2024-05-14,18.606122970581055,21.23762321472168,21.643564224243164,21.1782169342041,21.44554328918457,2820021
2024-05-15,18.753585815429688,21.40593910217285,21.40593910217285,21.059404373168945,21.306930541992188,3991621
2024-05-16,18.92706871032715,21.603960037231445,21.603960037231445,21.23762321472168,21.48514747619629,4623477
2024-05-17,18.502033233642578,21.118810653686523,21.594058990478516,21.069305419921875,21.544553756713867,5183623
2024-05-20,18.753585815429688,21.40593910217285,21.613861083984375,21.148513793945312,21.20792007446289,4730133
2024-05-21,18.571428298950195,21.19801902770996,21.43564224243164,21.128711700439453,21.43564224243164,4944455
2024-05-22,18.21578598022461,20.79207992553711,21.168315887451172,20.693069458007812,21.089107513427734,5295430
2024-05-23,17.990257263183594,20.534652709960938,20.851484298706055,20.43564224243164,20.831682205200195,4884562
2024-05-24,18.24180793762207,20.821781158447266,20.821781158447266,20.44554328918457,20.534652709960938,4025456
2024-05-27,18.24180793762207,20.821781158447266,20.920791625976562,20.673267364501953,20.811880111694336,1562066
2024-05-28,18.12037467956543,20.683168411254883,20.97029685974121,20.544553756713867,20.95049476623535,3432687
2024-05-29,17.9555606842041,20.49504852294922,20.613861083984375,20.24752426147461,20.46534538269043,3026162
2024-05-31,17.625940322875977,20.118810653686523,20.524751663208008,19.98019790649414,20.42574119567871,7258264
2024-06-03,17.58256721496582,20.069305419921875,20.346534729003906,19.96039581298828,20.21782112121582,3106558
2024-06-04,17.530527114868164,20.009899139404297,20.059404373168945,19.871286392211914,19.96039581298828,3942939
2024-06-05,17.174884796142578,19.603960037231445,20.059404373168945,19.603960037231445,20.0,4184026
2024-06-06,17.409090042114258,19.871286392211914,19.920791625976562,19.4554443359375,19.653465270996094,8506220
2024-06-07,17.34836769104004,19.801979064941406,19.871286392211914,19.613861083984375,19.74257469177246,5654889
2024-06-10,17.313674926757812,19.76237678527832,19.811880111694336,19.603960037231445,19.74257469177246,2492478
2024-06-11,17.64328956604004,20.138612747192383,20.346534729003906,19.653465270996094,19.76237678527832,4229173
2024-06-12,17.790752410888672,20.306930541992188,20.40593910217285,19.633663177490234,20.138612747192383,8492383
2024-06-13,17.738706588745117,20.24752426147461,20.366336822509766,20.108909606933594,20.1782169342041,3467128
2024-06-14,17.6606388092041,20.158414840698242,20.168315887451172,19.78217887878418,20.148513793945312,4548939
2024-06-17,17.64328956604004,20.138612747192383,20.297029495239258,19.98019790649414,20.049503326416016,3493085
2024-06-18,17.730031967163086,20.23762321472168,20.376237869262695,20.009899139404297,20.049503326416016,3700236
2024-06-19,17.790752410888672,20.306930541992188,20.356435775756836,20.049503326416016,20.22772216796875,2342392
2024-06-20,17.834121704101562,20.356435775756836,20.544553756713867,20.22772216796875,20.26732635498047,4141404
2024-06-21,17.860145568847656,20.386138916015625,20.613861083984375,20.24752426147461,20.4554443359375,6992129
2024-06-24,17.834121704101562,20.356435775756836,20.50494956970215,20.20792007446289,20.49504852294922,4413700
2024-06-25,17.89484214782715,20.42574119567871,20.42574119567871,20.21782112121582,20.346534729003906,3186045
2024-06-26,18.07699966430664,20.633663177490234,20.821781158447266,20.25742530822754,20.25742530822754,4337849
2024-06-27,18.519380569458008,21.138612747192383,21.47524642944336,20.683168411254883,20.851484298706055,8350680
2024-06-28,18.597450256347656,21.22772216796875,21.23762321472168,20.891088485717773,21.079206466674805,5171099
2024-07-01,18.90972137451172,21.584157943725586,21.831682205200195,21.23762321472168,21.40593910217285,8134136
2024-07-02,18.822978973388672,21.48514747619629,21.801979064941406,21.336633682250977,21.683168411254883,4013639
2024-07-03,18.61479949951172,21.24752426147461,21.821781158447266,21.108909606933594,21.594058990478516,5415216
2024-07-04,18.606122970581055,21.23762321472168,21.47524642944336,21.059404373168945,21.386138916015625,4087066
2024-07-05,18.129045486450195,20.693069458007812,21.25742530822754,20.693069458007812,21.25742530822754,6326236
2024-07-08,18.103023529052734,20.663366317749023,20.831682205200195,20.50494956970215,20.702970504760742,4341182
2024-07-09,18.094348907470703,20.653465270996094,20.653465270996094,20.42574119567871,20.594058990478516,3924658
2024-07-10,18.05965232849121,20.613861083984375,20.712871551513672,20.49504852294922,20.673267364501953,3971522
2024-07-11,18.12037467956543,20.683168411254883,20.801979064941406,20.603960037231445,20.613861083984375,2081408
2024-07-12,18.17241859436035,20.74257469177246,20.881187438964844,20.603960037231445,20.74257469177246,2110496
2024-07-15,18.449989318847656,21.059404373168945,21.22772216796875,20.613861083984375,20.77227783203125,4017174
2024-07-16,18.528053283691406,21.148513793945312,21.287128448486328,20.99009895324707,21.118810653686523,2692761
2024-07-17,18.69287109375,21.336633682250977,21.50494956970215,21.118810653686523,21.287128448486328,3081308
2024-07-18,18.571428298950195,21.19801902770996,21.386138916015625,21.118810653686523,21.346534729003906,2333504
2024-07-19,18.658170700073242,21.297029495239258,21.564355850219727,21.20792007446289,21.23762321472168,2237655
2024-07-22,19.074535369873047,21.77227783203125,21.811880111694336,21.21782112121582,21.21782112121582,4786087
2024-07-23,18.840328216552734,21.50494956970215,21.930692672729492,21.287128448486328,21.73267364501953,4549747
2024-07-24,18.831653594970703,21.49504852294922,21.524751663208008,21.287128448486328,21.297029495239258,3474905
2024-07-25,18.571428298950195,21.19801902770996,21.524751663208008,21.19801902770996,21.376237869262695,3178470
2024-07-26,18.389272689819336,20.99009895324707,21.22772216796875,20.97029685974121,21.18811798095703,3256644
2024-07-29,18.979116439819336,21.663366317749023,21.821781158447266,20.99009895324707,21.158414840698242,6479352
2024-07-30,19.126577377319336,21.831682205200195,22.108909606933594,21.44554328918457,21.663366317749023,7167263
2024-07-31,19.161272048950195,21.871286392211914,22.039602279663086,21.623762130737305,21.881187438964844,4276340
2024-08-01,19.117900848388672,21.821781158447266,21.920791625976562,21.584157943725586,21.702970504760742,5286340
2024-08-02,18.831653594970703,21.49504852294922,21.940593719482422,21.41584014892578,21.77227783203125,4071815
2024-08-05,18.588777542114258,21.21782112121582,21.2772274017334,20.920791625976562,21.2772274017334,4379663
2024-08-06,18.295480728149414,20.554454803466797,20.78217887878418,20.44554328918457,20.73267364501953,4532072
2024-08-07,18.163286209106445,20.40593910217285,20.683168411254883,20.376237869262695,20.683168411254883,2871228
2024-08-08,18.277854919433594,20.534652709960938,20.702970504760742,20.21782112121582,20.42574119567871,2977177
2024-08-09,18.401235580444336,20.673267364501953,20.78217887878418,20.4554443359375,20.683168411254883,3466320
2024-08-12,18.251415252685547,20.50494956970215,20.78217887878418,20.42574119567871,20.78217887878418,3785480
2024-08-13,18.242603302001953,20.49504852294922,20.663366317749023,20.47524642944336,20.663366317749023,3056967
2024-08-14,18.401235580444336,20.673267364501953,20.95049476623535,20.49504852294922,20.584157943725586,4999096
2024-08-15,18.365983963012695,20.633663177490234,20.841583251953125,20.534652709960938,20.841583251953125,3111103
2024-08-16,18.506988525390625,20.79207992553711,20.871286392211914,20.613861083984375,20.841583251953125,4377946
2024-08-19,18.76255989074707,21.079206466674805,21.158414840698242,20.76237678527832,20.930692672729492,4957989
2024-08-20,19.344207763671875,21.73267364501953,21.910890579223633,21.099008560180664,21.158414840698242,5991320
2024-08-21,19.52046775817871,21.930692672729492,22.158414840698242,21.7227725982666,21.78217887878418,3652564
2024-08-22,19.467588424682617,21.871286392211914,22.069305419921875,21.77227783203125,21.930692672729492,2772248
2024-08-23,19.511653900146484,21.920791625976562,22.108909606933594,21.78217887878418,21.871286392211914,2301689
2024-08-26,19.432340621948242,21.831682205200195,21.96039581298828,21.633663177490234,21.910890579223633,2634585
2024-08-27,19.379465103149414,21.77227783203125,21.841583251953125,21.554454803466797,21.78217887878418,1991316
2024-08-28,19.353023529052734,21.74257469177246,21.831682205200195,21.633663177490234,21.673267364501953,1993235
2024-08-29,19.079824447631836,21.43564224243164,21.712871551513672,21.26732635498047,21.683168411254883,3091913
2024-08-30,19.026947021484375,21.376237869262695,21.376237869262695,21.029701232910156,21.306930541992188,10572983
2024-09-02,18.87712860107422,21.20792007446289,21.43564224243164,21.20792007446289,21.41584014892578,1902234
2024-09-03,18.974071502685547,21.316831588745117,21.46534538269043,21.108909606933594,21.24752426147461,4438546
2024-09-04,19.326587677001953,21.712871551513672,21.78217887878418,21.346534729003906,21.46534538269043,2880217
2024-09-05,19.282522201538086,21.663366317749023,21.78217887878418,21.574256896972656,21.712871551513672,1771338
2024-09-06,19.14151382446289,21.50494956970215,21.663366317749023,21.287128448486328,21.594058990478516,3127970
2024-09-09,19.07101058959961,21.42574119567871,21.584157943725586,21.356435775756836,21.4554443359375,2031211
2024-09-10,19.388277053833008,21.78217887878418,22.24752426147461,21.673267364501953,21.940593719482422,6278867
2024-09-11,19.335397720336914,21.7227725982666,21.891088485717773,21.4554443359375,21.76237678527832,6104238
2024-09-12,19.115074157714844,21.47524642944336,21.712871551513672,21.43564224243164,21.603960037231445,3672259
2024-09-13,19.2208309173584,21.594058990478516,21.801979064941406,21.47524642944336,21.603960037231445,3378046
2024-09-16,19.14151382446289,21.50494956970215,21.7227725982666,21.366336822509766,21.653465270996094,1869611
2024-09-17,19.00050926208496,21.346534729003906,21.50494956970215,21.22772216796875,21.50494956970215,2822344
2024-09-18,18.806625366210938,21.128711700439453,21.41584014892578,21.069305419921875,21.297029495239258,3591964
2024-09-19,18.76255989074707,21.079206466674805,21.287128448486328,20.96039581298828,21.138612747192383,4088278
2024-09-20,18.524614334106445,20.811880111694336,21.039602279663086,20.653465270996094,21.039602279663086,10392698
2024-09-23,18.348358154296875,20.613861083984375,20.75247573852539,20.49504852294922,20.702970504760742,3585904
2024-09-24,18.55105209350586,20.841583251953125,20.940593719482422,20.613861083984375,20.73267364501953,3891227
2024-09-25,18.28666877746582,20.544553756713867,20.891088485717773,20.544553756713867,20.891088485717773,3694075
2024-09-26,18.639183044433594,20.940593719482422,21.24752426147461,20.564355850219727,20.702970504760742,5923650
2024-09-27,18.568679809570312,20.861385345458984,21.0,20.801979064941406,21.0,2407032
2024-09-30,18.410051345825195,20.683168411254883,21.18811798095703,20.683168411254883,20.99009895324707,5380775
2024-10-01,18.418861389160156,20.693069458007812,20.871286392211914,20.673267364501953,20.74257469177246,6199683
2024-10-02,18.753747940063477,21.069305419921875,21.326732635498047,20.891088485717773,20.891088485717773,4970614
2024-10-03,18.64799690246582,20.95049476623535,21.0,20.633663177490234,20.79207992553711,4795480
2024-10-04,18.78900146484375,21.108909606933594,21.20792007446289,20.79207992553711,20.79207992553711,4805479
2024-10-07,18.841876983642578,21.168315887451172,21.2772274017334,20.95049476623535,21.108909606933594,3842444
2024-10-08,18.771373748779297,21.089107513427734,21.108909606933594,20.910890579223633,20.940593719482422,4961221
2024-10-09,18.489364624023438,20.77227783203125,21.089107513427734,20.673267364501953,20.99009895324707,5897693
2024-10-10,18.022281646728516,20.24752426147461,20.78217887878418,20.24752426147461,20.73267364501953,8252811
2024-10-11,17.757896423339844,19.95049476623535,20.356435775756836,19.851484298706055,20.25742530822754,7146760
2024-10-14,17.775524139404297,19.97029685974121,20.009899139404297,19.702970504760742,19.95049476623535,5123629
2024-10-15,17.94296646118164,20.158414840698242,20.26732635498047,19.881187438964844,20.009899139404297,6007278
2024-10-16,17.898902893066406,20.108909606933594,20.18811798095703,19.920791625976562,20.148513793945312,5173119
2024-10-17,18.09278678894043,20.326732635498047,20.524751663208008,19.891088485717773,20.099008560180664,5956677
2024-10-18,18.251415252685547,20.50494956970215,20.584157943725586,20.25742530822754,20.297029495239258,6244426
2024-10-21,18.269041061401367,20.524751663208008,20.693069458007812,20.4554443359375,20.4554443359375,3364411
2024-10-22,18.304292678833008,20.564355850219727,20.76237678527832,20.306930541992188,20.306930541992188,3154028
2024-10-23,18.1809139251709,20.42574119567871,20.633663177490234,20.356435775756836,20.544553756713867,2361885
2024-10-24,18.004655838012695,20.22772216796875,20.41584014892578,20.21782112121582,20.41584014892578,3564391
2024-10-25,18.365983963012695,20.633663177490234,20.75247573852539,20.287128448486328,20.287128448486328,4550555
2024-10-28,18.242603302001953,20.49504852294922,20.920791625976562,20.49504852294922,20.693069458007812,5494804
2024-10-29,18.119224548339844,20.356435775756836,20.613861083984375,20.346534729003906,20.554454803466797,3768007
2024-10-30,18.32192039489746,20.584157943725586,20.831682205200195,20.41584014892578,20.50494956970215,5161302
2024-10-31,18.38361167907715,20.653465270996094,21.099008560180664,20.613861083984375,20.653465270996094,6700744
2024-11-01,18.524614334106445,20.811880111694336,20.861385345458984,20.574256896972656,20.643564224243164,8995767
2024-11-04,19.423524856567383,21.821781158447266,21.910890579223633,20.841583251953125,20.940593719482422,9671255
2024-11-05,19.476404190063477,21.881187438964844,22.168315887451172,21.594058990478516,21.891088485717773,3784268
2024-11-06,19.379465103149414,21.77227783203125,22.099008560180664,21.584157943725586,21.584157943725586,9333107
2024-11-07,18.700870513916016,21.009899139404297,21.75247573852539,20.851484298706055,21.603960037231445,7043033
2024-11-08,18.242603302001953,20.49504852294922,20.920791625976562,20.22772216796875,20.920791625976562,6007581
2024-11-11,18.32192039489746,20.584157943725586,20.613861083984375,20.346534729003906,20.544553756713867,5345829
2024-11-12,18.330474853515625,20.24752426147461,20.49504852294922,19.98019790649414,20.287128448486328,5704480
2024-11-13,18.464927673339844,20.396038055419922,20.79207992553711,20.148513793945312,20.19801902770996,3152513
2024-11-14,18.38425636291504,20.306930541992188,20.514850616455078,20.287128448486328,20.356435775756836,4841536
2024-11-18,18.42011070251465,20.346534729003906,20.396038055419922,20.148513793945312,20.148513793945312,2697306
2024-11-19,18.455963134765625,20.386138916015625,20.49504852294922,20.287128448486328,20.356435775756836,2885065
2024-11-21,18.689016342163086,20.643564224243164,21.029701232910156,20.386138916015625,20.514850616455078,7225641
2024-11-22,19.262685775756836,21.2772274017334,21.366336822509766,20.643564224243164,20.712871551513672,6484604
2024-11-25,19.06548500061035,21.059404373168945,21.26732635498047,20.98019790649414,21.079206466674805,4371179
2024-11-26,19.074447631835938,21.069305419921875,21.19801902770996,20.891088485717773,21.069305419921875,1958289
2024-11-27,19.083412170410156,21.079206466674805,21.297029495239258,20.861385345458984,21.099008560180664,4985764
2024-11-28,19.459880828857422,21.49504852294922,21.73267364501953,20.940593719482422,21.079206466674805,6816389
2024-11-29,19.908061981201172,21.99009895324707,22.039602279663086,21.42574119567871,21.49504852294922,8905069
2024-12-02,20.051477432250977,22.148513793945312,22.346534729003906,21.74257469177246,21.78217887878418,6123731
2024-12-03,20.302457809448242,22.42574119567871,22.594058990478516,22.099008560180664,22.25742530822754,5836992
2024-12-04,20.84027099609375,23.019800186157227,23.019800186157227,22.41584014892578,22.46534538269043,5717408
2024-12-05,20.822345733642578,23.0,23.23762321472168,22.75247573852539,23.21782112121582,4393096
2024-12-06,20.696853637695312,22.861385345458984,22.99009895324707,22.544553756713867,22.910890579223633,5714580
2024-12-09,20.956796646118164,23.148513793945312,23.297029495239258,22.702970504760742,22.861385345458984,4628022
2024-12-10,20.750635147094727,22.920791625976562,23.4554443359375,22.702970504760742,23.4554443359375,3401983
2024-12-11,20.947832107543945,23.138612747192383,23.396038055419922,22.594058990478516,22.77227783203125,7196856
2024-12-12,20.8940486907959,23.079206466674805,23.1782169342041,22.653465270996094,22.861385345458984,6003440
2024-12-13,20.687891006469727,22.851484298706055,23.158414840698242,22.7227725982666,23.079206466674805,4534900
2024-12-16,20.947832107543945,23.138612747192383,23.396038055419922,22.77227783203125,22.861385345458984,5060807
2024-12-17,21.429241180419922,23.4554443359375,23.811880111694336,22.851484298706055,22.96039581298828,8764477
2024-12-18,21.130733489990234,23.128711700439453,23.524751663208008,22.930692672729492,23.366336822509766,10129391
2024-12-19,21.0402774810791,23.029701232910156,23.41584014892578,22.851484298706055,23.21782112121582,7129994
2024-12-20,21.13977813720703,23.138612747192383,23.47524642944336,22.683168411254883,22.98019790649414,16492189
2024-12-23,21.067415237426758,23.059404373168945,23.168315887451172,22.643564224243164,23.138612747192383,6680039
2024-12-26,21.130733489990234,23.128711700439453,23.297029495239258,22.861385345458984,23.039602279663086,3537525
2024-12-27,20.99504852294922,22.98019790649414,23.26732635498047,22.851484298706055,23.23762321472168,3849211
2024-12-30,20.986005783081055,22.97029685974121,23.168315887451172,22.871286392211914,23.069305419921875,4229173
2025-01-02,20.832225799560547,22.801979064941406,22.99009895324707,22.673267364501953,22.97029685974121,4772553
2025-01-03,20.506582260131836,22.44554328918457,23.0,22.356435775756836,22.801979064941406,6100400
2025-01-06,20.334712982177734,22.25742530822754,22.46534538269043,22.019800186157227,22.44554328918457,4716498
2025-01-07,20.407079696655273,22.336633682250977,22.524751663208008,22.099008560180664,22.24752426147461,5425619
2025-01-08,20.171890258789062,22.079206466674805,22.584157943725586,22.039602279663086,22.287128448486328,5635396
2025-01-09,19.963838577270508,21.851484298706055,22.128711700439453,21.801979064941406,22.049503326416016,3992126
2025-01-10,19.990976333618164,21.881187438964844,21.98019790649414,21.663366317749023,21.851484298706055,3999499
2025-01-13,19.990976333618164,21.881187438964844,21.98019790649414,21.693069458007812,21.77227783203125,3017880
2025-01-14,19.620101928710938,21.47524642944336,21.920791625976562,21.4554443359375,21.881187438964844,3630546
2025-01-15,19.52060317993164,21.366336822509766,21.693069458007812,20.920791625976562,21.693069458007812,8384212
2025-01-16,19.421096801757812,21.25742530822754,21.48514747619629,21.019800186157227,21.366336822509766,6645194
2025-01-17,19.529647827148438,21.376237869262695,21.584157943725586,21.099008560180664,21.336633682250977,6769828
2025-01-20,19.981929779052734,21.871286392211914,22.108909606933594,21.306930541992188,21.386138916015625,3471370
2025-01-21,20.08143424987793,21.98019790649414,22.049503326416016,21.712871551513672,21.891088485717773,2688317
2025-01-22,19.719606399536133,21.584157943725586,22.089107513427734,21.44554328918457,22.019800186157227,4149484
2025-01-23,19.909564971923828,21.79207992553711,21.831682205200195,21.46534538269043,21.46534538269043,3996570
2025-01-24,19.95479393005371,21.841583251953125,21.95049476623535,21.574256896972656,21.821781158447266,2497528
2025-01-27,20.180936813354492,22.089107513427734,22.24752426147461,21.78217887878418,21.78217887878418,3023435
2025-01-28,20.12666130065918,22.029701232910156,22.158414840698242,21.881187438964844,22.089107513427734,3051311
2025-01-29,20.018112182617188,21.910890579223633,22.168315887451172,21.871286392211914,22.148513793945312,3031212
2025-01-30,20.4251708984375,22.356435775756836,22.574256896972656,21.920791625976562,21.99009895324707,4800126
2025-01-31,20.29853057861328,22.21782112121582,22.50494956970215,22.21782112121582,22.356435775756836,3750837
2025-02-03,20.388988494873047,22.316831588745117,22.47524642944336,22.049503326416016,22.22772216796875,3751948
2025-02-04,19.638195037841797,21.49504852294922,22.336633682250977,21.25742530822754,22.297029495239258,5470463
2025-02-05,19.547739028930664,21.396038055419922,21.534652709960938,21.21782112121582,21.50494956970215,4427739
2025-02-06,19.529647827148438,21.376237869262695,21.534652709960938,21.20792007446289,21.396038055419922,3371279
2025-02-07,19.231138229370117,21.049503326416016,21.47524642944336,20.900989532470703,21.376237869262695,3422587
2025-02-10,19.339685440063477,21.168315887451172,21.23762321472168,20.96039581298828,20.98019790649414,3029192
2025-02-11,19.140682220458984,20.95049476623535,21.336633682250977,20.910890579223633,21.24752426147461,3351685
2025-02-12,19.023086547851562,20.821781158447266,21.306930541992188,20.554454803466797,20.811880111694336,5255030
2025-02-13,19.14972686767578,20.96039581298828,20.96039581298828,20.73267364501953,20.73267364501953,4055958
2025-02-14,19.430145263671875,21.26732635498047,21.386138916015625,20.811880111694336,21.009899139404297,4347040
2025-02-17,19.213045120239258,21.029701232910156,21.366336822509766,20.891088485717773,21.366336822509766,3442181
2025-02-18,19.22209358215332,21.039602279663086,21.108909606933594,20.801979064941406,21.108909606933594,3929001
2025-02-19,19.167818069458008,20.98019790649414,21.148513793945312,20.851484298706055,20.940593719482422,2877490
2025-02-20,18.932632446289062,20.7227725982666,21.108909606933594,20.50494956970215,21.069305419921875,3071006
2025-02-21,18.932632446289062,20.7227725982666,20.851484298706055,20.44554328918457,20.683168411254883,3859210
2025-02-24,18.94167709350586,20.73267364501953,20.861385345458984,20.584157943725586,20.74257469177246,2478439
2025-02-25,18.842174530029297,20.623762130737305,20.930692672729492,20.623762130737305,20.73267364501953,3010103
2025-02-26,18.552711486816406,20.306930541992188,20.78217887878418,20.049503326416016,20.603960037231445,7554901
2025-02-27,18.59794044494629,20.356435775756836,20.554454803466797,20.1782169342041,20.306930541992188,4101105
2025-02-28,17.883331298828125,19.574256896972656,20.40593910217285,19.574256896972656,20.346534729003906,8532985
2025-03-05,17.78382682800293,19.46534538269043,20.287128448486328,19.46534538269043,19.900989532470703,5535103
2025-03-06,18.068655014038086,19.73267364501953,19.77227783203125,19.376237869262695,19.554454803466797,7122520
2025-03-07,18.050521850585938,19.712871551513672,19.940593719482422,19.49504852294922,19.603960037231445,3441979
2025-03-10,17.96892547607422,19.623762130737305,19.75247573852539,19.336633682250977,19.702970504760742,4112215
2025-03-11,17.597217559814453,19.21782112121582,19.633663177490234,19.21782112121582,19.623762130737305,3475006
2025-03-12,17.361501693725586,18.96039581298828,19.326732635498047,18.851484298706055,19.316831588745117,6972737
2025-03-13,17.6153507232666,19.23762321472168,19.23762321472168,18.910890579223633,18.97029685974121,3429859
2025-03-14,17.760406494140625,19.396038055419922,19.514850616455078,19.138612747192383,19.25742530822754,3134333
2025-03-17,17.987060546875,19.643564224243164,19.801979064941406,19.42574119567871,19.514850616455078,3856584
2025-03-18,18.03238868713379,19.693069458007812,19.801979064941406,19.48514747619629,19.74257469177246,4134334
2025-03-19,18.04145622253418,19.702970504760742,20.0,19.623762130737305,19.801979064941406,3556311
2025-03-20,18.005191802978516,19.663366317749023,19.801979064941406,19.554454803466797,19.73267364501953,3615295
2025-03-21,17.74227523803711,19.376237869262695,19.7227725982666,19.25742530822754,19.702970504760742,8627622
2025-03-24,17.54281997680664,19.158414840698242,19.396038055419922,19.089107513427734,19.336633682250977,3670946
2025-03-25,17.325237274169922,18.920791625976562,19.2772274017334,18.871286392211914,19.25742530822754,5727306
2025-03-26,17.352434158325195,18.95049476623535,19.089107513427734,18.821781158447266,18.871286392211914,4511569
2025-03-27,17.397764205932617,19.0,19.158414840698242,18.95049476623535,19.138612747192383,4133728
2025-03-28,17.234577178955078,18.821781158447266,19.25742530822754,18.821781158447266,19.059404373168945,4904964
2025-03-31,16.917264938354492,18.47524642944336,18.95049476623535,18.47524642944336,18.78217887878418,7861840
2025-04-01,16.98072624206543,18.544553756713867,18.891088485717773,18.49504852294922,18.514850616455078,4624891
2025-04-02,17.089519500732422,18.663366317749023,18.811880111694336,18.554454803466797,18.633663177490234,5643274
2025-04-03,16.808473587036133,18.356435775756836,18.633663177490234,18.22772216796875,18.48514747619629,6349466
2025-04-04,16.817537307739258,18.366336822509766,18.48514747619629,18.0,18.316831588745117,6870626
2025-04-07,16.41863250732422,17.930692672729492,18.524751663208008,17.900989532470703,18.26732635498047,7267657
2025-04-08,16.445831298828125,17.96039581298828,18.306930541992188,17.821781158447266,18.108909606933594,5925771
2025-04-09,16.89912986755371,18.4554443359375,18.633663177490234,17.861385345458984,17.96039581298828,7316339
2025-04-10,16.50929069519043,18.029701232910156,18.49504852294922,17.811880111694336,18.4554443359375,5688724
2025-04-11,16.40049934387207,17.910890579223633,18.158414840698242,17.702970504760742,18.118810653686523,6939508
2025-04-14,16.609018325805664,18.138612747192383,18.24752426147461,17.95049476623535,18.029701232910156,5219175
2025-04-15,16.30983543395996,17.811880111694336,18.138612747192383,17.76237678527832,18.138612747192383,5675998
2025-04-16,16.137582778930664,17.623762130737305,17.861385345458984,17.594058990478516,17.811880111694336,7471778
2025-04-17,16.228242874145508,17.7227725982666,17.841583251953125,17.564355850219727,17.623762130737305,6558233
2025-04-22,16.092252731323242,17.574256896972656,17.79207992553711,17.48514747619629,17.75247573852539,6599744
2025-04-23,16.40049934387207,17.910890579223633,17.98019790649414,17.603960037231445,17.74257469177246,7949811
2025-04-24,16.926328659057617,18.48514747619629,18.49504852294922,17.900989532470703,18.019800186157227,11047178
2025-04-25,16.944459915161133,18.50494956970215,18.534652709960938,18.26732635498047,18.40593910217285,7956982
2025-04-28,17.053253173828125,18.623762130737305,18.73267364501953,18.396038055419922,18.554454803466797,4977987
2025-04-29,16.953527450561523,18.514850616455078,18.831682205200195,18.514850616455078,18.712871551513672,4006973
2025-04-30,16.79940414428711,18.346534729003906,18.623762130737305,18.19801902770996,18.544553756713867,5726498
2025-05-02,17.007925033569336,18.574256896972656,18.613861083984375,18.168315887451172,18.346534729003906,4451373
2025-05-05,16.835670471191406,18.386138916015625,18.653465270996094,18.336633682250977,18.544553756713867,4187864
2025-05-06,16.935396194458008,18.49504852294922,18.594058990478516,18.336633682250977,18.49504852294922,4710842
2025-05-07,17.388700485229492,18.99009895324707,19.099008560180664,18.534652709960938,18.712871551513672,6617924
2025-05-08,17.92359733581543,19.574256896972656,19.841583251953125,19.089107513427734,19.306930541992188,9504706
2025-05-09,17.49749183654785,19.108909606933594,19.603960037231445,19.029701232910156,19.574256896972656,5364110
2025-05-12,17.60628318786621,19.22772216796875,19.663366317749023,19.089107513427734,19.089107513427734,3694075
2025-05-13,17.842002868652344,19.48514747619629,19.534652709960938,19.128711700439453,19.2772274017334,4719730
2025-05-14,17.978490829467773,19.40593910217285,19.653465270996094,19.029701232910156,19.2772274017334,8321289
2025-05-15,18.015180587768555,19.44554328918457,19.633663177490234,19.2772274017334,19.40593910217285,7170091
2025-05-16,17.969318389892578,19.396038055419922,19.49504852294922,19.23762321472168,19.346534729003906,6226953
2025-05-19,17.740001678466797,19.148513793945312,19.376237869262695,19.089107513427734,19.26732635498047,4626810
2025-05-20,17.740001678466797,19.148513793945312,19.20792007446289,18.861385345458984,19.148513793945312,3991015
2025-05-21,17.611583709716797,19.009899139404297,19.22772216796875,19.0,19.148513793945312,2366733
2025-05-22,17.703310012817383,19.108909606933594,19.26732635498047,18.930692672729492,19.009899139404297,5010408
2025-05-23,17.639101028442383,19.039602279663086,19.20792007446289,18.940593719482422,19.108909606933594,2607517
2025-05-26,17.82255744934082,19.23762321472168,19.23762321472168,18.99009895324707,19.039602279663086,1563480
2025-05-27,17.82255744934082,19.23762321472168,19.376237869262695,19.138612747192383,19.297029495239258,7339872
2025-05-28,17.56572151184082,18.96039581298828,19.26732635498047,18.96039581298828,19.21782112121582,4560049
2025-05-29,17.547374725341797,18.940593719482422,19.1782169342041,18.841583251953125,18.910890579223633,2964451
2025-05-30,16.795211791992188,18.128711700439453,18.95049476623535,18.128711700439453,18.940593719482422,7043639
2025-06-02,16.731002807617188,18.059404373168945,18.366336822509766,18.0,18.24752426147461,7001219
2025-06-03,16.969493865966797,18.316831588745117,18.42574119567871,17.95049476623535,18.029701232910156,6910925
2025-06-04,16.98784065246582,18.336633682250977,18.48514747619629,18.18811798095703,18.4554443359375,5838002
2025-06-05,17.097911834716797,18.4554443359375,18.653465270996094,18.1782169342041,18.40593910217285,7079090
2025-06-06,16.905284881591797,18.24752426147461,18.564355850219727,18.148513793945312,18.50494956970215,4307751
2025-06-09,17.162120819091797,18.524751663208008,18.524751663208008,18.158414840698242,18.19801902770996,4155039
2025-06-10,17.04287338256836,18.396038055419922,18.643564224243164,18.297029495239258,18.643564224243164,3970714
2025-06-11,16.694311141967773,18.019800186157227,18.356435775756836,18.019800186157227,18.346534729003906,4637516
2025-06-12,16.850250244140625,18.18811798095703,18.18811798095703,17.871286392211914,18.0,2982631
2025-06-13,16.868593215942383,18.20792007446289,18.346534729003906,17.98019790649414,18.118810653686523,3752958
2025-06-16,16.98784065246582,18.336633682250977,18.49504852294922,18.1782169342041,18.1782169342041,4133526
2025-06-17,16.510860443115234,17.821781158447266,18.48514747619629,17.821781158447266,18.4554443359375,4706398
2025-06-18,16.547550201416016,17.861385345458984,18.039602279663086,17.76237678527832,17.920791625976562,4085147
2025-06-20,16.143951416015625,17.42574119567871,17.881187438964844,17.396038055419922,17.871286392211914,10431987
2025-06-23,16.198986053466797,17.48514747619629,17.524751663208008,17.336633682250977,17.43564224243164,7401886
2025-06-24,16.244850158691406,17.534652709960938,17.7227725982666,17.376237869262695,17.514850616455078,5274523
2025-06-25,16.143951416015625,17.42574119567871,17.554454803466797,17.2772274017334,17.514850616455078,6821742
2025-06-26,16.40995979309082,17.712871551513672,17.851484298706055,17.4554443359375,17.544553756713867,4017477
2025-06-27,16.40995979309082,17.712871551513672,17.99009895324707,17.554454803466797,17.623762130737305,3906478
2025-06-30,16.92363166809082,18.26732635498047,18.366336822509766,17.653465270996094,17.712871551513672,8629238
2025-07-01,16.932802200317383,18.2772274017334,18.40593910217285,18.18811798095703,18.396038055419922,4761746
2025-07-02,17.418956756591797,18.801979064941406,19.019800186157227,18.524751663208008,18.633663177490234,8553387
2025-07-03,17.92345428466797,19.346534729003906,19.554454803466797,18.663366317749023,18.663366317749023,7099290
2025-07-04,17.840900421142578,19.25742530822754,19.594058990478516,19.23762321472168,19.326732635498047,3652463
2025-07-07,17.30888557434082,18.683168411254883,19.336633682250977,18.683168411254883,19.25742530822754,4702560
2025-07-08,17.097911834716797,18.4554443359375,18.831682205200195,18.41584014892578,18.79207992553711,4666099
2025-07-09,16.978668212890625,18.326732635498047,18.73267364501953,18.2772274017334,18.346534729003906,3943949
2025-07-10,17.18046760559082,18.544553756713867,18.643564224243164,18.089107513427734,18.1782169342041,3345221
2025-07-11,17.024532318115234,18.376237869262695,18.603960037231445,18.24752426147461,18.524751663208008,1841533
2025-07-14,17.42812728881836,18.811880111694336,18.861385345458984,18.366336822509766,18.41584014892578,4856989
2025-07-15,17.510683059692383,18.900989532470703,19.138612747192383,18.831682205200195,18.871286392211914,3702054
2025-07-16,17.483165740966797,18.871286392211914,19.049503326416016,18.702970504760742,19.049503326416016,4776189
2025-07-17,17.510683059692383,18.900989532470703,19.069305419921875,18.702970504760742,18.851484298706055,3533485
2025-07-18,17.217159271240234,18.584157943725586,18.930692672729492,18.514850616455078,18.811880111694336,5152414
2025-07-21,17.19881248474121,18.564355850219727,18.76237678527832,18.524751663208008,18.554454803466797,3583581
2025-07-22,17.079565048217773,18.43564224243164,18.75247573852539,18.43564224243164,18.633663177490234,3467431
2025-07-23,17.143774032592773,18.50494956970215,18.801979064941406,18.366336822509766,18.43564224243164,4946778
2025-07-24,17.13460350036621,18.49504852294922,18.653465270996094,18.316831588745117,18.336633682250977,3166956
2025-07-25,17.409786224365234,18.79207992553711,18.851484298706055,18.48514747619629,18.49504852294922,3184328
2025-07-28,17.125429153442383,18.48514747619629,18.811880111694336,18.48514747619629,18.693069458007812,4857393
2025-07-29,17.015357971191406,18.366336822509766,18.643564224243164,18.326732635498047,18.633663177490234,2738514
2025-07-30,17.13460350036621,18.49504852294922,18.871286392211914,18.1782169342041,18.326732635498047,5021821
2025-07-31,17.061220169067383,18.41584014892578,18.554454803466797,18.059404373168945,18.43564224243164,3751140
2025-08-01,16.886940002441406,18.22772216796875,18.554454803466797,18.138612747192383,18.534652709960938,5133527
2025-08-04,16.831905364990234,18.168315887451172,18.376237869262695,17.861385345458984,18.316831588745117,4195237
2025-08-05,16.400789260864258,17.702970504760742,18.23762321472168,17.702970504760742,18.19801902770996,4552474
2025-08-06,16.712657928466797,18.039602279663086,18.039602279663086,17.7227725982666,17.811880111694336,5278563
2025-08-07,17.04287338256836,18.396038055419922,18.693069458007812,18.009899139404297,18.089107513427734,5915469
2025-08-08,17.37309455871582,18.75247573852539,18.78217887878418,18.287128448486328,18.50494956970215,3857190
2025-08-11,17.141576766967773,18.25742530822754,18.584157943725586,18.1782169342041,18.584157943725586,3226748
2025-08-12,17.10439109802246,18.21782112121582,18.46534538269043,18.029701232910156,18.25742530822754,5452788
2025-08-13,16.825515747070312,17.920791625976562,18.18811798095703,17.841583251953125,18.18811798095703,5864868
2025-08-14,17.048614501953125,18.158414840698242,18.158414840698242,17.74257469177246,17.861385345458984,2730030
2025-08-15,16.751148223876953,17.841583251953125,18.287128448486328,17.841583251953125,18.059404373168945,3814265
2025-08-18,16.741851806640625,17.831682205200195,18.069305419921875,17.78217887878418,17.920791625976562,3680743
2025-08-19,16.713964462280273,17.801979064941406,17.930692672729492,17.73267364501953,17.930692672729492,3605700
2025-08-20,16.713964462280273,17.801979064941406,17.96039581298828,17.801979064941406,17.831682205200195,1654178
2025-08-21,16.6674861907959,17.75247573852539,17.851484298706055,17.643564224243164,17.801979064941406,3050806
2025-08-22,17.085800170898438,18.19801902770996,18.326732635498047,17.78217887878418,17.821781158447266,4354009
2025-08-25,17.057912826538086,18.168315887451172,18.25742530822754,18.039602279663086,18.19801902770996,2796488
2025-08-26,16.992841720581055,18.099008560180664,18.23762321472168,17.98019790649414,18.19801902770996,4906277
2025-08-27,17.07650375366211,18.18811798095703,18.297029495239258,17.99009895324707,18.019800186157227,4513387
2025-08-28,17.122983932495117,18.23762321472168,18.47524642944336,18.158414840698242,18.25742530822754,5082320
2025-08-29,17.206647872924805,18.326732635498047,18.41584014892578,18.168315887451172,18.23762321472168,5099591
2025-09-01,17.048614501953125,18.158414840698242,18.46534538269043,18.069305419921875,18.41584014892578,2932030
2025-09-02,16.9742488861084,18.079206466674805,18.2772274017334,17.97029685974121,18.128711700439453,4448141
2025-09-03,16.93706512451172,18.039602279663086,18.44554328918457,18.009899139404297,18.18811798095703,4081208
2025-09-04,17.15087127685547,18.26732635498047,18.41584014892578,18.009899139404297,18.079206466674805,4465917
2025-09-05,17.2159423828125,18.336633682250977,18.50494956970215,18.22772216796875,18.316831588745117,5934053
2025-09-08,17.327491760253906,18.4554443359375,18.514850616455078,18.24752426147461,18.26732635498047,5230083
2025-09-09,17.48552131652832,18.623762130737305,18.74257469177246,18.356435775756836,18.366336822509766,5296440
2025-09-10,17.169462203979492,18.287128448486328,18.702970504760742,18.287128448486328,18.673267364501953,4333001
2025-09-11,17.364675521850586,18.49504852294922,18.584157943725586,18.21782112121582,18.40593910217285,4065856
2025-09-12,17.24382972717285,18.366336822509766,18.544553756713867,18.26732635498047,18.297029495239258,7842549
2025-09-15,17.10439109802246,18.21782112121582,18.594058990478516,18.158414840698242,18.584157943725586,4498439
2025-09-16,17.0300235748291,18.138612747192383,18.396038055419922,18.099008560180664,18.26732635498047,4365119
2025-09-17,17.15087127685547,18.26732635498047,18.346534729003906,18.118810653686523,18.118810653686523,5553081
2025-09-18,16.992841720581055,18.099008560180664,18.2772274017334,17.920791625976562,18.2772274017334,5221296
2025-09-19,17.0300235748291,18.138612747192383,18.18811798095703,18.059404373168945,18.118810653686523,11312101
2025-09-22,16.918472290039062,18.019800186157227,18.148513793945312,17.841583251953125,18.128711700439453,4587723
2025-09-23,16.825515747070312,17.920791625976562,18.079206466674805,17.881187438964844,18.029701232910156,4410064
2025-09-24,16.890586853027344,17.99009895324707,18.049503326416016,17.851484298706055,17.95049476623535,4367745
2025-09-25,16.918472290039062,18.019800186157227,18.099008560180664,17.891088485717773,18.059404373168945,4481168
2025-09-26,16.918472290039062,18.019800186157227,18.089107513427734,17.891088485717773,18.089107513427734,4128072
2025-09-29,16.648895263671875,17.73267364501953,18.138612747192383,17.702970504760742,18.118810653686523,6779726
2025-09-30,16.76974105834961,17.861385345458984,17.861385345458984,17.653465270996094,17.811880111694336,7453699
2025-10-01,16.955656051635742,18.059404373168945,18.089107513427734,17.841583251953125,17.861385345458984,4317851
2025-10-02,16.83481216430664,17.930692672729492,18.039602279663086,17.831682205200195,18.039602279663086,6482887
2025-10-03,16.96495246887207,18.069305419921875,18.19801902770996,17.871286392211914,17.940593719482422,4244525
2025-10-06,16.52804946899414,17.603960037231445,18.069305419921875,17.603960037231445,18.039602279663086,7026368
2025-10-07,16.360721588134766,17.42574119567871,17.801979064941406,17.42574119567871,17.623762130737305,6173423
2025-10-08,16.27705955505371,17.336633682250977,17.594058990478516,17.336633682250977,17.524751663208008,6749426
2025-10-09,16.28635597229004,17.346534729003906,17.49504852294922,17.1782169342041,17.386138916015625,4168876
2025-10-10,16.14691734313965,17.19801902770996,17.47524642944336,17.19801902770996,17.346534729003906,5634285
2025-10-13,16.28635597229004,17.346534729003906,17.396038055419922,17.26732635498047,17.326732635498047,3017981
2025-10-14,16.221284866333008,17.2772274017334,17.42574119567871,17.25742530822754,17.2772274017334,4166149
2025-10-15,16.267765045166016,17.326732635498047,17.49504852294922,17.20792007446289,17.287128448486328,12868814
2025-10-16,16.41649627685547,17.48514747619629,17.49504852294922,17.21782112121582,17.326732635498047,4185440
2025-10-17,16.081846237182617,17.128711700439453,17.574256896972656,17.128711700439453,17.524751663208008,5938497
2025-10-20,16.230581283569336,17.287128448486328,17.46534538269043,17.069305419921875,17.148513793945312,6516924
2025-10-21,16.10043716430664,17.148513793945312,17.386138916015625,17.118810653686523,17.297029495239258,5674079
2025-10-22,16.37001609802246,17.43564224243164,17.564355850219727,17.138612747192383,17.138612747192383,4889107
2025-10-23,16.54663848876953,17.623762130737305,17.673267364501953,17.46534538269043,17.544553756713867,7776192
2025-10-24,16.69537353515625,17.78217887878418,17.891088485717773,17.643564224243164,17.693069458007812,8299069
2025-10-27,16.51875114440918,17.594058990478516,17.96039581298828,17.594058990478516,17.920791625976562,4165139
2025-10-28,16.83481216430664,17.930692672729492,18.049503326416016,17.554454803466797,17.574256896972656,4138677
2025-10-29,16.70467185974121,17.79207992553711,18.069305419921875,17.75247573852539,17.841583251953125,3360977
2025-10-30,16.713964462280273,17.801979064941406,17.861385345458984,17.663366317749023,17.79207992553711,3767906
2025-10-31,16.76974105834961,17.861385345458984,17.861385345458984,17.643564224243164,17.811880111694336,3935465
2025-11-03,16.713964462280273,17.801979064941406,17.97029685974121,17.702970504760742,17.97029685974121,3792449
2025-11-04,17.206647872924805,18.326732635498047,18.46534538269043,17.77227783203125,17.801979064941406,7167667
2025-11-05,17.346084594726562,18.47524642944336,18.50494956970215,18.2772274017334,18.326732635498047,4521063
2025-11-06,17.085800170898438,18.19801902770996,18.564355850219727,18.18811798095703,18.514850616455078,3654685
2025-11-07,16.983543395996094,18.089107513427734,18.326732635498047,18.069305419921875,18.19801902770996,4475310
2025-11-10,16.889986038208008,17.73267364501953,18.108909606933594,17.7227725982666,18.019800186157227,6777807
2025-11-11,16.852264404296875,17.693069458007812,17.940593719482422,17.574256896972656,17.910890579223633,6763869
2025-11-12,17.3049259185791,18.168315887451172,18.1782169342041,17.673267364501953,17.693069458007812,9350075
2025-11-13,16.99371910095215,17.841583251953125,18.336633682250977,17.75247573852539,18.1782169342041,5612974
2025-11-14,16.899415969848633,17.74257469177246,17.910890579223633,17.74257469177246,17.841583251953125,2952836
2025-11-17,17.050302505493164,17.900989532470703,17.95049476623535,17.653465270996094,17.74257469177246,3865674
2025-11-18,16.823972702026367,17.663366317749023,17.940593719482422,17.663366317749023,17.841583251953125,4246444
2025-11-19,16.776819229125977,17.613861083984375,17.851484298706055,17.534652709960938,17.663366317749023,4163523
2025-11-21,16.569347381591797,17.396038055419922,17.623762130737305,17.376237869262695,17.623762130737305,4621255
2025-11-24,16.343015670776367,17.158414840698242,17.584157943725586,17.158414840698242,17.49504852294922,9569649
2025-11-25,16.569347381591797,17.396038055419922,17.544553756713867,17.148513793945312,17.22772216796875,4877997
2025-11-26,16.710805892944336,17.544553756713867,17.693069458007812,17.4554443359375,17.4554443359375,4487531
2025-11-27,16.739097595214844,17.574256896972656,17.603960037231445,17.50494956970215,17.544553756713867,2300679
2025-11-28,16.729665756225586,17.564355850219727,17.663366317749023,17.4554443359375,17.554454803466797,3875471
2025-12-01,16.739097595214844,17.574256896972656,17.673267364501953,17.4554443359375,17.544553756713867,4486319
2025-12-02,16.842832565307617,17.683168411254883,17.851484298706055,17.594058990478516,17.663366317749023,6263414
2025-12-03,17.069164276123047,17.920791625976562,17.940593719482422,17.693069458007812,17.76237678527832,4511569
2025-12-04,17.33321762084961,18.19801902770996,18.19801902770996,17.881187438964844,17.930692672729492,5942840
2025-12-05,17.587839126586914,18.46534538269043,18.663366317749023,18.18811798095703,18.316831588745117,9723573
2025-12-08,17.634992599487305,18.514850616455078,18.683168411254883,18.26732635498047,18.564355850219727,4390773
2025-12-09,17.767019271850586,18.653465270996094,19.24752426147461,18.613861083984375,18.76237678527832,9105251
2025-12-10,18.134807586669922,19.039602279663086,19.089107513427734,18.613861083984375,18.76237678527832,6170696
2025-12-11,17.69157600402832,18.574256896972656,19.049503326416016,18.574256896972656,18.97029685974121,7756497
2025-12-12,17.682144165039062,18.564355850219727,18.78217887878418,18.42574119567871,18.673267364501953,6252203
2025-12-15,18.09708595275879,19.0,19.059404373168945,18.43564224243164,18.7227725982666,8551367
2025-12-16,18.049503326416016,18.049503326416016,18.346534729003906,17.910890579223633,18.21782112121582,7593180
2025-12-17,18.168315887451172,18.168315887451172,18.287128448486328,17.871286392211914,18.009899139404297,8314118
2025-12-18,18.59000015258789,18.59000015258789,18.969999313354492,18.1200008392334,18.1200008392334,11509400
2025-12-19,18.290000915527344,18.290000915527344,18.75,18.290000915527344,18.670000076293945,10024200
2025-12-22,18.510000228881836,18.510000228881836,18.709999084472656,18.260000228881836,18.350000381469727,5635100
2025-12-23,18.610000610351562,18.610000610351562,18.770000457763672,18.350000381469727,18.59000015258789,6917800
2025-12-26,18.600000381469727,18.600000381469727,18.799999237060547,18.549999237060547,18.610000610351562,3206400
2025-12-29,18.719999313354492,18.719999313354492,18.729999542236328,18.579999923706055,18.579999923706055,2929800
2025-12-30,18.760000228881836,18.760000228881836,18.8700008392334,18.670000076293945,18.799999237060547,4410900
2026-01-02,19.09000015258789,19.09000015258789,19.09000015258789,18.719999313354492,18.790000915527344,3933000
2026-01-05,18.520000457763672,18.520000457763672,19.079999923706055,18.520000457763672,18.899999618530273,5641100
2026-01-06,18.520000457763672,18.520000457763672,18.770000457763672,18.520000457763672,18.540000915527344,3488000
2026-01-07,18.350000381469727,18.350000381469727,18.639999389648438,18.34000015258789,18.520000457763672,3372000
2026-01-08,18.520000457763672,18.520000457763672,18.520000457763672,18.1299991607666,18.34000015258789,4932200
2026-01-09,18.719999313354492,18.719999313354492,18.969999313354492,18.399999618530273,18.5,2812100
2026-01-12,18.84000015258789,18.84000015258789,18.920000076293945,18.59000015258789,18.700000762939453,3655300
2026-01-13,18.639999389648438,18.639999389648438,18.809999465942383,18.3799991607666,18.75,4450100
2026-01-14,19.010000228881836,19.010000228881836,19.010000228881836,18.540000915527344,18.649999618530273,3770300
2026-01-15,18.729999542236328,18.729999542236328,19.049999237060547,18.729999542236328,19.0,3202500
2026-01-16,18.610000610351562,18.610000610351562,18.81999969482422,18.540000915527344,18.780000686645508,5292800
2026-01-19,18.59000015258789,18.59000015258789,18.6200008392334,18.40999984741211,18.56999969482422,1551100
2026-01-20,18.5,18.5,18.6299991607666,18.3799991607666,18.6200008392334,3012600
2026-01-21,18.969999313354492,18.969999313354492,18.969999313354492,18.549999237060547,18.6299991607666,4719100
2026-01-22,19.280000686645508,19.280000686645508,19.780000686645508,19.0,19.0,9165400
2026-01-23,19.420000076293945,19.420000076293945,19.549999237060547,18.90999984741211,19.399999618530273,12183500
2026-01-26,19.190000534057617,19.190000534057617,19.799999237060547,19.06999969482422,19.799999237060547,9019200
2026-01-27,19.40999984741211,19.40999984741211,19.579999923706055,19.25,19.290000915527344,8485400
2026-01-28,19.59000015258789,19.59000015258789,19.729999542236328,19.34000015258789,19.450000762939453,4877800
2026-01-29,19.0,19.0,19.639999389648438,18.940000534057617,19.610000610351562,5249100
2026-01-30,19.15999984741211,19.15999984741211,19.309999465942383,19.010000228881836,19.049999237060547,7425100
2026-02-02,19.209999084472656,19.209999084472656,19.479999542236328,19.049999237060547,19.15999984741211,6987600
2026-02-03,19.25,19.25,19.459999084472656,19.030000686645508,19.209999084472656,8887700
2026-02-04,19.31999969482422,19.31999969482422,19.450000762939453,19.059999465942383,19.219999313354492,5030700
2026-02-05,19.43000030517578,19.43000030517578,19.6299991607666,19.280000686645508,19.31999969482422,4657000
2026-02-06,19.299999237060547,19.299999237060547,19.530000686645508,19.229999542236328,19.43000030517578,5768900
2026-02-09,19.81999969482422,19.81999969482422,19.969999313354492,19.350000381469727,19.350000381469727,9576800
2026-02-10,19.829999923706055,19.829999923706055,20.030000686645508,19.690000534057617,19.81999969482422,6041000
2026-02-11,21.020000457763672,21.020000457763672,21.25,19.65999984741211,19.799999237060547,15839700
2026-02-12,20.530000686645508,20.530000686645508,20.860000610351562,20.049999237060547,20.860000610351562,10279900
2026-02-13,20.389999389648438,20.389999389648438,20.489999771118164,20.09000015258789,20.100000381469727,5571200
2026-02-18,20.209999084472656,20.209999084472656,20.639999389648438,20.0,20.15999984741211,4840100
2026-02-19,20.170000076293945,20.170000076293945,20.479999542236328,20.020000457763672,20.219999313354492,5165600
2026-02-20,20.100000381469727,20.100000381469727,20.139999389648438,19.739999771118164,20.100000381469727,6319300
2026-02-23,20.0,20.0,20.209999084472656,19.920000076293945,20.110000610351562,6465400
2026-02-24,20.31999969482422,20.31999969482422,20.719999313354492,20.010000228881836,20.100000381469727,7874400
2026-02-25,20.670000076293945,20.670000076293945,20.670000076293945,20.260000228881836,20.350000381469727,4186300
2026-02-26,20.809999465942383,20.809999465942383,20.989999771118164,20.600000381469727,20.670000076293945,5370100
2026-02-27,20.559999465942383,20.559999465942383,20.899999618530273,20.5,20.899999618530273,5773700
2026-03-02,20.610000610351562,20.610000610351562,20.649999618530273,20.309999465942383,20.450000762939453,3704400
2026-03-03,19.8799991607666,19.8799991607666,20.459999084472656,19.670000076293945,20.190000534057617,7290300
2026-03-04,20.0,20.0,20.1200008392334,19.5,19.8799991607666,4954700
2026-03-05,19.690000534057617,19.690000534057617,20.040000915527344,19.649999618530273,20.0,3721400
2026-03-06,19.530000686645508,19.530000686645508,19.81999969482422,19.260000228881836,19.6299991607666,4931200
2026-03-09,19.68000030517578,19.68000030517578,19.809999465942383,19.18000030517578,19.479999542236328,4217300
2026-03-10,19.719999313354492,19.719999313354492,20.049999237060547,19.65999984741211,19.709999084472656,4757400
2026-03-11,19.75,19.75,19.940000534057617,19.489999771118164,19.600000381469727,4358700
2026-03-12,19.290000915527344,19.290000915527344,19.700000762939453,19.170000076293945,19.600000381469727,4330500
2026-03-13,19.110000610351562,19.110000610351562,19.40999984741211,19.079999923706055,19.3799991607666,2913000
2026-03-16,19.190000534057617,19.190000534057617,19.559999465942383,19.18000030517578,19.3700008392334,3157400
2026-03-17,19.280000686645508,19.280000686645508,19.420000076293945,19.149999618530273,19.190000534057617,2740800
2026-03-18,19.0,19.0,19.3700008392334,18.959999084472656,19.190000534057617,3383800
2026-03-19,18.799999237060547,18.799999237060547,18.889999389648438,18.600000381469727,18.799999237060547,4426000
2026-03-20,18.399999618530273,18.399999618530273,18.790000915527344,18.350000381469727,18.790000915527344,12367400
2026-03-23,18.899999618530273,18.899999618530273,19.100000381469727,18.450000762939453,18.559999465942383,3845800
2026-03-24,19.139999389648438,19.139999389648438,19.18000030517578,18.739999771118164,18.899999618530273,4532300
2026-03-25,19.450000762939453,19.450000762939453,19.6200008392334,19.350000381469727,19.440000534057617,4144400
2026-03-26,19.260000228881836,19.260000228881836,19.420000076293945,19.1200008392334,19.360000610351562,4213300
2026-03-27,19.209999084472656,19.209999084472656,19.34000015258789,19.1299991607666,19.200000762939453,2713000
2026-03-30,19.15999984741211,19.15999984741211,19.360000610351562,18.979999542236328,19.280000686645508,2942000
2026-03-31,19.510000228881836,19.510000228881836,19.700000762939453,19.25,19.350000381469727,7290800
2026-04-01,19.549999237060547,19.549999237060547,19.760000228881836,19.510000228881836,19.510000228881836,3991300
2026-04-02,19.31999969482422,19.31999969482422,19.479999542236328,19.100000381469727,19.399999618530273,3249500
2026-04-06,19.049999237060547,19.049999237060547,19.399999618530273,19.0,19.34000015258789,3501500
2026-04-07,18.459999084472656,18.459999084472656,19.079999923706055,18.270000457763672,19.030000686645508,10903800
2026-04-08,18.770000457763672,18.770000457763672,19.18000030517578,18.690000534057617,19.049999237060547,6194800
2026-04-09,19.040000915527344,19.040000915527344,19.25,18.84000015258789,18.920000076293945,4252600
2026-04-10,19.059999465942383,19.059999465942383,19.3799991607666,18.979999542236328,19.100000381469727,4240400
2026-04-13,19.18000030517578,19.18000030517578,19.219999313354492,18.850000381469727,18.850000381469727,3988700
2026-04-14,19.530000686645508,19.530000686645508,19.559999465942383,19.1299991607666,19.229999542236328,6070100
2026-04-15,19.15999984741211,19.15999984741211,19.549999237060547,19.079999923706055,19.530000686645508,6397700
2026-04-16,18.950000762939453,18.950000762939453,19.219999313354492,18.899999618530273,19.149999618530273,3235500
2026-04-17,18.780000686645508,18.780000686645508,19.270000457763672,18.729999542236328,19.260000228881836,5578600
2026-04-20,18.760000228881836,18.760000228881836,18.93000030517578,18.6200008392334,18.790000915527344,3701700
2026-04-22,18.700000762939453,18.700000762939453,18.90999984741211,18.65999984741211,18.760000228881836,4188500
2026-04-23,18.110000610351562,18.110000610351562,18.5,18.030000686645508,18.350000381469727,8145000
2026-04-24,17.940000534057617,17.940000534057617,18.229999542236328,17.850000381469727,18.209999084472656,7344800
2026-04-27,17.8700008392334,17.8700008392334,18.110000610351562,17.8700008392334,18.0,5692900
2026-04-28,17.81999969482422,17.81999969482422,17.979999542236328,17.760000228881836,17.829999923706055,5932700
2026-04-29,17.610000610351562,17.610000610351562,17.940000534057617,17.59000015258789,17.81999969482422,5951000
2026-04-30,17.479999542236328,17.479999542236328,17.809999465942383,17.43000030517578,17.610000610351562,12557900
2026-05-04,17.280000686645508,17.280000686645508,17.739999771118164,17.270000457763672,17.559999465942383,9111800
2026-05-05,17.399999618530273,17.399999618530273,17.489999771118164,17.260000228881836,17.299999237060547,4171000
2026-05-06,17.139999389648438,17.139999389648438,17.34000015258789,17.010000228881836,17.299999237060547,9260200
2026-05-07,17.020000457763672,17.020000457763672,17.239999771118164,17.0,17.15999984741211,4637800
2026-05-08,17.190000534057617,17.190000534057617,17.43000030517578,17.059999465942383,17.190000534057617,5112000
2026-05-11,17.0,17.0,17.34000015258789,17.0,17.200000762939453,6075400
2026-05-12,16.81999969482422,16.81999969482422,17.18000030517578,16.81999969482422,17.020000457763672,5691900
2026-05-13,16.809999465942383,16.809999465942383,16.989999771118164,16.649999618530273,16.899999618530273,6604600
2026-05-14,16.860000610351562,16.860000610351562,17.079999923706055,16.760000228881836,16.979999542236328,5987100
2026-05-15,16.43000030517578,16.43000030517578,16.93000030517578,16.420000076293945,16.809999465942383,7566200
2026-05-18,16.299999237060547,16.299999237060547,16.510000228881836,16.290000915527344,16.5,6612200
2026-05-19,16.100000381469727,16.100000381469727,16.3700008392334,16.100000381469727,16.299999237060547,6422600
2026-05-20,16.520000457763672,16.520000457763672,16.649999618530273,16.1299991607666,16.1299991607666,5337200
2026-05-21,16.510000228881836,16.510000228881836,16.600000381469727,16.40999984741211,16.520000457763672,4855000
2026-05-22,16.459999084472656,16.459999084472656,16.549999237060547,16.309999465942383,16.510000228881836,3328200
2026-05-25,16.549999237060547,16.549999237060547,16.600000381469727,16.479999542236328,16.600000381469727,2207200
2026-05-26,16.610000610351562,16.610000610351562,16.65999984741211,16.43000030517578,16.56999969482422,4610900
2026-05-27,16.780000686645508,16.780000686645508,17.1299991607666,16.709999084472656,16.809999465942383,6370500
2026-05-28,16.670000076293945,16.670000076293945,16.940000534057617,16.649999618530273,16.829999923706055,4957700
2026-05-29,16.670000076293945,16.670000076293945,16.799999237060547,16.540000915527344,16.799999237060547,8036500
2026-06-01,16.639999389648438,16.639999389648438,16.799999237060547,16.440000534057617,16.799999237060547,4199500
2026-06-02,16.90999984741211,16.90999984741211,16.90999984741211,16.6200008392334,16.75,4788200
2026-06-03,16.760000228881836,16.760000228881836,16.84000015258789,16.6299991607666,16.690000534057617,5072400
2026-06-05,17.049999237060547,17.049999237060547,17.270000457763672,16.709999084472656,16.799999237060547,6855500
2026-06-08,17.1200008392334,17.1200008392334,17.260000228881836,17.010000228881836,17.010000228881836,4846200
2026-06-09,17.040000915527344,17.040000915527344,17.219999313354492,17.0,17.149999618530273,4021100
2026-06-10,16.860000610351562,16.860000610351562,17.18000030517578,16.799999237060547,17.040000915527344,4418400
2026-06-11,16.780000686645508,16.780000686645508,16.889999389648438,16.520000457763672,16.860000610351562,4156300
2026-06-12,16.8799991607666,16.8799991607666,17.0,16.670000076293945,16.780000686645508,3078400
2026-06-15,17.110000610351562,17.110000610351562,17.329999923706055,17.040000915527344,17.09000015258789,4634900
2026-06-16,17.059999465942383,17.059999465942383,17.190000534057617,16.969999313354492,17.06999969482422,3049000
2026-06-17,16.959999084472656,16.959999084472656,17.229999542236328,16.81999969482422,17.06999969482422,4862000
2026-06-18,17.229999542236328,17.229999542236328,17.34000015258789,16.829999923706055,16.969999313354492,5173300
2026-06-19,17.1299991607666,17.1299991607666,17.3799991607666,16.889999389648438,17.280000686645508,7295600
2026-06-22,16.93000030517578,16.93000030517578,17.139999389648438,16.84000015258789,16.959999084472656,7298300
2026-06-23,16.809999465942383,16.809999465942383,16.940000534057617,16.600000381469727,16.93000030517578,7517300
2026-06-24,16.850000381469727,16.850000381469727,16.860000610351562,16.65999984741211,16.75,5097300
2026-06-25,17.049999237060547,17.049999237060547,17.3799991607666,16.93000030517578,16.93000030517578,5298000
2026-06-26,16.959999084472656,16.959999084472656,17.209999084472656,16.729999542236328,17.06999969482422,7868700
2026-06-29,16.889999389648438,16.889999389648438,17.040000915527344,16.770000457763672,16.959999084472656,4796100
2026-06-30,16.739999771118164,16.739999771118164,16.93000030517578,16.670000076293945,16.8700008392334,4730300
2026-07-01,16.920000076293945,16.920000076293945,16.959999084472656,16.610000610351562,16.65999984741211,4978800
2026-07-02,16.989999771118164,16.989999771118164,17.1299991607666,16.920000076293945,16.93000030517578,3437100
2026-07-03,17.100000381469727,17.100000381469727,17.170000076293945,16.979999542236328,16.989999771118164,2253300
2026-07-06,17.0,17.0,17.149999618530273,16.850000381469727,17.100000381469727,3784100
2026-07-07,17.170000076293945,17.170000076293945,17.209999084472656,16.940000534057617,17.0,4002400
2026-07-08,17.15999984741211,17.15999984741211,17.209999084472656,16.950000762939453,17.09000015258789,4640000
2026-07-09,17.399999618530273,17.399999618530273,17.399999618530273,17.1299991607666,17.18000030517578,5455500
2026-07-10,17.540000915527344,17.540000915527344,17.639999389648438,17.40999984741211,17.59000015258789,5591900
2026-07-13,17.479999542236328,17.479999542236328,17.700000762939453,17.440000534057617,17.549999237060547,3487000
2026-07-14,17.31999969482422,17.31999969482422,17.549999237060547,17.31999969482422,17.549999237060547,3036300
2026-07-15,17.389999389648438,17.389999389648438,17.510000228881836,17.200000762939453,17.270000457763672,3914700
2026-07-16,17.360000610351562,17.360000610351562,17.559999465942383,17.31999969482422,17.31999969482422,2518500
2026-07-17,17.579999923706055,17.579999923706055,17.639999389648438,17.34000015258789,17.399999618530273,4000400
2026-07-20,17.479999542236328,17.479999542236328,17.860000610351562,17.31999969482422,17.549999237060547,3181500
2026-07-21,17.59000015258789,17.59000015258789,17.65999984741211,17.360000610351562,17.420000076293945,3098500
2026-07-22,17.93000030517578,17.93000030517578,18.0,17.639999389648438,17.700000762939453,4310200
2026-07-23,17.65999984741211,17.65999984741211,17.920000076293945,17.40999984741211,17.81999969482422,4884400
2026-07-24,17.520000457763672,17.520000457763672,17.59000015258789,17.31999969482422,17.5,3680600
2026-07-27,17.68000030517578,17.68000030517578,17.75,17.479999542236328,17.579999923706055,3742800
2026-07-28,18.040000915527344,18.040000915527344,18.309999465942383,17.829999923706055,17.899999618530273,5010100
2026-07-29,18.079999923706055,18.079999923706055,18.170000076293945,17.940000534057617,18.09000015258789,2164600
