Date,Adj Close,Close,High,Low,Open,Volume
2021-07-29,22.701007843017578,24.509803771972656,24.952865600585938,24.42496109008789,24.924585342407227,3984683
2021-07-30,22.03743553161621,23.793363571166992,24.61349868774414,23.76508140563965,24.292985916137695,4742942
2021-08-02,22.212060928344727,23.98189926147461,24.500377655029297,23.963045120239258,24.217571258544922,3916473
2021-08-03,22.500192642211914,24.292985916137695,24.39668083190918,23.76508140563965,23.840496063232422,4990745
2021-08-04,22.20332908630371,23.97247314453125,24.509803771972656,23.93476676940918,24.292985916137695,4275872
2021-08-05,22.59623146057129,24.39668083190918,24.622926712036133,24.057315826416016,24.22699737548828,4369647
2021-08-06,22.701007843017578,24.509803771972656,24.65120506286621,24.123302459716797,24.311840057373047,4366358
2021-08-09,23.312185287475586,25.1696834564209,25.311084747314453,24.302413940429688,24.302413940429688,4348113
2021-08-10,22.840707778930664,24.660633087158203,25.23567008972168,24.500377655029297,25.179109573364258,6009432
2021-08-11,21.932666778564453,23.680240631103516,24.688913345336914,23.538837432861328,24.65120506286621,7219062
2021-08-12,22.53511619567871,24.330692291259766,24.490949630737305,23.378582000732422,23.6142520904541,9096572
2021-08-13,22.59623146057129,24.39668083190918,24.500377655029297,24.00075340270996,24.35897445678711,3884013
2021-08-16,22.491456985473633,24.283559799194336,24.406108856201172,23.94419288635254,24.321266174316406,4593476
2021-08-17,22.177141189575195,23.94419288635254,24.472095489501953,23.651960372924805,24.1610107421875,6293302
2021-08-18,22.089826583862305,23.849924087524414,24.406108856201172,23.661386489868164,23.9536190032959,5700951
2021-08-19,22.893091201782227,24.717193603515625,24.98114585876465,23.680240631103516,23.887630462646484,5748899
2021-08-20,23.285993576049805,25.141401290893555,25.141401290893555,24.340120315551758,24.37782859802246,6608465
2021-08-23,23.13756561279297,24.98114585876465,25.19796371459961,24.679487228393555,25.047134399414062,5352372
2021-08-24,22.526386260986328,24.321266174316406,25.22624397277832,24.302413940429688,25.22624397277832,6750719
2021-08-25,22.692279815673828,24.500377655029297,24.55693817138672,24.085594177246094,24.311840057373047,4167671
2021-08-26,22.45652961730957,24.245851516723633,24.575790405273438,24.085594177246094,24.13273048400879,6818292
2021-08-27,22.570032119750977,24.36840057373047,24.575790405273438,24.113876342773438,24.274131774902344,2952206
2021-08-30,22.59623146057129,24.39668083190918,24.4532413482666,24.038461685180664,24.349546432495117,3152061
2021-08-31,22.31683349609375,24.095022201538086,24.509803771972656,24.085594177246094,24.4532413482666,6460590
2021-09-01,22.928020477294922,24.754901885986328,24.952865600585938,24.13273048400879,24.14215660095215,5872376
2021-09-02,22.212060928344727,23.98189926147461,24.707767486572266,23.849924087524414,24.490949630737305,6918961
2021-09-03,22.779584884643555,24.59464454650879,24.717193603515625,23.93476676940918,24.13273048400879,11830572
2021-09-06,22.840707778930664,24.660633087158203,24.736047744750977,24.340120315551758,24.340120315551758,3194917
2021-09-08,22.1596736907959,23.925338745117188,24.622926712036133,23.633106231689453,24.59464454650879,7094100
2021-09-09,22.561309814453125,24.35897445678711,25.358219146728516,23.71794891357422,24.22699737548828,5971985
2021-09-10,22.30810546875,24.085594177246094,25.03770637512207,24.085594177246094,24.4532413482666,4287011
2021-09-13,22.762123107910156,24.575790405273438,24.849170684814453,24.38725471496582,24.670059204101562,4813061
2021-09-14,22.701007843017578,24.509803771972656,24.99057388305664,24.481523513793945,24.519229888916016,4692448
2021-09-15,22.543846130371094,24.340120315551758,24.500377655029297,23.963045120239258,24.481523513793945,4249883
2021-09-16,22.78831672668457,24.60407257080078,24.632352828979492,24.029033660888672,24.14215660095215,5493564
2021-09-17,22.971677780151367,24.80203628540039,25.06598663330078,24.41553497314453,24.55693817138672,8451287
2021-09-20,22.657350540161133,24.462669372558594,25.19796371459961,24.255279541015625,24.528657913208008,8639685
2021-09-21,22.395418167114258,24.17986488342285,24.575790405273438,23.97247314453125,24.283559799194336,3564288
2021-09-22,22.089826583862305,23.849924087524414,24.472095489501953,23.849924087524414,24.41553497314453,4753656
2021-09-23,22.220794677734375,23.9913272857666,24.038461685180664,23.406862258911133,23.94419288635254,7492430
2021-09-24,22.1596736907959,23.925338745117188,24.01017951965332,23.463422775268555,23.708520889282227,2926959
2021-09-27,21.696928024291992,23.425716400146484,23.925338745117188,23.067495346069336,23.925338745117188,6408823
2021-09-28,21.155593872070312,22.841251373291016,23.406862258911133,22.765836715698242,23.256032943725586,5918415
2021-09-29,20.998430252075195,22.671567916870117,23.095775604248047,22.54901885986328,23.020360946655273,6229548
2021-09-30,20.404712677001953,22.030542373657227,22.91666603088379,21.88913917541504,22.671567916870117,10208396
2021-10-01,20.430906295776367,22.058822631835938,22.171945571899414,21.69117546081543,22.030542373657227,7234549
2021-10-04,19.40062713623047,20.946455001831055,21.964555740356445,20.84276008605957,21.776018142700195,7726655
2021-10-05,19.461748123168945,21.01244354248047,21.210407257080078,20.767345428466797,21.03129768371582,4352780
2021-10-06,19.697492599487305,21.2669677734375,21.389516830444336,20.757917404174805,20.776771545410156,8668539
2021-10-07,20.142780303955078,21.747737884521484,21.90799331665039,21.182125091552734,21.398944854736328,13055583
2021-10-08,20.27374267578125,21.88913917541504,22.181371688842773,21.71002960205078,21.945701599121094,6216606
2021-10-11,19.313318252563477,20.85218620300293,21.87971305847168,20.85218620300293,21.87971305847168,5985351
2021-10-13,19.706222534179688,21.276395797729492,21.578054428100586,20.512819290161133,20.87104034423828,11988949
2021-10-14,19.933231353759766,21.521493911743164,21.860858917236328,20.937028884887695,21.229259490966797,6033618
2021-10-15,20.099123001098633,21.700603485107422,21.9362735748291,21.417797088623047,21.644041061401367,3951373
2021-10-18,19.828454971313477,21.408370971679688,21.728883743286133,21.182125091552734,21.49321174621582,2975013
2021-10-19,19.435556411743164,20.984161376953125,21.2669677734375,20.691930770874023,21.10671043395996,6083369
2021-10-20,18.955339431762695,20.465686798095703,21.172698974609375,20.390270233154297,21.021869659423828,5584899
2021-10-21,18.658477783203125,20.145172119140625,20.45625877380371,19.59841537475586,19.937782287597656,6373922
2021-10-22,18.83310317993164,20.333709716796875,20.720211029052734,19.3815975189209,19.39102554321289,10176254
2021-10-25,19.557788848876953,21.116138458251953,21.29524803161621,20.23001480102539,20.23001480102539,11330192
2021-10-26,19.260929107666016,20.795625686645508,21.134992599487305,20.512819290161133,21.021869659423828,7331400
2021-10-27,20.064193725585938,21.66289520263672,21.832578659057617,20.78619956970215,20.889894485473633,10564295
2021-10-28,19.828454971313477,21.408370971679688,21.945701599121094,21.380090713500977,21.530920028686523,9356256
2021-10-29,20.299942016601562,21.91741943359375,22.388763427734375,21.47435760498047,21.606334686279297,9844542
2021-11-01,20.51821517944336,22.153091430664062,22.643287658691406,21.945701599121094,22.407615661621094,5690025
2021-11-03,20.823806762695312,22.483030319213867,23.048641204833984,22.09653091430664,22.11538314819336,9006510
2021-11-04,21.199243545532227,22.888385772705078,23.1146297454834,22.332202911376953,22.398189544677734,5189857
2021-11-05,21.138126373291016,22.822397232055664,23.199472427368164,22.784690856933594,23.095775604248047,5247565
2021-11-08,21.1294002532959,22.812971115112305,23.13348388671875,22.539592742919922,22.54901885986328,4587111
2021-11-09,21.286558151245117,22.982654571533203,23.519983291625977,22.58672523498535,22.596153259277344,7112027
2021-11-10,20.474559783935547,22.10595703125,23.029787063598633,21.794870376586914,22.69042205810547,49675460
2021-11-11,19.985620498657227,21.578054428100586,22.435897827148438,21.229259490966797,22.435897827148438,12308568
2021-11-12,19.976886749267578,21.568626403808594,21.89856719970703,21.4366512298584,21.45550537109375,5411246
2021-11-16,20.147947311401367,21.65346908569336,21.85143280029297,21.219833374023438,21.85143280029297,6087400
2021-11-17,20.419870376586914,21.945701599121094,22.049396514892578,21.568626403808594,21.85143280029297,8466456
2021-11-18,20.28829574584961,21.804298400878906,22.3133487701416,21.700603485107422,22.07767677307129,3670261
2021-11-19,20.48126792907715,22.011688232421875,22.26621437072754,21.766590118408203,21.823152542114258,4731486
2021-11-22,20.47249984741211,22.002262115478516,22.483030319213867,21.823152542114258,22.09653091430664,4182416
2021-11-23,20.691781997680664,22.237932205200195,22.3133487701416,21.945701599121094,22.200225830078125,4751853
2021-11-24,20.568979263305664,22.10595703125,22.473604202270508,21.87028694152832,21.992834091186523,3929097
2021-11-25,20.612834930419922,22.153091430664062,22.784690856933594,22.06825065612793,22.10595703125,3617964
2021-11-26,19.876035690307617,21.361236572265625,22.200225830078125,21.361236572265625,21.926847457885742,6054622
2021-11-29,19.83218002319336,21.314102172851562,21.69117546081543,21.06900405883789,21.47435760498047,6970410
2021-11-30,19.63043975830078,21.0972843170166,21.4366512298584,20.616514205932617,21.276395797729492,16616689
2021-12-01,19.13046646118164,20.559953689575195,21.314102172851562,20.484539031982422,21.314102172851562,7594479
2021-12-02,19.498865127563477,20.955881118774414,21.200979232788086,20.64479637145996,20.965309143066406,8864999
2021-12-03,20.01638412475586,21.512065887451172,21.983407974243164,20.889894485473633,20.889894485473633,5652897
2021-12-06,19.990070343017578,21.48378562927246,21.91741943359375,21.408370971679688,21.68174934387207,6444678
2021-12-07,20.419870376586914,21.945701599121094,21.973981857299805,21.521493911743164,21.700603485107422,6303910
2021-12-08,20.832122802734375,22.388763427734375,22.388763427734375,21.747737884521484,21.964555740356445,4233016
2021-12-09,20.656339645385742,22.143665313720703,22.32277488708496,21.860858917236328,22.002262115478516,3434340
2021-12-10,21.11361312866211,22.633861541748047,22.765836715698242,22.32277488708496,22.435897827148438,3561423
2021-12-13,21.069639205932617,22.58672523498535,22.888385772705078,22.417043685913086,22.58672523498535,5046437
2021-12-14,21.22793197631836,22.756410598754883,23.095775604248047,22.605579376220703,22.7752628326416,5825489
2021-12-15,21.096025466918945,22.615007400512695,23.067495346069336,22.445323944091797,22.803543090820312,8373636
2021-12-16,21.157581329345703,22.68099594116211,22.803543090820312,22.49245834350586,22.615007400512695,4300907
2021-12-17,21.324663162231445,22.860105514526367,23.1146297454834,22.3133487701416,22.351055145263672,8410552
2021-12-20,21.236724853515625,22.765836715698242,22.90723991394043,22.53016471862793,22.53016471862793,3517400
2021-12-21,21.27189826965332,22.803543090820312,22.90723991394043,22.435897827148438,22.70927619934082,3308953
2021-12-22,21.1751651763916,22.699848175048828,22.850677490234375,22.256786346435547,22.765836715698242,2883042
2021-12-23,21.192752838134766,22.71870231628418,22.90723991394043,22.567873001098633,22.812971115112305,4964013
2021-12-27,21.16637420654297,22.69042205810547,23.13348388671875,22.558446884155273,22.888385772705078,2973422
2021-12-28,20.84980010986328,22.351055145263672,22.70927619934082,22.209653854370117,22.596153259277344,2230968
2021-12-29,20.91135597229004,22.417043685913086,22.605579376220703,22.11538314819336,22.26621437072754,2927595
2021-12-30,21.368629455566406,22.90723991394043,22.92609214782715,22.417043685913086,22.417043685913086,6149775
2022-01-03,20.445287704467773,21.91741943359375,23.322021484375,21.644041061401367,23.274885177612305,7600632
2022-01-04,20.53322982788086,22.011688232421875,22.228506088256836,21.87028694152832,21.9362735748291,4866738
2022-01-05,19.58350944519043,20.993589401245117,22.011688232421875,20.85218620300293,21.860858917236328,8872531
2022-01-06,19.170209884643555,20.550527572631836,21.04072380065918,20.26772117614746,20.955881118774414,11509149
2022-01-07,18.888811111450195,20.248868942260742,20.757917404174805,20.079185485839844,20.484539031982422,10949895
2022-01-10,18.519479751586914,19.852941513061523,20.23001480102539,19.457012176513672,20.126319885253906,14167726
2022-01-11,18.897602081298828,20.2582950592041,20.286575317382812,19.636123657226562,19.947208404541016,5859859
2022-01-12,19.43402099609375,20.833332061767578,21.25754165649414,19.82465934753418,20.2582950592041,10716201
2022-01-13,18.466712951660156,19.79637908935547,20.946455001831055,19.711538314819336,20.84276008605957,6693541
2022-01-14,18.466712951660156,19.79637908935547,19.928354263305664,19.62669563293457,19.881221771240234,4561440
2022-01-17,18.062206268310547,19.36274528503418,19.928354263305664,19.268476486206055,19.890647888183594,4629755
2022-01-18,18.097381591796875,19.40045166015625,19.40045166015625,18.5803165435791,19.16478157043457,9966958
2022-01-19,18.062206268310547,19.36274528503418,19.862367630004883,19.277902603149414,19.523000717163086,9080341
2022-01-20,17.983070373535156,19.277902603149414,19.79637908935547,19.127073287963867,19.3815975189209,11383763
2022-01-21,18.466712951660156,19.79637908935547,19.871793746948242,19.051658630371094,19.19306182861328,6557016
2022-01-24,18.466712951660156,19.79637908935547,19.956636428833008,19.343891143798828,19.805805206298828,8993992
2022-01-25,18.99433708190918,20.361989974975586,20.49396514892578,19.654977798461914,19.730392456054688,6519146
2022-01-26,19.319700241088867,20.710784912109375,20.927600860595703,20.43740463256836,20.559953689575195,6268161
2022-01-27,19.68024253845215,21.0972843170166,21.191553115844727,20.64479637145996,20.748491287231445,9868516
2022-01-28,19.961641311645508,21.398944854736328,21.65346908569336,20.87104034423828,20.88046646118164,6108616
2022-01-31,20.366151809692383,21.832578659057617,22.181371688842773,20.908748626708984,21.210407257080078,9258768
2022-02-01,20.067167282104492,21.512065887451172,21.823152542114258,21.24811363220215,21.62518882751465,7053153
2022-02-02,20.190279006958008,21.644041061401367,21.955127716064453,21.47435760498047,21.540346145629883,5201420
2022-02-03,19.926464080810547,21.361236572265625,21.945701599121094,21.332956314086914,21.68174934387207,4258687
2022-02-04,19.3284969329834,20.720211029052734,21.389516830444336,20.5976619720459,21.314102172851562,4855175
2022-02-07,19.35487937927246,20.748491287231445,21.04072380065918,20.550527572631836,20.710784912109375,4492169
2022-02-08,19.258148193359375,20.64479637145996,20.65422248840332,20.296003341674805,20.45625877380371,2997714
2022-02-09,19.785768508911133,21.210407257080078,21.351808547973633,20.5976619720459,20.663650512695312,5199511
2022-02-10,19.69782829284668,21.116138458251953,21.342382431030273,20.84276008605957,21.191553115844727,5675810
2022-02-11,19.609893798828125,21.021869659423828,21.28582191467285,20.82390594482422,21.116138458251953,4893046
2022-02-14,20.225452423095703,21.68174934387207,21.84200668334961,21.05957794189453,21.087858200073242,6905701
2022-02-15,20.621166229248047,22.10595703125,22.417043685913086,21.87028694152832,22.10595703125,6381772
2022-02-16,20.66513442993164,22.153091430664062,22.435897827148438,21.992834091186523,22.11538314819336,6688874
2022-02-17,20.717897415161133,22.209653854370117,22.379335403442383,22.030542373657227,22.200225830078125,5011961
2022-02-18,20.84100914001465,22.34162712097168,22.652713775634766,22.26621437072754,22.50188446044922,4565152
2022-02-21,20.49805450439453,21.973981857299805,22.379335403442383,21.87028694152832,22.153091430664062,2598535
2022-02-22,20.884973526000977,22.388763427734375,22.577299118041992,21.955127716064453,22.162517547607422,5615556
2022-02-23,19.627483367919922,21.04072380065918,21.90799331665039,20.673076629638672,21.747737884521484,19660230
2022-02-24,20.392526626586914,21.860858917236328,21.87028694152832,20.098039627075195,20.296003341674805,10209775
2022-02-25,20.542022705078125,22.021116256713867,22.577299118041992,21.776018142700195,21.804298400878906,19768326
2022-03-02,20.29579734802246,21.757164001464844,22.624433517456055,21.62518882751465,22.29449462890625,10966444
2022-03-03,20.97291374206543,22.483030319213867,22.483030319213867,21.728883743286133,21.728883743286133,8436860
2022-03-04,20.920150756835938,22.426469802856445,22.652713775634766,22.228506088256836,22.50188446044922,7864771
2022-03-07,20.155101776123047,21.606334686279297,22.426469802856445,21.427223205566406,22.407615661621094,8983703
2022-03-08,19.759389877319336,21.182125091552734,21.728883743286133,21.087858200073242,21.587480545043945,7779164
2022-03-09,20.26062774658203,21.719457626342773,22.07767677307129,21.163272857666016,21.370662689208984,10096588
2022-03-10,19.66265106201172,21.07843017578125,21.398944854736328,20.739063262939453,20.757917404174805,8073112
2022-03-11,19.34608268737793,20.739063262939453,21.219833374023438,20.58823585510254,21.191553115844727,6367876
2022-03-14,19.302114486694336,20.691930770874023,20.927600860595703,20.43740463256836,20.748491287231445,4760021
2022-03-15,19.68024253845215,21.0972843170166,21.512065887451172,20.68250274658203,20.691930770874023,6618755
2022-03-16,19.69782829284668,21.116138458251953,21.427223205566406,20.64479637145996,21.125564575195312,6531027
2022-03-17,19.76818084716797,21.191553115844727,21.200979232788086,20.757917404174805,21.0972843170166,4046739
2022-03-18,19.996816635131836,21.4366512298584,21.66289520263672,20.918174743652344,21.191553115844727,9948712
2022-03-21,19.741798400878906,21.163272857666016,21.69117546081543,21.04072380065918,21.69117546081543,3797557
2022-03-22,20.03199005126953,21.47435760498047,21.89856719970703,21.28582191467285,21.332956314086914,10162994
2022-03-23,20.18148422241211,21.634614944458008,21.804298400878906,21.210407257080078,21.549772262573242,4097658
2022-03-24,20.480472564697266,21.955127716064453,21.964555740356445,21.502639770507812,21.88913917541504,7329703
2022-03-25,20.823421478271484,22.32277488708496,22.445323944091797,21.860858917236328,21.973981857299805,5476061
2022-03-28,20.814624786376953,22.3133487701416,22.473604202270508,22.12481117248535,22.30392074584961,5905473
2022-03-29,20.97291374206543,22.483030319213867,23.086349487304688,22.464176177978516,22.633861541748047,6783497
2022-03-30,21.148786544799805,22.671567916870117,22.90723991394043,22.426469802856445,22.53016471862793,10090541
2022-03-31,21.05205726623535,22.567873001098633,22.87895965576172,22.54901885986328,22.869531631469727,3248381
2022-04-01,21.22793197631836,22.756410598754883,22.90723991394043,22.285066604614258,22.869531631469727,6499415
2022-04-04,21.148786544799805,22.671567916870117,22.90723991394043,22.605579376220703,22.822397232055664,3062105
2022-04-05,20.80531120300293,22.26621437072754,22.812971115112305,22.26621437072754,22.812971115112305,3557074
2022-04-06,20.814117431640625,22.2756404876709,22.445323944091797,22.002262115478516,22.162517547607422,4234925
2022-04-07,20.532245635986328,21.973981857299805,22.200225830078125,21.88913917541504,22.058822631835938,3226317
2022-04-08,20.17110824584961,21.587480545043945,21.964555740356445,21.47435760498047,21.785444259643555,3604068
2022-04-11,19.98613166809082,21.389516830444336,21.738309860229492,21.28582191467285,21.361236572265625,5112313
2022-04-12,19.97732162475586,21.380090713500977,21.983407974243164,21.332956314086914,21.578054428100586,8339797
2022-04-13,19.73068618774414,21.116138458251953,21.48378562927246,20.937028884887695,21.380090713500977,8715320
2022-04-14,19.60736656188965,20.984161376953125,21.144418716430664,20.88046646118164,20.965309143066406,5542998
2022-04-18,19.448823928833008,20.81447982788086,20.974735260009766,20.691930770874023,20.918174743652344,8508040
2022-04-19,19.818777084350586,21.210407257080078,21.29524803161621,20.68250274658203,20.710784912109375,9845709
2022-04-20,19.774734497070312,21.163272857666016,21.71002960205078,20.984161376953125,21.163272857666016,15898209
2022-04-22,19.818777084350586,21.210407257080078,21.427223205566406,20.84276008605957,20.908748626708984,11651721
2022-04-25,20.188720703125,21.606334686279297,21.804298400878906,20.965309143066406,21.05014991760254,8026118
2022-04-26,19.68665313720703,21.06900405883789,21.606334686279297,20.993589401245117,21.502639770507812,10555278
2022-04-27,19.510480880737305,20.88046646118164,21.30467414855957,20.748491287231445,20.993589401245117,5000080
2022-04-28,19.39597511291504,20.757917404174805,20.955881118774414,20.65422248840332,20.918174743652344,4356811
2022-04-29,18.43586540222168,19.730392456054688,21.10671043395996,19.466440200805664,21.0972843170166,14823300
2022-05-02,17.99544906616211,19.259048461914062,20.060331344604492,19.061084747314453,19.79637908935547,5061819
2022-05-03,17.722387313842773,18.96681785583496,19.353317260742188,18.674585342407227,19.259048461914062,8956546
2022-05-04,17.828088760375977,19.079938888549805,19.136499404907227,18.061840057373047,18.288084030151367,15453522
2022-05-05,17.044147491455078,18.240949630737305,18.863122940063477,17.675338745117188,18.863122940063477,11620851
2022-05-06,16.75346565246582,17.92986488342285,18.278657913208008,17.73189926147461,18.278657913208008,8058791
2022-05-09,16.674196243286133,17.845022201538086,18.16553497314453,17.609350204467773,17.76017951965332,10546579
2022-05-10,16.709428787231445,17.88273048400879,18.11840057373047,17.52450942993164,17.9110107421875,6548000
2022-05-11,16.260202407836914,17.401960372924805,17.92043685913086,17.32654571533203,17.873302459716797,9727960
2022-05-12,16.559688568115234,17.72247314453125,17.807315826416016,17.166288375854492,17.260557174682617,10355317
2022-05-13,16.242586135864258,17.383106231689453,18.099546432495117,17.383106231689453,17.713045120239258,10510618
2022-05-16,16.022377014160156,17.14743423461914,17.51508140563965,17.034313201904297,17.401960372924805,8536681
2022-05-17,16.330669403076172,17.477375030517578,17.72247314453125,17.232276916503906,17.232276916503906,7182146
2022-05-18,16.092845916748047,17.222850799560547,17.73189926147461,16.808069229125977,17.46794891357422,16053086
2022-05-19,16.16330909729004,17.29826545715332,17.477375030517578,17.128582000732422,17.232276916503906,7714137
2022-05-20,16.11927032470703,17.251131057739258,17.439668655395508,17.09087371826172,17.401960372924805,5181371
2022-05-23,16.44517707824707,17.599924087524414,17.73189926147461,17.175716400146484,17.345399856567383,6610269
2022-05-24,16.61253547668457,17.779033660888672,17.816741943359375,17.449094772338867,17.477375030517578,5243640
2022-05-25,16.938447952270508,18.12782859802246,18.35407257080078,17.46794891357422,17.581069946289062,6629469
2022-05-26,17.95140266418457,19.2119140625,19.296756744384766,17.89215660095215,18.099546432495117,10549443
2022-05-27,18.136383056640625,19.409879684448242,19.466440200805664,18.891401290893555,19.19306182861328,5154639
2022-05-30,17.88974952697754,19.14592742919922,19.541854858398438,18.995098114013672,19.428733825683594,4784632
2022-05-31,18.18922996520996,19.466440200805664,19.654977798461914,18.96681785583496,19.240196228027344,16434125
2022-06-01,18.62964630126953,19.937782287597656,20.192306518554688,19.409879684448242,19.560707092285156,13217461
2022-06-02,18.62083625793457,19.928354263305664,20.324283599853516,19.579561233520508,20.324283599853516,5306864
2022-06-03,18.75296401977539,20.06975746154785,20.39969825744629,19.78695297241211,19.79637908935547,6091750
2022-06-06,19.255037307739258,20.607088088989258,20.616514205932617,19.97549057006836,20.182880401611328,13011454
2022-06-07,18.82343101501465,20.145172119140625,20.333709716796875,19.683256149291992,20.314855575561523,8179086
2022-06-08,18.471099853515625,19.768098831176758,20.182880401611328,19.711538314819336,20.02262306213379,5059697
2022-06-09,18.18922996520996,19.466440200805664,20.02262306213379,19.39102554321289,19.683256149291992,4685553
2022-06-10,18.32135581970215,19.60784339904785,19.720964431762695,19.01395034790039,19.37217140197754,4959133
2022-06-13,17.79286003112793,19.042232513427734,19.504146575927734,18.78770637512207,19.23076820373535,6929676
2022-06-14,17.114608764648438,18.316364288330078,19.042232513427734,18.231523513793945,19.042232513427734,7252053
2022-06-15,17.220314025878906,18.429487228393555,18.5803165435791,17.95814323425293,18.49547576904297,7318989
2022-06-17,16.83274269104004,18.014705657958984,18.16553497314453,17.52450942993164,18.099546432495117,10526636
2022-06-20,16.277822494506836,17.420814514160156,18.033559799194336,17.3642520904541,18.033559799194336,3445266
2022-06-21,16.568496704101562,17.73189926147461,17.863876342773438,17.194570541381836,17.458520889282227,4811788
2022-06-22,17.1234188079834,18.325790405273438,18.58974266052246,17.562217712402344,17.675338745117188,7152231
2022-06-23,17.31720733642578,18.53318214416504,18.636877059936523,18.231523513793945,18.372926712036133,4848704
2022-06-24,17.48455810546875,18.712291717529297,18.9196834564209,18.410633087158203,18.76885223388672,3838186
2022-06-27,17.449325561523438,18.674585342407227,18.929109573364258,18.58974266052246,18.834840774536133,3762657
2022-06-28,17.343629837036133,18.56146240234375,18.938535690307617,18.40120506286621,18.76885223388672,6525829
2022-06-29,16.92083168029785,18.10897445678711,18.608596801757812,17.9110107421875,18.514328002929688,4168095
2022-06-30,16.912017822265625,18.099546432495117,18.288084030151367,17.628204345703125,17.628204345703125,8004796
2022-07-01,16.700620651245117,17.873302459716797,18.005279541015625,17.628204345703125,17.863876342773438,5044740
2022-07-04,16.49802589416504,17.656484603881836,17.95814323425293,17.590496063232422,17.816741943359375,1959721
2022-07-05,16.841554641723633,18.024131774902344,18.099546432495117,17.477375030517578,17.477375030517578,5242897
2022-07-06,17.216707229614258,18.382352828979492,18.486047744750977,17.788461685180664,17.95814323425293,4810197
2022-07-07,17.658161163330078,18.853694915771484,18.9196834564209,18.316364288330078,18.39177894592285,6500052
2022-07-08,17.622844696044922,18.81598663330078,19.14592742919922,18.382352828979492,18.853694915771484,7564246
2022-07-11,17.410953521728516,18.58974266052246,18.806560516357422,18.382352828979492,18.636877059936523,5269736
2022-07-12,17.746456146240234,18.94796371459961,19.18363380432129,18.5803165435791,18.684011459350586,7515131
2022-07-13,17.569873809814453,18.75942611694336,19.315610885620117,18.636877059936523,18.891401290893555,5312380
2022-07-14,18.214397430419922,19.447586059570312,19.55128288269043,18.49547576904297,18.56146240234375,9868516
2022-07-15,18.40863609313965,19.654977798461914,19.79637908935547,19.268476486206055,19.513574600219727,7112770
2022-07-18,18.179080963134766,19.409879684448242,19.834087371826172,19.315610885620117,19.749244689941406,9963457
2022-07-19,17.825918197631836,19.032804489135742,19.541854858398438,18.96681785583496,19.466440200805664,4905987
2022-07-20,17.31382942199707,18.486047744750977,19.098793029785156,18.39177894592285,18.929109573364258,8326431
2022-07-21,17.25202751159668,18.420059204101562,18.58974266052246,18.099546432495117,18.35407257080078,4230046
2022-07-22,17.684648513793945,18.881975173950195,18.995098114013672,18.34464454650879,18.53318214416504,4706557
2022-07-25,17.878890991210938,19.089366912841797,19.513574600219727,18.995098114013672,18.995098114013672,5764705
2022-07-26,17.419780731201172,18.599170684814453,19.108219146728516,18.372926712036133,19.089366912841797,3796391
2022-07-27,17.914201736450195,19.127073287963867,19.16478157043457,18.618024826049805,18.684011459350586,4727136
2022-07-28,18.249710083007812,19.485294342041016,19.5889892578125,18.95738983154297,18.98567008972168,2953267
2022-07-29,18.523414611816406,19.77752685546875,20.02262306213379,19.221342086791992,19.485294342041016,4861328
2022-08-01,19.247394561767578,20.550527572631836,21.398944854736328,20.39969825744629,20.503393173217773,15318376
2022-08-02,19.114961624145508,20.40912437438965,20.550527572631836,20.079185485839844,20.40912437438965,8751069
2022-08-03,19.423978805541992,20.739063262939453,20.84276008605957,20.079185485839844,20.390270233154297,6708393
2022-08-04,19.64470863342285,20.974735260009766,21.116138458251953,20.64479637145996,20.833332061767578,10233643
2022-08-05,19.60056495666504,20.927600860595703,21.25754165649414,20.833332061767578,21.06900405883789,3746533
2022-08-08,19.591733932495117,20.918174743652344,21.05957794189453,20.68250274658203,20.946455001831055,5803742
2022-08-09,19.60938835144043,20.937028884887695,21.125564575195312,20.805051803588867,21.04072380065918,5529738
2022-08-10,19.777141571044922,21.116138458251953,21.30467414855957,21.05014991760254,21.30467414855957,7743415
2022-08-11,19.60056495666504,20.927600860595703,21.229259490966797,20.795625686645508,21.210407257080078,4646410
2022-08-12,19.759489059448242,21.0972843170166,21.25754165649414,20.86161231994629,21.116138458251953,5870891
2022-08-15,19.688852310180664,21.021869659423828,21.200979232788086,20.82390594482422,20.927600860595703,5163656
2022-08-16,19.891925811767578,21.23868751525879,21.342382431030273,20.965309143066406,21.116138458251953,3554528
2022-08-17,20.69536590576172,22.09653091430664,22.228506088256836,20.984161376953125,21.06900405883789,9250918
2022-08-18,20.59825325012207,21.992834091186523,22.181371688842773,21.672321319580078,22.10595703125,4377921
2022-08-19,20.13030433654785,21.49321174621582,22.219078063964844,21.45550537109375,21.91741943359375,6282800
2022-08-22,20.02435874938965,21.380090713500977,21.62518882751465,21.23868751525879,21.30467414855957,4810621
2022-08-23,20.15679931640625,21.521493911743164,21.634614944458008,21.380090713500977,21.380090713500977,10080570
2022-08-24,19.909578323364258,21.25754165649414,21.568626403808594,21.116138458251953,21.540346145629883,7987293
2022-08-25,19.97138023376465,21.323528289794922,21.398944854736328,21.07843017578125,21.28582191467285,4469680
2022-08-26,19.591733932495117,20.918174743652344,21.540346145629883,20.767345428466797,21.47435760498047,3051603
2022-08-29,19.529930114746094,20.85218620300293,20.918174743652344,20.616514205932617,20.767345428466797,5239609
2022-08-30,19.556415557861328,20.88046646118164,21.116138458251953,20.739063262939453,20.84276008605957,4024993
2022-08-31,19.212081909179688,20.512819290161133,21.021869659423828,20.512819290161133,20.946455001831055,9107816
2022-09-01,19.64470863342285,20.974735260009766,21.153846740722656,20.522247314453125,20.559953689575195,8073430
2022-09-02,19.909578323364258,21.25754165649414,21.512065887451172,20.805051803588867,20.974735260009766,7817141
2022-09-05,19.99786949157715,21.351808547973633,21.634614944458008,20.974735260009766,20.974735260009766,2717239
2022-09-06,19.909578323364258,21.25754165649414,21.389516830444336,20.86161231994629,21.2669677734375,4243306
2022-09-08,20.02435874938965,21.380090713500977,21.549772262573242,21.153846740722656,21.408370971679688,6652276
2022-09-09,20.086158752441406,21.446077346801758,21.973981857299805,21.29524803161621,21.521493911743164,9384685
2022-09-12,20.501127243041992,21.88913917541504,22.021116256713867,21.28582191467285,21.446077346801758,5578747
2022-09-13,20.29806137084961,21.672321319580078,21.87028694152832,21.314102172851562,21.634614944458008,6430039
2022-09-14,20.042015075683594,21.398944854736328,21.71002960205078,21.361236572265625,21.606334686279297,2972892
2022-09-15,19.980209350585938,21.332956314086914,21.587480545043945,21.200979232788086,21.389516830444336,4459391
2022-09-16,19.856603622436523,21.200979232788086,21.46493148803711,21.0972843170166,21.210407257080078,11065841
2022-09-19,20.192110061645508,21.559200286865234,21.672321319580078,21.003015518188477,21.05957794189453,3862266
2022-09-20,20.342208862304688,21.719457626342773,21.964555740356445,21.417797088623047,21.69117546081543,5664565
2022-09-21,20.218597412109375,21.587480545043945,21.89856719970703,21.446077346801758,21.68174934387207,5152199
2022-09-22,20.368694305419922,21.747737884521484,21.955127716064453,21.276395797729492,21.860858917236328,6037331
2022-09-23,20.70419692993164,22.10595703125,22.171945571899414,21.30467414855957,21.30467414855957,5282890
2022-09-26,20.227426528930664,21.596906661987305,22.153091430664062,21.540346145629883,22.153091430664062,3037494
2022-09-27,20.20977020263672,21.578054428100586,21.719457626342773,21.512065887451172,21.62518882751465,8559701
2022-09-28,20.086158752441406,21.446077346801758,21.68174934387207,21.370662689208984,21.49321174621582,6583749
2022-09-29,19.53875732421875,20.86161231994629,21.182125091552734,20.559953689575195,21.172698974609375,12633491
2022-09-30,20.068500518798828,21.427223205566406,21.578054428100586,20.691930770874023,20.739063262939453,9590268
2022-10-03,21.233938217163086,22.671567916870117,22.7752628326416,21.606334686279297,21.91741943359375,10957533
2022-10-04,21.14565086364746,22.577299118041992,23.001508712768555,22.237932205200195,22.992080688476562,6812139
2022-10-05,20.986730575561523,22.407615661621094,22.812971115112305,22.285066604614258,22.812971115112305,4787072
2022-10-06,21.133115768432617,22.454750061035156,22.671567916870117,22.407615661621094,22.605579376220703,7629273
2022-10-07,20.769372940063477,22.06825065612793,22.812971115112305,22.030542373657227,22.473604202270508,7326627
2022-10-10,20.946809768676758,22.256786346435547,22.52073860168457,22.153091430664062,22.285066604614258,6246732
2022-10-11,20.795982360839844,22.09653091430664,22.53016471862793,21.926847457885742,22.256786346435547,8912523
2022-10-13,20.5386962890625,21.823152542114258,22.11538314819336,21.4366512298584,21.700603485107422,5073382
2022-10-14,19.855552673339844,21.0972843170166,21.832578659057617,20.965309143066406,21.785444259643555,6140759
2022-10-17,20.22817611694336,21.49321174621582,21.65346908569336,21.0972843170166,21.2669677734375,4171277
2022-10-18,20.63629150390625,21.926847457885742,22.10595703125,21.615760803222656,21.738309860229492,6785088
2022-10-19,20.742752075195312,22.039968490600586,22.153091430664062,21.747737884521484,21.860858917236328,5573761
2022-10-20,20.902454376220703,22.209653854370117,22.29449462890625,21.964555740356445,22.153091430664062,12362987
2022-10-21,21.33717155456543,22.671567916870117,22.9449462890625,22.171945571899414,22.3133487701416,11232811
2022-10-24,21.57672691345215,22.92609214782715,23.020360946655273,22.3133487701416,22.577299118041992,7881956
2022-10-25,21.26620101928711,22.596153259277344,23.12405776977539,22.369909286499023,22.897811889648438,10590284
2022-10-26,20.813730239868164,22.11538314819336,22.671567916870117,22.058822631835938,22.417043685913086,7629591
2022-10-27,21.52348518371582,22.869531631469727,23.199472427368164,22.153091430664062,22.2756404876709,8625258
2022-10-28,22.038061141967773,23.416288375854492,23.6142520904541,22.699848175048828,22.699848175048828,6613663
2022-10-31,23.342252731323242,24.80203628540039,24.99057388305664,23.16176414489746,23.322021484375,15994212
2022-11-01,23.15593719482422,24.60407257080078,25.593891143798828,23.887630462646484,24.17043685913086,15662181
2022-11-03,23.191425323486328,24.64177894592285,24.8303165435791,23.859350204467773,24.1610107421875,12593605
2022-11-04,23.493078231811523,24.962291717529297,25.179109573364258,24.60407257080078,24.698339462280273,11695638
2022-11-07,23.15593719482422,24.60407257080078,25.0,24.462669372558594,24.80203628540039,14892040
2022-11-08,22.996246337890625,24.434389114379883,24.660633087158203,24.066741943359375,24.37782859802246,8798699
2022-11-09,22.863162994384766,24.292985916137695,24.688913345336914,24.123302459716797,24.321266174316406,4929219
2022-11-10,21.629955291748047,22.982654571533203,24.14215660095215,22.784690856933594,24.01017951965332,11272591
2022-11-11,20.671781539916992,21.964555740356445,22.888385772705078,21.87028694152832,22.247360229492188,13538672
2022-11-14,21.150867462158203,22.473604202270508,22.784690856933594,22.09653091430664,22.153091430664062,6438525
2022-11-16,20.87583351135254,22.181371688842773,22.652713775634766,21.794870376586914,22.51131248474121,10836390
2022-11-17,20.405616760253906,21.68174934387207,22.190799713134766,21.512065887451172,21.69117546081543,8344040
2022-11-18,20.583057403564453,21.87028694152832,22.351055145263672,21.69117546081543,21.794870376586914,5840764
2022-11-21,20.866960525512695,22.171945571899414,22.3133487701416,21.606334686279297,22.3133487701416,8421372
2022-11-22,20.095094680786133,21.351808547973633,22.285066604614258,21.116138458251953,22.171945571899414,8314762
2022-11-23,19.962018966674805,21.210407257080078,21.672321319580078,20.795625686645508,21.314102172851562,4483152
2022-11-24,20.62742042541504,21.91741943359375,22.219078063964844,21.30467414855957,21.398944854736328,2690294
2022-11-25,19.93539810180664,21.182125091552734,22.039968490600586,21.07843017578125,22.030542373657227,4364661
2022-11-28,19.828941345214844,21.06900405883789,21.644041061401367,20.908748626708984,21.521493911743164,2572546
2022-11-29,19.93539810180664,21.182125091552734,21.389516830444336,20.748491287231445,20.908748626708984,3756823
2022-11-30,20.44997787475586,21.728883743286133,21.728883743286133,21.06900405883789,21.116138458251953,10702623
2022-12-01,20.27253532409668,21.540346145629883,22.039968490600586,21.361236572265625,21.361236572265625,10855484
2022-12-02,20.698396682739258,21.992834091186523,22.379335403442383,21.191553115844727,21.68174934387207,14113731
2022-12-05,20.840341567993164,22.143665313720703,22.143665313720703,21.568626403808594,21.945701599121094,8592904
2022-12-06,21.346052169799805,22.68099594116211,22.869531631469727,21.945701599121094,22.228506088256836,11736266
2022-12-07,21.115379333496094,22.435897827148438,22.784690856933594,22.13423728942871,22.624433517456055,10160236
2022-12-08,20.87939453125,22.13423728942871,22.51131248474121,21.860858917236328,22.190799713134766,9969610
2022-12-09,20.932743072509766,22.190799713134766,22.351055145263672,21.91741943359375,22.12481117248535,6159641
2022-12-12,20.301387786865234,21.521493911743164,22.26621437072754,21.0972843170166,22.08710479736328,9385640
2022-12-13,19.5988826751709,20.776771545410156,22.030542373657227,20.701356887817383,21.578054428100586,9681921
2022-12-14,19.776731491088867,20.965309143066406,21.351808547973633,20.607088088989258,20.607088088989258,13101516
2022-12-15,19.643348693847656,20.82390594482422,21.25754165649414,20.569381713867188,20.68250274658203,6273465
2022-12-16,19.474388122558594,20.64479637145996,20.993589401245117,20.62594223022461,20.78619956970215,6142880
2022-12-19,20.372522354125977,21.596906661987305,21.757164001464844,20.541101455688477,20.569381713867188,5140000
2022-12-20,21.066133499145508,22.332202911376953,22.454750061035156,21.370662689208984,21.578054428100586,6848312
2022-12-21,21.163949966430664,22.435897827148438,22.51131248474121,22.030542373657227,22.26621437072754,5420581
2022-12-22,20.95941925048828,22.219078063964844,22.70927619934082,22.13423728942871,22.464176177978516,3528432
2022-12-23,21.235090255737305,22.51131248474121,22.652713775634766,22.10595703125,22.209653854370117,4756202
2022-12-26,21.11948585510254,22.388763427734375,22.615007400512695,22.058822631835938,22.058822631835938,1116067
2022-12-27,21.021665573120117,22.285066604614258,22.605579376220703,22.058822631835938,22.454750061035156,5153578
2022-12-28,21.155054092407227,22.426469802856445,22.615007400512695,22.2756404876709,22.58672523498535,5048665
2022-12-29,21.09280776977539,22.36048126220703,22.633861541748047,22.29449462890625,22.50188446044922,4947146
2023-01-02,20.683759689331055,21.926847457885742,22.058822631835938,21.700603485107422,21.945701599121094,3528963
2023-01-03,20.292491912841797,21.512065887451172,22.12481117248535,21.427223205566406,21.776018142700195,4150592
2023-01-04,20.185781478881836,21.398944854736328,21.738309860229492,21.2669677734375,21.719457626342773,4801286
2023-01-05,20.817148208618164,22.06825065612793,22.34162712097168,21.45550537109375,21.512065887451172,8527559
2023-01-06,21.243980407714844,22.52073860168457,22.784690856933594,21.945701599121094,22.06825065612793,8119469
2023-01-09,21.039457321166992,22.30392074584961,22.803543090820312,22.171945571899414,22.803543090820312,4892621
2023-01-10,21.350685119628906,22.633861541748047,22.7752628326416,21.87028694152832,21.89856719970703,5652154
2023-01-11,21.581892013549805,22.87895965576172,23.076923370361328,22.426469802856445,22.69042205810547,5735745
2023-01-12,21.38625144958496,22.671567916870117,22.93552017211914,22.190799713134766,22.53016471862793,6814579
2023-01-13,21.324005126953125,22.605579376220703,22.822397232055664,22.181371688842773,22.285066604614258,5427052
2023-01-16,21.412931442260742,22.699848175048828,22.982654571533203,22.426469802856445,22.426469802856445,4754399
2023-01-17,21.324005126953125,22.605579376220703,22.97322654724121,22.473604202270508,22.74698257446289,5778283
2023-01-18,21.341794967651367,22.624433517456055,22.96380043029785,22.52073860168457,22.90723991394043,7283240
2023-01-19,21.572996139526367,22.869531631469727,23.001508712768555,22.473604202270508,22.54901885986328,5861026
2023-01-20,21.395151138305664,22.68099594116211,22.841251373291016,22.558446884155273,22.812971115112305,5221681
2023-01-23,21.581892013549805,22.87895965576172,23.048641204833984,22.615007400512695,22.812971115112305,12340180
2023-01-24,21.973155975341797,23.293739318847656,23.38800811767578,22.831825256347656,22.92609214782715,6997885
2023-01-25,22.151002883911133,23.482276916503906,23.708520889282227,23.13348388671875,23.33144760131836,5129604
2023-01-26,22.204360961914062,23.538837432861328,23.642532348632812,23.39743423461914,23.55769157409668,5378149
2023-01-27,22.364425659179688,23.708520889282227,23.708520889282227,23.406862258911133,23.510557174682617,4020856
2023-01-30,22.435564041137695,23.783935546875,23.94419288635254,23.680240631103516,23.76508140563965,6000309
2023-01-31,22.07986831665039,23.406862258911133,23.76508140563965,23.199472427368164,23.680240631103516,8708849
2023-02-01,21.848663330078125,23.16176414489746,23.595399856567383,23.029787063598633,23.293739318847656,5479774
2023-02-02,21.475181579589844,22.765836715698242,23.378582000732422,22.624433517456055,23.086349487304688,6316745
2023-02-03,21.003887176513672,22.26621437072754,22.73755645751953,22.247360229492188,22.58672523498535,8388594
2023-02-06,21.012781143188477,22.2756404876709,22.596153259277344,22.153091430664062,22.26621437072754,5095552
2023-02-07,21.08391761779785,22.351055145263672,22.53016471862793,22.011688232421875,22.464176177978516,6398215
2023-02-08,21.217302322387695,22.49245834350586,22.73755645751953,22.171945571899414,22.624433517456055,3788647
2023-02-09,21.101703643798828,22.369909286499023,22.68099594116211,22.12481117248535,22.49245834350586,3901834
2023-02-10,21.11948585510254,22.388763427734375,22.615007400512695,22.219078063964844,22.369909286499023,2349247
2023-02-13,20.932743072509766,22.190799713134766,22.369909286499023,22.030542373657227,22.332202911376953,4044830
2023-02-14,20.452552795410156,21.68174934387207,22.351055145263672,21.634614944458008,22.153091430664062,5148804
2023-02-15,20.861608505249023,22.11538314819336,22.30392074584961,21.578054428100586,21.634614944458008,6075307
2023-02-16,20.719329833984375,21.964555740356445,22.12481117248535,21.68174934387207,21.804298400878906,4160245
2023-02-17,21.128376007080078,22.398189544677734,22.435897827148438,21.719457626342773,21.90799331665039,4742730
2023-02-22,20.923852920532227,22.181371688842773,22.256786346435547,21.84200668334961,22.07767677307129,9769968
2023-02-23,20.692651748657227,21.9362735748291,22.369909286499023,21.776018142700195,22.29449462890625,4866313
2023-02-24,20.399200439453125,21.62518882751465,21.983407974243164,21.530920028686523,21.87028694152832,4572578
2023-02-27,20.27470588684082,21.49321174621582,21.785444259643555,21.323528289794922,21.68174934387207,3450358
2023-02-28,20.16799545288086,21.380090713500977,21.776018142700195,21.219833374023438,21.48378562927246,7142896
2023-03-01,20.0079345703125,21.210407257080078,21.606334686279297,21.087858200073242,21.446077346801758,6579081
2023-03-02,19.892332077026367,21.087858200073242,21.370662689208984,20.82390594482422,21.219833374023438,4027008
2023-03-03,20.0079345703125,21.210407257080078,21.512065887451172,20.937028884887695,21.087858200073242,5178613
2023-03-06,20.63929557800293,21.87971305847168,21.992834091186523,21.210407257080078,21.427223205566406,7355799
2023-03-07,20.79935646057129,22.049396514892578,22.162517547607422,21.615760803222656,21.89856719970703,5268887
2023-03-08,21.608566284179688,22.90723991394043,23.095775604248047,22.11538314819336,22.200225830078125,11405933
2023-03-09,21.341794967651367,22.624433517456055,22.992080688476562,22.53016471862793,22.7752628326416,5580656
2023-03-10,21.332902908325195,22.615007400512695,22.841251373291016,22.483030319213867,22.567873001098633,7435571
2023-03-13,21.49296760559082,22.784690856933594,22.91666603088379,22.36048126220703,22.567873001098633,4339944
2023-03-14,21.697494506835938,23.001508712768555,23.13348388671875,22.756410598754883,22.765836715698242,6585234
2023-03-15,21.78641700744629,23.095775604248047,23.35030174255371,22.73755645751953,22.812971115112305,10134883
2023-03-16,21.715274810791016,23.020360946655273,23.482276916503906,22.96380043029785,23.10520362854004,8156172
2023-03-17,21.137271881103516,22.407615661621094,23.067495346069336,22.237932205200195,23.067495346069336,12243329
2023-03-20,20.98609733581543,22.247360229492188,22.483030319213867,22.058822631835938,22.388763427734375,6305289
2023-03-21,21.09280776977539,22.36048126220703,22.633861541748047,22.219078063964844,22.3133487701416,6050591
2023-03-22,21.030561447143555,22.29449462890625,22.577299118041992,22.171945571899414,22.445323944091797,10824403
2023-03-23,20.95941925048828,22.219078063964844,22.567873001098633,21.973981857299805,22.285066604614258,5502793
2023-03-24,21.341794967651367,22.624433517456055,22.699848175048828,22.2756404876709,22.351055145263672,4771690
2023-03-27,21.163949966430664,22.435897827148438,22.888385772705078,22.435897827148438,22.71870231628418,3931961
2023-03-28,21.768634796142578,23.076923370361328,23.12405776977539,22.351055145263672,22.379335403442383,5924568
2023-03-29,21.688600540161133,22.992080688476562,23.095775604248047,22.73755645751953,23.058069229125977,6481275
2023-03-30,22.159900665283203,23.4917049407959,23.604825973510742,22.831825256347656,23.067495346069336,9113120
2023-03-31,21.741952896118164,23.048641204833984,23.661386489868164,22.92609214782715,23.54826545715332,8266708
2023-04-03,21.235090255737305,22.51131248474121,23.199472427368164,22.398189544677734,23.020360946655273,7084871
2023-04-04,21.78641700744629,23.095775604248047,23.13348388671875,22.445323944091797,22.567873001098633,7228079
2023-04-05,21.98113250732422,23.256032943725586,23.33144760131836,22.90723991394043,23.15233612060547,9254949
2023-04-06,22.275161743164062,23.567119598388672,23.670814514160156,23.067495346069336,23.076923370361328,9247630
2023-04-10,22.275161743164062,23.567119598388672,23.727375030517578,23.463422775268555,23.54826545715332,4891348
2023-04-11,22.631561279296875,23.94419288635254,24.13273048400879,23.58597183227539,23.661386489868164,11729902
2023-04-12,23.308727264404297,24.660633087158203,24.934011459350586,23.849924087524414,23.849924087524414,19252353
2023-04-13,22.889955520629883,24.217571258544922,24.962291717529297,24.076168060302734,24.78318214416504,6796121
2023-04-14,23.166168212890625,24.509803771972656,24.59464454650879,24.01017951965332,24.236425399780273,6268161
2023-04-17,22.97014617919922,24.302413940429688,24.688913345336914,24.17986488342285,24.509803771972656,2738030
2023-04-18,22.88104248046875,24.20814323425293,24.41553497314453,24.038461685180664,24.41553497314453,3227165
2023-04-19,22.453367233276367,23.75565528869629,24.095022201538086,23.633106231689453,24.019607543945312,5535996
2023-04-20,22.889955520629883,24.217571258544922,24.302413940429688,23.689668655395508,23.812217712402344,5700208
2023-04-24,23.210721969604492,24.55693817138672,24.736047744750977,24.151582717895508,24.17043685913086,8651990
2023-04-25,23.199939727783203,24.500377655029297,24.754901885986328,24.35897445678711,24.490949630737305,3476453
2023-04-26,23.467735290527344,24.78318214416504,25.02828025817871,24.42496109008789,24.42496109008789,5696071
2023-04-27,23.405248641967773,24.717193603515625,25.00942611694336,24.443815231323242,24.868024826049805,5071472
2023-04-28,23.458805084228516,24.773754119873047,24.952865600585938,24.575790405273438,24.717193603515625,6078808
2023-05-02,23.744455337524414,25.075414657592773,25.075414657592773,24.519229888916016,24.698339462280273,8191179
2023-05-03,23.36954689025879,24.679487228393555,25.41478157043457,24.41553497314453,25.245098114013672,10480279
2023-05-04,23.556997299194336,24.877450942993164,25.113122940063477,24.65120506286621,24.698339462280273,6509599
2023-05-05,23.726600646972656,25.056560516357422,25.094268798828125,24.36840057373047,24.98114585876465,9425844
2023-05-08,23.940839767456055,25.282804489135742,25.546756744384766,25.06598663330078,25.103694915771484,6338810
2023-05-09,24.217557907104492,25.575037002563477,25.791854858398438,25.21681785583496,25.26395034790039,5322139
2023-05-10,24.61032485961914,25.989818572998047,26.112367630004883,25.509048461914062,25.575037002563477,6096417
2023-05-11,24.88704490661621,26.28205108642578,26.395172119140625,25.87669563293457,25.933256149291992,5130559
2023-05-12,24.94953155517578,26.348039627075195,26.414026260375977,25.933256149291992,26.131221771240234,4867374
2023-05-15,25.119131088256836,26.527149200439453,26.602563858032227,25.999244689941406,26.395172119140625,3912336
2023-05-16,25.10127830505371,26.5082950592041,26.970211029052734,26.5082950592041,26.527149200439453,6786892
2023-05-17,25.065574645996094,26.47058868408203,26.809953689575195,26.29147720336914,26.593137741088867,3268749
2023-05-18,25.44048309326172,26.866514205932617,26.89479637145996,26.27262306213379,26.47058868408203,4686402
2023-05-19,25.574382781982422,27.007917404174805,27.432125091552734,26.611989974975586,27.007917404174805,7992279
2023-05-22,25.919660568237305,27.372549057006836,27.58823585510254,27.196077346801758,27.401960372924805,3956478
2023-05-23,26.077476501464844,27.539215087890625,27.77450942993164,27.156862258911133,27.598039627075195,5699760
2023-05-24,26.291000366210938,27.764705657958984,28.254901885986328,27.460784912109375,27.54901885986328,13816818
2023-05-25,26.170318603515625,27.63725471496582,28.54901885986328,27.539215087890625,28.313724517822266,6954666
2023-05-26,26.662343978881836,28.156862258911133,28.382352828979492,27.745098114013672,27.91176414489746,6116124
2023-05-29,26.643779754638672,28.13725471496582,28.323528289794922,27.901960372924805,28.176469802856445,2387514
2023-05-30,26.420974731445312,27.901960372924805,28.431371688842773,27.696077346801758,28.401960372924805,6960174
2023-05-31,26.30028533935547,27.77450942993164,28.205881118774414,27.77450942993164,27.794116973876953,25165848
2023-06-01,26.569509506225586,28.058822631835938,28.382352828979492,27.617647171020508,27.745098114013672,8640216
2023-06-02,25.613300323486328,27.04901885986328,28.205881118774414,26.89215660095215,28.196077346801758,12274170
2023-06-05,25.622587203979492,27.058822631835938,27.254901885986328,26.901960372924805,27.098039627075195,9333816
2023-06-06,26.272436141967773,27.745098114013672,27.833332061767578,27.07843017578125,27.284313201904297,6457620
2023-06-07,26.30028533935547,27.77450942993164,28.068626403808594,27.598039627075195,27.843137741088867,4854282
2023-06-09,26.606643676757812,28.098039627075195,28.745098114013672,27.872549057006836,27.97058868408203,7131942
2023-06-12,26.801593780517578,28.30392074584961,28.57843017578125,28.117647171020508,28.235294342041016,7022190
2023-06-13,26.55094337463379,28.039215087890625,28.450979232788086,27.794116973876953,28.41176414489746,6457518
2023-06-14,26.560226440429688,28.04901885986328,28.1862735748291,27.6862735748291,28.07843017578125,9387570
2023-06-15,26.680912017822266,28.176469802856445,28.22549057006836,27.901960372924805,28.04901885986328,4530024
2023-06-16,26.458106994628906,27.94117546081543,28.254901885986328,27.72549057006836,28.039215087890625,7251588
2023-06-19,26.541658401489258,28.02941131591797,28.36274528503418,27.86274528503418,27.97058868408203,2658834
2023-06-20,26.643779754638672,28.13725471496582,28.156862258911133,27.705881118774414,27.931371688842773,3723000
2023-06-21,26.745893478393555,28.245098114013672,28.39215660095215,28.0,28.16666603088379,4507176
2023-06-22,26.55094337463379,28.039215087890625,28.333332061767578,27.872549057006836,28.245098114013672,4356522
2023-06-23,26.987266540527344,28.5,28.519607543945312,27.960784912109375,28.019607543945312,4215354
2023-06-26,26.736608505249023,28.235294342041016,28.58823585510254,27.882352828979492,28.57843017578125,4440366
2023-06-27,26.829448699951172,28.333332061767578,28.431371688842773,27.715686798095703,28.343137741088867,5242902
2023-06-28,26.541658401489258,28.02941131591797,28.41176414489746,27.901960372924805,28.08823585510254,4206378
2023-06-29,26.662343978881836,28.156862258911133,28.421567916870117,27.833332061767578,27.980392456054688,5786868
2023-06-30,27.479293823242188,29.019607543945312,29.16666603088379,27.950979232788086,28.294116973876953,10530990
2023-07-03,26.708757400512695,28.205881118774414,29.313724517822266,27.94117546081543,29.156862258911133,9463356
2023-07-04,26.402408599853516,27.882352828979492,28.264705657958984,27.58823585510254,28.13725471496582,4086936
2023-07-05,26.569509506225586,28.058822631835938,28.294116973876953,27.57843017578125,27.843137741088867,4539714
2023-07-06,26.094594955444336,27.5,27.97058868408203,27.39215660095215,27.901960372924805,5153040
2023-07-07,26.50391960144043,27.931371688842773,28.08823585510254,27.431371688842773,27.627450942993164,4548384
2023-07-10,26.494619369506836,27.921567916870117,28.127450942993164,27.745098114013672,27.813724517822266,4111722
2023-07-11,26.206226348876953,27.617647171020508,27.823528289794922,27.13725471496582,27.794116973876953,4248198
2023-07-12,26.355073928833008,27.77450942993164,28.009803771972656,27.539215087890625,27.539215087890625,6197520
2023-07-13,26.755098342895508,28.196077346801758,28.44117546081543,27.66666603088379,27.66666603088379,5476890
2023-07-14,26.438800811767578,27.86274528503418,28.205881118774414,27.6862735748291,28.147058486938477,5340006
2023-07-17,26.68997573852539,28.127450942993164,28.127450942993164,27.676469802856445,27.735294342041016,4163232
2023-07-18,26.206226348876953,27.617647171020508,28.039215087890625,27.352941513061523,27.921567916870117,6169674
2023-07-19,26.038776397705078,27.44117546081543,27.54901885986328,27.127450942993164,27.450979232788086,4265538
2023-07-20,26.401586532592773,27.823528289794922,27.91176414489746,27.421567916870117,27.47058868408203,3449028
2023-07-21,26.634157180786133,28.068626403808594,28.352941513061523,27.901960372924805,28.019607543945312,5188230
2023-07-24,26.569042205810547,28.0,28.176469802856445,27.676469802856445,28.08823585510254,4036344
2023-07-25,26.476011276245117,27.901960372924805,28.372549057006836,27.72549057006836,28.36274528503418,3743298
2023-07-26,26.736492156982422,28.176469802856445,28.235294342041016,27.843137741088867,27.843137741088867,2803368
2023-07-27,26.55043601989746,27.980392456054688,28.52941131591797,27.980392456054688,28.10784339904785,3478404
2023-07-28,27.08069610595703,28.539215087890625,28.705881118774414,27.921567916870117,28.323528289794922,4496466
2023-07-31,26.950458526611328,28.401960372924805,28.676469802856445,28.264705657958984,28.58823585510254,4574088
2023-08-01,26.86673355102539,28.313724517822266,28.47058868408203,28.02941131591797,28.127450942993164,6817272
2023-08-02,26.587646484375,28.019607543945312,28.30392074584961,27.901960372924805,28.235294342041016,3666084
2023-08-03,26.364376068115234,27.784313201904297,28.39215660095215,27.617647171020508,28.02941131591797,7819320
2023-08-04,25.908536911010742,27.30392074584961,27.960784912109375,27.147058486938477,27.60784339904785,5519832
2023-08-07,25.97365379333496,27.372549057006836,27.460784912109375,27.16666603088379,27.235294342041016,3863046
2023-08-08,25.843412399291992,27.235294342041016,27.598039627075195,26.990196228027344,27.1862735748291,4550526
2023-08-09,25.536418914794922,26.91176414489746,27.254901885986328,26.52941131591797,27.058822631835938,6681714
2023-08-10,25.37827491760254,26.745098114013672,27.323528289794922,26.539215087890625,26.901960372924805,4369374
2023-08-11,25.499208450317383,26.872549057006836,27.039215087890625,26.558822631835938,26.784313201904297,4197708
2023-08-14,25.48060417175293,26.852941513061523,26.852941513061523,26.558822631835938,26.80392074584961,4659462
2023-08-15,25.396879196166992,26.764705657958984,27.08823585510254,26.735294342041016,26.784313201904297,2778786
2023-08-16,25.22942543029785,26.58823585510254,26.990196228027344,26.460784912109375,26.735294342041016,5002590
2023-08-17,24.838706970214844,26.176469802856445,26.833332061767578,26.039215087890625,26.784313201904297,7194570
2023-08-18,24.838706970214844,26.176469802856445,26.352941513061523,26.04901885986328,26.1862735748291,3469122
2023-08-21,24.82940101623535,26.16666603088379,26.313724517822266,25.852941513061523,26.176469802856445,4808280
2023-08-22,25.266633987426758,26.627450942993164,26.784313201904297,26.264705657958984,26.313724517822266,4440366
2023-08-23,25.424781799316406,26.794116973876953,26.794116973876953,26.450979232788086,26.558822631835938,3941280
2023-08-24,25.387571334838867,26.754901885986328,27.009803771972656,26.568626403808594,26.705881118774414,3032460
2023-08-25,25.15500259399414,26.509803771972656,26.813724517822266,26.30392074584961,26.754901885986328,3115896
2023-08-28,25.043367385864258,26.39215660095215,26.58823585510254,26.10784339904785,26.480392456054688,2235330
2023-08-29,25.871322631835938,27.264705657958984,27.264705657958984,26.382352828979492,26.568626403808594,5777688
2023-08-30,25.703872680664062,27.08823585510254,27.52941131591797,27.08823585510254,27.39215660095215,3295008
2023-08-31,25.5643310546875,26.94117546081543,27.264705657958984,26.5,27.058822631835938,6606438
2023-09-01,25.62014389038086,27.0,27.401960372924805,26.794116973876953,27.02941131591797,5538498
2023-09-04,25.71317481994629,27.098039627075195,27.294116973876953,26.794116973876953,27.04901885986328,2355078
2023-09-05,25.573633193969727,26.950979232788086,27.13725471496582,26.852941513061523,26.960784912109375,4362438
2023-09-06,24.950336456298828,26.294116973876953,27.176469802856445,26.215686798095703,26.950979232788086,4376718
2023-09-08,24.9410343170166,26.284313201904297,26.401960372924805,26.04901885986328,26.1862735748291,4023594
2023-09-11,25.313148498535156,26.676469802856445,26.764705657958984,26.02941131591797,26.235294342041016,4067454
2023-09-12,25.81550407409668,27.205881118774414,27.235294342041016,26.784313201904297,26.86274528503418,2788680
2023-09-13,25.899232864379883,27.294116973876953,27.72549057006836,27.02941131591797,27.215686798095703,3979020
2023-09-14,25.852718353271484,27.245098114013672,27.421567916870117,27.04901885986328,27.36274528503418,2534904
2023-09-15,25.666658401489258,27.04901885986328,27.294116973876953,26.89215660095215,27.254901885986328,5822160
2023-09-18,25.582935333251953,26.960784912109375,27.04901885986328,26.813724517822266,27.04901885986328,2530722
2023-09-19,25.117788314819336,26.47058868408203,27.019607543945312,26.421567916870117,26.960784912109375,2842434
2023-09-20,25.285242080688477,26.647058486938477,26.843137741088867,26.39215660095215,26.460784912109375,2898636
2023-09-21,24.987548828125,26.333332061767578,26.509803771972656,25.990196228027344,26.382352828979492,7025556
2023-09-22,25.517812728881836,26.89215660095215,27.117647171020508,26.264705657958984,26.333332061767578,6450684
2023-09-25,25.173608779907227,26.52941131591797,26.94117546081543,26.52941131591797,26.921567916870117,6565944
2023-09-26,25.03406524658203,26.382352828979492,26.63725471496582,26.13725471496582,26.558822631835938,7783518
2023-09-27,25.210817337036133,26.568626403808594,27.02941131591797,26.333332061767578,26.382352828979492,8902356
2023-09-28,25.499208450317383,26.872549057006836,26.94117546081543,26.539215087890625,26.656862258911133,7357566
2023-09-29,25.694568634033203,27.07843017578125,27.401960372924805,26.931371688842773,27.039215087890625,10057506
2023-10-02,25.471302032470703,26.843137741088867,27.16666603088379,26.754901885986328,27.058822631835938,3453414
2023-10-03,25.22942543029785,26.58823585510254,26.980392456054688,26.519607543945312,26.77450942993164,5016666
2023-10-04,25.768993377685547,27.156862258911133,27.284313201904297,26.54901885986328,26.6862735748291,3924450
2023-10-05,25.734634399414062,27.068626403808594,27.245098114013672,26.72549057006836,27.068626403808594,4354788
2023-10-06,26.032899856567383,27.382352828979492,27.58823585510254,26.696077346801758,27.04901885986328,5583786
2023-10-09,25.855806350708008,27.196077346801758,27.41176414489746,26.823528289794922,27.313724517822266,4124676
2023-10-10,26.20067024230957,27.558822631835938,27.745098114013672,27.254901885986328,27.323528289794922,4397016
2023-10-11,26.12611198425293,27.480392456054688,27.794116973876953,27.284313201904297,27.52941131591797,3310308
2023-10-13,25.865121841430664,27.205881118774414,27.509803771972656,27.0,27.333332061767578,6217920
2023-10-16,25.949012756347656,27.294116973876953,27.696077346801758,27.117647171020508,27.382352828979492,6280140
2023-10-17,25.781240463256836,27.117647171020508,27.323528289794922,26.91176414489746,27.1862735748291,6680898
2023-10-18,24.513612747192383,25.784313201904297,26.960784912109375,25.784313201904297,26.921567916870117,10037004
2023-10-19,24.60681915283203,25.882352828979492,26.294116973876953,25.80392074584961,25.80392074584961,5759328
2023-10-20,24.289913177490234,25.54901885986328,25.91176414489746,25.519607543945312,25.705881118774414,5588274
2023-10-23,24.700027465820312,25.980392456054688,26.13725471496582,25.36274528503418,25.36274528503418,4996164
2023-10-24,24.578866958618164,25.852941513061523,26.10784339904785,25.63725471496582,26.10784339904785,4770948
2023-10-25,24.150104522705078,25.401960372924805,25.882352828979492,25.323528289794922,25.745098114013672,5936400
2023-10-26,24.457691192626953,25.72549057006836,25.80392074584961,25.313724517822266,25.47058868408203,3951582
2023-10-27,23.89844512939453,25.13725471496582,25.754901885986328,25.10784339904785,25.6862735748291,6297480
2023-10-30,23.61882209777832,24.843137741088867,25.372549057006836,24.647058486938477,25.284313201904297,10603716
2023-10-31,24.047578811645508,25.294116973876953,25.5,24.80392074584961,25.10784339904785,8060346
2023-11-01,23.143463134765625,24.343137741088867,25.30392074584961,23.89215660095215,25.294116973876953,18861024
2023-11-03,23.64678382873535,24.872549057006836,25.068626403808594,24.450979232788086,24.843137741088867,8505882
2023-11-06,23.842517852783203,25.07843017578125,25.264705657958984,24.823528289794922,24.843137741088867,5107752
2023-11-07,24.140783309936523,25.39215660095215,25.460784912109375,24.86274528503418,25.098039627075195,5545128
2023-11-08,24.364482879638672,25.627450942993164,25.823528289794922,25.431371688842773,25.54901885986328,5223624
2023-11-09,24.075536727905273,25.323528289794922,25.6862735748291,25.16666603088379,25.617647171020508,7253118
2023-11-10,24.93305015563965,26.22549057006836,26.44117546081543,25.098039627075195,25.52941131591797,6313698
2023-11-13,24.783912658691406,26.068626403808594,26.27450942993164,25.5,26.215686798095703,5477400
2023-11-14,25.464332580566406,26.784313201904297,27.02941131591797,26.04901885986328,26.254901885986328,6639486
2023-11-16,25.986291885375977,27.333332061767578,27.54901885986328,26.852941513061523,27.127450942993164,7513218
2023-11-17,25.492290496826172,26.813724517822266,27.44117546081543,26.80392074584961,27.30392074584961,5325930
2023-11-20,26.65738868713379,28.039215087890625,28.07843017578125,26.872549057006836,27.009803771972656,7544532
2023-11-21,26.34048080444336,27.705881118774414,27.97058868408203,27.66666603088379,27.901960372924805,5021052
2023-11-22,26.47097396850586,27.843137741088867,28.558822631835938,27.77450942993164,27.921567916870117,7554222
2023-11-23,26.42436981201172,27.794116973876953,28.196077346801758,27.57843017578125,27.794116973876953,2862834
2023-11-24,26.39640998840332,27.764705657958984,28.07843017578125,27.57843017578125,27.705881118774414,3036438
2023-11-27,27.123432159423828,28.52941131591797,28.558822631835938,27.715686798095703,27.931371688842773,4429350
2023-11-28,27.561504364013672,28.990196228027344,29.27450942993164,28.264705657958984,28.558822631835938,9073716
2023-11-29,26.405729293823242,27.77450942993164,29.147058486938477,27.77450942993164,29.019607543945312,7400712
2023-11-30,26.172710418701172,27.52941131591797,27.872549057006836,26.960784912109375,27.843137741088867,19657950
2023-12-01,26.144750595092773,27.5,27.696077346801758,27.10784339904785,27.5,5374890
2023-12-04,26.26591682434082,27.627450942993164,27.89215660095215,27.313724517822266,27.41176414489746,2787354
2023-12-05,26.62942886352539,28.009803771972656,28.39215660095215,27.794116973876953,27.794116973876953,4594998
2023-12-06,26.68535041809082,28.068626403808594,28.16666603088379,27.715686798095703,28.10784339904785,3548580
2023-12-07,26.368633270263672,27.6862735748291,28.27450942993164,27.539215087890625,28.127450942993164,4031550
2023-12-08,26.321945190429688,27.63725471496582,27.960784912109375,27.5,27.80392074584961,3127116
2023-12-11,26.377971649169922,27.696077346801758,27.94117546081543,27.47058868408203,27.63725471496582,3452292
2023-12-12,26.564716339111328,27.89215660095215,28.10784339904785,27.627450942993164,27.86274528503418,3292560
2023-12-13,27.60116195678711,28.980392456054688,29.264705657958984,27.735294342041016,27.901960372924805,8428260
2023-12-14,27.535802841186523,28.91176414489746,29.558822631835938,28.745098114013672,29.284313201904297,7743126
2023-12-15,27.52646255493164,28.901960372924805,29.205881118774414,28.54901885986328,28.901960372924805,7233534
2023-12-18,27.050262451171875,28.401960372924805,29.156862258911133,28.294116973876953,29.019607543945312,3292866
2023-12-19,27.38640594482422,28.754901885986328,29.019607543945312,28.460784912109375,28.480392456054688,4058580
2023-12-20,26.779478073120117,28.117647171020508,29.294116973876953,28.117647171020508,28.63725471496582,5307468
2023-12-21,27.142765045166016,28.450979232788086,28.539215087890625,28.235294342041016,28.421567916870117,3421488
2023-12-22,27.021175384521484,28.323528289794922,28.656862258911133,28.235294342041016,28.598039627075195,3429138
2023-12-26,27.51689338684082,28.843137741088867,29.039215087890625,28.294116973876953,28.323528289794922,2523582
2023-12-27,27.273706436157227,28.58823585510254,28.843137741088867,28.460784912109375,28.843137741088867,2680458
2023-12-28,27.498186111450195,28.823528289794922,29.1862735748291,28.57843017578125,28.57843017578125,3731568
2024-01-02,27.320472717285156,28.63725471496582,28.715686798095703,28.333332061767578,28.44117546081543,2998800
2024-01-03,27.311119079589844,28.627450942993164,29.16666603088379,28.60784339904785,28.63725471496582,2776440
2024-01-04,27.37659454345703,28.696077346801758,28.764705657958984,28.205881118774414,28.539215087890625,2334270
2024-01-05,27.591712951660156,28.921567916870117,29.039215087890625,28.421567916870117,28.617647171020508,3322854
2024-01-08,27.283061981201172,28.598039627075195,29.284313201904297,28.54901885986328,28.77450942993164,4518090
2024-01-09,27.142765045166016,28.450979232788086,28.852941513061523,28.352941513061523,28.568626403808594,4174248
2024-01-10,26.834110260009766,28.127450942993164,28.57843017578125,27.72549057006836,28.57843017578125,3378954
2024-01-11,26.347749710083008,27.617647171020508,28.117647171020508,27.598039627075195,27.980392456054688,4397322
2024-01-12,26.329044342041016,27.598039627075195,27.921567916870117,27.264705657958984,27.52941131591797,3062346
2024-01-15,26.151334762573242,27.41176414489746,27.656862258911133,27.254901885986328,27.617647171020508,1957890
2024-01-16,25.936214447021484,27.1862735748291,27.254901885986328,26.901960372924805,27.127450942993164,6154170
2024-01-17,25.721094131469727,26.960784912109375,27.176469802856445,26.901960372924805,27.127450942993164,6411720
2024-01-18,25.6275634765625,26.86274528503418,27.07843017578125,26.66666603088379,26.960784912109375,5547066
2024-01-19,25.159900665283203,26.372549057006836,26.921567916870117,26.176469802856445,26.872549057006836,7991190
2024-01-22,24.776424407958984,25.97058868408203,26.294116973876953,25.794116973876953,26.27450942993164,4714644
2024-01-23,25.19731903076172,26.41176414489746,26.480392456054688,25.784313201904297,26.0,19067982
2024-01-24,24.30877113342285,25.480392456054688,26.617647171020508,25.480392456054688,26.617647171020508,11666658
2024-01-25,24.31812286376953,25.490196228027344,25.58823585510254,25.0,25.39215660095215,15753084
2024-01-26,24.467771530151367,25.647058486938477,25.86274528503418,25.36274528503418,25.617647171020508,3912414
2024-01-29,24.59871482849121,25.784313201904297,25.94117546081543,25.54901885986328,25.63725471496582,2841414
2024-01-30,24.551950454711914,25.735294342041016,25.833332061767578,25.39215660095215,25.77450942993164,5543496
2024-01-31,23.663400650024414,24.80392074584961,25.52941131591797,24.676469802856445,25.44117546081543,27175758
2024-02-01,23.49504852294922,24.627450942993164,24.852941513061523,24.460784912109375,24.72549057006836,10128804
2024-02-02,23.251863479614258,24.372549057006836,24.66666603088379,24.147058486938477,24.54901885986328,10789458
2024-02-05,22.87773895263672,23.980392456054688,24.333332061767578,23.823528289794922,24.264705657958984,10237842
2024-02-06,23.523107528686523,24.656862258911133,24.754901885986328,23.89215660095215,23.980392456054688,22944186
2024-02-07,23.61663818359375,24.754901885986328,25.245098114013672,24.5,24.568626403808594,17614176
2024-02-08,23.485692977905273,24.617647171020508,24.784313201904297,24.343137741088867,24.6862735748291,6071244
2024-02-09,23.784992218017578,24.931371688842773,25.13725471496582,24.490196228027344,24.539215087890625,6309210
2024-02-14,23.663400650024414,24.80392074584961,25.039215087890625,24.52941131591797,24.94117546081543,8123586
2024-02-15,23.73822784423828,24.882352828979492,25.176469802856445,24.80392074584961,24.931371688842773,8269650
2024-02-16,23.60728645324707,24.745098114013672,25.176469802856445,24.568626403808594,25.176469802856445,4901814
2024-02-19,23.289278030395508,24.41176414489746,24.80392074584961,24.323528289794922,24.745098114013672,3052248
2024-02-20,23.962705612182617,25.117647171020508,25.30392074584961,24.313724517822266,24.372549057006836,6498828
2024-02-21,24.131061553955078,25.294116973876953,25.372549057006836,24.91176414489746,25.10784339904785,11242134
2024-02-22,24.196531295776367,25.36274528503418,25.460784912109375,25.16666603088379,25.372549057006836,6486588
2024-02-23,24.486478805541992,25.66666603088379,25.66666603088379,25.30392074584961,25.490196228027344,5394372
2024-02-26,24.879308700561523,26.07843017578125,26.323528289794922,25.598039627075195,25.715686798095703,8062284
2024-02-27,24.88866424560547,26.08823585510254,26.57843017578125,25.931371688842773,26.323528289794922,10590354
2024-02-28,24.944782257080078,26.147058486938477,26.36274528503418,25.63725471496582,26.009803771972656,3796338
2024-02-29,24.916723251342773,26.117647171020508,26.30392074584961,25.784313201904297,26.147058486938477,7233126
2024-03-01,24.944782257080078,26.147058486938477,26.313724517822266,25.94117546081543,26.156862258911133,6943038
2024-03-04,24.16847038269043,25.333332061767578,26.08823585510254,25.235294342041016,26.0,9159294
2024-03-05,23.719526290893555,24.86274528503418,25.480392456054688,24.823528289794922,25.480392456054688,17861526
2024-03-06,24.31812286376953,25.490196228027344,26.372549057006836,25.04901885986328,25.41176414489746,18565020
2024-03-07,24.31812286376953,25.490196228027344,25.735294342041016,25.04901885986328,25.421567916870117,11716842
2024-03-08,24.28070831298828,25.450979232788086,25.450979232788086,25.058822631835938,25.41176414489746,4340100
2024-03-11,24.654836654663086,25.843137741088867,25.91176414489746,25.215686798095703,25.215686798095703,5961594
2024-03-12,24.85124969482422,26.04901885986328,26.294116973876953,25.852941513061523,25.950979232788086,5350308
2024-03-13,25.34696388244629,26.568626403808594,26.94117546081543,26.039215087890625,26.07843017578125,9814542
2024-03-14,25.206668853759766,26.421567916870117,26.656862258911133,26.284313201904297,26.57843017578125,8847684
2024-03-15,25.253435134887695,26.47058868408203,27.156862258911133,26.372549057006836,26.382352828979492,12920646
2024-03-18,25.31890296936035,26.539215087890625,26.901960372924805,26.39215660095215,26.5,9962646
2024-03-19,25.96427345275879,27.215686798095703,27.44117546081543,26.480392456054688,26.60784339904785,9082998
2024-03-20,26.375810623168945,27.647058486938477,27.852941513061523,27.058822631835938,27.30392074584961,13856598
2024-03-21,26.104570388793945,27.36274528503418,27.833332061767578,27.16666603088379,27.63725471496582,20780460
2024-03-22,25.43114471435547,26.656862258911133,27.235294342041016,26.568626403808594,27.176469802856445,5050224
2024-03-25,25.31890296936035,26.539215087890625,26.77450942993164,26.47058868408203,26.568626403808594,3643134
2024-03-26,25.421789169311523,26.647058486938477,26.94117546081543,26.39215660095215,26.52941131591797,3144354
2024-03-27,25.580795288085938,26.813724517822266,26.872549057006836,26.558822631835938,26.568626403808594,2855082
2024-03-28,25.59950065612793,26.833332061767578,27.176469802856445,26.72549057006836,26.72549057006836,5591742
2024-04-01,25.066373825073242,26.27450942993164,27.039215087890625,25.980392456054688,27.009803771972656,9915624
2024-04-02,24.86995506286621,26.068626403808594,26.215686798095703,25.80392074584961,26.205881118774414,4445568
2024-04-03,24.78577995300293,25.980392456054688,26.264705657958984,25.539215087890625,26.264705657958984,5973324
2024-04-04,24.817049026489258,25.97058868408203,26.352941513061523,25.91176414489746,26.176469802856445,6765660
2024-04-05,24.451679229736328,25.58823585510254,25.960784912109375,25.539215087890625,25.921567916870117,3319998
2024-04-08,24.723365783691406,25.872549057006836,25.872549057006836,25.382352828979492,25.58823585510254,4393854
2024-04-09,25.154312133789062,26.323528289794922,26.41176414489746,25.852941513061523,25.89215660095215,3497376
2024-04-10,24.71399688720703,25.86274528503418,26.47058868408203,25.735294342041016,26.22549057006836,8374608
2024-04-11,24.685888290405273,25.833332061767578,25.89215660095215,25.558822631835938,25.6862735748291,4415682
2024-04-12,24.695262908935547,25.843137741088867,26.22549057006836,25.568626403808594,25.598039627075195,6704358
2024-04-15,24.545364379882812,25.6862735748291,25.89215660095215,25.539215087890625,25.715686798095703,6285648
2024-04-16,23.627254486083984,24.72549057006836,25.715686798095703,24.696077346801758,25.5,7648878
2024-04-17,23.327463150024414,24.41176414489746,24.77450942993164,24.215686798095703,24.715686798095703,8664288
2024-04-18,23.37360191345215,24.41176414489746,24.66666603088379,24.30392074584961,24.431371688842773,14559378
2024-04-19,23.8898868560791,24.950979232788086,25.313724517822266,24.372549057006836,24.372549057006836,13999398
2024-04-22,23.964981079101562,25.02941131591797,25.352941513061523,24.960784912109375,25.08823585510254,6713130
2024-04-23,23.561342239379883,24.60784339904785,24.921567916870117,24.558822631835938,24.72549057006836,8558310
2024-04-24,23.260955810546875,24.294116973876953,24.568626403808594,24.254901885986328,24.5,5402124
2024-04-25,23.4205379486084,24.460784912109375,24.598039627075195,23.97058868408203,24.22549057006836,8451618
2024-04-26,24.04946517944336,25.117647171020508,25.117647171020508,24.5,24.647058486938477,5084802
2024-04-29,24.152721405029297,25.22549057006836,25.490196228027344,24.921567916870117,25.0,6322470
2024-04-30,24.01191520690918,25.07843017578125,25.558822631835938,24.931371688842773,25.039215087890625,6767598
2024-05-02,24.068241119384766,25.13725471496582,25.647058486938477,24.872549057006836,25.647058486938477,5759736
2024-05-03,24.631460189819336,25.72549057006836,25.823528289794922,25.215686798095703,25.313724517822266,5151918
2024-05-06,24.715938568115234,25.813724517822266,25.86274528503418,25.480392456054688,25.6862735748291,3809496
2024-05-07,24.55636215209961,25.647058486938477,26.009803771972656,25.47058868408203,25.97058868408203,5739438
2024-05-08,24.631460189819336,25.72549057006836,25.980392456054688,24.89215660095215,25.647058486938477,8382054
2024-05-09,24.565752029418945,25.656862258911133,25.715686798095703,24.94117546081543,24.960784912109375,4614276
2024-05-10,24.07762336730957,25.147058486938477,25.705881118774414,24.91176414489746,25.6862735748291,5207100
2024-05-13,24.922454833984375,26.02941131591797,26.215686798095703,25.13725471496582,25.333332061767578,10272828
2024-05-14,25.41057777404785,26.539215087890625,26.94117546081543,26.039215087890625,26.039215087890625,17713830
2024-05-15,25.40119171142578,26.52941131591797,26.89215660095215,26.41176414489746,26.460784912109375,4872642
2024-05-16,25.95502281188965,27.10784339904785,27.156862258911133,26.617647171020508,26.960784912109375,6325632
2024-05-17,25.90808868408203,27.058822631835938,27.176469802856445,26.921567916870117,26.950979232788086,4314804
2024-05-20,26.095829010009766,27.254901885986328,27.490196228027344,26.97058868408203,27.058822631835938,3974226
2024-05-21,25.992568969726562,27.147058486938477,27.333332061767578,27.068626403808594,27.16666603088379,5160078
2024-05-22,25.532609939575195,26.66666603088379,27.117647171020508,26.647058486938477,26.97058868408203,7132758
2024-05-23,25.025711059570312,26.13725471496582,26.509803771972656,26.02941131591797,26.490196228027344,3563370
2024-05-24,24.462491989135742,25.54901885986328,26.07843017578125,25.39215660095215,26.058822631835938,5015646
2024-05-27,24.33107566833496,25.41176414489746,25.735294342041016,25.254901885986328,25.63725471496582,2659650
2024-05-28,24.246591567993164,25.323528289794922,25.63725471496582,25.196077346801758,25.568626403808594,5746884
2024-05-29,24.218429565429688,25.294116973876953,25.519607543945312,25.0,25.205881118774414,3121812
2024-05-31,23.533178329467773,24.57843017578125,25.13725471496582,24.401960372924805,25.068626403808594,16402416
2024-06-03,23.636436462402344,24.6862735748291,24.882352828979492,24.382352828979492,24.490196228027344,3482280
2024-06-04,23.636436462402344,24.6862735748291,24.921567916870117,24.41176414489746,24.539215087890625,3221058
2024-06-05,23.4205379486084,24.460784912109375,24.921567916870117,24.431371688842773,24.509803771972656,4309704
2024-06-06,23.58950424194336,24.63725471496582,24.852941513061523,24.08823585510254,24.323528289794922,4607850
2024-06-07,23.767854690551758,24.823528289794922,25.22549057006836,24.27450942993164,24.27450942993164,6239238
2024-06-10,23.561342239379883,24.60784339904785,24.813724517822266,24.509803771972656,24.627450942993164,2547246
2024-06-11,23.533178329467773,24.57843017578125,24.872549057006836,24.401960372924805,24.705881118774414,4119984
2024-06-12,23.22340965270996,24.254901885986328,24.754901885986328,23.931371688842773,24.656862258911133,11243358
2024-06-13,23.4299259185791,24.47058868408203,24.696077346801758,24.009803771972656,24.1862735748291,6006474
2024-06-14,24.124561309814453,25.196077346801758,25.36274528503418,24.44117546081543,24.44117546081543,5743314
2024-06-17,23.533178329467773,24.57843017578125,25.196077346801758,24.372549057006836,25.196077346801758,5265954
2024-06-18,22.99812126159668,24.019607543945312,24.57843017578125,24.0,24.57843017578125,6398970
2024-06-19,23.251569747924805,24.284313201904297,24.401960372924805,23.843137741088867,24.07843017578125,4603056
2024-06-20,23.270347595214844,24.30392074584961,24.696077346801758,23.843137741088867,24.58823585510254,6455274
2024-06-21,24.218429565429688,25.294116973876953,25.294116973876953,24.16666603088379,24.27450942993164,10755900
2024-06-24,24.57513427734375,25.66666603088379,25.784313201904297,24.980392456054688,25.284313201904297,7126638
2024-06-25,24.753488540649414,25.852941513061523,25.852941513061523,25.490196228027344,25.66666603088379,9928068
2024-06-26,24.79103660583496,25.89215660095215,25.89215660095215,25.509803771972656,25.58823585510254,6225876
2024-06-27,24.913066864013672,26.019607543945312,26.16666603088379,25.627450942993164,25.784313201904297,3559800
2024-06-28,24.10578727722168,25.176469802856445,25.931371688842773,24.94117546081543,25.843137741088867,8718552
2024-07-01,24.030691146850586,25.098039627075195,25.235294342041016,24.764705657958984,24.80392074584961,2830704
2024-07-02,23.767854690551758,24.823528289794922,25.176469802856445,24.735294342041016,25.176469802856445,3566124
2024-07-03,24.068241119384766,25.13725471496582,25.36274528503418,24.852941513061523,25.0,6006372
2024-07-04,23.640338897705078,24.647058486938477,25.372549057006836,24.52941131591797,25.372549057006836,5032578
2024-07-05,23.781389236450195,24.794116973876953,25.098039627075195,24.705881118774414,24.754901885986328,4518294
2024-07-08,23.649742126464844,24.656862258911133,24.97058868408203,24.598039627075195,24.89215660095215,2956470
2024-07-09,23.687355041503906,24.696077346801758,24.97058868408203,24.47058868408203,24.539215087890625,6283812
2024-07-10,23.640338897705078,24.647058486938477,24.901960372924805,24.509803771972656,24.745098114013672,3952194
2024-07-11,23.89423179626465,24.91176414489746,25.0,24.676469802856445,24.705881118774414,6422022
2024-07-12,24.223356246948242,25.254901885986328,25.39215660095215,24.813724517822266,24.86274528503418,3584076
2024-07-15,24.33619499206543,25.372549057006836,25.401960372924805,24.94117546081543,25.401960372924805,3055104
2024-07-16,24.063495635986328,25.08823585510254,25.57843017578125,25.08823585510254,25.294116973876953,3920778
2024-07-17,24.082300186157227,25.10784339904785,25.333332061767578,24.833332061767578,25.245098114013672,3718002
2024-07-18,24.129316329956055,25.156862258911133,25.245098114013672,24.833332061767578,24.872549057006836,5000142
2024-07-19,24.232759475708008,25.264705657958984,25.715686798095703,25.098039627075195,25.382352828979492,6773718
2024-07-22,24.543071746826172,25.58823585510254,25.6862735748291,25.16666603088379,25.22549057006836,3059898
2024-07-23,24.53366470336914,25.57843017578125,25.89215660095215,25.401960372924805,25.41176414489746,5816550
2024-07-24,24.608898162841797,25.656862258911133,25.97058868408203,25.264705657958984,25.41176414489746,10385538
2024-07-25,24.496051788330078,25.539215087890625,25.833332061767578,25.401960372924805,25.6862735748291,10471014
2024-07-26,25.389385223388672,26.47058868408203,26.509803771972656,25.490196228027344,25.490196228027344,7075740
2024-07-29,25.67148780822754,26.764705657958984,27.058822631835938,26.57843017578125,26.58823585510254,6071958
2024-07-30,25.906574249267578,27.009803771972656,27.07843017578125,26.401960372924805,26.647058486938477,3349476
2024-07-31,25.95359230041504,27.058822631835938,27.41176414489746,26.950979232788086,27.147058486938477,5490864
2024-08-01,26.019418716430664,27.127450942993164,27.509803771972656,26.833332061767578,27.019607543945312,3515532
2024-08-02,26.70587158203125,27.843137741088867,27.843137741088867,27.039215087890625,27.176469802856445,5109690
2024-08-05,28.27625274658203,29.480392456054688,29.480392456054688,27.372549057006836,27.5,11493258
2024-08-06,27.618009567260742,28.794116973876953,29.460784912109375,28.431371688842773,29.36274528503418,11466942
2024-08-07,27.740253448486328,28.921567916870117,28.97058868408203,28.019607543945312,28.333332061767578,12093018
2024-08-08,27.176040649414062,28.333332061767578,28.872549057006836,28.176469802856445,28.5,8545764
2024-08-09,27.58979606628418,28.764705657958984,28.764705657958984,28.10784339904785,28.431371688842773,6228834
2024-08-12,27.176040649414062,28.333332061767578,29.07843017578125,27.872549057006836,28.921567916870117,7887150
2024-08-13,28.210424423217773,29.41176414489746,29.41176414489746,28.313724517822266,28.431371688842773,13022442
2024-08-14,28.210424423217773,29.41176414489746,29.80392074584961,28.94117546081543,29.313724517822266,11111472
2024-08-15,27.552181243896484,28.72549057006836,29.421567916870117,28.66666603088379,29.421567916870117,7320540
2024-08-16,27.599201202392578,28.77450942993164,29.196077346801758,28.705881118774414,28.86274528503418,4410888
2024-08-19,27.33590316772461,28.5,29.117647171020508,28.39215660095215,28.980392456054688,5592354
2024-08-20,26.593027114868164,27.72549057006836,28.6862735748291,27.705881118774414,28.52941131591797,10868100
2024-08-21,26.61183738708496,27.745098114013672,27.843137741088867,27.16666603088379,27.66666603088379,13299984
2024-08-22,26.235698699951172,27.352941513061523,27.6862735748291,27.16666603088379,27.598039627075195,5654574
2024-08-23,26.19808578491211,27.313724517822266,27.490196228027344,27.254901885986328,27.490196228027344,5131824
2024-08-26,26.075838088989258,27.1862735748291,27.421567916870117,27.058822631835938,27.401960372924805,2151384
2024-08-27,26.028818130493164,27.13725471496582,27.245098114013672,26.852941513061523,27.245098114013672,8176014
2024-08-28,26.329730987548828,27.450979232788086,27.450979232788086,26.882352828979492,26.990196228027344,6871026
2024-08-29,26.160470962524414,27.27450942993164,27.401960372924805,27.009803771972656,27.205881118774414,5153040
2024-08-30,25.915979385375977,27.019607543945312,27.127450942993164,26.745098114013672,26.97058868408203,12926052
2024-09-02,25.558645248413086,26.647058486938477,27.098039627075195,26.598039627075195,26.990196228027344,2424846
2024-09-03,25.464609146118164,26.54901885986328,26.833332061767578,26.509803771972656,26.813724517822266,5974854
2024-09-04,25.67148780822754,26.764705657958984,27.07843017578125,26.568626403808594,26.705881118774414,7546266
2024-09-05,26.245101928710938,27.36274528503418,27.60784339904785,26.794116973876953,26.794116973876953,5157222
2024-09-06,25.80313491821289,26.901960372924805,27.27450942993164,26.66666603088379,27.264705657958984,5438028
2024-09-09,25.812541961669922,26.91176414489746,27.08823585510254,26.754901885986328,26.86274528503418,2823360
2024-09-10,25.521034240722656,26.60784339904785,26.852941513061523,26.44117546081543,26.705881118774414,3116202
2024-09-11,25.370573043823242,26.450979232788086,26.735294342041016,26.39215660095215,26.568626403808594,3872634
2024-09-12,25.34236717224121,26.421567916870117,26.490196228027344,26.009803771972656,26.313724517822266,11076894
2024-09-13,25.10727882385254,26.176469802856445,26.901960372924805,26.16666603088379,26.901960372924805,5913654
2024-09-16,25.389385223388672,26.47058868408203,26.63725471496582,26.264705657958984,26.323528289794922,5090514
2024-09-17,25.417593002319336,26.5,26.80392074584961,26.30392074584961,26.480392456054688,4290528
2024-09-18,25.737314224243164,26.833332061767578,27.117647171020508,26.382352828979492,26.39215660095215,7654590
2024-09-19,25.77492904663086,26.872549057006836,27.117647171020508,26.598039627075195,26.901960372924805,7711200
2024-09-20,25.361173629760742,26.44117546081543,27.10784339904785,26.401960372924805,26.794116973876953,14403216
2024-09-23,25.248329162597656,26.323528289794922,26.323528289794922,26.117647171020508,26.215686798095703,4502790
2024-09-24,24.96622657775879,26.02941131591797,26.450979232788086,25.872549057006836,26.382352828979492,4524210
2024-09-25,24.637104034423828,25.6862735748291,26.1862735748291,25.568626403808594,25.980392456054688,3707802
2024-09-26,24.702932357788086,25.754901885986328,26.04901885986328,25.539215087890625,25.872549057006836,3823776
2024-09-27,24.16693115234375,25.196077346801758,26.0,24.921567916870117,25.6862735748291,10885032
2024-09-30,23.969457626342773,24.990196228027344,25.264705657958984,24.823528289794922,25.098039627075195,7527906
2024-10-01,24.731142044067383,25.784313201904297,25.931371688842773,25.13725471496582,25.343137741088867,11266206
2024-10-02,24.731142044067383,25.784313201904297,26.245098114013672,25.598039627075195,26.245098114013672,3645786
2024-10-03,24.129316329956055,25.156862258911133,25.617647171020508,25.156862258911133,25.490196228027344,7544226
2024-10-04,23.985977172851562,24.882352828979492,25.04901885986328,24.617647171020508,24.813724517822266,6443034
2024-10-07,23.730810165405273,24.617647171020508,25.098039627075195,24.254901885986328,25.068626403808594,8060040
2024-10-08,23.570144653320312,24.450979232788086,24.80392074584961,24.450979232788086,24.656862258911133,5063892
2024-10-09,23.589048385620117,24.47058868408203,24.519607543945312,24.019607543945312,24.264705657958984,7550856
2024-10-10,23.23937225341797,24.10784339904785,24.490196228027344,24.02941131591797,24.39215660095215,3629364
2024-10-11,23.040903091430664,23.901960372924805,24.156862258911133,23.627450942993164,24.019607543945312,4181388
2024-10-14,23.333877563476562,24.205881118774414,24.705881118774414,24.205881118774414,24.60784339904785,7606956
2024-10-15,23.494539260864258,24.372549057006836,24.6862735748291,24.30392074584961,24.490196228027344,5354796
2024-10-16,24.184444427490234,25.08823585510254,25.147058486938477,24.068626403808594,24.284313201904297,10981116
2024-10-17,23.94817543029785,24.843137741088867,25.058822631835938,24.715686798095703,24.80392074584961,6726492
2024-10-18,23.778059005737305,24.66666603088379,24.960784912109375,24.264705657958984,24.960784912109375,6901728
2024-10-21,23.94817543029785,24.843137741088867,25.245098114013672,24.460784912109375,24.617647171020508,8457942
2024-10-22,23.87257194519043,24.764705657958984,24.931371688842773,24.47058868408203,24.57843017578125,6765354
2024-10-23,23.29607391357422,24.16666603088379,24.784313201904297,24.07843017578125,24.44117546081543,5684052
2024-10-24,23.62685203552246,24.509803771972656,24.539215087890625,24.019607543945312,24.117647171020508,5478624
2024-10-25,23.09760856628418,23.960784912109375,24.57843017578125,23.950979232788086,24.41176414489746,6147846
2024-10-28,23.078704833984375,23.94117546081543,24.343137741088867,23.86274528503418,24.294116973876953,1904646
2024-10-29,22.662872314453125,23.509803771972656,24.0,23.372549057006836,23.94117546081543,6034014
2024-10-30,23.248821258544922,24.117647171020508,24.156862258911133,23.36274528503418,23.460784912109375,5265138
2024-10-31,23.00309944152832,23.86274528503418,24.10784339904785,23.823528289794922,23.921567916870117,6184464
2024-11-01,22.965293884277344,23.823528289794922,24.08823585510254,23.745098114013672,23.97058868408203,5189250
2024-11-04,23.79696273803711,24.6862735748291,24.735294342041016,23.80392074584961,24.117647171020508,6170286
2024-11-05,24.524669647216797,25.44117546081543,25.843137741088867,24.52941131591797,24.539215087890625,8703558
2024-11-06,24.10883903503418,25.009803771972656,25.480392456054688,24.44117546081543,25.009803771972656,11508762
2024-11-07,24.21279525756836,25.117647171020508,25.52941131591797,24.794116973876953,24.950979232788086,8240886
2024-11-08,24.052133560180664,24.950979232788086,24.990196228027344,24.284313201904297,24.47058868408203,10812408
2024-11-11,24.06158447265625,24.960784912109375,24.990196228027344,24.47058868408203,24.950979232788086,6188340
2024-11-12,23.834768295288086,24.72549057006836,25.176469802856445,24.715686798095703,24.715686798095703,8638890
2024-11-13,24.2978515625,25.205881118774414,25.401960372924805,24.47058868408203,24.558822631835938,9388284
2024-11-14,24.033227920532227,24.931371688842773,25.27450942993164,24.754901885986328,25.0,4709238
2024-11-18,24.278949737548828,25.1862735748291,25.421567916870117,24.66666603088379,24.676469802856445,4963524
2024-11-19,24.3640079498291,25.27450942993164,25.656862258911133,24.931371688842773,25.07843017578125,3304902
2024-11-21,23.976526260375977,24.872549057006836,25.08823585510254,24.72549057006836,25.0,5962206
2024-11-22,24.590824127197266,25.509803771972656,25.58823585510254,24.754901885986328,25.07843017578125,4598160
2024-11-25,23.891469955444336,24.784313201904297,25.66666603088379,24.745098114013672,25.63725471496582,14437488
2024-11-26,24.30730628967285,25.215686798095703,25.627450942993164,24.715686798095703,24.94117546081543,5287272
2024-11-27,23.541791915893555,24.421567916870117,25.41176414489746,24.343137741088867,25.235294342041016,6896220
2024-11-28,23.182662963867188,24.04901885986328,24.431371688842773,23.823528289794922,24.235294342041016,4094790
2024-11-29,22.71957778930664,23.568626403808594,24.16666603088379,23.401960372924805,24.019607543945312,15545922
2024-12-02,22.738481521606445,23.58823585510254,23.921567916870117,23.343137741088867,23.57843017578125,8657658
2024-12-03,22.738481521606445,23.58823585510254,23.89215660095215,23.098039627075195,23.823528289794922,9324126
2024-12-04,23.201566696166992,24.068626403808594,24.22549057006836,23.558822631835938,23.568626403808594,9018534
2024-12-05,23.412216186523438,24.215686798095703,24.480392456054688,23.91176414489746,24.019607543945312,5393760
2024-12-06,22.881412506103516,23.66666603088379,24.176469802856445,23.431371688842773,24.068626403808594,6923760
2024-12-09,22.938282012939453,23.72549057006836,23.852941513061523,23.460784912109375,23.460784912109375,5956902
2024-12-10,23.213163375854492,24.009803771972656,24.156862258911133,23.705881118774414,23.950979232788086,5920080
2024-12-11,23.886146545410156,24.705881118774414,25.098039627075195,23.794116973876953,24.205881118774414,9346974
2024-12-12,23.37430191040039,24.176469802856445,24.764705657958984,23.980392456054688,24.372549057006836,16590708
2024-12-13,22.369569778442383,23.13725471496582,24.068626403808594,23.098039627075195,24.009803771972656,9992940
2024-12-16,22.085206985473633,22.843137741088867,23.313724517822266,22.794116973876953,23.13725471496582,8132460
2024-12-17,22.616010665893555,23.39215660095215,23.656862258911133,22.852941513061523,22.950979232788086,13940442
2024-12-18,21.156301498413086,21.882352828979492,23.294116973876953,21.882352828979492,23.284313201904297,12796410
2024-12-19,21.50701141357422,22.245098114013672,22.47058868408203,21.843137741088867,21.882352828979492,9606564
2024-12-20,21.56388282775879,22.30392074584961,22.715686798095703,22.07843017578125,22.07843017578125,23527830
2024-12-23,21.44066047668457,22.176469802856445,22.676469802856445,21.94117546081543,22.196077346801758,6791772
2024-12-26,21.364831924438477,22.098039627075195,22.44117546081543,21.980392456054688,22.058822631835938,6574308
2024-12-27,20.85298728942871,21.568626403808594,22.294116973876953,21.39215660095215,22.254901885986328,7502712
2024-12-30,20.85298728942871,21.568626403808594,22.215686798095703,21.509803771972656,21.52941131591797,7792392
2025-01-02,20.62549591064453,21.333332061767578,21.764705657958984,20.950979232788086,21.431371688842773,8084622
2025-01-03,19.715551376342773,20.39215660095215,21.44117546081543,20.343137741088867,21.352941513061523,9076368
2025-01-06,20.767677307128906,21.480392456054688,21.480392456054688,20.352941513061523,20.431371688842773,13412082
2025-01-07,20.236873626708984,20.931371688842773,21.676469802856445,20.6862735748291,21.568626403808594,7045038
2025-01-08,20.02834701538086,20.715686798095703,20.89215660095215,20.254901885986328,20.72549057006836,8054838
2025-01-09,19.999906539916992,20.6862735748291,20.764705657958984,20.313724517822266,20.598039627075195,5371728
2025-01-10,19.87668800354004,20.558822631835938,20.66666603088379,19.80392074584961,20.60784339904785,10831482
2025-01-13,19.85772705078125,20.539215087890625,20.754901885986328,20.245098114013672,20.52941131591797,8494050
2025-01-14,19.943038940429688,20.627450942993164,20.63725471496582,19.960784912109375,20.421567916870117,11440116
2025-01-15,20.42644691467285,21.127450942993164,21.352941513061523,20.617647171020508,20.950979232788086,5335314
2025-01-16,19.715551376342773,20.39215660095215,21.13725471496582,20.352941513061523,21.009803771972656,8636238
2025-01-17,20.123130798339844,20.813724517822266,20.91176414489746,20.27450942993164,20.39215660095215,7015152
2025-01-20,20.331661224365234,21.02941131591797,21.127450942993164,20.617647171020508,20.696077346801758,3785934
2025-01-21,20.758201599121094,21.47058868408203,21.5,20.921567916870117,20.990196228027344,5496678
2025-01-22,19.819812774658203,20.5,21.6862735748291,20.333332061767578,21.568626403808594,15658530
2025-01-23,19.800859451293945,20.480392456054688,20.852941513061523,20.401960372924805,20.58823585510254,9602280
2025-01-24,19.696592330932617,20.372549057006836,20.66666603088379,20.372549057006836,20.421567916870117,4891920
2025-01-27,19.62076187133789,20.294116973876953,20.401960372924805,19.696077346801758,19.950979232788086,17111418
2025-01-28,19.905122756958008,20.58823585510254,20.882352828979492,20.39215660095215,20.421567916870117,7104708
2025-01-29,20.331661224365234,21.02941131591797,21.127450942993164,20.60784339904785,20.656862258911133,9059130
2025-01-30,20.900379180908203,21.617647171020508,21.617647171020508,20.980392456054688,21.039215087890625,7276578
2025-01-31,19.99043083190918,20.676469802856445,21.852941513061523,20.676469802856445,21.63725471496582,15597942
2025-02-03,19.459623336791992,20.127450942993164,20.735294342041016,19.86274528503418,20.735294342041016,10828830
2025-02-04,19.023611068725586,19.676469802856445,20.205881118774414,19.676469802856445,20.117647171020508,6263820
2025-02-05,18.720293045043945,19.36274528503418,19.77450942993164,19.205881118774414,19.77450942993164,18198636
2025-02-06,18.957260131835938,19.60784339904785,19.60784339904785,19.294116973876953,19.54901885986328,13791114
2025-02-07,19.071002960205078,19.72549057006836,20.019607543945312,19.519607543945312,19.80392074584961,8739258
2025-02-10,18.7392520904541,19.382352828979492,20.176469802856445,19.13725471496582,19.990196228027344,9318720
2025-02-11,18.938302993774414,19.58823585510254,19.89215660095215,19.27450942993164,19.480392456054688,12900756
2025-02-12,18.606550216674805,19.245098114013672,19.372549057006836,18.89215660095215,19.352941513061523,8418978
2025-02-13,18.492809295654297,19.127450942993164,19.323528289794922,18.813724517822266,19.245098114013672,8595234
2025-02-14,18.957260131835938,19.60784339904785,19.764705657958984,19.235294342041016,19.343137741088867,5445270
2025-02-17,18.672897338867188,19.313724517822266,19.89215660095215,19.0,19.696077346801758,5791560
2025-02-18,18.208444595336914,18.833332061767578,19.44117546081543,18.647058486938477,19.44117546081543,14106498
2025-02-19,17.87669563293457,18.490196228027344,18.764705657958984,18.27450942993164,18.66666603088379,6453846
2025-02-20,18.35062599182129,18.980392456054688,19.019607543945312,18.333332061767578,18.450979232788086,9512826
2025-02-21,18.066268920898438,18.6862735748291,19.019607543945312,18.617647171020508,19.0,5338680
2025-02-24,17.914609909057617,18.52941131591797,19.08823585510254,18.343137741088867,18.852941513061523,10577604
2025-02-25,17.450157165527344,18.04901885986328,18.72549057006836,18.04901885986328,18.60784339904785,7847880
2025-02-26,17.33641242980957,17.931371688842773,17.931371688842773,17.147058486938477,17.931371688842773,24805992
2025-02-27,17.488073348999023,18.08823585510254,18.22549057006836,17.833332061767578,17.97058868408203,7806876
2025-02-28,16.473857879638672,17.039215087890625,18.13725471496582,16.813724517822266,17.401960372924805,26264898
2025-03-05,16.90039825439453,17.480392456054688,17.794116973876953,17.39215660095215,17.54901885986328,24909012
2025-03-06,16.881439208984375,17.460784912109375,17.568626403808594,17.08823585510254,17.421567916870117,24416964
2025-03-07,16.881439208984375,17.460784912109375,17.66666603088379,17.08823585510254,17.323528289794922,16164042
2025-03-10,16.90039825439453,17.480392456054688,17.58823585510254,17.22549057006836,17.36274528503418,13368936
2025-03-11,16.767698287963867,17.343137741088867,17.539215087890625,17.098039627075195,17.372549057006836,12715524
2025-03-12,17.611295700073242,18.215686798095703,18.215686798095703,17.333332061767578,17.382352828979492,12448896
2025-03-13,17.6586856842041,18.264705657958984,18.5,18.04901885986328,18.215686798095703,21314022
2025-03-14,18.180011749267578,18.80392074584961,18.980392456054688,18.22549057006836,18.333332061767578,14937594
2025-03-17,19.175264358520508,19.833332061767578,19.89215660095215,18.745098114013672,19.019607543945312,13637910
2025-03-18,18.616029739379883,19.254901885986328,19.598039627075195,19.254901885986328,19.57843017578125,12347814
2025-03-19,18.786643981933594,19.431371688842773,19.647058486938477,19.254901885986328,19.36274528503418,7143060
2025-03-20,18.597070693969727,19.235294342041016,19.41176414489746,19.10784339904785,19.382352828979492,7209462
2025-03-21,18.76768684387207,19.41176414489746,19.421567916870117,19.127450942993164,19.27450942993164,14125776
2025-03-24,18.65394401550293,19.294116973876953,19.568626403808594,19.215686798095703,19.539215087890625,9610848
2025-03-25,18.180011749267578,18.80392074584961,19.431371688842773,18.47058868408203,19.41176414489746,15747372
2025-03-26,18.170530319213867,18.794116973876953,18.950979232788086,18.372549057006836,18.882352828979492,9083406
2025-03-27,18.1989688873291,18.823528289794922,19.08823585510254,18.72549057006836,18.794116973876953,11527530
2025-03-28,18.33167266845703,18.960784912109375,19.13725471496582,18.57843017578125,18.823528289794922,7992312
2025-03-31,18.056787490844727,18.676469802856445,18.89215660095215,18.63725471496582,18.872549057006836,7774440
2025-04-01,18.018877029418945,18.63725471496582,18.89215660095215,18.509803771972656,18.715686798095703,6753420
2025-04-02,18.464370727539062,19.098039627075195,19.098039627075195,18.676469802856445,18.715686798095703,7517808
2025-04-03,18.88142967224121,19.52941131591797,19.784313201904297,19.04901885986328,19.117647171020508,7606956
2025-04-04,18.5760555267334,19.147058486938477,19.44117546081543,18.833332061767578,19.44117546081543,12124332
2025-04-07,18.45240592956543,19.019607543945312,19.647058486938477,18.627450942993164,19.039215087890625,9899712
2025-04-08,18.43338394165039,19.0,19.490196228027344,18.823528289794922,18.960784912109375,13502862
2025-04-09,20.145462036132812,20.764705657958984,20.813724517822266,18.872549057006836,19.0,17598978
2025-04-10,19.58428192138672,20.1862735748291,21.313724517822266,20.0,20.58823585510254,15916794
2025-04-11,20.335695266723633,20.960784912109375,21.343137741088867,20.156862258911133,20.323528289794922,10428072
2025-04-14,20.392763137817383,21.019607543945312,21.333332061767578,20.715686798095703,21.333332061767578,6282588
2025-04-15,21.686336517333984,22.352941513061523,22.352941513061523,20.882352828979492,20.882352828979492,19828188
2025-04-16,20.297645568847656,20.921567916870117,22.156862258911133,20.882352828979492,22.156862258911133,20305548
2025-04-17,19.67939567565918,20.284313201904297,20.754901885986328,19.715686798095703,20.754901885986328,8820552
2025-04-22,19.165771484375,19.754901885986328,20.009803771972656,19.431371688842773,19.764705657958984,9080448
2025-04-23,19.375028610229492,19.97058868408203,20.47058868408203,19.794116973876953,19.94117546081543,11330364
2025-04-24,19.118213653564453,19.705881118774414,19.960784912109375,19.235294342041016,19.813724517822266,10242024
2025-04-25,19.118213653564453,19.705881118774414,20.0,19.450979232788086,19.745098114013672,6849504
2025-04-28,18.966032028198242,19.54901885986328,19.89215660095215,19.372549057006836,19.754901885986328,5353878
2025-04-29,18.975542068481445,19.558822631835938,19.66666603088379,19.39215660095215,19.509803771972656,6798810
2025-04-30,18.928518295288086,19.450979232788086,19.60784339904785,19.16666603088379,19.5,6644382
2025-05-02,19.0811710357666,19.60784339904785,19.77450942993164,19.22549057006836,19.421567916870117,8233950
2025-05-05,19.043004989624023,19.568626403808594,19.754901885986328,19.490196228027344,19.656862258911133,5817672
2025-05-06,18.55643653869629,19.068626403808594,19.754901885986328,18.833332061767578,19.63725471496582,8083908
2025-05-07,15.818289756774902,16.254901885986328,17.921567916870117,16.22549057006836,17.54901885986328,25396878
2025-05-08,15.56069278717041,15.990196228027344,17.284313201904297,15.745098114013672,16.47058868408203,48284352
2025-05-09,14.7879056930542,15.196078300476074,16.13725471496582,14.84313678741455,16.127450942993164,31111428
2025-05-12,15.32217788696289,15.745098114013672,15.745098114013672,14.931371688842773,15.235294342041016,12286104
2025-05-13,15.455744743347168,15.882351875305176,16.176469802856445,15.666666030883789,15.696078300476074,10570464
2025-05-14,14.482605934143066,14.882351875305176,15.892155647277832,14.656862258911133,15.882351875305176,17761362
2025-05-15,14.59709358215332,15.0,15.225489616394043,14.70588207244873,14.852940559387207,13467978
2025-05-16,14.520768165588379,14.921567916870117,15.156862258911133,14.715685844421387,14.921567916870117,16989630
2025-05-19,14.120062828063965,14.50980281829834,14.921567916870117,14.215685844421387,14.921567916870117,15661080
2025-05-20,14.167766571044922,14.558822631835938,14.558822631835938,14.0,14.5,11044662
2025-05-21,13.585790634155273,13.960783958435059,14.598038673400879,13.784313201904297,14.549018859863281,13497558
2025-05-22,13.78614330291748,14.166666030883789,14.598038673400879,13.911764144897461,13.931371688842773,13166568
2025-05-23,13.9960355758667,14.382351875305176,14.382351875305176,13.872549057006836,14.029411315917969,8809230
2025-05-26,13.891090393066406,14.27450942993164,14.588234901428223,14.196078300476074,14.50980281829834,5247696
2025-05-27,14.310874938964844,14.70588207244873,14.754900932312012,14.284313201904297,14.30392074584961,20737416
2025-05-28,14.26317310333252,14.656862258911133,15.019606590270996,14.558822631835938,14.852940559387207,16370592
2025-05-29,14.158226013183594,14.549018859863281,14.656862258911133,14.36274528503418,14.637253761291504,16445970
2025-05-30,14.167766571044922,14.558822631835938,14.676469802856445,14.166666030883789,14.64705753326416,48258138
2025-06-02,13.709819793701172,14.088234901428223,14.745098114013672,14.078431129455566,14.696078300476074,8934690
2025-06-03,13.519006729125977,13.892155647277832,14.27450942993164,13.637253761291504,14.137253761291504,9034650
2025-06-04,13.843387603759766,14.225489616394043,14.392155647277832,13.725489616394043,14.00980281829834,24885144
2025-06-05,14.272712707519531,14.666666030883789,14.892155647277832,14.245098114013672,14.245098114013672,12206544
2025-06-06,14.453984260559082,14.852940559387207,15.225489616394043,14.70588207244873,14.735294342041016,13774488
2025-06-09,14.034198760986328,14.421567916870117,14.813725471496582,14.137253761291504,14.549018859863281,12721440
2025-06-10,14.081901550292969,14.470587730407715,14.901960372924805,14.019606590270996,14.421567916870117,12709098
2025-06-11,13.681197166442871,14.058822631835938,14.392155647277832,14.019606590270996,14.36274528503418,8464878
2025-06-12,13.948334693908691,14.333333015441895,14.490196228027344,13.86274528503418,14.049018859863281,8855028
2025-06-13,13.242330551147461,13.607843399047852,14.245098114013672,13.607843399047852,14.215685844421387,8312898
2025-06-16,13.423601150512695,13.794116973876953,14.098038673400879,13.64705753326416,13.725489616394043,6366840
2025-06-17,13.461764335632324,13.833333015441895,14.049018859863281,13.656862258911133,13.882351875305176,16098150
2025-06-18,13.662116050720215,14.039215087890625,14.36274528503418,13.823529243469238,14.225489616394043,25939212
2025-06-20,13.356816291809082,13.725489616394043,14.27450942993164,13.725489616394043,13.960783958435059,16705254
2025-06-23,13.843387603759766,14.225489616394043,14.294116973876953,13.5,13.70588207244873,8473140
2025-06-24,14.320416450500488,14.715685844421387,14.872549057006836,14.225489616394043,14.313725471496582,9443976
2025-06-25,14.7879056930542,15.196078300476074,15.470587730407715,14.421567916870117,14.578431129455566,20136738
2025-06-26,14.539850234985352,14.941176414489746,15.64705753326416,14.921567916870117,15.34313678741455,16905990
2025-06-27,14.301335334777832,14.696078300476074,15.019606590270996,14.686273574829102,14.833333015441895,11592198
2025-06-30,14.425363540649414,14.823529243469238,15.0,14.64705753326416,14.754900932312012,10035372
2025-07-01,14.492145538330078,14.892155647277832,14.990196228027344,14.549018859863281,14.882351875305176,7734456
2025-07-02,14.425363540649414,14.823529243469238,15.078431129455566,14.70588207244873,14.872549057006836,19794426
2025-07-03,14.520768165588379,14.921567916870117,15.127449989318848,14.754900932312012,14.872549057006836,8337378
2025-07-04,14.671260833740234,15.0,15.058822631835938,14.666666030883789,14.882351875305176,5260344
2025-07-07,14.153450012207031,14.470587730407715,15.107843399047852,14.411764144897461,14.852940559387207,14182692
2025-07-08,13.616462707519531,13.921567916870117,14.794116973876953,13.70588207244873,14.754900932312012,14818662
2025-07-09,13.2424898147583,13.539215087890625,14.166666030883789,13.382351875305176,13.921567916870117,16921596
2025-07-10,13.367147445678711,13.666666030883789,13.872549057006836,13.235294342041016,13.421567916870117,22784454
2025-07-11,13.20413589477539,13.5,13.666666030883789,13.372549057006836,13.666666030883789,9707442
2025-07-14,13.069887161254883,13.36274528503418,13.676469802856445,13.254900932312012,13.470587730407715,6304416
2025-07-15,12.810982704162598,13.098038673400879,13.50980281829834,13.098038673400879,13.372549057006836,7158156
2025-07-16,13.232901573181152,13.529411315917969,13.578431129455566,12.970587730407715,13.166666030883789,9358398
2025-07-17,13.434271812438965,13.735294342041016,13.833333015441895,13.313725471496582,13.529411315917969,11427162
2025-07-18,12.973997116088867,13.264704704284668,13.666666030883789,13.264704704284668,13.529411315917969,9095442
2025-07-21,13.434271812438965,13.735294342041016,13.80392074584961,13.34313678741455,13.431371688842773,9142260
2025-07-22,13.463038444519043,13.764704704284668,14.039215087890625,13.588234901428223,13.676469802856445,8778834
2025-07-23,13.587696075439453,13.892155647277832,13.980392456054688,13.578431129455566,13.725489616394043,6505560
2025-07-24,13.645230293273926,13.950980186462402,14.019606590270996,13.745098114013672,13.852940559387207,7480884
2025-07-25,13.463038444519043,13.764704704284668,14.098038673400879,13.676469802856445,14.049018859863281,4697610
2025-07-28,13.223310470581055,13.519606590270996,13.921567916870117,13.421567916870117,13.764704704284668,3344682
2025-07-29,13.280845642089844,13.578431129455566,13.676469802856445,13.441176414489746,13.480392456054688,4476678
2025-07-30,12.993175506591797,13.284313201904297,13.676469802856445,13.107843399047852,13.558822631835938,8442846
2025-07-31,12.916462898254395,13.20588207244873,13.313725471496582,12.813725471496582,13.14705753326416,8129502
2025-08-01,13.137009620666504,13.431371688842773,13.480392456054688,13.254900932312012,13.30392074584961,6726798
2025-08-04,14.258929252624512,14.578431129455566,14.656862258911133,13.607843399047852,13.725489616394043,16595808
2025-08-05,14.383587837219238,14.70588207244873,14.931371688842773,14.323529243469238,14.715685844421387,16918638
2025-08-06,17.068525314331055,17.450979232788086,17.715686798095703,16.176469802856445,16.176469802856445,53127210
2025-08-07,16.87674331665039,17.254901885986328,17.627450942993164,16.931371688842773,17.264705657958984,29952504
2025-08-08,16.92469024658203,17.30392074584961,17.460784912109375,16.94117546081543,17.04901885986328,15293574
2025-08-11,16.66578483581543,17.039215087890625,17.47058868408203,16.921567916870117,17.13725471496582,9708156
2025-08-12,16.867155075073242,17.245098114013672,17.382352828979492,17.10784339904785,17.245098114013672,7936416
2025-08-13,16.800029754638672,17.176469802856445,17.36274528503418,17.117647171020508,17.245098114013672,13093434
2025-08-14,16.857566833496094,17.235294342041016,17.36274528503418,16.89215660095215,16.980392456054688,6553296
2025-08-15,16.75208854675293,17.127450942993164,17.52941131591797,16.80392074584961,17.343137741088867,7836864
2025-08-18,16.732908248901367,17.10784339904785,17.401960372924805,17.058822631835938,17.16666603088379,3937506
2025-08-19,16.63701820373535,17.009803771972656,17.16666603088379,16.735294342041016,16.960784912109375,11204598
2025-08-20,17.16441535949707,17.54901885986328,17.647058486938477,17.009803771972656,17.10784339904785,12649632
2025-08-21,17.509620666503906,17.901960372924805,18.019607543945312,17.450979232788086,17.450979232788086,15434844
2025-08-22,17.902774810791016,18.30392074584961,18.54901885986328,17.676469802856445,17.921567916870117,8743236
2025-08-25,17.365785598754883,17.754901885986328,18.490196228027344,17.754901885986328,18.39215660095215,7849614
2025-08-26,17.3561954498291,17.745098114013672,18.0,17.450979232788086,17.735294342041016,10135536
2025-08-27,17.854827880859375,18.254901885986328,18.254901885986328,17.823528289794922,17.931371688842773,12232044
2025-08-28,18.07537841796875,18.480392456054688,18.60784339904785,18.068626403808594,18.333332061767578,6744954
2025-08-29,16.82879638671875,17.205881118774414,18.784313201904297,17.205881118774414,18.372549057006836,16696380
2025-09-01,16.92469024658203,17.30392074584961,17.313724517822266,16.519607543945312,17.156862258911133,19780962
2025-09-02,16.675371170043945,17.04901885986328,17.450979232788086,16.823528289794922,16.901960372924805,25957980
2025-09-03,16.35893440246582,16.72549057006836,16.980392456054688,16.54901885986328,16.960784912109375,9172350
2025-09-04,16.71373176574707,17.08823585510254,17.098039627075195,16.676469802856445,16.696077346801758,5137842
2025-09-05,16.63701820373535,17.009803771972656,17.598039627075195,16.813724517822266,17.156862258911133,8801886
2025-09-08,16.330167770385742,16.696077346801758,17.205881118774414,16.401960372924805,17.098039627075195,11670330
2025-09-09,16.541128158569336,16.91176414489746,17.0,16.647058486938477,16.80392074584961,10182252
2025-09-10,16.723318099975586,17.098039627075195,17.22549057006836,16.80392074584961,16.80392074584961,4949346
2025-09-11,16.838390350341797,17.215686798095703,17.450979232788086,16.882352828979492,17.254901885986328,6915294
2025-09-12,17.317840576171875,17.705881118774414,17.882352828979492,16.960784912109375,16.960784912109375,10916040
2025-09-15,16.63701820373535,17.009803771972656,17.60784339904785,16.931371688842773,17.58823585510254,12516828
2025-09-16,16.771263122558594,17.147058486938477,17.156862258911133,16.980392456054688,17.13725471496582,10364220
2025-09-17,17.787702560424805,18.1862735748291,18.36274528503418,17.098039627075195,17.156862258911133,16790526
2025-09-18,17.39455223083496,17.784313201904297,18.460784912109375,17.72549057006836,18.039215087890625,8083704
2025-09-19,17.375375747680664,17.764705657958984,17.921567916870117,17.36274528503418,17.833332061767578,11603520
2025-09-22,16.88633155822754,17.264705657958984,17.676469802856445,17.098039627075195,17.647058486938477,8176728
2025-09-23,17.547977447509766,17.94117546081543,18.156862258911133,17.156862258911133,17.205881118774414,7543002
2025-09-24,17.52880096435547,17.921567916870117,18.10784339904785,17.715686798095703,17.97058868408203,7855428
2025-09-25,16.90550994873047,17.284313201904297,17.813724517822266,17.27450942993164,17.813724517822266,5779830
2025-09-26,17.058935165405273,17.44117546081543,17.57843017578125,17.284313201904297,17.5,6985470
2025-09-29,17.3561954498291,17.745098114013672,17.745098114013672,17.333332061767578,17.647058486938477,16047456
2025-09-30,17.66304588317871,18.058822631835938,18.431371688842773,17.539215087890625,17.91176414489746,11539158
2025-10-01,17.49044418334961,17.882352828979492,18.235294342041016,17.63725471496582,18.1862735748291,6745158
2025-10-02,17.279483795166016,17.66666603088379,17.843137741088867,17.323528289794922,17.833332061767578,5618568
2025-10-03,18.05620002746582,18.460784912109375,18.47058868408203,17.54901885986328,17.54901885986328,9688980
2025-10-06,18.029361724853516,18.352941513061523,18.647058486938477,18.147058486938477,18.294116973876953,9053622
2025-10-07,17.7982177734375,18.117647171020508,18.44117546081543,17.852941513061523,18.39215660095215,8076666
2025-10-08,18.308664321899414,18.63725471496582,18.86274528503418,18.07843017578125,18.07843017578125,18095718
2025-10-09,18.193090438842773,18.519607543945312,19.313724517822266,18.27450942993164,18.63725471496582,19391934
2025-10-10,17.98120880126953,18.30392074584961,18.705881118774414,18.235294342041016,18.52941131591797,6950586
2025-10-13,17.961944580078125,18.284313201904297,18.52941131591797,18.215686798095703,18.450979232788086,3496152
2025-10-14,18.048625946044922,18.372549057006836,18.558822631835938,18.07843017578125,18.22549057006836,12656874
2025-10-15,18.867265701293945,19.205881118774414,19.490196228027344,18.382352828979492,18.382352828979492,29196684
2025-10-16,18.809478759765625,19.147058486938477,19.27450942993164,18.80392074584961,18.990196228027344,7624602
2025-10-17,18.857633590698242,19.196077346801758,19.264705657958984,18.813724517822266,18.97058868408203,6162738
2025-10-20,18.75169563293457,19.08823585510254,19.372549057006836,18.852941513061523,19.323528289794922,6372450
2025-10-21,18.857633590698242,19.196077346801758,19.44117546081543,19.009803771972656,19.068626403808594,3843972
2025-10-22,18.732431411743164,19.068626403808594,19.176469802856445,18.872549057006836,19.10784339904785,4976172
2025-10-23,18.67464256286621,19.009803771972656,19.30392074584961,18.813724517822266,19.147058486938477,4502994
2025-10-24,18.857633590698242,19.196077346801758,19.313724517822266,19.019607543945312,19.10784339904785,4783494
2025-10-27,19.069517135620117,19.41176414489746,19.715686798095703,19.36274528503418,19.60784339904785,7520358
2025-10-28,18.713167190551758,19.04901885986328,19.490196228027344,18.990196228027344,19.490196228027344,5663958
2025-10-29,18.97320556640625,19.313724517822266,19.558822631835938,19.019607543945312,19.068626403808594,11759886
2025-10-30,19.12730598449707,19.47058868408203,19.617647171020508,18.990196228027344,19.215686798095703,8171016
2025-10-31,19.26214027404785,19.60784339904785,19.872549057006836,19.431371688842773,19.60784339904785,8737728
2025-11-03,19.09840965270996,19.44117546081543,20.147058486938477,19.284313201904297,20.02941131591797,8139294
2025-11-04,18.761323928833008,19.098039627075195,19.480392456054688,19.07843017578125,19.39215660095215,11942670
2025-11-05,19.45475959777832,19.80392074584961,20.323528289794922,18.0,19.098039627075195,26667288
2025-11-06,20.186721801757812,20.54901885986328,20.568626403808594,19.617647171020508,19.852941513061523,11476122
2025-11-07,20.70680046081543,21.07843017578125,21.07843017578125,20.490196228027344,20.490196228027344,10038330
2025-11-10,21.303924560546875,21.6862735748291,21.764705657958984,21.127450942993164,21.235294342041016,12910344
2025-11-11,22.055147171020508,22.450979232788086,22.450979232788086,21.58823585510254,21.77450942993164,15429540
2025-11-12,22.006994247436523,22.401960372924805,22.460784912109375,22.039215087890625,22.27450942993164,14792550
2025-11-13,21.843265533447266,22.235294342041016,22.52941131591797,21.901960372924805,22.39215660095215,6876738
2025-11-14,22.016624450683594,22.41176414489746,22.647058486938477,22.13725471496582,22.205881118774414,4731678
2025-11-17,22.257404327392578,22.656862258911133,22.735294342041016,22.27450942993164,22.352941513061523,9120534
2025-11-18,22.77747917175293,23.1862735748291,23.22549057006836,22.284313201904297,22.460784912109375,14728392
2025-11-19,22.344083786010742,22.745098114013672,23.490196228027344,22.558822631835938,23.343137741088867,17183838
2025-11-21,22.035886764526367,22.431371688842773,22.950979232788086,22.264705657958984,22.715686798095703,13355778
2025-11-24,22.344083786010742,22.745098114013672,22.745098114013672,22.215686798095703,22.382352828979492,19379796
2025-11-25,22.084043502807617,22.480392456054688,22.94117546081543,22.04901885986328,22.86274528503418,9651954
2025-11-26,22.710063934326172,23.117647171020508,23.215686798095703,22.47058868408203,22.539215087890625,12305892
2025-11-27,22.787109375,23.196077346801758,23.431371688842773,22.676469802856445,23.04901885986328,5096124
2025-11-28,23.124197006225586,23.539215087890625,23.539215087890625,23.08823585510254,23.08823585510254,10987134
2025-12-01,22.59449005126953,23.0,23.490196228027344,22.852941513061523,23.490196228027344,6854094
2025-12-02,23.413129806518555,23.833332061767578,23.833332061767578,23.04901885986328,23.04901885986328,9190506
2025-12-03,23.172353744506836,23.58823585510254,23.872549057006836,23.421567916870117,23.784313201904297,11867700
2025-12-04,23.19161605834961,23.60784339904785,24.07843017578125,23.235294342041016,23.94117546081543,12420744
2025-12-05,22.035886764526367,22.431371688842773,23.676469802856445,22.313724517822266,23.656862258911133,13802028
2025-12-08,22.608888626098633,22.852941513061523,23.127450942993164,22.343137741088867,22.764705657958984,11294460
2025-12-09,22.91926383972168,23.16666603088379,23.254901885986328,22.254901885986328,22.57843017578125,6801768
2025-12-10,23.181142807006836,23.431371688842773,23.58823585510254,22.89215660095215,23.245098114013672,5007792
2025-12-11,23.927982330322266,24.1862735748291,24.27450942993164,23.176469802856445,23.313724517822266,6647952
2025-12-12,24.248058319091797,24.509803771972656,24.558822631835938,24.068626403808594,24.196077346801758,6711294
2025-12-15,23.957082748413086,24.215686798095703,24.950979232788086,24.215686798095703,24.72549057006836,9703872
2025-12-16,22.773775100708008,23.019607543945312,23.784313201904297,22.89215660095215,23.647058486938477,12070374
2025-12-17,22.647686004638672,22.89215660095215,23.156862258911133,22.264705657958984,23.019607543945312,11764680
2025-12-18,22.376108169555664,22.617647171020508,23.068626403808594,22.57843017578125,22.72549057006836,8290356
2025-12-19,22.40520477294922,22.647058486938477,22.745098114013672,22.215686798095703,22.617647171020508,13813554
2025-12-22,22.608888626098633,22.852941513061523,22.901960372924805,22.539215087890625,22.539215087890625,4863972
2025-12-23,22.68512535095215,22.93000030517578,23.280000686645508,22.6299991607666,23.06999969482422,4317600
2025-12-26,22.7939510345459,23.040000915527344,23.200000762939453,22.760000228881836,22.829999923706055,2846500
2025-12-29,23.09074592590332,23.34000015258789,23.3799991607666,22.559999465942383,22.920000076293945,8437400
2025-12-30,23.19957160949707,23.450000762939453,23.600000381469727,23.200000762939453,23.489999771118164,4316100
2026-01-02,23.437007904052734,23.690000534057617,24.100000381469727,23.649999618530273,23.790000915527344,6571500
2026-01-05,23.99102783203125,24.25,24.530000686645508,23.639999389648438,23.68000030517578,6024000
2026-01-06,24.386756896972656,24.649999618530273,24.860000610351562,24.25,24.440000534057617,6771800
2026-01-07,23.921775817871094,24.18000030517578,24.739999771118164,23.770000457763672,24.540000915527344,7982100
2026-01-08,24.04049301147461,24.299999237060547,24.780000686645508,24.1299991607666,24.149999618530273,7115000
2026-01-09,23.704124450683594,23.959999084472656,24.389999389648438,23.780000686645508,24.239999771118164,9492000
2026-01-12,23.466686248779297,23.719999313354492,24.06999969482422,23.469999313354492,23.969999313354492,7813100
2026-01-13,23.40732765197754,23.65999984741211,23.780000686645508,23.389999389648438,23.56999969482422,8482000
2026-01-14,24.04049301147461,24.299999237060547,24.639999389648438,23.700000762939453,23.75,9278800
2026-01-15,24.485689163208008,24.75,24.799999237060547,23.979999542236328,24.450000762939453,7322800
2026-01-16,24.831951141357422,25.100000381469727,25.270000457763672,24.440000534057617,24.6299991607666,7950400
2026-01-19,24.337291717529297,24.600000381469727,25.190000534057617,24.510000228881836,25.190000534057617,3747500
2026-01-20,24.693445205688477,24.959999084472656,25.0,24.25,24.399999618530273,7446000
2026-01-21,25.366182327270508,25.639999389648438,26.149999618530273,25.020000457763672,25.299999237060547,9798600
2026-01-22,24.386756896972656,24.649999618530273,26.25,24.649999618530273,25.770000457763672,22124200
2026-01-23,24.485689163208008,24.75,24.969999313354492,24.399999618530273,24.799999237060547,12411700
2026-01-26,24.21857261657715,24.479999542236328,25.049999237060547,24.270000457763672,24.989999771118164,8389600
2026-01-27,24.653873443603516,24.920000076293945,25.09000015258789,24.549999237060547,24.790000915527344,8786800
2026-01-28,24.5252628326416,24.790000915527344,25.09000015258789,24.34000015258789,24.950000762939453,12580300
2026-01-29,24.21857261657715,24.479999542236328,24.93000030517578,24.079999923706055,24.899999618530273,7725800
2026-01-30,24.238357543945312,24.5,24.520000457763672,23.959999084472656,24.450000762939453,9851700
2026-02-02,24.930883407592773,25.200000762939453,25.200000762939453,24.389999389648438,24.700000762939453,9895800
2026-02-03,26.42475700378418,26.709999084472656,26.709999084472656,25.200000762939453,25.280000686645508,22407600
2026-02-04,25.31671905517578,25.59000015258789,26.68000030517578,24.959999084472656,26.68000030517578,8117200
2026-02-05,25.989456176757812,26.270000457763672,26.780000686645508,25.670000076293945,25.790000915527344,11133600
2026-02-06,26.365398406982422,26.649999618530273,26.760000228881836,25.8700008392334,26.420000076293945,9654100
2026-02-09,26.355504989624023,26.639999389648438,27.18000030517578,26.059999465942383,26.790000915527344,11492400
2026-02-10,26.414865493774414,26.700000762939453,26.920000076293945,26.43000030517578,26.84000015258789,10448300
2026-02-11,26.711660385131836,27.0,27.420000076293945,26.6299991607666,26.899999618530273,9091200
2026-02-12,26.16753387451172,26.450000762939453,26.780000686645508,25.809999465942383,26.780000686645508,13111400
2026-02-13,25.672874450683594,25.950000762939453,26.559999465942383,25.520000457763672,25.709999084472656,10637100
2026-02-18,25.6431941986084,25.920000076293945,25.969999313354492,25.540000915527344,25.770000457763672,7198000
2026-02-19,26.127960205078125,26.40999984741211,27.030000686645508,25.729999542236328,26.079999923706055,6710800
2026-02-20,26.207107543945312,26.489999771118164,26.649999618530273,25.860000610351562,26.139999389648438,8339300
2026-02-23,25.722339630126953,26.0,26.309999465942383,25.739999771118164,26.09000015258789,4990600
2026-02-24,25.672874450683594,25.950000762939453,26.209999084472656,25.450000762939453,26.190000534057617,8357400
2026-02-25,25.168319702148438,25.440000534057617,26.31999969482422,25.260000228881836,26.020000457763672,6653900
2026-02-26,25.37607765197754,25.649999618530273,25.8799991607666,25.260000228881836,25.770000457763672,8646800
2026-02-27,24.812164306640625,25.079999923706055,25.940000534057617,24.940000534057617,25.399999618530273,8890400
2026-03-02,24.21857261657715,24.479999542236328,24.940000534057617,24.190000534057617,24.75,7881600
2026-03-03,23.67444610595703,23.93000030517578,24.40999984741211,23.399999618530273,23.81999969482422,12938200
2026-03-04,24.268037796020508,24.530000686645508,25.360000610351562,24.139999389648438,25.25,18365500
2026-03-05,23.73380470275879,23.989999771118164,24.799999237060547,23.600000381469727,24.229999542236328,14306500
2026-03-06,23.476581573486328,23.729999542236328,24.0,23.510000228881836,23.610000610351562,11683300
2026-03-09,23.40732765197754,23.65999984741211,24.139999389648438,23.049999237060547,23.6200008392334,10056700
2026-03-10,23.486474990844727,23.739999771118164,24.280000686645508,23.469999313354492,23.950000762939453,6495100
2026-03-11,23.694232940673828,23.950000762939453,23.959999084472656,23.280000686645508,23.3700008392334,6873300
2026-03-12,23.397436141967773,23.649999618530273,23.899999618530273,23.110000610351562,23.780000686645508,15708300
2026-03-13,23.328182220458984,23.579999923706055,24.170000076293945,23.399999618530273,23.8799991607666,16113600
2026-03-16,23.110532760620117,23.360000610351562,24.09000015258789,23.280000686645508,24.09000015258789,7768100
2026-03-17,23.169891357421875,23.420000076293945,23.739999771118164,23.079999923706055,23.290000915527344,8937700
2026-03-18,22.93245506286621,23.18000030517578,23.799999237060547,23.100000381469727,23.299999237060547,5836900
2026-03-19,22.863203048706055,23.110000610351562,23.329999923706055,22.3799991607666,22.600000381469727,13953600
2026-03-20,22.23992919921875,22.479999542236328,23.209999084472656,22.40999984741211,23.209999084472656,12374000
2026-03-23,23.031387329101562,23.280000686645508,23.420000076293945,22.709999084472656,23.049999237060547,12958300
2026-03-24,23.29850196838379,23.549999237060547,23.639999389648438,22.770000457763672,23.110000610351562,16606500
2026-03-25,24.19878578186035,24.459999084472656,24.600000381469727,23.899999618530273,24.020000457763672,9662700
2026-03-26,23.506261825561523,23.760000228881836,24.40999984741211,23.579999923706055,24.100000381469727,6141600
2026-03-27,23.051172256469727,23.299999237060547,23.65999984741211,23.100000381469727,23.549999237060547,4994500
2026-03-30,23.04128074645996,23.290000915527344,23.700000762939453,23.190000534057617,23.649999618530273,5344100
2026-03-31,23.278717041015625,23.530000686645508,23.959999084472656,22.899999618530273,23.75,12401600
2026-04-01,22.51694107055664,22.760000228881836,23.84000015258789,22.6200008392334,23.639999389648438,10836800
2026-04-02,21.62655258178711,21.860000610351562,22.5,21.59000015258789,22.1299991607666,15510800
2026-04-06,21.62655258178711,21.860000610351562,22.020000457763672,21.360000610351562,21.899999618530273,11642400
2026-04-07,22.129140853881836,22.280000686645508,22.31999969482422,21.31999969482422,21.81999969482422,14851600
2026-04-08,23.26142120361328,23.420000076293945,23.540000915527344,22.700000762939453,22.950000762939453,16798200
2026-04-09,23.31108283996582,23.469999313354492,23.979999542236328,23.25,23.5,9203400
2026-04-10,23.65871238708496,23.81999969482422,23.969999313354492,23.510000228881836,23.75,10347000
2026-04-13,23.728239059448242,23.889999389648438,23.950000762939453,23.399999618530273,23.639999389648438,8674800
2026-04-14,24.026206970214844,24.190000534057617,24.420000076293945,23.799999237060547,23.969999313354492,13402800
2026-04-15,23.89708709716797,24.059999465942383,24.209999084472656,23.700000762939453,24.190000534057617,9143900
2026-04-16,23.092571258544922,23.25,24.549999237060547,23.219999313354492,24.239999771118164,6778600
2026-04-17,22.98331642150879,23.139999389648438,24.389999389648438,23.139999389648438,24.09000015258789,11090600
2026-04-20,23.201828002929688,23.360000610351562,23.5,22.770000457763672,23.020000457763672,7744000
2026-04-22,22.556228637695312,22.709999084472656,23.350000381469727,22.5,23.350000381469727,6718900
2026-04-23,21.900697708129883,22.049999237060547,22.790000915527344,21.8799991607666,22.780000686645508,8938100
2026-04-24,22.367515563964844,22.520000457763672,22.600000381469727,21.90999984741211,22.049999237060547,4365500
2026-04-27,22.27812385559082,22.43000030517578,22.709999084472656,22.3799991607666,22.389999389648438,6424700
2026-04-28,21.900697708129883,22.049999237060547,22.219999313354492,21.719999313354492,22.209999084472656,4910500
2026-04-29,21.304759979248047,21.450000762939453,22.040000915527344,21.31999969482422,21.8799991607666,7415000
2026-04-30,21.79144287109375,21.940000534057617,22.06999969482422,21.469999313354492,21.639999389648438,7524000
2026-05-04,21.354421615600586,21.5,21.979999542236328,21.229999542236328,21.979999542236328,6932000
2026-05-05,22.01988410949707,22.170000076293945,22.280000686645508,21.360000610351562,21.3700008392334,8055100
2026-05-06,21.612661361694336,21.760000228881836,22.469999313354492,21.540000915527344,22.3799991607666,12814700
2026-05-07,20.857807159423828,21.0,21.6299991607666,20.84000015258789,21.399999618530273,13334900
2026-05-08,20.82801055908203,20.969999313354492,21.5,20.84000015258789,21.270000457763672,13090800
2026-05-11,20.45058250427246,20.59000015258789,21.190000534057617,20.290000915527344,20.670000076293945,19516200
2026-05-12,20.31153106689453,20.450000762939453,20.809999465942383,20.3799991607666,20.5,10096300
2026-05-13,19.3580322265625,19.489999771118164,20.510000228881836,19.420000076293945,20.420000076293945,18379300
2026-05-14,19.507015228271484,19.639999389648438,19.829999923706055,19.280000686645508,19.549999237060547,10729900
2026-05-15,19.457353591918945,19.59000015258789,20.0,19.209999084472656,19.239999771118164,9907300
2026-05-18,18.990537643432617,19.1200008392334,19.56999969482422,18.90999984741211,19.510000228881836,11471300
2026-05-19,18.404531478881836,18.530000686645508,19.110000610351562,18.469999313354492,18.709999084472656,14481000
2026-05-20,19.000469207763672,19.1299991607666,19.329999923706055,18.549999237060547,18.649999618530273,12899300
2026-05-21,18.523719787597656,18.649999618530273,18.920000076293945,18.510000228881836,18.8700008392334,8778000
2026-05-22,18.06683349609375,18.190000534057617,18.510000228881836,18.059999465942383,18.420000076293945,9174200
2026-05-25,18.354869842529297,18.479999542236328,18.489999771118164,18.18000030517578,18.3799991607666,5717200
2026-05-26,17.888051986694336,18.010000228881836,18.540000915527344,17.81999969482422,18.510000228881836,6255900
2026-05-27,18.37473487854004,18.5,18.6299991607666,18.030000686645508,18.299999237060547,14429400
2026-05-28,18.821687698364258,18.950000762939453,19.43000030517578,18.469999313354492,18.549999237060547,22733700
2026-05-29,18.563447952270508,18.690000534057617,19.010000228881836,18.690000534057617,18.8700008392334,23348500
2026-06-01,17.73906898498535,17.860000610351562,18.690000534057617,17.770000457763672,18.6299991607666,20310700
2026-06-02,17.97744369506836,18.100000381469727,18.15999984741211,17.700000762939453,17.90999984741211,14974500
2026-06-03,17.391437530517578,17.510000228881836,17.979999542236328,17.290000915527344,17.950000762939453,13418500
2026-06-05,17.34177589416504,17.459999084472656,17.719999313354492,17.229999542236328,17.43000030517578,11759600
2026-06-08,17.71920394897461,17.84000015258789,18.010000228881836,17.299999237060547,17.350000381469727,15593700
2026-06-09,17.97744369506836,18.100000381469727,18.329999923706055,17.93000030517578,18.0,12081200
2026-06-10,17.639745712280273,17.760000228881836,18.219999313354492,17.760000228881836,17.989999771118164,11566500
2026-06-11,17.500694274902344,17.6200008392334,17.8799991607666,17.260000228881836,17.850000381469727,11837600
2026-06-12,17.34177589416504,17.459999084472656,18.040000915527344,17.350000381469727,17.350000381469727,7426800
2026-06-15,17.172927856445312,17.290000915527344,18.0,17.290000915527344,17.969999313354492,8523000
2026-06-16,17.55035400390625,17.670000076293945,17.770000457763672,17.200000762939453,17.229999542236328,9268100
2026-06-17,17.391437530517578,17.510000228881836,18.110000610351562,17.510000228881836,17.75,8302500
2026-06-18,16.437938690185547,16.549999237060547,17.600000381469727,16.459999084472656,17.440000534057617,9574200
2026-06-19,16.139968872070312,16.25,16.709999084472656,16.219999313354492,16.559999465942383,10987600
2026-06-22,16.676313400268555,16.790000915527344,16.899999618530273,16.209999084472656,16.350000381469727,12577800
2026-06-23,16.884891510009766,17.0,17.040000915527344,16.6299991607666,16.65999984741211,7415800
2026-06-24,16.9643497467041,17.079999923706055,17.329999923706055,16.700000762939453,16.850000381469727,12169300
2026-06-25,17.083538055419922,17.200000762939453,17.520000457763672,17.149999618530273,17.209999084472656,5216000
2026-06-26,17.232521057128906,17.350000381469727,17.520000457763672,17.059999465942383,17.229999542236328,12317100
2026-06-29,17.043807983398438,17.15999984741211,17.5,17.010000228881836,17.360000610351562,5000400
2026-06-30,16.696178436279297,16.809999465942383,16.950000762939453,16.34000015258789,16.889999389648438,12879700
2026-07-01,16.586923599243164,16.700000762939453,17.049999237060547,16.559999465942383,16.850000381469727,5933900
2026-07-02,16.765703201293945,16.8799991607666,17.030000686645508,16.6299991607666,16.969999313354492,10661500
2026-07-03,16.954418182373047,17.06999969482422,17.309999465942383,17.040000915527344,17.06999969482422,4006200
2026-07-06,17.440000534057617,17.440000534057617,17.469999313354492,16.709999084472656,16.760000228881836,9817100
2026-07-07,17.600000381469727,17.600000381469727,17.770000457763672,17.360000610351562,17.5,13763300
2026-07-08,17.31999969482422,17.31999969482422,17.75,17.209999084472656,17.469999313354492,12036400
2026-07-09,18.1299991607666,18.1299991607666,18.149999618530273,17.290000915527344,17.450000762939453,11654600
2026-07-10,18.770000457763672,18.770000457763672,19.0,18.3799991607666,18.639999389648438,15285200
2026-07-13,18.200000762939453,18.200000762939453,18.8700008392334,18.18000030517578,18.75,16397200
2026-07-14,18.600000381469727,18.600000381469727,18.670000076293945,18.200000762939453,18.309999465942383,10489800
2026-07-15,18.670000076293945,18.670000076293945,18.770000457763672,18.389999389648438,18.600000381469727,7697100
2026-07-16,18.520000457763672,18.520000457763672,18.75,18.399999618530273,18.579999923706055,5669400
2026-07-17,18.549999237060547,18.549999237060547,18.59000015258789,18.139999389648438,18.399999618530273,9347700
2026-07-20,18.690000534057617,18.690000534057617,18.8799991607666,18.520000457763672,18.56999969482422,11835200
2026-07-21,18.1299991607666,18.1299991607666,18.75,18.079999923706055,18.700000762939453,13563600
2026-07-22,18.290000915527344,18.290000915527344,18.479999542236328,17.979999542236328,18.260000228881836,5977700
2026-07-23,18.190000534057617,18.190000534057617,18.65999984741211,18.079999923706055,18.149999618530273,6172100
2026-07-24,17.979999542236328,17.979999542236328,18.149999618530273,17.799999237060547,18.110000610351562,5050300
2026-07-27,18.170000076293945,18.170000076293945,18.299999237060547,17.700000762939453,18.100000381469727,5217300
2026-07-28,18.200000762939453,18.200000762939453,18.889999389648438,18.100000381469727,18.75,4755700
2026-07-29,17.860000610351562,17.860000610351562,18.260000228881836,17.700000762939453,18.239999771118164,2371000
