Date,Adj Close,Close,High,Low,Open,Volume
2021-07-29,14.892196655273438,20.524999618530273,20.735000610351562,20.385000228881836,20.719999313354492,4214200
2021-07-30,14.950240135192871,20.604999542236328,20.93000030517578,20.46500015258789,20.475000381469727,7316000
2021-08-02,15.040939331054688,20.729999542236328,21.114999771118164,20.709999084472656,20.71500015258789,4293200
2021-08-03,15.215071678161621,20.969999313354492,20.9950008392334,20.674999237060547,20.954999923706055,3595600
2021-08-04,15.09172248840332,20.799999237060547,21.079999923706055,20.700000762939453,20.815000534057617,5962000
2021-08-05,14.9937744140625,20.665000915527344,21.065000534057617,20.65999984741211,20.9950008392334,3685400
2021-08-06,15.186047554016113,20.93000030517578,21.084999084472656,20.68000030517578,20.739999771118164,3981000
2021-08-09,15.283998489379883,21.065000534057617,21.170000076293945,20.94499969482422,20.94499969482422,2913000
2021-08-10,14.874058723449707,20.5,21.09000015258789,20.5,21.014999389648438,8428000
2021-08-11,15.09172248840332,20.799999237060547,20.959999084472656,20.405000686645508,20.594999313354492,4101800
2021-08-12,15.077217102050781,20.780000686645508,20.950000762939453,20.655000686645508,20.68000030517578,3424400
2021-08-13,15.273113250732422,21.049999237060547,21.09000015258789,20.579999923706055,20.700000762939453,4187400
2021-08-16,15.418228149414062,21.25,21.350000381469727,20.825000762939453,21.049999237060547,7636800
2021-08-17,15.664921760559082,21.59000015258789,21.600000381469727,21.045000076293945,21.354999542236328,8489000
2021-08-18,15.675801277160645,21.604999542236328,22.045000076293945,21.360000610351562,21.56999969482422,9350800
2021-08-19,15.661290168762207,21.584999084472656,21.8700008392334,21.21500015258789,21.405000686645508,6086000
2021-08-20,16.03133201599121,22.094999313354492,22.145000457763672,21.389999389648438,21.4950008392334,4781000
2021-08-23,15.911605834960938,21.93000030517578,22.09000015258789,21.735000610351562,22.084999084472656,3809600
2021-08-24,15.795523643493652,21.770000457763672,22.049999237060547,21.729999542236328,22.03499984741211,3812400
2021-08-25,15.737475395202637,21.690000534057617,21.809999465942383,21.559999465942383,21.770000457763672,3968800
2021-08-26,15.650413513183594,21.56999969482422,21.75,21.399999618530273,21.684999465942383,5763200
2021-08-27,15.675801277160645,21.604999542236328,21.795000076293945,21.475000381469727,21.565000534057617,3529400
2021-08-30,15.73385238647461,21.684999465942383,21.690000534057617,21.440000534057617,21.549999237060547,3221600
2021-08-31,15.864446640014648,21.864999771118164,21.864999771118164,21.489999771118164,21.704999923706055,7071800
2021-09-01,15.679428100585938,21.610000610351562,22.024999618530273,21.610000610351562,21.854999542236328,6965800
2021-09-02,15.392827987670898,21.21500015258789,21.524999618530273,21.21500015258789,21.520000457763672,4649600
2021-09-03,15.269493103027344,21.045000076293945,21.329999923706055,21.0,21.329999923706055,6333800
2021-09-06,15.392827987670898,21.21500015258789,21.575000762939453,21.030000686645508,21.049999237060547,3337400
2021-09-08,14.90307903289795,20.540000915527344,21.209999084472656,20.540000915527344,21.18000030517578,5803400
2021-09-09,15.320277214050293,21.114999771118164,21.479999542236328,20.559999465942383,20.604999542236328,6510200
2021-09-10,15.316648483276367,21.110000610351562,21.475000381469727,20.735000610351562,21.184999465942383,7516400
2021-09-13,15.40009593963623,21.225000381469727,21.5,21.084999084472656,21.260000228881836,2960600
2021-09-14,15.523439407348633,21.395000457763672,21.639999389648438,21.229999542236328,21.229999542236328,4470600
2021-09-15,15.026427268981934,20.709999084472656,21.44499969482422,20.69499969482422,21.399999618530273,6742400
2021-09-16,15.05907917022705,20.7549991607666,20.825000762939453,20.389999389648438,20.545000076293945,6927800
2021-09-17,15.276745796203613,21.05500030517578,21.05500030517578,20.56999969482422,20.795000076293945,9282200
2021-09-20,15.178797721862793,20.920000076293945,21.049999237060547,20.6200008392334,21.040000915527344,5260000
2021-09-21,15.320277214050293,21.114999771118164,21.40999984741211,20.75,20.899999618530273,6106400
2021-09-22,15.781012535095215,21.75,21.895000457763672,21.014999389648438,21.149999618530273,5748600
2021-09-23,15.907987594604492,21.924999237060547,21.924999237060547,21.614999771118164,21.75,3565000
2021-09-24,15.646780967712402,21.565000534057617,21.84000015258789,21.53499984741211,21.729999542236328,3341400
2021-09-27,15.650413513183594,21.56999969482422,21.729999542236328,21.31999969482422,21.479999542236328,5308000
2021-09-28,15.291254997253418,21.075000762939453,21.485000610351562,20.9950008392334,21.415000915527344,4385600
2021-09-29,15.385578155517578,21.204999923706055,21.260000228881836,21.010000228881836,21.204999923706055,3536600
2021-09-30,15.552456855773926,21.434999465942383,21.434999465942383,21.014999389648438,21.040000915527344,6917800
2021-10-01,15.675850868225098,21.424999237060547,21.469999313354492,20.989999771118164,21.204999923706055,5955400
2021-10-04,15.55512809753418,21.260000228881836,21.559999465942383,21.1299991607666,21.375,4941800
2021-10-05,15.785597801208496,21.575000762939453,21.7450008392334,21.139999389648438,21.44499969482422,5213200
2021-10-06,15.664870262145996,21.40999984741211,21.690000534057617,21.239999771118164,21.55500030517578,3416400
2021-10-07,15.803886413574219,21.600000381469727,21.81999969482422,21.309999465942383,21.489999771118164,5624800
2021-10-08,16.462387084960938,22.5,22.610000610351562,21.639999389648438,21.709999084472656,7880000
2021-10-11,16.5684814453125,22.645000457763672,22.809999465942383,22.354999542236328,22.434999465942383,4869800
2021-10-13,16.82822036743164,23.0,23.1200008392334,22.600000381469727,22.600000381469727,6345400
2021-10-14,16.755050659179688,22.899999618530273,23.045000076293945,22.71500015258789,22.950000762939453,2646200
2021-10-15,16.890405654907227,23.084999084472656,23.295000076293945,22.905000686645508,22.975000381469727,8456800
2021-10-18,16.99284553527832,23.225000381469727,23.450000762939453,22.924999237060547,23.0,4443600
2021-10-19,16.7952880859375,22.954999923706055,23.149999618530273,22.81999969482422,22.975000381469727,7766600
2021-10-20,16.82822036743164,23.0,23.28499984741211,22.915000915527344,22.954999923706055,2559400
2021-10-21,16.5648193359375,22.639999389648438,22.969999313354492,22.450000762939453,22.55500030517578,6577800
2021-10-22,16.301416397094727,22.280000686645508,22.600000381469727,21.989999771118164,22.395000457763672,10348400
2021-10-25,16.418481826782227,22.440000534057617,22.614999771118164,22.315000534057617,22.440000534057617,4388000
2021-10-26,16.385560989379883,22.395000457763672,22.524999618530273,22.125,22.125,6308600
2021-10-27,16.312397003173828,22.295000076293945,22.674999237060547,22.204999923706055,22.399999618530273,5837000
2021-10-28,16.462387084960938,22.5,22.81999969482422,22.014999389648438,22.290000915527344,5106200
2021-10-29,16.652618408203125,22.760000228881836,22.889999389648438,22.5,22.5,4683200
2021-11-01,17.0330810546875,23.280000686645508,23.43000030517578,22.790000915527344,23.0,7142600
2021-11-03,18.15983772277832,24.81999969482422,24.844999313354492,23.239999771118164,23.274999618530273,10160000
2021-11-04,18.17447280883789,24.84000015258789,25.125,24.5,24.81999969482422,6973200
2021-11-05,18.404951095581055,25.155000686645508,25.2549991607666,24.68000030517578,24.844999313354492,7532000
2021-11-08,18.584203720092773,25.399999618530273,25.399999618530273,24.885000228881836,24.885000228881836,5102200
2021-11-09,18.2147159576416,24.895000457763672,25.389999389648438,24.825000762939453,25.389999389648438,9625800
2021-11-10,18.05740737915039,24.68000030517578,25.139999389648438,24.565000534057617,24.68000030517578,7598000
2021-11-11,18.002534866333008,24.604999542236328,25.024999618530273,24.524999618530273,24.69499969482422,5145400
2021-11-12,18.028141021728516,24.639999389648438,24.815000534057617,24.299999237060547,24.524999618530273,3278200
2021-11-16,18.108619689941406,24.75,24.75,24.375,24.399999618530273,3395400
2021-11-17,18.02082061767578,24.6299991607666,24.80500030517578,24.450000762939453,24.795000076293945,5309200
2021-11-18,18.15252113342285,24.809999465942383,24.969999313354492,24.530000686645508,24.59000015258789,3852800
2021-11-19,19.389026641845703,26.5,26.979999542236328,25.5,26.0049991607666,11106200
2021-11-22,18.99393653869629,25.959999084472656,27.059999465942383,25.915000915527344,26.9950008392334,8373400
2021-11-23,18.65737533569336,25.5,26.065000534057617,25.21500015258789,25.959999084472656,4758200
2021-11-24,18.57322883605957,25.385000228881836,25.540000915527344,25.200000762939453,25.260000228881836,5157400
2021-11-25,18.767118453979492,25.649999618530273,26.0,25.28499984741211,25.385000228881836,3410800
2021-11-26,18.598840713500977,25.420000076293945,25.600000381469727,25.125,25.450000762939453,5569600
2021-11-29,18.40860939025879,25.15999984741211,25.709999084472656,25.05500030517578,25.295000076293945,3630200
2021-11-30,18.39763641357422,25.145000457763672,25.235000610351562,24.75,25.100000381469727,11777000
2021-12-01,18.284223556518555,24.989999771118164,25.53499984741211,24.899999618530273,24.899999618530273,4572000
2021-12-02,18.37934112548828,25.1200008392334,25.655000686645508,25.049999237060547,25.235000610351562,4826800
2021-12-03,18.602495193481445,25.424999237060547,25.600000381469727,25.110000610351562,25.110000610351562,5010200
2021-12-06,18.328123092651367,25.049999237060547,25.510000228881836,25.049999237060547,25.354999542236328,3401400
2021-12-07,18.276905059814453,24.979999542236328,25.25,24.78499984741211,25.06999969482422,4695200
2021-12-08,17.954975128173828,24.540000915527344,24.9950008392334,24.165000915527344,24.790000915527344,5156000
2021-12-09,17.60377311706543,24.059999465942383,24.725000381469727,23.829999923706055,24.579999923706055,4194400
2021-12-10,17.962291717529297,24.549999237060547,24.6299991607666,24.0049991607666,24.104999542236328,3597000
2021-12-13,17.925704956054688,24.5,24.690000534057617,24.350000381469727,24.690000534057617,3858000
2021-12-14,17.88912582397461,24.450000762939453,24.81999969482422,24.235000610351562,24.764999389648438,4898600
2021-12-15,17.812299728393555,24.344999313354492,24.625,24.274999618530273,24.450000762939453,4249200
2021-12-16,17.9769229888916,24.56999969482422,24.594999313354492,24.21500015258789,24.594999313354492,4693400
2021-12-17,18.01716423034668,24.625,24.78499984741211,24.350000381469727,24.485000610351562,6521000
2021-12-20,17.943992614746094,24.524999618530273,24.6200008392334,24.235000610351562,24.389999389648438,2743000
2021-12-21,18.01716423034668,24.625,24.665000915527344,24.299999237060547,24.44499969482422,2587400
2021-12-22,18.247636795043945,24.940000534057617,24.940000534057617,24.454999923706055,24.565000534057617,3837600
2021-12-23,18.243982315063477,24.934999465942383,25.059999465942383,24.7450008392334,24.9950008392334,2764400
2021-12-27,18.134235382080078,24.78499984741211,25.209999084472656,24.78499984741211,25.149999618530273,2984600
2021-12-28,18.053152084350586,23.989999771118164,24.264999389648438,23.934999465942383,24.264999389648438,2120000
2021-12-29,18.162277221679688,24.135000228881836,24.299999237060547,23.959999084472656,24.135000228881836,1860400
2021-12-30,18.13217544555664,24.094999313354492,24.4950008392334,24.020000457763672,24.46500015258789,4785200
2022-01-03,17.98919677734375,23.905000686645508,24.395000457763672,23.719999313354492,24.084999084472656,3929200
2022-01-04,17.98919677734375,23.905000686645508,24.075000762939453,23.665000915527344,23.780000686645508,3172400
2022-01-05,17.966617584228516,23.875,24.299999237060547,23.559999465942383,23.770000457763672,4777600
2022-01-06,17.676898956298828,23.489999771118164,23.889999389648438,23.389999389648438,23.78499984741211,3487600
2022-01-07,17.55649185180664,23.329999923706055,23.559999465942383,23.209999084472656,23.530000686645508,3394000
2022-01-10,17.60916519165039,23.399999618530273,23.584999084472656,23.03499984741211,23.114999771118164,3715400
2022-01-11,17.522628784179688,23.28499984741211,23.475000381469727,23.170000076293945,23.219999313354492,5585800
2022-01-12,17.56777572631836,23.344999313354492,23.559999465942383,23.030000686645508,23.290000915527344,3462000
2022-01-13,17.69947052001953,23.520000457763672,23.655000686645508,23.184999465942383,23.225000381469727,2644800
2022-01-14,17.639272689819336,23.440000534057617,23.6200008392334,23.364999771118164,23.514999389648438,2228600
2022-01-17,17.876312255859375,23.7549991607666,24.094999313354492,23.354999542236328,23.395000457763672,2566000
2022-01-18,17.9139404296875,23.80500030517578,23.94499969482422,23.565000534057617,23.7450008392334,2323600
2022-01-19,18.320301055908203,24.344999313354492,24.549999237060547,23.780000686645508,23.829999923706055,4594000
2022-01-20,18.211183547973633,24.200000762939453,24.545000076293945,24.200000762939453,24.479999542236328,3318800
2022-01-21,18.19614028930664,24.18000030517578,24.280000686645508,23.7450008392334,24.155000686645508,3793200
2022-01-24,18.090784072875977,24.040000915527344,24.420000076293945,23.959999084472656,24.280000686645508,3425200
2022-01-25,18.229999542236328,24.225000381469727,24.290000915527344,23.809999465942383,23.915000915527344,3495600
2022-01-26,17.977907180786133,23.889999389648438,24.454999923706055,23.65999984741211,24.28499984741211,5600200
2022-01-27,18.32406997680664,24.350000381469727,24.420000076293945,23.860000610351562,24.219999313354492,2856800
2022-01-28,18.38803482055664,24.434999465942383,24.674999237060547,24.010000228881836,24.010000228881836,4184600
2022-01-31,18.692808151245117,24.84000015258789,25.0,24.274999618530273,24.395000457763672,5063200
2022-02-01,18.666465759277344,24.80500030517578,25.170000076293945,24.690000534057617,24.84000015258789,2836400
2022-02-02,18.632604598999023,24.760000228881836,24.989999771118164,24.71500015258789,24.764999389648438,2799000
2022-02-03,18.865894317626953,25.06999969482422,25.149999618530273,24.760000228881836,24.760000228881836,2538400
2022-02-04,18.704092025756836,24.854999542236328,25.09000015258789,24.579999923706055,24.9950008392334,2493800
2022-02-07,18.474567413330078,24.549999237060547,24.774999618530273,24.209999084472656,24.774999618530273,3425200
2022-02-08,18.53477668762207,24.6299991607666,24.6299991607666,24.149999618530273,24.584999084472656,3850000
2022-02-09,19.038972854614258,25.299999237060547,25.299999237060547,24.594999313354492,24.625,5285000
2022-02-10,18.65518569946289,24.790000915527344,25.354999542236328,24.65999984741211,25.34000015258789,4427600
2022-02-11,18.753007888793945,24.920000076293945,25.219999313354492,24.639999389648438,24.795000076293945,3454000
2022-02-14,18.749237060546875,24.915000915527344,25.165000915527344,24.725000381469727,25.165000915527344,3771000
2022-02-15,18.436946868896484,24.5,25.135000228881836,24.5,25.024999618530273,4756400
2022-02-16,18.546062469482422,24.645000457763672,24.915000915527344,24.415000915527344,24.520000457763672,4440600
2022-02-17,18.719148635864258,24.875,24.954999923706055,24.459999084472656,24.700000762939453,2848200
2022-02-18,18.62883949279785,24.7549991607666,24.934999465942383,24.579999923706055,24.875,2784800
2022-02-21,18.651418685913086,24.78499984741211,25.0,24.4950008392334,24.639999389648438,1954000
2022-02-22,18.45952033996582,24.530000686645508,25.014999389648438,24.415000915527344,24.940000534057617,2765400
2022-02-23,18.4896240234375,24.56999969482422,25.100000381469727,24.56999969482422,24.71500015258789,2921200
2022-02-24,18.749237060546875,24.915000915527344,24.94499969482422,24.075000762939453,24.299999237060547,4586200
2022-02-25,18.877178192138672,25.084999084472656,25.204999923706055,24.604999542236328,24.6200008392334,5551600
2022-03-02,18.533058166503906,24.575000762939453,25.165000915527344,24.5049991607666,24.989999771118164,4160400
2022-03-03,18.39731216430664,24.395000457763672,24.84000015258789,24.395000457763672,24.575000762939453,4946800
2022-03-04,18.34075355529785,24.31999969482422,24.594999313354492,24.155000686645508,24.399999618530273,3473800
2022-03-07,18.34075355529785,24.31999969482422,24.34000015258789,24.05500030517578,24.209999084472656,4075400
2022-03-08,18.40108299255371,24.399999618530273,24.665000915527344,23.954999923706055,24.440000534057617,5440800
2022-03-09,18.721601486206055,24.825000762939453,25.03499984741211,24.364999771118164,24.5,4846200
2022-03-10,18.55191421508789,24.600000381469727,24.844999313354492,24.405000686645508,24.530000686645508,5985200
2022-03-11,18.766845703125,24.885000228881836,25.454999923706055,24.575000762939453,24.729999542236328,6383200
2022-03-14,18.906360626220703,25.06999969482422,25.229999542236328,24.709999084472656,24.885000228881836,5618600
2022-03-15,19.181621551513672,25.434999465942383,25.90999984741211,24.895000457763672,24.959999084472656,10559400
2022-03-16,19.415407180786133,25.7450008392334,25.7450008392334,25.375,25.5,6457600
2022-03-17,19.70197868347168,26.125,26.139999389648438,25.565000534057617,25.639999389648438,6399400
2022-03-18,20.003639221191406,26.524999618530273,26.524999618530273,25.959999084472656,26.145000457763672,14317200
2022-03-21,20.124303817749023,26.684999465942383,26.81999969482422,26.149999618530273,26.434999465942383,6935200
2022-03-22,20.237422943115234,26.834999084472656,26.90999984741211,26.424999237060547,26.65999984741211,4415400
2022-03-23,20.10544776916504,26.65999984741211,26.899999618530273,26.6299991607666,26.850000381469727,9392600
2022-03-24,20.135618209838867,26.700000762939453,27.219999313354492,26.53499984741211,26.774999618530273,8944200
2022-03-25,20.120532989501953,26.68000030517578,26.875,26.610000610351562,26.825000762939453,4122200
2022-03-28,20.079051971435547,26.625,26.93000030517578,26.5049991607666,26.704999923706055,3262200
2022-03-29,19.98478126525879,26.5,27.094999313354492,26.354999542236328,26.875,3595600
2022-03-30,20.079051971435547,26.625,26.625,26.190000534057617,26.520000457763672,3505000
2022-03-31,20.244958877563477,26.844999313354492,27.0049991607666,26.5049991607666,26.575000762939453,4628800
2022-04-01,20.61903953552246,27.264999389648438,27.34000015258789,26.760000228881836,26.774999618530273,10395200
2022-04-04,20.395946502685547,26.969999313354492,27.329999923706055,26.684999465942383,27.329999923706055,4023200
2022-04-05,20.626604080200195,27.274999618530273,27.540000915527344,26.915000915527344,27.0,5282600
2022-04-06,20.92909812927246,27.674999237060547,27.674999237060547,27.114999771118164,27.440000534057617,4136200
2022-04-07,20.475351333618164,27.075000762939453,27.59000015258789,27.075000762939453,27.530000686645508,4670600
2022-04-08,20.293853759765625,26.834999084472656,27.239999771118164,26.670000076293945,26.850000381469727,3611400
2022-04-11,20.25981903076172,26.790000915527344,26.985000610351562,26.415000915527344,26.8700008392334,1951800
2022-04-12,20.05563735961914,26.520000457763672,26.94499969482422,26.434999465942383,26.700000762939453,3484200
2022-04-13,20.199317932128906,26.709999084472656,26.905000686645508,26.5049991607666,26.5049991607666,3582200
2022-04-14,20.31653594970703,26.864999771118164,26.864999771118164,26.469999313354492,26.469999313354492,2365400
2022-04-18,20.21066665649414,26.725000381469727,26.969999313354492,26.649999618530273,26.774999618530273,2316800
2022-04-19,20.002695083618164,26.450000762939453,26.674999237060547,26.3799991607666,26.55500030517578,4041000
2022-04-20,19.957321166992188,26.389999389648438,26.540000915527344,26.204999923706055,26.399999618530273,3452800
2022-04-22,19.938413619995117,26.364999771118164,26.475000381469727,26.09000015258789,26.149999618530273,5065800
2022-04-25,20.286291122436523,26.825000762939453,26.854999542236328,26.200000762939453,26.28499984741211,6940600
2022-04-26,20.286291122436523,26.825000762939453,27.065000534057617,26.709999084472656,26.9950008392334,5525200
2022-04-27,20.047210693359375,25.90999984741211,26.59000015258789,25.469999313354492,26.385000228881836,7266800
2022-04-28,20.26772117614746,26.19499969482422,26.260000228881836,25.809999465942383,25.969999313354492,4033600
2022-04-29,20.57720947265625,26.594999313354492,26.594999313354492,25.950000762939453,26.270000457763672,6934000
2022-05-02,20.201173782348633,26.065000534057617,26.53499984741211,25.40999984741211,26.5049991607666,6674600
2022-05-03,20.061670303344727,25.885000228881836,26.079999923706055,25.565000534057617,26.079999923706055,3688200
2022-05-04,20.34455680847168,26.25,26.25,25.610000610351562,25.690000534057617,4404800
2022-05-05,19.689655303955078,25.405000686645508,26.06999969482422,25.28499984741211,26.020000457763672,3664000
2022-05-06,19.616031646728516,25.309999465942383,25.600000381469727,25.045000076293945,25.239999771118164,3634800
2022-05-09,19.728404998779297,25.454999923706055,25.584999084472656,25.174999237060547,25.229999542236328,3678400
2022-05-10,19.68577003479004,25.399999618530273,25.774999618530273,25.31999969482422,25.479999542236328,2908000
2022-05-11,18.996000289916992,24.510000228881836,25.354999542236328,24.31999969482422,25.200000762939453,5047000
2022-05-12,19.35251235961914,24.969999313354492,24.969999313354492,24.260000228881836,24.260000228881836,3759600
2022-05-13,19.089000701904297,24.6299991607666,25.225000381469727,24.6299991607666,25.225000381469727,4348600
2022-05-16,19.16650390625,24.729999542236328,24.815000534057617,24.5,24.604999542236328,3914600
2022-05-17,19.32926368713379,24.940000534057617,25.260000228881836,24.7450008392334,24.915000915527344,3180200
2022-05-18,19.209135055541992,24.78499984741211,25.079999923706055,24.69499969482422,25.045000076293945,3821200
2022-05-19,19.371885299682617,24.9950008392334,25.149999618530273,24.655000686645508,24.78499984741211,2251400
2022-05-20,19.399017333984375,25.030000686645508,25.2450008392334,24.844999313354492,25.2450008392334,2616800
2022-05-23,19.9880428314209,25.790000915527344,25.94499969482422,25.024999618530273,25.065000534057617,3742600
2022-05-24,20.11979103088379,25.959999084472656,26.0,25.389999389648438,25.799999237060547,5190000
2022-05-25,20.286422729492188,26.174999237060547,26.31999969482422,25.790000915527344,25.790000915527344,3465600
2022-05-26,20.14303970336914,25.989999771118164,26.2450008392334,25.875,26.155000686645508,3770000
2022-05-27,19.97254180908203,25.770000457763672,25.985000610351562,25.610000610351562,25.905000686645508,2780000
2022-05-30,19.968666076660156,25.764999389648438,25.954999923706055,25.649999618530273,25.920000076293945,1468200
2022-05-31,19.78266143798828,25.524999618530273,26.024999618530273,25.420000076293945,25.889999389648438,7396800
2022-06-01,19.557899475097656,25.235000610351562,25.479999542236328,25.06999969482422,25.364999771118164,5087800
2022-06-02,19.794279098510742,25.540000915527344,25.670000076293945,25.125,25.405000686645508,2603400
2022-06-03,19.519145965576172,25.184999465942383,25.645000457763672,25.104999542236328,25.53499984741211,3279800
2022-06-06,18.94175148010254,24.440000534057617,25.31999969482422,24.344999313354492,25.184999465942383,2023400
2022-06-07,18.604612350463867,24.0049991607666,24.44499969482422,23.8700008392334,24.1299991607666,2947800
2022-06-08,18.36822509765625,23.700000762939453,23.93000030517578,23.3700008392334,23.774999618530273,4006600
2022-06-09,18.162839889526367,23.434999465942383,23.850000381469727,23.34000015258789,23.850000381469727,4240400
2022-06-10,18.13571548461914,23.399999618530273,23.639999389648438,23.135000228881836,23.3700008392334,4398200
2022-06-13,17.918710708618164,23.1200008392334,23.450000762939453,22.940000534057617,23.325000762939453,3945000
2022-06-14,17.961332321166992,23.174999237060547,23.280000686645508,22.93000030517578,23.200000762939453,3652600
2022-06-15,18.08534049987793,23.334999084472656,23.579999923706055,23.274999618530273,23.280000686645508,4101400
2022-06-17,17.61644744873047,22.729999542236328,23.415000915527344,22.655000686645508,23.200000762939453,7463600
2022-06-20,17.68232536315918,22.815000534057617,22.9950008392334,22.639999389648438,22.815000534057617,1836600
2022-06-21,18.232595443725586,23.524999618530273,23.81999969482422,22.760000228881836,22.850000381469727,6587200
2022-06-22,18.197723388671875,23.479999542236328,23.719999313354492,23.2549991607666,23.700000762939453,3151200
2022-06-23,18.170589447021484,23.44499969482422,23.975000381469727,23.40999984741211,23.530000686645508,3357200
2022-06-24,18.038837432861328,23.274999618530273,23.545000076293945,23.2450008392334,23.510000228881836,2329800
2022-06-27,18.096967697143555,23.350000381469727,23.600000381469727,23.28499984741211,23.350000381469727,2131400
2022-06-28,18.0117130279541,23.239999771118164,23.549999237060547,23.094999313354492,23.520000457763672,2711600
2022-06-29,17.693950653076172,22.829999923706055,23.3700008392334,22.645000457763672,23.270000457763672,4245200
2022-06-30,18.236467361450195,23.530000686645508,23.770000457763672,22.625,22.649999618530273,8108200
2022-07-01,18.539539337158203,23.774999618530273,23.9950008392334,23.25,23.729999542236328,4815600
2022-07-04,18.134052276611328,23.2549991607666,23.774999618530273,23.135000228881836,23.729999542236328,1659000
2022-07-05,18.079465866088867,23.184999465942383,23.520000457763672,23.020000457763672,23.239999771118164,2598400
2022-07-06,18.391382217407227,23.584999084472656,23.770000457763672,22.885000228881836,22.9950008392334,2786400
2022-07-07,18.457664489746094,23.670000076293945,23.860000610351562,23.229999542236328,23.5049991607666,3351400
2022-07-08,18.51615333557129,23.7450008392334,24.1299991607666,23.55500030517578,23.709999084472656,2258400
2022-07-11,18.664308547973633,23.934999465942383,24.104999542236328,23.485000610351562,23.719999313354492,3636800
2022-07-12,18.574628829956055,23.81999969482422,24.190000534057617,23.684999465942383,24.190000534057617,3231200
2022-07-13,18.403076171875,23.600000381469727,23.905000686645508,23.600000381469727,23.75,3220000
2022-07-14,18.430370330810547,23.635000228881836,23.815000534057617,23.325000762939453,23.329999923706055,3194200
2022-07-15,18.395280838012695,23.59000015258789,23.844999313354492,23.420000076293945,23.725000381469727,2244600
2022-07-18,18.290008544921875,23.454999923706055,23.75,23.424999237060547,23.584999084472656,2239800
2022-07-19,18.523942947387695,23.7549991607666,23.885000228881836,23.354999542236328,23.530000686645508,2836800
2022-07-20,18.28221321105957,23.44499969482422,24.100000381469727,23.325000762939453,23.579999923706055,3577200
2022-07-21,18.317306518554688,23.489999771118164,23.575000762939453,23.05500030517578,23.540000915527344,2590200
2022-07-22,18.25881576538086,23.415000915527344,23.639999389648438,23.170000076293945,23.4950008392334,2706800
2022-07-25,18.09895896911621,23.209999084472656,23.6299991607666,23.139999389648438,23.479999542236328,1822200
2022-07-26,18.087263107299805,23.19499969482422,23.385000228881836,23.114999771118164,23.2549991607666,2334400
2022-07-27,17.506319046020508,22.450000762939453,23.09000015258789,22.2549991607666,23.075000762939453,6573200
2022-07-28,17.49852180480957,22.440000534057617,22.600000381469727,22.209999084472656,22.354999542236328,5638400
2022-07-29,17.38935089111328,22.299999237060547,22.524999618530273,22.299999237060547,22.440000534057617,5524000
2022-08-01,17.393253326416016,22.30500030517578,22.450000762939453,21.940000534057617,22.100000381469727,7399800
2022-08-02,17.27628517150879,22.155000686645508,22.3799991607666,22.010000228881836,22.125,4446200
2022-08-03,17.38935089111328,22.299999237060547,22.385000228881836,22.049999237060547,22.200000762939453,5661600
2022-08-04,17.646682739257812,22.6299991607666,22.825000762939453,22.3700008392334,22.375,5033000
2022-08-05,17.72075843811035,22.725000381469727,22.885000228881836,22.514999389648438,22.645000457763672,4671600
2022-08-08,17.82602882385254,22.860000610351562,22.969999313354492,22.610000610351562,22.84000015258789,5892400
2022-08-09,18.052173614501953,23.149999618530273,23.399999618530273,22.795000076293945,22.8700008392334,4856600
2022-08-10,18.091167449951172,23.200000762939453,23.350000381469727,23.045000076293945,23.350000381469727,6251000
2022-08-11,17.97418975830078,23.049999237060547,23.469999313354492,23.045000076293945,23.354999542236328,3914400
2022-08-12,17.93910026550293,23.0049991607666,23.274999618530273,22.864999771118164,23.049999237060547,5373400
2022-08-15,17.58039665222168,22.545000076293945,23.104999542236328,22.5,23.06999969482422,3502000
2022-08-16,17.654481887817383,22.639999389648438,22.65999984741211,22.415000915527344,22.604999542236328,3733200
2022-08-17,17.670068740844727,22.65999984741211,22.940000534057617,22.524999618530273,22.524999618530273,5865600
2022-08-18,17.46343231201172,22.395000457763672,22.735000610351562,22.19499969482422,22.735000610351562,4650800
2022-08-19,17.2996768951416,22.184999465942383,22.424999237060547,22.049999237060547,22.424999237060547,4398000
2022-08-22,17.284076690673828,22.165000915527344,22.520000457763672,22.059999465942383,22.204999923706055,3909800
2022-08-23,17.198301315307617,22.05500030517578,22.2450008392334,21.875,22.2450008392334,4044400
2022-08-24,16.92147445678711,21.700000762939453,22.204999923706055,21.700000762939453,22.030000686645508,3890200
2022-08-25,16.7070255279541,21.424999237060547,21.860000610351562,21.399999618530273,21.80500030517578,4428400
2022-08-26,16.46919822692871,21.1200008392334,21.530000686645508,21.100000381469727,21.510000228881836,3403000
2022-08-29,16.488689422607422,21.145000457763672,21.30500030517578,20.924999237060547,21.1200008392334,4760400
2022-08-30,16.46139907836914,21.110000610351562,21.485000610351562,21.094999313354492,21.309999465942383,4273600
2022-08-31,16.040306091308594,20.56999969482422,21.31999969482422,20.56999969482422,21.200000762939453,12238000
2022-09-01,16.157691955566406,20.6299991607666,20.735000610351562,20.450000762939453,20.549999237060547,5938400
2022-09-02,16.267343521118164,20.770000457763672,21.065000534057617,20.649999618530273,20.7450008392334,6323600
2022-09-05,16.361326217651367,20.889999389648438,21.280000686645508,20.864999771118164,21.0,2310400
2022-09-06,16.48664665222168,21.049999237060547,21.084999084472656,20.764999389648438,20.950000762939453,4900600
2022-09-08,16.482728958129883,21.045000076293945,21.19499969482422,20.8700008392334,21.049999237060547,5628200
2022-09-09,16.756851196289062,21.395000457763672,21.56999969482422,21.104999542236328,21.190000534057617,4085600
2022-09-12,16.678525924682617,21.295000076293945,21.56999969482422,21.165000915527344,21.56999969482422,3753600
2022-09-13,16.216432571411133,20.704999923706055,21.295000076293945,20.649999618530273,21.204999923706055,3345600
2022-09-14,16.20077133178711,20.684999465942383,21.06999969482422,20.530000686645508,20.725000381469727,3718800
2022-09-15,16.1655216217041,20.639999389648438,20.844999313354492,20.575000762939453,20.704999923706055,3174200
2022-09-16,15.91098403930664,20.315000534057617,20.704999923706055,20.315000534057617,20.649999618530273,15875400
2022-09-19,16.051965713500977,20.4950008392334,20.575000762939453,20.209999084472656,20.299999237060547,4867400
2022-09-20,16.075456619262695,20.524999618530273,20.639999389648438,20.334999084472656,20.4950008392334,5065400
2022-09-21,16.098957061767578,20.55500030517578,20.649999618530273,20.40999984741211,20.524999618530273,5993200
2022-09-22,16.545387268066406,21.125,21.200000762939453,20.55500030517578,20.760000228881836,6270400
2022-09-23,16.427902221679688,20.975000381469727,21.145000457763672,20.84000015258789,20.954999923706055,7380400
2022-09-26,16.098957061767578,20.55500030517578,20.975000381469727,20.55500030517578,20.950000762939453,1673800
2022-09-27,15.84440803527832,20.229999542236328,20.475000381469727,20.225000381469727,20.405000686645508,4609000
2022-09-28,15.957968711853027,20.375,20.520000457763672,20.184999465942383,20.325000762939453,5007800
2022-09-29,15.809165954589844,20.184999465942383,20.329999923706055,19.985000610351562,20.325000762939453,6183800
2022-09-30,15.856155395507812,20.2450008392334,20.350000381469727,20.010000228881836,20.174999237060547,8577600
2022-10-03,16.44748306274414,21.0,21.014999389648438,20.325000762939453,20.3700008392334,9727600
2022-10-04,16.110700607299805,20.56999969482422,21.34000015258789,20.479999542236328,21.25,5824400
2022-10-05,15.699515342712402,20.045000076293945,20.625,20.045000076293945,20.559999465942383,6618000
2022-10-06,15.49979305267334,19.790000915527344,20.19499969482422,19.790000915527344,20.084999084472656,7530000
2022-10-07,15.672104835510254,20.010000228881836,20.079999923706055,19.81999969482422,19.889999389648438,5879800
2022-10-10,15.746504783630371,20.104999542236328,20.15999984741211,19.940000534057617,20.100000381469727,7436600
2022-10-11,15.668183326721191,20.0049991607666,20.350000381469727,19.8799991607666,20.104999542236328,6012800
2022-10-13,15.617276191711426,19.940000534057617,20.05500030517578,19.709999084472656,19.9950008392334,7138000
2022-10-14,15.425394058227539,19.69499969482422,20.104999542236328,19.635000228881836,19.950000762939453,4608000
2022-10-17,15.33531665802002,19.579999923706055,19.875,19.579999923706055,19.875,3248000
2022-10-18,15.421475410461426,19.690000534057617,19.84000015258789,19.514999389648438,19.684999465942383,5041800
2022-10-19,15.942307472229004,20.354999542236328,20.405000686645508,19.69499969482422,19.69499969482422,6981000
2022-10-20,15.758259773254395,20.1200008392334,20.604999542236328,19.985000610351562,20.5,7235600
2022-10-21,15.652522087097168,19.985000610351562,20.139999389648438,19.790000915527344,20.100000381469727,3810800
2022-10-24,15.585944175720215,19.899999618530273,20.200000762939453,19.799999237060547,19.959999084472656,5171600
2022-10-25,15.507623672485352,19.799999237060547,19.979999542236328,19.735000610351562,19.889999389648438,4816800
2022-10-26,15.629024505615234,19.954999923706055,20.360000610351562,19.829999923706055,19.90999984741211,9688400
2022-10-27,16.024539947509766,20.459999084472656,20.549999237060547,19.915000915527344,19.969999313354492,10267000
2022-10-28,16.098957061767578,20.55500030517578,20.635000228881836,20.28499984741211,20.385000228881836,6457400
2022-10-31,16.177276611328125,20.655000686645508,20.729999542236328,20.344999313354492,20.545000076293945,8809400
2022-11-01,15.993216514587402,20.420000076293945,20.649999618530273,20.334999084472656,20.600000381469727,5319800
2022-11-03,16.330001831054688,20.850000381469727,20.895000457763672,19.915000915527344,20.19499969482422,7915200
2022-11-04,16.08720588684082,20.540000915527344,21.065000534057617,20.540000915527344,21.065000534057617,5829000
2022-11-07,15.9697265625,20.389999389648438,20.635000228881836,20.174999237060547,20.350000381469727,5816800
2022-11-08,16.09503746032715,20.549999237060547,20.649999618530273,20.165000915527344,20.424999237060547,6909400
2022-11-09,16.075456619262695,20.524999618530273,20.674999237060547,20.5049991607666,20.53499984741211,3903200
2022-11-10,15.813082695007324,20.190000534057617,20.434999465942383,20.010000228881836,20.2450008392334,6495400
2022-11-11,16.204683303833008,20.690000534057617,20.825000762939453,20.18000030517578,20.19499969482422,12930000
2022-11-14,15.836578369140625,20.219999313354492,20.885000228881836,20.18000030517578,20.735000610351562,4841600
2022-11-16,15.37447738647461,19.6299991607666,20.2549991607666,19.559999465942383,20.18000030517578,5224600
2022-11-17,15.198257446289062,19.405000686645508,19.59000015258789,19.100000381469727,19.549999237060547,5301200
2022-11-18,15.159099578857422,19.354999542236328,20.03499984741211,19.225000381469727,19.565000534057617,5192200
2022-11-21,15.256997108459473,19.479999542236328,20.0049991607666,19.385000228881836,19.90999984741211,7443000
2022-11-22,15.190425872802734,19.395000457763672,19.600000381469727,19.100000381469727,19.5,6939000
2022-11-23,15.268741607666016,19.4950008392334,19.559999465942383,19.204999923706055,19.34000015258789,3514400
2022-11-24,15.464545249938965,19.7450008392334,19.834999084472656,19.469999313354492,19.540000915527344,2512200
2022-11-25,15.166927337646484,19.364999771118164,19.729999542236328,19.34000015258789,19.665000915527344,4201600
2022-11-28,15.06511116027832,19.235000610351562,19.524999618530273,19.155000686645508,19.3799991607666,4780400
2022-11-29,15.053362846374512,19.219999313354492,19.530000686645508,19.149999618530273,19.290000915527344,4788600
2022-11-30,14.900636672973633,19.024999618530273,19.260000228881836,18.8799991607666,19.219999313354492,12069600
2022-12-01,15.100350379943848,19.280000686645508,19.31999969482422,18.850000381469727,19.0,7534000
2022-12-02,15.460634231567383,19.739999771118164,19.829999923706055,19.18000030517578,19.290000915527344,6152400
2022-12-05,15.084695816040039,19.260000228881836,19.645000457763672,19.200000762939453,19.524999618530273,5458200
2022-12-06,15.06511116027832,19.235000610351562,19.459999084472656,19.045000076293945,19.329999923706055,4163600
2022-12-07,15.025952339172363,19.184999465942383,19.375,19.075000762939453,19.30500030517578,3262000
2022-12-08,14.54035758972168,18.565000534057617,19.19499969482422,18.5,19.110000610351562,7217000
2022-12-09,14.724411010742188,18.799999237060547,18.94499969482422,18.40999984741211,18.559999465942383,4190000
2022-12-12,14.689167976379395,18.7549991607666,18.905000686645508,18.540000915527344,18.905000686645508,4392600
2022-12-13,14.559935569763184,18.59000015258789,19.0049991607666,18.514999389648438,18.799999237060547,6023400
2022-12-14,14.638262748718262,18.690000534057617,18.889999389648438,18.200000762939453,18.5,7303600
2022-12-15,14.552105903625488,18.579999923706055,19.020000457763672,18.475000381469727,18.56999969482422,2875600
2022-12-16,14.434626579284668,18.43000030517578,18.729999542236328,18.239999771118164,18.584999084472656,6916800
2022-12-19,14.438541412353516,18.434999465942383,18.84000015258789,18.344999313354492,18.5049991607666,4295200
2022-12-20,14.783161163330078,18.875,18.9950008392334,18.354999542236328,18.399999618530273,3969000
2022-12-21,14.794899940490723,18.889999389648438,19.1299991607666,18.795000076293945,18.924999237060547,3010400
2022-12-22,14.881060600280762,19.0,19.1200008392334,18.729999542236328,19.0049991607666,3469200
2022-12-23,15.061196327209473,19.229999542236328,19.25,19.014999389648438,19.09000015258789,2439000
2022-12-26,14.708751678466797,18.780000686645508,19.21500015258789,18.780000686645508,19.21500015258789,1275400
2022-12-27,14.650006294250488,18.704999923706055,18.950000762939453,18.6200008392334,18.850000381469727,3002400
2022-12-28,14.830146789550781,18.934999465942383,19.045000076293945,18.690000534057617,18.704999923706055,2752200
2022-12-29,15.018117904663086,19.174999237060547,19.389999389648438,18.969999313354492,19.0,5029200
2023-01-02,14.644234657287598,18.19499969482422,18.670000076293945,18.1200008392334,18.5,2238600
2023-01-03,14.350464820861816,17.829999923706055,18.274999618530273,17.815000534057617,18.155000686645508,4195800
2023-01-04,14.664359092712402,18.219999313354492,18.415000915527344,17.84000015258789,17.895000457763672,4294600
2023-01-05,15.058732032775879,18.709999084472656,18.815000534057617,18.424999237060547,18.600000381469727,7621800
2023-01-06,15.380669593811035,19.110000610351562,19.209999084472656,18.610000610351562,18.709999084472656,4652400
2023-01-09,15.332377433776855,19.049999237060547,19.34000015258789,18.899999618530273,19.2549991607666,5215400
2023-01-10,15.493351936340332,19.25,19.354999542236328,18.770000457763672,18.80500030517578,6605600
2023-01-11,15.622132301330566,19.40999984741211,19.649999618530273,19.114999771118164,19.235000610351562,8255200
2023-01-12,15.618102073669434,19.405000686645508,19.559999465942383,19.059999465942383,19.489999771118164,7237800
2023-01-13,15.344450950622559,19.065000534057617,19.399999618530273,18.954999923706055,19.204999923706055,6834600
2023-01-16,15.35653018951416,19.079999923706055,19.184999465942383,18.834999084472656,19.06999969482422,2108200
2023-01-17,15.710661888122559,19.520000457763672,19.7450008392334,19.03499984741211,19.100000381469727,7741600
2023-01-18,16.096988677978516,20.0,20.0,19.5049991607666,19.579999923706055,6754400
2023-01-19,16.125160217285156,20.03499984741211,20.204999923706055,19.764999389648438,19.895000457763672,4819600
2023-01-20,15.88370418548584,19.735000610351562,20.024999618530273,19.584999084472656,20.0,4398200
2023-01-23,16.680505752563477,20.725000381469727,20.725000381469727,19.739999771118164,19.860000610351562,11027200
2023-01-24,16.338438034057617,20.299999237060547,20.729999542236328,20.045000076293945,20.579999923706055,6770000
2023-01-25,16.10906219482422,20.014999389648438,20.30500030517578,19.854999542236328,20.229999542236328,2905400
2023-01-26,16.185523986816406,20.110000610351562,20.235000610351562,19.969999313354492,20.075000762939453,2222000
2023-01-27,16.261981964111328,20.204999923706055,20.274999618530273,19.954999923706055,20.100000381469727,3519000
2023-01-30,16.330394744873047,20.290000915527344,20.385000228881836,20.155000686645508,20.2450008392334,3879600
2023-01-31,16.829395294189453,20.90999984741211,20.90999984741211,20.350000381469727,20.375,12635000
2023-02-01,16.193574905395508,20.1200008392334,20.90999984741211,20.014999389648438,20.844999313354492,4969800
2023-02-02,15.903822898864746,19.760000228881836,20.135000228881836,19.579999923706055,20.110000610351562,9973000
2023-02-03,15.674437522888184,19.475000381469727,19.8700008392334,19.46500015258789,19.709999084472656,3533400
2023-02-06,15.533597946166992,19.299999237060547,19.489999771118164,19.2549991607666,19.44499969482422,3870800
2023-02-07,15.437012672424316,19.18000030517578,19.540000915527344,19.05500030517578,19.44499969482422,4809400
2023-02-08,15.610054969787598,19.395000457763672,19.514999389648438,19.05500030517578,19.18000030517578,2705400
2023-02-09,15.477252006530762,19.229999542236328,19.65999984741211,19.1299991607666,19.3799991607666,5274600
2023-02-10,15.726755142211914,19.540000915527344,19.725000381469727,19.3700008392334,19.459999084472656,4007000
2023-02-13,15.807241439819336,19.639999389648438,19.690000534057617,19.43000030517578,19.540000915527344,2645600
2023-02-14,15.907851219177246,19.764999389648438,19.93000030517578,19.559999465942383,19.604999542236328,7480800
2023-02-15,15.964188575744629,19.834999084472656,20.165000915527344,19.56999969482422,19.649999618530273,7706800
2023-02-16,16.29015350341797,20.239999771118164,20.415000915527344,19.600000381469727,19.9950008392334,5674000
2023-02-17,16.728797912597656,20.78499984741211,20.78499984741211,20.114999771118164,20.174999237060547,6824200
2023-02-22,15.980289459228516,19.854999542236328,20.329999923706055,19.815000534057617,20.25,3652400
2023-02-23,15.895781517028809,19.75,19.96500015258789,19.655000686645508,19.96500015258789,5556000
2023-02-24,15.803220748901367,19.635000228881836,19.989999771118164,19.514999389648438,19.7549991607666,2225600
2023-02-27,15.867607116699219,19.71500015258789,19.829999923706055,19.610000610351562,19.770000457763672,1596600
2023-02-28,15.670425415039062,19.469999313354492,19.860000610351562,19.469999313354492,19.71500015258789,6984000
2023-03-01,15.6558198928833,19.420000076293945,19.645000457763672,19.204999923706055,19.559999465942383,3147000
2023-03-02,15.542950630187988,19.280000686645508,19.565000534057617,19.239999771118164,19.420000076293945,5868600
2023-03-03,15.381720542907715,19.079999923706055,19.360000610351562,18.979999542236328,19.315000534057617,5003800
2023-03-06,15.603411674499512,19.354999542236328,19.5,19.049999237060547,19.219999313354492,3861800
2023-03-07,15.808988571166992,19.610000610351562,19.68000030517578,19.334999084472656,19.385000228881836,3862200
2023-03-08,15.736432075500488,19.520000457763672,19.71500015258789,19.274999618530273,19.584999084472656,6059200
2023-03-09,15.877514839172363,19.69499969482422,19.834999084472656,19.364999771118164,19.364999771118164,3744400
2023-03-10,15.704187393188477,19.479999542236328,19.610000610351562,19.350000381469727,19.53499984741211,3209600
2023-03-13,15.748523712158203,19.53499984741211,19.579999923706055,19.290000915527344,19.344999313354492,2583600
2023-03-14,15.893637657165527,19.71500015258789,19.75,19.479999542236328,19.56999969482422,2627800
2023-03-15,16.1556396484375,20.040000915527344,20.079999923706055,19.475000381469727,19.594999313354492,4609200
2023-03-16,16.19191551208496,20.084999084472656,20.270000457763672,19.905000686645508,20.0049991607666,6731600
2023-03-17,15.623566627502441,19.3799991607666,20.010000228881836,19.3799991607666,20.010000228881836,12006800
2023-03-20,15.71224308013916,19.489999771118164,19.559999465942383,19.28499984741211,19.3799991607666,2415000
2023-03-21,15.494579315185547,19.219999313354492,19.479999542236328,19.125,19.44499969482422,3179400
2023-03-22,15.446216583251953,19.15999984741211,19.46500015258789,19.094999313354492,19.149999618530273,2666000
2023-03-23,15.530858993530273,19.264999389648438,19.704999923706055,19.145000457763672,19.229999542236328,4822000
2023-03-24,15.772712707519531,19.565000534057617,19.6200008392334,19.15999984741211,19.19499969482422,4041600
2023-03-27,15.849295616149902,19.65999984741211,19.774999618530273,19.559999465942383,19.639999389648438,3541800
2023-03-28,16.01456069946289,19.864999771118164,19.93000030517578,19.59000015258789,19.600000381469727,4828400
2023-03-29,16.05083656311035,19.90999984741211,20.145000457763672,19.78499984741211,19.940000534057617,3667400
2023-03-30,16.151613235473633,20.03499984741211,20.3799991607666,19.924999237060547,20.075000762939453,3902400
2023-03-31,15.583261489868164,19.329999923706055,20.139999389648438,19.209999084472656,20.03499984741211,6317800
2023-04-03,15.435275077819824,19.059999465942383,19.28499984741211,18.600000381469727,19.200000762939453,4522400
2023-04-04,15.791598320007324,19.5,19.59000015258789,19.110000610351562,19.190000534057617,2998400
2023-04-05,15.72681713104248,19.420000076293945,19.71500015258789,19.21500015258789,19.5,2025600
2023-04-06,15.913070678710938,19.649999618530273,19.665000915527344,19.350000381469727,19.350000381469727,2781400
2023-04-10,16.022397994995117,19.78499984741211,19.795000076293945,19.5049991607666,19.649999618530273,1973400
2023-04-11,16.269393920898438,20.09000015258789,20.149999618530273,19.829999923706055,19.850000381469727,5586800
2023-04-12,16.35038185119629,20.190000534057617,20.440000534057617,19.94499969482422,20.084999084472656,6267600
2023-04-13,16.536640167236328,20.420000076293945,20.459999084472656,20.280000686645508,20.3700008392334,4673400
2023-04-14,16.57662010192871,20.219999313354492,20.280000686645508,19.969999313354492,20.1299991607666,3541800
2023-04-17,16.74468231201172,20.424999237060547,20.530000686645508,20.2549991607666,20.5,2919800
2023-04-18,16.736486434936523,20.415000915527344,20.469999313354492,20.30500030517578,20.424999237060547,2373000
2023-04-19,16.679092407226562,20.344999313354492,20.645000457763672,20.309999465942383,20.40999984741211,3736200
2023-04-20,16.715984344482422,20.389999389648438,20.475000381469727,20.040000915527344,20.475000381469727,2409800
2023-04-24,16.535625457763672,20.170000076293945,20.350000381469727,20.135000228881836,20.204999923706055,3509200
2023-04-25,16.556123733520508,20.19499969482422,20.329999923706055,20.0,20.05500030517578,4460400
2023-04-26,16.49873161315918,20.125,20.334999084472656,20.06999969482422,20.149999618530273,2221400
2023-04-27,16.90864372253418,20.625,20.635000228881836,20.125,20.125,5637000
2023-04-28,16.85535430908203,20.559999465942383,20.709999084472656,20.3799991607666,20.645000457763672,4518200
2023-05-02,16.851255416870117,20.55500030517578,20.700000762939453,20.3799991607666,20.5,3755400
2023-05-03,16.847152709960938,20.549999237060547,20.625,20.344999313354492,20.469999313354492,3295400
2023-05-04,16.773372650146484,20.459999084472656,20.815000534057617,20.395000457763672,20.549999237060547,3663400
2023-05-05,16.97013282775879,20.700000762939453,20.90999984741211,20.454999923706055,20.454999923706055,3922000
2023-05-08,16.888147354125977,20.600000381469727,20.934999465942383,20.420000076293945,20.770000457763672,5915200
2023-05-09,16.797964096069336,20.489999771118164,20.6299991607666,20.204999923706055,20.520000457763672,3784400
2023-05-10,16.994722366333008,20.729999542236328,20.93000030517578,20.405000686645508,20.625,4072000
2023-05-11,17.113597869873047,20.875,21.024999618530273,20.530000686645508,20.65999984741211,2969200
2023-05-12,17.060312271118164,20.809999465942383,20.860000610351562,20.395000457763672,20.770000457763672,4308000
2023-05-15,17.166885375976562,20.940000534057617,20.940000534057617,20.729999542236328,20.8700008392334,2704800
2023-05-16,17.068504333496094,20.81999969482422,21.280000686645508,20.81999969482422,21.014999389648438,3928400
2023-05-17,16.953737258911133,20.68000030517578,20.975000381469727,20.635000228881836,20.850000381469727,3093600
2023-05-18,17.03981590270996,20.78499984741211,21.059999465942383,20.68000030517578,20.68000030517578,4864200
2023-05-19,17.084896087646484,20.84000015258789,20.96500015258789,20.71500015258789,20.860000610351562,5006800
2023-05-22,17.093101501464844,20.850000381469727,21.165000915527344,20.639999389648438,20.795000076293945,4046400
2023-05-23,17.088998794555664,20.844999313354492,21.0,20.764999389648438,20.854999542236328,3928200
2023-05-24,16.896347045898438,20.610000610351562,20.815000534057617,20.485000610351562,20.795000076293945,4472000
2023-05-25,17.281658172607422,21.079999923706055,21.190000534057617,20.655000686645508,20.93000030517578,5611000
2023-05-26,17.162784576416016,20.934999465942383,21.225000381469727,20.920000076293945,21.21500015258789,3402600
2023-05-29,17.134092330932617,20.899999618530273,20.985000610351562,20.704999923706055,20.934999465942383,2059400
2023-05-30,16.822561264038086,20.520000457763672,21.059999465942383,20.520000457763672,21.010000228881836,5237000
2023-05-31,16.396257400512695,20.0,20.579999923706055,20.0,20.520000457763672,35330600
2023-06-01,16.706321716308594,20.280000686645508,20.514999389648438,19.850000381469727,19.950000762939453,7752600
2023-06-02,17.002885818481445,20.639999389648438,20.795000076293945,20.174999237060547,20.510000228881836,5566000
2023-06-05,16.998769760131836,20.635000228881836,20.809999465942383,20.549999237060547,20.690000534057617,2365800
2023-06-06,17.530109405517578,21.280000686645508,21.399999618530273,20.549999237060547,20.704999923706055,6608400
2023-06-07,17.476566314697266,21.21500015258789,21.424999237060547,21.149999618530273,21.389999389648438,6160000
2023-06-09,17.90492820739746,21.735000610351562,22.09000015258789,21.325000762939453,21.325000762939453,6544200
2023-06-12,18.04909324645996,21.90999984741211,21.969999313354492,21.625,21.625,4341600
2023-06-13,17.678388595581055,21.459999084472656,22.084999084472656,21.334999084472656,21.915000915527344,5309600
2023-06-14,18.292110443115234,22.204999923706055,22.264999389648438,21.3700008392334,21.450000762939453,9098800
2023-06-15,18.160308837890625,22.045000076293945,22.190000534057617,21.885000228881836,22.174999237060547,3738800
2023-06-16,17.711341857910156,21.5,21.954999923706055,21.5,21.825000762939453,14430800
2023-06-19,17.810195922851562,21.6200008392334,21.725000381469727,21.350000381469727,21.5,1810000
2023-06-20,17.764883041381836,21.565000534057617,21.604999542236328,21.1299991607666,21.485000610351562,4568600
2023-06-21,17.90492820739746,21.735000610351562,22.0,21.5049991607666,21.545000076293945,6769000
2023-06-22,17.493038177490234,21.235000610351562,21.760000228881836,21.184999465942383,21.5,3781800
2023-06-23,17.596010208129883,21.360000610351562,21.469999313354492,21.190000534057617,21.190000534057617,2590400
2023-06-26,17.423017501831055,21.149999618530273,21.5049991607666,21.104999542236328,21.364999771118164,1944200
2023-06-27,17.44361114501953,21.174999237060547,21.6299991607666,21.125,21.225000381469727,4849800
2023-06-28,17.60837173461914,21.375,21.4950008392334,21.184999465942383,21.295000076293945,3534400
2023-06-29,17.752527236938477,21.549999237060547,21.665000915527344,21.34000015258789,21.5,3498400
2023-06-30,17.82254981994629,21.635000228881836,21.920000076293945,21.6299991607666,21.69499969482422,3475000
2023-07-03,17.686630249023438,21.469999313354492,21.829999923706055,21.40999984741211,21.645000457763672,2305600
2023-07-04,17.649555206298828,21.424999237060547,21.56999969482422,21.424999237060547,21.4950008392334,1495200
2023-07-05,17.690750122070312,21.475000381469727,21.575000762939453,21.2549991607666,21.424999237060547,4622600
2023-07-06,17.464204788208008,21.200000762939453,21.520000457763672,21.110000610351562,21.40999984741211,4644600
2023-07-07,17.344758987426758,21.05500030517578,21.290000915527344,21.020000457763672,21.209999084472656,2979200
2023-07-10,17.270614624023438,20.96500015258789,21.104999542236328,20.854999542236328,21.03499984741211,2416400
2023-07-11,16.961694717407227,20.59000015258789,20.90999984741211,20.559999465942383,20.875,3782000
2023-07-12,17.00700569152832,20.645000457763672,20.774999618530273,20.440000534057617,20.6299991607666,4095200
2023-07-13,16.949338912963867,20.575000762939453,20.829999923706055,20.575000762939453,20.799999237060547,3600200
2023-07-14,16.673376083374023,20.239999771118164,20.6200008392334,20.174999237060547,20.549999237060547,4176400
2023-07-17,16.726917266845703,20.30500030517578,20.389999389648438,20.184999465942383,20.239999771118164,2555000
2023-07-18,16.574522018432617,20.1200008392334,20.514999389648438,19.93000030517578,20.3700008392334,5655000
2023-07-19,16.59511375427246,20.145000457763672,20.225000381469727,19.959999084472656,20.145000457763672,2667000
2023-07-20,16.76399040222168,20.350000381469727,20.424999237060547,20.1200008392334,20.34000015258789,3987800
2023-07-21,16.928741455078125,20.549999237060547,20.844999313354492,20.360000610351562,20.420000076293945,8194800
2023-07-24,16.97817039489746,20.610000610351562,20.780000686645508,20.299999237060547,20.44499969482422,5753000
2023-07-25,17.044078826904297,20.690000534057617,20.96500015258789,20.440000534057617,20.684999465942383,4444400
2023-07-26,17.91728973388672,21.75,21.844999313354492,21.0049991607666,21.28499984741211,9824000
2023-07-27,17.38594627380371,21.104999542236328,21.924999237060547,21.084999084472656,21.815000534057617,4295400
2023-07-28,17.451847076416016,21.184999465942383,21.325000762939453,21.05500030517578,21.30500030517578,2808000
2023-07-31,17.344758987426758,21.05500030517578,21.385000228881836,21.024999618530273,21.229999542236328,4868800
2023-08-01,17.56609535217285,21.200000762939453,21.354999542236328,20.825000762939453,20.895000457763672,4053000
2023-08-02,17.64480972290039,21.295000076293945,21.475000381469727,21.139999389648438,21.139999389648438,2932200
2023-08-03,17.578527450561523,21.21500015258789,21.3700008392334,21.020000457763672,21.350000381469727,4880000
2023-08-04,17.673816680908203,21.329999923706055,21.575000762939453,21.100000381469727,21.21500015258789,2930800
2023-08-07,17.590957641601562,21.229999542236328,21.510000228881836,21.200000762939453,21.315000534057617,4142400
2023-08-08,17.686241149902344,21.344999313354492,21.46500015258789,20.985000610351562,21.15999984741211,3034400
2023-08-09,17.528810501098633,21.155000686645508,21.3799991607666,20.915000915527344,21.190000534057617,5919000
2023-08-10,17.64480972290039,21.295000076293945,21.440000534057617,21.155000686645508,21.174999237060547,2822400
2023-08-11,17.611675262451172,21.2549991607666,21.524999618530273,21.149999618530273,21.31999969482422,3235000
2023-08-14,17.599239349365234,21.239999771118164,21.329999923706055,21.020000457763672,21.264999389648438,2722800
2023-08-15,17.45009422302246,21.059999465942383,21.309999465942383,21.040000915527344,21.139999389648438,2721800
2023-08-16,17.371379852294922,20.96500015258789,21.21500015258789,20.90999984741211,21.075000762939453,4762000
2023-08-17,17.51638412475586,21.139999389648438,21.309999465942383,20.860000610351562,20.975000381469727,4887800
2023-08-18,17.661380767822266,21.315000534057617,21.5049991607666,20.959999084472656,21.100000381469727,4809600
2023-08-21,17.412805557250977,21.014999389648438,21.344999313354492,20.940000534057617,21.28499984741211,3695200
2023-08-22,17.412805557250977,21.014999389648438,21.155000686645508,20.899999618530273,21.06999969482422,4412800
2023-08-23,17.367233276367188,20.959999084472656,21.1200008392334,20.850000381469727,21.014999389648438,4334400
2023-08-24,17.26780128479004,20.84000015258789,21.014999389648438,20.799999237060547,20.969999313354492,2632400
2023-08-25,17.15180206298828,20.700000762939453,20.9950008392334,20.450000762939453,20.875,6158400
2023-08-28,17.42108917236328,21.024999618530273,21.024999618530273,20.68000030517578,20.68000030517578,2897600
2023-08-29,17.715238571166992,21.3799991607666,21.40999984741211,20.969999313354492,21.03499984741211,3208000
2023-08-30,17.408666610717773,21.010000228881836,21.5,21.010000228881836,21.469999313354492,2623200
2023-08-31,17.131086349487305,20.674999237060547,21.219999313354492,20.674999237060547,21.1200008392334,7754000
2023-09-01,17.33486557006836,20.84000015258789,21.024999618530273,20.579999923706055,20.739999771118164,6301200
2023-09-04,17.30990982055664,20.809999465942383,20.924999237060547,20.6200008392334,20.84000015258789,1996200
2023-09-05,17.24336814880371,20.729999542236328,21.059999465942383,20.55500030517578,20.7549991607666,5135000
2023-09-06,17.35566520690918,20.864999771118164,21.28499984741211,20.709999084472656,20.709999084472656,5537600
2023-09-08,17.409730911254883,20.93000030517578,21.135000228881836,20.81999969482422,20.895000457763672,5026000
2023-09-11,17.6717586517334,21.2450008392334,21.295000076293945,20.790000915527344,21.03499984741211,4644800
2023-09-12,17.7882080078125,21.385000228881836,21.469999313354492,21.18000030517578,21.235000610351562,2761200
2023-09-13,17.75493049621582,21.344999313354492,21.5,21.30500030517578,21.389999389648438,3245600
2023-09-14,18.05022621154785,21.700000762939453,21.700000762939453,21.350000381469727,21.405000686645508,3132000
2023-09-15,18.004470825195312,21.645000457763672,21.780000686645508,21.559999465942383,21.780000686645508,5602200
2023-09-18,18.353832244873047,22.065000534057617,22.329999923706055,21.649999618530273,21.649999618530273,5921200
2023-09-19,18.491077423095703,22.229999542236328,22.450000762939453,22.03499984741211,22.075000762939453,7657800
2023-09-20,18.632490158081055,22.399999618530273,22.434999465942383,22.139999389648438,22.184999465942383,4808400
2023-09-21,18.428693771362305,22.155000686645508,22.31999969482422,21.950000762939453,22.139999389648438,4830200
2023-09-22,18.208261489868164,21.889999389648438,22.114999771118164,21.860000610351562,22.114999771118164,4527600
2023-09-25,18.350374221801758,22.0,22.114999771118164,21.774999618530273,21.850000381469727,3409600
2023-09-26,18.31283950805664,21.954999923706055,22.135000228881836,21.915000915527344,22.0,4073000
2023-09-27,18.016727447509766,21.600000381469727,22.05500030517578,21.485000610351562,21.969999313354492,4878800
2023-09-28,18.070941925048828,21.665000915527344,21.825000762939453,21.485000610351562,21.600000381469727,6107000
2023-09-29,18.00838279724121,21.59000015258789,21.78499984741211,21.43000030517578,21.674999237060547,6546400
2023-10-02,18.233600616455078,21.860000610351562,22.024999618530273,21.5,21.5,6920000
2023-10-03,18.241933822631836,21.8700008392334,22.110000610351562,21.770000457763672,21.825000762939453,4449000
2023-10-04,18.437950134277344,22.104999542236328,22.170000076293945,21.844999313354492,21.875,5281200
2023-10-05,18.650646209716797,22.360000610351562,22.424999237060547,22.040000915527344,22.040000915527344,3617200
2023-10-06,18.700695037841797,22.420000076293945,22.5,22.139999389648438,22.139999389648438,4488800
2023-10-09,18.950927734375,22.719999313354492,22.80500030517578,22.274999618530273,22.399999618530273,4754800
2023-10-10,19.21784782409668,23.040000915527344,23.30500030517578,22.6299991607666,22.700000762939453,7225600
2023-10-11,19.37632179260254,23.229999542236328,23.274999618530273,23.014999389648438,23.059999465942383,5729200
2023-10-13,19.259546279907227,23.09000015258789,23.31999969482422,22.96500015258789,23.315000534057617,6757600
2023-10-16,19.409685134887695,23.270000457763672,23.415000915527344,23.1200008392334,23.149999618530273,3695600
2023-10-17,19.071874618530273,22.864999771118164,23.264999389648438,22.780000686645508,23.190000534057617,4949600
2023-10-18,19.117748260498047,22.920000076293945,23.145000457763672,22.700000762939453,22.725000381469727,6386400
2023-10-19,19.09272575378418,22.889999389648438,23.1299991607666,22.864999771118164,22.899999618530273,4791400
2023-10-20,18.825809478759766,22.56999969482422,23.014999389648438,22.56999969482422,22.809999465942383,3036400
2023-10-23,18.800792694091797,22.540000915527344,22.889999389648438,22.5049991607666,22.5049991607666,4524000
2023-10-24,19.14788055419922,22.90999984741211,22.950000762939453,22.549999237060547,22.549999237060547,4222600
2023-10-25,19.009977340698242,22.7450008392334,23.06999969482422,22.704999923706055,22.954999923706055,3241600
2023-10-26,19.23982048034668,23.020000457763672,23.190000534057617,22.760000228881836,22.78499984741211,6504600
2023-10-27,18.692373275756836,22.364999771118164,23.135000228881836,22.21500015258789,23.0049991607666,5610600
2023-10-30,18.84699821472168,22.549999237060547,22.7549991607666,22.295000076293945,22.364999771118164,5259000
2023-10-31,18.905506134033203,22.6200008392334,22.885000228881836,22.510000228881836,22.600000381469727,4294400
2023-11-01,19.86247444152832,23.764999389648438,23.875,22.90999984741211,22.924999237060547,8255200
2023-11-03,19.912628173828125,23.825000762939453,24.235000610351562,23.709999084472656,24.0,7897400
2023-11-06,19.73293113708496,23.610000610351562,23.940000534057617,23.4950008392334,23.854999542236328,4783000
2023-11-07,20.075597763061523,24.020000457763672,24.06999969482422,23.69499969482422,23.704999923706055,5856800
2023-11-08,20.714982986450195,24.78499984741211,24.799999237060547,24.065000534057617,24.075000762939453,8731800
2023-11-09,20.689905166625977,24.7549991607666,25.09000015258789,24.514999389648438,24.780000686645508,6538600
2023-11-10,20.936464309692383,25.049999237060547,25.149999618530273,24.59000015258789,24.764999389648438,4920600
2023-11-13,21.170486450195312,25.329999923706055,25.469999313354492,24.93000030517578,24.985000610351562,5797000
2023-11-14,21.27495574951172,25.454999923706055,26.25,25.280000686645508,25.46500015258789,8394800
2023-11-16,21.17466163635254,25.334999084472656,25.5,25.024999618530273,25.354999542236328,7915400
2023-11-17,21.045120239257812,25.18000030517578,25.334999084472656,24.959999084472656,25.329999923706055,7382200
2023-11-20,21.036758422851562,25.170000076293945,25.170000076293945,24.940000534057617,25.125,3918000
2023-11-21,21.178842544555664,25.34000015258789,25.440000534057617,24.924999237060547,25.170000076293945,2675200
2023-11-22,21.44629669189453,25.65999984741211,25.795000076293945,25.3700008392334,25.3700008392334,4298800
2023-11-23,21.901796340942383,26.204999923706055,26.204999923706055,25.489999771118164,25.579999923706055,3745400
2023-11-24,21.809858322143555,26.094999313354492,26.235000610351562,25.885000228881836,26.059999465942383,3464200
2023-11-27,21.88508415222168,26.184999465942383,26.469999313354492,26.094999313354492,26.125,3761400
2023-11-28,21.75971221923828,26.03499984741211,26.454999923706055,25.9950008392334,26.075000762939453,4371800
2023-11-29,21.989559173583984,26.309999465942383,26.309999465942383,25.81999969482422,25.9950008392334,5222200
2023-11-30,22.048065185546875,26.3799991607666,26.540000915527344,26.065000534057617,26.30500030517578,12657600
2023-12-01,21.910160064697266,26.21500015258789,26.5,26.21500015258789,26.315000534057617,3569000
2023-12-04,22.11074447631836,26.454999923706055,26.454999923706055,26.104999542236328,26.18000030517578,3725800
2023-12-05,22.20267677307129,26.565000534057617,26.6200008392334,26.139999389648438,26.454999923706055,2896200
2023-12-06,22.265365600585938,26.639999389648438,26.75,26.510000228881836,26.625,4135000
2023-12-07,22.244470596313477,26.614999771118164,26.75,26.440000534057617,26.59000015258789,3796000
2023-12-08,22.357303619384766,26.75,26.75,26.399999618530273,26.614999771118164,2941400
2023-12-11,22.11074447631836,26.454999923706055,26.7450008392334,26.290000915527344,26.674999237060547,3152600
2023-12-12,22.29879379272461,26.68000030517578,26.68000030517578,26.28499984741211,26.450000762939453,2944000
2023-12-13,22.61639404296875,27.059999465942383,27.114999771118164,26.600000381469727,26.639999389648438,5879800
2023-12-14,22.71251106262207,27.174999237060547,27.3700008392334,26.915000915527344,27.155000686645508,4561600
2023-12-15,22.40744972229004,26.809999465942383,27.309999465942383,26.575000762939453,27.309999465942383,7019800
2023-12-18,22.528636932373047,26.954999923706055,27.139999389648438,26.684999465942383,26.9950008392334,2666000
2023-12-19,22.386552810668945,26.78499984741211,27.0,26.59000015258789,26.975000381469727,2632400
2023-12-20,22.34476661682129,26.735000610351562,26.975000381469727,26.670000076293945,26.78499984741211,4505800
2023-12-21,22.23193359375,26.600000381469727,26.940000534057617,26.5049991607666,26.940000534057617,2519600
2023-12-22,22.390731811523438,26.790000915527344,26.90999984741211,26.520000457763672,26.545000076293945,2205000
2023-12-26,22.503570556640625,26.924999237060547,26.924999237060547,26.655000686645508,26.78499984741211,1397000
2023-12-27,22.67416763305664,26.8700008392334,27.0,26.655000686645508,26.700000762939453,3446400
2023-12-28,22.547597885131836,26.719999313354492,27.0,26.674999237060547,26.854999542236328,2755000
2024-01-02,22.201616287231445,26.309999465942383,26.719999313354492,26.155000686645508,26.719999313354492,6170400
2024-01-03,21.910484313964844,25.96500015258789,26.34000015258789,25.899999618530273,26.260000228881836,4471200
2024-01-04,21.69108772277832,25.704999923706055,26.040000915527344,25.594999313354492,25.96500015258789,3067400
2024-01-05,21.298694610595703,25.239999771118164,25.4950008392334,24.959999084472656,25.385000228881836,5387600
2024-01-08,21.096172332763672,25.0,25.364999771118164,24.989999771118164,25.1299991607666,3627400
2024-01-09,21.193218231201172,25.114999771118164,25.114999771118164,24.790000915527344,24.959999084472656,6043000
2024-01-10,21.357769012451172,25.309999465942383,25.309999465942383,24.975000381469727,25.040000915527344,2979200
2024-01-11,21.239627838134766,25.170000076293945,25.385000228881836,24.924999237060547,25.315000534057617,3082200
2024-01-12,21.421056747436523,25.385000228881836,25.385000228881836,25.010000228881836,25.09000015258789,3909800
2024-01-15,21.387298583984375,25.344999313354492,25.454999923706055,25.204999923706055,25.375,1392800
2024-01-16,21.378860473632812,25.334999084472656,25.440000534057617,25.049999237060547,25.114999771118164,4188600
2024-01-17,21.501216888427734,25.479999542236328,25.71500015258789,25.235000610351562,25.290000915527344,7417600
2024-01-18,21.357769012451172,25.309999465942383,25.520000457763672,25.2549991607666,25.479999542236328,4322800
2024-01-19,21.370426177978516,25.325000762939453,25.364999771118164,25.18000030517578,25.30500030517578,2933800
2024-01-22,21.450592041015625,25.420000076293945,25.5049991607666,25.209999084472656,25.434999465942383,3343400
2024-01-23,21.475908279418945,25.450000762939453,25.584999084472656,25.155000686645508,25.514999389648438,4485600
2024-01-24,21.39996337890625,25.360000610351562,25.665000915527344,25.19499969482422,25.649999618530273,4263600
2024-01-25,21.41261863708496,25.375,25.375,25.155000686645508,25.3700008392334,2124000
2024-01-26,21.60248565673828,25.600000381469727,25.6299991607666,25.309999465942383,25.424999237060547,2543600
2024-01-29,21.509658813476562,25.489999771118164,25.625,25.385000228881836,25.625,2065000
2024-01-30,21.46746826171875,25.440000534057617,25.514999389648438,25.385000228881836,25.485000610351562,4009000
2024-01-31,21.669992446899414,25.68000030517578,25.739999771118164,25.395000457763672,25.489999771118164,4326600
2024-02-01,22.11722755432129,26.209999084472656,26.270000457763672,25.6200008392334,25.68000030517578,4784200
2024-02-02,22.113008499145508,26.204999923706055,26.424999237060547,25.71500015258789,26.219999313354492,5724800
2024-02-05,22.311309814453125,26.440000534057617,26.594999313354492,25.94499969482422,26.334999084472656,2508600
2024-02-06,22.733243942260742,26.940000534057617,26.954999923706055,26.34000015258789,26.440000534057617,2868200
2024-02-07,22.737457275390625,26.94499969482422,27.325000762939453,26.739999771118164,26.739999771118164,3859200
2024-02-08,22.648855209350586,26.84000015258789,27.219999313354492,26.829999923706055,26.954999923706055,3851600
2024-02-09,22.64041519165039,26.829999923706055,26.989999771118164,26.510000228881836,26.979999542236328,1882000
2024-02-14,22.99060821533203,27.2450008392334,27.450000762939453,26.700000762939453,26.799999237060547,5440000
2024-02-15,22.796525955200195,27.014999389648438,27.3799991607666,26.959999084472656,27.354999542236328,3588200
2024-02-16,22.218486785888672,26.329999923706055,27.139999389648438,26.30500030517578,27.100000381469727,4683800
2024-02-19,22.302875518798828,26.43000030517578,26.684999465942383,26.100000381469727,26.139999389648438,3363800
2024-02-20,22.332412719726562,26.46500015258789,26.719999313354492,26.149999618530273,26.43000030517578,9125600
2024-02-21,22.623537063598633,26.809999465942383,27.094999313354492,26.274999618530273,26.860000610351562,5801600
2024-02-22,23.70366096496582,28.09000015258789,28.09000015258789,26.885000228881836,26.940000534057617,6167800
2024-02-23,23.336585998535156,27.655000686645508,28.274999618530273,27.645000457763672,28.190000534057617,4065000
2024-02-26,23.07921600341797,27.350000381469727,27.6299991607666,27.200000762939453,27.594999313354492,4952000
2024-02-27,23.82179832458496,28.229999542236328,28.30500030517578,27.280000686645508,27.5,5571400
2024-02-28,23.50957489013672,27.860000610351562,28.19499969482422,27.75,27.950000762939453,3861200
2024-02-29,22.986391067504883,27.239999771118164,27.940000534057617,27.165000915527344,27.829999923706055,9008600
2024-03-01,22.779647827148438,26.9950008392334,27.3799991607666,26.954999923706055,27.2549991607666,4721600
2024-03-04,22.150985717773438,26.25,27.040000915527344,26.209999084472656,26.989999771118164,4532600
2024-03-05,21.969552993774414,26.03499984741211,26.375,25.854999542236328,26.2450008392334,6438600
2024-03-06,21.94424057006836,26.0049991607666,26.25,25.75,26.165000915527344,4610400
2024-03-07,22.176301956176758,26.280000686645508,26.354999542236328,25.795000076293945,26.010000228881836,4666800
2024-03-08,22.070816040039062,26.155000686645508,26.44499969482422,25.959999084472656,26.280000686645508,4470200
2024-03-11,22.04972267150879,26.1299991607666,26.280000686645508,25.905000686645508,25.96500015258789,3073600
2024-03-12,22.01174545288086,26.084999084472656,26.229999542236328,25.78499984741211,26.1299991607666,4578200
2024-03-13,21.94424057006836,26.0049991607666,26.190000534057617,25.8799991607666,25.924999237060547,4469800
2024-03-14,22.425233840942383,26.575000762939453,26.575000762939453,25.885000228881836,25.975000381469727,5185000
2024-03-15,21.948463439941406,26.010000228881836,26.8799991607666,26.010000228881836,26.6200008392334,7642800
2024-03-18,21.805007934570312,25.84000015258789,26.15999984741211,25.670000076293945,26.15999984741211,2550600
2024-03-19,21.598268508911133,25.594999313354492,26.05500030517578,25.594999313354492,25.899999618530273,2106400
2024-03-20,21.632017135620117,25.635000228881836,25.790000915527344,25.524999618530273,25.655000686645508,2389800
2024-03-21,21.64045524597168,25.645000457763672,25.895000457763672,25.405000686645508,25.55500030517578,4043000
2024-03-22,21.817659378051758,25.854999542236328,26.040000915527344,25.549999237060547,25.645000457763672,2691200
2024-03-25,21.197433471679688,25.1200008392334,25.84000015258789,25.1200008392334,25.799999237060547,6551600
2024-03-26,21.34511375427246,25.295000076293945,25.625,25.079999923706055,25.1200008392334,3976200
2024-03-27,21.26072120666504,25.19499969482422,25.43000030517578,25.0049991607666,25.375,2482000
2024-03-28,21.349327087402344,25.299999237060547,25.334999084472656,25.0049991607666,25.25,4418600
2024-04-01,21.515119552612305,25.405000686645508,25.795000076293945,25.2549991607666,25.2549991607666,6669200
2024-04-02,21.37114906311035,25.235000610351562,25.424999237060547,25.1299991607666,25.424999237060547,2948600
2024-04-03,21.633684158325195,25.545000076293945,25.639999389648438,25.104999542236328,25.329999923706055,3336400
2024-04-04,21.91316032409668,25.875,26.014999389648438,25.53499984741211,25.56999969482422,3099400
2024-04-05,21.79458999633789,25.735000610351562,26.219999313354492,25.625,25.875,3105000
2024-04-08,21.819997787475586,25.764999389648438,25.90999984741211,25.520000457763672,25.735000610351562,1900800
2024-04-09,21.95549964904785,25.924999237060547,26.045000076293945,25.774999618530273,25.80500030517578,3203800
2024-04-10,21.756481170654297,25.690000534057617,26.200000762939453,25.614999771118164,25.895000457763672,4099200
2024-04-11,21.285621643066406,24.690000534057617,25.104999542236328,24.594999313354492,25.0,3699400
2024-04-12,21.15199851989746,24.53499984741211,24.649999618530273,24.2549991607666,24.594999313354492,3231600
2024-04-15,21.0399227142334,24.405000686645508,24.639999389648438,24.264999389648438,24.510000228881836,4277600
2024-04-16,20.98819351196289,24.344999313354492,24.614999771118164,24.135000228881836,24.21500015258789,4348200
2024-04-17,21.083032608032227,24.454999923706055,24.5,24.174999237060547,24.3700008392334,3670800
2024-04-18,21.005434036254883,24.364999771118164,24.600000381469727,24.114999771118164,24.454999923706055,3581000
2024-04-19,20.99681854248047,24.354999542236328,24.454999923706055,24.139999389648438,24.260000228881836,4293200
2024-04-22,21.03561019897461,24.399999618530273,24.600000381469727,24.190000534057617,24.354999542236328,3334000
2024-04-23,20.794221878051758,24.1200008392334,24.329999923706055,24.1200008392334,24.19499969482422,3393800
2024-04-24,20.647659301757812,23.950000762939453,24.264999389648438,23.864999771118164,24.084999084472656,3648800
2024-04-25,20.55713653564453,23.844999313354492,24.219999313354492,23.844999313354492,24.020000457763672,3362800
2024-04-26,20.690767288208008,24.0,24.190000534057617,23.905000686645508,23.905000686645508,3423600
2024-04-29,20.66059684753418,23.96500015258789,24.350000381469727,23.940000534057617,23.989999771118164,3268600
2024-04-30,20.504703521728516,23.670000076293945,24.03499984741211,23.670000076293945,23.8700008392334,5513400
2024-05-02,21.509584426879883,24.829999923706055,24.84000015258789,23.78499984741211,23.78499984741211,6720200
2024-05-03,21.808446884155273,25.174999237060547,25.420000076293945,24.760000228881836,24.93000030517578,6264200
2024-05-06,21.89940071105957,25.280000686645508,25.405000686645508,24.94499969482422,25.049999237060547,4544600
2024-05-07,21.54422950744629,24.8700008392334,25.434999465942383,24.770000457763672,25.200000762939453,5927800
2024-05-08,20.331449508666992,23.469999313354492,24.125,23.264999389648438,23.75,13015200
2024-05-09,19.72072410583496,22.764999389648438,23.44499969482422,22.639999389648438,23.204999923706055,7336800
2024-05-10,19.538806915283203,22.55500030517578,22.885000228881836,22.454999923706055,22.764999389648438,4625400
2024-05-13,19.664419174194336,22.700000762939453,22.969999313354492,22.485000610351562,22.55500030517578,5488600
2024-05-14,19.62543487548828,22.655000686645508,23.084999084472656,22.655000686645508,22.81999969482422,5128600
2024-05-15,19.859323501586914,22.924999237060547,22.954999923706055,22.600000381469727,22.690000534057617,7569000
2024-05-16,20.140867233276367,23.25,23.25,22.780000686645508,23.114999771118164,4423000
2024-05-17,20.119213104248047,23.225000381469727,23.329999923706055,23.010000228881836,23.155000686645508,4939400
2024-05-20,19.733722686767578,22.780000686645508,23.309999465942383,22.65999984741211,23.19499969482422,7933600
2024-05-21,19.603775024414062,22.6299991607666,22.8700008392334,22.524999618530273,22.780000686645508,5952400
2024-05-22,19.954618453979492,23.03499984741211,23.100000381469727,22.559999465942383,22.575000762939453,4261600
2024-05-23,19.880983352661133,22.950000762939453,23.084999084472656,22.829999923706055,22.829999923706055,5652400
2024-05-24,19.880983352661133,22.950000762939453,23.28499984741211,22.84000015258789,22.895000457763672,3847200
2024-05-27,19.89398193359375,22.96500015258789,22.969999313354492,22.829999923706055,22.950000762939453,1894800
2024-05-28,19.634096145629883,22.665000915527344,23.100000381469727,22.655000686645508,23.100000381469727,5045600
2024-05-29,19.343894958496094,22.329999923706055,22.65999984741211,22.329999923706055,22.59000015258789,3640000
2024-05-31,18.754823684692383,21.649999618530273,22.239999771118164,21.649999618530273,22.190000534057617,19283600
2024-06-03,19.014707565307617,21.950000762939453,22.1299991607666,21.594999313354492,21.684999465942383,7322400
2024-06-04,19.504154205322266,22.514999389648438,22.53499984741211,21.795000076293945,21.885000228881836,8837000
2024-06-05,19.66008758544922,22.69499969482422,22.975000381469727,22.5049991607666,22.514999389648438,5887000
2024-06-06,19.729387283325195,22.774999618530273,22.959999084472656,22.440000534057617,22.594999313354492,3821200
2024-06-07,19.49116325378418,22.5,22.7549991607666,22.450000762939453,22.59000015258789,6189000
2024-06-10,19.218290328979492,22.184999465942383,22.6200008392334,22.104999542236328,22.46500015258789,4775400
2024-06-11,19.664419174194336,22.700000762939453,22.78499984741211,22.2549991607666,22.30500030517578,3286400
2024-06-12,19.28759002685547,22.264999389648438,22.700000762939453,22.03499984741211,22.690000534057617,5407000
2024-06-13,19.07101821899414,22.014999389648438,22.280000686645508,22.010000228881836,22.260000228881836,3672800
2024-06-14,19.447847366333008,22.450000762939453,22.524999618530273,21.899999618530273,22.014999389648438,5900800
2024-06-17,19.187965393066406,22.149999618530273,22.405000686645508,22.09000015258789,22.334999084472656,3599200
2024-06-18,19.200963973999023,22.165000915527344,22.34000015258789,21.899999618530273,22.100000381469727,2465400
2024-06-19,19.192298889160156,22.155000686645508,22.15999984741211,21.94499969482422,22.06999969482422,1591000
2024-06-20,19.343894958496094,22.329999923706055,22.385000228881836,22.059999465942383,22.229999542236328,3324600
2024-06-21,19.270263671875,22.2450008392334,22.399999618530273,22.125,22.200000762939453,6591000
2024-06-24,19.582122802734375,22.604999542236328,22.68000030517578,22.149999618530273,22.325000762939453,3454600
2024-06-25,19.64276123046875,22.674999237060547,22.719999313354492,22.354999542236328,22.655000686645508,3368600
2024-06-26,20.002260208129883,23.09000015258789,23.15999984741211,22.469999313354492,22.579999923706055,6400200
2024-06-27,19.905113220214844,22.924999237060547,23.184999465942383,22.834999084472656,22.860000610351562,5055800
2024-06-28,19.683706283569336,22.670000076293945,22.989999771118164,22.670000076293945,22.899999618530273,4953800
2024-07-01,19.9224796295166,22.94499969482422,23.010000228881836,22.510000228881836,22.594999313354492,10008800
2024-07-02,19.744487762451172,22.739999771118164,23.155000686645508,22.739999771118164,22.850000381469727,3479200
2024-07-03,19.753170013427734,22.75,23.260000228881836,22.700000762939453,22.860000610351562,4542400
2024-07-04,20.035356521606445,23.075000762939453,23.155000686645508,22.885000228881836,22.940000534057617,2045600
2024-07-05,20.152572631835938,23.209999084472656,23.5,23.049999237060547,23.075000762939453,5505200
2024-07-08,20.19598960876465,23.260000228881836,23.290000915527344,22.864999771118164,23.155000686645508,4195800
2024-07-09,20.300174713134766,23.3799991607666,23.65999984741211,23.174999237060547,23.225000381469727,4117800
2024-07-10,20.5997314453125,23.725000381469727,23.84000015258789,23.3799991607666,23.415000915527344,4377400
2024-07-11,21.272642135620117,24.5,24.530000686645508,23.985000610351562,24.020000457763672,5260400
2024-07-12,21.476686477661133,24.735000610351562,24.895000457763672,24.395000457763672,24.399999618530273,5314600
2024-07-15,21.250934600830078,24.475000381469727,24.885000228881836,24.364999771118164,24.80500030517578,3672200
2024-07-16,21.29869270324707,24.530000686645508,24.84000015258789,24.479999542236328,24.549999237060547,4063800
2024-07-17,21.650341033935547,24.934999465942383,25.030000686645508,24.450000762939453,24.46500015258789,5268600
2024-07-18,21.441953659057617,24.69499969482422,25.049999237060547,24.649999618530273,24.934999465942383,3293000
2024-07-19,21.285667419433594,24.514999389648438,24.920000076293945,24.424999237060547,24.6200008392334,4735200
2024-07-22,21.520103454589844,24.78499984741211,24.854999542236328,24.469999313354492,24.510000228881836,2410600
2024-07-23,21.085962295532227,24.28499984741211,24.940000534057617,24.28499984741211,24.774999618530273,4097000
2024-07-24,21.311710357666016,24.545000076293945,24.579999923706055,24.28499984741211,24.28499984741211,2964200
2024-07-25,21.181474685668945,24.395000457763672,24.71500015258789,24.395000457763672,24.53499984741211,2980600
2024-07-26,21.142404556274414,24.350000381469727,24.540000915527344,24.325000762939453,24.395000457763672,3607000
2024-07-29,21.118600845336914,24.125,24.325000762939453,23.959999084472656,24.05500030517578,4555800
2024-07-30,20.69841766357422,23.645000457763672,24.4950008392334,23.549999237060547,24.155000686645508,5260400
2024-07-31,21.23240089416504,24.2549991607666,24.454999923706055,23.354999542236328,23.600000381469727,9669200
2024-08-01,22.147174835205078,25.299999237060547,25.46500015258789,24.28499984741211,24.389999389648438,12546200
2024-08-02,21.919574737548828,25.040000915527344,25.540000915527344,24.8799991607666,25.299999237060547,7157800
2024-08-05,21.40310287475586,24.450000762939453,24.815000534057617,24.350000381469727,24.690000534057617,5377400
2024-08-06,21.420612335205078,24.469999313354492,24.729999542236328,24.31999969482422,24.5,4053000
2024-08-07,21.75325584411621,24.850000381469727,24.989999771118164,24.510000228881836,24.625,3081200
2024-08-08,22.099031448364258,25.2450008392334,25.399999618530273,24.799999237060547,24.844999313354492,3091800
2024-08-09,22.217206954956055,25.3799991607666,25.55500030517578,25.125,25.4950008392334,2959000
2024-08-12,22.16468620300293,25.31999969482422,25.719999313354492,25.315000534057617,25.600000381469727,3018400
2024-08-13,22.331008911132812,25.510000228881836,25.674999237060547,25.389999389648438,25.405000686645508,3608600
2024-08-14,22.593624114990234,25.809999465942383,25.979999542236328,25.450000762939453,25.5049991607666,4487200
2024-08-15,22.29161262512207,25.46500015258789,25.864999771118164,25.459999084472656,25.815000534057617,3551000
2024-08-16,22.84747886657715,26.100000381469727,26.190000534057617,25.489999771118164,25.639999389648438,4186400
2024-08-19,22.81246566772461,26.059999465942383,26.364999771118164,26.030000686645508,26.149999618530273,4768800
2024-08-20,22.94815444946289,26.21500015258789,26.385000228881836,26.075000762939453,26.19499969482422,3735400
2024-08-21,23.013809204101562,26.290000915527344,26.549999237060547,26.229999542236328,26.28499984741211,4154600
2024-08-22,22.742433547973633,25.979999542236328,26.485000610351562,25.979999542236328,26.485000610351562,4939200
2024-08-23,23.27204704284668,26.584999084472656,26.7450008392334,26.065000534057617,26.09000015258789,4624000
2024-08-26,22.930641174316406,26.19499969482422,26.69499969482422,26.104999542236328,26.584999084472656,2736400
2024-08-27,22.84012794494629,25.969999313354492,26.19499969482422,25.875,26.110000610351562,3361800
2024-08-28,22.86651039123535,26.0,26.06999969482422,25.674999237060547,25.80500030517578,3795200
2024-08-29,22.787363052368164,25.90999984741211,25.959999084472656,25.6200008392334,25.829999923706055,4568200
2024-08-30,22.79175567626953,25.915000915527344,26.059999465942383,25.655000686645508,25.829999923706055,11599800
2024-09-02,22.9632568359375,26.110000610351562,26.110000610351562,25.71500015258789,25.90999984741211,4053000
2024-09-03,23.39859962463379,26.604999542236328,26.764999389648438,26.084999084472656,26.149999618530273,4904400
2024-09-04,23.970264434814453,27.2549991607666,27.4950008392334,26.6200008392334,26.75,6200600
2024-09-05,24.23850440979004,27.559999465942383,27.81999969482422,27.079999923706055,27.204999923706055,5254200
2024-09-06,24.16814613342285,27.479999542236328,27.81999969482422,27.315000534057617,27.5,6749400
2024-09-09,23.829544067382812,27.094999313354492,27.594999313354492,27.059999465942383,27.549999237060547,3926000
2024-09-10,23.9086971282959,27.184999465942383,27.3700008392334,26.985000610351562,27.094999313354492,6913600
2024-09-11,24.027429580688477,27.31999969482422,27.514999389648438,27.110000610351562,27.125,4280200
2024-09-12,24.009838104248047,27.299999237060547,27.440000534057617,27.03499984741211,27.149999618530273,3739000
2024-09-13,24.119773864746094,27.424999237060547,27.709999084472656,27.295000076293945,27.44499969482422,3711000
2024-09-16,24.53752326965332,27.899999618530273,27.899999618530273,27.360000610351562,27.424999237060547,4150600
2024-09-17,24.475963592529297,27.829999923706055,27.985000610351562,27.614999771118164,27.84000015258789,3958400
2024-09-18,24.541927337646484,27.905000686645508,28.15999984741211,27.614999771118164,27.614999771118164,4034000
2024-09-19,24.273679733276367,27.600000381469727,28.0,27.55500030517578,27.950000762939453,4110800
2024-09-20,24.30886459350586,27.639999389648438,27.875,27.31999969482422,27.44499969482422,8776200
2024-09-23,24.15494728088379,27.46500015258789,27.6200008392334,27.270000457763672,27.5,2558400
2024-09-24,24.30886459350586,27.639999389648438,27.844999313354492,27.489999771118164,27.790000915527344,3195400
2024-09-25,24.405607223510742,27.75,28.014999389648438,27.540000915527344,27.65999984741211,4439000
2024-09-26,24.21211814880371,27.530000686645508,27.920000076293945,27.440000534057617,27.860000610351562,3799200
2024-09-27,24.44957733154297,27.799999237060547,28.09000015258789,27.575000762939453,27.575000762939453,3891800
2024-09-30,24.54631996154785,27.90999984741211,28.459999084472656,27.80500030517578,27.829999923706055,4955800
2024-10-01,24.43638801574707,27.78499984741211,28.360000610351562,27.75,28.020000457763672,6101200
2024-10-02,24.665050506591797,28.045000076293945,28.325000762939453,27.78499984741211,28.325000762939453,3616800
2024-10-03,24.049413681030273,27.344999313354492,28.079999923706055,27.344999313354492,27.739999771118164,4062600
2024-10-04,24.01862907409668,27.309999465942383,27.510000228881836,27.075000762939453,27.104999542236328,4850800
2024-10-07,23.675636291503906,26.920000076293945,27.59000015258789,26.905000686645508,27.5,3857800
2024-10-08,23.803163528442383,27.065000534057617,27.315000534057617,27.049999237060547,27.174999237060547,4340400
2024-10-09,23.697628021240234,26.94499969482422,27.125,26.8700008392334,26.915000915527344,3151200
2024-10-10,23.658044815063477,26.899999618530273,27.2549991607666,26.899999618530273,27.014999389648438,2897400
2024-10-11,23.161136627197266,26.334999084472656,26.895000457763672,26.274999618530273,26.815000534057617,3785200
2024-10-14,23.38980484008789,26.594999313354492,26.6299991607666,26.280000686645508,26.31999969482422,6672400
2024-10-15,23.372215270996094,26.575000762939453,26.899999618530273,26.53499984741211,26.625,4594400
2024-10-16,23.877914428710938,27.149999618530273,27.350000381469727,26.424999237060547,26.575000762939453,8201600
2024-10-17,23.965862274169922,27.25,27.434999465942383,26.704999923706055,26.780000686645508,2888200
2024-10-18,24.102184295654297,27.405000686645508,27.485000610351562,27.135000228881836,27.395000457763672,3933400
2024-10-21,23.94387435913086,27.225000381469727,27.514999389648438,27.19499969482422,27.40999984741211,4029800
2024-10-22,23.574499130249023,26.80500030517578,26.9950008392334,26.670000076293945,26.9950008392334,3119800
2024-10-23,23.600881576538086,26.834999084472656,26.93000030517578,26.625,26.655000686645508,2283400
2024-10-24,23.644855499267578,26.885000228881836,27.299999237060547,26.75,26.920000076293945,6075000
2024-10-25,23.495342254638672,26.71500015258789,26.954999923706055,26.56999969482422,26.895000457763672,3519600
2024-10-28,23.684432983398438,26.93000030517578,27.200000762939453,26.770000457763672,26.9950008392334,2146600
2024-10-29,22.826934814453125,25.954999923706055,27.184999465942383,25.954999923706055,26.899999618530273,7178000
2024-10-30,23.165538787841797,26.34000015258789,26.5,25.940000534057617,25.940000534057617,5623400
2024-10-31,23.147945404052734,26.31999969482422,26.635000228881836,26.18000030517578,26.18000030517578,5219600
2024-11-01,23.038009643554688,26.19499969482422,26.614999771118164,26.19499969482422,26.315000534057617,4113000
2024-11-04,23.477752685546875,26.69499969482422,26.700000762939453,26.260000228881836,26.44499969482422,4054600
2024-11-05,23.315048217773438,26.510000228881836,26.950000762939453,25.924999237060547,26.725000381469727,6240800
2024-11-06,23.266677856445312,26.454999923706055,27.364999771118164,26.03499984741211,26.25,6592200
2024-11-07,23.45576286315918,26.670000076293945,27.0,26.174999237060547,26.225000381469727,3824600
2024-11-08,22.86651039123535,26.0,26.454999923706055,25.8799991607666,26.354999542236328,3975800
2024-11-11,23.306255340576172,26.5,26.540000915527344,25.799999237060547,25.950000762939453,3321200
2024-11-12,22.97644805908203,26.125,26.600000381469727,26.0049991607666,26.264999389648438,4731000
2024-11-13,22.892900466918945,26.030000686645508,26.25,25.8700008392334,26.065000534057617,3417800
2024-11-14,22.690616607666016,25.799999237060547,26.19499969482422,25.799999237060547,26.030000686645508,3374400
2024-11-18,22.68621826171875,25.795000076293945,25.899999618530273,25.579999923706055,25.770000457763672,4842000
2024-11-19,22.92367935180664,26.065000534057617,26.125,25.649999618530273,25.885000228881836,2898000
2024-11-21,22.2288875579834,25.274999618530273,25.860000610351562,25.229999542236328,25.600000381469727,5683000
2024-11-22,22.42677116394043,25.5,25.725000381469727,25.219999313354492,25.725000381469727,3581000
2024-11-25,22.444360733032227,25.520000457763672,25.920000076293945,25.309999465942383,25.375,6542400
2024-11-26,22.813739776611328,25.940000534057617,26.075000762939453,25.53499984741211,25.7450008392334,3461600
2024-11-27,22.369606018066406,25.434999465942383,26.114999771118164,25.325000762939453,25.934999465942383,5957000
2024-11-28,21.696800231933594,24.670000076293945,25.46500015258789,24.600000381469727,25.325000762939453,4089000
2024-11-29,21.775957107543945,24.760000228881836,24.899999618530273,24.354999542236328,24.670000076293945,5789200
2024-12-02,21.78915023803711,24.774999618530273,25.0049991607666,24.350000381469727,24.565000534057617,6947200
2024-12-03,22.554298400878906,25.645000457763672,25.690000534057617,24.760000228881836,24.780000686645508,6416400
2024-12-04,22.44876480102539,25.524999618530273,25.770000457763672,25.43000030517578,25.440000534057617,4650400
2024-12-05,22.831335067749023,25.959999084472656,25.9950008392334,25.450000762939453,25.760000228881836,9685000
2024-12-06,22.716999053955078,25.829999923706055,26.299999237060547,25.670000076293945,25.959999084472656,6031600
2024-12-09,22.457555770874023,25.53499984741211,26.049999237060547,25.489999771118164,25.795000076293945,7061200
2024-12-10,22.620258331298828,25.719999313354492,25.889999389648438,25.510000228881836,25.649999618530273,4485000
2024-12-11,22.97644805908203,26.125,26.395000457763672,25.545000076293945,25.719999313354492,4414200
2024-12-12,21.88149070739746,24.8799991607666,26.1200008392334,24.540000915527344,25.975000381469727,9874600
2024-12-13,21.731985092163086,24.709999084472656,25.09000015258789,24.69499969482422,24.885000228881836,4716400
2024-12-16,21.63524055480957,24.600000381469727,25.065000534057617,24.524999618530273,24.704999923706055,4692800
2024-12-17,21.657224655151367,24.625,24.8700008392334,24.489999771118164,24.649999618530273,7911000
2024-12-18,21.397781372070312,24.329999923706055,24.610000610351562,24.18000030517578,24.479999542236328,8654800
2024-12-19,21.61764907836914,24.579999923706055,24.69499969482422,24.290000915527344,24.524999618530273,6513800
2024-12-20,21.833127975463867,24.825000762939453,24.825000762939453,24.25,24.565000534057617,11223800
2024-12-23,21.125137329101562,24.020000457763672,24.69499969482422,23.96500015258789,24.459999084472656,5876800
2024-12-26,21.292240142822266,24.209999084472656,24.405000686645508,24.06999969482422,24.114999771118164,2422800
2024-12-27,21.059009552001953,23.579999923706055,24.110000610351562,23.579999923706055,24.110000610351562,3279800
2024-12-30,20.884855270385742,23.385000228881836,23.729999542236328,23.30500030517578,23.594999313354492,2229600
2025-01-02,21.014354705810547,23.530000686645508,23.7549991607666,23.219999313354492,23.25,3511800
2025-01-03,20.925052642822266,23.43000030517578,23.7450008392334,23.165000915527344,23.545000076293945,6001600
2025-01-06,21.318008422851562,23.8700008392334,23.8700008392334,23.479999542236328,23.56999969482422,3566600
2025-01-07,21.7556209564209,24.360000610351562,24.584999084472656,24.049999237060547,24.344999313354492,8728200
2025-01-08,21.099201202392578,23.625,24.350000381469727,23.540000915527344,24.239999771118164,4564800
2025-01-09,21.402851104736328,23.96500015258789,24.065000534057617,23.5049991607666,23.5049991607666,2659800
2025-01-10,20.929508209228516,23.434999465942383,23.959999084472656,23.43000030517578,23.959999084472656,2396600
2025-01-13,20.916114807128906,23.420000076293945,23.524999618530273,23.280000686645508,23.440000534057617,2554400
2025-01-14,21.067947387695312,23.59000015258789,23.65999984741211,23.3799991607666,23.44499969482422,3158400
2025-01-15,21.8092041015625,24.420000076293945,24.43000030517578,23.600000381469727,23.815000534057617,5491800
2025-01-16,21.657381057739258,24.25,24.69499969482422,24.104999542236328,24.530000686645508,3061400
2025-01-17,21.925304412841797,24.549999237060547,24.614999771118164,24.075000762939453,24.274999618530273,3398800
2025-01-20,21.898515701293945,24.520000457763672,24.665000915527344,24.350000381469727,24.450000762939453,1869400
2025-01-21,22.246816635131836,24.90999984741211,25.049999237060547,24.360000610351562,24.520000457763672,4441400
2025-01-22,22.595123291015625,25.299999237060547,25.520000457763672,24.985000610351562,25.024999618530273,3750400
2025-01-23,22.70676040649414,25.424999237060547,25.655000686645508,25.28499984741211,25.329999923706055,3151000
2025-01-24,22.57725715637207,25.280000686645508,25.420000076293945,25.114999771118164,25.420000076293945,2291200
2025-01-27,23.546262741088867,26.364999771118164,26.364999771118164,25.25,25.350000381469727,3340800
2025-01-28,22.952356338500977,25.700000762939453,26.375,25.53499984741211,26.209999084472656,4440600
2025-01-29,22.791601181030273,25.520000457763672,25.809999465942383,25.434999465942383,25.739999771118164,2961000
2025-01-30,23.023807525634766,25.780000686645508,26.0,25.53499984741211,25.53499984741211,5346200
2025-01-31,23.162235260009766,25.934999465942383,26.184999465942383,25.719999313354492,25.760000228881836,4747000
2025-02-03,23.01934051513672,25.774999618530273,25.825000762939453,25.360000610351562,25.75,3733000
2025-02-04,23.14436912536621,25.915000915527344,25.940000534057617,25.5049991607666,25.56999969482422,2691000
2025-02-05,23.162235260009766,25.934999465942383,26.0,25.665000915527344,25.985000610351562,3775200
2025-02-06,22.782672882080078,25.510000228881836,26.030000686645508,25.270000457763672,25.924999237060547,2310000
2025-02-07,22.72908592224121,25.450000762939453,25.71500015258789,25.315000534057617,25.5,3949800
2025-02-10,22.48348617553711,25.174999237060547,25.684999465942383,25.104999542236328,25.645000457763672,4231600
2025-02-11,23.358713150024414,26.155000686645508,26.399999618530273,25.19499969482422,25.270000457763672,6262800
2025-02-12,23.412303924560547,26.21500015258789,26.549999237060547,25.809999465942383,26.0,8288200
2025-02-13,23.907962799072266,26.770000457763672,26.780000686645508,26.09000015258789,26.274999618530273,4255400
2025-02-14,24.04639434814453,26.924999237060547,27.125,26.735000610351562,26.829999923706055,3915800
2025-02-17,23.85437774658203,26.709999084472656,27.110000610351562,26.579999923706055,27.110000610351562,1737400
2025-02-18,23.939220428466797,26.80500030517578,26.84000015258789,26.514999389648438,26.709999084472656,2048200
2025-02-19,23.546262741088867,26.364999771118164,26.645000457763672,26.270000457763672,26.645000457763672,2489200
2025-02-20,23.331918716430664,26.125,26.540000915527344,25.799999237060547,26.540000915527344,4272800
2025-02-21,23.55072784423828,26.3700008392334,26.670000076293945,25.854999542236328,26.229999542236328,3922200
2025-02-24,23.622173309326172,26.450000762939453,26.93000030517578,26.190000534057617,26.479999542236328,3417000
2025-02-25,23.93582534790039,26.7450008392334,26.864999771118164,26.44499969482422,26.450000762939453,3754400
2025-02-26,22.248821258544922,24.860000610351562,26.350000381469727,24.78499984741211,26.350000381469727,14064000
2025-02-27,22.47703742980957,25.114999771118164,25.350000381469727,24.770000457763672,24.989999771118164,7183200
2025-02-28,22.17580795288086,24.170000076293945,24.559999465942383,23.850000381469727,24.2450008392334,10650400
2025-03-05,22.354719161987305,24.364999771118164,24.399999618530273,23.770000457763672,24.170000076293945,6000600
2025-03-06,22.47858238220215,24.5,24.56999969482422,24.045000076293945,24.53499984741211,7764600
2025-03-07,22.694190979003906,24.735000610351562,24.895000457763672,24.03499984741211,24.360000610351562,6665200
2025-03-10,22.88686752319336,24.94499969482422,24.94499969482422,24.450000762939453,24.69499969482422,3185600
2025-03-11,22.451059341430664,24.469999313354492,24.950000762939453,24.31999969482422,24.94499969482422,3609400
2025-03-12,22.61161994934082,24.645000457763672,24.65999984741211,24.329999923706055,24.475000381469727,3513000
2025-03-13,22.81346893310547,24.864999771118164,25.05500030517578,24.125,24.545000076293945,3097400
2025-03-14,23.469470977783203,25.579999923706055,25.68000030517578,25.014999389648438,25.139999389648438,5620600
2025-03-17,23.625446319580078,25.75,25.790000915527344,25.280000686645508,25.584999084472656,4066600
2025-03-18,23.538286209106445,25.655000686645508,25.850000381469727,25.565000534057617,25.799999237060547,3703400
2025-03-19,23.207990646362305,25.295000076293945,25.69499969482422,24.940000534057617,25.65999984741211,5974000
2025-03-20,22.52904510498047,24.55500030517578,25.424999237060547,24.354999542236328,25.395000457763672,8095000
2025-03-21,22.90062713623047,24.959999084472656,25.045000076293945,24.684999465942383,24.739999771118164,9045400
2025-03-24,22.81346893310547,24.864999771118164,25.040000915527344,24.700000762939453,25.040000915527344,3442600
2025-03-25,22.566715240478516,24.53499984741211,24.969999313354492,24.344999313354492,24.969999313354492,5181000
2025-03-26,23.045001983642578,25.05500030517578,25.260000228881836,24.424999237060547,24.540000915527344,3938000
2025-03-27,23.17376708984375,25.19499969482422,25.46500015258789,24.915000915527344,25.05500030517578,3754800
2025-03-28,23.063396453857422,25.075000762939453,25.389999389648438,24.975000381469727,25.19499969482422,3028200
2025-03-31,22.916227340698242,24.915000915527344,25.229999542236328,24.78499984741211,25.075000762939453,3117600
2025-04-01,24.052156448364258,26.149999618530273,26.21500015258789,24.885000228881836,24.915000915527344,11250200
2025-04-02,23.6612491607666,25.725000381469727,26.209999084472656,25.704999923706055,26.020000457763672,4427400
2025-04-03,24.102739334106445,26.204999923706055,26.729999542236328,25.645000457763672,25.645000457763672,4449800
2025-04-04,23.477294921875,25.524999618530273,26.05500030517578,25.5,25.9950008392334,3982800
2025-04-07,22.77366828918457,24.760000228881836,25.579999923706055,24.6299991607666,25.469999313354492,4363000
2025-04-08,23.012802124023438,25.020000457763672,25.135000228881836,24.760000228881836,24.760000228881836,3075800
2025-04-09,23.330129623413086,25.364999771118164,25.899999618530273,24.8700008392334,24.924999237060547,4987000
2025-04-10,23.288742065429688,25.31999969482422,25.549999237060547,25.030000686645508,25.209999084472656,2794600
2025-04-11,23.20136070251465,25.225000381469727,25.559999465942383,24.96500015258789,25.510000228881836,2515400
2025-04-14,23.488786697387695,25.5,25.704999923706055,25.104999542236328,25.440000534057617,3224000
2025-04-15,23.45193862915039,25.459999084472656,26.25,25.34000015258789,25.5,2597000
2025-04-16,23.709857940673828,25.739999771118164,26.280000686645508,25.270000457763672,25.459999084472656,6022600
2025-04-17,24.32701301574707,26.40999984741211,26.68000030517578,25.530000686645508,25.639999389648438,3996700
2025-04-22,24.280960083007812,26.360000610351562,26.649999618530273,25.90999984741211,26.059999465942383,3073700
2025-04-23,24.778366088867188,26.899999618530273,27.299999237060547,26.520000457763672,26.649999618530273,4747400
2025-04-24,25.165241241455078,27.31999969482422,27.6200008392334,26.950000762939453,27.170000076293945,6436100
2025-04-25,25.008647918701172,27.149999618530273,27.719999313354492,26.950000762939453,27.389999389648438,5128600
2025-04-28,25.08234214782715,27.229999542236328,27.229999542236328,27.030000686645508,27.149999618530273,3151700
2025-04-29,25.266565322875977,27.43000030517578,27.8799991607666,27.1299991607666,27.229999542236328,7545100
2025-04-30,25.598173141479492,27.790000915527344,27.860000610351562,27.260000228881836,27.40999984741211,5217100
2025-05-02,25.192874908447266,27.350000381469727,27.829999923706055,27.290000915527344,27.790000915527344,6626200
2025-05-05,25.36789321899414,27.540000915527344,27.719999313354492,27.3700008392334,27.579999923706055,5904500
2025-05-06,25.975831985473633,28.200000762939453,28.299999237060547,27.510000228881836,27.610000610351562,5295300
2025-05-07,26.150846481323242,28.389999389648438,28.6200008392334,28.170000076293945,28.34000015258789,3801600
2025-05-08,25.70870590209961,27.90999984741211,28.649999618530273,27.90999984741211,28.579999923706055,4830600
2025-05-09,25.828453063964844,28.040000915527344,28.100000381469727,27.6299991607666,27.8700008392334,2245400
2025-05-12,25.054704666137695,27.200000762939453,28.09000015258789,27.200000762939453,28.0,3122000
2025-05-13,26.114002227783203,28.350000381469727,28.770000457763672,27.280000686645508,27.360000610351562,10325500
2025-05-14,26.16006088256836,28.399999618530273,28.889999389648438,27.8700008392334,28.270000457763672,6942900
2025-05-15,25.929777145385742,28.149999618530273,28.59000015258789,27.889999389648438,28.100000381469727,6131400
2025-05-16,25.616594314575195,27.809999465942383,28.329999923706055,27.639999389648438,28.200000762939453,7827000
2025-05-19,25.478424072265625,27.65999984741211,27.770000457763672,27.25,27.360000610351562,41218200
2025-05-20,25.53369140625,27.719999313354492,27.8799991607666,27.329999923706055,27.65999984741211,5736300
2025-05-21,25.340255737304688,27.510000228881836,27.770000457763672,27.270000457763672,27.600000381469727,4799500
2025-05-22,25.552114486694336,27.739999771118164,27.8799991607666,27.3799991607666,27.399999618530273,8920100
2025-05-23,25.620954513549805,27.65999984741211,27.790000915527344,27.059999465942383,27.260000228881836,4076600
2025-05-26,25.852521896362305,27.90999984741211,28.020000457763672,27.549999237060547,27.670000076293945,2615300
2025-05-27,26.000728607177734,28.06999969482422,28.489999771118164,27.93000030517578,28.309999465942383,4266300
2025-05-28,26.16745376586914,28.25,28.3700008392334,27.850000381469727,28.309999465942383,5048800
2025-05-29,25.99146270751953,28.059999465942383,28.350000381469727,27.8799991607666,28.25,3351500
2025-05-30,26.54723358154297,28.65999984741211,28.68000030517578,27.860000610351562,28.299999237060547,16649400
2025-06-02,26.825119018554688,28.959999084472656,29.56999969482422,28.729999542236328,28.770000457763672,12721600
2025-06-03,27.028902053833008,29.18000030517578,29.6299991607666,29.0,29.030000686645508,16644400
2025-06-04,27.325315475463867,29.5,29.6299991607666,29.209999084472656,29.40999984741211,7303300
2025-06-05,26.760278701782227,28.889999389648438,29.530000686645508,28.700000762939453,29.530000686645508,5880800
2025-06-06,26.658388137817383,28.780000686645508,29.309999465942383,28.6299991607666,29.079999923706055,8717200
2025-06-09,26.732494354248047,28.860000610351562,29.010000228881836,28.360000610351562,28.860000610351562,5115900
2025-06-10,26.862171173095703,29.0,29.219999313354492,28.84000015258789,29.0,6327000
2025-06-11,27.51056671142578,29.700000762939453,29.8700008392334,28.8700008392334,29.0,11223200
2025-06-12,27.556882858276367,29.75,29.84000015258789,29.40999984741211,29.700000762939453,4999800
2025-06-13,27.593935012817383,29.790000915527344,30.09000015258789,29.31999969482422,29.3799991607666,6075200
2025-06-16,27.964447021484375,30.190000534057617,30.559999465942383,29.950000762939453,30.09000015258789,4399500
2025-06-17,27.8718204498291,30.09000015258789,30.34000015258789,29.799999237060547,30.190000534057617,4506500
2025-06-18,27.640247344970703,29.84000015258789,30.049999237060547,29.700000762939453,29.81999969482422,6122200
2025-06-20,28.047813415527344,30.280000686645508,30.360000610351562,29.65999984741211,29.770000457763672,7437800
2025-06-23,28.20528221130371,30.450000762939453,30.540000915527344,30.06999969482422,30.200000762939453,4640500
2025-06-24,28.346302032470703,30.540000915527344,30.700000762939453,30.239999771118164,30.43000030517578,4448500
2025-06-25,27.69658088684082,29.84000015258789,30.59000015258789,29.84000015258789,30.329999923706055,2790900
2025-06-26,28.290607452392578,30.479999542236328,30.56999969482422,29.809999465942383,29.84000015258789,5912000
2025-06-27,28.216358184814453,30.399999618530273,30.559999465942383,30.1299991607666,30.31999969482422,3061800
2025-06-30,28.671159744262695,30.889999389648438,31.510000228881836,29.920000076293945,30.31999969482422,17235200
2025-07-01,29.01458168029785,31.260000228881836,31.440000534057617,30.81999969482422,30.920000076293945,4623600
2025-07-02,29.237342834472656,31.5,31.530000686645508,30.989999771118164,31.1299991607666,5050500
2025-07-03,29.83136749267578,32.13999938964844,32.18000030517578,31.5,31.5,3868400
2025-07-04,30.07269859313965,32.400001525878906,32.52000045776367,32.0099983215332,32.099998474121094,3172200
2025-07-07,29.803525924682617,32.11000061035156,32.77000045776367,32.11000061035156,32.470001220703125,6368700
2025-07-08,29.293031692504883,31.559999465942383,32.22999954223633,31.200000762939453,32.11000061035156,9350500
2025-07-09,29.4044132232666,31.68000030517578,31.790000915527344,31.329999923706055,31.40999984741211,9602800
2025-07-10,29.70142364501953,32.0,32.130001068115234,31.149999618530273,31.5,15276900
2025-07-11,29.79424285888672,32.099998474121094,32.439998626708984,31.959999084472656,32.150001525878906,7258100
2025-07-14,28.875356674194336,31.110000610351562,32.04999923706055,31.110000610351562,31.959999084472656,5434500
2025-07-15,29.033145904541016,31.280000686645508,31.280000686645508,30.889999389648438,31.100000381469727,5544300
2025-07-16,29.098119735717773,31.350000381469727,31.399999618530273,30.950000762939453,31.360000610351562,5549500
2025-07-17,29.042428970336914,31.290000915527344,31.700000762939453,31.18000030517578,31.18000030517578,5497100
2025-07-18,28.726850509643555,30.950000762939453,31.59000015258789,30.84000015258789,31.15999984741211,6079900
2025-07-21,28.773256301879883,31.0,31.190000534057617,30.850000381469727,30.989999771118164,3457900
2025-07-22,28.132823944091797,30.309999465942383,31.110000610351562,30.15999984741211,31.100000381469727,5862200
2025-07-23,28.494808197021484,30.700000762939453,30.860000610351562,30.200000762939453,30.309999465942383,5830000
2025-07-24,28.541215896606445,30.75,30.899999618530273,30.31999969482422,30.469999313354492,5466200
2025-07-25,28.494808197021484,30.700000762939453,30.979999542236328,30.65999984741211,30.75,3654600
2025-07-28,28.4412899017334,30.540000915527344,30.81999969482422,30.3799991607666,30.40999984741211,3832300
2025-07-29,28.45060157775879,30.549999237060547,30.90999984741211,30.270000457763672,30.729999542236328,6494500
2025-07-30,29.00937271118164,31.149999618530273,31.420000076293945,30.549999237060547,30.549999237060547,10585000
2025-07-31,29.31669807434082,31.479999542236328,31.6299991607666,30.84000015258789,30.90999984741211,6520200
2025-08-01,29.40982437133789,31.579999923706055,31.75,31.239999771118164,31.639999389648438,3552000
2025-08-04,29.735769271850586,31.93000030517578,32.130001068115234,31.700000762939453,31.899999618530273,4192300
2025-08-05,29.847522735595703,32.04999923706055,32.439998626708984,31.899999618530273,32.11000061035156,5442300
2025-08-06,30.452857971191406,32.70000076293945,32.939998626708984,32.15999984741211,32.349998474121094,5783800
2025-08-07,30.676359176635742,32.939998626708984,33.060001373291016,32.459999084472656,32.849998474121094,8790300
2025-08-08,30.657732009887695,32.91999816894531,33.040000915527344,32.15999984741211,32.16999816894531,4766100
2025-08-11,30.95574951171875,33.2400016784668,33.84000015258789,32.81999969482422,32.81999969482422,6283400
2025-08-12,30.685678482055664,32.95000076293945,33.650001525878906,32.95000076293945,33.45000076293945,6023600
2025-08-13,30.816051483154297,33.09000015258789,33.150001525878906,32.810001373291016,32.81999969482422,6529300
2025-08-14,30.89055633544922,33.16999816894531,33.7400016784668,32.810001373291016,32.810001373291016,7072100
2025-08-15,31.132692337036133,33.43000030517578,33.5,32.95000076293945,33.2400016784668,4412000
2025-08-18,31.607641220092773,33.939998626708984,34.02000045776367,33.56999969482422,33.630001068115234,3732500
2025-08-19,31.570392608642578,33.900001525878906,34.02000045776367,33.43000030517578,33.7599983215332,4663800
2025-08-20,31.607641220092773,33.939998626708984,34.31999969482422,33.66999816894531,33.779998779296875,3114200
2025-08-21,31.719396591186523,34.060001373291016,34.220001220703125,33.689998626708984,33.689998626708984,4345700
2025-08-22,32.03602981567383,34.400001525878906,34.400001525878906,33.939998626708984,34.16999816894531,4897500
2025-08-25,32.436485290527344,34.83000183105469,35.099998474121094,34.33000183105469,34.369998931884766,2963200
2025-08-26,32.154544830322266,34.45000076293945,34.91999816894531,34.45000076293945,34.72999954223633,8679600
2025-08-27,31.818525314331055,34.09000015258789,34.52000045776367,34.04999923706055,34.40999984741211,3703700
2025-08-28,31.67852210998535,33.939998626708984,34.470001220703125,33.939998626708984,34.25,6361500
2025-08-29,31.613183975219727,33.869998931884766,34.22999954223633,33.689998626708984,34.20000076293945,6576400
2025-09-01,31.51051902770996,33.7599983215332,34.310001373291016,33.529998779296875,34.0,2008900
2025-09-02,31.230501174926758,33.459999084472656,33.79999923706055,33.2400016784668,33.529998779296875,4279600
2025-09-03,31.24917221069336,33.47999954223633,33.689998626708984,33.18000030517578,33.459999084472656,4997800
2025-09-04,31.351842880249023,33.59000015258789,33.68000030517578,33.20000076293945,33.41999816894531,3076800
2025-09-05,31.734527587890625,34.0,34.0,33.52000045776367,33.689998626708984,3379900
2025-09-08,31.351842880249023,33.59000015258789,34.22999954223633,33.38999938964844,34.220001220703125,3290300
2025-09-09,31.20250701904297,33.43000030517578,33.7599983215332,33.119998931884766,33.7599983215332,2648300
2025-09-10,30.997163772583008,33.209999084472656,33.439998626708984,32.95000076293945,33.43000030517578,3806400
2025-09-11,31.239843368530273,33.470001220703125,33.5,33.0099983215332,33.29999923706055,3819200
2025-09-12,31.295839309692383,33.529998779296875,33.599998474121094,33.209999084472656,33.209999084472656,1645200
2025-09-15,31.56652069091797,33.81999969482422,33.81999969482422,33.40999984741211,33.45000076293945,2257700
2025-09-16,31.15583610534668,33.380001068115234,33.939998626708984,33.380001068115234,33.90999984741211,4386500
2025-09-17,31.669189453125,33.93000030517578,34.029998779296875,33.290000915527344,33.43000030517578,3930000
2025-09-18,31.473182678222656,33.720001220703125,34.0,33.689998626708984,33.90999984741211,2496700
2025-09-19,31.305173873901367,33.540000915527344,33.84000015258789,33.38999938964844,33.790000915527344,5491100
2025-09-22,31.267839431762695,33.5,33.7400016784668,33.34000015258789,33.380001068115234,3904200
2025-09-23,31.31918716430664,33.43000030517578,33.72999954223633,33.400001525878906,33.59000015258789,3293100
2025-09-24,31.309814453125,33.41999816894531,33.540000915527344,33.220001220703125,33.40999984741211,5158900
2025-09-25,30.963178634643555,33.04999923706055,33.47999954223633,33.040000915527344,33.41999816894531,3196200
2025-09-26,30.89759635925293,32.97999954223633,33.18000030517578,32.7400016784668,33.060001373291016,3010200
2025-09-29,31.40350341796875,33.52000045776367,33.779998779296875,33.09000015258789,33.16999816894531,2955600
2025-09-30,31.91877555847168,34.06999969482422,34.38999938964844,33.56999969482422,33.79999923706055,4829500
2025-10-01,31.740772247314453,33.880001068115234,34.20000076293945,33.7400016784668,34.099998474121094,2655300
2025-10-02,31.169288635253906,33.27000045776367,34.0,33.27000045776367,33.880001068115234,1829400
2025-10-03,31.206764221191406,33.310001373291016,33.310001373291016,32.7599983215332,33.2400016784668,3003900
2025-10-06,30.94444465637207,33.029998779296875,33.5099983215332,33.02000045776367,33.29999923706055,2763600
2025-10-07,30.251163482666016,32.290000915527344,32.93000030517578,32.04999923706055,32.869998931884766,6311400
2025-10-08,30.35422134399414,32.400001525878906,32.459999084472656,31.68000030517578,31.780000686645508,4382900
2025-10-09,30.298009872436523,32.34000015258789,32.5,32.04999923706055,32.439998626708984,3393400
2025-10-10,30.31674575805664,32.36000061035156,32.529998779296875,31.899999618530273,32.5,4372300
2025-10-13,30.232431411743164,32.27000045776367,32.810001373291016,32.27000045776367,32.5,2645500
2025-10-14,30.251163482666016,32.290000915527344,32.33000183105469,31.950000762939453,32.25,3271600
2025-10-15,30.48538589477539,32.540000915527344,33.0,31.8700008392334,31.8799991607666,4698700
2025-10-16,30.48538589477539,32.540000915527344,32.54999923706055,32.18000030517578,32.41999816894531,3824800
2025-10-17,30.91633415222168,33.0,33.279998779296875,32.29999923706055,32.29999923706055,3849400
2025-10-20,30.81328010559082,32.88999938964844,33.2400016784668,32.84000015258789,33.0099983215332,2837900
2025-10-21,30.963178634643555,33.04999923706055,33.15999984741211,32.66999816894531,32.83000183105469,3021600
2025-10-22,31.038129806518555,33.130001068115234,33.27000045776367,32.869998931884766,33.189998626708984,1509400
2025-10-23,31.440975189208984,33.560001373291016,33.61000061035156,32.97999954223633,33.29999923706055,2201600
2025-10-24,32.227935791015625,34.400001525878906,34.43000030517578,33.56999969482422,33.619998931884766,3571400
2025-10-27,32.41530227661133,34.599998474121094,35.08000183105469,34.529998779296875,34.529998779296875,6212300
2025-10-28,32.442161560058594,34.5099983215332,34.75,34.380001068115234,34.560001373291016,5645300
2025-10-29,32.2165412902832,34.27000045776367,34.66999816894531,34.209999084472656,34.5099983215332,2690600
2025-10-30,32.037933349609375,34.08000183105469,34.36000061035156,33.83000183105469,34.27000045776367,3716300
2025-10-31,30.120166778564453,32.040000915527344,34.43000030517578,32.040000915527344,34.43000030517578,12811500
2025-11-03,30.31757926940918,32.25,32.5,32.040000915527344,32.06999969482422,7852600
2025-11-04,31.041446685791016,33.02000045776367,33.13999938964844,31.780000686645508,32.16999816894531,6332000
2025-11-05,31.82171058654785,33.849998474121094,34.220001220703125,32.90999984741211,33.02000045776367,5196100
2025-11-06,31.558488845825195,33.56999969482422,34.22999954223633,33.56999969482422,33.849998474121094,3118300
2025-11-07,31.614892959594727,33.630001068115234,33.95000076293945,33.4900016784668,33.56999969482422,3377900
2025-11-10,31.38927459716797,33.38999938964844,33.91999816894531,33.33000183105469,33.91999816894531,4045500
2025-11-11,32.59257507324219,34.66999816894531,34.66999816894531,33.41999816894531,33.599998474121094,7159400
2025-11-12,33.072017669677734,35.18000030517578,35.310001373291016,34.599998474121094,34.689998626708984,4503600
2025-11-13,33.090816497802734,35.20000076293945,35.40999984741211,34.40999984741211,35.13999938964844,4660000
2025-11-14,32.71478271484375,34.79999923706055,35.40999984741211,34.79999923706055,35.279998779296875,3230700
2025-11-17,32.17893981933594,34.22999954223633,34.84000015258789,34.22999954223633,34.79999923706055,2847200
2025-11-18,32.752384185791016,34.84000015258789,34.970001220703125,33.81999969482422,33.95000076293945,3604200
2025-11-19,32.3199577331543,34.380001068115234,34.88999938964844,34.2599983215332,34.56999969482422,2360000
2025-11-21,32.41395950317383,34.47999954223633,34.52000045776367,33.959999084472656,34.29999923706055,4196700
2025-11-24,32.63017654418945,34.709999084472656,34.95000076293945,34.31999969482422,34.38999938964844,5871800
2025-11-25,32.80585479736328,34.790000915527344,35.43000030517578,34.349998474121094,34.349998474121094,2085900
2025-11-26,33.10760498046875,35.11000061035156,35.45000076293945,34.84000015258789,34.84000015258789,2945200
2025-11-27,33.2396240234375,35.25,35.56999969482422,35.04999923706055,35.099998474121094,1352100
2025-11-28,33.409358978271484,35.43000030517578,35.56999969482422,35.099998474121094,35.2599983215332,2880400
2025-12-01,32.83414077758789,34.81999969482422,35.470001220703125,34.599998474121094,35.43000030517578,2717700
2025-12-02,33.08875274658203,35.09000015258789,35.119998931884766,34.65999984741211,35.0,2856500
2025-12-03,32.353233337402344,34.310001373291016,35.33000183105469,34.29999923706055,35.29999923706055,3134700
2025-12-04,33.01331329345703,35.0099983215332,35.0099983215332,34.400001525878906,34.4900016784668,2426700
2025-12-05,31.476274490356445,33.380001068115234,35.09000015258789,33.36000061035156,35.0099983215332,5412000
2025-12-08,31.77802276611328,33.70000076293945,33.86000061035156,33.400001525878906,33.54999923706055,3351100
2025-12-09,31.476274490356445,33.380001068115234,33.68000030517578,32.869998931884766,33.40999984741211,2958700
2025-12-10,32.126922607421875,34.06999969482422,34.22999954223633,33.33000183105469,33.650001525878906,2828500
2025-12-11,31.38197135925293,33.279998779296875,34.470001220703125,33.27000045776367,34.08000183105469,3154900
2025-12-12,31.542282104492188,33.45000076293945,33.7400016784668,33.04999923706055,33.279998779296875,3396300
2025-12-15,31.957178115844727,33.88999938964844,34.09000015258789,33.31999969482422,33.470001220703125,2273200
2025-12-16,31.15566635131836,33.040000915527344,33.619998931884766,32.65999984741211,33.560001373291016,4258100
2025-12-17,30.995359420776367,32.869998931884766,32.880001068115234,32.119998931884766,32.20000076293945,4122000
2025-12-18,31.033077239990234,32.90999984741211,33.18000030517578,32.63999938964844,32.79999923706055,4355200
2025-12-19,30.948205947875977,32.81999969482422,33.25,32.63999938964844,32.900001525878906,4251900
2025-12-22,30.608741760253906,32.459999084472656,32.849998474121094,32.130001068115234,32.849998474121094,4055800
2025-12-23,30.721900939941406,32.58000183105469,32.83000183105469,32.369998931884766,32.630001068115234,1754900
2025-12-26,31.136804580688477,33.02000045776367,33.06999969482422,32.38999938964844,32.40999984741211,1928700
2025-12-29,31.15566635131836,33.040000915527344,33.220001220703125,32.7400016784668,32.970001220703125,3318600
2025-12-30,31.316049575805664,33.099998474121094,33.29999923706055,32.959999084472656,33.09000015258789,6069800
2026-01-02,30.975454330444336,32.7400016784668,33.380001068115234,32.630001068115234,33.11000061035156,3586000
2026-01-05,31.306591033935547,33.09000015258789,33.36000061035156,32.68000030517578,32.7400016784668,3527800
2026-01-06,31.306591033935547,33.09000015258789,33.369998931884766,32.72999954223633,33.369998931884766,3893000
2026-01-07,30.994375228881836,32.7599983215332,33.29999923706055,32.7599983215332,32.95000076293945,3147400
2026-01-08,31.38227653503418,33.16999816894531,33.22999954223633,32.56999969482422,32.86000061035156,3782500
2026-01-09,31.599882125854492,33.400001525878906,33.70000076293945,33.13999938964844,33.150001525878906,3103200
2026-01-12,31.64719009399414,33.45000076293945,33.59000015258789,33.0099983215332,33.380001068115234,2821800
2026-01-13,30.625391006469727,32.369998931884766,33.380001068115234,32.349998474121094,33.33000183105469,6444700
2026-01-14,31.278207778930664,33.060001373291016,33.060001373291016,32.43000030517578,32.61000061035156,6855800
2026-01-15,30.94706916809082,32.709999084472656,33.25,32.2599983215332,33.150001525878906,5019400
2026-01-16,30.720006942749023,32.470001220703125,32.9900016784668,32.209999084472656,32.83000183105469,6133700
2026-01-19,30.984914779663086,32.75,32.81999969482422,32.38999938964844,32.4900016784668,1494100
2026-01-20,32.21485137939453,34.04999923706055,34.099998474121094,32.47999954223633,32.75,5511900
2026-01-21,32.68790054321289,34.54999923706055,34.650001525878906,33.91999816894531,34.33000183105469,6241700
2026-01-22,34.16382598876953,36.11000061035156,36.369998931884766,34.5,34.77000045776367,8597800
2026-01-23,35.015316009521484,37.0099983215332,37.31999969482422,36.04999923706055,36.22999954223633,6049700
2026-01-26,35.005859375,37.0,37.220001220703125,36.58000183105469,37.099998474121094,5455200
2026-01-27,35.24238204956055,37.25,37.79999923706055,37.0,37.439998626708984,5519700
2026-01-28,35.81950378417969,37.86000061035156,37.93000030517578,37.220001220703125,37.380001068115234,5252300
2026-01-29,35.469451904296875,37.4900016784668,38.09000015258789,37.130001068115234,37.86000061035156,5110500
2026-01-30,35.36537551879883,37.380001068115234,37.880001068115234,37.22999954223633,37.529998779296875,6983600
2026-02-02,35.44106674194336,37.459999084472656,38.04999923706055,37.2400016784668,37.33000183105469,5136600
2026-02-03,36.453392028808594,38.529998779296875,38.54999923706055,37.41999816894531,37.95000076293945,4939000
2026-02-04,36.074954986572266,38.130001068115234,38.41999816894531,37.75,38.369998931884766,5965200
2026-02-05,36.71830368041992,38.810001373291016,39.130001068115234,38.0099983215332,38.150001525878906,4868800
2026-02-06,36.80345916748047,38.900001525878906,39.09000015258789,38.38999938964844,39.0,5672800
2026-02-09,37.57926559448242,39.720001220703125,39.83000183105469,38.61000061035156,38.97999954223633,4048900
2026-02-10,38.317222595214844,40.5,40.88999938964844,39.650001525878906,39.79999923706055,4900500
2026-02-11,38.61051940917969,40.810001373291016,42.86000061035156,40.75,40.95000076293945,16791500
2026-02-12,39.291709899902344,41.529998779296875,42.040000915527344,40.5099983215332,40.689998626708984,5966800
2026-02-13,38.78081130981445,40.9900016784668,41.650001525878906,40.689998626708984,40.849998474121094,3992900
2026-02-18,38.39291763305664,40.58000183105469,41.349998474121094,40.40999984741211,40.9900016784668,3520400
2026-02-19,38.68620300292969,40.88999938964844,41.40999984741211,40.619998931884766,40.72999954223633,2978800
2026-02-20,38.50644302368164,40.70000076293945,40.97999954223633,39.95000076293945,40.52000045776367,5004500
2026-02-23,39.76476287841797,42.029998779296875,42.150001525878906,40.689998626708984,40.93000030517578,5962700
2026-02-24,40.325927734375,42.52000045776367,42.79999923706055,41.65999984741211,42.22999954223633,4669600
2026-02-25,39.89915084838867,42.06999969482422,42.720001220703125,42.06999969482422,42.560001373291016,2834000
2026-02-26,40.610450744628906,42.81999969482422,42.88999938964844,42.06999969482422,42.43000030517578,4042500
2026-02-27,40.95187759399414,43.18000030517578,43.470001220703125,42.209999084472656,42.38999938964844,10682400
2026-03-02,40.079349517822266,42.2599983215332,43.119998931884766,41.91999816894531,42.27000045776367,8387700
2026-03-03,39.424949645996094,41.56999969482422,41.81999969482422,40.59000015258789,40.63999938964844,6162600
2026-03-04,40.41128921508789,42.61000061035156,43.0099983215332,41.58000183105469,41.93000030517578,3873500
2026-03-05,39.595664978027344,41.75,42.79999923706055,41.470001220703125,42.220001220703125,5386700
2026-03-06,39.330116271972656,41.470001220703125,41.90999984741211,41.11000061035156,41.20000076293945,3042400
2026-03-09,39.34908676147461,41.4900016784668,41.81999969482422,40.70000076293945,41.29999923706055,5224700
2026-03-10,39.918121337890625,42.09000015258789,42.43000030517578,41.529998779296875,42.0,5817600
2026-03-11,39.168880462646484,41.29999923706055,41.779998779296875,39.22999954223633,40.0,7778000
2026-03-12,38.391204833984375,40.47999954223633,40.88999938964844,40.0099983215332,40.880001068115234,6127700
2026-03-13,38.542945861816406,40.63999938964844,41.380001068115234,40.630001068115234,41.0,4867600
2026-03-16,38.495521545410156,40.59000015258789,41.279998779296875,40.59000015258789,41.11000061035156,3329300
2026-03-17,38.874881744384766,40.9900016784668,41.209999084472656,40.59000015258789,40.849998474121094,5727400
2026-03-18,38.53346252441406,40.630001068115234,41.08000183105469,40.560001373291016,40.720001220703125,4120300
2026-03-19,38.723140716552734,40.83000183105469,41.27000045776367,39.810001373291016,39.810001373291016,5400300
2026-03-20,38.19203567504883,40.27000045776367,40.75,40.08000183105469,40.75,9300900
2026-03-23,38.3817138671875,40.470001220703125,41.099998474121094,40.470001220703125,40.810001373291016,5873900
2026-03-24,38.931785583496094,41.04999923706055,41.22999954223633,39.869998931884766,40.47999954223633,5200000
2026-03-25,39.1878547668457,41.31999969482422,41.7599983215332,41.0099983215332,41.349998474121094,4492500
2026-03-26,38.14548873901367,40.15999984741211,41.040000915527344,40.15999984741211,40.95000076293945,3634500
2026-03-27,38.00300598144531,40.0099983215332,40.459999084472656,39.779998779296875,40.15999984741211,5654300
2026-03-30,37.974517822265625,39.97999954223633,40.380001068115234,39.81999969482422,40.29999923706055,2252500
2026-03-31,39.16181182861328,41.22999954223633,41.290000915527344,40.20000076293945,40.63999938964844,5197600
2026-04-01,39.56074523925781,41.650001525878906,41.81999969482422,40.779998779296875,41.130001068115234,4795200
2026-04-02,39.23780822753906,41.310001373291016,41.7400016784668,40.81999969482422,40.9900016784668,1908200
2026-04-06,38.66790008544922,40.709999084472656,41.5,40.68000030517578,41.36000061035156,1692600
2026-04-07,38.924354553222656,40.97999954223633,41.099998474121094,40.2599983215332,40.599998474121094,3029300
2026-04-08,40.130653381347656,42.25,42.70000076293945,41.869998931884766,42.25,4810300
2026-04-09,40.605567932128906,42.75,43.099998474121094,41.95000076293945,42.400001525878906,5061300
2026-04-10,40.78603744506836,42.939998626708984,43.209999084472656,42.54999923706055,42.900001525878906,3999100
2026-04-13,39.75071334838867,41.849998474121094,43.119998931884766,41.52000045776367,42.939998626708984,6978900
2026-04-14,39.351783752441406,41.43000030517578,42.41999816894531,41.290000915527344,42.25,5833800
2026-04-15,39.6937255859375,41.790000915527344,41.93000030517578,41.349998474121094,41.36000061035156,3914400
2026-04-16,38.8958625793457,40.95000076293945,41.83000183105469,40.709999084472656,41.83000183105469,3691000
2026-04-17,38.648902893066406,40.689998626708984,41.84000015258789,40.63999938964844,41.83000183105469,5692300
2026-04-20,38.952850341796875,41.0099983215332,41.189998626708984,40.5,40.869998931884766,2769800
2026-04-22,37.47110366821289,39.45000076293945,40.95000076293945,39.34000015258789,40.619998931884766,6683600
2026-04-23,37.9365234375,39.939998626708984,40.04999923706055,39.38999938964844,39.56999969482422,3212600
2026-04-24,38.164485931396484,40.18000030517578,40.29999923706055,39.77000045776367,39.810001373291016,2984000
2026-04-27,37.71806335449219,39.709999084472656,40.38999938964844,39.709999084472656,40.16999816894531,4350600
2026-04-28,37.07432556152344,38.91999816894531,39.209999084472656,38.34000015258789,38.849998474121094,5911500
2026-04-29,36.24558639526367,38.04999923706055,38.91999816894531,38.0,38.5,3858200
2026-04-30,37.38867950439453,39.25,39.470001220703125,38.220001220703125,38.310001373291016,4700300
2026-05-04,37.19816589355469,39.04999923706055,39.75,38.939998626708984,39.470001220703125,5237600
2026-05-05,37.845916748046875,39.72999954223633,40.439998626708984,38.97999954223633,38.97999954223633,4510100
2026-05-06,37.33152389526367,39.189998626708984,40.38999938964844,38.81999969482422,40.0,3188600
2026-05-07,36.30274200439453,38.11000061035156,39.16999816894531,38.09000015258789,38.939998626708984,4567600
2026-05-08,36.5408821105957,38.36000061035156,39.119998931884766,38.209999084472656,38.63999938964844,3845200
2026-05-11,34.311851501464844,36.02000045776367,38.5,35.4900016784668,38.5,13283000
2026-05-12,34.60715866088867,36.33000183105469,36.72999954223633,35.79999923706055,35.79999923706055,5608000
2026-05-13,33.8831901550293,35.56999969482422,36.380001068115234,35.52000045776367,36.310001373291016,4419100
2026-05-14,33.902244567871094,35.59000015258789,35.97999954223633,35.43000030517578,35.720001220703125,5075800
2026-05-15,33.835567474365234,35.52000045776367,36.02000045776367,35.0099983215332,35.220001220703125,4269600
2026-05-18,33.61647415161133,35.290000915527344,35.61000061035156,34.959999084472656,35.349998474121094,6113200
2026-05-19,32.94966506958008,34.59000015258789,35.290000915527344,34.5099983215332,35.0,4236600
2026-05-20,33.721256256103516,35.400001525878906,35.63999938964844,34.790000915527344,34.88999938964844,4441600
2026-05-21,33.61647415161133,35.290000915527344,35.560001373291016,34.470001220703125,35.11000061035156,2480500
2026-05-22,33.15923309326172,34.810001373291016,35.209999084472656,34.41999816894531,35.04999923706055,5578200
2026-05-25,33.141170501708984,33.540000915527344,34.08000183105469,33.369998931884766,34.08000183105469,1806200
2026-05-26,33.44748306274414,33.849998474121094,33.90999984741211,33.2599983215332,33.349998474121094,3934200
2026-05-27,33.52653121948242,33.93000030517578,34.470001220703125,33.779998779296875,34.119998931884766,2803500
2026-05-28,33.38520050048828,33.599998474121094,34.060001373291016,33.560001373291016,33.720001220703125,3148600
2026-05-29,33.603790283203125,33.81999969482422,33.81999969482422,33.040000915527344,33.790000915527344,14446000
2026-06-01,33.037437438964844,33.25,33.849998474121094,33.150001525878906,33.79999923706055,6489200
2026-06-02,33.583919525146484,33.79999923706055,34.040000915527344,33.279998779296875,33.38999938964844,4804400
2026-06-03,33.53424072265625,33.75,33.97999954223633,33.25,33.2599983215332,7626900
2026-06-05,32.73935317993164,32.95000076293945,33.86000061035156,32.84000015258789,33.279998779296875,5630000
2026-06-08,33.11692810058594,33.33000183105469,33.40999984741211,32.72999954223633,32.79999923706055,5090200
2026-06-09,32.73935317993164,32.95000076293945,33.779998779296875,32.90999984741211,33.599998474121094,6463000
2026-06-10,33.04737091064453,33.2599983215332,33.369998931884766,32.790000915527344,33.029998779296875,7771900
2026-06-11,33.64353942871094,33.86000061035156,33.86000061035156,33.099998474121094,33.119998931884766,3650200
2026-06-12,33.31564712524414,33.529998779296875,34.09000015258789,33.41999816894531,33.68000030517578,2491600
2026-06-15,32.928138732910156,33.13999938964844,34.220001220703125,33.13999938964844,34.0099983215332,2160300
2026-06-16,33.36532974243164,33.58000183105469,33.58000183105469,32.939998626708984,33.02000045776367,3439700
2026-06-17,32.64992904663086,32.86000061035156,33.720001220703125,32.86000061035156,33.5,3823700
2026-06-18,32.4710807800293,32.68000030517578,33.2400016784668,32.68000030517578,32.86000061035156,2836400
2026-06-19,32.25248718261719,32.459999084472656,32.68000030517578,32.20000076293945,32.68000030517578,5417500
2026-06-22,33.325584411621094,33.540000915527344,33.61000061035156,32.45000076293945,32.45000076293945,4307300
2026-06-23,34.06085205078125,34.279998779296875,34.459999084472656,33.31999969482422,33.33000183105469,5498100
2026-06-24,34.031044006347656,34.25,34.779998779296875,34.060001373291016,34.150001525878906,6726500
2026-06-25,34.3489990234375,34.56999969482422,34.79999923706055,34.33000183105469,34.349998474121094,5195000
2026-06-26,34.56759262084961,34.790000915527344,35.040000915527344,34.5099983215332,34.58000183105469,5506200
2026-06-29,34.250946044921875,34.400001525878906,34.880001068115234,34.20000076293945,34.709999084472656,5352900
2026-06-30,33.802894592285156,33.95000076293945,34.369998931884766,33.68000030517578,34.150001525878906,5750800
2026-07-01,33.633628845214844,33.779998779296875,34.33000183105469,33.470001220703125,33.95000076293945,7506100
2026-07-02,34.46003341674805,34.61000061035156,34.619998931884766,34.0,34.099998474121094,6676800
2026-07-03,34.59942626953125,34.75,35.400001525878906,34.540000915527344,34.650001525878906,4523700
2026-07-06,34.35050964355469,34.5,34.77000045776367,34.099998474121094,34.459999084472656,3715600
2026-07-07,34.16133499145508,34.310001373291016,34.95000076293945,34.209999084472656,34.529998779296875,3963300
2026-07-08,34.16133499145508,34.310001373291016,34.790000915527344,34.11000061035156,34.189998626708984,2776700
2026-07-09,34.35050964355469,34.5,34.709999084472656,34.189998626708984,34.310001373291016,2717100
2026-07-10,35.5950927734375,35.75,35.95000076293945,35.060001373291016,35.290000915527344,4325400
2026-07-13,34.57951354980469,34.72999954223633,35.900001525878906,34.70000076293945,35.84000015258789,3657900
2026-07-14,35.366092681884766,35.52000045776367,35.689998626708984,34.709999084472656,34.86000061035156,4816500
2026-07-15,35.31631088256836,35.470001220703125,35.650001525878906,35.06999969482422,35.439998626708984,3649400
2026-07-16,35.31631088256836,35.470001220703125,35.709999084472656,35.220001220703125,35.47999954223633,4995800
2026-07-17,35.366092681884766,35.52000045776367,35.959999084472656,35.36000061035156,35.36000061035156,4080000
2026-07-20,35.515438079833984,35.66999816894531,35.939998626708984,35.31999969482422,35.5099983215332,2240600
2026-07-21,35.64487838745117,35.79999923706055,35.81999969482422,35.36000061035156,35.81999969482422,2613000
2026-07-22,35.22669982910156,35.380001068115234,36.04999923706055,35.15999984741211,35.849998474121094,7493000
2026-07-23,34.549644470214844,34.70000076293945,35.34000015258789,34.4900016784668,35.34000015258789,7315000
2026-07-24,35.31631088256836,35.470001220703125,35.61000061035156,34.439998626708984,34.54999923706055,3737200
2026-07-27,35.95353698730469,36.11000061035156,36.20000076293945,35.58000183105469,35.79999923706055,2549200
2026-07-28,33.83000183105469,33.83000183105469,36.5,33.33000183105469,36.5,13425700
2026-07-29,32.459999084472656,32.459999084472656,33.93000030517578,32.31999969482422,33.900001525878906,5516800
